Timestamp,Presence,Movement,MovingRange,BreathingRate,HeartRate
2026-01-16 00:03:47.020800,1,2,3,17,94
2026-01-16 00:03:49.891584,1,2,5,16,91
2026-01-16 00:03:53.692294,1,2,9,15,88
2026-01-16 00:03:57.063612,1,2,7,15,86
2026-01-16 00:03:59.774566,1,2,7,14,86
2026-01-16 00:04:02.794432,1,2,3,14,86
2026-01-16 00:04:05.554276,1,1,2,14,86
2026-01-16 00:04:08.400482,1,2,1,14,86
2026-01-16 00:04:12.319976,1,2,49,14,86
2026-01-16 00:04:15.592385,1,2,7,14,86
2026-01-16 00:04:18.333900,1,2,3,14,86
2026-01-16 00:04:21.326016,1,2,2,14,86
2026-01-16 00:04:24.295247,1,1,3,14,89
2026-01-16 00:04:27.031314,1,2,3,14,90
2026-01-16 00:04:30.847684,1,2,6,14,90
2026-01-16 00:04:34.642276,1,2,6,14,90
2026-01-16 00:04:38.628966,1,2,1,15,90
2026-01-16 00:04:42.407285,1,2,1,14,90
2026-01-16 00:04:45.257105,1,1,4,14,88
2026-01-16 00:04:48.254995,1,2,4,14,84
2026-01-16 00:04:51.028082,1,1,6,14,81
2026-01-16 00:04:54.809328,1,2,1,14,78
2026-01-16 00:04:57.697619,1,2,3,14,76
2026-01-16 00:05:00.502874,1,1,3,14,76
2026-01-16 00:05:04.442822,1,2,1,14,76
2026-01-16 00:05:07.303302,1,1,3,14,76
2026-01-16 00:05:10.783608,1,1,3,14,76
2026-01-16 00:05:14.475661,1,2,20,14,79
2026-01-16 00:05:18.263806,1,2,5,14,79
2026-01-16 00:05:21.542804,1,2,6,14,79
2026-01-16 00:05:25.426688,1,1,4,14,79
2026-01-16 00:05:29.192697,1,1,5,14,79
2026-01-16 00:05:32.192978,1,1,1,14,79
2026-01-16 00:05:35.007755,1,2,1,14,79
2026-01-16 00:05:37.903849,1,1,2,14,79
2026-01-16 00:05:41.709420,1,2,1,14,79
2026-01-16 00:05:45.092958,1,1,1,14,79
2026-01-16 00:05:48.923227,1,1,4,14,79
2026-01-16 00:05:52.665036,1,1,4,15,79
2026-01-16 00:05:57.581496,1,1,1,15,79
2026-01-16 00:06:01.881243,1,2,2,16,79
2026-01-16 00:06:05.772991,1,2,3,16,82
2026-01-16 00:06:09.051386,1,1,1,17,85
2026-01-16 00:06:13.305605,1,1,3,16,85
2026-01-16 00:06:16.728933,1,1,2,15,83
2026-01-16 00:06:21.661273,1,1,2,15,72
2026-01-16 00:06:25.023624,1,1,3,15,69
2026-01-16 00:06:27.893132,1,1,2,15,66
2026-01-16 00:06:31.168430,1,2,1,15,67
2026-01-16 00:06:33.729033,1,1,1,15,66
2026-01-16 00:06:38.028029,1,1,2,15,66
2026-01-16 00:06:41.303601,1,1,1,15,66
2026-01-16 00:06:44.647734,1,2,1,15,66
2026-01-16 00:06:47.550232,1,2,2,15,66
2026-01-16 00:06:51.443134,1,1,2,15,66
2026-01-16 00:06:54.308821,1,1,2,15,66
2026-01-16 00:06:57.074615,1,1,1,15,64
2026-01-16 00:06:59.947273,1,1,3,15,62
2026-01-16 00:07:02.911562,1,1,2,15,62
2026-01-16 00:07:05.615318,1,2,2,15,62
2026-01-16 00:07:08.543311,1,2,1,15,62
2026-01-16 00:07:12.343393,1,1,1,15,63
2026-01-16 00:07:15.593423,1,2,9,15,66
2026-01-16 00:07:18.476356,1,2,2,15,69
2026-01-16 00:07:21.343689,1,2,3,14,72
2026-01-16 00:07:24.280672,1,2,1,14,74
2026-01-16 00:07:27.078675,1,2,1,14,71
2026-01-16 00:07:31.378833,1,2,2,14,71
2026-01-16 00:07:34.793572,1,2,1,14,71
2026-01-16 00:07:38.751386,1,1,3,14,77
2026-01-16 00:07:42.421446,1,1,1,14,80
2026-01-16 00:07:45.510541,1,1,2,14,82
2026-01-16 00:07:48.274432,1,2,1,14,82
2026-01-16 00:07:51.052070,1,1,2,14,82
2026-01-16 00:07:54.930658,1,1,1,14,82
2026-01-16 00:07:57.798194,1,1,1,14,81
2026-01-16 00:08:00.664978,1,2,1,14,77
2026-01-16 00:08:04.453973,1,2,1,14,74
2026-01-16 00:08:07.423937,1,2,1,14,71
2026-01-16 00:08:10.803093,1,1,1,14,70
2026-01-16 00:08:14.182285,1,2,1,14,70
2026-01-16 00:08:17.601934,1,1,1,14,70
2026-01-16 00:08:21.452239,1,1,2,14,70
2026-01-16 00:08:24.831974,1,2,2,14,70
2026-01-16 00:08:28.520985,1,2,3,14,70
2026-01-16 00:08:32.921591,1,2,4,14,70
2026-01-16 00:08:36.240375,1,2,1,14,70
2026-01-16 00:08:40.094652,1,1,3,14,69
2026-01-16 00:08:42.956193,1,2,1,14,69
2026-01-16 00:08:45.721694,1,2,2,14,69
2026-01-16 00:08:49.612184,1,2,1,14,69
2026-01-16 00:08:52.582540,1,2,1,14,69
2026-01-16 00:08:55.861870,1,1,3,14,69
2026-01-16 00:09:00.364973,1,1,4,14,69
2026-01-16 00:09:03.644358,1,1,4,14,69
2026-01-16 00:09:06.508361,1,1,1,14,69
2026-01-16 00:09:09.478821,1,2,1,14,69
2026-01-16 00:09:12.252710,1,2,4,14,69
2026-01-16 00:09:16.544518,1,1,3,14,69
2026-01-16 00:09:20.947436,1,1,1,14,69
2026-01-16 00:09:24.224370,1,2,3,14,69
2026-01-16 00:09:27.984407,1,2,3,14,69
2026-01-16 00:09:31.904552,1,2,2,14,66
2026-01-16 00:09:35.694699,1,2,4,14,64
2026-01-16 00:09:39.481052,1,1,4,14,67
2026-01-16 00:09:43.475229,1,1,1,14,70
2026-01-16 00:09:46.854887,1,1,2,14,76
2026-01-16 00:09:49.619896,1,1,1,14,76
2026-01-16 00:09:52.594002,1,1,3,14,79
2026-01-16 00:09:55.866272,1,1,1,14,82
2026-01-16 00:09:59.756248,1,2,1,14,86
2026-01-16 00:10:02.521443,1,1,2,14,80
2026-01-16 00:10:05.444216,1,2,2,14,76
2026-01-16 00:10:08.273005,1,1,2,14,72
2026-01-16 00:10:11.121336,1,1,1,14,69
2026-01-16 00:10:15.012425,1,2,3,14,66
2026-01-16 00:10:18.294180,1,1,1,14,63
2026-01-16 00:10:21.156382,1,1,1,14,63
2026-01-16 00:10:24.024565,1,2,20,14,63
2026-01-16 00:10:26.994861,1,2,19,14,63
2026-01-16 00:10:29.612084,1,2,6,14,63
2026-01-16 00:10:33.547711,1,1,2,14,63
2026-01-16 00:10:37.030345,1,1,2,14,63
2026-01-16 00:10:39.694047,1,2,2,14,63
2026-01-16 00:10:42.502229,1,2,2,14,63
2026-01-16 00:10:45.426076,1,2,2,14,63
2026-01-16 00:10:48.396074,1,2,5,14,63
2026-01-16 00:10:52.082828,1,1,2,14,63
2026-01-16 00:10:55.462328,1,1,2,14,63
2026-01-16 00:10:58.843559,1,1,2,14,63
2026-01-16 00:11:01.706602,1,1,1,14,63
2026-01-16 00:11:04.575404,1,2,1,14,63
2026-01-16 00:11:07.954293,1,2,31,14,63
2026-01-16 00:11:11.745309,1,2,33,14,63
2026-01-16 00:11:14.610909,1,2,3,14,63
2026-01-16 00:11:18.608053,1,2,2,15,63
2026-01-16 00:11:21.475306,1,2,3,15,63
2026-01-16 00:11:24.243203,1,2,5,15,63
2026-01-16 00:11:28.127618,1,1,1,16,63
2026-01-16 00:11:31.913614,1,1,1,16,63
2026-01-16 00:11:35.706820,1,1,1,16,67
2026-01-16 00:11:38.674628,1,1,1,17,66
2026-01-16 00:11:41.976479,1,1,1,17,63
2026-01-16 00:11:44.921103,1,1,2,18,63
2026-01-16 00:11:47.683255,1,1,9,18,63
2026-01-16 00:11:51.576699,1,1,1,18,63
2026-01-16 00:11:54.853832,1,1,1,18,63
2026-01-16 00:11:57.720121,1,1,1,18,63
2026-01-16 00:12:00.592780,1,2,16,18,63
2026-01-16 00:12:03.465385,1,2,9,18,63
2026-01-16 00:12:06.425009,1,2,8,18,63
2026-01-16 00:12:10.622175,1,2,7,16,63
2026-01-16 00:12:14.006363,1,1,1,16,63
2026-01-16 00:12:17.283468,1,2,5,15,63
2026-01-16 00:12:20.293709,1,2,5,15,63
2026-01-16 00:12:24.042999,1,1,1,15,63
2026-01-16 00:12:26.905009,1,1,2,15,63
2026-01-16 00:12:29.772074,1,1,1,15,63
2026-01-16 00:12:33.559895,1,2,1,15,63
2026-01-16 00:12:36.843018,1,1,2,15,63
2026-01-16 00:12:41.142852,1,1,1,15,68
2026-01-16 00:12:45.029702,1,2,10,15,71
2026-01-16 00:12:48.308548,1,2,10,15,72
2026-01-16 00:12:52.095017,1,2,5,15,72
2026-01-16 00:12:56.110284,1,2,5,15,72
2026-01-16 00:13:00.493895,1,1,1,15,72
2026-01-16 00:13:03.666264,1,2,13,15,72
2026-01-16 00:13:06.642970,1,2,1,15,72
2026-01-16 00:13:09.503074,1,1,3,15,72
2026-01-16 00:13:12.384337,1,1,3,15,72
2026-01-16 00:13:16.163569,1,1,2,13,75
2026-01-16 00:13:19.134521,1,1,1,13,78
2026-01-16 00:13:23.540021,1,1,1,13,84
2026-01-16 00:13:26.305587,1,1,3,13,85
2026-01-16 00:13:29.172808,1,1,1,13,85
2026-01-16 00:13:33.065162,1,2,4,13,85
2026-01-16 00:13:36.343507,1,2,4,13,81
2026-01-16 00:13:39.825829,1,1,1,13,77
2026-01-16 00:13:43.106934,1,1,1,13,74
2026-01-16 00:13:45.869159,1,2,3,13,71
2026-01-16 00:13:49.794181,1,1,3,13,70
2026-01-16 00:13:52.627035,1,2,1,12,70
2026-01-16 00:13:56.015722,1,1,2,12,70
2026-01-16 00:14:00.409759,1,2,1,12,69
2026-01-16 00:14:03.788116,1,2,1,13,69
2026-01-16 00:14:06.655532,1,2,1,12,69
2026-01-16 00:14:09.739108,1,1,1,12,69
2026-01-16 00:14:12.397127,1,1,1,12,69
2026-01-16 00:14:16.179271,1,2,2,13,69
2026-01-16 00:14:19.967857,1,2,2,13,69
2026-01-16 00:14:23.757883,1,2,2,13,69
2026-01-16 00:14:27.648923,1,1,3,13,69
2026-01-16 00:14:30.950072,1,1,3,13,69
2026-01-16 00:14:34.695297,1,1,3,13,67
2026-01-16 00:14:39.117797,1,1,2,13,66
2026-01-16 00:14:43.111959,1,1,1,13,65
2026-01-16 00:14:45.929254,1,2,1,13,65
2026-01-16 00:14:51.209862,1,2,2,13,65
2026-01-16 00:14:54.170309,1,1,3,14,68
2026-01-16 00:14:57.046366,1,2,1,14,70
2026-01-16 00:14:59.907803,1,2,1,14,68
2026-01-16 00:15:03.212474,1,2,1,14,65
2026-01-16 00:15:06.156454,1,1,1,14,64
2026-01-16 00:15:09.034082,1,2,2,14,64
2026-01-16 00:15:11.990907,1,1,3,14,64
2026-01-16 00:15:15.684033,1,2,3,15,64
2026-01-16 00:15:19.058373,1,2,3,15,64
2026-01-16 00:15:22.852413,1,2,2,15,64
2026-01-16 00:15:25.915162,1,2,2,15,63
2026-01-16 00:15:29.562011,1,2,7,15,62
2026-01-16 00:15:32.364783,1,2,9,14,62
2026-01-16 00:15:35.334192,1,2,15,14,62
2026-01-16 00:15:39.125526,1,2,7,14,62
2026-01-16 00:15:41.989971,1,2,3,16,64
2026-01-16 00:15:44.755867,1,2,4,15,64
2026-01-16 00:15:48.649405,1,2,2,14,64
2026-01-16 00:15:51.632636,1,1,2,15,64
2026-01-16 00:15:54.371214,1,2,1,15,64
2026-01-16 00:15:58.797633,1,2,5,17,64
2026-01-16 00:16:03.084855,1,2,3,17,69
2026-01-16 00:16:06.413289,1,2,3,18,72
2026-01-16 00:16:10.253044,1,1,4,18,73
2026-01-16 00:16:14.025471,1,1,1,18,73
2026-01-16 00:16:17.783098,1,2,1,18,71
2026-01-16 00:16:21.734484,1,2,1,18,71
2026-01-16 00:16:25.716173,1,1,1,18,71
2026-01-16 00:16:29.617589,1,1,6,18,71
2026-01-16 00:16:32.370644,1,1,2,18,69
2026-01-16 00:16:35.337923,1,1,1,18,69
2026-01-16 00:16:39.129813,1,1,1,17,69
2026-01-16 00:16:42.513045,1,2,3,18,69
2026-01-16 00:16:45.270983,1,2,2,17,67
2026-01-16 00:16:48.153329,1,1,2,16,66
2026-01-16 00:16:51.015723,1,1,3,16,66
2026-01-16 00:16:53.810507,1,2,2,16,65
2026-01-16 00:16:57.664707,1,1,2,15,64
2026-01-16 00:17:01.066601,1,1,2,15,64
2026-01-16 00:17:03.926661,1,2,2,15,67
2026-01-16 00:17:06.792640,1,2,4,16,67
2026-01-16 00:17:09.648488,1,2,2,16,67
2026-01-16 00:17:12.410391,1,1,3,16,67
2026-01-16 00:17:16.814993,1,2,1,16,64
2026-01-16 00:17:20.105592,1,2,1,16,62
2026-01-16 00:17:24.520678,1,2,1,16,62
2026-01-16 00:17:27.869232,1,1,3,15,62
2026-01-16 00:17:30.736457,1,2,1,15,62
2026-01-16 00:17:33.711709,1,1,2,15,62
2026-01-16 00:17:36.471464,1,1,1,15,62
2026-01-16 00:17:40.260091,1,1,1,16,62
2026-01-16 00:17:43.217262,1,1,3,17,62
2026-01-16 00:17:45.994673,1,1,3,17,62
2026-01-16 00:17:49.888868,1,1,2,17,62
2026-01-16 00:17:52.751965,1,2,1,17,62
2026-01-16 00:17:56.255793,1,1,1,16,62
2026-01-16 00:17:59.924813,1,1,2,16,63
2026-01-16 00:18:02.703794,1,1,1,16,65
2026-01-16 00:18:05.655291,1,1,3,17,65
2026-01-16 00:18:08.624236,1,1,1,18,65
2026-01-16 00:18:11.390017,1,1,1,19,65
2026-01-16 00:18:15.177905,1,1,1,18,65
2026-01-16 00:18:18.464765,1,1,2,17,65
2026-01-16 00:18:21.327862,1,1,1,16,65
2026-01-16 00:18:24.189937,1,2,1,15,65
2026-01-16 00:18:27.164406,1,1,1,15,64
2026-01-16 00:18:29.939215,1,1,1,14,64
2026-01-16 00:18:33.714265,1,2,1,14,64
2026-01-16 00:18:37.077851,1,1,1,14,64
2026-01-16 00:18:39.872787,1,1,2,14,67
2026-01-16 00:18:42.725780,1,2,3,14,67
2026-01-16 00:18:45.819633,1,2,6,14,64
2026-01-16 00:18:48.457824,1,1,1,14,64
2026-01-16 00:18:52.349996,1,2,1,14,64
2026-01-16 00:18:56.149949,1,1,2,14,64
2026-01-16 00:18:59.521148,1,1,1,14,64
2026-01-16 00:19:02.915672,1,1,1,14,67
2026-01-16 00:19:06.794218,1,1,1,15,70
2026-01-16 00:19:10.167579,1,2,1,16,72
2026-01-16 00:19:12.992189,1,1,1,16,72
2026-01-16 00:19:16.311395,1,2,1,16,72
2026-01-16 00:19:19.713161,1,1,4,16,72
2026-01-16 00:19:22.570866,1,2,2,17,71
2026-01-16 00:19:25.336601,1,1,2,17,68
2026-01-16 00:19:28.205562,1,1,2,17,65
2026-01-16 00:19:31.015890,1,1,1,17,63
2026-01-16 00:19:34.948470,1,1,1,17,63
2026-01-16 00:19:37.815297,1,1,2,17,66
2026-01-16 00:19:41.710695,1,1,1,17,72
2026-01-16 00:19:44.471712,1,2,2,17,71
2026-01-16 00:19:47.453614,1,2,1,18,68
2026-01-16 00:19:51.230181,1,1,1,18,65
2026-01-16 00:19:54.609162,1,1,1,18,62
2026-01-16 00:19:57.615150,1,2,2,18,62
2026-01-16 00:20:00.264463,1,1,2,18,62
2026-01-16 00:20:03.224240,1,1,2,18,62
2026-01-16 00:20:05.975369,1,2,2,17,62
2026-01-16 00:20:09.799325,1,2,5,16,65
2026-01-16 00:20:13.144132,1,1,2,15,68
2026-01-16 00:20:15.915587,1,1,1,15,68
2026-01-16 00:20:18.776443,1,1,1,15,68
2026-01-16 00:20:21.757382,1,2,2,15,71
2026-01-16 00:20:24.546017,1,2,1,15,74
2026-01-16 00:20:28.788077,1,2,2,15,77
2026-01-16 00:20:32.189773,1,2,1,16,80
2026-01-16 00:20:35.670256,1,2,28,16,83
2026-01-16 00:20:38.543001,1,2,33,16,83
2026-01-16 00:20:41.412591,1,2,1,16,83
2026-01-16 00:20:45.228869,1,2,2,16,83
2026-01-16 00:20:48.573677,1,1,3,17,83
2026-01-16 00:20:52.875079,1,2,2,17,83
2026-01-16 00:20:57.788593,1,2,1,17,83
2026-01-16 00:21:01.068661,1,2,1,16,83
2026-01-16 00:21:05.471262,1,2,1,15,79
2026-01-16 00:21:09.215864,1,2,2,15,73
2026-01-16 00:21:12.544097,1,2,1,15,70
2026-01-16 00:21:16.868818,1,2,1,14,67
2026-01-16 00:21:20.792504,1,2,1,15,71
2026-01-16 00:21:23.707768,1,2,1,14,74
2026-01-16 00:21:26.569690,1,2,3,14,74
2026-01-16 00:21:29.439092,1,1,1,13,74
2026-01-16 00:21:33.212221,1,2,1,13,74
2026-01-16 00:21:36.598487,1,2,5,12,74
2026-01-16 00:21:39.934569,1,1,2,12,72
2026-01-16 00:21:43.241366,1,2,3,12,71
2026-01-16 00:21:46.135491,1,2,1,12,69
2026-01-16 00:21:50.013476,1,1,1,12,66
2026-01-16 00:21:52.880685,1,2,2,12,65
2026-01-16 00:21:56.361881,1,1,1,13,65
2026-01-16 00:22:00.056620,1,1,1,13,64
2026-01-16 00:22:03.765973,1,2,1,14,67
2026-01-16 00:22:07.113172,1,2,4,16,66
2026-01-16 00:22:11.669386,1,2,4,18,62
2026-01-16 00:22:15.315677,1,1,2,17,62
2026-01-16 00:22:18.583044,1,1,2,16,62
2026-01-16 00:22:21.963429,1,1,1,17,62
2026-01-16 00:22:25.266750,1,2,3,16,62
2026-01-16 00:22:28.105176,1,2,4,15,62
2026-01-16 00:22:33.433700,1,2,4,14,62
2026-01-16 00:22:36.316494,1,1,1,13,62
2026-01-16 00:22:39.266753,1,1,1,14,62
2026-01-16 00:22:42.562692,1,2,3,16,65
2026-01-16 00:22:46.333725,1,1,1,19,68
2026-01-16 00:22:50.249826,1,1,1,20,71
2026-01-16 00:22:54.033038,1,2,1,21,77
2026-01-16 00:22:57.910936,1,1,1,21,80
2026-01-16 00:23:01.188957,1,2,1,23,83
2026-01-16 00:23:05.073245,1,2,3,23,86
2026-01-16 00:23:08.048950,1,1,2,23,89
2026-01-16 00:23:11.831020,1,1,1,24,89
2026-01-16 00:23:14.567175,1,1,2,24,89
2026-01-16 00:23:17.461854,1,2,2,24,86
2026-01-16 00:23:21.360734,1,2,2,24,86
2026-01-16 00:23:24.645381,1,2,1,24,86
2026-01-16 00:23:27.510383,1,2,2,24,86
2026-01-16 00:23:30.366188,1,1,1,24,83
2026-01-16 00:23:33.247880,1,1,2,23,80
2026-01-16 00:23:36.108516,1,2,3,23,74
2026-01-16 00:23:39.887355,1,1,1,22,70
2026-01-16 00:23:43.894124,1,1,1,21,67
2026-01-16 00:23:47.775051,1,1,2,20,62
2026-01-16 00:23:50.601424,1,1,2,19,62
2026-01-16 00:23:53.474127,1,2,2,18,62
2026-01-16 00:23:57.294999,1,1,3,17,62
2026-01-16 00:24:00.603984,1,2,2,16,62
2026-01-16 00:24:03.966374,1,1,6,15,62
2026-01-16 00:24:06.879416,1,1,1,15,62
2026-01-16 00:24:09.800282,1,2,1,15,62
2026-01-16 00:24:12.675972,1,2,4,15,63
2026-01-16 00:24:17.174760,1,2,2,15,65
2026-01-16 00:24:20.336381,1,2,2,15,65
2026-01-16 00:24:24.604063,1,2,1,15,65
2026-01-16 00:24:27.515558,1,2,3,15,65
2026-01-16 00:24:30.320273,1,2,2,15,65
2026-01-16 00:24:33.341010,1,1,1,15,64
2026-01-16 00:24:36.019536,1,2,2,15,63
2026-01-16 00:24:39.912633,1,2,2,15,62
2026-01-16 00:24:44.005627,1,2,2,15,62
2026-01-16 00:24:47.779097,1,2,2,15,62
2026-01-16 00:24:50.646702,1,2,2,15,62
2026-01-16 00:24:53.439826,1,1,2,15,62
2026-01-16 00:24:57.411476,1,2,3,15,62
2026-01-16 00:25:01.111105,1,2,1,15,62
2026-01-16 00:25:05.085058,1,2,1,15,62
2026-01-16 00:25:07.963257,1,2,6,15,62
2026-01-16 00:25:11.863789,1,1,3,15,65
2026-01-16 00:25:14.720907,1,1,1,15,65
2026-01-16 00:25:17.475248,1,2,3,15,68
2026-01-16 00:25:21.485283,1,2,3,15,71
2026-01-16 00:25:24.233279,1,2,2,15,74
2026-01-16 00:25:27.011832,1,1,1,14,75
2026-01-16 00:25:31.016221,1,2,1,14,75
2026-01-16 00:25:33.859344,1,2,2,14,75
2026-01-16 00:25:36.725272,1,1,2,14,75
2026-01-16 00:25:40.428356,1,1,2,14,72
2026-01-16 00:25:43.913924,1,1,3,14,69
2026-01-16 00:25:47.204900,1,2,1,14,65
2026-01-16 00:25:50.056990,1,2,1,14,65
2026-01-16 00:25:53.110385,1,2,4,14,65
2026-01-16 00:25:56.284885,1,1,3,14,65
2026-01-16 00:26:00.076144,1,1,3,14,65
2026-01-16 00:26:02.955760,1,1,1,14,65
2026-01-16 00:26:05.914445,1,2,1,14,65
2026-01-16 00:26:08.674773,1,2,2,14,65
2026-01-16 00:26:11.547232,1,1,1,14,65
2026-01-16 00:26:15.433333,1,2,4,14,65
2026-01-16 00:26:18.712057,1,2,4,14,65
2026-01-16 00:26:22.242093,1,2,3,14,65
2026-01-16 00:26:24.965695,1,1,2,14,65
2026-01-16 00:26:27.925945,1,2,1,14,65
2026-01-16 00:26:30.690058,1,2,4,14,65
2026-01-16 00:26:34.943316,1,1,4,14,65
2026-01-16 00:26:38.388958,1,1,3,14,65
2026-01-16 00:26:42.773457,1,1,2,14,65
2026-01-16 00:26:46.055839,1,1,1,14,65
2026-01-16 00:26:49.018786,1,2,1,14,65
2026-01-16 00:26:51.887326,1,2,3,14,65
2026-01-16 00:26:54.763747,1,2,4,14,65
2026-01-16 00:26:59.164536,1,1,2,14,65
2026-01-16 00:27:03.362076,1,2,7,14,65
2026-01-16 00:27:06.941566,1,2,3,14,65
2026-01-16 00:27:10.538329,1,2,6,14,65
2026-01-16 00:27:14.416423,1,2,4,14,65
2026-01-16 00:27:18.206138,1,1,8,14,65
2026-01-16 00:27:21.995154,1,1,5,14,65
2026-01-16 00:27:26.000584,1,1,5,14,64
2026-01-16 00:27:29.263725,1,2,3,14,64
2026-01-16 00:27:32.233307,1,2,1,14,64
2026-01-16 00:27:34.963346,1,2,2,14,64
2026-01-16 00:27:38.377456,1,2,5,14,64
2026-01-16 00:27:42.164932,1,2,3,14,64
2026-01-16 00:27:45.570622,1,1,1,14,64
2026-01-16 00:27:48.427929,1,1,2,14,64
2026-01-16 00:27:51.279931,1,2,5,14,64
2026-01-16 00:27:54.155464,1,1,1,14,64
2026-01-16 00:27:58.037967,1,2,1,14,64
2026-01-16 00:28:01.416115,1,2,1,14,64
2026-01-16 00:28:05.206232,1,2,2,14,64
2026-01-16 00:28:08.705073,1,2,1,14,64
2026-01-16 00:28:12.168353,1,2,4,14,64
2026-01-16 00:28:15.457661,1,2,3,14,64
2026-01-16 00:28:18.312936,1,1,1,14,64
2026-01-16 00:28:21.180356,1,2,1,14,64
2026-01-16 00:28:24.046503,1,2,5,14,64
2026-01-16 00:28:26.927661,1,1,2,14,64
2026-01-16 00:28:29.781884,1,2,1,14,64
2026-01-16 00:28:32.609184,1,2,4,14,64
2026-01-16 00:28:36.743651,1,1,2,14,64
2026-01-16 00:28:39.407441,1,2,2,14,64
2026-01-16 00:28:42.069142,1,1,1,14,64
2026-01-16 00:28:45.964952,1,2,3,14,64
2026-01-16 00:28:49.339207,1,2,2,14,64
2026-01-16 00:28:53.553739,1,2,3,14,64
2026-01-16 00:28:57.442318,1,2,2,14,64
2026-01-16 00:29:00.809537,1,2,2,14,64
2026-01-16 00:29:03.588628,1,1,1,14,64
2026-01-16 00:29:06.450266,1,2,5,14,63
2026-01-16 00:29:09.307988,1,2,3,14,63
2026-01-16 00:29:12.378849,1,1,1,14,63
2026-01-16 00:29:16.066533,1,2,2,14,63
2026-01-16 00:29:19.373653,1,2,3,14,63
2026-01-16 00:29:22.108402,1,1,4,14,63
2026-01-16 00:29:25.078551,1,1,1,14,63
2026-01-16 00:29:27.957353,1,2,1,14,63
2026-01-16 00:29:30.813300,1,1,4,14,63
2026-01-16 00:29:35.024491,1,1,2,14,63
2026-01-16 00:29:38.406231,1,1,2,14,63
2026-01-16 00:29:43.055862,1,1,2,14,63
2026-01-16 00:29:46.460753,1,2,2,14,63
2026-01-16 00:29:49.348905,1,1,1,14,63
2026-01-16 00:29:53.648459,1,2,1,14,63
2026-01-16 00:29:57.453821,1,2,5,14,62
2026-01-16 00:30:00.820266,1,2,24,14,62
2026-01-16 00:30:03.603898,1,2,5,14,62
2026-01-16 00:30:06.467366,1,2,27,14,62
2026-01-16 00:30:09.418209,1,2,2,14,107
2026-01-16 00:30:12.182346,1,2,2,23,110
2026-01-16 00:30:16.078837,1,2,3,24,113
2026-01-16 00:30:19.351603,1,2,2,24,116
2026-01-16 00:30:22.759150,1,1,1,24,119
2026-01-16 00:30:25.716304,1,2,4,22,119
2026-01-16 00:30:29.641731,1,1,1,19,107
2026-01-16 00:30:34.824722,1,1,1,18,101
2026-01-16 00:30:35.750364,1,2,3,17,95
2026-01-16 00:30:38.703657,1,1,2,16,89
2026-01-16 00:30:43.112833,1,1,1,15,83
2026-01-16 00:30:45.978338,1,1,1,14,78
2026-01-16 00:30:48.859473,1,1,1,14,75
2026-01-16 00:30:53.178503,1,1,1,13,72
2026-01-16 00:30:56.418710,1,1,1,12,70
2026-01-16 00:31:00.171068,1,2,1,13,70
2026-01-16 00:31:04.004286,1,1,2,16,70
2026-01-16 00:31:07.376320,1,2,2,19,70
2026-01-16 00:31:11.165322,1,2,2,20,70
2026-01-16 00:31:15.585206,1,1,1,21,70
2026-01-16 00:31:18.850696,1,1,1,20,70
2026-01-16 00:31:22.648202,1,1,1,17,70
2026-01-16 00:31:25.513463,1,1,2,15,70
2026-01-16 00:31:28.369760,1,2,1,14,70
2026-01-16 00:31:32.309801,1,1,1,13,70
2026-01-16 00:31:35.126668,1,2,2,12,70
2026-01-16 00:31:38.518050,1,1,1,12,70
2026-01-16 00:31:42.299872,1,2,1,11,70
2026-01-16 00:31:45.059497,1,2,1,11,70
2026-01-16 00:31:48.048938,1,1,1,14,70
2026-01-16 00:31:50.794741,1,1,1,16,70
2026-01-16 00:31:53.690229,1,1,1,18,70
2026-01-16 00:31:57.568211,1,1,1,19,70
2026-01-16 00:32:00.829186,1,2,2,20,70
2026-01-16 00:32:03.714507,1,2,1,21,68
2026-01-16 00:32:06.593704,1,1,1,21,65
2026-01-16 00:32:09.430085,1,1,1,22,66
2026-01-16 00:32:12.313898,1,2,1,21,69
2026-01-16 00:32:16.100709,1,1,2,20,72
2026-01-16 00:32:19.365065,1,1,1,16,75
2026-01-16 00:32:22.232446,1,1,2,15,78
2026-01-16 00:32:25.096520,1,1,2,14,75
2026-01-16 00:32:27.994066,1,2,3,14,72
2026-01-16 00:32:30.791492,1,2,1,14,69
2026-01-16 00:32:35.117141,1,2,1,14,66
2026-01-16 00:32:38.603121,1,2,1,14,63
2026-01-16 00:32:41.971213,1,1,1,14,62
2026-01-16 00:32:44.954546,1,1,1,14,65
2026-01-16 00:32:47.728033,1,1,2,14,68
2026-01-16 00:32:51.516843,1,1,2,14,71
2026-01-16 00:32:54.913845,1,2,1,14,74
2026-01-16 00:32:58.684597,1,1,1,14,77
2026-01-16 00:33:01.559954,1,1,1,14,80
2026-01-16 00:33:04.428001,1,2,1,14,80
2026-01-16 00:33:09.250388,1,2,1,14,80
2026-01-16 00:33:13.020922,1,2,2,13,76
2026-01-16 00:33:15.916615,1,1,1,13,71
2026-01-16 00:33:19.802636,1,2,1,13,68
2026-01-16 00:33:22.665292,1,2,1,13,65
2026-01-16 00:33:25.428879,1,1,1,13,62
2026-01-16 00:33:29.205787,1,1,1,13,62
2026-01-16 00:33:33.121059,1,1,1,13,62
2026-01-16 00:33:35.855516,1,1,2,13,62
2026-01-16 00:33:39.240580,1,1,2,13,62
2026-01-16 00:33:43.126337,1,2,1,12,62
2026-01-16 00:33:46.095855,1,2,2,12,62
2026-01-16 00:33:48.863367,1,2,1,12,62
2026-01-16 00:33:52.657796,1,1,1,12,62
2026-01-16 00:33:56.517105,1,1,1,12,62
2026-01-16 00:33:59.919888,1,1,1,12,63
2026-01-16 00:34:02.696876,1,2,2,12,66
2026-01-16 00:34:06.780727,1,1,1,12,67
2026-01-16 00:34:09.454899,1,1,1,12,67
2026-01-16 00:34:12.256347,1,1,2,12,67
2026-01-16 00:34:16.213288,1,2,1,13,67
2026-01-16 00:34:19.068383,1,2,2,13,67
2026-01-16 00:34:22.447844,1,1,1,13,67
2026-01-16 00:34:26.288725,1,1,1,13,67
2026-01-16 00:34:29.209402,1,2,1,13,67
2026-01-16 00:34:32.518173,1,1,1,13,67
2026-01-16 00:34:36.275801,1,1,1,13,67
2026-01-16 00:34:40.778159,1,2,2,13,67
2026-01-16 00:34:43.747972,1,2,1,13,68
2026-01-16 00:34:46.427955,1,2,1,13,68
2026-01-16 00:34:50.311159,1,2,2,13,68
2026-01-16 00:34:53.181152,1,1,1,13,68
2026-01-16 00:34:56.555264,1,2,3,13,68
2026-01-16 00:34:59.940472,1,1,1,13,67
2026-01-16 00:35:02.809693,1,2,2,13,68
2026-01-16 00:35:06.705997,1,1,1,13,68
2026-01-16 00:35:09.554168,1,1,1,13,65
2026-01-16 00:35:12.320514,1,1,3,13,64
2026-01-16 00:35:16.207600,1,2,2,13,64
2026-01-16 00:35:19.618117,1,1,2,13,64
2026-01-16 00:35:22.354983,1,1,1,13,63
2026-01-16 00:35:25.259461,1,1,1,13,63
2026-01-16 00:35:28.130144,1,1,4,13,63
2026-01-16 00:35:30.871639,1,1,1,13,63
2026-01-16 00:35:35.191448,1,2,1,13,63
2026-01-16 00:35:39.263778,1,2,3,13,63
2026-01-16 00:35:42.114703,1,2,1,13,63
2026-01-16 00:35:44.878463,1,1,1,13,65
2026-01-16 00:35:47.756557,1,1,1,13,67
2026-01-16 00:35:51.652254,1,2,1,13,67
2026-01-16 00:35:55.002768,1,2,2,13,67
2026-01-16 00:35:57.707219,1,1,2,13,64
2026-01-16 00:36:00.654442,1,1,1,13,63
2026-01-16 00:36:03.490212,1,2,2,13,63
2026-01-16 00:36:06.385692,1,1,1,13,63
2026-01-16 00:36:10.158535,1,1,1,13,63
2026-01-16 00:36:13.454804,1,2,2,13,63
2026-01-16 00:36:16.953112,1,2,2,13,63
2026-01-16 00:36:19.779479,1,1,1,13,63
2026-01-16 00:36:22.637058,1,1,1,13,63
2026-01-16 00:36:25.532414,1,1,1,13,63
2026-01-16 00:36:29.322633,1,2,1,13,63
2026-01-16 00:36:33.618065,1,1,1,13,63
2026-01-16 00:36:37.517649,1,1,2,13,63
2026-01-16 00:36:41.823443,1,2,1,13,63
2026-01-16 00:36:45.618584,1,1,1,13,63
2026-01-16 00:36:48.903852,1,1,1,13,66
2026-01-16 00:36:53.282583,1,1,1,13,69
2026-01-16 00:36:56.672868,1,1,2,13,69
2026-01-16 00:37:00.568152,1,2,2,13,69
2026-01-16 00:37:03.420342,1,1,2,13,69
2026-01-16 00:37:07.316976,1,2,3,13,69
2026-01-16 00:37:10.115329,1,2,2,13,69
2026-01-16 00:37:12.947444,1,2,3,13,69
2026-01-16 00:37:16.732175,1,1,2,13,69
2026-01-16 00:37:20.223747,1,1,1,13,67
2026-01-16 00:37:24.335891,1,1,1,13,63
2026-01-16 00:37:26.989442,1,2,1,13,63
2026-01-16 00:37:29.839569,1,1,1,13,62
2026-01-16 00:37:33.630390,1,1,1,13,62
2026-01-16 00:37:37.009690,1,1,2,13,62
2026-01-16 00:37:40.386454,1,2,2,12,62
2026-01-16 00:37:44.276634,1,1,4,13,62
2026-01-16 00:37:48.119561,1,1,2,13,62
2026-01-16 00:37:50.957019,1,2,1,13,62
2026-01-16 00:37:53.820749,1,1,1,13,62
2026-01-16 00:37:57.712593,1,2,1,13,62
2026-01-16 00:38:01.690849,1,2,1,13,62
2026-01-16 00:38:04.965928,1,1,2,13,62
2026-01-16 00:38:07.931930,1,2,3,13,62
2026-01-16 00:38:10.696817,1,1,1,13,62
2026-01-16 00:38:13.497672,1,1,3,13,62
2026-01-16 00:38:17.921202,1,1,1,13,62
2026-01-16 00:38:21.858490,1,1,1,13,62
2026-01-16 00:38:25.237540,1,1,1,13,62
2026-01-16 00:38:28.002363,1,1,5,13,62
2026-01-16 00:38:31.904937,1,1,3,13,62
2026-01-16 00:38:34.720147,1,2,1,13,62
2026-01-16 00:38:39.681838,1,1,1,13,62
2026-01-16 00:38:42.543978,1,1,1,13,64
2026-01-16 00:38:45.417543,1,1,3,13,67
2026-01-16 00:38:49.250010,1,2,2,13,70
2026-01-16 00:38:52.168337,1,1,1,13,73
2026-01-16 00:38:55.041601,1,1,3,13,76
2026-01-16 00:38:58.535865,1,1,1,13,78
2026-01-16 00:39:01.282938,1,1,1,13,78
2026-01-16 00:39:04.259083,1,1,1,13,78
2026-01-16 00:39:07.017015,1,1,2,13,78
2026-01-16 00:39:11.418989,1,2,1,13,78
2026-01-16 00:39:14.697242,1,1,1,13,78
2026-01-16 00:39:18.045329,1,1,1,13,78
2026-01-16 00:39:20.807402,1,2,2,13,78
2026-01-16 00:39:24.746874,1,1,1,13,78
2026-01-16 00:39:27.607152,1,2,3,13,78
2026-01-16 00:39:30.466949,1,2,1,13,78
2026-01-16 00:39:34.254927,1,2,1,13,78
2026-01-16 00:39:37.632782,1,1,4,13,78
2026-01-16 00:39:40.501414,1,1,1,13,81
2026-01-16 00:39:43.367478,1,1,2,13,84
2026-01-16 00:39:46.236762,1,1,2,13,85
2026-01-16 00:39:49.015783,1,2,2,13,85
2026-01-16 00:39:53.303925,1,2,1,13,85
2026-01-16 00:39:58.321502,1,1,2,13,85
2026-01-16 00:40:01.206102,1,1,1,13,85
2026-01-16 00:40:03.973163,1,2,1,13,85
2026-01-16 00:40:07.856262,1,2,2,13,85
2026-01-16 00:40:10.830215,1,1,1,13,85
2026-01-16 00:40:13.555387,1,1,1,13,85
2026-01-16 00:40:17.365202,1,2,1,13,85
2026-01-16 00:40:20.339204,1,1,2,13,85
2026-01-16 00:40:24.182845,1,1,1,13,85
2026-01-16 00:40:27.105484,1,2,2,13,84
2026-01-16 00:40:29.867213,1,2,3,13,84
2026-01-16 00:40:33.755281,1,1,1,13,84
2026-01-16 00:40:37.675088,1,1,1,13,84
2026-01-16 00:40:41.025223,1,1,1,13,84
2026-01-16 00:40:43.889958,1,1,2,13,84
2026-01-16 00:40:46.868102,1,1,1,13,80
2026-01-16 00:40:49.801031,1,2,3,13,75
2026-01-16 00:40:53.926674,1,1,1,13,69
2026-01-16 00:40:57.713901,1,1,3,13,69
2026-01-16 00:41:01.124338,1,1,1,12,72
2026-01-16 00:41:05.401556,1,1,1,12,75
2026-01-16 00:41:08.667552,1,1,1,12,78
2026-01-16 00:41:12.455758,1,1,1,12,81
2026-01-16 00:41:16.350406,1,2,1,12,84
2026-01-16 00:41:19.829048,1,2,3,12,84
2026-01-16 00:41:22.716596,1,1,3,13,84
2026-01-16 00:41:25.761142,1,2,2,13,84
2026-01-16 00:41:28.840170,1,2,1,13,85
2026-01-16 00:41:31.615812,1,2,2,13,88
2026-01-16 00:41:35.393936,1,1,3,13,88
2026-01-16 00:41:40.423826,1,1,1,13,88
2026-01-16 00:41:43.279524,1,1,1,13,88
2026-01-16 00:41:46.057150,1,1,1,13,88
2026-01-16 00:41:49.934293,1,1,2,13,88
2026-01-16 00:41:52.787849,1,1,2,13,88
2026-01-16 00:41:55.668780,1,2,2,13,88
2026-01-16 00:41:59.559400,1,2,1,13,88
2026-01-16 00:42:02.844844,1,2,1,13,80
2026-01-16 00:42:05.720266,1,1,1,13,77
2026-01-16 00:42:08.469171,1,1,1,13,77
2026-01-16 00:42:11.540434,1,1,3,13,74
2026-01-16 00:42:14.829992,1,1,1,13,72
2026-01-16 00:42:18.067456,1,1,2,13,72
2026-01-16 00:42:20.960621,1,2,3,13,72
2026-01-16 00:42:24.868107,1,1,2,13,72
2026-01-16 00:42:27.720002,1,1,1,13,71
2026-01-16 00:42:30.500135,1,2,1,13,68
2026-01-16 00:42:34.375993,1,1,2,13,65
2026-01-16 00:42:37.273251,1,1,1,13,65
2026-01-16 00:42:40.625612,1,1,1,13,65
2026-01-16 00:42:44.515057,1,2,2,12,64
2026-01-16 00:42:47.379230,1,2,4,12,62
2026-01-16 00:42:50.765869,1,2,1,12,62
2026-01-16 00:42:54.559465,1,2,1,12,62
2026-01-16 00:42:57.421223,1,2,4,12,62
2026-01-16 00:43:01.921508,1,1,1,12,62
2026-01-16 00:43:04.604011,1,1,1,12,62
2026-01-16 00:43:08.475114,1,1,2,12,62
2026-01-16 00:43:11.448861,1,1,1,12,62
2026-01-16 00:43:14.823860,1,1,3,12,62
2026-01-16 00:43:18.508144,1,1,1,12,62
2026-01-16 00:43:22.170096,1,1,1,12,62
2026-01-16 00:43:24.756793,1,2,1,12,62
2026-01-16 00:43:27.623401,1,1,1,12,62
2026-01-16 00:43:31.432199,1,1,1,12,62
2026-01-16 00:43:34.395455,1,2,2,12,62
2026-01-16 00:43:38.803827,1,2,2,12,62
2026-01-16 00:43:41.765404,1,2,3,13,62
2026-01-16 00:43:44.520303,1,1,1,13,62
2026-01-16 00:43:47.387985,1,1,1,13,62
2026-01-16 00:43:50.766443,1,1,2,13,62
2026-01-16 00:43:54.668870,1,1,1,13,62
2026-01-16 00:43:57.404960,1,1,1,13,62
2026-01-16 00:44:00.815267,1,2,4,13,62
2026-01-16 00:44:03.776385,1,1,1,13,62
2026-01-16 00:44:06.535535,1,2,2,13,62
2026-01-16 00:44:10.428533,1,2,1,12,62
2026-01-16 00:44:13.657567,1,1,2,12,62
2026-01-16 00:44:17.567638,1,1,1,12,62
2026-01-16 00:44:20.485126,1,1,1,12,62
2026-01-16 00:44:24.358656,1,2,1,12,62
2026-01-16 00:44:27.220451,1,1,2,12,62
2026-01-16 00:44:30.106500,1,1,1,12,62
2026-01-16 00:44:33.886653,1,1,1,12,62
2026-01-16 00:44:36.849570,1,2,5,12,62
2026-01-16 00:44:39.619096,1,1,2,12,62
2026-01-16 00:44:43.504571,1,2,2,15,62
2026-01-16 00:44:46.368405,1,2,1,16,65
2026-01-16 00:44:49.134000,1,1,2,16,68
2026-01-16 00:44:53.427176,1,1,1,15,71
2026-01-16 00:44:57.325703,1,1,1,14,67
2026-01-16 00:45:00.193195,1,2,1,13,64
2026-01-16 00:45:03.068042,1,1,1,13,64
2026-01-16 00:45:06.865048,1,1,2,14,64
2026-01-16 00:45:09.921952,1,2,2,13,64
2026-01-16 00:45:12.697204,1,2,5,13,64
2026-01-16 00:45:15.454999,1,1,2,12,64
2026-01-16 00:45:18.317307,1,1,2,13,64
2026-01-16 00:45:21.202671,1,1,3,14,64
2026-01-16 00:45:24.053263,1,1,2,15,64
2026-01-16 00:45:27.941921,1,2,2,17,64
2026-01-16 00:45:31.215120,1,2,1,16,64
2026-01-16 00:45:34.603435,1,2,1,15,64
2026-01-16 00:45:37.461982,1,1,2,14,64
2026-01-16 00:45:40.328144,1,1,1,14,64
2026-01-16 00:45:43.200141,1,1,1,14,64
2026-01-16 00:45:46.984171,1,2,1,14,64
2026-01-16 00:45:50.875880,1,2,1,14,64
2026-01-16 00:45:54.664580,1,1,3,14,64
2026-01-16 00:45:57.429352,1,1,1,14,64
2026-01-16 00:46:00.383151,1,1,4,14,64
2026-01-16 00:46:03.163512,1,1,3,14,64
2026-01-16 00:46:06.030854,1,2,2,14,64
2026-01-16 00:46:09.847971,1,2,3,14,64
2026-01-16 00:46:13.212786,1,2,1,14,64
2026-01-16 00:46:16.064830,1,1,1,14,64
2026-01-16 00:46:18.932471,1,1,1,14,64
2026-01-16 00:46:21.808920,1,1,1,14,64
2026-01-16 00:46:24.588397,1,1,1,14,64
2026-01-16 00:46:28.409895,1,1,1,14,64
2026-01-16 00:46:31.743025,1,2,2,13,64
2026-01-16 00:46:34.601437,1,1,1,13,64
2026-01-16 00:46:37.472669,1,2,1,12,67
2026-01-16 00:46:40.436805,1,2,2,12,70
2026-01-16 00:46:43.230085,1,2,1,12,73
2026-01-16 00:46:47.501377,1,2,1,12,76
2026-01-16 00:46:50.900933,1,1,1,12,78
2026-01-16 00:46:54.592156,1,1,1,12,78
2026-01-16 00:46:58.463102,1,2,3,13,78
2026-01-16 00:47:01.860037,1,2,2,13,78
2026-01-16 00:47:06.043153,1,1,3,13,78
2026-01-16 00:47:09.927878,1,1,1,13,78
2026-01-16 00:47:13.212154,1,1,1,13,78
2026-01-16 00:47:16.071499,1,2,2,13,78
2026-01-16 00:47:18.939276,1,2,1,13,78
2026-01-16 00:47:21.805471,1,2,21,13,78
2026-01-16 00:47:24.685645,1,2,9,13,78
2026-01-16 00:47:28.462358,1,2,5,13,78
2026-01-16 00:47:31.859051,1,2,11,14,77
2026-01-16 00:47:35.163156,1,2,17,15,74
2026-01-16 00:47:38.087901,1,2,13,15,73
2026-01-16 00:47:40.960849,1,2,3,14,70
2026-01-16 00:47:43.827236,1,1,1,16,67
2026-01-16 00:47:47.613123,1,2,1,17,64
2026-01-16 00:47:51.915573,1,2,3,17,63
2026-01-16 00:47:54.881385,1,2,5,18,62
2026-01-16 00:47:57.659550,1,1,1,18,62
2026-01-16 00:48:01.495579,1,2,1,18,62
2026-01-16 00:48:04.403541,1,1,4,18,62
2026-01-16 00:48:07.202811,1,2,2,18,62
2026-01-16 00:48:11.074307,1,1,1,18,62
2026-01-16 00:48:15.870304,1,1,1,16,62
2026-01-16 00:48:19.258052,1,2,2,16,62
2026-01-16 00:48:23.048542,1,2,1,15,62
2026-01-16 00:48:26.944929,1,2,4,14,62
2026-01-16 00:48:30.627035,1,2,1,14,62
2026-01-16 00:48:34.509161,1,2,2,14,62
2026-01-16 00:48:37.479233,1,2,2,14,64
2026-01-16 00:48:40.759565,1,2,1,14,64
2026-01-16 00:48:44.648144,1,2,2,14,64
2026-01-16 00:48:47.516836,1,1,3,14,64
2026-01-16 00:48:50.893617,1,1,7,14,64
2026-01-16 00:48:54.698841,1,1,2,14,70
2026-01-16 00:48:58.430804,1,2,1,14,73
2026-01-16 00:49:02.362334,1,2,2,14,76
2026-01-16 00:49:05.254304,1,2,3,14,76
2026-01-16 00:49:08.013332,1,2,2,13,76
2026-01-16 00:49:10.875408,1,2,4,13,76
2026-01-16 00:49:14.752961,1,2,2,12,76
2026-01-16 00:49:17.517446,1,1,3,12,76
2026-01-16 00:49:20.909945,1,2,4,12,77
2026-01-16 00:49:24.701193,1,1,3,12,77
2026-01-16 00:49:28.577070,1,1,2,12,77
2026-01-16 00:49:31.853296,1,2,2,12,77
2026-01-16 00:49:35.642072,1,2,5,12,77
2026-01-16 00:49:38.508747,1,2,3,12,76
2026-01-16 00:49:42.513943,1,2,2,12,70
2026-01-16 00:49:45.267344,1,1,1,12,70
2026-01-16 00:49:48.077394,1,2,1,12,70
2026-01-16 00:49:52.039279,1,2,2,12,70
2026-01-16 00:49:55.307863,1,2,1,12,70
2026-01-16 00:49:58.175099,1,2,2,12,70
2026-01-16 00:50:01.062340,1,1,2,12,70
2026-01-16 00:50:03.905306,1,1,1,12,69
2026-01-16 00:50:06.771475,1,1,4,12,69
2026-01-16 00:50:10.563453,1,1,2,12,69
2026-01-16 00:50:13.809495,1,1,2,12,69
2026-01-16 00:50:17.300955,1,1,1,12,69
2026-01-16 00:50:20.083293,1,2,2,12,69
2026-01-16 00:50:23.058728,1,2,2,12,69
2026-01-16 00:50:25.818341,1,1,1,12,69
2026-01-16 00:50:29.607365,1,2,2,12,69
2026-01-16 00:50:34.012814,1,2,3,14,69
2026-01-16 00:50:36.901376,1,2,4,15,67
2026-01-16 00:50:39.655805,1,2,7,17,64
2026-01-16 00:50:43.636326,1,2,10,19,62
2026-01-16 00:50:46.515131,1,2,6,20,65
2026-01-16 00:50:49.379735,1,2,24,20,68
2026-01-16 00:50:53.264053,1,2,20,21,71
2026-01-16 00:50:56.926465,1,2,2,23,107
2026-01-16 00:51:00.451320,1,2,2,24,113
2026-01-16 00:51:03.303099,1,1,1,24,116
2026-01-16 00:51:06.164200,1,2,4,24,119
2026-01-16 00:51:10.060828,1,2,3,24,119
2026-01-16 00:51:13.340659,1,1,1,22,113
2026-01-16 00:51:17.084715,1,1,1,21,107
2026-01-16 00:51:20.209399,1,2,2,22,104
2026-01-16 00:51:23.366434,1,2,3,22,101
2026-01-16 00:51:26.130938,1,1,1,22,95
2026-01-16 00:51:29.056009,1,2,1,23,92
2026-01-16 00:51:31.865024,1,1,1,23,89
2026-01-16 00:51:35.862606,1,2,2,23,86
2026-01-16 00:51:39.658723,1,2,5,23,86
2026-01-16 00:51:43.043308,1,1,1,22,86
2026-01-16 00:51:45.905426,1,1,1,21,80
2026-01-16 00:51:48.761591,1,2,2,21,74
2026-01-16 00:51:52.673873,1,2,2,19,70
2026-01-16 00:51:55.676756,1,1,1,17,67
2026-01-16 00:51:58.304655,1,1,1,17,64
2026-01-16 00:52:02.181408,1,1,2,14,63
2026-01-16 00:52:05.066716,1,1,1,16,63
2026-01-16 00:52:07.910668,1,2,1,18,64
2026-01-16 00:52:11.702262,1,2,1,18,67
2026-01-16 00:52:14.668102,1,1,4,17,70
2026-01-16 00:52:17.881278,1,1,1,15,71
2026-01-16 00:52:20.813386,1,2,3,15,71
2026-01-16 00:52:23.682088,1,1,1,17,71
2026-01-16 00:52:27.065204,1,2,1,18,71
2026-01-16 00:52:30.749627,1,2,1,18,71
2026-01-16 00:52:33.630169,1,2,6,18,71
2026-01-16 00:52:36.601977,1,1,1,18,71
2026-01-16 00:52:39.352937,1,2,1,17,71
2026-01-16 00:52:42.221736,1,1,1,18,71
2026-01-16 00:52:46.112633,1,2,1,18,71
2026-01-16 00:52:49.474537,1,2,4,16,71
2026-01-16 00:52:52.262584,1,1,2,15,71
2026-01-16 00:52:55.136054,1,1,2,16,71
2026-01-16 00:52:57.913436,1,2,4,17,71
2026-01-16 00:53:00.851271,1,1,2,19,74
2026-01-16 00:53:04.655427,1,2,2,20,77
2026-01-16 00:53:07.918341,1,2,2,21,78
2026-01-16 00:53:10.784314,1,2,1,22,78
2026-01-16 00:53:13.660835,1,2,2,22,78
2026-01-16 00:53:17.029508,1,2,4,23,78
2026-01-16 00:53:19.807670,1,1,3,23,78
2026-01-16 00:53:22.661995,1,2,1,23,78
2026-01-16 00:53:25.655822,1,2,1,24,79
2026-01-16 00:53:28.911095,1,1,1,22,82
2026-01-16 00:53:31.778018,1,2,1,19,85
2026-01-16 00:53:34.631642,1,2,1,17,82
2026-01-16 00:53:37.612463,1,1,1,16,76
2026-01-16 00:53:40.378658,1,1,1,16,71
2026-01-16 00:53:44.279779,1,1,1,19,72
2026-01-16 00:53:47.148073,1,1,1,20,75
2026-01-16 00:53:49.903698,1,1,1,17,78
2026-01-16 00:53:53.809084,1,2,1,16,78
2026-01-16 00:53:58.032733,1,1,1,15,71
2026-01-16 00:54:01.396251,1,1,1,14,68
2026-01-16 00:54:05.659484,1,1,1,13,65
2026-01-16 00:54:09.572154,1,1,1,12,64
2026-01-16 00:54:12.428973,1,2,1,12,64
2026-01-16 00:54:15.199598,1,1,1,12,64
2026-01-16 00:54:19.095761,1,1,1,12,64
2026-01-16 00:54:22.053138,1,2,4,12,64
2026-01-16 00:54:24.818974,1,2,2,12,66
2026-01-16 00:54:27.895015,1,1,2,12,67
2026-01-16 00:54:31.167735,1,1,4,12,67
2026-01-16 00:54:34.035073,1,1,2,12,67
2026-01-16 00:54:36.844030,1,2,2,12,67
2026-01-16 00:54:40.700344,1,2,1,12,67
2026-01-16 00:54:43.917776,1,1,2,12,67
2026-01-16 00:54:47.755265,1,1,1,12,67
2026-01-16 00:54:50.726055,1,2,1,13,67
2026-01-16 00:54:56.801408,1,1,2,16,71
2026-01-16 00:54:57.381593,1,2,1,18,74
2026-01-16 00:55:00.355773,1,1,1,19,77
2026-01-16 00:55:04.155044,1,1,1,19,80
2026-01-16 00:55:07.537846,1,2,2,17,83
2026-01-16 00:55:10.283369,1,1,1,15,85
2026-01-16 00:55:13.170146,1,1,1,14,85
2026-01-16 00:55:16.018754,1,2,2,13,81
2026-01-16 00:55:18.797717,1,1,1,16,75
2026-01-16 00:55:22.673933,1,2,1,17,78
2026-01-16 00:55:26.079408,1,1,2,16,81
2026-01-16 00:55:28.818915,1,1,1,14,79
2026-01-16 00:55:31.687710,1,2,1,14,76
2026-01-16 00:55:34.668095,1,2,1,16,73
2026-01-16 00:55:37.427093,1,2,1,16,73
2026-01-16 00:55:41.316050,1,2,2,18,73
2026-01-16 00:55:45.109366,1,2,1,19,73
2026-01-16 00:55:48.716775,1,2,1,19,73
2026-01-16 00:55:51.561417,1,1,1,20,73
2026-01-16 00:55:54.315244,1,1,1,20,73
2026-01-16 00:55:58.116985,1,2,2,19,73
2026-01-16 00:56:01.483931,1,2,1,18,73
2026-01-16 00:56:05.795567,1,1,2,16,73
2026-01-16 00:56:10.105000,1,1,1,15,68
2026-01-16 00:56:13.418906,1,1,1,15,65
2026-01-16 00:56:17.255250,1,1,1,14,65
2026-01-16 00:56:21.153705,1,2,1,14,65
2026-01-16 00:56:24.830887,1,1,2,14,65
2026-01-16 00:56:28.723818,1,1,1,14,65
2026-01-16 00:56:32.701252,1,1,1,14,65
2026-01-16 00:56:36.615111,1,1,1,13,65
2026-01-16 00:56:39.500966,1,2,2,13,65
2026-01-16 00:56:42.266821,1,2,3,12,65
2026-01-16 00:56:46.131171,1,1,1,12,65
2026-01-16 00:56:49.523015,1,1,1,12,65
2026-01-16 00:56:52.805141,1,1,1,12,65
2026-01-16 00:56:55.765845,1,2,1,12,65
2026-01-16 00:56:58.626433,1,1,1,12,65
2026-01-16 00:57:01.506587,1,1,1,12,65
2026-01-16 00:57:05.298129,1,1,1,14,65
2026-01-16 00:57:09.102865,1,2,1,14,65
2026-01-16 00:57:12.864983,1,2,1,14,65
2026-01-16 00:57:15.701068,1,2,1,14,65
2026-01-16 00:57:18.631328,1,1,3,14,66
2026-01-16 00:57:21.458251,1,1,1,14,69
2026-01-16 00:57:24.349188,1,2,1,14,72
2026-01-16 00:57:28.215608,1,1,2,14,75
2026-01-16 00:57:31.505235,1,2,1,14,72
2026-01-16 00:57:34.303754,1,2,4,14,72
2026-01-16 00:57:37.233485,1,1,2,14,72
2026-01-16 00:57:40.130916,1,1,1,14,72
2026-01-16 00:57:42.858707,1,1,2,14,72
2026-01-16 00:57:46.751346,1,1,1,14,72
2026-01-16 00:57:50.015629,1,1,1,14,72
2026-01-16 00:57:52.899662,1,1,3,13,72
2026-01-16 00:57:55.762189,1,1,3,13,71
2026-01-16 00:57:58.845280,1,1,1,12,69
2026-01-16 00:58:01.516889,1,1,1,12,69
2026-01-16 00:58:05.850807,1,2,10,12,69
2026-01-16 00:58:09.115497,1,2,2,12,69
2026-01-16 00:58:14.913152,1,2,8,13,69
2026-01-16 00:58:17.525553,1,2,3,13,72
2026-01-16 00:58:20.323335,1,2,3,14,72
2026-01-16 00:58:23.204196,1,1,3,14,72
2026-01-16 00:58:26.072656,1,2,14,14,71
2026-01-16 00:58:29.862555,1,2,8,14,71
2026-01-16 00:58:32.846176,1,2,13,15,71
2026-01-16 00:58:36.823412,1,2,14,15,71
2026-01-16 00:58:39.450758,1,1,2,17,72
2026-01-16 00:58:42.462389,1,1,5,19,72
2026-01-16 00:58:46.167105,1,1,1,20,72
2026-01-16 00:58:49.521944,1,1,1,20,72
2026-01-16 00:58:52.905128,1,2,3,21,72
2026-01-16 00:58:56.313457,1,2,6,21,72
2026-01-16 00:58:59.016771,1,1,1,21,72
2026-01-16 00:59:02.950791,1,1,4,21,72
2026-01-16 00:59:05.774484,1,2,1,21,72
2026-01-16 00:59:09.203742,1,2,2,21,72
2026-01-16 00:59:12.670628,1,2,2,21,72
2026-01-16 00:59:15.540645,1,2,8,21,72
2026-01-16 00:59:18.365366,1,1,1,21,69
2026-01-16 00:59:22.175676,1,2,5,21,71
2026-01-16 00:59:26.004086,1,2,1,19,74
2026-01-16 00:59:29.872311,1,2,1,17,75
2026-01-16 00:59:32.836864,1,2,2,16,75
2026-01-16 00:59:36.841420,1,1,1,16,70
2026-01-16 00:59:39.599126,1,2,1,15,67
2026-01-16 00:59:42.478341,1,2,9,15,64
2026-01-16 00:59:46.262396,1,1,1,15,64
2026-01-16 00:59:49.630227,1,2,3,15,64
2026-01-16 00:59:52.411732,1,1,1,15,65
2026-01-16 00:59:55.263038,1,1,1,15,68
2026-01-16 00:59:58.130492,1,2,2,15,71
2026-01-16 01:00:01.003184,1,1,1,15,74
2026-01-16 01:00:04.786120,1,2,3,15,74
2026-01-16 01:00:07.764581,1,1,1,16,74
2026-01-16 01:00:11.037313,1,2,1,18,74
2026-01-16 01:00:14.922023,1,2,1,18,74
2026-01-16 01:00:17.806240,1,2,6,16,74
2026-01-16 01:00:21.168321,1,1,1,14,76
2026-01-16 01:00:24.958561,1,1,1,13,76
2026-01-16 01:00:28.853458,1,2,8,13,75
2026-01-16 01:00:31.716616,1,1,4,12,73
2026-01-16 01:00:34.495304,1,2,1,12,73
2026-01-16 01:00:38.474133,1,2,6,11,73
2026-01-16 01:00:41.269888,1,1,1,11,73
2026-01-16 01:00:44.118151,1,2,5,11,73
2026-01-16 01:00:47.896716,1,1,4,11,73
2026-01-16 01:00:50.865389,1,2,1,11,73
2026-01-16 01:00:54.756150,1,2,6,11,71
2026-01-16 01:00:57.521628,1,1,7,11,68
2026-01-16 01:01:00.424512,1,2,2,11,65
2026-01-16 01:01:04.319318,1,2,8,11,62
2026-01-16 01:01:07.163843,1,1,1,11,62
2026-01-16 01:01:10.014478,1,2,1,11,62
2026-01-16 01:01:13.906669,1,2,4,11,62
2026-01-16 01:01:16.773378,1,1,3,11,62
2026-01-16 01:01:19.600726,1,2,2,11,62
2026-01-16 01:01:23.430891,1,2,7,11,62
2026-01-16 01:01:26.753044,1,2,3,11,62
2026-01-16 01:01:30.199746,1,2,5,11,62
2026-01-16 01:01:33.064908,1,2,1,11,62
2026-01-16 01:01:35.951133,1,2,4,11,62
2026-01-16 01:01:39.215698,1,2,7,11,62
2026-01-16 01:01:43.008798,1,2,3,11,62
2026-01-16 01:01:46.987451,1,1,1,11,62
2026-01-16 01:01:50.365339,1,1,1,14,62
2026-01-16 01:01:53.129859,1,2,2,15,62
2026-01-16 01:01:58.465768,1,2,8,15,62
2026-01-16 01:02:01.334482,1,2,3,14,62
2026-01-16 01:02:04.307519,1,1,1,14,62
2026-01-16 01:02:07.969378,1,2,6,14,62
2026-01-16 01:02:10.951107,1,1,7,14,62
2026-01-16 01:02:13.764988,1,1,1,14,65
2026-01-16 01:02:16.582342,1,2,4,14,68
2026-01-16 01:02:20.470267,1,2,7,13,71
2026-01-16 01:02:23.351473,1,1,1,13,74
2026-01-16 01:02:26.832527,1,2,1,13,76
2026-01-16 01:02:29.584051,1,2,7,12,76
2026-01-16 01:02:32.415302,1,1,2,12,76
2026-01-16 01:02:35.317629,1,2,3,12,74
2026-01-16 01:02:38.204229,1,2,11,12,71
2026-01-16 01:02:42.008244,1,1,4,12,68
2026-01-16 01:02:44.952376,1,2,1,12,65
2026-01-16 01:02:48.853869,1,2,7,12,65
2026-01-16 01:02:51.602510,1,2,7,12,65
2026-01-16 01:02:54.578353,1,1,1,12,65
2026-01-16 01:02:58.412031,1,2,11,12,65
2026-01-16 01:03:01.654854,1,2,9,12,65
2026-01-16 01:03:04.530241,1,1,1,12,65
2026-01-16 01:03:07.407020,1,2,1,12,65
2026-01-16 01:03:10.236789,1,2,8,12,65
2026-01-16 01:03:13.002506,1,1,6,12,65
2026-01-16 01:03:16.994792,1,2,1,12,65
2026-01-16 01:03:20.169875,1,2,1,12,65
2026-01-16 01:03:23.656868,1,2,13,12,65
2026-01-16 01:03:26.519482,1,2,6,14,65
2026-01-16 01:03:29.383643,1,1,1,14,66
2026-01-16 01:03:32.165732,1,2,8,14,69
2026-01-16 01:03:36.041554,1,2,2,14,70
2026-01-16 01:03:39.829885,1,2,11,14,68
2026-01-16 01:03:43.279253,1,2,1,14,71
2026-01-16 01:03:46.194821,1,2,4,14,74
2026-01-16 01:03:49.970210,1,1,7,14,77
2026-01-16 01:03:52.843261,1,1,4,14,75
2026-01-16 01:03:55.715062,1,2,1,14,72
2026-01-16 01:03:59.491394,1,2,9,14,71
2026-01-16 01:04:02.464226,1,2,6,15,72
2026-01-16 01:04:05.242170,1,2,2,16,75
2026-01-16 01:04:09.024130,1,2,13,17,78
2026-01-16 01:04:12.102296,1,2,6,15,81
2026-01-16 01:04:15.363900,1,2,2,14,81
2026-01-16 01:04:19.153242,1,2,2,13,78
2026-01-16 01:04:21.916882,1,2,35,13,78
2026-01-16 01:04:24.899463,1,2,3,13,78
2026-01-16 01:04:27.609896,1,2,1,12,78
2026-01-16 01:04:30.620847,1,2,2,12,78
2026-01-16 01:04:34.409929,1,1,1,12,78
2026-01-16 01:04:37.686318,1,1,1,12,78
2026-01-16 01:04:40.467829,1,2,3,14,78
2026-01-16 01:04:43.421963,1,1,1,14,78
2026-01-16 01:04:46.302706,1,2,1,15,78
2026-01-16 01:04:49.054582,1,1,1,16,78
2026-01-16 01:04:52.954240,1,2,1,16,78
2026-01-16 01:04:56.222454,1,2,2,16,78
2026-01-16 01:04:59.087155,1,1,1,16,78
2026-01-16 01:05:01.967171,1,2,1,17,78
2026-01-16 01:05:04.821911,1,1,2,16,78
2026-01-16 01:05:07.690151,1,1,1,16,79
2026-01-16 01:05:11.478458,1,1,1,13,82
2026-01-16 01:05:15.391774,1,1,2,12,84
2026-01-16 01:05:18.760146,1,1,1,11,83
2026-01-16 01:05:21.615001,1,2,2,11,77
2026-01-16 01:05:25.407348,1,1,1,11,73
2026-01-16 01:05:28.235129,1,1,1,11,74
2026-01-16 01:05:31.253552,1,1,3,11,77
2026-01-16 01:05:34.942328,1,2,1,11,74
2026-01-16 01:05:38.305633,1,2,1,11,70
2026-01-16 01:05:41.070313,1,1,1,11,67
2026-01-16 01:05:43.954219,1,1,1,11,65
2026-01-16 01:05:46.912029,1,1,1,11,65
2026-01-16 01:05:49.673455,1,1,1,11,65
2026-01-16 01:05:53.976817,1,1,1,11,66
2026-01-16 01:05:56.956751,1,2,1,11,67
2026-01-16 01:06:00.225994,1,1,1,11,67
2026-01-16 01:06:03.203063,1,1,1,11,67
2026-01-16 01:06:05.946115,1,1,1,11,67
2026-01-16 01:06:09.342428,1,1,1,11,67
2026-01-16 01:06:13.123145,1,2,4,11,68
2026-01-16 01:06:17.014139,1,2,21,11,68
2026-01-16 01:06:19.881617,1,2,2,11,68
2026-01-16 01:06:22.768658,1,2,2,11,68
2026-01-16 01:06:26.544403,1,1,1,11,68
2026-01-16 01:06:29.508985,1,2,1,11,68
2026-01-16 01:06:32.364537,1,1,1,11,68
2026-01-16 01:06:36.065889,1,1,1,11,68
2026-01-16 01:06:39.029555,1,1,2,11,68
2026-01-16 01:06:42.920266,1,1,1,11,70
2026-01-16 01:06:45.686740,1,1,1,11,73
2026-01-16 01:06:48.570765,1,1,1,11,76
2026-01-16 01:06:52.444302,1,1,1,12,79
2026-01-16 01:06:56.335537,1,2,1,16,73
2026-01-16 01:06:59.115402,1,1,2,17,71
2026-01-16 01:07:02.070135,1,1,1,19,71
2026-01-16 01:07:04.968914,1,1,3,19,71
2026-01-16 01:07:07.691748,1,1,1,19,71
2026-01-16 01:07:12.015077,1,1,1,18,71
2026-01-16 01:07:18.569129,1,1,1,21,71
2026-01-16 01:07:22.456437,1,1,1,21,71
2026-01-16 01:07:25.723923,1,1,1,21,71
2026-01-16 01:07:30.024386,1,1,1,22,71
2026-01-16 01:07:33.347791,1,2,1,22,71
2026-01-16 01:07:37.192749,1,1,1,22,71
2026-01-16 01:07:41.185087,1,1,2,20,71
2026-01-16 01:07:44.184587,1,1,1,17,69
2026-01-16 01:07:46.725533,1,1,1,17,69
2026-01-16 01:07:50.606837,1,2,2,14,68
2026-01-16 01:07:53.449434,1,1,1,14,67
2026-01-16 01:07:56.343063,1,1,1,14,67
2026-01-16 01:08:00.131034,1,1,1,14,67
2026-01-16 01:08:03.115339,1,1,3,14,67
2026-01-16 01:08:06.997658,1,1,1,14,67
2026-01-16 01:08:09.756153,1,1,1,14,67
2026-01-16 01:08:12.623801,1,1,1,13,67
2026-01-16 01:08:16.514557,1,1,3,13,67
2026-01-16 01:08:19.395855,1,1,2,13,67
2026-01-16 01:08:22.204989,1,1,1,13,67
2026-01-16 01:08:26.050896,1,1,1,13,67
2026-01-16 01:08:29.131802,1,1,1,15,67
2026-01-16 01:08:31.874571,1,1,1,15,67
2026-01-16 01:08:35.560535,1,1,1,18,70
2026-01-16 01:08:38.544353,1,1,2,19,73
2026-01-16 01:08:43.036953,1,1,2,20,79
2026-01-16 01:08:46.416124,1,1,2,20,82
2026-01-16 01:08:49.179571,1,1,2,21,85
2026-01-16 01:08:53.076643,1,1,1,22,88
2026-01-16 01:08:56.360947,1,1,1,21,91
2026-01-16 01:09:00.135283,1,2,1,20,94
2026-01-16 01:09:03.117098,1,1,2,20,97
2026-01-16 01:09:07.009281,1,1,1,18,89
2026-01-16 01:09:09.724176,1,1,1,17,86
2026-01-16 01:09:12.628455,1,1,1,16,83
2026-01-16 01:09:16.519818,1,1,1,15,83
2026-01-16 01:09:19.388903,1,1,1,15,83
2026-01-16 01:09:22.433179,1,1,1,14,79
2026-01-16 01:09:25.633536,1,1,1,14,73
2026-01-16 01:09:28.398575,1,1,1,14,69
2026-01-16 01:09:31.384135,1,1,2,14,66
2026-01-16 01:09:34.558275,1,1,1,14,63
2026-01-16 01:09:38.026621,1,1,1,14,62
2026-01-16 01:09:41.921271,1,1,1,14,62
2026-01-16 01:09:44.691888,1,1,1,14,62
2026-01-16 01:09:47.557290,1,1,1,14,62
2026-01-16 01:09:50.312446,1,1,1,14,62
2026-01-16 01:09:54.715925,1,1,1,14,62
2026-01-16 01:09:57.494611,1,1,1,14,62
2026-01-16 01:10:00.361763,1,1,1,14,62
2026-01-16 01:10:03.215924,1,1,1,14,62
2026-01-16 01:10:06.088997,1,1,1,14,62
2026-01-16 01:10:09.461326,1,1,1,14,62
2026-01-16 01:10:13.304699,1,2,1,14,62
2026-01-16 01:10:16.234683,1,1,4,14,62
2026-01-16 01:10:18.982010,1,1,1,14,62
2026-01-16 01:10:21.851569,1,1,1,14,62
2026-01-16 01:10:24.734557,1,2,5,14,62
2026-01-16 01:10:28.520366,1,1,1,14,62
2026-01-16 01:10:31.890734,1,1,1,14,62
2026-01-16 01:10:35.163413,1,2,1,14,62
2026-01-16 01:10:38.143090,1,1,1,14,62
2026-01-16 01:10:41.005542,1,2,5,14,62
2026-01-16 01:10:43.771680,1,2,1,14,62
2026-01-16 01:10:48.168739,1,1,2,15,62
2026-01-16 01:10:51.559548,1,1,4,16,62
2026-01-16 01:10:54.835653,1,2,5,16,62
2026-01-16 01:10:57.907841,1,2,13,16,62
2026-01-16 01:11:01.609402,1,2,41,16,107
2026-01-16 01:11:04.469239,1,2,5,23,110
2026-01-16 01:11:07.215950,1,2,11,24,113
2026-01-16 01:11:11.121364,1,2,6,23,116
2026-01-16 01:11:15.104742,1,1,6,24,119
2026-01-16 01:11:18.978487,1,1,1,24,122
2026-01-16 01:11:21.858407,1,2,3,21,116
2026-01-16 01:11:24.725485,1,2,7,19,110
2026-01-16 01:11:28.516678,1,2,3,18,104
2026-01-16 01:11:31.894997,1,1,3,17,98
2026-01-16 01:11:35.168407,1,1,5,14,92
2026-01-16 01:11:38.144620,1,2,1,13,86
2026-01-16 01:11:41.040293,1,2,3,13,80
2026-01-16 01:11:43.871343,1,1,1,13,74
2026-01-16 01:11:48.179460,1,2,1,12,71
2026-01-16 01:11:51.564738,1,2,2,13,68
2026-01-16 01:11:55.257980,1,1,3,12,72
2026-01-16 01:11:59.254737,1,2,1,13,73
2026-01-16 01:12:02.430897,1,2,1,13,72
2026-01-16 01:12:06.314827,1,2,7,13,72
2026-01-16 01:12:10.109764,1,2,4,13,72
2026-01-16 01:12:12.841586,1,2,4,13,69
2026-01-16 01:12:15.718662,1,2,3,13,67
2026-01-16 01:12:19.712302,1,2,7,13,67
2026-01-16 01:12:22.476467,1,2,81,15,67
2026-01-16 01:12:25.252583,1,2,13,23,108
2026-01-16 01:12:29.132985,1,2,15,24,111
2026-01-16 01:12:32.401008,1,2,2,23,114
2026-01-16 01:12:35.902127,1,2,7,23,117
2026-01-16 01:12:38.674246,1,2,4,23,120
2026-01-16 01:12:41.567986,1,1,1,22,120
2026-01-16 01:12:44.389812,1,2,13,22,114
2026-01-16 01:12:48.813598,1,1,2,21,102
2026-01-16 01:12:52.536709,1,2,8,20,96
2026-01-16 01:12:56.575904,1,2,11,18,90
2026-01-16 01:12:59.443766,1,2,2,17,84
2026-01-16 01:13:04.265207,1,2,8,16,73
2026-01-16 01:13:08.150674,1,2,8,15,70
2026-01-16 01:13:11.423568,1,2,16,14,67
2026-01-16 01:13:15.318444,1,1,11,14,64
2026-01-16 01:13:18.191476,1,2,1,14,64
2026-01-16 01:13:22.073641,1,2,2,14,67
2026-01-16 01:13:24.838837,1,2,2,14,70
2026-01-16 01:13:27.705772,1,2,12,14,71
2026-01-16 01:13:31.801075,1,2,6,14,71
2026-01-16 01:13:34.463623,1,2,14,14,71
2026-01-16 01:13:37.958841,1,2,11,14,71
2026-01-16 01:13:40.715646,1,2,38,14,71
2026-01-16 01:13:43.680670,1,2,6,14,71
2026-01-16 01:13:46.561201,1,2,4,14,71
2026-01-16 01:13:49.315718,1,1,3,14,71
2026-01-16 01:13:53.208192,1,1,1,14,71
2026-01-16 01:13:57.214552,1,1,1,14,71
2026-01-16 01:14:01.204015,1,2,1,14,71
2026-01-16 01:14:04.467895,1,1,1,14,71
2026-01-16 01:14:07.335149,1,2,1,14,74
2026-01-16 01:14:11.123699,1,1,1,14,74
2026-01-16 01:14:14.508715,1,1,1,14,74
2026-01-16 01:14:18.913208,1,2,1,14,74
2026-01-16 01:14:22.391418,1,2,1,14,74
2026-01-16 01:14:25.668065,1,2,2,14,73
2026-01-16 01:14:28.541566,1,1,1,14,70
2026-01-16 01:14:31.306509,1,2,2,13,71
2026-01-16 01:14:35.171175,1,1,1,13,74
2026-01-16 01:14:38.487970,1,1,1,15,74
2026-01-16 01:14:42.363755,1,1,1,17,74
2026-01-16 01:14:45.228704,1,1,1,17,74
2026-01-16 01:14:49.117543,1,1,5,16,74
2026-01-16 01:14:51.981427,1,1,3,16,74
2026-01-16 01:14:54.763523,1,2,5,15,74
2026-01-16 01:14:58.638239,1,1,1,14,74
2026-01-16 01:15:01.516591,1,2,1,13,74
2026-01-16 01:15:04.375604,1,1,1,13,73
2026-01-16 01:15:07.247956,1,2,1,12,73
2026-01-16 01:15:10.114262,1,1,4,13,73
2026-01-16 01:15:12.978018,1,1,1,14,73
2026-01-16 01:15:16.361428,1,2,3,16,73
2026-01-16 01:15:20.862316,1,2,3,15,73
2026-01-16 01:15:23.741350,1,1,1,14,73
2026-01-16 01:15:26.592689,1,1,1,13,73
2026-01-16 01:15:30.279202,1,1,3,12,73
2026-01-16 01:15:34.274035,1,1,1,12,73
2026-01-16 01:15:37.150733,1,1,1,11,73
2026-01-16 01:15:40.624104,1,2,1,11,73
2026-01-16 01:15:43.386561,1,2,4,11,73
2026-01-16 01:15:47.153334,1,2,1,12,76
2026-01-16 01:15:50.576328,1,2,3,17,77
2026-01-16 01:15:54.280590,1,2,3,19,77
2026-01-16 01:15:58.644159,1,2,1,20,76
2026-01-16 01:16:01.531887,1,1,1,21,74
2026-01-16 01:16:04.346439,1,1,4,20,74
2026-01-16 01:16:08.785440,1,1,1,16,74
2026-01-16 01:16:11.755544,1,1,1,15,76
2026-01-16 01:16:14.520989,1,2,1,14,76
2026-01-16 01:16:18.304651,1,1,2,13,76
2026-01-16 01:16:21.278250,1,1,1,13,76
2026-01-16 01:16:25.575827,1,2,1,15,73
2026-01-16 01:16:29.379836,1,2,1,17,70
2026-01-16 01:16:32.308689,1,1,5,18,67
2026-01-16 01:16:35.132694,1,1,1,19,65
2026-01-16 01:16:37.982166,1,2,3,19,65
2026-01-16 01:16:40.887939,1,2,1,20,68
2026-01-16 01:16:43.656596,1,1,2,21,70
2026-01-16 01:16:46.567587,1,2,3,21,70
2026-01-16 01:16:49.820194,1,1,2,21,68
2026-01-16 01:16:53.223408,1,1,1,18,65
2026-01-16 01:16:56.711314,1,2,1,15,62
2026-01-16 01:16:59.367518,1,1,1,14,62
2026-01-16 01:17:02.245897,1,1,1,13,62
2026-01-16 01:17:05.733264,1,1,1,14,62
2026-01-16 01:17:08.378474,1,1,1,15,62
2026-01-16 01:17:11.371524,1,2,1,16,62
2026-01-16 01:17:14.171894,1,1,1,18,62
2026-01-16 01:17:17.491122,1,2,1,19,62
2026-01-16 01:17:22.406476,1,1,1,19,62
2026-01-16 01:17:26.135056,1,1,1,21,64
2026-01-16 01:17:28.966335,1,1,3,21,67
2026-01-16 01:17:32.896087,1,1,1,22,70
2026-01-16 01:17:35.820949,1,1,1,22,73
2026-01-16 01:17:39.723081,1,1,2,22,76
2026-01-16 01:17:43.563883,1,1,1,21,74
2026-01-16 01:17:47.396385,1,2,1,18,71
2026-01-16 01:17:50.522226,1,1,2,15,69
2026-01-16 01:17:55.196037,1,1,2,14,69
2026-01-16 01:17:58.759170,1,1,1,13,69
2026-01-16 01:18:01.535908,1,1,1,12,69
2026-01-16 01:18:04.342087,1,1,3,12,69
2026-01-16 01:18:08.296567,1,1,1,11,69
2026-01-16 01:18:11.257030,1,1,1,11,69
2026-01-16 01:18:15.246948,1,1,3,11,69
2026-01-16 01:18:18.434267,1,1,1,11,69
2026-01-16 01:18:22.442895,1,1,1,11,69
2026-01-16 01:18:25.178598,1,1,1,11,69
2026-01-16 01:18:28.271021,1,1,1,11,69
2026-01-16 01:18:30.918555,1,1,1,11,69
2026-01-16 01:18:34.824236,1,1,2,11,69
2026-01-16 01:18:38.082777,1,2,3,11,69
2026-01-16 01:18:40.852617,1,1,1,11,69
2026-01-16 01:18:43.831928,1,1,1,11,68
2026-01-16 01:18:46.579937,1,1,2,11,65
2026-01-16 01:18:49.447792,1,2,1,11,65
2026-01-16 01:18:53.313290,1,2,1,11,65
2026-01-16 01:18:56.613963,1,2,2,11,65
2026-01-16 01:18:59.397307,1,1,1,11,65
2026-01-16 01:19:02.362122,1,2,1,11,65
2026-01-16 01:19:05.217811,1,1,3,11,65
2026-01-16 01:19:08.101074,1,1,1,11,65
2026-01-16 01:19:11.880948,1,2,1,11,65
2026-01-16 01:19:15.764008,1,1,1,11,65
2026-01-16 01:19:19.350400,1,1,2,11,64
2026-01-16 01:19:21.987156,1,1,1,11,64
2026-01-16 01:19:24.980175,1,2,2,11,64
2026-01-16 01:19:28.769282,1,1,1,11,64
2026-01-16 01:19:32.066173,1,1,1,11,64
2026-01-16 01:19:35.936462,1,2,1,11,64
2026-01-16 01:19:38.811623,1,2,2,11,64
2026-01-16 01:19:41.569103,1,1,1,11,64
2026-01-16 01:19:45.467420,1,1,1,11,64
2026-01-16 01:19:48.327866,1,2,1,11,64
2026-01-16 01:19:51.815539,1,1,1,11,64
2026-01-16 01:19:55.514596,1,1,1,11,67
2026-01-16 01:19:58.369213,1,2,2,11,68
2026-01-16 01:20:01.256326,1,1,2,11,68
2026-01-16 01:20:04.114995,1,1,2,11,68
2026-01-16 01:20:06.929272,1,1,1,11,68
2026-01-16 01:20:10.752256,1,1,1,11,69
2026-01-16 01:20:14.155939,1,1,1,11,72
2026-01-16 01:20:16.913150,1,2,2,11,75
2026-01-16 01:20:19.864891,1,1,1,11,78
2026-01-16 01:20:22.634608,1,2,2,11,81
2026-01-16 01:20:25.513648,1,1,2,11,81
2026-01-16 01:20:29.297528,1,1,1,11,81
2026-01-16 01:20:32.586911,1,1,2,11,81
2026-01-16 01:20:35.410675,1,2,1,11,81
2026-01-16 01:20:38.419634,1,1,2,11,81
2026-01-16 01:20:41.268133,1,1,1,11,81
2026-01-16 01:20:44.157752,1,1,1,11,75
2026-01-16 01:20:48.436639,1,2,2,11,71
2026-01-16 01:20:51.738828,1,1,2,11,68
2026-01-16 01:20:56.116506,1,1,2,11,64
2026-01-16 01:20:59.507072,1,1,2,12,64
2026-01-16 01:21:02.370595,1,1,1,13,64
2026-01-16 01:21:05.433978,1,1,1,13,64
2026-01-16 01:21:08.108212,1,1,1,13,64
2026-01-16 01:21:11.885151,1,1,1,13,64
2026-01-16 01:21:15.265420,1,2,3,13,64
2026-01-16 01:21:18.102452,1,1,3,13,63
2026-01-16 01:21:21.109329,1,1,2,13,63
2026-01-16 01:21:23.866134,1,1,2,13,63
2026-01-16 01:21:26.630415,1,2,1,13,63
2026-01-16 01:21:30.946765,1,1,1,13,63
2026-01-16 01:21:33.770397,1,1,2,13,63
2026-01-16 01:21:36.767980,1,2,4,13,63
2026-01-16 01:21:39.533337,1,1,1,12,63
2026-01-16 01:21:42.401178,1,2,1,12,63
2026-01-16 01:21:45.781075,1,1,2,12,63
2026-01-16 01:21:49.585925,1,1,2,12,63
2026-01-16 01:21:52.432578,1,1,1,12,63
2026-01-16 01:21:55.302942,1,2,1,12,63
2026-01-16 01:21:58.074064,1,1,1,12,63
2026-01-16 01:22:00.941868,1,2,1,12,63
2026-01-16 01:22:04.826914,1,1,1,12,63
2026-01-16 01:22:08.107438,1,1,1,12,63
2026-01-16 01:22:11.072950,1,1,1,12,63
2026-01-16 01:22:13.799172,1,1,1,12,63
2026-01-16 01:22:16.715218,1,1,1,12,63
2026-01-16 01:22:19.572719,1,1,1,12,63
2026-01-16 01:22:23.449129,1,1,1,12,63
2026-01-16 01:22:26.752602,1,2,2,12,63
2026-01-16 01:22:29.509570,1,1,2,12,63
2026-01-16 01:22:32.364625,1,1,1,12,63
2026-01-16 01:22:35.352759,1,1,1,12,63
2026-01-16 01:22:38.110363,1,1,2,12,63
2026-01-16 01:22:42.410370,1,2,1,12,65
2026-01-16 01:22:45.787471,1,1,2,12,68
2026-01-16 01:22:49.665894,1,1,1,12,71
2026-01-16 01:22:52.557151,1,2,1,13,71
2026-01-16 01:22:56.646935,1,1,2,13,70
2026-01-16 01:22:59.308217,1,1,1,13,70
2026-01-16 01:23:02.280437,1,1,3,13,70
2026-01-16 01:23:05.905769,1,1,1,13,70
2026-01-16 01:23:08.823999,1,1,1,13,70
2026-01-16 01:23:11.705470,1,2,1,13,70
2026-01-16 01:23:16.509938,1,2,1,13,70
2026-01-16 01:23:20.406117,1,2,1,13,70
2026-01-16 01:23:23.158945,1,1,1,13,70
2026-01-16 01:23:27.057499,1,1,1,13,70
2026-01-16 01:23:29.918210,1,1,1,13,70
2026-01-16 01:23:32.636301,1,2,2,12,70
2026-01-16 01:23:36.475445,1,1,1,12,67
2026-01-16 01:23:40.874570,1,1,1,12,69
2026-01-16 01:23:44.151576,1,1,1,12,69
2026-01-16 01:23:48.452513,1,1,1,12,69
2026-01-16 01:23:52.859525,1,1,1,12,70
2026-01-16 01:23:56.133298,1,1,1,13,71
2026-01-16 01:23:59.921778,1,1,2,13,71
2026-01-16 01:24:03.918340,1,2,1,13,71
2026-01-16 01:24:07.607359,1,1,1,13,71
2026-01-16 01:24:11.496482,1,1,1,13,71
2026-01-16 01:24:14.469705,1,1,1,13,71
2026-01-16 01:24:17.165053,1,2,1,13,71
2026-01-16 01:24:21.043876,1,2,2,13,71
2026-01-16 01:24:23.887428,1,2,2,13,71
2026-01-16 01:24:26.769204,1,1,1,13,71
2026-01-16 01:24:30.548129,1,1,1,13,71
2026-01-16 01:24:33.414570,1,1,3,13,71
2026-01-16 01:24:37.408675,1,1,1,13,74
2026-01-16 01:24:40.168626,1,1,3,13,77
2026-01-16 01:24:43.040032,1,2,3,13,76
2026-01-16 01:24:46.942130,1,1,1,13,73
2026-01-16 01:24:50.206898,1,1,1,13,72
2026-01-16 01:24:53.579243,1,1,1,13,69
2026-01-16 01:24:56.957869,1,1,1,13,67
2026-01-16 01:24:59.693704,1,2,32,13,64
2026-01-16 01:25:03.622944,1,2,9,13,62
2026-01-16 01:25:06.482350,1,2,7,13,62
2026-01-16 01:25:09.861698,1,2,4,13,62
2026-01-16 01:25:13.258417,1,2,32,14,62
2026-01-16 01:25:15.995687,1,2,19,14,63
2026-01-16 01:25:19.901183,1,2,19,15,66
2026-01-16 01:25:22.746279,1,2,7,15,69
2026-01-16 01:25:25.635603,1,1,3,15,71
2026-01-16 01:25:29.412415,1,1,1,15,71
2026-01-16 01:25:32.371702,1,1,1,15,71
2026-01-16 01:25:35.874834,1,2,1,15,71
2026-01-16 01:25:39.613070,1,1,1,15,71
2026-01-16 01:25:42.530066,1,1,1,15,71
2026-01-16 01:25:45.809478,1,1,1,15,71
2026-01-16 01:25:49.595517,1,1,1,15,65
2026-01-16 01:25:52.579118,1,1,2,15,63
2026-01-16 01:25:55.955794,1,1,1,15,63
2026-01-16 01:25:58.911901,1,1,1,15,63
2026-01-16 01:26:01.679826,1,2,2,15,63
2026-01-16 01:26:05.462986,1,1,1,15,63
2026-01-16 01:26:08.755988,1,1,1,14,63
2026-01-16 01:26:12.657980,1,1,1,13,63
2026-01-16 01:26:15.502379,1,1,1,13,63
2026-01-16 01:26:19.409348,1,1,1,13,63
2026-01-16 01:26:23.288199,1,1,1,12,63
2026-01-16 01:26:25.133756,1,2,2,12,63
2026-01-16 01:26:28.912725,1,2,1,12,63
2026-01-16 01:26:32.192467,1,2,1,13,63
2026-01-16 01:26:35.060261,1,1,1,13,63
2026-01-16 01:26:37.940666,1,1,1,13,63
2026-01-16 01:26:40.795347,1,1,1,13,63
2026-01-16 01:26:43.668100,1,2,1,13,63
2026-01-16 01:26:47.455902,1,1,2,13,63
2026-01-16 01:26:50.438036,1,2,1,13,63
2026-01-16 01:26:53.806331,1,1,1,13,63
2026-01-16 01:26:58.711070,1,1,1,14,63
2026-01-16 01:27:01.996299,1,2,3,16,63
2026-01-16 01:27:04.859509,1,1,1,17,63
2026-01-16 01:27:07.721055,1,1,1,18,63
2026-01-16 01:27:11.210283,1,1,1,19,63
2026-01-16 01:27:13.980361,1,1,1,17,63
2026-01-16 01:27:16.791463,1,2,2,15,63
2026-01-16 01:27:19.656518,1,1,1,17,65
2026-01-16 01:27:23.506487,1,1,1,17,68
2026-01-16 01:27:26.870692,1,2,2,14,69
2026-01-16 01:27:29.652726,1,1,1,13,66
2026-01-16 01:27:32.504064,1,1,1,13,63
2026-01-16 01:27:35.586558,1,1,1,13,63
2026-01-16 01:27:38.236267,1,1,1,13,63
2026-01-16 01:27:42.053919,1,2,1,12,63
2026-01-16 01:27:45.874878,1,1,1,12,63
2026-01-16 01:27:49.308089,1,1,3,12,63
2026-01-16 01:27:52.166554,1,1,1,12,64
2026-01-16 01:27:56.067415,1,1,1,12,64
2026-01-16 01:27:58.923599,1,2,3,12,64
2026-01-16 01:28:02.309438,1,1,1,13,64
2026-01-16 01:28:06.211016,1,1,1,13,64
2026-01-16 01:28:08.970396,1,1,2,12,64
2026-01-16 01:28:11.840535,1,1,1,12,64
2026-01-16 01:28:16.227400,1,1,1,12,64
2026-01-16 01:28:19.202022,1,2,1,12,64
2026-01-16 01:28:23.001269,1,1,2,12,64
2026-01-16 01:28:26.892294,1,1,1,12,64
2026-01-16 01:28:30.666485,1,1,1,12,63
2026-01-16 01:28:33.532322,1,1,1,12,63
2026-01-16 01:28:36.972703,1,2,1,12,63
2026-01-16 01:28:39.684587,1,1,2,12,63
2026-01-16 01:28:42.545858,1,2,1,12,63
2026-01-16 01:28:49.007487,1,2,1,16,64
2026-01-16 01:28:51.968881,1,1,1,17,67
2026-01-16 01:28:54.713343,1,1,1,18,67
2026-01-16 01:28:57.597363,1,1,1,19,67
2026-01-16 01:29:01.488194,1,1,1,21,71
2026-01-16 01:29:04.374502,1,1,1,22,74
2026-01-16 01:29:07.119932,1,1,1,22,77
2026-01-16 01:29:11.024767,1,1,2,20,78
2026-01-16 01:29:14.295695,1,1,1,17,76
2026-01-16 01:29:18.077268,1,1,1,16,76
2026-01-16 01:29:21.906599,1,1,1,18,77
2026-01-16 01:29:25.758785,1,1,1,19,77
2026-01-16 01:29:29.546079,1,1,2,17,77
2026-01-16 01:29:32.801285,1,1,1,14,73
2026-01-16 01:29:37.258095,1,1,1,13,67
2026-01-16 01:29:40.505955,1,1,1,13,65
2026-01-16 01:29:43.387781,1,1,1,12,65
2026-01-16 01:29:46.147974,1,1,1,12,65
2026-01-16 01:29:48.983696,1,1,1,12,65
2026-01-16 01:29:51.868978,1,2,2,12,65
2026-01-16 01:29:54.739960,1,1,1,12,65
2026-01-16 01:29:57.631999,1,2,1,12,65
2026-01-16 01:30:01.494651,1,2,1,12,65
2026-01-16 01:30:04.373514,1,1,1,12,65
2026-01-16 01:30:08.211424,1,1,1,12,65
2026-01-16 01:30:11.036133,1,1,1,12,65
2026-01-16 01:30:13.885286,1,1,1,12,65
2026-01-16 01:30:16.760880,1,1,2,12,65
2026-01-16 01:30:20.651005,1,1,1,14,63
2026-01-16 01:30:23.528797,1,1,1,16,62
2026-01-16 01:30:26.903923,1,1,1,17,62
2026-01-16 01:30:31.301544,1,1,1,18,62
2026-01-16 01:30:34.473637,1,1,1,18,62
2026-01-16 01:30:37.334428,1,1,1,17,62
2026-01-16 01:30:40.224870,1,2,2,15,62
2026-01-16 01:30:44.104478,1,1,1,17,63
2026-01-16 01:30:47.985105,1,1,1,17,66
2026-01-16 01:30:50.966199,1,1,1,16,69
2026-01-16 01:30:54.642172,1,1,1,15,69
2026-01-16 01:30:59.169619,1,1,1,14,69
2026-01-16 01:31:02.333263,1,1,1,13,69
2026-01-16 01:31:06.212072,1,1,1,15,69
2026-01-16 01:31:09.069219,1,1,1,15,69
2026-01-16 01:31:13.499430,1,1,1,16,69
2026-01-16 01:31:16.358850,1,1,1,17,71
2026-01-16 01:31:19.323947,1,1,1,17,74
2026-01-16 01:31:23.025754,1,1,1,18,75
2026-01-16 01:31:26.393186,1,1,1,18,72
2026-01-16 01:31:29.763981,1,1,1,17,69
2026-01-16 01:31:32.640151,1,2,1,16,66
2026-01-16 01:31:36.121209,1,1,1,17,69
2026-01-16 01:31:38.877973,1,1,1,17,68
2026-01-16 01:31:43.280580,1,1,1,16,65
2026-01-16 01:31:47.069612,1,1,1,15,65
2026-01-16 01:31:50.554899,1,1,1,14,65
2026-01-16 01:31:53.930706,1,1,1,13,65
2026-01-16 01:31:57.718046,1,1,1,13,65
2026-01-16 01:32:00.688977,1,1,1,12,65
2026-01-16 01:32:04.067907,1,1,1,12,65
2026-01-16 01:32:07.856939,1,1,2,12,65
2026-01-16 01:32:13.182227,1,2,1,12,66
2026-01-16 01:32:17.074036,1,1,1,12,69
2026-01-16 01:32:20.316634,1,1,1,12,72
2026-01-16 01:32:24.146672,1,1,1,13,75
2026-01-16 01:32:28.046499,1,1,1,15,78
2026-01-16 01:32:31.818595,1,2,1,14,84
2026-01-16 01:32:35.575191,1,1,1,16,81
2026-01-16 01:32:38.902970,1,1,1,15,78
2026-01-16 01:32:42.781485,1,1,1,14,75
2026-01-16 01:32:47.058931,1,2,1,16,74
2026-01-16 01:32:50.350558,1,2,2,17,74
2026-01-16 01:32:54.794800,1,1,1,20,75
2026-01-16 01:32:58.208495,1,1,1,21,81
2026-01-16 01:33:01.008354,1,1,1,21,82
2026-01-16 01:33:03.885918,1,1,1,21,82
2026-01-16 01:33:06.643899,1,1,1,21,79
2026-01-16 01:33:10.121473,1,1,1,21,76
2026-01-16 01:33:13.810274,1,1,1,21,74
2026-01-16 01:33:19.750280,1,2,2,21,74
2026-01-16 01:33:23.652315,1,2,6,22,76
2026-01-16 01:33:26.910298,1,2,4,22,79
2026-01-16 01:33:30.802091,1,2,9,23,80
2026-01-16 01:33:35.110859,1,2,14,23,74
2026-01-16 01:33:38.478345,1,2,5,23,71
2026-01-16 01:33:41.859179,1,1,5,20,68
2026-01-16 01:33:44.827475,1,2,1,19,65
2026-01-16 01:33:47.599500,1,2,4,18,63
2026-01-16 01:33:50.366386,1,1,1,18,63
2026-01-16 01:33:54.259413,1,2,3,15,63
2026-01-16 01:33:58.050091,1,1,4,14,63
2026-01-16 01:34:02.557206,1,1,3,13,62
2026-01-16 01:34:05.819542,1,1,2,12,64
2026-01-16 01:34:08.695706,1,2,1,12,67
2026-01-16 01:34:11.657289,1,2,1,11,64
2026-01-16 01:34:14.427390,1,2,6,11,63
2026-01-16 01:34:18.210535,1,1,1,11,63
2026-01-16 01:34:21.179305,1,2,1,12,63
2026-01-16 01:34:23.944988,1,2,5,15,63
2026-01-16 01:34:28.879904,1,1,3,15,63
2026-01-16 01:34:32.147124,1,1,1,14,63
2026-01-16 01:34:35.003806,1,2,5,13,63
2026-01-16 01:34:37.973267,1,1,4,12,63
2026-01-16 01:34:41.667364,1,2,1,12,63
2026-01-16 01:34:44.935648,1,2,1,11,63
2026-01-16 01:34:48.842431,1,2,1,12,63
2026-01-16 01:34:52.655305,1,2,4,13,63
2026-01-16 01:34:55.483843,1,1,3,14,63
2026-01-16 01:34:58.355203,1,2,1,15,63
2026-01-16 01:35:02.766882,1,2,5,14,63
2026-01-16 01:35:06.132932,1,2,15,13,63
2026-01-16 01:35:09.015123,1,2,12,12,63
2026-01-16 01:35:12.835022,1,2,1,12,63
2026-01-16 01:35:16.703992,1,1,1,12,63
2026-01-16 01:35:19.513809,1,1,1,12,63
2026-01-16 01:35:22.329832,1,1,1,14,64
2026-01-16 01:35:26.218240,1,1,1,14,64
2026-01-16 01:35:29.399627,1,1,1,13,65
2026-01-16 01:35:31.834728,1,1,1,14,65
2026-01-16 01:35:35.729524,1,1,1,15,66
2026-01-16 01:35:39.015383,1,1,1,18,69
2026-01-16 01:35:42.618553,1,1,1,18,72
2026-01-16 01:35:45.261307,1,1,1,17,75
2026-01-16 01:35:48.229897,1,1,1,16,74
2026-01-16 01:35:50.974232,1,1,1,16,73
2026-01-16 01:35:54.989877,1,2,1,15,73
2026-01-16 01:35:59.176090,1,2,3,16,73
2026-01-16 01:36:04.390611,1,2,1,18,76
2026-01-16 01:36:07.060670,1,2,1,18,74
2026-01-16 01:36:09.825770,1,1,1,18,74
2026-01-16 01:36:13.026034,1,1,1,18,74
2026-01-16 01:36:16.199900,1,1,2,19,71
2026-01-16 01:36:19.861531,1,1,1,20,70
2026-01-16 01:36:23.696278,1,1,1,20,70
2026-01-16 01:36:26.618667,1,1,3,22,72
2026-01-16 01:36:29.497573,1,1,1,22,75
2026-01-16 01:36:33.378683,1,1,1,21,78
2026-01-16 01:36:36.450214,1,1,1,19,79
2026-01-16 01:36:39.009715,1,1,1,18,79
2026-01-16 01:36:42.930481,1,1,1,19,79
2026-01-16 01:36:45.767326,1,1,1,20,82
2026-01-16 01:36:49.668967,1,1,1,21,88
2026-01-16 01:36:52.634470,1,1,1,22,88
2026-01-16 01:36:55.394207,1,2,1,22,88
2026-01-16 01:36:59.218947,1,1,1,22,88
2026-01-16 01:37:02.566777,1,1,1,22,88
2026-01-16 01:37:05.957133,1,1,1,22,88
2026-01-16 01:37:08.811408,1,2,1,21,88
2026-01-16 01:37:11.680684,1,1,1,21,88
2026-01-16 01:37:14.560842,1,2,1,21,88
2026-01-16 01:37:18.331329,1,1,1,18,88
2026-01-16 01:37:22.182897,1,1,1,18,88
2026-01-16 01:37:25.962492,1,1,1,16,88
2026-01-16 01:37:29.696782,1,1,1,17,86
2026-01-16 01:37:33.108883,1,1,1,19,82
2026-01-16 01:37:36.976647,1,1,1,20,79
2026-01-16 01:37:41.277124,1,1,1,20,73
2026-01-16 01:37:44.564821,1,1,1,21,70
2026-01-16 01:37:48.437620,1,1,1,21,67
2026-01-16 01:37:51.204105,1,1,1,21,67
2026-01-16 01:37:54.110888,1,1,1,18,70
2026-01-16 01:37:57.968063,1,1,1,16,73
2026-01-16 01:38:00.866133,1,1,1,18,70
2026-01-16 01:38:04.310000,1,1,2,16,67
2026-01-16 01:38:07.891849,1,1,1,14,67
2026-01-16 01:38:10.861398,1,1,1,17,67
2026-01-16 01:38:15.268514,1,1,1,20,66
2026-01-16 01:38:18.018678,1,1,1,21,66
2026-01-16 01:38:22.023240,1,1,1,18,66
2026-01-16 01:38:24.901754,1,1,1,17,66
2026-01-16 01:38:28.166834,1,1,1,19,66
2026-01-16 01:38:31.761398,1,1,1,20,66
2026-01-16 01:38:34.515688,1,1,1,21,63
2026-01-16 01:38:37.336978,1,1,1,21,63
2026-01-16 01:38:41.276649,1,1,1,21,63
2026-01-16 01:38:44.567740,1,1,1,22,63
2026-01-16 01:38:48.852216,1,1,1,23,62
2026-01-16 01:38:53.269826,1,1,1,23,62
2026-01-16 01:38:56.147232,1,1,1,23,62
2026-01-16 01:38:58.997658,1,1,1,23,63
2026-01-16 01:39:02.965225,1,1,1,23,66
2026-01-16 01:39:05.757916,1,1,1,23,69
2026-01-16 01:39:08.614655,1,1,1,23,71
2026-01-16 01:39:11.880557,1,2,1,23,71
2026-01-16 01:39:14.870725,1,1,1,21,71
2026-01-16 01:39:17.732951,1,1,1,18,70
2026-01-16 01:39:20.609268,1,1,1,18,69
2026-01-16 01:39:24.384270,1,1,2,15,69
2026-01-16 01:39:28.179962,1,1,1,13,69
2026-01-16 01:39:31.964856,1,1,1,13,69
2026-01-16 01:39:35.774712,1,1,1,13,69
2026-01-16 01:39:39.151158,1,1,1,13,69
2026-01-16 01:39:42.927967,1,1,1,13,69
2026-01-16 01:39:47.229750,1,1,1,13,69
2026-01-16 01:39:50.637733,1,1,1,12,71
2026-01-16 01:39:54.389502,1,1,1,12,74
2026-01-16 01:39:57.257855,1,1,1,12,76
2026-01-16 01:40:00.152034,1,1,1,12,77
2026-01-16 01:40:04.030496,1,1,1,12,80
2026-01-16 01:40:06.893970,1,1,1,12,80
2026-01-16 01:40:10.366279,1,1,1,12,75
2026-01-16 01:40:13.953718,1,1,1,12,69
2026-01-16 01:40:16.919360,1,1,1,12,66
2026-01-16 01:40:20.302245,1,1,1,12,63
2026-01-16 01:40:23.270813,1,1,1,12,63
2026-01-16 01:40:25.946795,1,1,1,12,63
2026-01-16 01:40:29.802016,1,2,1,12,63
2026-01-16 01:40:33.204779,1,1,1,12,63
2026-01-16 01:40:37.003481,1,1,1,14,63
2026-01-16 01:40:39.853308,1,1,1,14,65
2026-01-16 01:40:43.755208,1,1,1,14,67
2026-01-16 01:40:46.636436,1,1,1,14,64
2026-01-16 01:40:49.401819,1,1,1,14,64
2026-01-16 01:40:53.267022,1,1,1,14,64
2026-01-16 01:40:56.756019,1,1,1,14,64
2026-01-16 01:40:59.377487,1,1,1,15,64
2026-01-16 01:41:02.393977,1,1,1,15,64
2026-01-16 01:41:05.154540,1,1,1,15,64
2026-01-16 01:41:08.053685,1,1,1,15,64
2026-01-16 01:41:11.904948,1,1,1,15,64
2026-01-16 01:41:15.190664,1,1,1,15,64
2026-01-16 01:41:17.940131,1,1,1,15,64
2026-01-16 01:41:20.915571,1,1,1,15,64
2026-01-16 01:41:23.797306,1,1,1,15,64
2026-01-16 01:41:26.661810,1,1,2,15,64
2026-01-16 01:41:30.448791,1,1,1,15,64
2026-01-16 01:41:34.455301,1,1,1,15,63
2026-01-16 01:41:37.608129,1,1,1,15,63
2026-01-16 01:41:40.576979,1,1,1,15,63
2026-01-16 01:41:44.364834,1,1,1,15,63
2026-01-16 01:41:47.233770,1,1,1,16,63
2026-01-16 01:41:50.004872,1,1,1,15,63
2026-01-16 01:41:53.902115,1,1,1,15,66
2026-01-16 01:41:56.857580,1,1,2,16,67
2026-01-16 01:42:00.134226,1,1,1,17,66
2026-01-16 01:42:04.038923,1,1,1,18,63
2026-01-16 01:42:06.906848,1,2,1,17,62
2026-01-16 01:42:10.342254,1,1,1,16,62
2026-01-16 01:42:14.061389,1,1,1,16,62
2026-01-16 01:42:16.927658,1,1,1,15,62
2026-01-16 01:42:20.409632,1,1,1,15,62
2026-01-16 01:42:23.175975,1,1,1,14,62
2026-01-16 01:42:26.053217,1,1,1,14,62
2026-01-16 01:42:29.936737,1,2,1,16,63
2026-01-16 01:42:33.212522,1,1,1,18,66
2026-01-16 01:42:37.008325,1,1,1,18,69
2026-01-16 01:42:39.968987,1,1,1,17,72
2026-01-16 01:42:43.858855,1,1,1,16,68
2026-01-16 01:42:46.604966,1,1,1,17,66
2026-01-16 01:42:49.491107,1,2,2,16,66
2026-01-16 01:42:53.311443,1,1,1,16,66
2026-01-16 01:42:56.672584,1,1,1,15,66
2026-01-16 01:42:59.629726,1,1,1,15,65
2026-01-16 01:43:02.399102,1,2,2,14,65
2026-01-16 01:43:05.262267,1,1,1,14,65
2026-01-16 01:43:08.026369,1,1,1,14,65
2026-01-16 01:43:11.916170,1,1,1,14,65
2026-01-16 01:43:15.193322,1,1,2,14,65
2026-01-16 01:43:18.094473,1,1,1,14,65
2026-01-16 01:43:20.928756,1,1,1,14,65
2026-01-16 01:43:23.907869,1,1,1,14,65
2026-01-16 01:43:26.605034,1,1,1,14,64
2026-01-16 01:43:30.561919,1,1,1,14,64
2026-01-16 01:43:34.354304,1,1,1,14,64
2026-01-16 01:43:37.721960,1,1,1,14,64
2026-01-16 01:43:40.503747,1,1,1,14,64
2026-01-16 01:43:44.377913,1,1,1,14,64
2026-01-16 01:43:47.358395,1,1,1,14,64
2026-01-16 01:43:50.112115,1,1,1,14,64
2026-01-16 01:43:53.917901,1,1,1,14,64
2026-01-16 01:43:57.283441,1,1,1,14,64
2026-01-16 01:44:00.059556,1,1,1,14,64
2026-01-16 01:44:03.014842,1,1,1,14,64
2026-01-16 01:44:05.888318,1,1,1,14,64
2026-01-16 01:44:08.652792,1,1,1,14,64
2026-01-16 01:44:12.546074,1,1,1,14,64
2026-01-16 01:44:16.325726,1,2,1,14,64
2026-01-16 01:44:19.704752,1,1,1,14,64
2026-01-16 01:44:22.470546,1,1,1,14,64
2026-01-16 01:44:26.465127,1,1,1,14,64
2026-01-16 01:44:29.342998,1,1,1,14,64
2026-01-16 01:44:32.275820,1,1,1,14,64
2026-01-16 01:44:35.999569,1,1,1,14,64
2026-01-16 01:44:38.956887,1,1,1,15,64
2026-01-16 01:44:42.247629,1,1,1,15,64
2026-01-16 01:44:46.133336,1,2,1,15,64
2026-01-16 01:44:49.108724,1,1,1,15,64
2026-01-16 01:44:52.371637,1,1,1,15,64
2026-01-16 01:44:56.074194,1,1,1,15,64
2026-01-16 01:44:59.954171,1,1,1,15,64
2026-01-16 01:45:02.918992,1,1,1,15,64
2026-01-16 01:45:05.797423,1,1,1,15,64
2026-01-16 01:45:09.575210,1,1,1,15,64
2026-01-16 01:45:12.409246,1,1,1,15,64
2026-01-16 01:45:15.311202,1,1,1,16,64
2026-01-16 01:45:19.101703,1,1,1,16,64
2026-01-16 01:45:21.968715,1,2,1,16,64
2026-01-16 01:45:25.857217,1,1,1,16,64
2026-01-16 01:45:28.830287,1,1,1,16,64
2026-01-16 01:45:31.599410,1,1,1,16,64
2026-01-16 01:45:35.386492,1,1,1,16,64
2026-01-16 01:45:38.770762,1,1,1,16,64
2026-01-16 01:45:41.625576,1,1,1,16,64
2026-01-16 01:45:44.502940,1,1,1,16,64
2026-01-16 01:45:47.359925,1,1,1,16,64
2026-01-16 01:45:50.129098,1,1,1,16,64
2026-01-16 01:45:54.016788,1,1,1,16,64
2026-01-16 01:45:57.267511,1,1,1,16,64
2026-01-16 01:46:00.701792,1,1,1,16,64
2026-01-16 01:46:03.577409,1,1,1,16,64
2026-01-16 01:46:06.508259,1,1,1,16,62
2026-01-16 01:46:09.224102,1,1,1,16,62
2026-01-16 01:46:13.062069,1,1,1,17,62
2026-01-16 01:46:17.506151,1,1,1,17,62
2026-01-16 01:46:20.333112,1,1,1,17,62
2026-01-16 01:46:23.105022,1,1,1,17,62
2026-01-16 01:46:26.972437,1,1,1,17,62
2026-01-16 01:46:29.961468,1,1,1,17,62
2026-01-16 01:46:32.703901,1,1,1,17,62
2026-01-16 01:46:36.511676,1,1,1,17,62
2026-01-16 01:46:41.530124,1,2,1,17,62
2026-01-16 01:46:44.309066,1,1,1,17,62
2026-01-16 01:46:47.162666,1,1,1,17,62
2026-01-16 01:46:51.060811,1,1,1,17,62
2026-01-16 01:46:53.919637,1,1,1,17,62
2026-01-16 01:46:56.899368,1,1,1,17,62
2026-01-16 01:47:00.590356,1,1,1,17,62
2026-01-16 01:47:03.549322,1,1,1,18,62
2026-01-16 01:47:06.247591,1,1,1,18,62
2026-01-16 01:47:10.201068,1,1,1,18,62
2026-01-16 01:47:13.068350,1,1,1,18,62
2026-01-16 01:47:16.460334,1,1,1,18,62
2026-01-16 01:47:20.126342,1,1,1,18,62
2026-01-16 01:47:23.004564,1,2,1,18,65
2026-01-16 01:47:25.984665,1,1,3,19,68
2026-01-16 01:47:28.748840,1,1,1,19,71
2026-01-16 01:47:31.704189,1,1,1,19,74
2026-01-16 01:47:35.429634,1,1,1,18,77
2026-01-16 01:47:38.770783,1,1,1,17,78
2026-01-16 01:47:41.646885,1,1,1,16,78
2026-01-16 01:47:44.510915,1,1,1,16,72
2026-01-16 01:47:47.373014,1,1,1,15,69
2026-01-16 01:47:50.146464,1,1,1,15,66
2026-01-16 01:47:54.045168,1,1,1,15,63
2026-01-16 01:47:57.408046,1,2,1,15,63
2026-01-16 01:48:00.161542,1,1,1,15,63
2026-01-16 01:48:03.044420,1,1,1,15,63
2026-01-16 01:48:06.009292,1,2,1,15,62
2026-01-16 01:48:08.855894,1,1,2,15,62
2026-01-16 01:48:12.664990,1,1,1,15,62
2026-01-16 01:48:16.558324,1,1,1,15,62
2026-01-16 01:48:19.941517,1,1,1,15,62
2026-01-16 01:48:23.110513,1,1,3,15,62
2026-01-16 01:48:25.668925,1,1,1,15,62
2026-01-16 01:48:29.461204,1,1,1,15,62
2026-01-16 01:48:32.756822,1,1,1,15,65
2026-01-16 01:48:36.113559,1,1,1,15,68
2026-01-16 01:48:39.083329,1,1,2,15,71
2026-01-16 01:48:41.958975,1,1,1,15,74
2026-01-16 01:48:44.803493,1,1,1,15,75
2026-01-16 01:48:49.119382,1,1,1,15,75
2026-01-16 01:48:53.010149,1,1,1,15,78
2026-01-16 01:48:55.979740,1,1,1,15,81
2026-01-16 01:48:59.359471,1,1,1,15,82
2026-01-16 01:49:02.226464,1,1,1,16,82
2026-01-16 01:49:06.013883,1,1,3,16,81
2026-01-16 01:49:09.399787,1,2,2,15,81
2026-01-16 01:49:13.670632,1,1,1,15,81
2026-01-16 01:49:17.176252,1,1,1,15,81
2026-01-16 01:49:20.657154,1,1,1,15,81
2026-01-16 01:49:23.524761,1,1,1,15,81
2026-01-16 01:49:26.196038,1,1,1,15,81
2026-01-16 01:49:30.016177,1,1,1,15,80
2026-01-16 01:49:33.348660,1,1,1,15,77
2026-01-16 01:49:37.147905,1,1,1,15,77
2026-01-16 01:49:40.112612,1,1,2,15,77
2026-01-16 01:49:44.009459,1,1,1,15,77
2026-01-16 01:49:46.871453,1,1,1,15,77
2026-01-16 01:49:49.649474,1,1,1,15,77
2026-01-16 01:49:53.533446,1,1,1,16,77
2026-01-16 01:49:56.802628,1,1,1,17,78
2026-01-16 01:49:59.695558,1,1,1,18,81
2026-01-16 01:50:02.549130,1,1,1,20,82
2026-01-16 01:50:05.406515,1,1,1,21,82
2026-01-16 01:50:08.205108,1,1,1,22,82
2026-01-16 01:50:12.069039,1,1,1,23,82
2026-01-16 01:50:15.548586,1,1,2,24,82
2026-01-16 01:50:18.308118,1,1,1,24,82
2026-01-16 01:50:21.694227,1,1,1,25,82
2026-01-16 01:50:24.656693,1,1,1,25,82
2026-01-16 01:50:27.422294,1,1,1,25,82
2026-01-16 01:50:31.210301,1,1,1,25,82
2026-01-16 01:50:35.615711,1,1,1,25,84
2026-01-16 01:50:38.599694,1,1,1,25,78
2026-01-16 01:50:41.255736,1,1,1,24,73
2026-01-16 01:50:45.146373,1,1,2,23,70
2026-01-16 01:50:48.005780,1,1,2,23,67
2026-01-16 01:50:50.856210,1,1,1,23,64
2026-01-16 01:50:54.660368,1,1,1,23,63
2026-01-16 01:50:58.051172,1,1,1,23,63
2026-01-16 01:51:01.418908,1,1,1,23,63
2026-01-16 01:51:04.284321,1,1,1,23,63
2026-01-16 01:51:07.176059,1,1,1,23,63
2026-01-16 01:51:10.478381,1,1,1,23,63
2026-01-16 01:51:14.423011,1,1,1,24,69
2026-01-16 01:51:18.109291,1,1,1,24,72
2026-01-16 01:51:21.180951,1,1,1,24,75
2026-01-16 01:51:23.852655,1,1,1,24,78
2026-01-16 01:51:27.734042,1,1,3,19,78
2026-01-16 01:51:30.601458,1,1,1,17,73
2026-01-16 01:51:33.373262,1,1,1,16,70
2026-01-16 01:51:37.202226,1,1,1,16,67
2026-01-16 01:51:40.126183,1,1,1,18,65
2026-01-16 01:51:44.033515,1,1,1,19,70
2026-01-16 01:51:46.910694,1,1,1,20,73
2026-01-16 01:51:49.751414,1,1,1,19,76
2026-01-16 01:51:53.648145,1,1,1,17,75
2026-01-16 01:51:57.021224,1,1,1,16,72
2026-01-16 01:51:59.650457,1,1,1,16,72
2026-01-16 01:52:02.759164,1,2,3,15,72
2026-01-16 01:52:05.524439,1,1,1,15,72
2026-01-16 01:52:08.387424,1,1,1,14,72
2026-01-16 01:52:12.176314,1,1,1,15,72
2026-01-16 01:52:15.457015,1,1,1,17,72
2026-01-16 01:52:18.934882,1,1,1,16,72
2026-01-16 01:52:21.668029,1,1,1,15,72
2026-01-16 01:52:24.668926,1,1,1,14,72
2026-01-16 01:52:27.433983,1,1,1,13,72
2026-01-16 01:52:31.194011,1,1,1,14,75
2026-01-16 01:52:35.625706,1,1,1,14,81
2026-01-16 01:52:38.501791,1,1,1,14,84
2026-01-16 01:52:41.257403,1,1,1,14,85
2026-01-16 01:52:45.154930,1,1,1,18,85
2026-01-16 01:52:48.058801,1,1,1,19,85
2026-01-16 01:52:50.852050,1,1,3,19,83
2026-01-16 01:52:54.675731,1,1,1,18,80
2026-01-16 01:52:58.121496,1,1,1,19,76
2026-01-16 01:53:02.053745,1,1,1,20,69
2026-01-16 01:53:05.004153,1,1,1,21,66
2026-01-16 01:53:07.790734,1,1,1,22,64
2026-01-16 01:53:11.567841,1,1,1,23,65
2026-01-16 01:53:14.947934,1,1,1,23,68
2026-01-16 01:53:18.744140,1,1,1,24,71
2026-01-16 01:53:21.615683,1,2,1,24,74
2026-01-16 01:53:24.470840,1,1,1,25,77
2026-01-16 01:53:28.370712,1,1,1,25,80
2026-01-16 01:53:31.252796,1,1,1,25,83
2026-01-16 01:53:34.612281,1,1,1,25,86
2026-01-16 01:53:38.303520,1,1,1,25,91
2026-01-16 01:53:42.195380,1,1,1,25,91
2026-01-16 01:53:45.463253,1,1,1,22,90
2026-01-16 01:53:49.256211,1,1,1,20,85
2026-01-16 01:53:53.659585,1,1,1,19,75
2026-01-16 01:53:56.955351,1,1,1,18,71
2026-01-16 01:54:00.822207,1,1,1,17,68
2026-01-16 01:54:03.694552,1,1,1,18,65
2026-01-16 01:54:06.455387,1,1,1,20,64
2026-01-16 01:54:11.266706,1,1,1,21,70
2026-01-16 01:54:14.656537,1,1,1,22,73
2026-01-16 01:54:17.513140,1,1,1,23,76
2026-01-16 01:54:20.399091,1,1,1,23,79
2026-01-16 01:54:24.169583,1,1,1,23,82
2026-01-16 01:54:27.453073,1,1,1,24,85
2026-01-16 01:54:31.349739,1,2,1,24,88
2026-01-16 01:54:35.204784,1,2,1,21,94
2026-01-16 01:54:38.001460,1,1,1,19,88
2026-01-16 01:54:40.859462,1,1,1,18,82
2026-01-16 01:54:43.737410,1,2,1,16,76
2026-01-16 01:54:46.516306,1,1,1,16,71
2026-01-16 01:54:49.465171,1,1,1,15,71
2026-01-16 01:54:52.227266,1,1,1,16,72
2026-01-16 01:54:56.118473,1,1,1,17,78
2026-01-16 01:54:58.986267,1,1,1,18,72
2026-01-16 01:55:01.761228,1,1,1,18,69
2026-01-16 01:55:05.655842,1,1,1,16,66
2026-01-16 01:55:08.918315,1,1,1,16,64
2026-01-16 01:55:12.815076,1,1,1,15,64
2026-01-16 01:55:16.570352,1,1,1,15,64
2026-01-16 01:55:20.353721,1,1,1,16,68
2026-01-16 01:55:24.175552,1,1,2,18,71
2026-01-16 01:55:27.574022,1,1,2,18,74
2026-01-16 01:55:31.352051,1,1,1,19,77
2026-01-16 01:55:35.656225,1,1,1,20,81
2026-01-16 01:55:39.022264,1,1,1,19,81
2026-01-16 01:55:42.812270,1,1,1,17,81
2026-01-16 01:55:46.305259,1,1,1,16,81
2026-01-16 01:55:50.289303,1,2,1,15,82
2026-01-16 01:55:53.052059,1,1,1,15,82
2026-01-16 01:55:55.861660,1,1,1,14,82
2026-01-16 01:55:59.650578,1,1,1,14,82
2026-01-16 01:56:02.984933,1,2,1,14,82
2026-01-16 01:56:06.382266,1,1,1,14,84
2026-01-16 01:56:09.335547,1,2,1,14,84
2026-01-16 01:56:12.202095,1,1,1,14,84
2026-01-16 01:56:14.965601,1,1,2,14,84
2026-01-16 01:56:18.762976,1,1,1,15,86
2026-01-16 01:56:23.138710,1,1,1,17,86
2026-01-16 01:56:26.025064,1,1,1,18,92
2026-01-16 01:56:28.802771,1,1,1,17,93
2026-01-16 01:56:32.680674,1,1,1,18,88
2026-01-16 01:56:35.563772,1,1,1,19,82
2026-01-16 01:56:38.519510,1,1,1,18,79
2026-01-16 01:56:42.306480,1,1,1,17,76
2026-01-16 01:56:45.583224,1,1,1,15,73
2026-01-16 01:56:48.376781,1,1,1,15,70
2026-01-16 01:56:51.419414,1,1,1,14,67
2026-01-16 01:56:54.184560,1,1,1,14,67
2026-01-16 01:56:57.067596,1,1,1,14,67
2026-01-16 01:57:00.839790,1,1,1,14,67
2026-01-16 01:57:04.629851,1,1,2,14,68
2026-01-16 01:57:08.166674,1,2,1,14,74
2026-01-16 01:57:10.893817,1,1,1,15,77
2026-01-16 01:57:14.767695,1,1,1,15,80
2026-01-16 01:57:17.604106,1,1,1,15,83
2026-01-16 01:57:20.507090,1,1,1,15,84
2026-01-16 01:57:24.290537,1,1,1,15,84
2026-01-16 01:57:27.156151,1,1,1,17,82
2026-01-16 01:57:30.044350,1,2,1,17,80
2026-01-16 01:57:33.916083,1,1,1,19,80
2026-01-16 01:57:36.783523,1,1,1,20,80
2026-01-16 01:57:39.650225,1,1,1,21,80
2026-01-16 01:57:43.542565,1,1,1,22,80
2026-01-16 01:57:46.818380,1,1,1,22,76
2026-01-16 01:57:50.211480,1,1,1,23,73
2026-01-16 01:57:53.012585,1,1,1,23,70
2026-01-16 01:57:55.931774,1,1,1,22,70
2026-01-16 01:57:59.720740,1,1,1,19,70
2026-01-16 01:58:03.109281,1,2,1,17,68
2026-01-16 01:58:06.888514,1,1,2,15,65
2026-01-16 01:58:09.756057,1,2,2,14,65
2026-01-16 01:58:12.663821,1,1,1,13,65
2026-01-16 01:58:16.428902,1,1,1,13,65
2026-01-16 01:58:19.381514,1,1,1,13,65
2026-01-16 01:58:22.656704,1,1,1,13,65
2026-01-16 01:58:26.049432,1,1,1,13,65
2026-01-16 01:58:28.829653,1,1,1,13,65
2026-01-16 01:58:32.746288,1,1,1,13,65
2026-01-16 01:58:35.670014,1,1,1,13,65
2026-01-16 01:58:38.427340,1,1,1,13,65
2026-01-16 01:58:42.420433,1,2,1,13,65
2026-01-16 01:58:45.697604,1,1,1,13,65
2026-01-16 01:58:48.462732,1,2,1,13,65
2026-01-16 01:58:51.359571,1,1,1,14,65
2026-01-16 01:58:54.198977,1,1,1,14,65
2026-01-16 01:58:57.174925,1,1,2,14,65
2026-01-16 01:59:00.852642,1,1,1,15,65
2026-01-16 01:59:04.779980,1,1,1,15,65
2026-01-16 01:59:08.652019,1,1,1,15,64
2026-01-16 01:59:12.335393,1,1,1,15,64
2026-01-16 01:59:15.709471,1,1,1,16,64
2026-01-16 01:59:19.387165,1,1,1,16,64
2026-01-16 01:59:23.799483,1,1,1,16,64
2026-01-16 01:59:27.075098,1,1,1,17,64
2026-01-16 01:59:30.394121,1,1,1,17,64
2026-01-16 01:59:33.300516,1,1,2,17,64
2026-01-16 01:59:36.282452,1,1,2,17,64
2026-01-16 01:59:39.048328,1,1,1,17,64
2026-01-16 01:59:42.826775,1,1,1,16,64
2026-01-16 01:59:46.728183,1,1,1,16,64
2026-01-16 01:59:50.083763,1,1,1,16,64
2026-01-16 01:59:52.875023,1,1,1,16,64
2026-01-16 01:59:56.865750,1,1,1,16,64
2026-01-16 01:59:59.629646,1,1,1,16,64
2026-01-16 02:00:02.506946,1,1,1,16,64
2026-01-16 02:00:06.405376,1,1,2,16,64
2026-01-16 02:00:09.673622,1,1,1,16,64
2026-01-16 02:00:12.443797,1,1,1,15,64
2026-01-16 02:00:15.400519,1,1,2,15,64
2026-01-16 02:00:18.234340,1,1,1,15,64
2026-01-16 02:00:21.150894,1,1,1,15,64
2026-01-16 02:00:24.929187,1,1,1,16,64
2026-01-16 02:00:28.814042,1,1,1,16,64
2026-01-16 02:00:33.217550,1,2,1,16,64
2026-01-16 02:00:36.507381,1,1,1,15,64
2026-01-16 02:00:39.363155,1,1,1,16,64
2026-01-16 02:00:42.331896,1,1,1,17,64
2026-01-16 02:00:45.097201,1,1,1,17,64
2026-01-16 02:00:48.874946,1,1,1,17,64
2026-01-16 02:00:51.854370,1,1,2,17,64
2026-01-16 02:00:56.257708,1,1,1,17,64
2026-01-16 02:00:59.124774,1,1,1,17,64
2026-01-16 02:01:02.103962,1,2,1,17,64
2026-01-16 02:01:05.798730,1,1,1,17,64
2026-01-16 02:01:09.086224,1,1,1,17,64
2026-01-16 02:01:12.551063,1,1,1,17,64
2026-01-16 02:01:15.417499,1,1,1,17,64
2026-01-16 02:01:18.284260,1,1,1,17,64
2026-01-16 02:01:21.154598,1,1,1,17,64
2026-01-16 02:01:24.953725,1,1,1,17,64
2026-01-16 02:01:28.844512,1,1,1,17,64
2026-01-16 02:01:32.500990,1,1,1,17,64
2026-01-16 02:01:35.476708,1,1,1,17,64
2026-01-16 02:01:38.262586,1,1,1,18,64
2026-01-16 02:01:41.124232,1,2,1,18,64
2026-01-16 02:01:43.974810,1,1,1,17,64
2026-01-16 02:01:47.867188,1,1,2,17,64
2026-01-16 02:01:51.147564,1,1,1,18,63
2026-01-16 02:01:54.522714,1,2,1,19,63
2026-01-16 02:01:57.395155,1,1,3,20,63
2026-01-16 02:02:00.359586,1,1,1,19,63
2026-01-16 02:02:03.125006,1,1,1,19,63
2026-01-16 02:02:06.911729,1,1,1,16,63
2026-01-16 02:02:10.756062,1,1,1,16,63
2026-01-16 02:02:14.192158,1,1,1,17,64
2026-01-16 02:02:16.947152,1,1,1,19,67
2026-01-16 02:02:20.851147,1,1,1,20,70
2026-01-16 02:02:23.709503,1,1,1,21,73
2026-01-16 02:02:26.682725,1,1,1,22,76
2026-01-16 02:02:30.361733,1,1,1,22,79
2026-01-16 02:02:33.756617,1,1,1,22,81
2026-01-16 02:02:36.610271,1,1,1,20,81
2026-01-16 02:02:39.477311,1,2,2,21,79
2026-01-16 02:02:42.355004,1,1,2,21,73
2026-01-16 02:02:45.223735,1,1,3,21,70
2026-01-16 02:02:49.512608,1,1,1,22,67
2026-01-16 02:02:52.799637,1,1,1,22,64
2026-01-16 02:02:56.372484,1,1,1,22,64
2026-01-16 02:02:59.102500,1,1,1,22,65
2026-01-16 02:03:02.011202,1,1,1,22,68
2026-01-16 02:03:05.819185,1,1,1,23,71
2026-01-16 02:03:09.171926,1,1,1,23,74
2026-01-16 02:03:13.434347,1,1,1,24,77
2026-01-16 02:03:17.802036,1,1,1,24,77
2026-01-16 02:03:21.165483,1,1,1,24,77
2026-01-16 02:03:25.696184,1,1,1,24,77
2026-01-16 02:03:28.769699,1,1,1,24,77
2026-01-16 02:03:32.540530,1,1,1,24,77
2026-01-16 02:03:36.415889,1,1,1,25,77
2026-01-16 02:03:39.379689,1,1,1,25,77
2026-01-16 02:03:42.762388,1,1,1,25,78
2026-01-16 02:03:46.548144,1,1,2,25,80
2026-01-16 02:03:49.426391,1,1,1,25,83
2026-01-16 02:03:52.794275,1,1,1,25,86
2026-01-16 02:03:56.582838,1,1,1,25,91
2026-01-16 02:04:00.483191,1,1,1,25,91
2026-01-16 02:04:03.354397,1,1,1,25,91
2026-01-16 02:04:06.127205,1,1,1,25,91
2026-01-16 02:04:10.122693,1,1,1,25,91
2026-01-16 02:04:12.967440,1,1,1,25,91
2026-01-16 02:04:15.732049,1,1,1,25,91
2026-01-16 02:04:19.213429,1,1,1,25,91
2026-01-16 02:04:22.601398,1,1,1,25,91
2026-01-16 02:04:25.458925,1,2,1,25,93
2026-01-16 02:04:28.803526,1,1,1,25,96
2026-01-16 02:04:32.555456,1,1,1,25,92
2026-01-16 02:04:36.518901,1,1,1,25,86
2026-01-16 02:04:39.392197,1,1,1,25,81
2026-01-16 02:04:42.765448,1,1,1,25,78
2026-01-16 02:04:46.699975,1,2,2,25,77
2026-01-16 02:04:49.529802,1,1,1,24,75
2026-01-16 02:04:52.907084,1,1,1,24,72
2026-01-16 02:04:56.602161,1,1,1,25,76
2026-01-16 02:05:00.071354,1,1,1,25,79
2026-01-16 02:05:02.950785,1,1,1,25,82
2026-01-16 02:05:05.809975,1,2,1,25,83
2026-01-16 02:05:08.570214,1,1,1,25,83
2026-01-16 02:05:12.572776,1,2,1,25,83
2026-01-16 02:05:15.839953,1,1,1,25,82
2026-01-16 02:05:19.218973,1,1,2,25,79
2026-01-16 02:05:22.097216,1,1,1,25,76
2026-01-16 02:05:24.953249,1,1,1,22,71
2026-01-16 02:05:27.727223,1,1,1,20,68
2026-01-16 02:05:31.546018,1,1,2,18,65
2026-01-16 02:05:35.910470,1,1,1,17,63
2026-01-16 02:05:39.296693,1,1,1,17,63
2026-01-16 02:05:42.259580,1,1,1,16,63
2026-01-16 02:05:44.949003,1,1,1,16,63
2026-01-16 02:05:47.787321,1,2,1,16,63
2026-01-16 02:05:50.660754,1,1,1,16,63
2026-01-16 02:05:54.451551,1,1,2,16,63
2026-01-16 02:05:57.413620,1,1,1,15,63
2026-01-16 02:06:00.710601,1,1,1,15,63
2026-01-16 02:06:04.698632,1,1,1,15,63
2026-01-16 02:06:07.481846,1,1,5,16,63
2026-01-16 02:06:10.930684,1,1,1,16,63
2026-01-16 02:06:14.616392,1,1,1,16,63
2026-01-16 02:06:18.507261,1,1,1,16,63
2026-01-16 02:06:21.489465,1,1,1,16,63
2026-01-16 02:06:24.240714,1,1,1,16,63
2026-01-16 02:06:28.152299,1,1,1,16,63
2026-01-16 02:06:31.001112,1,2,10,16,63
2026-01-16 02:06:33.775810,1,1,1,16,63
2026-01-16 02:06:37.667865,1,2,1,17,63
2026-01-16 02:06:40.523387,1,1,1,17,63
2026-01-16 02:06:44.426803,1,2,2,18,63
2026-01-16 02:06:47.286400,1,2,4,18,63
2026-01-16 02:06:50.153924,1,1,2,19,63
2026-01-16 02:06:53.945078,1,2,11,19,63
2026-01-16 02:06:56.908070,1,2,17,18,63
2026-01-16 02:06:59.672438,1,2,12,19,65
2026-01-16 02:07:03.666525,1,2,4,21,68
2026-01-16 02:07:06.430480,1,2,14,22,71
2026-01-16 02:07:09.258759,1,1,6,22,74
2026-01-16 02:07:13.103662,1,1,1,18,75
2026-01-16 02:07:16.466591,1,2,1,17,75
2026-01-16 02:07:19.846281,1,2,15,16,75
2026-01-16 02:07:22.712197,1,1,1,15,75
2026-01-16 02:07:25.597310,1,2,3,15,75
2026-01-16 02:07:29.093860,1,1,4,14,75
2026-01-16 02:07:32.635355,1,1,5,14,75
2026-01-16 02:07:36.126312,1,2,1,14,73
2026-01-16 02:07:39.102714,1,2,1,13,70
2026-01-16 02:07:41.863733,1,1,1,13,67
2026-01-16 02:07:44.727286,1,2,3,12,65
2026-01-16 02:07:48.519056,1,1,4,12,65
2026-01-16 02:07:51.914094,1,1,1,12,65
2026-01-16 02:07:55.757573,1,2,2,12,65
2026-01-16 02:07:59.621062,1,2,1,12,65
2026-01-16 02:08:03.488435,1,2,2,12,65
2026-01-16 02:08:06.253474,1,1,9,12,65
2026-01-16 02:08:10.307879,1,1,1,12,65
2026-01-16 02:08:13.061293,1,1,3,12,67
2026-01-16 02:08:17.918743,1,2,8,12,72
2026-01-16 02:08:21.284455,1,2,2,12,72
2026-01-16 02:08:25.078060,1,1,6,12,72
2026-01-16 02:08:28.965939,1,1,1,12,72
2026-01-16 02:08:32.667753,1,1,1,12,72
2026-01-16 02:08:36.553290,1,2,2,12,72
2026-01-16 02:08:40.545947,1,1,2,12,72
2026-01-16 02:08:44.233380,1,2,3,12,72
2026-01-16 02:08:46.687615,1,1,4,12,72
2026-01-16 02:08:49.666226,1,2,1,12,72
2026-01-16 02:08:53.028311,1,2,2,12,72
2026-01-16 02:08:56.818860,1,2,3,12,72
2026-01-16 02:09:00.502469,1,1,3,12,72
2026-01-16 02:09:03.903079,1,2,5,13,72
2026-01-16 02:09:07.671860,1,2,4,13,72
2026-01-16 02:09:12.102219,1,2,2,13,72
2026-01-16 02:09:15.361150,1,2,2,13,72
2026-01-16 02:09:19.260716,1,2,1,13,72
2026-01-16 02:09:22.940224,1,2,12,13,72
2026-01-16 02:09:26.656637,1,2,5,13,72
2026-01-16 02:09:30.609980,1,1,3,13,72
2026-01-16 02:09:33.856813,1,2,5,13,72
2026-01-16 02:09:38.196911,1,1,3,13,69
2026-01-16 02:09:42.085986,1,1,1,13,69
2026-01-16 02:09:45.986136,1,1,1,13,69
2026-01-16 02:09:49.349433,1,2,3,13,69
2026-01-16 02:09:52.216113,1,2,3,13,71
2026-01-16 02:09:55.082174,1,1,3,13,74
2026-01-16 02:09:57.950428,1,2,1,13,77
2026-01-16 02:10:01.742073,1,2,1,13,80
2026-01-16 02:10:04.606843,1,2,4,13,80
2026-01-16 02:10:08.513003,1,1,5,13,77
2026-01-16 02:10:11.366338,1,1,4,13,74
2026-01-16 02:10:14.206741,1,2,3,13,74
2026-01-16 02:10:18.015493,1,2,4,13,77
2026-01-16 02:10:21.408726,1,2,6,13,80
2026-01-16 02:10:24.180147,1,1,1,13,83
2026-01-16 02:10:27.144522,1,1,1,13,83
2026-01-16 02:10:29.891094,1,2,4,13,81
2026-01-16 02:10:32.760405,1,2,3,13,78
2026-01-16 02:10:36.607519,1,2,5,13,75
2026-01-16 02:10:40.561208,1,1,1,13,72
2026-01-16 02:10:43.722676,1,2,4,13,72
2026-01-16 02:10:46.711328,1,2,13,13,72
2026-01-16 02:10:50.599825,1,2,6,13,72
2026-01-16 02:10:53.315810,1,1,7,13,72
2026-01-16 02:10:56.317006,1,2,2,13,72
2026-01-16 02:11:00.107113,1,2,4,13,72
2026-01-16 02:11:02.989574,1,2,5,13,72
2026-01-16 02:11:05.840737,1,2,2,13,72
2026-01-16 02:11:09.629738,1,2,2,13,72
2026-01-16 02:11:12.877242,1,1,7,13,75
2026-01-16 02:11:15.363715,1,1,1,13,78
2026-01-16 02:11:19.669421,1,2,10,13,81
2026-01-16 02:11:23.159064,1,2,7,13,85
2026-01-16 02:11:26.054558,1,2,1,13,85
2026-01-16 02:11:28.799003,1,2,3,12,85
2026-01-16 02:11:31.661206,1,2,3,12,85
2026-01-16 02:11:34.984272,1,1,1,12,85
2026-01-16 02:11:38.814977,1,2,1,12,85
2026-01-16 02:11:41.680698,1,2,3,12,85
2026-01-16 02:11:44.547909,1,2,1,12,85
2026-01-16 02:11:47.414541,1,2,1,12,85
2026-01-16 02:11:50.498443,1,1,1,12,85
2026-01-16 02:11:54.071315,1,2,3,12,85
2026-01-16 02:11:57.761330,1,2,4,12,85
2026-01-16 02:12:00.726153,1,1,7,12,85
2026-01-16 02:12:03.812245,1,2,1,12,85
2026-01-16 02:12:06.706097,1,2,1,12,84
2026-01-16 02:12:09.533145,1,2,6,12,81
2026-01-16 02:12:13.219091,1,1,7,12,78
2026-01-16 02:12:17.107758,1,1,1,12,77
2026-01-16 02:12:21.018762,1,2,1,12,77
2026-01-16 02:12:23.778666,1,2,3,12,79
2026-01-16 02:12:27.661762,1,1,3,12,82
2026-01-16 02:12:30.644889,1,1,1,12,82
2026-01-16 02:12:34.825805,1,1,3,12,82
2026-01-16 02:12:37.701356,1,1,5,12,82
2026-01-16 02:12:41.174695,1,1,1,12,82
2026-01-16 02:12:44.606216,1,1,1,12,82
2026-01-16 02:12:47.420809,1,2,3,12,82
2026-01-16 02:12:50.287131,1,1,2,12,82
2026-01-16 02:12:54.077465,1,2,1,12,82
2026-01-16 02:12:57.466917,1,2,7,11,82
2026-01-16 02:13:00.857527,1,1,7,11,82
2026-01-16 02:13:03.732858,1,1,1,11,85
2026-01-16 02:13:06.572117,1,2,8,11,88
2026-01-16 02:13:09.455802,1,1,10,11,88
2026-01-16 02:13:13.757435,1,1,1,11,88
2026-01-16 02:13:17.013368,1,2,1,11,88
2026-01-16 02:13:21.418157,1,2,11,11,88
2026-01-16 02:13:25.309210,1,1,3,11,88
2026-01-16 02:13:28.179860,1,2,9,11,88
2026-01-16 02:13:30.941630,1,1,1,11,88
2026-01-16 02:13:35.771575,1,1,4,11,83
2026-01-16 02:13:39.235905,1,2,2,11,80
2026-01-16 02:13:42.617830,1,2,5,11,79
2026-01-16 02:13:45.419299,1,1,6,11,79
2026-01-16 02:13:49.782407,1,2,1,11,79
2026-01-16 02:13:53.063912,1,2,3,11,79
2026-01-16 02:13:56.950484,1,2,6,11,79
2026-01-16 02:14:00.752601,1,1,1,11,79
2026-01-16 02:14:04.632120,1,1,1,11,79
2026-01-16 02:14:08.015005,1,2,1,11,79
2026-01-16 02:14:10.886635,1,2,3,11,79
2026-01-16 02:14:13.702130,1,1,1,11,82
2026-01-16 02:14:17.123171,1,2,3,11,82
2026-01-16 02:14:21.335304,1,2,4,11,82
2026-01-16 02:14:23.779147,1,1,1,11,82
2026-01-16 02:14:26.661353,1,2,1,11,82
2026-01-16 02:14:29.390238,1,2,5,11,82
2026-01-16 02:14:32.275642,1,1,1,11,82
2026-01-16 02:14:36.168220,1,2,3,11,82
2026-01-16 02:14:39.433875,1,2,2,11,82
2026-01-16 02:14:42.927972,1,2,6,11,82
2026-01-16 02:14:45.806627,1,1,5,11,82
2026-01-16 02:14:48.662352,1,2,1,11,82
2026-01-16 02:14:51.965804,1,2,2,11,82
2026-01-16 02:14:54.721436,1,1,1,11,82
2026-01-16 02:14:57.706321,1,2,2,11,82
2026-01-16 02:15:01.058406,1,2,12,11,82
2026-01-16 02:15:04.850753,1,2,7,11,82
2026-01-16 02:15:07.816113,1,1,3,12,82
2026-01-16 02:15:11.189890,1,2,2,12,82
2026-01-16 02:15:14.876971,1,2,14,13,82
2026-01-16 02:15:18.771776,1,2,3,13,82
2026-01-16 02:15:21.635417,1,1,6,13,82
2026-01-16 02:15:24.469359,1,2,1,13,82
2026-01-16 02:15:28.426182,1,2,15,13,82
2026-01-16 02:15:31.269441,1,1,1,13,82
2026-01-16 02:15:34.024734,1,2,4,13,85
2026-01-16 02:15:38.324918,1,2,1,13,86
2026-01-16 02:15:41.212501,1,2,10,13,86
2026-01-16 02:15:44.068822,1,1,1,12,86
2026-01-16 02:15:46.927408,1,2,3,12,86
2026-01-16 02:15:49.753761,1,1,5,12,86
2026-01-16 02:15:53.181682,1,2,1,12,86
2026-01-16 02:15:56.860227,1,2,2,12,86
2026-01-16 02:15:59.735361,1,2,8,12,86
2026-01-16 02:16:02.701837,1,1,5,12,86
2026-01-16 02:16:05.565386,1,2,1,12,86
2026-01-16 02:16:08.329500,1,2,5,12,86
2026-01-16 02:16:12.227507,1,1,1,12,86
2026-01-16 02:16:15.503425,1,2,2,12,86
2026-01-16 02:16:18.404412,1,2,2,12,86
2026-01-16 02:16:21.259741,1,1,1,12,86
2026-01-16 02:16:24.114782,1,2,2,12,86
2026-01-16 02:16:26.864067,1,2,3,12,86
2026-01-16 02:16:30.714709,1,1,1,12,86
2026-01-16 02:16:34.133604,1,2,1,12,86
2026-01-16 02:16:36.924696,1,2,3,12,86
2026-01-16 02:16:39.766248,1,2,2,12,86
2026-01-16 02:16:42.737941,1,1,7,12,86
2026-01-16 02:16:45.478782,1,2,1,12,86
2026-01-16 02:16:49.292235,1,2,3,12,85
2026-01-16 02:16:54.231113,1,2,2,12,80
2026-01-16 02:16:57.088050,1,2,13,12,80
2026-01-16 02:16:59.952445,1,1,5,12,81
2026-01-16 02:17:03.831454,1,2,4,13,84
2026-01-16 02:17:06.697531,1,2,1,13,87
2026-01-16 02:17:09.571342,1,1,2,13,89
2026-01-16 02:17:12.846590,1,2,4,13,89
2026-01-16 02:17:15.811573,1,1,1,13,89
2026-01-16 02:17:18.685059,1,2,1,13,89
2026-01-16 02:17:21.473588,1,2,6,13,89
2026-01-16 02:17:25.334934,1,1,1,13,89
2026-01-16 02:17:29.328790,1,1,1,13,89
2026-01-16 02:17:33.606253,1,2,1,13,90
2026-01-16 02:17:37.031794,1,2,1,13,90
2026-01-16 02:17:39.876046,1,2,4,13,90
2026-01-16 02:17:42.853380,1,2,6,13,90
2026-01-16 02:17:45.508705,1,1,1,13,90
2026-01-16 02:17:49.816898,1,2,3,13,90
2026-01-16 02:17:54.929332,1,2,4,13,90
2026-01-16 02:17:57.809698,1,2,4,13,90
2026-01-16 02:18:00.765990,1,1,3,13,90
2026-01-16 02:18:03.532209,1,2,1,13,90
2026-01-16 02:18:07.831160,1,2,7,13,90
2026-01-16 02:18:11.211378,1,1,7,13,90
2026-01-16 02:18:15.518694,1,1,1,13,81
2026-01-16 02:18:19.827858,1,2,1,12,78
2026-01-16 02:18:23.308907,1,2,3,12,75
2026-01-16 02:18:26.983187,1,2,4,12,73
2026-01-16 02:18:30.768216,1,1,6,12,76
2026-01-16 02:18:34.170386,1,1,1,12,79
2026-01-16 02:18:38.565499,1,2,4,12,75
2026-01-16 02:18:42.973145,1,1,7,12,74
2026-01-16 02:18:45.818660,1,1,1,12,74
2026-01-16 02:18:48.789290,1,2,2,12,74
2026-01-16 02:18:51.521817,1,2,6,12,72
2026-01-16 02:18:55.344611,1,1,1,12,69
2026-01-16 02:18:58.332205,1,2,2,12,69
2026-01-16 02:19:01.094581,1,2,6,12,69
2026-01-16 02:19:06.506872,1,2,1,12,69
2026-01-16 02:19:09.270185,1,2,6,13,69
2026-01-16 02:19:12.153468,1,2,6,13,69
2026-01-16 02:19:15.025194,1,2,1,13,69
2026-01-16 02:19:17.861598,1,2,4,13,69
2026-01-16 02:19:20.737683,1,2,5,13,69
2026-01-16 02:19:23.608344,1,1,1,13,70
2026-01-16 02:19:26.471588,1,2,3,13,73
2026-01-16 02:19:30.270257,1,2,3,13,75
2026-01-16 02:19:33.554154,1,2,5,13,74
2026-01-16 02:19:36.479846,1,1,1,13,71
2026-01-16 02:19:39.376416,1,2,14,13,71
2026-01-16 02:19:42.157796,1,2,4,13,71
2026-01-16 02:19:45.057145,1,2,1,13,71
2026-01-16 02:19:48.902175,1,2,2,13,71
2026-01-16 02:19:52.215176,1,2,14,13,71
2026-01-16 02:19:54.938270,1,1,8,13,71
2026-01-16 02:19:57.911231,1,2,1,13,70
2026-01-16 02:20:00.796977,1,2,3,13,70
2026-01-16 02:20:03.652544,1,2,6,13,70
2026-01-16 02:20:07.452673,1,1,6,13,70
2026-01-16 02:20:11.325100,1,1,1,13,70
2026-01-16 02:20:14.810826,1,2,2,13,70
2026-01-16 02:20:17.534393,1,2,9,13,70
2026-01-16 02:20:20.754339,1,1,1,13,70
2026-01-16 02:20:24.328643,1,2,8,13,70
2026-01-16 02:20:27.617425,1,2,14,13,70
2026-01-16 02:20:31.925630,1,2,14,13,70
2026-01-16 02:20:36.310277,1,2,12,13,70
2026-01-16 02:20:39.585374,1,2,2,13,70
2026-01-16 02:20:43.887020,1,1,7,13,70
2026-01-16 02:20:47.281263,1,1,6,13,70
2026-01-16 02:20:50.974198,1,1,1,13,70
2026-01-16 02:20:54.947204,1,2,1,13,70
2026-01-16 02:20:57.758996,1,2,4,13,70
2026-01-16 02:21:00.579022,1,1,3,13,70
2026-01-16 02:21:04.469962,1,1,1,13,70
2026-01-16 02:21:07.341472,1,2,3,13,70
2026-01-16 02:21:10.129061,1,2,6,13,70
2026-01-16 02:21:14.014657,1,1,3,13,70
2026-01-16 02:21:16.963398,1,2,1,13,70
2026-01-16 02:21:20.856925,1,2,1,13,70
2026-01-16 02:21:23.836796,1,2,1,13,71
2026-01-16 02:21:26.505775,1,2,11,13,72
2026-01-16 02:21:30.392406,1,2,7,13,72
2026-01-16 02:21:33.607798,1,2,5,13,72
2026-01-16 02:21:36.419463,1,1,2,13,72
2026-01-16 02:21:39.393224,1,1,1,13,72
2026-01-16 02:21:42.257477,1,2,8,13,72
2026-01-16 02:21:45.018265,1,1,7,13,72
2026-01-16 02:21:48.918645,1,2,1,13,72
2026-01-16 02:21:52.162916,1,2,1,14,72
2026-01-16 02:21:55.068432,1,2,3,14,72
2026-01-16 02:21:57.931729,1,1,7,14,72
2026-01-16 02:22:00.914194,1,2,1,14,72
2026-01-16 02:22:03.665526,1,2,5,14,72
2026-01-16 02:22:07.972011,1,2,5,14,72
2026-01-16 02:22:11.961140,1,2,6,14,72
2026-01-16 02:22:14.832251,1,2,4,14,72
2026-01-16 02:22:18.823795,1,1,5,14,72
2026-01-16 02:22:20.654204,1,2,4,14,72
2026-01-16 02:22:24.340646,1,2,6,14,71
2026-01-16 02:22:27.720412,1,2,4,14,71
2026-01-16 02:22:31.511027,1,1,4,14,71
2026-01-16 02:22:35.339518,1,1,1,14,76
2026-01-16 02:22:38.280288,1,2,1,14,76
2026-01-16 02:22:41.142777,1,2,5,14,76
2026-01-16 02:22:44.008531,1,2,5,14,76
2026-01-16 02:22:47.381873,1,1,1,14,76
2026-01-16 02:22:51.785263,1,2,1,14,76
2026-01-16 02:22:55.064853,1,2,1,14,76
2026-01-16 02:22:57.928103,1,2,3,14,76
2026-01-16 02:23:00.904659,1,1,6,14,73
2026-01-16 02:23:04.173864,1,2,1,14,70
2026-01-16 02:23:07.041141,1,2,3,14,67
2026-01-16 02:23:10.420079,1,2,6,14,67
2026-01-16 02:23:13.166590,1,1,1,14,68
2026-01-16 02:23:17.080327,1,2,1,14,71
2026-01-16 02:23:19.943263,1,2,2,14,74
2026-01-16 02:23:23.322975,1,1,3,14,74
2026-01-16 02:23:27.123522,1,2,1,14,74
2026-01-16 02:23:30.900488,1,2,1,14,74
2026-01-16 02:23:34.180843,1,1,1,14,74
2026-01-16 02:23:38.277629,1,2,1,14,74
2026-01-16 02:23:41.858495,1,2,2,14,74
2026-01-16 02:23:44.724318,1,2,4,14,74
2026-01-16 02:23:48.111549,1,1,1,14,74
2026-01-16 02:23:52.412570,1,2,4,14,74
2026-01-16 02:23:55.292088,1,2,3,14,74
2026-01-16 02:23:59.163070,1,2,4,14,74
2026-01-16 02:24:02.051405,1,2,6,14,74
2026-01-16 02:24:05.504423,1,2,1,14,74
2026-01-16 02:24:08.694062,1,2,5,14,74
2026-01-16 02:24:11.570103,1,2,10,14,74
2026-01-16 02:24:15.461110,1,1,1,14,74
2026-01-16 02:24:18.735380,1,1,1,14,74
2026-01-16 02:24:21.588834,1,2,3,14,74
2026-01-16 02:24:24.462735,1,2,6,14,74
2026-01-16 02:24:27.960889,1,2,5,14,74
2026-01-16 02:24:30.699466,1,1,2,14,74
2026-01-16 02:24:34.601271,1,1,2,14,74
2026-01-16 02:24:37.481214,1,1,8,14,74
2026-01-16 02:24:40.334793,1,1,1,14,74
2026-01-16 02:24:44.641504,1,2,1,14,74
2026-01-16 02:24:47.598825,1,2,3,14,74
2026-01-16 02:24:50.246952,1,2,5,14,74
2026-01-16 02:24:53.128480,1,2,1,14,74
2026-01-16 02:24:55.999681,1,2,3,14,76
2026-01-16 02:24:59.378340,1,2,10,14,78
2026-01-16 02:25:03.163439,1,1,5,14,78
2026-01-16 02:25:06.759880,1,1,2,14,78
2026-01-16 02:25:09.531824,1,1,1,14,78
2026-01-16 02:25:12.379598,1,2,3,14,78
2026-01-16 02:25:15.146925,1,2,7,14,78
2026-01-16 02:25:19.040887,1,1,2,14,79
2026-01-16 02:25:22.355817,1,2,1,14,82
2026-01-16 02:25:26.201495,1,2,2,14,83
2026-01-16 02:25:29.964195,1,2,3,14,83
2026-01-16 02:25:32.962239,1,2,6,14,83
2026-01-16 02:25:35.722864,1,1,2,14,83
2026-01-16 02:25:38.599019,1,2,2,14,83
2026-01-16 02:25:42.482662,1,2,8,14,85
2026-01-16 02:25:45.348786,1,2,10,14,88
2026-01-16 02:25:48.732460,1,2,2,14,89
2026-01-16 02:25:52.530546,1,2,3,14,89
2026-01-16 02:25:55.555526,1,1,1,14,89
2026-01-16 02:25:58.279815,1,2,3,14,89
2026-01-16 02:26:02.611587,1,2,2,14,89
2026-01-16 02:26:06.155854,1,1,4,14,89
2026-01-16 02:26:08.914823,1,2,7,14,89
2026-01-16 02:26:11.768257,1,1,1,14,89
2026-01-16 02:26:14.658851,1,2,2,14,89
2026-01-16 02:26:18.424780,1,2,3,14,89
2026-01-16 02:26:21.813184,1,2,4,14,89
2026-01-16 02:26:24.582051,1,1,1,14,89
2026-01-16 02:26:27.538339,1,2,4,14,89
2026-01-16 02:26:30.423585,1,2,8,14,88
2026-01-16 02:26:33.170414,1,1,3,14,87
2026-01-16 02:26:37.060517,1,2,1,14,87
2026-01-16 02:26:40.338484,1,2,2,14,87
2026-01-16 02:26:43.108337,1,2,3,14,87
2026-01-16 02:26:46.085757,1,1,8,14,87
2026-01-16 02:26:48.940263,1,2,1,14,87
2026-01-16 02:26:51.812407,1,2,12,14,86
2026-01-16 02:26:56.047497,1,2,3,14,86
2026-01-16 02:26:59.076420,1,2,7,14,86
2026-01-16 02:27:02.361772,1,2,3,14,84
2026-01-16 02:27:05.182378,1,2,1,14,84
2026-01-16 02:27:08.192893,1,2,1,14,84
2026-01-16 02:27:11.467847,1,2,3,14,84
2026-01-16 02:27:15.197204,1,2,4,14,85
2026-01-16 02:27:19.056699,1,1,4,14,85
2026-01-16 02:27:22.015275,1,1,5,14,85
2026-01-16 02:27:24.778949,1,2,1,14,85
2026-01-16 02:27:28.679684,1,2,6,14,85
2026-01-16 02:27:31.538422,1,1,14,14,85
2026-01-16 02:27:34.302972,1,2,2,14,85
2026-01-16 02:27:39.320543,1,2,8,14,81
2026-01-16 02:27:43.215416,1,2,6,14,79
2026-01-16 02:27:46.104421,1,1,4,14,79
2026-01-16 02:27:49.060047,1,2,1,14,79
2026-01-16 02:27:51.836259,1,1,5,14,82
2026-01-16 02:27:55.613805,1,1,7,14,85
2026-01-16 02:27:58.982101,1,1,5,14,85
2026-01-16 02:28:02.365095,1,1,1,14,80
2026-01-16 02:28:05.330119,1,2,3,14,80
2026-01-16 02:28:08.110531,1,2,8,14,79
2026-01-16 02:28:11.474453,1,1,1,14,79
2026-01-16 02:28:16.273553,1,2,1,14,81
2026-01-16 02:28:21.314533,1,1,3,14,86
2026-01-16 02:28:24.080015,1,1,1,14,86
2026-01-16 02:28:27.045462,1,2,2,14,86
2026-01-16 02:28:29.805809,1,2,4,14,86
2026-01-16 02:28:32.671223,1,1,1,14,86
2026-01-16 02:28:36.560856,1,2,4,14,86
2026-01-16 02:28:39.441483,1,2,7,14,86
2026-01-16 02:28:42.300166,1,1,5,14,86
2026-01-16 02:28:46.109970,1,2,7,14,86
2026-01-16 02:28:49.054993,1,2,1,14,86
2026-01-16 02:28:51.818405,1,2,4,14,86
2026-01-16 02:28:55.633548,1,1,9,14,84
2026-01-16 02:28:58.989785,1,1,4,14,83
2026-01-16 02:29:01.855734,1,2,1,14,83
2026-01-16 02:29:04.721646,1,2,3,14,83
2026-01-16 02:29:07.606868,1,1,1,14,83
2026-01-16 02:29:10.500852,1,2,2,14,79
2026-01-16 02:29:14.655279,1,2,3,14,79
2026-01-16 02:29:17.521700,1,2,9,14,79
2026-01-16 02:29:20.403803,1,1,1,14,79
2026-01-16 02:29:23.255153,1,2,2,14,79
2026-01-16 02:29:26.122413,1,2,9,14,79
2026-01-16 02:29:29.502088,1,1,3,14,79
2026-01-16 02:29:33.297446,1,1,1,14,79
2026-01-16 02:29:37.527409,1,2,1,14,79
2026-01-16 02:29:40.374381,1,2,3,14,79
2026-01-16 02:29:44.657736,1,2,4,14,79
2026-01-16 02:29:48.554509,1,2,5,14,79
2026-01-16 02:29:51.834878,1,2,3,14,79
2026-01-16 02:29:55.613317,1,2,1,14,79
2026-01-16 02:29:58.583940,1,2,3,14,79
2026-01-16 02:30:01.368316,1,2,6,14,79
2026-01-16 02:30:06.191458,1,2,11,14,79
2026-01-16 02:30:10.063555,1,2,5,14,79
2026-01-16 02:30:13.172531,1,1,1,14,79
2026-01-16 02:30:16.819467,1,1,1,13,79
2026-01-16 02:30:21.134803,1,2,1,13,79
2026-01-16 02:30:24.083130,1,2,3,13,79
2026-01-16 02:30:26.850706,1,1,5,13,79
2026-01-16 02:30:30.213905,1,2,3,13,79
2026-01-16 02:30:33.607504,1,2,1,13,79
2026-01-16 02:30:37.086339,1,2,1,13,79
2026-01-16 02:30:40.360369,1,2,2,13,79
2026-01-16 02:30:44.663433,1,2,4,13,84
2026-01-16 02:30:48.564058,1,2,5,13,84
2026-01-16 02:30:51.838935,1,2,2,13,84
2026-01-16 02:30:55.722819,1,2,4,13,84
2026-01-16 02:30:59.128870,1,1,9,13,84
2026-01-16 02:31:02.501109,1,1,2,13,74
2026-01-16 02:31:05.363040,1,2,1,13,74
2026-01-16 02:31:08.219328,1,2,5,14,70
2026-01-16 02:31:11.492378,1,2,2,14,67
2026-01-16 02:31:15.281186,1,2,5,14,63
2026-01-16 02:31:18.676397,1,2,1,14,66
2026-01-16 02:31:21.563198,1,2,2,14,69
2026-01-16 02:31:24.423056,1,2,7,14,72
2026-01-16 02:31:27.456207,1,1,1,14,75
2026-01-16 02:31:31.092561,1,2,2,14,78
2026-01-16 02:31:34.433072,1,2,2,14,81
2026-01-16 02:31:38.013088,1,2,10,14,84
2026-01-16 02:31:40.778603,1,2,6,14,83
2026-01-16 02:31:43.659432,1,1,1,15,83
2026-01-16 02:31:46.415117,1,2,2,15,83
2026-01-16 02:31:50.307027,1,2,6,14,83
2026-01-16 02:31:54.091562,1,2,3,14,83
2026-01-16 02:31:57.469491,1,1,7,14,83
2026-01-16 02:32:00.336995,1,2,2,14,83
2026-01-16 02:32:04.142696,1,2,1,14,83
2026-01-16 02:32:07.095561,1,2,1,14,83
2026-01-16 02:32:09.863381,1,2,9,14,83
2026-01-16 02:32:13.672354,1,1,3,14,83
2026-01-16 02:32:16.618509,1,1,1,14,83
2026-01-16 02:32:19.597960,1,2,4,14,83
2026-01-16 02:32:24.709455,1,2,1,14,83
2026-01-16 02:32:27.676921,1,2,3,14,83
2026-01-16 02:32:31.569134,1,2,8,14,83
2026-01-16 02:32:34.441064,1,2,4,14,83
2026-01-16 02:32:37.290941,1,2,1,14,83
2026-01-16 02:32:40.187975,1,2,3,14,83
2026-01-16 02:32:43.140184,1,2,9,14,83
2026-01-16 02:32:45.944782,1,1,7,14,83
2026-01-16 02:32:49.717533,1,1,5,14,83
2026-01-16 02:32:53.587268,1,2,1,14,83
2026-01-16 02:32:57.070092,1,2,1,14,83
2026-01-16 02:33:00.454362,1,2,2,14,83
2026-01-16 02:33:03.210322,1,2,1,14,83
2026-01-16 02:33:06.193245,1,1,6,14,83
2026-01-16 02:33:08.944864,1,2,1,14,83
2026-01-16 02:33:11.842511,1,2,2,14,83
2026-01-16 02:33:15.205580,1,2,2,14,83
2026-01-16 02:33:18.165376,1,1,4,14,83
2026-01-16 02:33:20.925373,1,2,2,14,83
2026-01-16 02:33:23.906116,1,2,8,14,83
2026-01-16 02:33:27.701078,1,1,1,14,83
2026-01-16 02:33:30.894760,1,1,1,14,83
2026-01-16 02:33:33.315521,1,2,4,14,83
2026-01-16 02:33:37.131086,1,2,7,14,83
2026-01-16 02:33:40.482887,1,2,10,14,83
2026-01-16 02:33:44.783492,1,2,7,14,83
2026-01-16 02:33:48.626982,1,2,4,14,83
2026-01-16 02:33:51.958133,1,2,4,14,83
2026-01-16 02:33:54.819716,1,1,1,14,83
2026-01-16 02:33:57.954114,1,2,3,14,83
2026-01-16 02:34:00.553075,1,2,8,14,83
2026-01-16 02:34:03.449661,1,1,1,14,79
2026-01-16 02:34:07.218429,1,2,1,14,76
2026-01-16 02:34:10.600433,1,2,2,14,77
2026-01-16 02:34:14.378048,1,2,7,14,80
2026-01-16 02:34:17.668369,1,2,3,14,81
2026-01-16 02:34:20.524493,1,2,7,14,81
2026-01-16 02:34:23.397859,1,2,1,14,81
2026-01-16 02:34:26.258004,1,2,4,14,81
2026-01-16 02:34:29.636162,1,1,5,14,81
2026-01-16 02:34:33.581843,1,1,3,14,81
2026-01-16 02:34:36.301141,1,2,1,14,81
2026-01-16 02:34:39.136788,1,2,2,14,81
2026-01-16 02:34:41.933118,1,2,5,14,81
2026-01-16 02:34:44.817084,1,1,1,14,81
2026-01-16 02:34:48.682143,1,2,1,14,81
2026-01-16 02:34:51.944993,1,2,3,14,81
2026-01-16 02:34:54.808707,1,2,1,14,81
2026-01-16 02:34:57.692946,1,2,4,14,81
2026-01-16 02:35:00.560128,1,1,1,14,81
2026-01-16 02:35:03.428094,1,2,2,14,81
2026-01-16 02:35:07.217874,1,2,4,14,81
2026-01-16 02:35:11.312396,1,1,7,14,82
2026-01-16 02:35:15.207708,1,1,6,14,82
2026-01-16 02:35:17.947199,1,1,4,14,83
2026-01-16 02:35:20.952202,1,2,6,14,86
2026-01-16 02:35:24.726622,1,2,7,14,86
2026-01-16 02:35:27.954251,1,2,7,14,86
2026-01-16 02:35:30.771182,1,1,1,14,86
2026-01-16 02:35:33.673761,1,1,1,14,86
2026-01-16 02:35:36.562036,1,1,2,14,86
2026-01-16 02:35:39.401574,1,1,3,14,86
2026-01-16 02:35:43.270594,1,2,2,14,86
2026-01-16 02:35:46.536577,1,2,1,14,86
2026-01-16 02:35:49.417572,1,2,4,14,86
2026-01-16 02:35:52.271107,1,1,8,14,86
2026-01-16 02:35:55.241234,1,2,1,14,86
2026-01-16 02:35:58.006465,1,2,6,14,86
2026-01-16 02:36:01.800685,1,2,10,14,86
2026-01-16 02:36:05.709148,1,2,10,14,86
2026-01-16 02:36:09.166988,1,2,9,14,86
2026-01-16 02:36:12.038932,1,1,1,14,86
2026-01-16 02:36:14.904128,1,1,6,14,86
2026-01-16 02:36:18.703451,1,2,6,14,86
2026-01-16 02:36:22.070286,1,2,2,14,86
2026-01-16 02:36:25.864464,1,1,3,14,86
2026-01-16 02:36:29.237194,1,1,1,14,86
2026-01-16 02:36:32.007641,1,2,14,14,86
2026-01-16 02:36:34.892224,1,2,4,14,86
2026-01-16 02:36:37.755265,1,1,1,14,86
2026-01-16 02:36:40.531898,1,2,3,14,86
2026-01-16 02:36:44.495538,1,2,8,14,86
2026-01-16 02:36:47.789285,1,2,3,14,86
2026-01-16 02:36:51.253868,1,1,1,14,86
2026-01-16 02:36:54.018554,1,2,6,14,86
2026-01-16 02:36:56.886172,1,1,1,14,86
2026-01-16 02:37:00.784241,1,2,3,14,86
2026-01-16 02:37:04.069438,1,2,5,14,86
2026-01-16 02:37:06.819392,1,2,6,14,86
2026-01-16 02:37:09.908712,1,1,1,14,86
2026-01-16 02:37:12.656286,1,2,4,13,86
2026-01-16 02:37:15.418407,1,1,5,13,85
2026-01-16 02:37:19.448311,1,1,1,12,85
2026-01-16 02:37:22.588489,1,2,1,12,85
2026-01-16 02:37:25.461623,1,2,7,12,81
2026-01-16 02:37:28.323361,1,1,5,12,76
2026-01-16 02:37:31.297231,1,2,1,12,73
2026-01-16 02:37:34.169650,1,2,8,12,70
2026-01-16 02:37:38.359219,1,2,8,12,67
2026-01-16 02:37:43.399694,1,2,4,12,67
2026-01-16 02:37:46.242559,1,2,2,13,67
2026-01-16 02:37:49.014571,1,2,5,13,67
2026-01-16 02:37:52.915398,1,2,7,13,67
2026-01-16 02:37:55.757807,1,1,1,13,67
2026-01-16 02:37:58.567077,1,2,3,13,67
2026-01-16 02:38:01.415456,1,1,8,13,67
2026-01-16 02:38:04.469142,1,2,1,13,67
2026-01-16 02:38:07.251959,1,2,2,13,67
2026-01-16 02:38:10.105314,1,2,3,13,67
2026-01-16 02:38:13.812909,1,1,7,13,67
2026-01-16 02:38:18.806203,1,2,7,14,70
2026-01-16 02:38:22.696044,1,2,6,14,73
2026-01-16 02:38:26.484867,1,2,4,14,76
2026-01-16 02:38:29.760945,1,2,5,14,82
2026-01-16 02:38:32.613937,1,2,8,14,76
2026-01-16 02:38:35.473861,1,2,1,14,76
2026-01-16 02:38:38.366908,1,2,5,14,71
2026-01-16 02:38:43.507757,1,2,4,14,75
2026-01-16 02:38:46.355669,1,2,6,14,78
2026-01-16 02:38:49.421218,1,2,5,14,81
2026-01-16 02:38:52.083667,1,2,1,14,84
2026-01-16 02:38:56.397735,1,2,4,14,82
2026-01-16 02:38:59.764353,1,2,5,14,76
2026-01-16 02:39:03.207228,1,2,4,14,69
2026-01-16 02:39:06.115264,1,1,9,14,66
2026-01-16 02:39:08.984092,1,1,1,14,69
2026-01-16 02:39:12.770207,1,2,7,14,72
2026-01-16 02:39:16.158340,1,2,5,15,75
2026-01-16 02:39:19.937037,1,2,5,15,78
2026-01-16 02:39:22.906511,1,2,12,15,81
2026-01-16 02:39:27.310835,1,2,14,15,82
2026-01-16 02:39:30.029591,1,2,17,15,82
2026-01-16 02:39:32.948029,1,2,23,15,82
2026-01-16 02:39:36.833249,1,1,1,15,82
2026-01-16 02:39:40.130068,1,1,3,15,82
2026-01-16 02:39:42.868274,1,1,3,15,82
2026-01-16 02:39:45.849055,1,1,2,15,82
2026-01-16 02:39:48.710667,1,2,1,15,82
2026-01-16 02:39:51.591064,1,2,1,15,79
2026-01-16 02:39:55.378743,1,1,5,15,79
2026-01-16 02:39:58.646342,1,2,5,15,79
2026-01-16 02:40:02.124816,1,2,4,15,79
2026-01-16 02:40:05.751000,1,1,1,16,79
2026-01-16 02:40:08.375416,1,1,2,16,79
2026-01-16 02:40:11.750519,1,2,1,17,79
2026-01-16 02:40:15.550321,1,2,1,18,73
2026-01-16 02:40:19.455116,1,1,2,19,71
2026-01-16 02:40:22.313919,1,2,2,18,71
2026-01-16 02:40:25.574487,1,2,1,18,71
2026-01-16 02:40:28.442699,1,2,3,17,73
2026-01-16 02:40:31.309842,1,2,5,17,76
2026-01-16 02:40:34.688493,1,2,1,17,75
2026-01-16 02:40:37.456658,1,2,4,16,72
2026-01-16 02:40:40.832679,1,2,6,18,69
2026-01-16 02:40:43.734590,1,1,1,20,66
2026-01-16 02:40:49.025497,1,1,3,20,65
2026-01-16 02:40:51.836634,1,1,3,18,65
2026-01-16 02:40:54.764511,1,2,1,19,65
2026-01-16 02:40:58.241441,1,1,3,18,65
2026-01-16 02:41:00.914213,1,2,2,17,65
2026-01-16 02:41:03.872963,1,2,9,16,65
2026-01-16 02:41:06.675424,1,2,45,15,65
2026-01-16 02:41:09.522853,1,2,8,15,65
2026-01-16 02:41:13.356796,1,2,5,15,65
2026-01-16 02:41:16.774253,1,1,4,18,65
2026-01-16 02:41:19.542521,1,1,1,19,66
2026-01-16 02:41:22.407047,1,1,5,20,69
2026-01-16 02:41:25.397156,1,1,1,21,72
2026-01-16 02:41:28.154198,1,1,3,21,75
2026-01-16 02:41:32.032721,1,1,1,22,78
2026-01-16 02:41:35.821470,1,2,1,22,76
2026-01-16 02:41:39.305961,1,1,3,23,73
2026-01-16 02:41:42.169848,1,1,1,23,73
2026-01-16 02:41:45.037928,1,2,3,23,73
2026-01-16 02:41:48.828584,1,1,1,23,73
2026-01-16 02:41:52.204998,1,2,2,24,73
2026-01-16 02:41:56.506109,1,1,1,24,73
2026-01-16 02:42:00.818043,1,1,1,24,73
2026-01-16 02:42:04.213563,1,1,1,23,73
2026-01-16 02:42:07.974403,1,2,1,19,73
2026-01-16 02:42:11.761049,1,2,3,19,75
2026-01-16 02:42:15.552682,1,1,1,18,81
2026-01-16 02:42:19.443183,1,1,1,18,84
2026-01-16 02:42:23.452611,1,2,1,15,86
2026-01-16 02:42:26.714199,1,1,3,13,78
2026-01-16 02:42:29.593591,1,1,1,14,78
2026-01-16 02:42:32.429757,1,2,2,16,74
2026-01-16 02:42:35.827282,1,1,1,18,71
2026-01-16 02:42:39.619747,1,1,1,19,71
2026-01-16 02:42:42.502166,1,1,1,20,74
2026-01-16 02:42:45.868090,1,1,1,21,74
2026-01-16 02:42:48.730597,1,1,1,19,74
2026-01-16 02:42:51.705218,1,2,6,17,74
2026-01-16 02:42:55.923590,1,1,1,17,74
2026-01-16 02:42:58.766354,1,1,1,14,74
2026-01-16 02:43:02.553176,1,2,1,14,74
2026-01-16 02:43:05.421187,1,2,4,17,74
2026-01-16 02:43:09.416918,1,1,2,19,74
2026-01-16 02:43:12.178437,1,1,1,20,75
2026-01-16 02:43:15.057695,1,2,1,21,75
2026-01-16 02:43:18.942992,1,1,1,22,75
2026-01-16 02:43:21.805746,1,1,1,22,75
2026-01-16 02:43:24.569693,1,2,1,20,75
2026-01-16 02:43:28.460742,1,1,3,16,75
2026-01-16 02:43:31.531554,1,1,1,15,75
2026-01-16 02:43:34.201327,1,2,1,15,74
2026-01-16 02:43:38.507566,1,1,2,13,71
2026-01-16 02:43:41.977943,1,1,2,13,66
2026-01-16 02:43:45.362800,1,1,1,12,66
2026-01-16 02:43:48.224085,1,2,1,12,66
2026-01-16 02:43:51.091713,1,2,2,12,66
2026-01-16 02:43:54.884701,1,1,1,12,66
2026-01-16 02:43:58.170776,1,1,1,12,66
2026-01-16 02:44:01.549680,1,2,1,12,66
2026-01-16 02:44:04.513601,1,2,1,12,66
2026-01-16 02:44:07.416001,1,1,1,12,66
2026-01-16 02:44:10.239554,1,2,1,12,66
2026-01-16 02:44:14.550166,1,1,4,13,66
2026-01-16 02:44:17.825858,1,1,1,15,66
2026-01-16 02:44:21.207634,1,1,1,16,72
2026-01-16 02:44:24.078225,1,2,3,18,75
2026-01-16 02:44:27.904782,1,1,1,19,76
2026-01-16 02:44:30.925007,1,1,1,18,76
2026-01-16 02:44:33.586849,1,1,2,16,76
2026-01-16 02:44:37.457145,1,1,1,15,73
2026-01-16 02:44:40.767449,1,1,1,13,72
2026-01-16 02:44:43.625036,1,1,3,13,71
2026-01-16 02:44:46.500396,1,1,1,12,71
2026-01-16 02:44:49.464505,1,2,2,12,71
2026-01-16 02:44:52.179737,1,1,3,12,69
2026-01-16 02:44:56.524746,1,1,1,17,67
2026-01-16 02:44:59.906192,1,2,1,19,67
2026-01-16 02:45:03.412039,1,2,3,20,69
2026-01-16 02:45:06.264924,1,1,1,21,69
2026-01-16 02:45:09.119788,1,1,1,22,67
2026-01-16 02:45:12.920003,1,2,3,22,64
2026-01-16 02:45:16.287748,1,2,2,23,64
2026-01-16 02:45:20.076527,1,1,1,21,64
2026-01-16 02:45:22.919975,1,1,1,18,64
2026-01-16 02:45:25.817511,1,2,3,16,64
2026-01-16 02:45:31.135722,1,2,3,15,64
2026-01-16 02:45:34.120061,1,1,1,14,64
2026-01-16 02:45:36.871205,1,1,1,13,64
2026-01-16 02:45:40.249260,1,1,2,13,65
2026-01-16 02:45:43.029692,1,1,1,13,68
2026-01-16 02:45:46.188387,1,1,1,12,71
2026-01-16 02:45:48.854396,1,1,1,12,74
2026-01-16 02:45:51.614658,1,1,3,12,74
2026-01-16 02:45:55.506940,1,1,1,12,74
2026-01-16 02:45:59.509198,1,1,1,14,74
2026-01-16 02:46:03.389982,1,1,1,16,74
2026-01-16 02:46:06.259150,1,1,1,17,74
2026-01-16 02:46:09.067519,1,1,1,17,73
2026-01-16 02:46:12.939041,1,1,1,16,70
2026-01-16 02:46:16.292598,1,1,1,15,67
2026-01-16 02:46:20.082780,1,2,1,14,64
2026-01-16 02:46:23.972284,1,2,2,14,63
2026-01-16 02:46:26.848694,1,2,3,14,63
2026-01-16 02:46:29.714136,1,1,1,14,63
2026-01-16 02:46:32.524900,1,2,1,14,63
2026-01-16 02:46:36.068355,1,1,1,14,63
2026-01-16 02:46:39.343108,1,1,1,14,63
2026-01-16 02:46:42.118073,1,1,3,14,63
2026-01-16 02:46:46.004353,1,1,1,14,63
2026-01-16 02:46:50.300812,1,1,1,14,63
2026-01-16 02:46:51.723886,1,2,1,14,63
2026-01-16 02:46:55.512921,1,2,4,14,63
2026-01-16 02:46:58.892042,1,1,4,13,63
2026-01-16 02:47:01.758201,1,1,2,13,63
2026-01-16 02:47:04.625467,1,1,1,12,63
2026-01-16 02:47:07.504971,1,2,4,12,63
2026-01-16 02:47:10.258435,1,1,1,12,63
2026-01-16 02:47:14.559225,1,1,1,13,63
2026-01-16 02:47:18.511147,1,1,1,15,67
2026-01-16 02:47:21.421159,1,2,1,14,67
2026-01-16 02:47:24.289436,1,2,4,14,67
2026-01-16 02:47:27.267565,1,1,1,14,67
2026-01-16 02:47:31.053886,1,2,2,14,67
2026-01-16 02:47:34.258846,1,2,1,14,67
2026-01-16 02:47:37.803667,1,1,4,14,67
2026-01-16 02:47:40.567935,1,1,1,14,67
2026-01-16 02:47:43.537643,1,1,1,14,67
2026-01-16 02:47:46.317233,1,1,1,14,67
2026-01-16 02:47:50.100334,1,1,1,14,67
2026-01-16 02:47:53.997379,1,1,1,14,67
2026-01-16 02:47:57.369342,1,1,1,14,66
2026-01-16 02:48:00.127330,1,1,1,16,68
2026-01-16 02:48:04.011258,1,1,1,17,71
2026-01-16 02:48:06.885435,1,1,1,18,74
2026-01-16 02:48:09.772470,1,1,2,19,77
2026-01-16 02:48:13.539774,1,1,1,20,80
2026-01-16 02:48:18.307063,1,1,1,17,77
2026-01-16 02:48:21.630206,1,1,1,15,72
2026-01-16 02:48:24.514705,1,2,1,14,69
2026-01-16 02:48:27.308730,1,1,2,14,66
2026-01-16 02:48:30.232100,1,1,1,13,64
2026-01-16 02:48:34.135502,1,1,1,13,64
2026-01-16 02:48:37.501885,1,2,1,12,64
2026-01-16 02:48:40.281532,1,1,3,12,64
2026-01-16 02:48:44.074679,1,1,1,12,64
2026-01-16 02:48:47.947644,1,1,1,14,64
2026-01-16 02:48:51.736296,1,1,1,15,68
2026-01-16 02:48:55.636336,1,2,1,17,71
2026-01-16 02:48:59.518696,1,2,2,16,74
2026-01-16 02:49:02.917720,1,1,1,16,71
2026-01-16 02:49:05.764058,1,1,1,15,71
2026-01-16 02:49:08.641929,1,2,1,15,68
2026-01-16 02:49:12.388842,1,1,3,14,65
2026-01-16 02:49:15.815316,1,1,2,14,68
2026-01-16 02:49:18.667589,1,1,1,14,69
2026-01-16 02:49:21.479543,1,2,3,15,69
2026-01-16 02:49:24.404422,1,2,2,17,72
2026-01-16 02:49:27.165874,1,1,1,18,75
2026-01-16 02:49:31.057815,1,1,1,19,78
2026-01-16 02:49:34.333780,1,2,2,20,81
2026-01-16 02:49:37.212654,1,1,1,20,78
2026-01-16 02:49:40.069481,1,1,1,21,72
2026-01-16 02:49:42.936480,1,2,2,21,69
2026-01-16 02:49:45.804373,1,1,1,22,66
2026-01-16 02:49:49.592753,1,2,1,22,63
2026-01-16 02:49:53.586135,1,2,1,23,62
2026-01-16 02:49:57.579231,1,1,5,23,62
2026-01-16 02:50:00.344272,1,1,3,23,62
2026-01-16 02:50:03.425202,1,1,1,23,62
2026-01-16 02:50:07.102890,1,2,3,24,62
2026-01-16 02:50:10.389482,1,2,1,24,62
2026-01-16 02:50:13.746051,1,1,1,24,62
2026-01-16 02:50:17.160294,1,1,1,22,62
2026-01-16 02:50:19.942260,1,1,1,19,62
2026-01-16 02:50:23.895560,1,2,1,17,62
2026-01-16 02:50:26.663690,1,1,2,15,62
2026-01-16 02:50:29.986722,1,1,1,17,62
2026-01-16 02:50:33.429970,1,1,1,18,66
2026-01-16 02:50:36.193903,1,2,4,19,69
2026-01-16 02:50:40.093749,1,2,2,19,72
2026-01-16 02:50:42.945488,1,1,1,18,73
2026-01-16 02:50:45.819632,1,1,1,16,72
2026-01-16 02:50:49.604916,1,2,1,16,72
2026-01-16 02:50:52.567573,1,2,2,15,72
2026-01-16 02:50:55.339763,1,1,1,15,72
2026-01-16 02:50:59.339103,1,1,1,14,72
2026-01-16 02:51:02.297234,1,1,1,14,72
2026-01-16 02:51:04.958339,1,2,3,14,75
2026-01-16 02:51:09.275587,1,1,2,14,75
2026-01-16 02:51:13.153483,1,1,1,14,77
2026-01-16 02:51:16.016871,1,1,1,14,79
2026-01-16 02:51:18.897370,1,1,2,15,79
2026-01-16 02:51:22.672967,1,1,2,15,79
2026-01-16 02:51:25.656919,1,1,1,14,79
2026-01-16 02:51:28.407622,1,2,1,14,79
2026-01-16 02:51:31.383683,1,1,1,14,79
2026-01-16 02:51:34.154255,1,1,1,14,81
2026-01-16 02:51:37.015876,1,2,1,16,82
2026-01-16 02:51:39.876022,1,1,1,17,82
2026-01-16 02:51:43.611410,1,1,1,18,84
2026-01-16 02:51:46.953865,1,1,1,20,87
2026-01-16 02:51:50.422814,1,1,4,21,90
2026-01-16 02:51:53.291078,1,1,1,22,92
2026-01-16 02:51:56.168821,1,1,1,22,94
2026-01-16 02:51:58.923343,1,1,2,23,96
2026-01-16 02:52:02.883730,1,1,2,23,96
2026-01-16 02:52:07.117491,1,1,1,23,96
2026-01-16 02:52:10.101836,1,1,1,24,96
2026-01-16 02:52:12.848529,1,2,1,24,96
2026-01-16 02:52:16.851795,1,1,3,24,96
2026-01-16 02:52:19.607888,1,1,1,25,96
2026-01-16 02:52:22.679464,1,2,1,25,98
2026-01-16 02:52:26.263268,1,2,1,25,99
2026-01-16 02:52:29.662194,1,2,3,25,99
2026-01-16 02:52:33.022355,1,1,2,25,99
2026-01-16 02:52:35.788433,1,1,1,25,99
2026-01-16 02:52:38.672279,1,2,1,25,99
2026-01-16 02:52:42.135484,1,1,2,23,99
2026-01-16 02:52:45.821754,1,1,1,20,95
2026-01-16 02:52:48.790395,1,2,1,19,89
2026-01-16 02:52:52.690419,1,2,1,16,83
2026-01-16 02:52:55.969328,1,1,3,15,77
2026-01-16 02:52:59.850446,1,1,1,15,73
2026-01-16 02:53:02.728478,1,1,1,15,70
2026-01-16 02:53:06.050483,1,2,3,14,69
2026-01-16 02:53:10.614036,1,1,2,14,69
2026-01-16 02:53:13.980598,1,1,2,17,69
2026-01-16 02:53:16.771024,1,1,1,15,72
2026-01-16 02:53:19.614590,1,1,1,14,75
2026-01-16 02:53:22.479776,1,2,2,14,72
2026-01-16 02:53:26.782794,1,1,2,13,69
2026-01-16 02:53:31.809354,1,1,3,13,69
2026-01-16 02:53:34.715276,1,1,2,16,69
2026-01-16 02:53:37.431239,1,1,1,16,69
2026-01-16 02:53:41.329917,1,1,1,18,69
2026-01-16 02:53:44.291628,1,2,2,17,69
2026-01-16 02:53:47.057302,1,1,1,16,69
2026-01-16 02:53:50.845417,1,2,1,15,69
2026-01-16 02:53:53.713503,1,1,3,15,69
2026-01-16 02:53:57.706611,1,1,1,14,69
2026-01-16 02:54:00.481595,1,1,1,14,69
2026-01-16 02:54:03.338236,1,2,4,15,69
2026-01-16 02:54:07.228878,1,1,1,16,69
2026-01-16 02:54:10.506549,1,1,1,17,72
2026-01-16 02:54:13.271399,1,1,1,19,75
2026-01-16 02:54:16.248052,1,2,2,20,78
2026-01-16 02:54:19.630844,1,1,1,20,81
2026-01-16 02:54:22.320929,1,2,1,21,84
2026-01-16 02:54:25.250600,1,2,5,22,87
2026-01-16 02:54:28.118827,1,2,2,22,90
2026-01-16 02:54:30.882654,1,1,1,23,93
2026-01-16 02:54:34.877456,1,2,1,23,96
2026-01-16 02:54:37.647256,1,2,4,21,99
2026-01-16 02:54:40.508698,1,1,2,21,99
2026-01-16 02:54:44.313889,1,1,1,17,93
2026-01-16 02:54:48.187802,1,1,1,16,88
2026-01-16 02:54:51.463968,1,1,1,16,80
2026-01-16 02:54:54.313457,1,1,1,15,75
2026-01-16 02:54:58.223056,1,1,1,15,72
2026-01-16 02:55:01.103415,1,1,1,14,69
2026-01-16 02:55:03.968500,1,2,2,14,67
2026-01-16 02:55:07.750900,1,1,1,14,67
2026-01-16 02:55:12.157622,1,1,2,14,67
2026-01-16 02:55:14.916830,1,1,1,14,67
2026-01-16 02:55:17.734515,1,2,1,14,67
2026-01-16 02:55:21.697253,1,1,2,14,67
2026-01-16 02:55:24.556688,1,1,1,16,69
2026-01-16 02:55:27.406413,1,1,1,17,72
2026-01-16 02:55:30.900436,1,2,3,18,75
2026-01-16 02:55:33.633894,1,1,1,19,78
2026-01-16 02:55:36.520352,1,1,1,20,81
2026-01-16 02:55:39.402736,1,1,2,21,84
2026-01-16 02:55:43.176853,1,1,1,22,87
2026-01-16 02:55:46.559620,1,1,1,22,90
2026-01-16 02:55:49.948387,1,1,1,23,93
2026-01-16 02:55:52.738773,1,1,2,23,96
2026-01-16 02:55:55.669002,1,1,1,24,98
2026-01-16 02:55:58.544056,1,1,1,24,98
2026-01-16 02:56:02.324719,1,2,3,24,98
2026-01-16 02:56:06.216307,1,1,2,24,97
2026-01-16 02:56:10.618461,1,1,2,25,100
2026-01-16 02:56:13.305564,1,1,1,25,103
2026-01-16 02:56:16.371744,1,1,1,25,103
2026-01-16 02:56:19.142465,1,2,5,24,103
2026-01-16 02:56:22.016977,1,1,2,21,101
2026-01-16 02:56:25.774481,1,1,1,19,95
2026-01-16 02:56:29.153214,1,2,1,16,89
2026-01-16 02:56:31.955300,1,2,1,16,83
2026-01-16 02:56:34.776810,1,1,3,15,78
2026-01-16 02:56:37.754536,1,1,1,15,75
2026-01-16 02:56:40.519152,1,1,2,15,72
2026-01-16 02:56:44.310910,1,1,2,14,70
2026-01-16 02:56:48.200231,1,1,3,14,70
2026-01-16 02:56:51.698103,1,1,2,14,70
2026-01-16 02:56:54.550887,1,1,1,14,70
2026-01-16 02:56:57.415831,1,2,2,14,70
2026-01-16 02:57:01.214244,1,1,1,14,67
2026-01-16 02:57:04.583840,1,1,1,14,66
2026-01-16 02:57:08.884691,1,1,1,14,64
2026-01-16 02:57:13.191827,1,1,1,14,64
2026-01-16 02:57:16.566195,1,1,1,14,64
2026-01-16 02:57:20.872768,1,2,1,14,64
2026-01-16 02:57:24.244769,1,2,1,14,64
2026-01-16 02:57:27.934108,1,2,1,14,64
2026-01-16 02:57:31.822335,1,1,2,14,64
2026-01-16 02:57:34.689884,1,1,1,14,64
2026-01-16 02:57:37.555505,1,1,1,14,64
2026-01-16 02:57:41.453275,1,2,5,14,64
2026-01-16 02:57:44.316469,1,1,1,14,64
2026-01-16 02:57:47.078607,1,1,1,14,64
2026-01-16 02:57:51.381142,1,2,3,14,64
2026-01-16 02:57:55.271652,1,1,1,14,64
2026-01-16 02:57:58.651445,1,1,1,14,64
2026-01-16 02:58:02.866425,1,1,1,13,64
2026-01-16 02:58:06.228305,1,1,1,13,64
2026-01-16 02:58:10.017694,1,2,1,12,64
2026-01-16 02:58:13.801155,1,1,1,12,64
2026-01-16 02:58:18.208668,1,2,3,12,64
2026-01-16 02:58:22.037173,1,1,1,12,64
2026-01-16 02:58:25.787063,1,1,1,12,64
2026-01-16 02:58:29.071797,1,1,1,12,64
2026-01-16 02:58:33.467255,1,1,1,12,64
2026-01-16 02:58:37.271448,1,1,1,13,64
2026-01-16 02:58:40.245918,1,1,1,15,67
2026-01-16 02:58:42.990491,1,1,2,16,70
2026-01-16 02:58:46.846077,1,1,1,15,73
2026-01-16 02:58:49.753832,1,1,1,15,70
2026-01-16 02:58:52.614712,1,2,2,15,67
2026-01-16 02:58:56.420223,1,1,3,14,67
2026-01-16 02:58:59.373729,1,1,1,14,67
2026-01-16 02:59:03.886788,1,1,1,14,67
2026-01-16 02:59:06.541703,1,1,2,14,67
2026-01-16 02:59:09.415776,1,1,1,14,67
2026-01-16 02:59:13.330370,1,2,5,14,67
2026-01-16 02:59:16.563254,1,2,3,14,67
2026-01-16 02:59:19.959135,1,1,2,14,67
2026-01-16 02:59:22.880890,1,1,1,14,67
2026-01-16 02:59:25.904047,1,1,1,13,67
2026-01-16 02:59:28.562112,1,1,3,13,67
2026-01-16 02:59:32.358705,1,1,1,12,67
2026-01-16 02:59:36.236621,1,1,1,12,67
2026-01-16 02:59:39.614035,1,1,1,13,67
2026-01-16 02:59:42.494560,1,2,2,15,69
2026-01-16 02:59:46.389957,1,1,1,16,72
2026-01-16 02:59:49.157605,1,1,1,17,75
2026-01-16 02:59:51.966925,1,1,1,19,78
2026-01-16 02:59:55.860303,1,1,1,20,79
2026-01-16 02:59:59.299928,1,1,1,21,79
2026-01-16 03:00:02.041412,1,2,1,22,79
2026-01-16 03:00:04.916979,1,1,3,22,79
2026-01-16 03:00:07.813321,1,1,1,23,79
2026-01-16 03:00:10.651389,1,2,1,23,79
2026-01-16 03:00:14.952355,1,1,2,23,79
2026-01-16 03:00:18.323712,1,1,1,22,79
2026-01-16 03:00:21.814369,1,1,1,19,77
2026-01-16 03:00:24.570393,1,2,1,17,73
2026-01-16 03:00:27.468600,1,2,2,16,70
2026-01-16 03:00:31.328317,1,1,1,15,67
2026-01-16 03:00:34.681162,1,1,1,14,66
2026-01-16 03:00:38.905572,1,1,1,13,66
2026-01-16 03:00:42.386747,1,1,1,15,70
2026-01-16 03:00:45.262675,1,2,2,17,73
2026-01-16 03:00:48.027092,1,1,1,18,73
2026-01-16 03:00:51.013132,1,2,1,19,76
2026-01-16 03:00:54.284996,1,1,3,20,76
2026-01-16 03:00:58.002952,1,1,1,20,81
2026-01-16 03:01:01.032858,1,1,1,18,81
2026-01-16 03:01:04.915435,1,2,1,16,81
2026-01-16 03:01:08.144293,1,2,4,15,79
2026-01-16 03:01:12.091551,1,1,1,17,76
2026-01-16 03:01:14.913918,1,1,1,18,76
2026-01-16 03:01:18.328822,1,2,1,19,76
2026-01-16 03:01:21.811516,1,2,1,20,80
2026-01-16 03:01:24.582870,1,1,3,21,82
2026-01-16 03:01:27.462975,1,1,1,21,82
2026-01-16 03:01:31.310918,1,2,2,22,82
2026-01-16 03:01:34.627980,1,2,3,23,82
2026-01-16 03:01:38.510887,1,1,2,23,82
2026-01-16 03:01:41.366576,1,1,1,24,82
2026-01-16 03:01:44.254456,1,1,1,24,84
2026-01-16 03:01:48.128340,1,2,2,24,87
2026-01-16 03:01:50.909910,1,1,2,24,88
2026-01-16 03:01:54.271163,1,1,1,24,88
2026-01-16 03:01:58.064971,1,2,1,25,88
2026-01-16 03:02:01.839968,1,1,1,25,88
2026-01-16 03:02:05.149128,1,1,2,25,88
2026-01-16 03:02:09.016652,1,1,2,25,88
2026-01-16 03:02:12.908984,1,1,1,25,88
2026-01-16 03:02:15.631154,1,2,1,25,88
2026-01-16 03:02:18.562374,1,1,1,25,88
2026-01-16 03:02:22.361856,1,1,1,25,88
2026-01-16 03:02:25.300315,1,1,1,25,88
2026-01-16 03:02:28.067846,1,1,3,25,88
2026-01-16 03:02:31.878242,1,1,2,25,88
2026-01-16 03:02:35.186836,1,1,1,25,88
2026-01-16 03:02:39.020583,1,1,1,25,88
2026-01-16 03:02:42.005168,1,1,1,25,88
2026-01-16 03:02:45.880922,1,1,2,25,88
2026-01-16 03:02:48.667006,1,1,1,25,88
2026-01-16 03:02:51.487509,1,1,1,25,88
2026-01-16 03:02:55.404949,1,2,3,25,88
2026-01-16 03:02:58.682324,1,1,2,25,88
2026-01-16 03:03:01.666463,1,1,1,25,88
2026-01-16 03:03:04.419106,1,1,1,25,88
2026-01-16 03:03:07.295207,1,2,1,25,88
2026-01-16 03:03:10.149990,1,1,1,25,88
2026-01-16 03:03:13.955077,1,2,1,24,88
2026-01-16 03:03:17.422207,1,2,2,19,88
2026-01-16 03:03:20.099410,1,1,2,19,88
2026-01-16 03:03:22.953838,1,1,1,20,88
2026-01-16 03:03:25.921902,1,2,1,21,88
2026-01-16 03:03:28.694511,1,1,2,21,88
2026-01-16 03:03:32.470966,1,1,1,22,88
2026-01-16 03:03:35.955935,1,1,1,23,91
2026-01-16 03:03:39.295747,1,1,1,21,95
2026-01-16 03:03:42.062908,1,1,2,19,95
2026-01-16 03:03:44.966431,1,1,1,17,95
2026-01-16 03:03:48.319901,1,2,4,18,95
2026-01-16 03:03:52.151349,1,2,2,19,94
2026-01-16 03:03:56.128108,1,1,2,20,91
2026-01-16 03:03:59.514964,1,2,2,21,90
2026-01-16 03:04:02.277177,1,1,1,21,90
2026-01-16 03:04:07.615283,1,1,1,19,90
2026-01-16 03:04:10.476972,1,1,1,17,90
2026-01-16 03:04:13.312471,1,1,1,16,90
2026-01-16 03:04:17.225396,1,1,2,16,90
2026-01-16 03:04:21.523061,1,2,4,15,90
2026-01-16 03:04:25.413707,1,2,2,14,84
2026-01-16 03:04:28.675119,1,2,5,14,81
2026-01-16 03:04:32.581906,1,1,2,15,79
2026-01-16 03:04:36.345544,1,1,1,16,81
2026-01-16 03:04:40.996349,1,1,2,18,86
2026-01-16 03:04:44.178921,1,1,1,19,89
2026-01-16 03:04:47.020032,1,1,1,21,92
2026-01-16 03:04:49.998962,1,2,1,22,95
2026-01-16 03:04:52.800283,1,1,3,22,98
2026-01-16 03:04:57.064894,1,1,1,24,100
2026-01-16 03:05:01.963637,1,1,1,24,100
2026-01-16 03:05:04.873950,1,1,1,25,100
2026-01-16 03:05:07.712435,1,2,1,25,100
2026-01-16 03:05:11.595636,1,2,2,25,99
2026-01-16 03:05:14.977612,1,1,1,25,99
2026-01-16 03:05:17.765912,1,1,1,25,99
2026-01-16 03:05:21.127315,1,2,1,24,99
2026-01-16 03:05:24.088965,1,1,2,21,99
2026-01-16 03:05:27.896506,1,1,1,19,94
2026-01-16 03:05:30.757429,1,1,1,20,93
2026-01-16 03:05:33.615686,1,2,5,21,96
2026-01-16 03:05:37.504598,1,1,1,21,99
2026-01-16 03:05:40.371024,1,1,1,19,99
2026-01-16 03:05:43.135596,1,2,1,20,99
2026-01-16 03:05:47.026745,1,1,1,22,99
2026-01-16 03:05:50.005090,1,1,2,22,99
2026-01-16 03:05:52.762338,1,1,1,22,99
2026-01-16 03:05:57.061637,1,2,1,21,99
2026-01-16 03:06:00.890171,1,1,1,19,97
2026-01-16 03:06:03.717658,1,2,1,19,96
2026-01-16 03:06:06.562733,1,1,1,21,99
2026-01-16 03:06:10.476348,1,1,1,22,99
2026-01-16 03:06:13.343808,1,1,1,22,99
2026-01-16 03:06:16.212833,1,1,1,23,99
2026-01-16 03:06:19.590219,1,1,1,24,99
2026-01-16 03:06:22.570013,1,1,1,24,99
2026-01-16 03:06:25.322882,1,2,5,25,99
2026-01-16 03:06:28.215106,1,1,1,25,99
2026-01-16 03:06:32.111660,1,2,1,25,102
2026-01-16 03:06:35.359193,1,1,1,22,102
2026-01-16 03:06:38.225394,1,1,2,20,102
2026-01-16 03:06:41.134571,1,1,1,20,96
2026-01-16 03:06:43.959466,1,2,2,21,90
2026-01-16 03:06:46.827765,1,1,2,21,93
2026-01-16 03:06:51.127900,1,1,1,22,96
2026-01-16 03:06:54.511769,1,2,1,23,99
2026-01-16 03:06:58.960215,1,2,1,23,103
2026-01-16 03:07:02.187569,1,1,3,23,103
2026-01-16 03:07:05.062823,1,2,3,24,103
2026-01-16 03:07:08.028555,1,1,1,24,103
2026-01-16 03:07:10.789275,1,1,1,24,103
2026-01-16 03:07:14.656082,1,2,1,24,103
2026-01-16 03:07:18.022543,1,1,1,25,103
2026-01-16 03:07:21.958984,1,1,1,25,99
2026-01-16 03:07:24.822801,1,1,1,25,95
2026-01-16 03:07:27.787627,1,1,3,22,92
2026-01-16 03:07:31.473710,1,1,2,22,88
2026-01-16 03:07:34.866616,1,1,1,22,87
2026-01-16 03:07:38.243435,1,1,1,22,87
2026-01-16 03:07:41.119082,1,1,1,22,87
2026-01-16 03:07:44.592006,1,2,2,20,87
2026-01-16 03:07:47.359385,1,1,1,19,84
2026-01-16 03:07:51.145049,1,1,1,19,80
2026-01-16 03:07:54.994349,1,2,1,20,77
2026-01-16 03:08:00.050572,1,1,2,20,77
2026-01-16 03:08:02.761696,1,2,3,22,77
2026-01-16 03:08:05.777633,1,1,1,22,77
2026-01-16 03:08:08.555793,1,2,2,23,77
2026-01-16 03:08:11.409653,1,1,1,23,79
2026-01-16 03:08:15.152093,1,1,1,23,82
2026-01-16 03:08:20.011343,1,1,1,21,88
2026-01-16 03:08:23.410866,1,2,1,19,84
2026-01-16 03:08:27.179388,1,1,1,19,78
2026-01-16 03:08:31.586039,1,2,3,20,70
2026-01-16 03:08:34.859200,1,1,1,21,67
2026-01-16 03:08:38.664016,1,1,1,22,64
2026-01-16 03:08:42.028743,1,1,1,22,64
2026-01-16 03:08:45.406888,1,1,1,22,64
2026-01-16 03:08:48.272999,1,1,2,23,64
2026-01-16 03:08:51.101017,1,1,1,23,64
2026-01-16 03:08:54.518947,1,2,1,22,64
2026-01-16 03:08:58.308782,1,1,1,23,66
2026-01-16 03:09:01.188638,1,1,2,23,69
2026-01-16 03:09:05.078613,1,1,2,24,72
2026-01-16 03:09:07.843171,1,1,1,24,75
2026-01-16 03:09:11.726166,1,1,1,24,78
2026-01-16 03:09:14.602027,1,2,2,24,81
2026-01-16 03:09:17.366205,1,1,1,25,84
2026-01-16 03:09:20.826302,1,1,1,25,87
2026-01-16 03:09:23.704026,1,2,3,22,90
2026-01-16 03:09:26.554245,1,1,1,21,92
2026-01-16 03:09:29.473080,1,1,1,22,92
2026-01-16 03:09:33.310083,1,2,1,23,92
2026-01-16 03:09:37.629148,1,2,1,24,97
2026-01-16 03:09:41.521028,1,2,2,25,99
2026-01-16 03:09:44.917776,1,1,1,25,102
2026-01-16 03:09:47.667977,1,1,1,25,103
2026-01-16 03:09:50.654312,1,2,2,23,102
2026-01-16 03:09:53.399453,1,1,1,21,96
2026-01-16 03:09:57.302537,1,1,1,21,93
2026-01-16 03:10:00.180606,1,1,2,22,87
2026-01-16 03:10:04.075177,1,1,1,22,87
2026-01-16 03:10:06.937208,1,1,1,21,87
2026-01-16 03:10:09.783646,1,2,2,18,83
2026-01-16 03:10:13.532484,1,1,1,16,77
2026-01-16 03:10:16.856817,1,1,1,15,72
2026-01-16 03:10:19.716414,1,2,2,14,69
2026-01-16 03:10:22.583072,1,1,1,13,66
2026-01-16 03:10:25.453515,1,2,2,13,64
2026-01-16 03:10:28.341910,1,1,2,14,64
2026-01-16 03:10:32.267936,1,1,1,16,64
2026-01-16 03:10:35.485625,1,1,1,18,64
2026-01-16 03:10:38.262237,1,2,1,20,64
2026-01-16 03:10:41.267691,1,1,2,20,64
2026-01-16 03:10:44.098426,1,1,1,17,64
2026-01-16 03:10:46.873146,1,2,1,17,64
2026-01-16 03:10:51.370005,1,1,1,15,62
2026-01-16 03:10:54.532231,1,1,1,14,62
2026-01-16 03:10:57.919537,1,1,1,13,62
2026-01-16 03:11:00.688992,1,2,4,13,62
2026-01-16 03:11:04.672068,1,1,3,12,62
2026-01-16 03:11:07.455942,1,1,2,12,62
2026-01-16 03:11:10.308188,1,1,1,12,62
2026-01-16 03:11:14.193272,1,2,1,13,62
2026-01-16 03:11:17.264806,1,2,2,13,62
2026-01-16 03:11:19.927360,1,1,1,13,62
2026-01-16 03:11:23.728863,1,1,1,13,62
2026-01-16 03:11:26.685673,1,2,2,13,62
2026-01-16 03:11:29.555475,1,1,1,13,62
2026-01-16 03:11:33.224817,1,1,1,13,62
2026-01-16 03:11:36.137254,1,2,1,13,62
2026-01-16 03:11:40.114583,1,1,3,13,62
2026-01-16 03:11:42.867688,1,1,1,13,62
2026-01-16 03:11:45.751083,1,1,1,14,62
2026-01-16 03:11:49.621698,1,1,2,15,62
2026-01-16 03:11:52.897433,1,1,2,17,62
2026-01-16 03:11:55.769393,1,1,1,17,65
2026-01-16 03:11:58.632835,1,1,1,18,68
2026-01-16 03:12:01.527905,1,2,2,19,71
2026-01-16 03:12:04.392697,1,1,1,20,74
2026-01-16 03:12:08.161696,1,1,1,21,77
2026-01-16 03:12:11.659401,1,2,2,22,78
2026-01-16 03:12:14.307108,1,1,1,23,81
2026-01-16 03:12:17.159612,1,1,1,23,84
2026-01-16 03:12:20.070827,1,1,3,23,87
2026-01-16 03:12:22.902876,1,1,1,23,90
2026-01-16 03:12:26.699707,1,1,1,24,90
2026-01-16 03:12:30.601114,1,2,1,24,90
2026-01-16 03:12:35.088212,1,2,1,24,90
2026-01-16 03:12:38.363204,1,1,2,25,93
2026-01-16 03:12:41.230942,1,1,1,25,96
2026-01-16 03:12:44.119062,1,1,1,25,97
2026-01-16 03:12:46.914752,1,1,5,25,97
2026-01-16 03:12:50.763088,1,1,1,25,97
2026-01-16 03:12:55.940663,1,1,1,25,97
2026-01-16 03:12:58.537514,1,1,1,25,97
2026-01-16 03:13:01.404286,1,1,1,25,95
2026-01-16 03:13:05.207193,1,1,1,25,89
2026-01-16 03:13:08.163209,1,1,1,25,89
2026-01-16 03:13:10.927823,1,1,2,25,89
2026-01-16 03:13:14.018926,1,1,1,25,89
2026-01-16 03:13:16.661544,1,2,4,25,89
2026-01-16 03:13:19.529741,1,1,1,25,89
2026-01-16 03:13:22.305498,1,2,1,25,89
2026-01-16 03:13:26.198893,1,1,2,25,89
2026-01-16 03:13:29.564550,1,1,2,24,89
2026-01-16 03:13:32.283752,1,1,1,24,89
2026-01-16 03:13:35.314059,1,1,2,24,89
2026-01-16 03:13:38.165391,1,1,2,24,89
2026-01-16 03:13:40.918000,1,2,8,24,89
2026-01-16 03:13:44.821515,1,2,19,24,89
2026-01-16 03:13:48.609839,1,2,13,24,83
2026-01-16 03:13:52.035955,1,2,2,24,72
2026-01-16 03:13:54.862140,1,2,2,24,71
2026-01-16 03:13:58.673730,1,2,16,24,71
2026-01-16 03:14:01.615403,1,2,5,24,71
2026-01-16 03:14:04.329403,1,2,11,25,71
2026-01-16 03:14:08.306015,1,2,1,25,71
2026-01-16 03:14:11.563266,1,2,1,25,71
2026-01-16 03:14:14.939671,1,2,11,25,71
2026-01-16 03:14:17.777521,1,2,2,25,74
2026-01-16 03:14:20.768674,1,2,2,25,77
2026-01-16 03:14:23.529060,1,2,8,25,80
2026-01-16 03:14:27.318148,1,2,10,22,83
2026-01-16 03:14:30.799768,1,2,1,20,80
2026-01-16 03:14:34.822406,1,1,1,19,76
2026-01-16 03:14:37.526370,1,2,2,17,73
2026-01-16 03:14:40.424983,1,1,4,15,70
2026-01-16 03:14:44.255418,1,1,1,14,69
2026-01-16 03:14:47.608900,1,2,1,13,69
2026-01-16 03:14:51.499832,1,2,8,13,69
2026-01-16 03:14:54.968520,1,2,10,12,69
2026-01-16 03:14:57.797163,1,2,2,12,69
2026-01-16 03:15:01.710371,1,1,2,12,69
2026-01-16 03:15:05.000537,1,1,1,12,69
2026-01-16 03:15:08.792248,1,1,1,12,69
2026-01-16 03:15:11.762940,1,1,2,12,69
2026-01-16 03:15:14.523842,1,1,1,13,69
2026-01-16 03:15:18.344933,1,2,12,13,69
2026-01-16 03:15:21.281917,1,1,1,13,69
2026-01-16 03:15:24.676501,1,2,9,13,69
2026-01-16 03:15:28.617554,1,1,6,13,69
2026-01-16 03:15:31.317518,1,1,6,13,66
2026-01-16 03:15:34.184727,1,1,1,13,65
2026-01-16 03:15:37.030922,1,2,8,13,65
2026-01-16 03:15:39.919270,1,1,2,13,65
2026-01-16 03:15:43.720349,1,1,1,13,65
2026-01-16 03:15:47.098941,1,2,9,13,65
2026-01-16 03:15:50.567474,1,1,1,13,65
2026-01-16 03:15:53.758067,1,1,1,13,65
2026-01-16 03:15:56.611885,1,2,4,14,65
2026-01-16 03:16:00.616666,1,2,3,16,65
2026-01-16 03:16:03.367883,1,1,1,15,65
2026-01-16 03:16:06.764236,1,2,1,14,65
2026-01-16 03:16:10.024671,1,2,12,13,71
2026-01-16 03:16:12.896008,1,1,1,13,74
2026-01-16 03:16:16.789525,1,1,1,12,77
2026-01-16 03:16:19.652168,1,2,1,12,80
2026-01-16 03:16:22.447167,1,1,4,12,83
2026-01-16 03:16:26.305813,1,1,1,12,85
2026-01-16 03:16:30.312491,1,2,13,12,85
2026-01-16 03:16:33.694883,1,1,6,12,85
2026-01-16 03:16:36.455728,1,2,1,12,85
2026-01-16 03:16:39.310066,1,1,3,12,85
2026-01-16 03:16:42.689426,1,1,1,12,84
2026-01-16 03:16:46.494640,1,2,1,12,82
2026-01-16 03:16:49.345841,1,2,10,12,82
2026-01-16 03:16:52.213210,1,1,4,13,84
2026-01-16 03:16:55.080279,1,2,1,12,86
2026-01-16 03:16:57.948929,1,2,3,12,86
2026-01-16 03:17:01.747719,1,1,2,12,86
2026-01-16 03:17:05.115513,1,1,2,12,86
2026-01-16 03:17:07.987481,1,1,1,13,86
2026-01-16 03:17:10.747622,1,2,11,13,86
2026-01-16 03:17:13.628301,1,1,1,13,86
2026-01-16 03:17:16.444862,1,2,1,13,86
2026-01-16 03:17:20.392627,1,2,2,13,86
2026-01-16 03:17:23.660381,1,1,4,13,86
2026-01-16 03:17:26.413719,1,2,1,13,86
2026-01-16 03:17:29.486592,1,2,11,13,86
2026-01-16 03:17:32.266351,1,1,5,13,86
2026-01-16 03:17:35.052139,1,2,1,13,86
2026-01-16 03:17:39.521876,1,1,8,13,86
2026-01-16 03:17:42.707302,1,1,1,13,86
2026-01-16 03:17:46.280054,1,1,1,13,86
2026-01-16 03:17:49.056330,1,2,9,13,86
2026-01-16 03:17:51.911779,1,2,3,12,86
2026-01-16 03:17:55.803090,1,2,1,12,86
2026-01-16 03:17:59.080058,1,2,45,12,86
2026-01-16 03:18:02.855144,1,2,23,12,86
2026-01-16 03:18:05.838401,1,2,15,24,107
2026-01-16 03:18:08.611113,1,2,1,23,110
2026-01-16 03:18:12.508459,1,2,5,23,113
2026-01-16 03:18:15.366473,1,2,1,24,116
2026-01-16 03:18:18.741293,1,2,1,24,119
2026-01-16 03:18:22.453724,1,1,5,21,116
2026-01-16 03:18:26.320606,1,2,1,19,110
2026-01-16 03:18:29.594837,1,2,6,15,104
2026-01-16 03:18:33.403716,1,2,12,14,98
2026-01-16 03:18:37.787059,1,2,1,14,86
2026-01-16 03:18:41.063862,1,2,2,13,80
2026-01-16 03:18:44.955346,1,2,3,13,74
2026-01-16 03:18:48.333515,1,2,5,13,70
2026-01-16 03:18:52.737282,1,2,4,14,64
2026-01-16 03:18:56.526271,1,2,5,16,64
2026-01-16 03:18:59.504539,1,2,3,15,65
2026-01-16 03:19:02.363664,1,2,2,15,65
2026-01-16 03:19:05.140878,1,1,3,15,65
2026-01-16 03:19:08.624336,1,1,2,16,65
2026-01-16 03:19:11.899521,1,2,3,16,67
2026-01-16 03:19:14.650990,1,2,4,14,70
2026-01-16 03:19:18.548947,1,2,1,14,73
2026-01-16 03:19:21.527325,1,2,3,13,76
2026-01-16 03:19:24.802015,1,2,2,13,73
2026-01-16 03:19:28.271035,1,1,2,12,67
2026-01-16 03:19:30.896158,1,2,2,12,70
2026-01-16 03:19:34.824389,1,2,1,12,73
2026-01-16 03:19:37.698101,1,2,3,11,76
2026-01-16 03:19:40.562843,1,1,5,11,79
2026-01-16 03:19:44.359871,1,2,2,11,79
2026-01-16 03:19:47.427567,1,2,1,11,79
2026-01-16 03:19:50.696497,1,1,7,11,79
2026-01-16 03:19:55.931596,1,1,1,11,79
2026-01-16 03:19:58.913463,1,2,3,11,79
2026-01-16 03:20:01.766467,1,1,1,11,79
2026-01-16 03:20:04.639633,1,2,1,11,77
2026-01-16 03:20:08.019009,1,2,2,11,77
2026-01-16 03:20:10.971996,1,2,2,11,79
2026-01-16 03:20:13.681381,1,1,2,11,79
2026-01-16 03:20:16.618165,1,2,1,11,75
2026-01-16 03:20:20.392976,1,1,1,11,70
2026-01-16 03:20:23.684380,1,1,7,11,67
2026-01-16 03:20:27.564473,1,1,2,11,64
2026-01-16 03:20:30.371596,1,1,3,11,62
2026-01-16 03:20:34.335786,1,2,4,11,63
2026-01-16 03:20:37.288765,1,1,2,11,66
2026-01-16 03:20:40.061945,1,2,3,11,69
2026-01-16 03:20:43.841525,1,2,4,11,71
2026-01-16 03:20:47.835570,1,2,6,11,71
2026-01-16 03:20:51.128448,1,2,4,11,71
2026-01-16 03:20:53.987654,1,1,3,11,71
2026-01-16 03:20:56.956482,1,1,2,11,71
2026-01-16 03:20:59.720234,1,2,3,11,71
2026-01-16 03:21:03.513839,1,1,6,11,71
2026-01-16 03:21:06.472763,1,2,2,11,71
2026-01-16 03:21:10.287641,1,2,2,11,71
2026-01-16 03:21:13.129499,1,2,3,11,71
2026-01-16 03:21:15.995895,1,2,2,11,71
2026-01-16 03:21:19.996995,1,2,8,11,71
2026-01-16 03:21:23.163730,1,2,4,11,71
2026-01-16 03:21:26.052651,1,2,2,11,71
2026-01-16 03:21:28.897516,1,2,3,11,71
2026-01-16 03:21:31.766042,1,1,1,11,71
2026-01-16 03:21:34.568568,1,2,2,11,73
2026-01-16 03:21:38.439122,1,2,1,11,76
2026-01-16 03:21:41.712332,1,2,2,11,79
2026-01-16 03:21:44.563164,1,1,1,11,79
2026-01-16 03:21:47.440699,1,2,1,11,79
2026-01-16 03:21:50.411565,1,1,6,11,79
2026-01-16 03:21:53.166938,1,2,2,11,79
2026-01-16 03:21:56.965195,1,2,4,11,79
2026-01-16 03:22:00.865830,1,2,4,11,79
2026-01-16 03:22:05.250379,1,1,1,11,78
2026-01-16 03:22:08.540145,1,2,1,11,78
2026-01-16 03:22:11.518431,1,2,1,11,78
2026-01-16 03:22:14.413227,1,2,5,11,78
2026-01-16 03:22:17.252185,1,1,1,11,78
2026-01-16 03:22:21.120893,1,2,3,11,78
2026-01-16 03:22:24.415452,1,2,5,11,78
2026-01-16 03:22:27.799118,1,1,4,11,78
2026-01-16 03:22:30.555052,1,2,2,11,78
2026-01-16 03:22:33.448577,1,2,4,11,78
2026-01-16 03:22:36.914931,1,2,7,11,78
2026-01-16 03:22:40.590823,1,2,1,11,78
2026-01-16 03:22:43.454887,1,2,5,11,78
2026-01-16 03:22:46.411975,1,1,1,11,78
2026-01-16 03:22:49.188114,1,2,5,11,78
2026-01-16 03:22:52.062723,1,2,3,11,78
2026-01-16 03:22:55.935368,1,2,17,11,78
2026-01-16 03:22:59.264973,1,2,14,11,78
2026-01-16 03:23:02.081560,1,2,54,12,78
2026-01-16 03:23:04.953503,1,2,25,12,106
2026-01-16 03:23:08.453609,1,2,5,23,109
2026-01-16 03:23:11.212004,1,2,2,23,112
2026-01-16 03:23:15.013156,1,1,1,24,115
2026-01-16 03:23:18.875744,1,1,1,24,118
2026-01-16 03:23:22.360999,1,2,2,23,115
2026-01-16 03:23:25.166273,1,2,3,20,109
2026-01-16 03:23:28.090157,1,1,2,18,103
2026-01-16 03:23:31.885775,1,2,5,17,97
2026-01-16 03:23:35.180359,1,2,4,17,91
2026-01-16 03:23:39.047634,1,1,1,15,85
2026-01-16 03:23:41.967770,1,1,2,16,83
2026-01-16 03:23:44.782731,1,2,1,18,84
2026-01-16 03:23:48.684104,1,2,2,19,87
2026-01-16 03:23:51.542410,1,1,1,17,89
2026-01-16 03:23:54.948653,1,2,6,15,89
2026-01-16 03:23:58.627478,1,2,6,14,87
2026-01-16 03:24:02.193226,1,2,6,14,84
2026-01-16 03:24:04.977767,1,2,5,13,81
2026-01-16 03:24:07.856108,1,2,5,13,81
2026-01-16 03:24:10.577112,1,1,1,12,77
2026-01-16 03:24:14.478103,1,2,3,12,73
2026-01-16 03:24:17.912439,1,1,2,12,70
2026-01-16 03:24:21.645224,1,2,1,12,67
2026-01-16 03:24:24.527530,1,2,2,12,64
2026-01-16 03:24:28.404304,1,1,1,13,63
2026-01-16 03:24:31.272270,1,1,2,13,63
2026-01-16 03:24:34.148906,1,1,1,13,63
2026-01-16 03:24:38.037348,1,2,7,15,63
2026-01-16 03:24:40.912983,1,1,2,16,63
2026-01-16 03:24:43.662306,1,2,3,17,63
2026-01-16 03:24:47.559381,1,1,4,19,63
2026-01-16 03:24:50.438945,1,2,1,19,63
2026-01-16 03:24:53.355818,1,2,1,19,63
2026-01-16 03:24:57.076700,1,2,6,18,63
2026-01-16 03:25:00.455682,1,1,5,19,66
2026-01-16 03:25:03.867531,1,2,26,17,72
2026-01-16 03:25:06.603403,1,2,24,16,72
2026-01-16 03:25:09.570690,1,2,21,23,107
2026-01-16 03:25:13.061304,1,2,2,23,110
2026-01-16 03:25:16.739537,1,1,1,23,116
2026-01-16 03:25:20.557207,1,1,1,24,119
2026-01-16 03:25:23.516030,1,1,1,24,122
2026-01-16 03:25:26.266784,1,1,1,24,122
2026-01-16 03:25:30.066288,1,1,1,22,116
2026-01-16 03:25:33.056292,1,1,1,20,110
2026-01-16 03:25:35.775653,1,1,1,19,104
2026-01-16 03:25:39.693500,1,1,1,18,98
2026-01-16 03:25:42.513599,1,1,1,17,92
2026-01-16 03:25:46.447222,1,1,1,16,80
2026-01-16 03:25:49.316222,1,1,1,16,75
2026-01-16 03:25:52.166600,1,1,1,16,72
2026-01-16 03:25:55.956750,1,1,1,15,69
2026-01-16 03:25:59.335835,1,1,1,15,66
2026-01-16 03:26:03.225377,1,1,1,15,63
2026-01-16 03:26:05.990136,1,1,1,16,62
2026-01-16 03:26:08.857370,1,1,1,18,62
2026-01-16 03:26:12.663529,1,1,1,20,62
2026-01-16 03:26:15.556912,1,1,1,20,62
2026-01-16 03:26:19.007093,1,1,1,21,62
2026-01-16 03:26:22.271801,1,1,1,21,62
2026-01-16 03:26:25.160044,1,1,1,22,62
2026-01-16 03:26:28.981265,1,1,1,22,62
2026-01-16 03:26:31.999970,1,1,1,22,62
2026-01-16 03:26:34.662471,1,1,1,22,62
2026-01-16 03:26:38.570857,1,1,1,22,62
2026-01-16 03:26:41.523507,1,1,1,22,62
2026-01-16 03:26:44.800354,1,1,1,22,62
2026-01-16 03:26:49.630450,1,1,1,22,62
2026-01-16 03:26:53.094968,1,1,1,22,62
2026-01-16 03:26:55.962902,1,1,1,23,62
2026-01-16 03:26:59.149221,1,1,1,23,63
2026-01-16 03:27:02.720927,1,1,1,23,66
2026-01-16 03:27:05.607807,1,1,1,23,69
2026-01-16 03:27:08.476847,1,1,1,23,70
2026-01-16 03:27:11.323941,1,1,1,23,70
2026-01-16 03:27:15.110725,1,1,1,22,70
2026-01-16 03:27:19.011461,1,1,1,23,69
2026-01-16 03:27:22.387610,1,1,1,23,64
2026-01-16 03:27:25.157805,1,1,1,22,64
2026-01-16 03:27:29.052102,1,1,1,19,66
2026-01-16 03:27:31.914351,1,1,1,17,67
2026-01-16 03:27:34.878435,1,1,1,16,67
2026-01-16 03:27:38.563348,1,1,1,14,67
2026-01-16 03:27:41.530588,1,1,1,14,68
2026-01-16 03:27:44.914563,1,1,1,14,68
2026-01-16 03:27:48.707588,1,1,1,14,68
2026-01-16 03:27:51.571816,1,1,1,14,68
2026-01-16 03:27:55.055406,1,1,1,14,66
2026-01-16 03:27:58.733547,1,1,1,14,64
2026-01-16 03:28:01.735810,1,1,1,14,64
2026-01-16 03:28:05.086603,1,1,1,14,64
2026-01-16 03:28:07.956815,1,1,1,14,64
2026-01-16 03:28:10.853808,1,1,1,14,64
2026-01-16 03:28:14.606118,1,1,1,14,64
2026-01-16 03:28:19.016063,1,1,1,13,64
2026-01-16 03:28:22.804046,1,1,1,12,64
2026-01-16 03:28:26.598332,1,1,1,12,64
2026-01-16 03:28:29.863351,1,1,1,12,64
2026-01-16 03:28:33.688237,1,1,1,12,64
2026-01-16 03:28:37.995257,1,1,1,12,64
2026-01-16 03:28:41.328309,1,1,1,12,64
2026-01-16 03:28:45.235451,1,1,1,12,64
2026-01-16 03:28:48.101141,1,1,1,13,64
2026-01-16 03:28:50.862325,1,1,1,13,64
2026-01-16 03:28:55.685227,1,1,1,13,64
2026-01-16 03:28:59.150158,1,1,1,13,64
2026-01-16 03:29:02.021969,1,1,1,13,64
2026-01-16 03:29:04.748086,1,1,1,13,64
2026-01-16 03:29:08.573969,1,1,1,13,64
2026-01-16 03:29:11.956408,1,1,1,14,64
2026-01-16 03:29:15.749794,1,1,1,14,64
2026-01-16 03:29:20.036303,1,1,1,14,64
2026-01-16 03:29:23.414675,1,1,1,14,64
2026-01-16 03:29:27.202825,1,1,1,14,64
2026-01-16 03:29:30.172766,1,1,1,15,64
2026-01-16 03:29:34.499263,1,1,1,15,64
2026-01-16 03:29:37.352078,1,1,1,15,64
2026-01-16 03:29:40.395899,1,1,1,15,64
2026-01-16 03:29:44.100477,1,1,1,15,65
2026-01-16 03:29:47.375966,1,1,1,15,66
2026-01-16 03:29:50.755618,1,1,1,15,66
2026-01-16 03:29:53.623798,1,1,1,14,63
2026-01-16 03:29:56.601848,1,1,1,13,62
2026-01-16 03:29:59.356528,1,1,1,13,62
2026-01-16 03:30:03.163683,1,1,1,13,62
2026-01-16 03:30:07.134009,1,1,1,12,62
2026-01-16 03:30:10.415686,1,1,1,13,62
2026-01-16 03:30:13.180555,1,1,1,13,62
2026-01-16 03:30:17.175175,1,1,1,14,62
2026-01-16 03:30:20.050163,1,1,3,15,62
2026-01-16 03:30:22.811103,1,1,1,15,62
2026-01-16 03:30:26.703004,1,1,1,16,62
2026-01-16 03:30:31.101496,1,1,2,16,62
2026-01-16 03:30:34.353749,1,1,1,16,62
2026-01-16 03:30:37.347712,1,1,1,16,62
2026-01-16 03:30:41.143135,1,2,2,16,62
2026-01-16 03:30:44.009601,1,2,1,16,62
2026-01-16 03:30:46.767475,1,1,1,16,62
2026-01-16 03:30:49.746849,1,1,1,16,62
2026-01-16 03:30:53.117327,1,1,1,16,62
2026-01-16 03:30:55.995519,1,1,1,16,62
2026-01-16 03:30:58.852076,1,1,1,16,62
2026-01-16 03:31:02.641350,1,1,1,16,62
2026-01-16 03:31:06.018942,1,1,1,16,62
2026-01-16 03:31:09.387218,1,1,1,16,62
2026-01-16 03:31:12.286468,1,1,1,16,62
2026-01-16 03:31:15.144092,1,1,1,17,62
2026-01-16 03:31:17.909543,1,1,1,16,62
2026-01-16 03:31:21.798023,1,1,1,16,62
2026-01-16 03:31:26.088937,1,1,1,16,62
2026-01-16 03:31:29.059463,1,1,1,15,62
2026-01-16 03:31:31.746338,1,1,1,15,62
2026-01-16 03:31:35.715449,1,1,1,14,62
2026-01-16 03:31:38.586882,1,1,1,15,62
2026-01-16 03:31:41.448774,1,1,1,15,62
2026-01-16 03:31:45.238535,1,1,1,16,62
2026-01-16 03:31:49.142944,1,1,1,17,62
2026-01-16 03:31:53.137946,1,1,1,17,62
2026-01-16 03:31:56.605122,1,1,1,17,62
2026-01-16 03:31:59.472481,1,2,1,17,62
2026-01-16 03:32:03.195017,1,1,1,17,62
2026-01-16 03:32:07.055440,1,1,1,18,62
2026-01-16 03:32:10.801803,1,1,1,17,62
2026-01-16 03:32:14.737719,1,1,1,18,62
2026-01-16 03:32:18.211398,1,1,1,17,62
2026-01-16 03:32:20.975964,1,1,1,16,62
2026-01-16 03:32:24.867266,1,1,1,15,62
2026-01-16 03:32:27.746532,1,1,1,15,64
2026-01-16 03:32:31.119739,1,1,1,14,67
2026-01-16 03:32:34.398054,1,1,1,14,70
2026-01-16 03:32:37.257070,1,1,1,14,70
2026-01-16 03:32:41.148500,1,1,1,14,70
2026-01-16 03:32:44.015667,1,1,1,14,70
2026-01-16 03:32:46.903285,1,1,1,14,70
2026-01-16 03:32:50.841188,1,1,1,16,70
2026-01-16 03:32:53.646466,1,1,1,16,70
2026-01-16 03:32:56.405215,1,1,1,16,70
2026-01-16 03:33:00.402088,1,1,1,14,70
2026-01-16 03:33:03.686986,1,1,1,13,70
2026-01-16 03:33:06.693904,1,1,1,13,70
2026-01-16 03:33:09.410529,1,1,1,12,70
2026-01-16 03:33:12.694423,1,1,1,12,70
2026-01-16 03:33:15.592335,1,1,1,12,70
2026-01-16 03:33:18.319226,1,1,1,12,70
2026-01-16 03:33:21.195256,1,1,1,12,71
2026-01-16 03:33:24.153910,1,1,1,12,71
2026-01-16 03:33:27.845457,1,1,1,12,71
2026-01-16 03:33:30.695064,1,1,1,12,71
2026-01-16 03:33:34.703970,1,1,1,12,72
2026-01-16 03:33:37.468519,1,1,1,13,74
2026-01-16 03:33:40.344847,1,1,1,12,74
2026-01-16 03:33:44.226976,1,1,1,12,74
2026-01-16 03:33:47.503694,1,1,1,11,74
2026-01-16 03:33:50.801836,1,1,1,12,74
2026-01-16 03:33:53.752156,1,1,1,12,74
2026-01-16 03:33:56.719518,1,1,1,11,74
2026-01-16 03:33:59.492497,1,1,1,11,74
2026-01-16 03:34:03.284176,1,1,1,11,74
2026-01-16 03:34:07.163852,1,1,1,11,75
2026-01-16 03:34:10.554385,1,1,1,13,75
2026-01-16 03:34:13.295675,1,1,1,15,75
2026-01-16 03:34:17.200219,1,1,1,17,75
2026-01-16 03:34:20.066551,1,1,1,19,77
2026-01-16 03:34:22.941508,1,1,1,20,80
2026-01-16 03:34:26.738116,1,1,2,20,81
2026-01-16 03:34:32.252125,1,1,1,19,81
2026-01-16 03:34:35.119100,1,1,1,19,80
2026-01-16 03:34:37.894074,1,1,1,19,77
2026-01-16 03:34:41.775794,1,1,1,18,77
2026-01-16 03:34:44.746482,1,1,1,18,77
2026-01-16 03:34:47.509479,1,1,1,18,76
2026-01-16 03:34:50.892665,1,1,1,18,76
2026-01-16 03:34:53.756148,1,1,1,18,76
2026-01-16 03:34:56.734900,1,1,1,18,74
2026-01-16 03:35:00.002843,1,1,1,18,70
2026-01-16 03:35:02.873772,1,1,1,18,68
2026-01-16 03:35:05.744601,1,1,1,18,68
2026-01-16 03:35:09.013532,1,1,1,18,68
2026-01-16 03:35:12.912842,1,1,1,18,68
2026-01-16 03:35:15.771966,1,1,1,19,66
2026-01-16 03:35:19.150247,1,1,1,18,63
2026-01-16 03:35:22.952256,1,1,1,18,63
2026-01-16 03:35:26.843050,1,1,1,17,63
2026-01-16 03:35:29.644493,1,1,1,18,63
2026-01-16 03:35:32.455217,1,1,1,18,63
2026-01-16 03:35:36.354052,1,1,1,18,63
2026-01-16 03:35:39.222809,1,1,1,17,63
2026-01-16 03:35:42.088510,1,1,1,17,63
2026-01-16 03:35:45.876474,1,1,1,17,63
2026-01-16 03:35:48.860767,1,1,1,16,62
2026-01-16 03:35:52.843055,1,1,1,16,62
2026-01-16 03:35:55.503198,1,1,1,16,64
2026-01-16 03:35:58.369093,1,1,1,16,67
2026-01-16 03:36:02.263534,1,1,1,16,70
2026-01-16 03:36:05.549362,1,1,1,15,73
2026-01-16 03:36:08.405173,1,1,1,15,74
2026-01-16 03:36:11.271602,1,1,1,15,74
2026-01-16 03:36:14.142461,1,1,1,15,77
2026-01-16 03:36:16.904237,1,1,1,15,80
2026-01-16 03:36:20.798772,1,1,1,15,83
2026-01-16 03:36:24.094695,1,1,1,15,84
2026-01-16 03:36:28.168642,1,1,1,15,84
2026-01-16 03:36:30.941576,1,1,1,14,84
2026-01-16 03:36:33.804273,1,1,1,14,81
2026-01-16 03:36:37.194393,1,1,1,14,77
2026-01-16 03:36:40.968789,1,1,1,14,71
2026-01-16 03:36:44.859511,1,1,1,14,69
2026-01-16 03:36:47.829511,1,1,1,14,69
2026-01-16 03:36:51.104270,1,1,1,14,69
2026-01-16 03:36:54.999042,1,1,1,14,69
2026-01-16 03:36:57.805269,1,1,1,13,69
2026-01-16 03:37:01.253183,1,1,1,14,69
2026-01-16 03:37:05.043652,1,1,1,15,67
2026-01-16 03:37:09.949031,1,1,1,16,67
2026-01-16 03:37:12.815546,1,1,1,16,67
2026-01-16 03:37:16.808673,1,1,1,16,67
2026-01-16 03:37:19.572755,1,1,1,16,67
2026-01-16 03:37:22.451117,1,1,1,16,67
2026-01-16 03:37:26.336970,1,1,1,16,67
2026-01-16 03:37:29.198428,1,1,1,16,67
2026-01-16 03:37:31.900504,1,1,1,15,67
2026-01-16 03:37:35.813504,1,1,1,14,67
2026-01-16 03:37:38.823833,1,1,1,14,67
2026-01-16 03:37:41.590735,1,1,1,14,67
2026-01-16 03:37:45.384949,1,1,1,15,67
2026-01-16 03:37:49.269627,1,1,1,15,67
2026-01-16 03:37:52.751820,1,1,1,14,66
2026-01-16 03:37:55.616611,1,1,1,14,63
2026-01-16 03:37:58.491587,1,1,1,14,62
2026-01-16 03:38:02.494121,1,2,23,14,62
2026-01-16 03:38:05.549985,1,1,1,14,62
2026-01-16 03:38:09.448921,1,1,1,15,62
2026-01-16 03:38:12.309107,1,1,1,17,63
2026-01-16 03:38:15.177602,1,1,1,18,66
2026-01-16 03:38:18.948903,1,1,1,19,69
2026-01-16 03:38:21.933133,1,1,1,19,72
2026-01-16 03:38:25.327427,1,1,2,19,75
2026-01-16 03:38:29.001145,1,1,1,18,73
2026-01-16 03:38:32.283829,1,1,1,18,70
2026-01-16 03:38:35.141825,1,1,1,18,67
2026-01-16 03:38:38.012926,1,1,1,18,66
2026-01-16 03:38:41.915244,1,1,1,19,66
2026-01-16 03:38:44.870645,1,2,2,19,66
2026-01-16 03:38:48.150808,1,1,1,19,66
2026-01-16 03:38:51.017131,1,1,1,17,66
2026-01-16 03:38:53.885813,1,1,1,15,66
2026-01-16 03:38:56.753195,1,1,1,17,66
2026-01-16 03:39:01.256087,1,1,1,18,68
2026-01-16 03:39:04.037713,1,1,2,17,68
2026-01-16 03:39:06.994068,1,1,1,16,68
2026-01-16 03:39:11.399019,1,1,1,14,68
2026-01-16 03:39:14.371364,1,1,1,14,68
2026-01-16 03:39:17.025749,1,1,1,13,68
2026-01-16 03:39:20.404307,1,1,1,13,68
2026-01-16 03:39:23.535519,1,1,1,12,65
2026-01-16 03:39:26.650728,1,1,1,12,63
2026-01-16 03:39:29.415627,1,1,1,12,63
2026-01-16 03:39:32.349276,1,1,1,12,63
2026-01-16 03:39:35.661865,1,2,1,12,63
2026-01-16 03:39:38.535582,1,1,1,12,63
2026-01-16 03:39:41.601144,1,1,1,12,63
2026-01-16 03:39:46.823452,1,2,1,12,62
2026-01-16 03:39:50.187312,1,1,1,12,62
2026-01-16 03:39:53.003331,1,1,1,12,62
2026-01-16 03:39:56.858708,1,1,1,12,62
2026-01-16 03:40:00.251277,1,1,1,13,62
2026-01-16 03:40:04.025458,1,1,1,13,62
2026-01-16 03:40:06.996061,1,1,1,13,62
2026-01-16 03:40:11.405354,1,1,1,13,62
2026-01-16 03:40:14.178452,1,1,1,13,62
2026-01-16 03:40:17.146105,1,1,1,14,62
2026-01-16 03:40:20.921459,1,1,1,14,62
2026-01-16 03:40:24.199344,1,1,1,14,62
2026-01-16 03:40:27.991344,1,1,1,14,62
2026-01-16 03:40:30.972914,1,1,1,14,62
2026-01-16 03:40:34.952286,1,1,1,15,62
2026-01-16 03:40:37.613820,1,1,1,15,62
2026-01-16 03:40:40.500857,1,1,2,15,62
2026-01-16 03:40:44.343183,1,1,1,15,62
2026-01-16 03:40:47.648675,1,1,1,15,62
2026-01-16 03:40:50.516044,1,1,1,15,62
2026-01-16 03:40:53.345623,1,1,1,15,62
2026-01-16 03:40:56.251071,1,1,1,15,64
2026-01-16 03:40:59.116527,1,1,2,15,67
2026-01-16 03:41:02.906231,1,1,1,15,70
2026-01-16 03:41:06.291809,1,2,1,15,73
2026-01-16 03:41:09.041373,1,2,2,15,76
2026-01-16 03:41:11.917197,1,1,1,15,79
2026-01-16 03:41:14.897955,1,1,1,15,82
2026-01-16 03:41:17.652468,1,1,1,15,83
2026-01-16 03:41:21.446979,1,1,1,14,83
2026-01-16 03:41:26.355775,1,2,2,14,83
2026-01-16 03:41:29.222695,1,2,6,13,83
2026-01-16 03:41:32.100238,1,2,2,13,83
2026-01-16 03:41:36.098367,1,1,2,14,77
2026-01-16 03:41:38.855071,1,1,1,14,73
2026-01-16 03:41:41.716134,1,1,1,14,70
2026-01-16 03:41:45.504522,1,1,1,14,67
2026-01-16 03:41:49.394713,1,1,1,14,64
2026-01-16 03:41:52.263100,1,1,1,14,64
2026-01-16 03:41:55.135212,1,1,1,14,64
2026-01-16 03:41:58.015254,1,1,1,13,64
2026-01-16 03:42:01.390587,1,1,1,13,64
2026-01-16 03:42:04.704894,1,1,1,12,63
2026-01-16 03:42:07.519929,1,1,1,12,63
2026-01-16 03:42:11.411420,1,1,1,12,63
2026-01-16 03:42:14.293983,1,1,1,12,63
2026-01-16 03:42:17.145647,1,1,2,12,63
2026-01-16 03:42:20.906227,1,1,1,13,62
2026-01-16 03:42:24.273861,1,1,1,15,62
2026-01-16 03:42:27.193459,1,1,1,16,62
2026-01-16 03:42:29.946111,1,1,1,17,62
2026-01-16 03:42:32.913796,1,1,1,16,62
2026-01-16 03:42:35.657514,1,1,1,16,62
2026-01-16 03:42:39.468539,1,1,1,14,62
2026-01-16 03:42:43.360490,1,1,1,13,62
2026-01-16 03:42:46.943780,1,1,1,13,62
2026-01-16 03:42:49.678462,1,1,1,12,62
2026-01-16 03:42:52.575426,1,1,1,12,62
2026-01-16 03:42:56.467639,1,1,1,15,62
2026-01-16 03:42:59.743879,1,1,1,17,62
2026-01-16 03:43:03.547091,1,1,1,17,62
2026-01-16 03:43:06.394353,1,1,1,15,62
2026-01-16 03:43:09.284250,1,1,1,14,62
2026-01-16 03:43:13.196023,1,1,3,13,62
2026-01-16 03:43:16.127691,1,1,1,12,62
2026-01-16 03:43:19.404340,1,2,1,12,62
2026-01-16 03:43:23.200099,1,1,1,11,65
2026-01-16 03:43:25.958760,1,1,2,11,68
2026-01-16 03:43:28.944211,1,1,1,11,71
2026-01-16 03:43:31.692708,1,2,1,12,74
2026-01-16 03:43:34.662157,1,1,1,15,77
2026-01-16 03:43:38.453969,1,1,1,16,80
2026-01-16 03:43:41.748546,1,1,3,18,83
2026-01-16 03:43:44.596571,1,1,1,19,86
2026-01-16 03:43:47.461945,1,1,1,20,88
2026-01-16 03:43:50.329856,1,1,1,20,88
2026-01-16 03:43:53.101430,1,1,1,21,88
2026-01-16 03:43:56.992462,1,1,1,21,85
2026-01-16 03:44:00.268525,1,1,1,22,81
2026-01-16 03:44:03.753575,1,1,1,22,78
2026-01-16 03:44:06.611177,1,1,1,22,75
2026-01-16 03:44:09.580773,1,1,1,22,73
2026-01-16 03:44:12.353158,1,1,1,21,73
2026-01-16 03:44:16.144754,1,1,1,18,70
2026-01-16 03:44:20.448027,1,1,1,16,65
2026-01-16 03:44:23.333644,1,1,1,15,65
2026-01-16 03:44:26.170028,1,1,1,13,65
2026-01-16 03:44:30.203424,1,1,1,13,65
2026-01-16 03:44:32.927156,1,1,1,15,65
2026-01-16 03:44:35.708249,1,1,1,15,65
2026-01-16 03:44:39.698407,1,1,1,18,65
2026-01-16 03:44:42.961967,1,1,1,18,65
2026-01-16 03:44:46.354379,1,1,1,19,65
2026-01-16 03:44:49.109031,1,1,1,19,65
2026-01-16 03:44:52.077667,1,2,1,20,65
2026-01-16 03:44:55.455184,1,1,1,20,65
2026-01-16 03:44:59.152843,1,1,1,21,67
2026-01-16 03:45:03.043520,1,1,1,22,70
2026-01-16 03:45:06.003540,1,2,1,23,73
2026-01-16 03:45:08.773682,1,2,1,23,76
2026-01-16 03:45:12.720870,1,1,1,24,79
2026-01-16 03:45:15.473854,1,1,1,25,82
2026-01-16 03:45:18.402408,1,1,1,24,85
2026-01-16 03:45:21.786771,1,1,1,25,88
2026-01-16 03:45:24.644485,1,1,1,24,89
2026-01-16 03:45:27.507707,1,1,2,25,89
2026-01-16 03:45:30.398972,1,1,1,25,91
2026-01-16 03:45:34.164097,1,1,1,25,87
2026-01-16 03:45:38.467616,1,1,1,25,75
2026-01-16 03:45:41.844539,1,1,1,25,71
2026-01-16 03:45:44.711432,1,1,1,25,68
2026-01-16 03:45:47.588965,1,2,2,25,65
2026-01-16 03:45:50.353469,1,1,1,25,63
2026-01-16 03:45:53.207733,1,1,1,25,63
2026-01-16 03:45:57.202272,1,2,1,25,63
2026-01-16 03:46:00.310802,1,1,2,25,63
2026-01-16 03:46:03.145814,1,1,1,25,63
2026-01-16 03:46:06.172087,1,1,1,25,63
2026-01-16 03:46:08.948682,1,1,3,25,63
2026-01-16 03:46:11.748068,1,1,1,25,63
2026-01-16 03:46:15.654005,1,2,3,25,63
2026-01-16 03:46:18.736725,1,1,1,25,63
2026-01-16 03:46:23.010678,1,1,1,25,63
2026-01-16 03:46:25.773403,1,2,1,25,63
2026-01-16 03:46:28.655238,1,1,1,25,63
2026-01-16 03:46:32.456074,1,1,1,25,63
2026-01-16 03:46:35.805003,1,1,1,24,63
2026-01-16 03:46:39.602162,1,1,1,24,63
2026-01-16 03:46:42.566914,1,1,1,24,63
2026-01-16 03:46:45.336902,1,1,1,24,63
2026-01-16 03:46:49.219942,1,2,2,24,63
2026-01-16 03:46:52.091891,1,1,1,24,63
2026-01-16 03:46:55.370619,1,1,1,24,69
2026-01-16 03:46:58.240021,1,1,1,24,69
2026-01-16 03:47:01.097083,1,1,1,24,66
2026-01-16 03:47:05.000735,1,1,1,24,63
2026-01-16 03:47:07.857023,1,1,1,24,66
2026-01-16 03:47:10.723812,1,1,1,24,67
2026-01-16 03:47:14.512400,1,1,1,24,67
2026-01-16 03:47:17.861814,1,1,1,24,65
2026-01-16 03:47:20.655690,1,1,1,24,62
2026-01-16 03:47:23.526279,1,1,1,24,62
2026-01-16 03:47:26.404627,1,1,1,24,62
2026-01-16 03:47:29.258566,1,1,1,24,62
2026-01-16 03:47:33.046506,1,1,2,24,62
2026-01-16 03:47:36.439224,1,1,1,24,62
2026-01-16 03:47:39.201226,1,1,1,24,62
2026-01-16 03:47:42.160456,1,1,1,24,62
2026-01-16 03:47:45.035846,1,1,1,24,62
2026-01-16 03:47:47.791841,1,1,1,24,62
2026-01-16 03:47:51.682483,1,1,1,24,62
2026-01-16 03:47:55.489977,1,1,1,23,62
2026-01-16 03:47:58.851235,1,1,1,23,62
2026-01-16 03:48:01.718245,1,2,2,23,62
2026-01-16 03:48:05.609717,1,1,1,23,62
2026-01-16 03:48:09.001619,1,1,1,23,62
2026-01-16 03:48:11.762065,1,1,1,23,62
2026-01-16 03:48:15.034623,1,1,1,24,63
2026-01-16 03:48:20.561032,1,1,1,24,66
2026-01-16 03:48:23.412834,1,1,1,24,66
2026-01-16 03:48:26.293371,1,1,2,24,66
2026-01-16 03:48:30.192968,1,1,1,24,66
2026-01-16 03:48:33.053051,1,1,1,24,66
2026-01-16 03:48:35.818245,1,1,1,24,65
2026-01-16 03:48:40.234267,1,1,2,24,63
2026-01-16 03:48:44.521629,1,1,1,24,63
2026-01-16 03:48:48.002749,1,1,1,24,63
2026-01-16 03:48:51.695829,1,2,1,24,63
2026-01-16 03:48:55.579578,1,1,1,24,63
2026-01-16 03:48:59.267111,1,1,1,24,62
2026-01-16 03:49:03.158017,1,1,1,24,62
2026-01-16 03:49:06.025121,1,1,1,24,62
2026-01-16 03:49:08.812117,1,2,2,24,62
2026-01-16 03:49:12.691992,1,1,1,24,62
2026-01-16 03:49:15.651098,1,1,1,24,62
2026-01-16 03:49:18.415549,1,1,1,24,62
2026-01-16 03:49:22.199879,1,1,2,24,62
2026-01-16 03:49:25.173780,1,1,1,24,62
2026-01-16 03:49:29.065370,1,2,2,24,62
2026-01-16 03:49:31.843585,1,1,1,24,62
2026-01-16 03:49:34.799652,1,1,1,24,62
2026-01-16 03:49:38.593652,1,1,2,24,62
2026-01-16 03:49:41.872489,1,1,1,24,62
2026-01-16 03:49:44.658787,1,1,1,24,62
2026-01-16 03:49:47.604915,1,1,1,24,62
2026-01-16 03:49:50.466410,1,1,2,24,62
2026-01-16 03:49:53.345867,1,1,1,24,62
2026-01-16 03:49:57.122868,1,2,2,24,62
2026-01-16 03:50:00.507186,1,1,1,24,62
2026-01-16 03:50:03.266144,1,1,1,24,62
2026-01-16 03:50:06.146911,1,1,1,24,62
2026-01-16 03:50:09.102973,1,1,1,24,62
2026-01-16 03:50:11.868386,1,1,1,24,62
2026-01-16 03:50:15.860638,1,2,1,24,62
2026-01-16 03:50:19.547626,1,1,1,24,62
2026-01-16 03:50:22.927420,1,1,1,24,62
2026-01-16 03:50:25.801066,1,1,2,23,62
2026-01-16 03:50:29.596205,1,1,1,20,62
2026-01-16 03:50:32.451755,1,1,1,18,62
2026-01-16 03:50:35.260821,1,1,1,16,62
2026-01-16 03:50:39.208878,1,1,1,15,62
2026-01-16 03:50:42.089276,1,1,1,13,62
2026-01-16 03:50:44.951611,1,1,1,13,62
2026-01-16 03:50:48.748729,1,2,2,12,62
2026-01-16 03:50:51.701267,1,1,1,12,62
2026-01-16 03:50:54.582103,1,1,1,12,62
2026-01-16 03:50:58.263787,1,1,1,12,62
2026-01-16 03:51:01.139422,1,1,1,12,62
2026-01-16 03:51:05.115326,1,1,1,12,62
2026-01-16 03:51:07.887215,1,2,1,12,62
2026-01-16 03:51:10.851637,1,1,1,12,62
2026-01-16 03:51:14.641317,1,1,1,12,62
2026-01-16 03:51:17.891010,1,1,1,12,62
2026-01-16 03:51:21.319128,1,1,2,12,62
2026-01-16 03:51:24.162428,1,1,1,12,62
2026-01-16 03:51:27.136925,1,1,1,12,62
2026-01-16 03:51:29.999124,1,1,1,12,62
2026-01-16 03:51:34.198292,1,1,1,12,62
2026-01-16 03:51:37.576392,1,1,1,12,62
2026-01-16 03:51:41.371673,1,1,1,12,62
2026-01-16 03:51:45.154230,1,2,1,12,62
2026-01-16 03:51:48.439600,1,1,1,12,62
2026-01-16 03:51:52.321102,1,2,3,12,62
2026-01-16 03:51:56.644081,1,1,1,12,62
2026-01-16 03:52:00.004333,1,1,1,12,62
2026-01-16 03:52:03.758268,1,1,1,12,62
2026-01-16 03:52:06.657063,1,1,1,12,62
2026-01-16 03:52:09.528053,1,1,1,12,62
2026-01-16 03:52:13.288227,1,2,1,12,62
2026-01-16 03:52:16.292573,1,1,1,12,62
2026-01-16 03:52:19.662996,1,1,1,12,62
2026-01-16 03:52:23.352792,1,1,2,12,62
2026-01-16 03:52:27.146890,1,1,1,12,62
2026-01-16 03:52:30.443762,1,1,1,12,62
2026-01-16 03:52:34.305930,1,1,1,11,62
2026-01-16 03:52:38.709369,1,1,1,11,62
2026-01-16 03:52:41.985791,1,2,1,11,62
2026-01-16 03:52:45.746475,1,1,1,11,62
2026-01-16 03:52:48.715543,1,2,4,11,62
2026-01-16 03:52:53.148541,1,2,10,11,64
2026-01-16 03:52:55.911203,1,2,12,11,65
2026-01-16 03:52:58.889900,1,2,18,11,68
2026-01-16 03:53:02.670613,1,2,6,11,71
2026-01-16 03:53:05.947248,1,2,2,14,74
2026-01-16 03:53:09.332462,1,2,8,16,75
2026-01-16 03:53:12.298485,1,2,1,17,75
2026-01-16 03:53:15.379176,1,2,1,17,76
2026-01-16 03:53:18.551648,1,2,1,17,77
2026-01-16 03:53:21.306273,1,2,1,16,78
2026-01-16 03:53:24.205103,1,2,3,16,81
2026-01-16 03:53:27.502948,1,2,22,16,81
2026-01-16 03:53:30.318649,1,2,14,15,81
2026-01-16 03:53:33.259949,1,1,4,15,81
2026-01-16 03:53:36.154251,1,2,2,15,81
2026-01-16 03:53:39.022325,1,2,19,15,81
2026-01-16 03:53:42.921340,1,2,5,15,81
2026-01-16 03:53:45.678523,1,2,1,15,81
2026-01-16 03:53:48.547298,1,2,4,15,82
2026-01-16 03:53:52.849397,1,2,1,15,82
2026-01-16 03:53:56.747443,1,1,1,15,78
2026-01-16 03:54:00.052498,1,2,2,15,75
2026-01-16 03:54:03.803284,1,2,5,15,72
2026-01-16 03:54:06.772665,1,2,1,15,70
2026-01-16 03:54:09.540445,1,2,5,15,72
2026-01-16 03:54:14.350088,1,2,10,15,72
2026-01-16 03:54:18.199299,1,1,7,15,72
2026-01-16 03:54:21.006120,1,2,1,15,72
2026-01-16 03:54:25.841102,1,2,2,15,72
2026-01-16 03:54:29.709084,1,2,14,14,72
2026-01-16 03:54:32.606969,1,2,14,13,72
2026-01-16 03:54:35.453164,1,2,1,12,72
2026-01-16 03:54:39.245969,1,2,2,12,72
2026-01-16 03:54:42.523371,1,2,11,11,72
2026-01-16 03:54:47.437981,1,2,6,11,72
2026-01-16 03:54:51.726191,1,2,5,11,72
2026-01-16 03:54:54.611346,1,1,3,11,72
2026-01-16 03:54:58.324577,1,2,10,11,72
2026-01-16 03:55:02.273127,1,2,2,11,73
2026-01-16 03:55:05.045055,1,2,5,11,76
2026-01-16 03:55:08.416298,1,1,2,11,76
2026-01-16 03:55:12.270032,1,1,2,12,75
2026-01-16 03:55:15.165092,1,2,1,12,72
2026-01-16 03:55:17.972223,1,2,15,12,70
2026-01-16 03:55:21.850927,1,1,4,12,70
2026-01-16 03:55:25.722832,1,1,1,12,70
2026-01-16 03:55:29.409357,1,1,1,12,67
2026-01-16 03:55:33.307012,1,2,2,12,66
2026-01-16 03:55:36.607511,1,2,2,12,66
2026-01-16 03:55:40.369665,1,2,9,12,65
2026-01-16 03:55:44.203708,1,1,14,12,65
2026-01-16 03:55:47.021747,1,1,1,12,65
2026-01-16 03:55:50.000895,1,2,6,12,65
2026-01-16 03:55:53.779658,1,1,1,12,65
2026-01-16 03:55:56.720997,1,1,1,12,65
2026-01-16 03:55:59.514375,1,2,7,12,65
2026-01-16 03:56:02.806194,1,1,1,12,65
2026-01-16 03:56:05.708065,1,2,1,12,65
2026-01-16 03:56:08.525545,1,1,4,12,65
2026-01-16 03:56:11.807218,1,2,1,12,64
2026-01-16 03:56:14.611954,1,2,1,12,64
2026-01-16 03:56:17.434560,1,2,9,12,64
2026-01-16 03:56:21.445516,1,1,1,12,64
2026-01-16 03:56:24.756252,1,2,1,12,64
2026-01-16 03:56:27.468490,1,2,2,12,64
2026-01-16 03:56:30.344262,1,1,3,12,64
2026-01-16 03:56:33.203404,1,2,1,12,64
2026-01-16 03:56:36.071610,1,2,7,12,63
2026-01-16 03:56:39.860242,1,1,1,12,63
2026-01-16 03:56:42.829392,1,2,2,12,63
2026-01-16 03:56:47.333825,1,2,4,12,63
2026-01-16 03:56:50.602416,1,2,5,12,63
2026-01-16 03:56:53.461724,1,1,1,12,63
2026-01-16 03:56:57.381762,1,2,2,12,63
2026-01-16 03:57:00.653489,1,2,3,12,63
2026-01-16 03:57:04.444461,1,1,16,12,63
2026-01-16 03:57:07.410827,1,1,1,12,63
2026-01-16 03:57:11.411419,1,2,2,12,63
2026-01-16 03:57:14.061159,1,2,12,12,64
2026-01-16 03:57:17.054567,1,1,1,12,65
2026-01-16 03:57:20.759340,1,2,13,12,65
2026-01-16 03:57:23.692710,1,2,11,12,65
2026-01-16 03:57:26.478129,1,1,1,12,65
2026-01-16 03:57:30.348478,1,2,1,12,65
2026-01-16 03:57:33.300164,1,2,19,12,65
2026-01-16 03:57:36.083726,1,1,1,12,64
2026-01-16 03:57:40.405924,1,2,1,12,62
2026-01-16 03:57:44.781104,1,2,5,12,62
2026-01-16 03:57:48.062360,1,2,9,12,62
2026-01-16 03:57:51.027382,1,1,1,12,63
2026-01-16 03:57:53.997166,1,2,21,12,66
2026-01-16 03:57:56.672551,1,2,3,12,67
2026-01-16 03:57:59.466453,1,2,1,12,64
2026-01-16 03:58:02.416755,1,2,12,12,63
2026-01-16 03:58:05.260725,1,1,13,12,64
2026-01-16 03:58:08.145909,1,1,1,12,64
2026-01-16 03:58:11.057279,1,1,6,12,64
2026-01-16 03:58:14.784095,1,2,1,12,64
2026-01-16 03:58:18.675205,1,1,1,12,64
2026-01-16 03:58:21.458713,1,1,1,12,64
2026-01-16 03:58:24.409841,1,2,5,12,64
2026-01-16 03:58:27.276814,1,1,1,12,64
2026-01-16 03:58:30.153990,1,2,1,12,62
2026-01-16 03:58:34.461781,1,2,6,12,62
2026-01-16 03:58:38.022425,1,1,3,12,62
2026-01-16 03:58:41.110494,1,1,1,12,62
2026-01-16 03:58:43.966577,1,2,12,12,62
2026-01-16 03:58:47.858503,1,2,3,12,62
2026-01-16 03:58:50.726317,1,1,1,12,62
2026-01-16 03:58:53.477955,1,2,1,12,62
2026-01-16 03:58:57.395516,1,1,5,12,62
2026-01-16 03:59:00.261030,1,1,4,12,62
2026-01-16 03:59:03.093207,1,2,1,12,62
2026-01-16 03:59:07.013609,1,2,8,12,62
2026-01-16 03:59:09.874585,1,1,1,12,62
2026-01-16 03:59:12.652493,1,1,1,12,62
2026-01-16 03:59:17.059708,1,2,4,12,62
2026-01-16 03:59:19.911472,1,2,5,12,62
2026-01-16 03:59:22.674460,1,1,1,12,62
2026-01-16 03:59:25.555298,1,2,2,12,62
2026-01-16 03:59:28.413268,1,1,10,12,62
2026-01-16 03:59:32.000432,1,1,1,12,62
2026-01-16 03:59:35.593926,1,2,2,12,62
2026-01-16 03:59:38.461847,1,2,6,12,62
2026-01-16 03:59:42.351075,1,1,3,12,62
2026-01-16 03:59:45.110701,1,1,1,12,62
2026-01-16 03:59:48.998361,1,2,1,12,62
2026-01-16 03:59:51.895438,1,2,6,12,62
2026-01-16 03:59:54.724885,1,1,1,12,62
2026-01-16 03:59:57.599621,1,2,3,12,62
2026-01-16 04:00:00.899010,1,2,4,12,62
2026-01-16 04:00:03.755830,1,1,1,12,62
2026-01-16 04:00:08.570241,1,1,2,12,62
2026-01-16 04:00:12.350835,1,2,1,12,62
2026-01-16 04:00:15.717717,1,2,4,12,64
2026-01-16 04:00:19.505886,1,1,10,12,67
2026-01-16 04:00:22.497710,1,1,1,12,70
2026-01-16 04:00:25.859301,1,2,6,12,73
2026-01-16 04:00:29.579616,1,2,10,12,79
2026-01-16 04:00:33.432252,1,1,1,12,79
2026-01-16 04:00:36.820939,1,2,1,12,79
2026-01-16 04:00:39.576893,1,2,7,12,79
2026-01-16 04:00:42.465082,1,1,1,12,79
2026-01-16 04:00:45.413576,1,2,1,12,75
2026-01-16 04:00:48.178474,1,2,3,12,75
2026-01-16 04:00:52.073096,1,1,1,12,72
2026-01-16 04:00:55.363943,1,2,1,12,69
2026-01-16 04:00:58.739931,1,2,3,12,66
2026-01-16 04:01:01.567936,1,1,8,12,66
2026-01-16 04:01:04.458919,1,2,1,12,64
2026-01-16 04:01:07.838737,1,2,4,12,63
2026-01-16 04:01:11.659642,1,2,15,12,63
2026-01-16 04:01:14.597409,1,1,1,12,64
2026-01-16 04:01:17.876454,1,1,1,12,67
2026-01-16 04:01:20.748481,1,2,13,12,70
2026-01-16 04:01:23.608767,1,1,1,12,73
2026-01-16 04:01:27.397997,1,2,2,12,76
2026-01-16 04:01:30.794446,1,2,2,12,76
2026-01-16 04:01:34.580453,1,2,15,12,76
2026-01-16 04:01:37.534866,1,1,3,12,78
2026-01-16 04:01:41.342918,1,2,1,12,78
2026-01-16 04:01:44.190205,1,2,8,12,78
2026-01-16 04:01:47.060997,1,1,1,12,76
2026-01-16 04:01:50.949241,1,2,1,12,75
2026-01-16 04:01:56.479185,1,2,1,12,70
2026-01-16 04:01:59.765650,1,1,1,12,70
2026-01-16 04:02:02.637256,1,2,10,12,70
2026-01-16 04:02:06.529176,1,1,4,12,70
2026-01-16 04:02:09.380308,1,1,1,12,70
2026-01-16 04:02:12.261809,1,2,2,12,69
2026-01-16 04:02:15.973737,1,2,4,12,68
2026-01-16 04:02:18.912743,1,1,1,12,65
2026-01-16 04:02:21.771845,1,2,1,12,64
2026-01-16 04:02:27.110992,1,1,1,12,67
2026-01-16 04:02:29.965270,1,2,1,12,70
2026-01-16 04:02:32.847578,1,2,13,12,67
2026-01-16 04:02:36.618406,1,1,1,12,64
2026-01-16 04:02:39.485790,1,2,2,13,67
2026-01-16 04:02:42.475966,1,1,12,15,70
2026-01-16 04:02:45.323315,1,2,1,15,73
2026-01-16 04:02:49.112268,1,2,3,15,76
2026-01-16 04:02:51.979763,1,2,2,14,79
2026-01-16 04:02:56.525738,1,1,2,13,70
2026-01-16 04:03:00.376403,1,1,11,12,67
2026-01-16 04:03:03.166411,1,1,1,12,64
2026-01-16 04:03:07.134500,1,1,1,12,63
2026-01-16 04:03:10.001735,1,2,8,12,66
2026-01-16 04:03:12.774639,1,1,2,12,69
2026-01-16 04:03:15.753400,1,2,1,12,72
2026-01-16 04:03:18.508987,1,2,6,12,75
2026-01-16 04:03:21.491925,1,1,1,12,75
2026-01-16 04:03:24.234236,1,2,6,12,75
2026-01-16 04:03:28.535481,1,1,3,12,75
2026-01-16 04:03:32.023487,1,1,1,12,72
2026-01-16 04:03:35.500362,1,1,1,12,66
2026-01-16 04:03:38.786776,1,2,2,12,64
2026-01-16 04:03:41.550706,1,1,2,12,64
2026-01-16 04:03:44.837384,1,1,1,12,64
2026-01-16 04:03:47.690186,1,2,8,12,64
2026-01-16 04:03:51.471444,1,1,7,12,64
2026-01-16 04:03:54.460527,1,1,2,12,64
2026-01-16 04:03:57.412592,1,2,1,12,64
2026-01-16 04:04:01.112064,1,2,10,12,66
2026-01-16 04:04:03.971238,1,1,1,12,69
2026-01-16 04:04:06.756137,1,2,2,12,72
2026-01-16 04:04:11.138862,1,2,2,12,66
2026-01-16 04:04:13.997834,1,2,7,12,63
2026-01-16 04:04:16.818045,1,1,1,12,63
2026-01-16 04:04:19.629363,1,2,6,12,63
2026-01-16 04:04:22.599058,1,1,4,13,63
2026-01-16 04:04:25.913729,1,2,1,13,63
2026-01-16 04:04:29.664092,1,2,15,12,63
2026-01-16 04:04:33.459176,1,1,12,12,65
2026-01-16 04:04:36.885294,1,2,2,12,68
2026-01-16 04:04:41.133224,1,1,1,12,72
2026-01-16 04:04:45.023940,1,2,1,12,71
2026-01-16 04:04:47.908130,1,2,14,12,68
2026-01-16 04:04:50.680168,1,1,2,12,65
2026-01-16 04:04:54.546082,1,2,1,12,65
2026-01-16 04:04:57.414669,1,2,1,12,65
2026-01-16 04:05:00.311815,1,1,9,12,65
2026-01-16 04:05:04.069684,1,1,1,12,65
2026-01-16 04:05:07.961455,1,2,1,12,65
2026-01-16 04:05:11.658157,1,2,1,12,65
2026-01-16 04:05:14.554346,1,1,12,12,65
2026-01-16 04:05:17.957645,1,1,1,12,65
2026-01-16 04:05:20.869210,1,1,1,12,65
2026-01-16 04:05:23.730207,1,2,5,12,65
2026-01-16 04:05:27.007922,1,1,1,12,65
2026-01-16 04:05:30.302823,1,1,1,12,65
2026-01-16 04:05:33.163068,1,2,10,12,65
2026-01-16 04:05:36.018597,1,1,1,12,65
2026-01-16 04:05:38.903256,1,2,2,12,65
2026-01-16 04:05:41.676071,1,1,8,12,65
2026-01-16 04:05:45.763839,1,2,1,12,65
2026-01-16 04:05:48.834086,1,1,1,12,65
2026-01-16 04:05:51.685071,1,2,1,12,65
2026-01-16 04:05:54.746646,1,1,9,12,65
2026-01-16 04:05:57.639389,1,1,1,12,65
2026-01-16 04:06:00.243203,1,2,2,12,65
2026-01-16 04:06:04.602476,1,1,16,16,67
2026-01-16 04:06:07.967092,1,1,3,17,70
2026-01-16 04:06:11.291393,1,1,1,18,76
2026-01-16 04:06:14.110908,1,2,1,19,79
2026-01-16 04:06:18.004443,1,2,11,20,81
2026-01-16 04:06:20.888196,1,2,1,21,81
2026-01-16 04:06:23.737077,1,2,1,22,81
2026-01-16 04:06:27.638919,1,2,12,22,81
2026-01-16 04:06:30.508759,1,1,14,23,81
2026-01-16 04:06:33.260262,1,1,1,23,81
2026-01-16 04:06:37.259342,1,2,1,24,81
2026-01-16 04:06:40.012411,1,2,9,24,81
2026-01-16 04:06:42.999911,1,1,1,24,81
2026-01-16 04:06:47.708547,1,1,3,24,81
2026-01-16 04:06:51.692158,1,2,1,25,81
2026-01-16 04:06:54.879554,1,2,1,25,82
2026-01-16 04:06:59.166532,1,2,13,25,88
2026-01-16 04:07:03.058342,1,2,3,21,91
2026-01-16 04:07:06.293260,1,1,1,20,87
2026-01-16 04:07:10.657284,1,1,1,16,81
2026-01-16 04:07:14.026482,1,1,1,15,72
2026-01-16 04:07:16.988112,1,2,1,14,70
2026-01-16 04:07:19.748205,1,1,1,13,70
2026-01-16 04:07:22.633076,1,2,1,13,70
2026-01-16 04:07:25.995822,1,2,10,12,70
2026-01-16 04:07:29.790667,1,2,3,12,67
2026-01-16 04:07:32.560833,1,1,1,12,66
2026-01-16 04:07:35.529664,1,2,2,12,65
2026-01-16 04:07:38.296832,1,1,6,12,65
2026-01-16 04:07:41.151246,1,2,2,12,65
2026-01-16 04:07:45.154866,1,2,6,12,65
2026-01-16 04:07:48.317739,1,1,1,12,65
2026-01-16 04:07:51.185280,1,1,1,12,65
2026-01-16 04:07:54.071655,1,2,11,12,65
2026-01-16 04:07:56.921632,1,2,2,12,62
2026-01-16 04:07:59.757037,1,2,1,12,62
2026-01-16 04:08:03.576264,1,2,9,12,62
2026-01-16 04:08:06.970435,1,1,8,12,62
2026-01-16 04:08:09.823037,1,1,1,12,62
2026-01-16 04:08:12.694240,1,2,8,12,62
2026-01-16 04:08:15.560146,1,1,11,12,62
2026-01-16 04:08:18.424147,1,1,1,12,62
2026-01-16 04:08:22.212929,1,2,3,12,62
2026-01-16 04:08:26.505510,1,2,13,12,62
2026-01-16 04:08:30.405050,1,1,11,12,62
2026-01-16 04:08:33.168714,1,1,3,12,62
2026-01-16 04:08:36.114301,1,1,1,12,62
2026-01-16 04:08:39.022409,1,2,8,12,62
2026-01-16 04:08:41.879554,1,1,1,12,65
2026-01-16 04:08:45.662350,1,2,1,12,68
2026-01-16 04:08:48.645496,1,2,5,12,68
2026-01-16 04:08:51.908085,1,1,13,12,68
2026-01-16 04:08:56.834312,1,1,12,12,68
2026-01-16 04:09:00.612279,1,1,2,12,68
2026-01-16 04:09:03.377333,1,2,9,12,67
2026-01-16 04:09:07.281106,1,2,8,12,67
2026-01-16 04:09:11.643230,1,2,14,12,67
2026-01-16 04:09:14.551656,1,1,2,12,67
2026-01-16 04:09:17.408680,1,2,1,12,67
2026-01-16 04:09:20.327550,1,1,1,12,67
2026-01-16 04:09:24.171383,1,1,1,13,69
2026-01-16 04:09:27.048807,1,2,17,14,69
2026-01-16 04:09:29.809013,1,1,2,13,69
2026-01-16 04:09:33.570294,1,2,1,13,68
2026-01-16 04:09:36.964468,1,2,1,12,67
2026-01-16 04:09:40.854632,1,2,13,14,67
2026-01-16 04:09:44.661334,1,2,19,17,67
2026-01-16 04:09:47.381737,1,1,1,19,66
2026-01-16 04:09:50.276881,1,2,12,18,65
2026-01-16 04:09:54.269934,1,1,4,16,65
2026-01-16 04:09:57.033802,1,1,1,15,65
2026-01-16 04:09:59.795372,1,2,1,14,65
2026-01-16 04:10:03.708489,1,2,2,13,65
2026-01-16 04:10:06.992981,1,1,5,12,65
2026-01-16 04:10:09.732379,1,2,1,12,65
2026-01-16 04:10:12.708658,1,2,8,12,65
2026-01-16 04:10:15.569138,1,1,1,12,65
2026-01-16 04:10:18.456804,1,2,1,12,65
2026-01-16 04:10:22.735949,1,1,14,12,65
2026-01-16 04:10:26.116538,1,1,6,12,65
2026-01-16 04:10:29.588287,1,1,1,12,65
2026-01-16 04:10:32.344240,1,2,1,12,65
2026-01-16 04:10:35.233232,1,1,3,12,65
2026-01-16 04:10:39.232158,1,1,1,12,65
2026-01-16 04:10:42.398801,1,2,3,12,67
2026-01-16 04:10:46.298459,1,2,14,12,67
2026-01-16 04:10:49.160692,1,2,12,12,67
2026-01-16 04:10:51.919432,1,2,3,12,67
2026-01-16 04:10:56.017355,1,1,1,12,67
2026-01-16 04:10:58.780680,1,2,3,12,67
2026-01-16 04:11:02.057336,1,1,10,12,67
2026-01-16 04:11:05.853129,1,1,5,13,67
2026-01-16 04:11:08.726747,1,1,8,14,67
2026-01-16 04:11:11.600704,1,2,11,16,67
2026-01-16 04:11:14.455090,1,2,4,16,67
2026-01-16 04:11:17.305261,1,2,8,16,67
2026-01-16 04:11:21.104724,1,1,3,15,67
2026-01-16 04:11:24.995852,1,1,1,14,67
2026-01-16 04:11:27.862511,1,1,1,14,67
2026-01-16 04:11:30.730037,1,2,7,14,67
2026-01-16 04:11:33.708911,1,1,7,14,67
2026-01-16 04:11:36.475319,1,2,1,14,67
2026-01-16 04:11:40.765909,1,2,2,14,67
2026-01-16 04:11:43.632289,1,2,3,14,67
2026-01-16 04:11:47.011634,1,1,3,14,72
2026-01-16 04:11:50.405104,1,2,1,14,75
2026-01-16 04:11:53.312539,1,2,4,14,75
2026-01-16 04:11:57.257711,1,1,1,14,75
2026-01-16 04:12:00.447744,1,1,1,14,76
2026-01-16 04:12:04.418852,1,1,5,14,76
2026-01-16 04:12:08.208529,1,1,2,14,76
2026-01-16 04:12:11.799884,1,2,1,14,76
2026-01-16 04:12:14.454936,1,2,3,14,76
2026-01-16 04:12:17.260843,1,1,2,14,77
2026-01-16 04:12:21.221471,1,1,2,14,77
2026-01-16 04:12:24.182284,1,2,31,14,77
2026-01-16 04:12:26.845001,1,2,4,14,77
2026-01-16 04:12:30.740434,1,2,3,14,78
2026-01-16 04:12:33.705730,1,1,1,13,81
2026-01-16 04:12:36.433741,1,1,1,13,81
2026-01-16 04:12:40.269907,1,2,1,13,78
2026-01-16 04:12:43.242485,1,1,1,13,75
2026-01-16 04:12:46.008996,1,2,2,13,73
2026-01-16 04:12:49.809747,1,1,1,14,73
2026-01-16 04:12:52.772516,1,1,1,14,71
2026-01-16 04:12:56.131209,1,1,2,14,68
2026-01-16 04:13:00.540499,1,2,1,14,66
2026-01-16 04:13:03.401603,1,1,1,14,66
2026-01-16 04:13:06.293771,1,1,2,14,66
2026-01-16 04:13:09.033299,1,2,2,13,64
2026-01-16 04:13:11.913088,1,2,4,12,64
2026-01-16 04:13:15.799649,1,2,2,12,64
2026-01-16 04:13:18.668768,1,2,2,13,64
2026-01-16 04:13:22.595513,1,1,2,13,64
2026-01-16 04:13:25.929431,1,2,1,13,64
2026-01-16 04:13:28.806808,1,2,1,13,64
2026-01-16 04:13:32.182952,1,1,2,13,64
2026-01-16 04:13:35.861115,1,2,1,13,64
2026-01-16 04:13:39.358867,1,1,1,13,64
2026-01-16 04:13:42.824981,1,2,6,12,67
2026-01-16 04:13:45.696948,1,1,3,12,70
2026-01-16 04:13:48.477217,1,1,3,12,73
2026-01-16 04:13:52.348644,1,1,1,12,74
2026-01-16 04:13:56.137037,1,2,2,12,74
2026-01-16 04:13:59.720210,1,1,3,12,74
2026-01-16 04:14:02.496364,1,1,1,12,74
2026-01-16 04:14:05.355318,1,2,2,12,74
2026-01-16 04:14:09.267748,1,1,1,12,75
2026-01-16 04:14:12.460629,1,1,1,12,74
2026-01-16 04:14:16.310226,1,1,4,12,72
2026-01-16 04:14:19.381976,1,2,2,12,69
2026-01-16 04:14:22.044335,1,1,2,12,66
2026-01-16 04:14:27.490726,1,1,1,11,63
2026-01-16 04:14:30.253483,1,2,1,11,63
2026-01-16 04:14:33.103597,1,2,3,11,63
2026-01-16 04:14:37.004459,1,1,4,11,63
2026-01-16 04:14:40.476234,1,1,1,11,63
2026-01-16 04:14:43.320120,1,2,4,11,63
2026-01-16 04:14:46.312555,1,2,5,11,63
2026-01-16 04:14:49.101493,1,2,1,11,63
2026-01-16 04:14:52.834169,1,2,1,11,63
2026-01-16 04:14:55.854304,1,1,4,11,63
2026-01-16 04:14:59.727319,1,2,1,11,63
2026-01-16 04:15:02.507894,1,2,6,11,63
2026-01-16 04:15:05.461611,1,1,3,11,63
2026-01-16 04:15:09.250344,1,1,2,11,63
2026-01-16 04:15:12.532364,1,2,1,11,63
2026-01-16 04:15:15.498329,1,2,3,11,63
2026-01-16 04:15:18.214359,1,2,4,11,63
2026-01-16 04:15:21.132330,1,1,2,11,64
2026-01-16 04:15:23.995820,1,2,1,11,67
2026-01-16 04:15:27.828049,1,2,3,11,67
2026-01-16 04:15:31.061350,1,1,3,11,66
2026-01-16 04:15:33.928168,1,2,1,11,64
2026-01-16 04:15:36.867915,1,1,4,12,64
2026-01-16 04:15:39.766458,1,1,3,12,64
2026-01-16 04:15:42.529078,1,2,1,12,64
2026-01-16 04:15:46.839970,1,2,3,13,64
2026-01-16 04:15:50.209806,1,1,3,13,64
2026-01-16 04:15:53.804342,1,1,4,13,68
2026-01-16 04:15:56.485483,1,2,2,12,71
2026-01-16 04:15:59.427706,1,2,1,12,74
2026-01-16 04:16:03.202280,1,1,1,12,75
2026-01-16 04:16:06.601187,1,2,1,12,75
2026-01-16 04:16:10.387685,1,1,4,12,75
2026-01-16 04:16:13.268857,1,2,4,12,75
2026-01-16 04:16:16.219454,1,2,1,12,75
2026-01-16 04:16:21.544228,1,2,1,12,75
2026-01-16 04:16:24.308340,1,1,2,12,75
2026-01-16 04:16:27.716184,1,2,3,12,75
2026-01-16 04:16:30.551628,1,1,1,12,75
2026-01-16 04:16:33.439457,1,2,5,12,75
2026-01-16 04:16:36.405226,1,2,4,12,75
2026-01-16 04:16:39.361393,1,1,2,12,75
2026-01-16 04:16:42.036452,1,2,5,12,75
2026-01-16 04:16:45.812908,1,1,1,12,75
2026-01-16 04:16:49.102569,1,2,1,12,73
2026-01-16 04:16:51.956546,1,2,4,12,70
2026-01-16 04:16:54.846339,1,1,4,12,67
2026-01-16 04:16:57.807111,1,2,2,12,64
2026-01-16 04:17:01.070317,1,2,1,12,62
2026-01-16 04:17:03.937549,1,1,1,12,62
2026-01-16 04:17:08.856043,1,2,1,12,62
2026-01-16 04:17:12.141367,1,2,1,12,62
2026-01-16 04:17:14.976659,1,2,1,12,62
2026-01-16 04:17:18.842298,1,2,4,12,62
2026-01-16 04:17:21.754339,1,2,1,12,62
2026-01-16 04:17:24.622202,1,2,4,12,62
2026-01-16 04:17:27.400562,1,2,1,12,62
2026-01-16 04:17:30.356416,1,1,2,12,62
2026-01-16 04:17:33.130194,1,1,4,12,62
2026-01-16 04:17:36.098884,1,1,1,12,62
2026-01-16 04:17:39.907150,1,1,4,12,62
2026-01-16 04:17:43.183241,1,2,5,12,62
2026-01-16 04:17:46.126141,1,1,4,12,62
2026-01-16 04:17:48.896059,1,2,3,12,62
2026-01-16 04:17:51.859824,1,2,1,12,62
2026-01-16 04:17:54.638497,1,1,2,12,62
2026-01-16 04:17:58.413041,1,1,5,12,62
2026-01-16 04:18:02.322301,1,2,1,12,62
2026-01-16 04:18:06.299342,1,1,3,12,62
2026-01-16 04:18:09.780135,1,1,1,12,62
2026-01-16 04:18:12.656049,1,2,2,12,62
2026-01-16 04:18:16.435336,1,2,4,12,62
2026-01-16 04:18:21.369429,1,1,1,12,62
2026-01-16 04:18:25.165100,1,2,1,12,62
2026-01-16 04:18:29.649899,1,2,1,12,62
2026-01-16 04:18:33.332436,1,1,2,12,62
2026-01-16 04:18:36.608853,1,2,1,12,62
2026-01-16 04:18:40.909822,1,2,1,12,62
2026-01-16 04:18:44.295471,1,1,4,12,62
2026-01-16 04:18:48.180141,1,2,2,12,62
2026-01-16 04:18:50.959260,1,1,2,12,62
2026-01-16 04:18:54.242701,1,2,4,12,62
2026-01-16 04:18:56.994759,1,1,5,12,62
2026-01-16 04:19:00.980193,1,1,1,12,62
2026-01-16 04:19:03.860740,1,2,1,12,62
2026-01-16 04:19:08.250915,1,1,3,12,62
2026-01-16 04:19:11.219681,1,2,1,12,62
2026-01-16 04:19:14.407080,1,1,1,12,62
2026-01-16 04:19:17.270409,1,2,5,12,62
2026-01-16 04:19:20.005748,1,1,1,12,62
2026-01-16 04:19:22.998356,1,2,1,12,62
2026-01-16 04:19:28.015863,1,2,1,12,62
2026-01-16 04:19:30.879773,1,2,3,12,62
2026-01-16 04:19:33.857545,1,2,1,12,62
2026-01-16 04:19:36.735623,1,1,1,12,62
2026-01-16 04:19:41.026792,1,1,1,12,62
2026-01-16 04:19:44.918971,1,1,5,12,62
2026-01-16 04:19:48.206195,1,1,2,12,62
2026-01-16 04:19:51.077044,1,2,1,12,62
2026-01-16 04:19:54.951816,1,2,1,12,62
2026-01-16 04:19:58.335537,1,2,3,12,62
2026-01-16 04:20:01.096023,1,1,3,12,62
2026-01-16 04:20:04.468964,1,1,1,12,62
2026-01-16 04:20:08.257263,1,1,5,12,62
2026-01-16 04:20:12.149110,1,1,4,12,62
2026-01-16 04:20:15.938005,1,1,2,12,62
2026-01-16 04:20:19.213871,1,1,1,12,62
2026-01-16 04:20:23.523564,1,1,1,12,62
2026-01-16 04:20:26.501839,1,2,5,12,62
2026-01-16 04:20:29.810807,1,2,1,12,62
2026-01-16 04:20:32.732758,1,1,1,12,62
2026-01-16 04:20:35.530804,1,2,4,12,62
2026-01-16 04:20:39.390013,1,1,2,12,62
2026-01-16 04:20:42.680249,1,1,1,12,62
2026-01-16 04:20:46.555744,1,2,1,12,62
2026-01-16 04:20:51.061672,1,1,7,12,62
2026-01-16 04:20:53.815507,1,2,2,12,62
2026-01-16 04:20:56.706787,1,1,4,12,62
2026-01-16 04:20:59.560772,1,2,4,12,62
2026-01-16 04:21:03.459891,1,1,1,12,62
2026-01-16 04:21:07.454846,1,2,5,12,62
2026-01-16 04:21:10.208868,1,1,1,12,62
2026-01-16 04:21:15.644518,1,2,1,12,62
2026-01-16 04:21:18.417019,1,2,5,12,62
2026-01-16 04:21:21.260550,1,1,3,12,62
2026-01-16 04:21:24.056865,1,2,2,12,62
2026-01-16 04:21:27.928809,1,1,4,12,62
2026-01-16 04:21:31.201830,1,2,4,12,62
2026-01-16 04:21:35.624010,1,2,1,12,62
2026-01-16 04:21:39.351154,1,1,1,12,62
2026-01-16 04:21:42.671106,1,1,1,12,62
2026-01-16 04:21:46.056077,1,1,2,12,62
2026-01-16 04:21:49.038980,1,1,1,12,62
2026-01-16 04:21:51.902196,1,2,1,12,64
2026-01-16 04:21:54.664250,1,2,3,12,64
2026-01-16 04:21:59.055145,1,1,1,12,64
2026-01-16 04:22:02.331640,1,2,1,12,64
2026-01-16 04:22:06.122060,1,2,3,12,64
2026-01-16 04:22:10.011983,1,1,1,12,64
2026-01-16 04:22:13.395668,1,2,3,12,62
2026-01-16 04:22:16.257928,1,1,1,12,62
2026-01-16 04:22:21.582959,1,1,1,12,62
2026-01-16 04:22:24.450356,1,2,7,12,62
2026-01-16 04:22:30.495515,1,1,1,12,62
2026-01-16 04:22:33.462536,1,1,1,12,62
2026-01-16 04:22:36.143276,1,1,2,12,62
2026-01-16 04:22:40.014457,1,1,3,12,62
2026-01-16 04:22:43.403589,1,1,1,12,62
2026-01-16 04:22:47.703909,1,2,1,12,62
2026-01-16 04:22:50.982228,1,2,3,12,62
2026-01-16 04:22:53.957720,1,1,2,12,62
2026-01-16 04:22:56.711819,1,1,1,13,62
2026-01-16 04:22:59.796726,1,2,2,13,62
2026-01-16 04:23:03.572633,1,2,3,13,62
2026-01-16 04:23:06.746213,1,2,1,13,62
2026-01-16 04:23:09.608875,1,2,2,13,64
2026-01-16 04:23:12.475483,1,2,3,13,64
2026-01-16 04:23:15.354685,1,2,1,12,64
2026-01-16 04:23:18.155592,1,2,2,12,64
2026-01-16 04:23:22.137376,1,1,1,12,64
2026-01-16 04:23:25.293140,1,2,1,12,64
2026-01-16 04:23:28.861138,1,2,1,12,64
2026-01-16 04:23:31.526568,1,2,5,12,65
2026-01-16 04:23:34.509987,1,2,1,12,65
2026-01-16 04:23:37.881648,1,1,1,12,65
2026-01-16 04:23:40.648210,1,1,1,12,65
2026-01-16 04:23:43.517428,1,2,3,12,65
2026-01-16 04:23:46.889586,1,1,5,12,63
2026-01-16 04:23:49.750390,1,1,1,12,63
2026-01-16 04:23:52.617623,1,2,4,12,63
2026-01-16 04:23:55.484026,1,2,1,12,63
2026-01-16 04:23:58.261123,1,2,4,12,63
2026-01-16 04:24:02.139593,1,2,3,12,63
2026-01-16 04:24:05.007458,1,1,1,12,63
2026-01-16 04:24:08.399442,1,1,4,12,63
2026-01-16 04:24:12.108277,1,1,1,12,63
2026-01-16 04:24:15.964297,1,2,3,12,62
2026-01-16 04:24:19.286681,1,1,3,12,62
2026-01-16 04:24:23.131682,1,1,2,12,62
2026-01-16 04:24:26.100866,1,1,1,12,62
2026-01-16 04:24:30.008466,1,1,3,12,62
2026-01-16 04:24:33.293287,1,2,1,12,62
2026-01-16 04:24:36.034002,1,2,1,12,62
2026-01-16 04:24:39.435152,1,1,1,12,62
2026-01-16 04:24:42.280901,1,1,2,12,62
2026-01-16 04:24:45.051430,1,2,2,12,63
2026-01-16 04:24:48.016217,1,2,2,11,64
2026-01-16 04:24:50.887209,1,1,2,11,64
2026-01-16 04:24:53.596107,1,2,3,11,64
2026-01-16 04:24:57.553113,1,2,4,11,64
2026-01-16 04:25:00.840989,1,2,4,11,64
2026-01-16 04:25:03.681902,1,1,1,11,65
2026-01-16 04:25:06.558122,1,2,1,11,68
2026-01-16 04:25:09.416651,1,2,4,11,69
2026-01-16 04:25:12.392681,1,2,1,11,66
2026-01-16 04:25:16.080415,1,2,5,11,64
2026-01-16 04:25:19.984699,1,2,3,11,64
2026-01-16 04:25:23.153967,1,1,3,11,64
2026-01-16 04:25:26.108771,1,2,1,11,64
2026-01-16 04:25:29.950760,1,1,4,11,64
2026-01-16 04:25:32.744244,1,2,3,11,64
2026-01-16 04:25:35.838411,1,1,1,11,64
2026-01-16 04:25:39.463642,1,2,2,11,64
2026-01-16 04:25:42.396836,1,2,2,11,64
2026-01-16 04:25:45.265118,1,1,5,11,64
2026-01-16 04:25:49.156384,1,2,1,11,64
2026-01-16 04:25:52.117304,1,2,2,11,64
2026-01-16 04:25:55.407779,1,2,2,11,64
2026-01-16 04:26:00.223159,1,1,1,11,64
2026-01-16 04:26:04.011940,1,2,2,11,64
2026-01-16 04:26:07.295320,1,2,3,11,64
2026-01-16 04:26:11.267191,1,2,3,12,64
2026-01-16 04:26:15.566611,1,2,8,12,64
2026-01-16 04:26:18.844049,1,2,2,13,64
2026-01-16 04:26:22.587311,1,2,24,13,64
2026-01-16 04:26:25.499652,1,2,19,13,64
2026-01-16 04:26:28.366531,1,2,35,23,64
2026-01-16 04:26:32.258942,1,2,3,24,108
2026-01-16 04:26:35.070600,1,2,3,24,111
2026-01-16 04:26:38.504261,1,2,8,24,114
2026-01-16 04:26:42.292878,1,2,1,23,120
2026-01-16 04:26:46.696107,1,1,1,22,120
2026-01-16 04:26:49.564636,1,1,1,20,114
2026-01-16 04:26:52.342310,1,2,7,20,108
2026-01-16 04:26:56.322546,1,1,1,19,102
2026-01-16 04:26:59.192703,1,2,2,19,96
2026-01-16 04:27:02.484862,1,1,1,18,90
2026-01-16 04:27:06.221591,1,2,1,16,82
2026-01-16 04:27:08.813609,1,2,5,16,79
2026-01-16 04:27:11.791605,1,1,1,17,78
2026-01-16 04:27:15.508935,1,2,2,17,78
2026-01-16 04:27:18.854604,1,1,1,18,78
2026-01-16 04:27:23.154681,1,2,1,18,78
2026-01-16 04:27:27.553893,1,2,3,18,78
2026-01-16 04:27:30.829401,1,2,2,18,78
2026-01-16 04:27:34.635992,1,2,1,17,78
2026-01-16 04:27:38.523976,1,1,5,18,78
2026-01-16 04:27:42.298862,1,1,1,17,78
2026-01-16 04:27:46.197658,1,2,3,15,78
2026-01-16 04:27:49.467505,1,1,3,13,78
2026-01-16 04:27:52.236323,1,2,2,12,78
2026-01-16 04:27:55.201519,1,1,6,12,78
2026-01-16 04:27:58.075192,1,2,1,11,78
2026-01-16 04:28:00.847961,1,2,9,11,78
2026-01-16 04:28:04.877230,1,1,4,11,78
2026-01-16 04:28:07.595994,1,1,1,11,79
2026-01-16 04:28:10.374594,1,1,1,11,79
2026-01-16 04:28:14.254930,1,2,1,11,79
2026-01-16 04:28:17.218140,1,2,3,11,79
2026-01-16 04:28:21.108723,1,1,8,11,79
2026-01-16 04:28:23.888953,1,1,1,11,79
2026-01-16 04:28:26.943524,1,1,4,13,79
2026-01-16 04:28:30.645550,1,1,1,14,76
2026-01-16 04:28:33.502256,1,2,1,14,73
2026-01-16 04:28:36.246797,1,1,7,14,71
2026-01-16 04:28:40.084570,1,2,1,13,71
2026-01-16 04:28:43.439421,1,2,2,12,71
2026-01-16 04:28:46.309246,1,1,10,12,71
2026-01-16 04:28:49.169043,1,1,3,11,74
2026-01-16 04:28:52.034786,1,1,8,11,77
2026-01-16 04:28:55.007186,1,2,1,11,80
2026-01-16 04:28:58.701594,1,2,1,11,83
2026-01-16 04:29:02.586537,1,2,6,11,84
2026-01-16 04:29:05.958605,1,1,3,11,80
2026-01-16 04:29:08.723957,1,2,2,11,77
2026-01-16 04:29:12.614352,1,1,1,11,73
2026-01-16 04:29:15.448751,1,1,1,11,70
2026-01-16 04:29:18.351112,1,2,4,11,67
2026-01-16 04:29:22.137633,1,1,1,13,64
2026-01-16 04:29:25.619756,1,2,1,14,64
2026-01-16 04:29:28.289729,1,1,3,15,64
2026-01-16 04:29:31.149031,1,2,1,15,64
2026-01-16 04:29:34.655517,1,2,16,16,64
2026-01-16 04:29:37.501318,1,2,5,16,64
2026-01-16 04:29:41.303710,1,2,10,16,65
2026-01-16 04:29:44.256316,1,2,4,16,65
2026-01-16 04:29:48.669009,1,2,34,16,65
2026-01-16 04:29:51.540956,1,2,12,16,106
2026-01-16 04:29:54.291535,1,2,6,24,109
2026-01-16 04:29:58.204877,1,2,2,24,112
2026-01-16 04:30:01.460031,1,1,1,23,115
2026-01-16 04:30:05.266777,1,1,1,24,118
2026-01-16 04:30:08.218024,1,1,1,22,121
2026-01-16 04:30:12.109509,1,1,1,22,109
2026-01-16 04:30:14.859724,1,1,1,21,103
2026-01-16 04:30:17.741626,1,1,1,22,97
2026-01-16 04:30:21.655550,1,1,1,19,91
2026-01-16 04:30:24.909670,1,1,1,17,85
2026-01-16 04:30:27.773386,1,1,1,16,81
2026-01-16 04:30:30.647063,1,1,1,16,78
2026-01-16 04:30:33.508495,1,1,1,17,76
2026-01-16 04:30:36.312378,1,2,1,18,76
2026-01-16 04:30:40.207959,1,1,1,19,76
2026-01-16 04:30:43.548103,1,1,1,19,76
2026-01-16 04:30:46.311163,1,1,1,19,76
2026-01-16 04:30:49.191938,1,1,1,19,76
2026-01-16 04:30:52.357986,1,1,1,21,76
2026-01-16 04:30:54.923425,1,1,1,21,77
2026-01-16 04:30:58.702500,1,1,1,22,80
2026-01-16 04:31:02.590265,1,1,1,23,83
2026-01-16 04:31:06.583484,1,1,1,23,79
2026-01-16 04:31:09.469210,1,1,1,23,76
2026-01-16 04:31:12.321138,1,1,1,23,74
2026-01-16 04:31:16.208575,1,1,1,23,74
2026-01-16 04:31:19.547747,1,1,1,23,73
2026-01-16 04:31:23.296708,1,1,1,23,74
2026-01-16 04:31:26.168070,1,1,1,23,74
2026-01-16 04:31:30.136035,1,1,1,23,74
2026-01-16 04:31:32.903514,1,1,1,23,71
2026-01-16 04:31:35.773485,1,1,1,24,71
2026-01-16 04:31:39.775463,1,1,1,24,74
2026-01-16 04:31:42.941904,1,1,1,24,77
2026-01-16 04:31:46.929470,1,1,1,25,79
2026-01-16 04:31:49.695406,1,1,1,25,79
2026-01-16 04:31:52.443023,1,1,1,24,79
2026-01-16 04:31:56.356506,1,1,1,24,79
2026-01-16 04:31:59.319925,1,1,1,24,74
2026-01-16 04:32:02.601674,1,1,1,24,71
2026-01-16 04:32:05.983264,1,1,1,23,66
2026-01-16 04:32:08.800767,1,1,1,24,67
2026-01-16 04:32:12.739498,1,1,1,24,70
2026-01-16 04:32:15.616587,1,1,1,25,73
2026-01-16 04:32:18.365823,1,1,1,25,76
2026-01-16 04:32:22.359313,1,1,1,25,79
2026-01-16 04:32:25.239586,1,1,1,25,82
2026-01-16 04:32:28.510148,1,1,1,25,85
2026-01-16 04:32:33.315152,1,1,1,25,85
2026-01-16 04:32:36.700223,1,1,1,23,85
2026-01-16 04:32:39.673861,1,1,1,20,85
2026-01-16 04:32:42.429600,1,1,1,18,85
2026-01-16 04:32:45.318874,1,1,1,16,85
2026-01-16 04:32:48.675545,1,1,1,16,85
2026-01-16 04:32:51.543295,1,1,1,17,85
2026-01-16 04:32:54.410195,1,1,1,16,85
2026-01-16 04:32:58.312435,1,1,1,17,82
2026-01-16 04:33:01.517433,1,1,1,14,76
2026-01-16 04:33:05.388929,1,1,1,13,72
2026-01-16 04:33:08.336613,1,1,1,12,69
2026-01-16 04:33:12.136138,1,1,1,12,67
2026-01-16 04:33:15.000513,1,1,1,11,67
2026-01-16 04:33:17.803483,1,1,1,11,67
2026-01-16 04:33:21.761718,1,1,1,12,67
2026-01-16 04:33:25.050550,1,1,1,13,67
2026-01-16 04:33:27.792386,1,1,1,14,67
2026-01-16 04:33:30.761316,1,1,1,16,67
2026-01-16 04:33:33.541720,1,1,1,17,67
2026-01-16 04:33:36.505642,1,1,1,19,67
2026-01-16 04:33:40.387884,1,1,1,20,67
2026-01-16 04:33:43.564720,1,1,1,21,67
2026-01-16 04:33:46.941410,1,1,1,21,67
2026-01-16 04:33:49.791551,1,1,1,20,67
2026-01-16 04:33:52.790571,1,1,1,17,67
2026-01-16 04:33:55.541762,1,1,1,15,67
2026-01-16 04:33:59.331347,1,1,1,14,67
2026-01-16 04:34:03.848086,1,1,1,15,67
2026-01-16 04:34:06.600911,1,1,1,17,65
2026-01-16 04:34:09.379135,1,1,1,19,62
2026-01-16 04:34:13.289740,1,1,1,20,62
2026-01-16 04:34:16.383403,1,1,1,21,62
2026-01-16 04:34:18.977697,1,1,1,21,62
2026-01-16 04:34:22.890847,1,1,1,22,62
2026-01-16 04:34:25.768649,1,1,1,22,62
2026-01-16 04:34:30.256218,1,1,1,22,62
2026-01-16 04:34:33.030498,1,1,1,20,62
2026-01-16 04:34:35.887690,1,1,1,17,62
2026-01-16 04:34:39.786897,1,1,1,16,62
2026-01-16 04:34:43.069900,1,1,1,14,62
2026-01-16 04:34:46.844503,1,1,1,12,62
2026-01-16 04:34:49.826967,1,1,1,13,62
2026-01-16 04:34:52.566561,1,1,1,12,62
2026-01-16 04:34:56.483370,1,1,1,12,62
2026-01-16 04:34:59.338233,1,1,1,12,62
2026-01-16 04:35:02.737806,1,1,1,12,62
2026-01-16 04:35:06.403081,1,1,1,12,62
2026-01-16 04:35:09.385904,1,1,1,12,62
2026-01-16 04:35:12.243041,1,1,1,12,62
2026-01-16 04:35:15.012185,1,1,1,12,62
2026-01-16 04:35:17.845528,1,1,1,12,62
2026-01-16 04:35:21.775853,1,1,1,12,62
2026-01-16 04:35:25.145474,1,1,1,12,62
2026-01-16 04:35:28.400485,1,1,1,12,62
2026-01-16 04:35:31.289464,1,1,1,13,62
2026-01-16 04:35:34.255854,1,1,1,16,62
2026-01-16 04:35:37.086746,1,1,1,16,62
2026-01-16 04:35:41.330185,1,1,1,19,62
2026-01-16 04:35:44.700378,1,1,1,20,62
2026-01-16 04:35:48.092760,1,1,1,21,64
2026-01-16 04:35:50.843214,1,1,1,22,67
2026-01-16 04:35:54.910421,1,1,1,22,70
2026-01-16 04:35:57.712407,1,1,1,23,70
2026-01-16 04:36:00.469137,1,1,1,23,70
2026-01-16 04:36:04.360218,1,1,1,23,70
2026-01-16 04:36:07.637194,1,1,1,23,68
2026-01-16 04:36:10.401653,1,1,1,23,67
2026-01-16 04:36:13.300086,1,1,1,23,69
2026-01-16 04:36:16.241638,1,1,1,23,72
2026-01-16 04:36:19.105161,1,1,1,23,73
2026-01-16 04:36:22.831225,1,1,1,20,69
2026-01-16 04:36:26.792844,1,1,1,17,66
2026-01-16 04:36:30.062625,1,1,1,16,62
2026-01-16 04:36:32.879917,1,1,1,15,62
2026-01-16 04:36:36.830222,1,1,1,16,62
2026-01-16 04:36:39.712221,1,1,1,18,62
2026-01-16 04:36:42.435529,1,1,1,18,62
2026-01-16 04:36:46.344189,1,1,1,18,62
2026-01-16 04:36:49.313619,1,1,1,19,62
2026-01-16 04:36:52.692743,1,1,1,19,62
2026-01-16 04:36:56.584075,1,1,1,19,62
2026-01-16 04:36:59.348733,1,1,1,19,62
2026-01-16 04:37:02.736424,1,1,1,19,62
2026-01-16 04:37:06.496163,1,1,1,20,62
2026-01-16 04:37:10.407974,1,1,1,20,62
2026-01-16 04:37:13.285184,1,1,1,21,62
2026-01-16 04:37:16.030297,1,1,1,21,62
2026-01-16 04:37:19.934963,1,1,1,21,62
2026-01-16 04:37:22.797103,1,1,1,21,62
2026-01-16 04:37:25.603541,1,1,1,21,62
2026-01-16 04:37:29.454266,1,1,1,21,62
2026-01-16 04:37:32.344780,1,1,1,21,62
2026-01-16 04:37:36.314144,1,1,1,21,62
2026-01-16 04:37:39.042536,1,1,1,19,62
2026-01-16 04:37:42.156019,1,1,1,17,62
2026-01-16 04:37:45.853443,1,1,1,15,62
2026-01-16 04:37:49.124231,1,1,1,14,62
2026-01-16 04:37:52.086196,1,1,1,13,62
2026-01-16 04:37:54.791523,1,1,1,12,62
2026-01-16 04:37:57.716584,1,1,1,12,62
2026-01-16 04:38:00.493408,1,1,1,11,62
2026-01-16 04:38:04.381308,1,1,1,11,62
2026-01-16 04:38:07.649164,1,1,1,11,62
2026-01-16 04:38:10.452009,1,1,1,11,62
2026-01-16 04:38:13.347640,1,1,1,11,62
2026-01-16 04:38:16.353137,1,1,1,11,62
2026-01-16 04:38:19.143702,1,1,1,11,62
2026-01-16 04:38:22.906800,1,1,1,11,62
2026-01-16 04:38:26.897542,1,1,1,11,62
2026-01-16 04:38:30.282782,1,1,1,11,62
2026-01-16 04:38:33.149176,1,1,1,13,62
2026-01-16 04:38:35.982076,1,1,1,13,62
2026-01-16 04:38:39.803013,1,1,1,15,62
2026-01-16 04:38:43.183309,1,1,1,15,62
2026-01-16 04:38:46.898479,1,1,1,13,62
2026-01-16 04:38:49.945063,1,1,1,13,62
2026-01-16 04:38:54.342625,1,1,1,12,62
2026-01-16 04:38:57.124143,1,1,1,12,62
2026-01-16 04:38:59.984012,1,1,1,11,62
2026-01-16 04:39:03.876289,1,1,1,11,62
2026-01-16 04:39:07.142985,1,1,1,11,62
2026-01-16 04:39:10.534541,1,1,1,11,62
2026-01-16 04:39:13.389858,1,1,1,11,62
2026-01-16 04:39:16.358646,1,1,1,11,62
2026-01-16 04:39:19.136884,1,1,1,11,62
2026-01-16 04:39:22.902841,1,1,1,11,62
2026-01-16 04:39:26.804375,1,1,1,11,62
2026-01-16 04:39:30.592618,1,1,1,11,62
2026-01-16 04:39:34.384377,1,1,1,11,62
2026-01-16 04:39:37.658499,1,1,1,11,62
2026-01-16 04:39:41.549336,1,1,1,11,62
2026-01-16 04:39:45.956253,1,1,1,11,62
2026-01-16 04:39:49.129758,1,1,1,11,62
2026-01-16 04:39:53.018163,1,1,1,11,62
2026-01-16 04:39:55.885298,1,1,1,11,62
2026-01-16 04:39:58.663761,1,1,1,11,62
2026-01-16 04:40:02.541275,1,1,1,11,62
2026-01-16 04:40:05.550289,1,1,1,11,62
2026-01-16 04:40:08.786533,1,1,1,13,62
2026-01-16 04:40:12.587002,1,1,1,13,62
2026-01-16 04:40:15.545904,1,1,1,12,62
2026-01-16 04:40:18.899046,1,1,1,12,62
2026-01-16 04:40:22.407068,1,1,1,12,62
2026-01-16 04:40:25.182219,1,1,1,12,62
2026-01-16 04:40:28.960476,1,1,1,13,62
2026-01-16 04:40:32.850443,1,1,1,13,62
2026-01-16 04:40:36.338034,1,1,1,13,62
2026-01-16 04:40:38.995371,1,1,1,13,62
2026-01-16 04:40:42.889800,1,1,1,13,62
2026-01-16 04:40:45.753949,1,1,1,13,62
2026-01-16 04:40:48.632889,1,1,1,14,62
2026-01-16 04:40:52.441247,1,1,1,14,62
2026-01-16 04:40:55.753990,1,1,1,14,62
2026-01-16 04:40:58.553698,1,1,1,14,62
2026-01-16 04:41:01.538989,1,1,1,14,62
2026-01-16 04:41:04.333882,1,1,1,14,62
2026-01-16 04:41:07.155397,1,1,1,14,62
2026-01-16 04:41:11.049050,1,1,1,14,62
2026-01-16 04:41:14.834640,1,1,1,14,62
2026-01-16 04:41:18.237864,1,1,1,14,62
2026-01-16 04:41:21.083706,1,1,1,14,62
2026-01-16 04:41:24.981961,1,1,1,14,62
2026-01-16 04:41:27.942307,1,1,1,13,62
2026-01-16 04:41:30.604689,1,1,1,13,62
2026-01-16 04:41:34.495795,1,1,1,12,62
2026-01-16 04:41:37.384504,1,1,1,12,62
2026-01-16 04:41:40.338494,1,1,1,12,62
2026-01-16 04:41:44.000106,1,1,1,13,62
2026-01-16 04:41:46.987752,1,1,1,14,62
2026-01-16 04:41:49.753438,1,1,1,15,62
2026-01-16 04:41:53.542084,1,1,1,17,62
2026-01-16 04:41:56.511788,1,1,1,18,63
2026-01-16 04:42:01.017234,1,1,1,19,69
2026-01-16 04:42:04.422181,1,1,1,21,72
2026-01-16 04:42:07.162659,1,1,1,21,75
2026-01-16 04:42:11.072952,1,1,1,22,76
2026-01-16 04:42:14.841230,1,1,1,21,76
2026-01-16 04:42:18.191493,1,1,1,22,81
2026-01-16 04:42:21.091354,1,1,1,23,81
2026-01-16 04:42:24.986519,1,1,1,24,81
2026-01-16 04:42:27.844858,1,1,1,24,82
2026-01-16 04:42:30.610356,1,1,1,25,85
2026-01-16 04:42:34.500758,1,1,1,25,85
2026-01-16 04:42:37.403179,1,1,1,25,85
2026-01-16 04:42:40.748187,1,1,1,25,86
2026-01-16 04:42:44.638991,1,1,1,24,86
2026-01-16 04:42:47.506511,1,1,1,23,86
2026-01-16 04:42:50.893741,1,1,1,24,86
2026-01-16 04:42:54.674214,1,1,1,23,87
2026-01-16 04:42:58.455927,1,2,1,23,87
2026-01-16 04:43:01.437778,1,1,1,20,83
2026-01-16 04:43:04.202062,1,1,1,20,77
2026-01-16 04:43:08.088229,1,1,1,18,71
2026-01-16 04:43:10.971490,1,1,1,18,68
2026-01-16 04:43:13.807324,1,1,1,17,65
2026-01-16 04:43:17.612663,1,1,1,17,62
2026-01-16 04:43:20.580701,1,1,1,17,63
2026-01-16 04:43:24.476719,1,1,1,17,69
2026-01-16 04:43:27.237674,1,1,1,17,71
2026-01-16 04:43:30.104246,1,1,1,17,71
2026-01-16 04:43:34.097968,1,1,1,17,74
2026-01-16 04:43:37.280124,1,1,1,17,77
2026-01-16 04:43:40.037857,1,1,1,18,80
2026-01-16 04:43:43.006896,1,1,1,18,81
2026-01-16 04:43:45.878460,1,1,1,17,81
2026-01-16 04:43:48.639087,1,1,1,17,81
2026-01-16 04:43:52.530208,1,1,2,16,81
2026-01-16 04:43:55.807211,1,1,1,15,81
2026-01-16 04:43:59.288503,1,1,1,14,81
2026-01-16 04:44:02.053420,1,1,1,14,81
2026-01-16 04:44:05.032515,1,1,1,14,81
2026-01-16 04:44:07.786566,1,1,1,14,81
2026-01-16 04:44:11.689370,1,1,1,14,81
2026-01-16 04:44:15.484026,1,1,1,14,75
2026-01-16 04:44:18.795503,1,1,1,14,73
2026-01-16 04:44:21.610472,1,1,1,14,74
2026-01-16 04:44:25.604517,1,1,1,14,74
2026-01-16 04:44:28.492744,1,1,1,14,74
2026-01-16 04:44:31.340755,1,1,1,14,74
2026-01-16 04:44:35.542620,1,1,1,14,71
2026-01-16 04:44:40.658231,1,1,1,14,71
2026-01-16 04:44:43.633839,1,1,1,14,71
2026-01-16 04:44:46.496945,1,1,1,14,71
2026-01-16 04:44:49.259567,1,1,1,14,71
2026-01-16 04:44:53.047099,1,1,1,16,71
2026-01-16 04:44:56.939333,1,1,1,17,71
2026-01-16 04:45:00.384881,1,1,1,18,70
2026-01-16 04:45:03.083112,1,2,1,17,69
2026-01-16 04:45:06.990350,1,1,1,17,69
2026-01-16 04:45:09.839916,1,1,1,16,69
2026-01-16 04:45:12.813023,1,1,1,15,69
2026-01-16 04:45:16.599700,1,1,1,15,67
2026-01-16 04:45:19.568421,1,1,1,14,65
2026-01-16 04:45:22.780047,1,1,1,14,65
2026-01-16 04:45:26.737557,1,1,1,14,65
2026-01-16 04:45:29.632762,1,1,1,14,65
2026-01-16 04:45:32.992288,1,1,1,14,65
2026-01-16 04:45:36.687000,1,1,1,15,66
2026-01-16 04:45:40.560492,1,1,1,14,69
2026-01-16 04:45:43.536559,1,1,1,14,71
2026-01-16 04:45:46.295678,1,1,1,14,72
2026-01-16 04:45:50.188663,1,1,1,14,71
2026-01-16 04:45:53.053810,1,1,1,14,68
2026-01-16 04:45:55.934842,1,1,1,14,65
2026-01-16 04:45:59.632532,1,1,1,15,65
2026-01-16 04:46:02.587425,1,1,1,16,65
2026-01-16 04:46:06.590124,1,1,1,15,67
2026-01-16 04:46:09.272003,1,1,1,15,65
2026-01-16 04:46:12.133033,1,1,1,15,65
2026-01-16 04:46:15.991545,1,1,1,15,65
2026-01-16 04:46:19.377147,1,1,1,15,65
2026-01-16 04:46:22.136758,1,1,1,15,65
2026-01-16 04:46:25.207396,1,1,1,15,65
2026-01-16 04:46:27.979695,1,1,1,15,62
2026-01-16 04:46:30.839886,1,1,1,15,62
2026-01-16 04:46:34.737712,1,1,1,15,62
2026-01-16 04:46:37.904070,1,1,3,15,62
2026-01-16 04:46:41.387006,1,1,1,15,62
2026-01-16 04:46:44.175172,1,1,1,15,62
2026-01-16 04:46:47.121244,1,1,1,15,62
2026-01-16 04:46:49.886239,1,1,1,15,62
2026-01-16 04:46:53.640972,1,1,4,15,62
2026-01-16 04:46:58.000827,1,1,1,15,62
2026-01-16 04:47:00.911936,1,1,1,15,62
2026-01-16 04:47:03.812144,1,1,1,15,62
2026-01-16 04:47:07.601024,1,1,1,18,62
2026-01-16 04:47:10.582119,1,1,1,17,62
2026-01-16 04:47:13.343856,1,1,1,17,62
2026-01-16 04:47:17.242555,1,1,1,16,63
2026-01-16 04:47:20.605890,1,1,3,16,63
2026-01-16 04:47:23.929016,1,1,1,15,63
2026-01-16 04:47:26.689001,1,1,1,15,63
2026-01-16 04:47:29.623119,1,1,1,15,66
2026-01-16 04:47:32.957572,1,1,1,15,67
2026-01-16 04:47:36.791759,1,1,1,15,69
2026-01-16 04:47:40.687668,1,1,1,15,72
2026-01-16 04:47:43.575141,1,1,1,15,74
2026-01-16 04:47:46.410330,1,1,1,15,74
2026-01-16 04:47:50.153759,1,1,1,14,74
2026-01-16 04:47:53.183005,1,2,3,14,71
2026-01-16 04:47:55.958299,1,2,1,14,70
2026-01-16 04:47:59.684778,1,1,1,14,73
2026-01-16 04:48:02.691800,1,1,1,14,76
2026-01-16 04:48:06.587784,1,1,1,16,76
2026-01-16 04:48:09.450134,1,1,1,17,76
2026-01-16 04:48:12.216780,1,1,1,16,76
2026-01-16 04:48:16.142718,1,1,1,15,73
2026-01-16 04:48:19.996331,1,1,1,13,70
2026-01-16 04:48:22.761040,1,1,1,13,67
2026-01-16 04:48:25.632090,1,1,1,15,64
2026-01-16 04:48:28.598562,1,1,2,15,62
2026-01-16 04:48:31.364033,1,2,4,15,62
2026-01-16 04:48:35.387198,1,1,1,14,62
2026-01-16 04:48:39.043164,1,2,4,14,62
2026-01-16 04:48:42.533599,1,2,1,14,62
2026-01-16 04:48:45.392437,1,1,1,14,62
2026-01-16 04:48:48.259821,1,1,1,14,62
2026-01-16 04:48:52.047226,1,1,1,14,62
2026-01-16 04:48:55.533486,1,1,1,14,62
2026-01-16 04:48:59.216448,1,1,1,14,62
2026-01-16 04:49:02.594564,1,2,1,14,62
2026-01-16 04:49:05.986018,1,1,1,14,62
2026-01-16 04:49:08.738710,1,1,1,14,62
2026-01-16 04:49:11.708970,1,1,1,15,62
2026-01-16 04:49:15.092701,1,1,1,16,62
2026-01-16 04:49:18.787412,1,1,1,17,62
2026-01-16 04:49:22.260588,1,1,3,17,62
2026-01-16 04:49:25.228215,1,1,1,16,62
2026-01-16 04:49:28.552157,1,1,1,14,62
2026-01-16 04:49:31.381131,1,1,1,14,62
2026-01-16 04:49:35.261177,1,1,1,13,62
2026-01-16 04:49:39.050062,1,1,1,15,62
2026-01-16 04:49:42.438803,1,1,1,16,62
2026-01-16 04:49:45.296105,1,1,1,17,62
2026-01-16 04:49:49.334509,1,1,1,18,63
2026-01-16 04:49:52.054255,1,1,1,19,66
2026-01-16 04:49:54.818497,1,1,1,20,69
2026-01-16 04:49:58.709333,1,1,1,21,72
2026-01-16 04:50:01.943391,1,1,1,22,75
2026-01-16 04:50:04.753498,1,1,1,23,78
2026-01-16 04:50:07.735635,1,1,1,23,81
2026-01-16 04:50:10.593774,1,1,1,23,84
2026-01-16 04:50:13.440849,1,1,1,23,87
2026-01-16 04:50:17.244519,1,1,1,24,87
2026-01-16 04:50:21.138484,1,1,1,24,87
2026-01-16 04:50:24.832645,1,1,1,24,87
2026-01-16 04:50:28.713363,1,1,1,24,87
2026-01-16 04:50:31.917500,1,1,1,24,86
2026-01-16 04:50:35.742697,1,1,1,24,86
2026-01-16 04:50:40.285975,1,1,1,25,86
2026-01-16 04:50:43.458876,1,1,1,25,86
2026-01-16 04:50:47.247920,1,1,1,25,86
2026-01-16 04:50:50.227946,1,1,1,25,86
2026-01-16 04:50:52.991430,1,1,1,25,86
2026-01-16 04:50:56.878402,1,1,1,25,86
2026-01-16 04:50:59.740812,1,1,1,24,86
2026-01-16 04:51:03.126502,1,1,1,23,86
2026-01-16 04:51:06.897124,1,1,1,23,86
2026-01-16 04:51:10.696058,1,1,1,24,86
2026-01-16 04:51:13.982954,1,1,1,25,86
2026-01-16 04:51:17.740308,1,1,1,25,86
2026-01-16 04:51:22.202452,1,2,1,25,86
2026-01-16 04:51:25.085526,1,1,1,25,82
2026-01-16 04:51:27.829609,1,1,1,25,76
2026-01-16 04:51:30.786286,1,1,1,24,72
2026-01-16 04:51:34.170427,1,1,1,24,69
2026-01-16 04:51:37.013261,1,1,1,24,67
2026-01-16 04:51:39.806801,1,1,2,23,67
2026-01-16 04:51:43.786487,1,1,1,24,68
2026-01-16 04:51:46.639929,1,1,1,24,71
2026-01-16 04:51:50.019257,1,1,1,23,74
2026-01-16 04:51:52.886257,1,1,1,23,77
2026-01-16 04:51:55.753994,1,1,1,20,80
2026-01-16 04:51:58.737477,1,1,1,20,79
2026-01-16 04:52:01.488318,1,1,1,20,76
2026-01-16 04:52:05.284698,1,1,1,21,77
2026-01-16 04:52:09.284248,1,1,1,22,80
2026-01-16 04:52:13.104265,1,1,1,20,86
2026-01-16 04:52:16.036840,1,1,1,18,80
2026-01-16 04:52:18.896009,1,2,1,17,76
2026-01-16 04:52:22.891261,1,1,1,18,73
2026-01-16 04:52:26.065114,1,1,1,18,74
2026-01-16 04:52:29.853551,1,1,1,18,77
2026-01-16 04:52:32.722226,1,1,1,16,74
2026-01-16 04:52:36.733586,1,1,1,16,67
2026-01-16 04:52:39.486843,1,1,1,15,64
2026-01-16 04:52:42.346165,1,1,1,17,62
2026-01-16 04:52:46.236876,1,1,1,17,62
2026-01-16 04:52:49.529094,1,1,1,17,62
2026-01-16 04:52:52.281701,1,1,1,17,62
2026-01-16 04:52:55.249068,1,1,2,16,62
2026-01-16 04:52:58.116158,1,1,1,15,62
2026-01-16 04:53:00.881232,1,1,1,15,64
2026-01-16 04:53:04.771122,1,1,1,15,67
2026-01-16 04:53:08.049022,1,1,1,15,67
2026-01-16 04:53:11.537860,1,1,1,15,67
2026-01-16 04:53:14.909911,1,1,1,15,67
2026-01-16 04:53:17.743461,1,1,1,15,67
2026-01-16 04:53:21.103498,1,1,1,15,67
2026-01-16 04:53:24.945190,1,1,1,15,70
2026-01-16 04:53:28.741756,1,1,1,15,71
2026-01-16 04:53:31.702950,1,1,1,15,71
2026-01-16 04:53:34.569478,1,1,1,15,71
2026-01-16 04:53:38.361732,1,1,1,15,71
2026-01-16 04:53:41.239633,1,1,1,15,71
2026-01-16 04:53:44.093351,1,1,1,15,71
2026-01-16 04:53:47.905231,1,1,1,15,71
2026-01-16 04:53:51.789308,1,1,1,15,71
2026-01-16 04:53:54.742974,1,1,1,16,71
2026-01-16 04:53:57.609807,1,1,1,18,71
2026-01-16 04:54:00.387510,1,1,1,19,72
2026-01-16 04:54:04.382565,1,1,1,20,75
2026-01-16 04:54:07.542764,1,1,1,21,78
2026-01-16 04:54:10.410428,1,1,1,21,81
2026-01-16 04:54:13.291122,1,1,1,21,83
2026-01-16 04:54:16.144622,1,1,1,20,83
2026-01-16 04:54:18.909455,1,1,1,20,83
2026-01-16 04:54:22.800841,1,1,1,20,83
2026-01-16 04:54:26.085087,1,1,1,18,83
2026-01-16 04:54:28.944885,1,1,1,18,83
2026-01-16 04:54:31.810844,1,1,2,17,83
2026-01-16 04:54:35.091227,1,2,5,17,81
2026-01-16 04:54:37.955939,1,1,1,16,76
2026-01-16 04:54:40.827995,1,2,6,16,73
2026-01-16 04:54:43.897700,1,2,3,16,76
2026-01-16 04:54:47.068461,1,2,12,16,77
2026-01-16 04:54:50.898248,1,2,15,16,77
2026-01-16 04:54:53.940585,1,2,8,16,74
2026-01-16 04:54:57.206798,1,1,1,16,71
2026-01-16 04:55:00.995551,1,2,1,16,69
2026-01-16 04:55:04.894524,1,2,2,15,72
2026-01-16 04:55:08.742070,1,2,4,15,75
2026-01-16 04:55:12.157177,1,2,3,14,81
2026-01-16 04:55:14.924832,1,2,11,13,81
2026-01-16 04:55:17.808241,1,1,1,13,82
2026-01-16 04:55:21.285857,1,2,3,13,83
2026-01-16 04:55:24.957194,1,2,2,13,86
2026-01-16 04:55:29.358948,1,1,1,13,83
2026-01-16 04:55:32.259337,1,2,2,13,80
2026-01-16 04:55:35.095542,1,2,8,13,77
2026-01-16 04:55:40.010244,1,1,5,13,74
2026-01-16 04:55:43.798656,1,1,3,14,77
2026-01-16 04:55:47.692709,1,2,1,14,78
2026-01-16 04:55:50.556669,1,2,7,14,77
2026-01-16 04:55:53.445775,1,1,1,14,77
2026-01-16 04:55:56.290560,1,1,1,14,77
2026-01-16 04:55:59.092557,1,2,7,14,77
2026-01-16 04:56:03.971264,1,2,11,14,77
2026-01-16 04:56:07.363293,1,2,1,14,77
2026-01-16 04:56:10.229399,1,2,1,14,77
2026-01-16 04:56:12.990858,1,1,3,15,76
2026-01-16 04:56:16.885935,1,2,1,15,76
2026-01-16 04:56:20.159969,1,2,4,17,76
2026-01-16 04:56:24.450971,1,2,11,19,76
2026-01-16 04:56:28.243702,1,1,1,20,76
2026-01-16 04:56:31.618663,1,1,1,21,76
2026-01-16 04:56:35.829160,1,2,2,21,76
2026-01-16 04:56:39.195852,1,2,2,22,76
2026-01-16 04:56:42.996883,1,2,10,22,76
2026-01-16 04:56:46.890442,1,2,11,22,77
2026-01-16 04:56:50.886597,1,2,10,20,80
2026-01-16 04:56:54.249331,1,1,5,18,83
2026-01-16 04:56:57.020970,1,1,1,18,83
2026-01-16 04:56:59.893754,1,2,4,17,83
2026-01-16 04:57:03.219986,1,2,7,16,83
2026-01-16 04:57:07.047731,1,1,2,18,83
2026-01-16 04:57:10.848100,1,2,1,19,83
2026-01-16 04:57:13.806214,1,2,2,19,83
2026-01-16 04:57:16.579214,1,1,4,19,83
2026-01-16 04:57:20.471269,1,1,1,17,83
2026-01-16 04:57:23.342647,1,2,12,17,83
2026-01-16 04:57:26.198044,1,2,6,19,83
2026-01-16 04:57:29.083670,1,2,1,18,86
2026-01-16 04:57:31.992804,1,2,3,16,89
2026-01-16 04:57:34.798668,1,2,10,15,90
2026-01-16 04:57:38.076605,1,2,1,15,90
2026-01-16 04:57:40.984226,1,2,1,13,90
2026-01-16 04:57:43.810404,1,2,5,13,90
2026-01-16 04:57:47.190259,1,1,10,12,90
2026-01-16 04:57:52.615957,1,2,11,13,90
2026-01-16 04:57:56.609534,1,2,6,13,90
2026-01-16 04:57:59.789297,1,2,9,13,90
2026-01-16 04:58:02.652940,1,1,1,13,90
2026-01-16 04:58:06.035384,1,2,1,13,90
2026-01-16 04:58:08.864946,1,1,6,13,90
2026-01-16 04:58:12.791802,1,2,1,13,90
2026-01-16 04:58:15.678051,1,2,2,13,90
2026-01-16 04:58:18.748502,1,2,3,13,90
2026-01-16 04:58:22.312847,1,1,1,13,90
2026-01-16 04:58:25.653303,1,2,3,13,90
2026-01-16 04:58:28.470367,1,2,3,13,90
2026-01-16 04:58:31.546583,1,1,1,13,90
2026-01-16 04:58:34.254297,1,2,6,13,90
2026-01-16 04:58:37.058350,1,1,1,13,90
2026-01-16 04:58:40.948957,1,2,2,12,88
2026-01-16 04:58:43.919270,1,2,4,12,86
2026-01-16 04:58:47.195176,1,1,10,12,86
2026-01-16 04:58:52.015148,1,2,11,12,86
2026-01-16 04:58:55.899404,1,1,7,12,86
2026-01-16 04:58:58.663608,1,2,1,12,89
2026-01-16 04:59:02.555828,1,2,9,12,90
2026-01-16 04:59:06.555497,1,2,4,12,88
2026-01-16 04:59:09.928366,1,1,5,12,87
2026-01-16 04:59:12.903976,1,1,1,12,86
2026-01-16 04:59:15.616939,1,2,7,12,87
2026-01-16 04:59:18.545313,1,1,1,12,90
2026-01-16 04:59:22.421319,1,2,12,12,90
2026-01-16 04:59:26.312587,1,2,2,12,90
2026-01-16 04:59:30.104793,1,1,1,12,90
2026-01-16 04:59:32.982908,1,2,3,12,90
2026-01-16 04:59:37.346563,1,2,1,12,82
2026-01-16 04:59:39.739558,1,2,3,12,76
2026-01-16 04:59:42.491701,1,2,4,12,71
2026-01-16 04:59:45.587506,1,2,26,12,74
2026-01-16 04:59:48.857362,1,2,19,12,77
2026-01-16 04:59:51.731152,1,2,19,13,106
2026-01-16 04:59:54.533148,1,2,5,23,109
2026-01-16 04:59:58.363494,1,2,5,23,112
2026-01-16 05:00:01.639548,1,2,7,23,115
2026-01-16 05:00:05.054791,1,1,3,23,118
2026-01-16 05:00:07.992005,1,1,1,23,121
2026-01-16 05:00:10.875053,1,1,2,21,118
2026-01-16 05:00:14.253775,1,2,1,21,112
2026-01-16 05:00:17.000176,1,2,2,19,107
2026-01-16 05:00:19.867394,1,1,4,18,104
2026-01-16 05:00:23.246523,1,2,14,17,101
2026-01-16 05:00:27.154170,1,2,6,17,98
2026-01-16 05:00:31.553938,1,1,4,16,88
2026-01-16 05:00:34.407081,1,1,1,16,85
2026-01-16 05:00:37.250824,1,2,1,15,82
2026-01-16 05:00:40.155355,1,2,3,15,79
2026-01-16 05:00:43.520604,1,1,1,15,78
2026-01-16 05:00:46.401722,1,2,3,15,77
2026-01-16 05:00:49.768030,1,2,2,15,74
2026-01-16 05:00:52.543900,1,1,1,15,71
2026-01-16 05:00:55.502521,1,2,19,16,70
2026-01-16 05:00:58.387600,1,1,1,17,73
2026-01-16 05:01:01.088196,1,2,3,17,74
2026-01-16 05:01:04.427084,1,2,17,17,74
2026-01-16 05:01:07.293873,1,1,4,16,72
2026-01-16 05:01:10.259225,1,2,2,16,69
2026-01-16 05:01:14.036700,1,2,1,15,69
2026-01-16 05:01:16.903869,1,2,1,15,69
2026-01-16 05:01:20.196603,1,1,1,15,69
2026-01-16 05:01:24.071565,1,1,1,14,69
2026-01-16 05:01:28.376161,1,1,2,14,69
2026-01-16 05:01:31.762349,1,1,1,13,69
2026-01-16 05:01:35.552032,1,2,1,12,72
2026-01-16 05:01:39.431606,1,1,14,12,75
2026-01-16 05:01:42.911978,1,1,1,12,76
2026-01-16 05:01:45.688888,1,1,1,13,73
2026-01-16 05:01:48.667153,1,1,1,12,70
2026-01-16 05:01:52.444685,1,2,2,13,73
2026-01-16 05:01:55.733767,1,2,1,14,76
2026-01-16 05:01:59.507169,1,1,12,14,76
2026-01-16 05:02:02.502613,1,1,3,13,76
2026-01-16 05:02:05.252612,1,1,1,15,76
2026-01-16 05:02:10.061411,1,2,1,15,76
2026-01-16 05:02:13.432762,1,1,2,13,76
2026-01-16 05:02:16.397827,1,2,4,13,78
2026-01-16 05:02:20.309837,1,1,3,12,78
2026-01-16 05:02:23.781248,1,2,3,14,78
2026-01-16 05:02:26.535558,1,2,10,17,78
2026-01-16 05:02:29.606616,1,1,2,19,78
2026-01-16 05:02:32.258300,1,1,1,20,78
2026-01-16 05:02:36.061953,1,2,1,21,78
2026-01-16 05:02:40.479798,1,1,1,22,74
2026-01-16 05:02:43.431771,1,1,1,22,71
2026-01-16 05:02:46.213009,1,2,2,23,72
2026-01-16 05:02:50.108023,1,1,6,23,75
2026-01-16 05:02:52.909241,1,1,1,23,78
2026-01-16 05:02:55.732122,1,1,1,23,80
2026-01-16 05:02:59.613873,1,2,16,23,82
2026-01-16 05:03:02.481953,1,2,15,23,82
2026-01-16 05:03:05.447312,1,2,13,23,82
2026-01-16 05:03:09.108985,1,2,1,23,82
2026-01-16 05:03:12.132300,1,2,1,23,82
2026-01-16 05:03:15.789725,1,2,1,23,82
2026-01-16 05:03:19.897581,1,1,3,23,78
2026-01-16 05:03:23.106657,1,1,1,23,75
2026-01-16 05:03:26.062253,1,2,1,23,72
2026-01-16 05:03:29.007290,1,1,2,23,70
2026-01-16 05:03:32.258192,1,1,4,23,70
2026-01-16 05:03:35.067032,1,1,1,18,70
2026-01-16 05:03:38.798747,1,1,1,17,72
2026-01-16 05:03:41.286815,1,1,1,17,75
2026-01-16 05:03:45.194918,1,2,1,17,78
2026-01-16 05:03:48.025629,1,1,3,16,81
2026-01-16 05:03:51.539502,1,1,1,16,83
2026-01-16 05:03:54.803370,1,1,1,16,83
2026-01-16 05:03:57.681099,1,2,3,16,78
2026-01-16 05:04:00.947741,1,1,1,14,72
2026-01-16 05:04:03.813997,1,2,1,14,73
2026-01-16 05:04:06.681088,1,2,4,14,76
2026-01-16 05:04:10.478733,1,1,1,14,79
2026-01-16 05:04:13.306277,1,1,1,13,82
2026-01-16 05:04:16.204973,1,1,2,12,82
2026-01-16 05:04:21.120554,1,1,2,12,82
2026-01-16 05:04:24.396449,1,1,3,11,74
2026-01-16 05:04:27.161983,1,1,1,11,74
2026-01-16 05:04:30.130509,1,2,1,11,71
2026-01-16 05:04:34.539186,1,2,3,11,66
2026-01-16 05:04:37.401952,1,1,1,11,66
2026-01-16 05:04:40.136283,1,2,1,11,66
2026-01-16 05:04:44.173493,1,2,1,11,66
2026-01-16 05:04:47.036646,1,1,1,11,66
2026-01-16 05:04:49.791474,1,2,1,11,66
2026-01-16 05:04:53.590218,1,2,9,11,66
2026-01-16 05:04:56.565194,1,2,4,13,66
2026-01-16 05:04:59.334533,1,2,7,14,68
2026-01-16 05:05:03.209828,1,2,34,14,67
2026-01-16 05:05:06.085981,1,2,5,15,70
2026-01-16 05:05:09.452251,1,2,1,16,71
2026-01-16 05:05:12.853769,1,1,2,16,67
2026-01-16 05:05:15.731219,1,1,1,16,67
2026-01-16 05:05:18.508210,1,1,2,16,65
2026-01-16 05:05:21.433345,1,1,1,16,62
2026-01-16 05:05:24.403210,1,2,4,16,62
2026-01-16 05:05:27.065133,1,1,1,16,62
2026-01-16 05:05:30.403823,1,2,2,16,62
2026-01-16 05:05:33.291346,1,1,1,16,62
2026-01-16 05:05:37.730845,1,2,1,16,62
2026-01-16 05:05:40.594328,1,2,3,16,64
2026-01-16 05:05:43.458633,1,1,1,16,67
2026-01-16 05:05:46.828584,1,2,2,16,70
2026-01-16 05:05:50.617082,1,2,4,16,73
2026-01-16 05:05:53.586923,1,1,1,16,76
2026-01-16 05:05:56.351973,1,2,1,16,79
2026-01-16 05:06:00.242984,1,1,1,15,79
2026-01-16 05:06:03.852461,1,1,3,14,81
2026-01-16 05:06:07.615724,1,1,1,13,82
2026-01-16 05:06:10.384644,1,2,1,13,82
2026-01-16 05:06:13.247770,1,1,2,12,80
2026-01-16 05:06:16.630755,1,1,1,12,77
2026-01-16 05:06:19.403801,1,2,3,12,74
2026-01-16 05:06:22.258390,1,1,1,12,71
2026-01-16 05:06:26.780499,1,2,1,12,70
2026-01-16 05:06:30.041447,1,2,1,11,72
2026-01-16 05:06:32.806066,1,2,3,11,75
2026-01-16 05:06:35.776742,1,2,2,11,78
2026-01-16 05:06:38.657210,1,1,1,11,81
2026-01-16 05:06:43.565366,1,1,2,11,77
2026-01-16 05:06:46.795927,1,1,1,11,74
2026-01-16 05:06:50.733483,1,1,1,11,71
2026-01-16 05:06:54.105034,1,1,1,11,69
2026-01-16 05:06:56.869768,1,2,3,11,69
2026-01-16 05:06:59.737073,1,2,1,11,66
2026-01-16 05:07:03.540587,1,1,4,12,62
2026-01-16 05:07:06.504102,1,2,3,12,64
2026-01-16 05:07:09.362625,1,1,1,13,64
2026-01-16 05:07:12.131248,1,2,1,12,67
2026-01-16 05:07:15.513256,1,1,2,12,68
2026-01-16 05:07:20.013868,1,1,3,12,68
2026-01-16 05:07:23.303988,1,2,3,12,68
2026-01-16 05:07:26.155804,1,2,1,12,68
2026-01-16 05:07:29.125717,1,2,2,12,68
2026-01-16 05:07:31.895110,1,1,1,12,68
2026-01-16 05:07:35.695239,1,2,2,12,68
2026-01-16 05:07:38.649788,1,1,1,12,68
2026-01-16 05:07:41.428989,1,1,1,12,68
2026-01-16 05:07:45.212254,1,2,3,12,68
2026-01-16 05:07:48.186245,1,2,4,12,68
2026-01-16 05:07:51.449015,1,1,2,12,68
2026-01-16 05:07:54.302424,1,1,4,12,68
2026-01-16 05:07:57.390284,1,1,1,12,68
2026-01-16 05:08:01.086630,1,1,2,12,68
2026-01-16 05:08:03.850841,1,2,1,12,68
2026-01-16 05:08:06.750523,1,1,1,11,68
2026-01-16 05:08:10.598984,1,1,1,11,68
2026-01-16 05:08:13.455398,1,1,1,11,68
2026-01-16 05:08:16.340770,1,2,2,11,68
2026-01-16 05:08:20.326612,1,1,2,11,68
2026-01-16 05:08:23.096781,1,1,1,11,68
2026-01-16 05:08:25.957641,1,1,3,11,66
2026-01-16 05:08:30.383945,1,1,1,11,66
2026-01-16 05:08:34.048127,1,1,2,11,66
2026-01-16 05:08:36.931314,1,2,2,11,66
2026-01-16 05:08:39.804311,1,2,2,11,66
2026-01-16 05:08:43.683386,1,1,1,11,66
2026-01-16 05:08:46.541103,1,1,1,11,66
2026-01-16 05:08:49.305694,1,1,2,11,66
2026-01-16 05:08:52.181272,1,1,3,11,66
2026-01-16 05:08:55.155331,1,2,1,11,66
2026-01-16 05:08:57.909395,1,2,1,11,66
2026-01-16 05:09:00.875906,1,1,1,11,66
2026-01-16 05:09:04.767086,1,2,1,11,66
2026-01-16 05:09:07.959921,1,2,2,11,66
2026-01-16 05:09:11.299843,1,2,2,11,66
2026-01-16 05:09:14.205411,1,1,4,11,66
2026-01-16 05:09:17.158033,1,2,1,11,66
2026-01-16 05:09:19.922148,1,2,1,11,66
2026-01-16 05:09:23.710868,1,1,1,12,66
2026-01-16 05:09:27.603077,1,1,2,12,66
2026-01-16 05:09:31.002219,1,1,1,13,66
2026-01-16 05:09:33.851179,1,1,1,13,66
2026-01-16 05:09:37.126264,1,2,3,13,66
2026-01-16 05:09:40.401996,1,1,4,13,66
2026-01-16 05:09:43.280072,1,2,1,13,66
2026-01-16 05:09:46.551917,1,1,1,13,66
2026-01-16 05:09:49.310786,1,1,1,13,66
2026-01-16 05:09:53.203142,1,2,1,13,66
2026-01-16 05:09:56.494853,1,2,1,13,66
2026-01-16 05:10:00.746156,1,2,1,13,66
2026-01-16 05:10:04.597022,1,2,4,13,66
2026-01-16 05:10:07.957806,1,1,1,13,66
2026-01-16 05:10:10.715331,1,1,1,13,66
2026-01-16 05:10:13.625268,1,1,1,13,66
2026-01-16 05:10:16.555902,1,2,2,13,66
2026-01-16 05:10:19.430378,1,1,1,13,66
2026-01-16 05:10:23.239981,1,2,1,13,66
2026-01-16 05:10:26.192809,1,2,2,13,66
2026-01-16 05:10:29.050861,1,2,3,13,66
2026-01-16 05:10:32.830580,1,2,2,13,66
2026-01-16 05:10:35.702752,1,1,1,13,66
2026-01-16 05:10:38.496103,1,1,1,13,66
2026-01-16 05:10:42.866625,1,1,2,13,66
2026-01-16 05:10:47.555396,1,2,2,13,66
2026-01-16 05:10:50.258378,1,1,1,13,66
2026-01-16 05:10:53.004170,1,2,1,13,66
2026-01-16 05:10:56.819848,1,2,1,13,66
2026-01-16 05:10:59.878636,1,1,2,13,66
2026-01-16 05:11:02.529830,1,1,1,13,66
2026-01-16 05:11:05.395052,1,1,3,13,66
2026-01-16 05:11:08.266822,1,1,2,12,66
2026-01-16 05:11:11.148444,1,1,1,12,66
2026-01-16 05:11:14.001142,1,2,4,12,63
2026-01-16 05:11:17.723171,1,2,1,12,62
2026-01-16 05:11:21.689836,1,1,2,12,62
2026-01-16 05:11:25.770868,1,1,1,12,62
2026-01-16 05:11:28.536818,1,1,1,12,62
2026-01-16 05:11:31.377365,1,1,2,12,65
2026-01-16 05:11:35.201736,1,2,1,13,68
2026-01-16 05:11:39.092457,1,1,2,13,71
2026-01-16 05:11:42.366870,1,2,1,13,74
2026-01-16 05:11:45.842484,1,1,1,13,67
2026-01-16 05:11:49.732493,1,2,1,13,64
2026-01-16 05:11:52.600698,1,1,1,13,63
2026-01-16 05:11:55.365620,1,1,1,13,63
2026-01-16 05:11:59.209421,1,1,1,13,65
2026-01-16 05:12:02.539596,1,1,1,13,68
2026-01-16 05:12:06.014991,1,1,2,13,71
2026-01-16 05:12:08.898255,1,2,2,13,74
2026-01-16 05:12:11.750176,1,1,1,13,72
2026-01-16 05:12:15.039312,1,1,1,14,69
2026-01-16 05:12:17.904585,1,1,1,14,66
2026-01-16 05:12:23.544918,1,1,1,14,63
2026-01-16 05:12:26.904698,1,2,2,16,65
2026-01-16 05:12:30.192866,1,1,1,16,68
2026-01-16 05:12:33.047466,1,1,1,17,68
2026-01-16 05:12:35.916299,1,1,2,17,65
2026-01-16 05:12:39.191510,1,1,2,17,64
2026-01-16 05:12:42.571619,1,1,3,18,65
2026-01-16 05:12:45.956447,1,1,1,20,68
2026-01-16 05:12:48.821039,1,2,3,21,71
2026-01-16 05:12:52.684878,1,2,3,22,74
2026-01-16 05:12:56.000595,1,1,1,22,77
2026-01-16 05:12:59.877376,1,2,2,23,80
2026-01-16 05:13:03.768250,1,2,1,23,86
2026-01-16 05:13:07.147218,1,1,1,24,86
2026-01-16 05:13:10.026345,1,1,1,24,86
2026-01-16 05:13:13.808134,1,2,3,24,86
2026-01-16 05:13:16.669531,1,2,2,24,86
2026-01-16 05:13:19.494387,1,1,3,24,86
2026-01-16 05:13:22.313563,1,1,1,24,87
2026-01-16 05:13:25.801817,1,2,1,24,90
2026-01-16 05:13:28.740775,1,2,4,24,90
2026-01-16 05:13:31.416208,1,2,1,24,90
2026-01-16 05:13:35.307280,1,1,2,24,88
2026-01-16 05:13:39.198562,1,1,2,24,82
2026-01-16 05:13:42.371998,1,1,4,24,76
2026-01-16 05:13:45.452163,1,2,1,24,72
2026-01-16 05:13:48.625142,1,1,1,24,74
2026-01-16 05:13:51.497913,1,1,1,25,74
2026-01-16 05:13:54.361468,1,2,1,25,77
2026-01-16 05:13:58.346105,1,2,2,25,83
2026-01-16 05:14:01.174708,1,2,1,25,86
2026-01-16 05:14:04.576736,1,1,1,25,86
2026-01-16 05:14:07.357284,1,1,2,25,86
2026-01-16 05:14:10.239360,1,2,1,25,86
2026-01-16 05:14:13.099839,1,2,1,23,86
2026-01-16 05:14:16.369439,1,1,1,20,82
2026-01-16 05:14:20.362016,1,2,1,17,76
2026-01-16 05:14:23.230345,1,2,1,16,73
2026-01-16 05:14:26.106161,1,1,1,16,70
2026-01-16 05:14:29.885191,1,1,1,15,67
2026-01-16 05:14:33.679422,1,2,1,15,67
2026-01-16 05:14:37.770851,1,2,1,14,67
2026-01-16 05:14:40.594512,1,1,2,14,67
2026-01-16 05:14:43.417199,1,1,1,15,69
2026-01-16 05:14:47.294111,1,1,1,14,70
2026-01-16 05:14:50.687185,1,2,2,15,72
2026-01-16 05:14:54.581005,1,1,1,15,73
2026-01-16 05:14:57.298614,1,2,2,14,71
2026-01-16 05:15:01.219427,1,1,3,13,66
2026-01-16 05:15:04.087672,1,1,3,12,66
2026-01-16 05:15:06.987036,1,1,1,14,68
2026-01-16 05:15:10.755159,1,2,1,14,71
2026-01-16 05:15:14.737697,1,2,2,14,71
2026-01-16 05:15:18.012796,1,1,1,16,73
2026-01-16 05:15:20.903473,1,1,1,15,76
2026-01-16 05:15:23.855322,1,2,1,15,79
2026-01-16 05:15:26.624526,1,1,1,15,79
2026-01-16 05:15:30.409555,1,1,1,14,79
2026-01-16 05:15:33.299521,1,2,1,13,79
2026-01-16 05:15:36.753058,1,2,2,13,79
2026-01-16 05:15:39.516832,1,1,1,12,79
2026-01-16 05:15:42.383959,1,2,1,12,79
2026-01-16 05:15:45.774101,1,2,2,12,79
2026-01-16 05:15:49.566572,1,1,1,12,79
2026-01-16 05:15:53.446741,1,1,1,13,79
2026-01-16 05:15:56.626277,1,2,3,13,79
2026-01-16 05:16:00.943862,1,1,3,14,79
2026-01-16 05:16:04.306631,1,1,1,14,79
2026-01-16 05:16:07.090349,1,2,2,14,78
2026-01-16 05:16:09.992146,1,2,2,14,75
2026-01-16 05:16:13.923608,1,2,1,14,72
2026-01-16 05:16:16.688800,1,1,1,15,70
2026-01-16 05:16:19.555665,1,1,2,17,73
2026-01-16 05:16:23.299410,1,1,1,19,76
2026-01-16 05:16:26.724167,1,2,4,21,76
2026-01-16 05:16:30.512244,1,1,1,22,79
2026-01-16 05:16:34.403877,1,1,1,23,85
2026-01-16 05:16:37.255905,1,2,3,23,88
2026-01-16 05:16:40.256852,1,2,2,24,90
2026-01-16 05:16:43.017870,1,1,1,24,90
2026-01-16 05:16:46.801853,1,1,1,25,90
2026-01-16 05:16:50.607606,1,2,1,25,90
2026-01-16 05:16:55.059435,1,2,2,25,90
2026-01-16 05:16:57.495358,1,1,4,25,90
2026-01-16 05:17:01.907413,1,2,1,25,89
2026-01-16 05:17:04.815840,1,1,2,25,86
2026-01-16 05:17:08.321827,1,2,2,25,86
2026-01-16 05:17:10.960618,1,2,4,25,86
2026-01-16 05:17:13.826662,1,1,1,25,86
2026-01-16 05:17:17.206649,1,2,1,25,86
2026-01-16 05:17:20.096758,1,1,3,25,86
2026-01-16 05:17:22.846099,1,1,1,25,86
2026-01-16 05:17:25.706380,1,2,1,22,86
2026-01-16 05:17:28.572244,1,1,3,20,86
2026-01-16 05:17:31.443468,1,1,1,18,86
2026-01-16 05:17:35.341612,1,2,2,16,86
2026-01-16 05:17:38.607402,1,1,1,16,86
2026-01-16 05:17:41.475617,1,1,1,14,84
2026-01-16 05:17:44.357279,1,1,1,14,78
2026-01-16 05:17:47.722065,1,2,2,13,74
2026-01-16 05:17:50.588019,1,1,1,13,71
2026-01-16 05:17:53.882190,1,1,1,12,68
2026-01-16 05:17:56.737287,1,2,2,12,66
2026-01-16 05:18:00.520832,1,2,2,12,66
2026-01-16 05:18:05.443396,1,2,2,13,64
2026-01-16 05:18:09.860427,1,1,1,13,68
2026-01-16 05:18:13.228765,1,1,3,13,71
2026-01-16 05:18:16.007076,1,1,1,13,74
2026-01-16 05:18:19.887803,1,1,1,13,77
2026-01-16 05:18:23.253526,1,1,2,13,80
2026-01-16 05:18:26.121945,1,1,1,13,83
2026-01-16 05:18:28.892085,1,1,1,13,80
2026-01-16 05:18:31.768000,1,2,2,13,77
2026-01-16 05:18:34.530267,1,1,1,13,74
2026-01-16 05:18:38.410070,1,1,2,13,73
2026-01-16 05:18:41.394627,1,1,1,13,73
2026-01-16 05:18:44.143361,1,2,1,13,73
2026-01-16 05:18:47.011238,1,1,2,13,75
2026-01-16 05:18:50.390446,1,1,2,13,77
2026-01-16 05:18:53.154754,1,1,1,13,80
2026-01-16 05:18:57.046416,1,2,3,15,82
2026-01-16 05:18:59.978760,1,2,2,15,80
2026-01-16 05:19:02.796491,1,1,1,15,74
2026-01-16 05:19:05.656483,1,2,1,14,70
2026-01-16 05:19:08.403627,1,2,1,14,70
2026-01-16 05:19:11.383045,1,1,2,14,70
2026-01-16 05:19:14.147071,1,2,1,14,70
2026-01-16 05:19:18.016951,1,1,2,14,70
2026-01-16 05:19:21.930098,1,2,2,14,73
2026-01-16 05:19:25.646825,1,1,1,14,78
2026-01-16 05:19:28.483390,1,1,1,14,78
2026-01-16 05:19:31.758866,1,1,1,14,78
2026-01-16 05:19:34.638731,1,2,2,14,78
2026-01-16 05:19:38.517831,1,1,1,14,78
2026-01-16 05:19:42.007414,1,1,1,14,78
2026-01-16 05:19:45.761858,1,2,1,14,78
2026-01-16 05:19:49.576205,1,2,1,14,79
2026-01-16 05:19:53.479981,1,2,1,14,79
2026-01-16 05:19:56.757588,1,1,1,14,82
2026-01-16 05:20:00.536985,1,1,1,14,82
2026-01-16 05:20:04.944212,1,1,2,14,82
2026-01-16 05:20:08.316395,1,2,2,14,82
2026-01-16 05:20:11.540602,1,2,1,14,80
2026-01-16 05:20:14.562812,1,1,3,14,74
2026-01-16 05:20:17.443184,1,1,1,14,74
2026-01-16 05:20:20.716049,1,1,1,14,76
2026-01-16 05:20:25.211293,1,2,2,14,78
2026-01-16 05:20:28.099053,1,1,1,14,78
2026-01-16 05:20:31.983256,1,1,1,14,78
2026-01-16 05:20:34.846391,1,1,1,14,79
2026-01-16 05:20:37.602372,1,1,1,14,82
2026-01-16 05:20:41.503519,1,1,1,14,85
2026-01-16 05:20:45.398070,1,2,2,14,88
2026-01-16 05:20:48.288506,1,1,1,14,82
2026-01-16 05:20:51.119680,1,1,1,14,78
2026-01-16 05:20:54.501181,1,1,1,14,77
2026-01-16 05:20:57.789174,1,2,1,14,77
2026-01-16 05:21:01.666454,1,1,2,14,77
2026-01-16 05:21:06.501883,1,1,1,13,75
2026-01-16 05:21:09.820484,1,1,1,13,72
2026-01-16 05:21:13.647390,1,1,4,12,67
2026-01-16 05:21:17.444643,1,1,1,12,64
2026-01-16 05:21:20.815187,1,1,1,12,64
2026-01-16 05:21:25.221340,1,1,1,12,64
2026-01-16 05:21:28.596484,1,1,2,12,64
2026-01-16 05:21:32.370439,1,2,1,12,66
2026-01-16 05:21:35.283182,1,2,2,12,69
2026-01-16 05:21:39.144374,1,2,1,13,72
2026-01-16 05:21:42.421105,1,1,2,13,74
2026-01-16 05:21:45.908825,1,1,1,13,79
2026-01-16 05:21:48.667825,1,1,1,13,79
2026-01-16 05:21:51.546272,1,2,1,13,82
2026-01-16 05:21:55.528669,1,1,1,13,85
2026-01-16 05:21:58.293330,1,1,1,13,85
2026-01-16 05:22:01.569773,1,2,2,13,85
2026-01-16 05:22:05.461331,1,2,2,13,84
2026-01-16 05:22:08.753185,1,2,2,13,78
2026-01-16 05:22:12.646660,1,1,6,13,72
2026-01-16 05:22:17.504285,1,2,3,13,66
2026-01-16 05:22:20.821319,1,2,2,13,63
2026-01-16 05:22:24.814867,1,1,3,13,62
2026-01-16 05:22:28.604478,1,1,1,13,62
2026-01-16 05:22:32.508825,1,1,2,13,62
2026-01-16 05:22:35.464462,1,2,1,13,63
2026-01-16 05:22:38.246052,1,2,2,13,66
2026-01-16 05:22:42.140075,1,2,1,13,69
2026-01-16 05:22:45.912263,1,2,2,13,70
2026-01-16 05:22:49.289208,1,1,2,13,67
2026-01-16 05:22:52.172365,1,2,1,13,70
2026-01-16 05:22:56.148720,1,1,2,13,73
2026-01-16 05:22:58.913805,1,2,3,13,76
2026-01-16 05:23:01.705199,1,1,2,13,78
2026-01-16 05:23:05.691051,1,1,1,13,78
2026-01-16 05:23:09.665827,1,1,2,13,78
2026-01-16 05:23:13.058721,1,1,1,13,78
2026-01-16 05:23:15.912195,1,1,4,13,78
2026-01-16 05:23:18.676091,1,2,3,13,78
2026-01-16 05:23:21.647824,1,2,1,13,74
2026-01-16 05:23:25.056141,1,2,3,13,68
2026-01-16 05:23:27.906926,1,2,1,13,65
2026-01-16 05:23:30.657929,1,1,1,13,65
2026-01-16 05:23:33.535272,1,2,2,13,68
2026-01-16 05:23:37.589281,1,1,1,13,74
2026-01-16 05:23:40.291593,1,1,1,13,77
2026-01-16 05:23:43.169047,1,2,2,13,77
2026-01-16 05:23:47.051651,1,2,2,13,77
2026-01-16 05:23:50.318429,1,1,1,13,77
2026-01-16 05:23:54.115046,1,1,1,13,77
2026-01-16 05:23:58.016664,1,1,3,13,77
2026-01-16 05:24:01.704066,1,2,1,13,77
2026-01-16 05:24:06.194655,1,2,1,13,77
2026-01-16 05:24:09.466469,1,1,1,13,77
2026-01-16 05:24:12.346843,1,1,5,13,72
2026-01-16 05:24:15.201457,1,1,2,13,69
2026-01-16 05:24:18.581343,1,2,1,13,66
2026-01-16 05:24:21.858070,1,2,1,13,64
2026-01-16 05:24:25.762156,1,1,2,13,63
2026-01-16 05:24:29.026876,1,1,1,13,63
2026-01-16 05:24:31.892303,1,2,2,13,63
2026-01-16 05:24:34.783274,1,2,2,13,63
2026-01-16 05:24:38.052166,1,1,1,13,63
2026-01-16 05:24:41.007009,1,2,2,13,63
2026-01-16 05:24:44.286413,1,2,2,13,63
2026-01-16 05:24:48.072645,1,2,1,12,63
2026-01-16 05:24:51.962779,1,1,1,12,63
2026-01-16 05:24:55.778731,1,1,4,12,63
2026-01-16 05:25:00.260184,1,1,3,13,63
2026-01-16 05:25:03.546138,1,2,3,13,63
2026-01-16 05:25:06.859241,1,1,1,13,63
2026-01-16 05:25:09.681447,1,1,4,13,63
2026-01-16 05:25:12.748167,1,1,1,13,63
2026-01-16 05:25:16.052363,1,1,1,13,63
2026-01-16 05:25:19.712779,1,2,4,13,63
2026-01-16 05:25:23.198382,1,2,1,13,63
2026-01-16 05:25:26.060075,1,1,1,13,63
2026-01-16 05:25:29.039364,1,2,2,13,63
2026-01-16 05:25:31.695563,1,2,2,13,63
2026-01-16 05:25:35.593258,1,1,1,13,63
2026-01-16 05:25:38.857887,1,2,1,13,63
2026-01-16 05:25:42.349600,1,1,1,13,63
2026-01-16 05:25:45.109278,1,1,3,13,63
2026-01-16 05:25:48.091656,1,1,1,13,63
2026-01-16 05:25:51.352254,1,1,1,13,65
2026-01-16 05:25:54.241683,1,1,1,13,67
2026-01-16 05:25:57.597772,1,2,3,13,67
2026-01-16 05:26:01.899525,1,1,1,12,68
2026-01-16 05:26:05.698142,1,2,2,12,71
2026-01-16 05:26:08.669953,1,2,2,12,74
2026-01-16 05:26:11.525331,1,1,1,12,77
2026-01-16 05:26:14.393838,1,2,2,12,79
2026-01-16 05:26:18.181797,1,2,3,12,79
2026-01-16 05:26:21.066366,1,1,1,12,81
2026-01-16 05:26:25.556484,1,1,1,12,85
2026-01-16 05:26:28.331704,1,1,2,12,85
2026-01-16 05:26:31.288559,1,2,1,12,85
2026-01-16 05:26:34.508600,1,1,1,12,85
2026-01-16 05:26:37.324356,1,2,1,12,85
2026-01-16 05:26:40.706705,1,1,1,12,81
2026-01-16 05:26:44.703244,1,1,2,12,78
2026-01-16 05:26:47.567780,1,2,5,12,77
2026-01-16 05:26:50.304462,1,2,5,12,77
2026-01-16 05:26:54.138582,1,2,15,12,77
2026-01-16 05:26:58.014220,1,2,18,14,77
2026-01-16 05:27:02.536562,1,2,3,14,72
2026-01-16 05:27:05.795337,1,1,1,13,69
2026-01-16 05:27:08.683686,1,1,1,12,66
2026-01-16 05:27:11.535842,1,2,2,13,63
2026-01-16 05:27:14.402349,1,1,1,13,63
2026-01-16 05:27:18.700038,1,1,2,14,63
2026-01-16 05:27:22.589465,1,2,1,14,63
2026-01-16 05:27:25.981827,1,1,1,14,63
2026-01-16 05:27:28.738209,1,2,1,14,63
2026-01-16 05:27:32.624435,1,2,1,14,63
2026-01-16 05:27:36.004212,1,2,1,14,63
2026-01-16 05:27:38.886015,1,1,1,14,63
2026-01-16 05:27:41.735770,1,2,1,14,63
2026-01-16 05:27:45.227630,1,2,2,14,63
2026-01-16 05:27:47.886553,1,1,1,14,66
2026-01-16 05:27:52.798007,1,1,1,14,71
2026-01-16 05:27:56.586527,1,2,1,14,73
2026-01-16 05:27:59.603605,1,1,3,14,74
2026-01-16 05:28:02.160895,1,1,1,15,74
2026-01-16 05:28:05.097959,1,2,2,15,74
2026-01-16 05:28:07.952892,1,1,1,13,74
2026-01-16 05:28:10.820061,1,1,2,11,74
2026-01-16 05:28:14.711424,1,1,2,11,74
2026-01-16 05:28:17.560200,1,1,1,11,74
2026-01-16 05:28:21.478812,1,1,1,11,74
2026-01-16 05:28:24.256142,1,1,1,12,74
2026-01-16 05:28:27.102726,1,1,1,12,75
2026-01-16 05:28:29.984022,1,1,1,11,77
2026-01-16 05:28:35.295289,1,1,1,13,78
2026-01-16 05:28:38.160635,1,1,1,15,78
2026-01-16 05:28:41.648540,1,1,2,16,78
2026-01-16 05:28:44.408246,1,1,1,16,78
2026-01-16 05:28:48.855650,1,1,1,18,74
2026-01-16 05:28:52.086719,1,1,2,19,71
2026-01-16 05:28:55.886520,1,1,1,20,66
2026-01-16 05:28:59.357324,1,2,2,21,66
2026-01-16 05:29:02.133778,1,1,1,21,66
2026-01-16 05:29:05.097612,1,1,1,21,66
2026-01-16 05:29:07.855852,1,2,1,22,66
2026-01-16 05:29:11.662076,1,1,1,22,66
2026-01-16 05:29:15.035442,1,1,1,22,66
2026-01-16 05:29:18.766944,1,1,1,22,66
2026-01-16 05:29:21.680323,1,1,1,22,66
2026-01-16 05:29:25.576088,1,1,1,22,66
2026-01-16 05:29:28.438617,1,1,1,22,66
2026-01-16 05:29:31.311120,1,1,1,22,66
2026-01-16 05:29:35.202291,1,1,1,22,66
2026-01-16 05:29:38.120492,1,1,1,22,66
2026-01-16 05:29:40.841930,1,1,2,23,66
2026-01-16 05:29:44.680005,1,1,1,22,66
2026-01-16 05:29:47.695059,1,2,1,23,66
2026-01-16 05:29:50.967915,1,1,2,23,66
2026-01-16 05:29:53.841920,1,1,1,23,66
2026-01-16 05:29:57.621460,1,2,1,23,66
2026-01-16 05:30:01.001738,1,1,2,23,66
2026-01-16 05:30:03.868780,1,1,1,23,66
2026-01-16 05:30:06.739792,1,2,1,23,66
2026-01-16 05:30:10.115130,1,1,2,23,66
2026-01-16 05:30:13.904081,1,1,1,23,66
2026-01-16 05:30:17.618938,1,2,1,23,65
2026-01-16 05:30:20.947446,1,1,1,23,65
2026-01-16 05:30:25.381642,1,1,2,23,65
2026-01-16 05:30:29.160937,1,1,1,23,65
2026-01-16 05:30:32.413034,1,1,1,23,65
2026-01-16 05:30:36.254541,1,2,1,23,65
2026-01-16 05:30:39.707361,1,2,1,24,65
2026-01-16 05:30:43.087737,1,1,2,24,65
2026-01-16 05:30:45.954561,1,1,1,24,65
2026-01-16 05:30:48.720437,1,2,2,24,65
2026-01-16 05:30:52.099214,1,1,1,24,65
2026-01-16 05:30:55.894744,1,1,1,24,65
2026-01-16 05:30:59.283352,1,1,1,24,64
2026-01-16 05:31:02.165281,1,2,2,24,64
2026-01-16 05:31:05.103902,1,1,1,24,64
2026-01-16 05:31:07.869342,1,2,1,24,64
2026-01-16 05:31:11.672633,1,1,2,22,64
2026-01-16 05:31:15.002233,1,1,1,17,64
2026-01-16 05:31:18.824406,1,2,1,16,64
2026-01-16 05:31:21.703472,1,1,1,15,64
2026-01-16 05:31:25.689396,1,1,1,14,64
2026-01-16 05:31:28.552194,1,2,1,13,64
2026-01-16 05:31:31.475978,1,1,1,13,63
2026-01-16 05:31:35.213728,1,1,1,12,63
2026-01-16 05:31:39.208875,1,1,1,12,63
2026-01-16 05:31:41.985281,1,1,1,11,63
2026-01-16 05:31:46.895158,1,1,2,11,63
2026-01-16 05:31:50.704600,1,1,1,11,63
2026-01-16 05:31:53.537991,1,2,1,11,63
2026-01-16 05:31:57.444435,1,1,1,11,63
2026-01-16 05:32:01.781423,1,1,2,11,63
2026-01-16 05:32:04.699634,1,1,1,11,63
2026-01-16 05:32:07.584718,1,2,1,11,63
2026-01-16 05:32:10.294738,1,2,2,11,63
2026-01-16 05:32:14.222894,1,1,1,11,63
2026-01-16 05:32:17.091155,1,1,1,11,63
2026-01-16 05:32:19.882610,1,1,4,11,63
2026-01-16 05:32:23.746539,1,1,1,11,64
2026-01-16 05:32:27.001670,1,1,1,11,67
2026-01-16 05:32:31.329749,1,1,1,11,73
2026-01-16 05:32:35.229499,1,2,1,11,76
2026-01-16 05:32:40.132637,1,2,1,12,79
2026-01-16 05:32:43.048081,1,2,2,12,83
2026-01-16 05:32:45.862053,1,1,1,13,83
2026-01-16 05:32:48.837690,1,1,1,15,83
2026-01-16 05:32:52.115664,1,2,2,17,83
2026-01-16 05:32:55.890077,1,2,3,18,84
2026-01-16 05:32:59.392562,1,1,2,19,84
2026-01-16 05:33:02.249142,1,1,1,20,84
2026-01-16 05:33:05.522852,1,2,3,21,84
2026-01-16 05:33:08.395066,1,2,2,21,84
2026-01-16 05:33:11.275239,1,1,1,22,84
2026-01-16 05:33:14.095478,1,2,2,22,84
2026-01-16 05:33:16.889349,1,1,2,23,84
2026-01-16 05:33:20.787926,1,2,1,24,84
2026-01-16 05:33:23.760580,1,1,1,24,84
2026-01-16 05:33:26.518012,1,1,2,24,84
2026-01-16 05:33:30.832022,1,1,1,18,84
2026-01-16 05:33:34.204472,1,1,1,16,84
2026-01-16 05:33:37.996379,1,2,2,15,85
2026-01-16 05:33:41.784550,1,1,2,14,86
2026-01-16 05:33:45.060280,1,1,1,13,85
2026-01-16 05:33:48.839185,1,1,1,12,82
2026-01-16 05:33:52.742217,1,2,1,12,76
2026-01-16 05:33:55.594443,1,2,2,12,76
2026-01-16 05:33:58.872947,1,1,1,12,77
2026-01-16 05:34:02.771477,1,2,1,12,80
2026-01-16 05:34:05.849000,1,2,2,12,82
2026-01-16 05:34:08.601844,1,1,1,12,79
2026-01-16 05:34:12.496194,1,1,1,12,77
2026-01-16 05:34:16.198202,1,2,1,12,77
2026-01-16 05:34:19.558754,1,2,1,12,82
2026-01-16 05:34:22.527628,1,2,2,12,83
2026-01-16 05:34:26.317010,1,1,1,12,83
2026-01-16 05:34:29.184068,1,1,1,12,83
2026-01-16 05:34:32.153635,1,2,2,12,83
2026-01-16 05:34:35.847468,1,1,2,12,83
2026-01-16 05:34:38.812920,1,1,1,12,83
2026-01-16 05:34:42.086875,1,2,1,12,86
2026-01-16 05:34:45.977720,1,2,1,12,86
2026-01-16 05:34:48.852334,1,1,2,12,86
2026-01-16 05:34:52.222774,1,1,1,12,86
2026-01-16 05:34:56.011846,1,2,1,13,86
2026-01-16 05:34:59.814361,1,1,1,13,86
2026-01-16 05:35:02.886084,1,1,2,13,86
2026-01-16 05:35:05.638383,1,1,1,13,82
2026-01-16 05:35:09.452804,1,1,1,12,76
2026-01-16 05:35:12.301182,1,1,1,12,72
2026-01-16 05:35:15.161428,1,1,1,12,69
2026-01-16 05:35:19.462290,1,1,1,12,65
2026-01-16 05:35:22.802335,1,1,1,12,64
2026-01-16 05:35:25.712427,1,1,1,12,64
2026-01-16 05:35:28.520421,1,1,1,12,64
2026-01-16 05:35:31.423693,1,1,1,12,64
2026-01-16 05:35:35.341609,1,1,1,12,64
2026-01-16 05:35:38.713333,1,1,1,12,64
2026-01-16 05:35:41.409025,1,1,1,12,64
2026-01-16 05:35:44.345274,1,2,1,14,64
2026-01-16 05:35:47.212603,1,2,2,14,64
2026-01-16 05:35:49.984748,1,2,1,16,64
2026-01-16 05:35:53.879825,1,1,2,15,64
2026-01-16 05:35:57.167695,1,1,2,14,64
2026-01-16 05:36:00.020371,1,2,1,14,64
2026-01-16 05:36:02.886900,1,1,2,14,64
2026-01-16 05:36:05.745480,1,1,2,14,64
2026-01-16 05:36:08.630076,1,1,1,14,64
2026-01-16 05:36:12.402870,1,2,1,13,64
2026-01-16 05:36:16.248700,1,1,2,12,64
2026-01-16 05:36:19.726884,1,1,2,12,64
2026-01-16 05:36:22.543909,1,1,1,12,65
2026-01-16 05:36:25.509810,1,1,1,12,68
2026-01-16 05:36:29.298604,1,1,1,12,71
2026-01-16 05:36:32.571138,1,1,1,12,74
2026-01-16 05:36:36.381838,1,2,1,12,77
2026-01-16 05:36:39.844717,1,1,1,12,80
2026-01-16 05:36:43.849058,1,1,1,12,74
2026-01-16 05:36:46.596516,1,1,1,12,71
2026-01-16 05:36:49.471409,1,1,1,12,72
2026-01-16 05:36:53.297578,1,1,1,12,75
2026-01-16 05:36:56.638256,1,1,1,12,77
2026-01-16 05:37:00.136239,1,2,1,12,75
2026-01-16 05:37:02.879656,1,2,2,12,74
2026-01-16 05:37:05.855167,1,1,1,12,77
2026-01-16 05:37:08.574824,1,1,1,12,80
2026-01-16 05:37:12.415047,1,1,2,12,83
2026-01-16 05:37:16.248049,1,1,1,12,83
2026-01-16 05:37:20.190290,1,1,1,12,83
2026-01-16 05:37:23.878567,1,1,1,12,83
2026-01-16 05:37:27.160101,1,2,1,12,83
2026-01-16 05:37:31.573735,1,2,4,12,83
2026-01-16 05:37:35.346124,1,1,3,12,83
2026-01-16 05:37:38.638479,1,2,1,12,83
2026-01-16 05:37:42.426446,1,1,2,12,83
2026-01-16 05:37:45.380307,1,1,1,12,83
2026-01-16 05:37:48.350923,1,1,1,12,83
2026-01-16 05:37:52.044177,1,1,2,12,83
2026-01-16 05:37:54.894524,1,1,1,12,83
2026-01-16 05:37:58.326515,1,1,4,12,83
2026-01-16 05:38:02.083732,1,2,1,13,83
2026-01-16 05:38:05.843121,1,1,2,13,83
2026-01-16 05:38:09.148284,1,1,1,13,83
2026-01-16 05:38:13.444729,1,1,1,13,83
2026-01-16 05:38:17.432047,1,1,1,13,83
2026-01-16 05:38:21.647097,1,2,1,12,83
2026-01-16 05:38:25.112698,1,1,2,12,83
2026-01-16 05:38:28.397867,1,1,2,12,83
2026-01-16 05:38:31.256263,1,1,1,12,85
2026-01-16 05:38:34.054614,1,2,1,12,85
2026-01-16 05:38:36.990604,1,1,1,12,86
2026-01-16 05:38:40.473879,1,1,2,12,88
2026-01-16 05:38:44.790264,1,2,2,12,89
2026-01-16 05:38:48.152393,1,1,2,12,89
2026-01-16 05:38:50.924860,1,1,1,12,89
2026-01-16 05:38:53.893614,1,2,1,12,89
2026-01-16 05:38:56.664003,1,1,2,12,89
2026-01-16 05:39:01.112878,1,1,1,12,89
2026-01-16 05:39:04.944995,1,1,1,12,89
2026-01-16 05:39:07.800179,1,2,1,12,89
2026-01-16 05:39:10.695105,1,1,1,12,89
2026-01-16 05:39:13.548261,1,1,1,12,83
2026-01-16 05:39:17.336021,1,2,3,12,77
2026-01-16 05:39:20.725479,1,2,2,12,73
2026-01-16 05:39:24.510921,1,1,1,12,70
2026-01-16 05:39:27.371268,1,1,1,12,67
2026-01-16 05:39:30.240808,1,1,1,12,65
2026-01-16 05:39:34.032447,1,1,2,12,65
2026-01-16 05:39:37.035313,1,1,1,12,65
2026-01-16 05:39:40.378770,1,2,2,12,65
2026-01-16 05:39:44.079689,1,1,1,12,65
2026-01-16 05:39:47.952428,1,1,1,12,65
2026-01-16 05:39:51.238795,1,2,1,12,65
2026-01-16 05:39:54.994994,1,2,1,12,65
2026-01-16 05:39:58.910332,1,2,1,12,65
2026-01-16 05:40:01.674983,1,1,1,12,65
2026-01-16 05:40:05.071752,1,1,1,12,65
2026-01-16 05:40:08.944249,1,2,2,12,64
2026-01-16 05:40:11.915123,1,1,1,12,63
2026-01-16 05:40:14.643840,1,1,1,12,63
2026-01-16 05:40:18.479735,1,2,3,12,63
2026-01-16 05:40:22.323279,1,1,2,12,63
2026-01-16 05:40:26.159430,1,1,1,12,63
2026-01-16 05:40:29.897913,1,2,1,12,63
2026-01-16 05:40:33.235452,1,2,2,12,63
2026-01-16 05:40:37.105126,1,2,3,12,63
2026-01-16 05:40:41.408495,1,1,2,12,63
2026-01-16 05:40:44.697831,1,1,1,12,63
2026-01-16 05:40:48.573860,1,1,1,12,63
2026-01-16 05:40:51.952569,1,1,1,12,63
2026-01-16 05:40:55.334307,1,1,1,12,63
2026-01-16 05:40:58.142277,1,1,2,12,63
2026-01-16 05:41:01.065320,1,1,1,12,63
2026-01-16 05:41:04.343679,1,2,1,12,63
2026-01-16 05:41:08.146147,1,2,3,12,63
2026-01-16 05:41:11.512676,1,1,1,12,63
2026-01-16 05:41:14.496710,1,1,1,12,63
2026-01-16 05:41:17.344696,1,1,1,12,63
2026-01-16 05:41:20.210829,1,1,1,12,63
2026-01-16 05:41:23.999507,1,2,1,12,63
2026-01-16 05:41:27.392949,1,1,2,12,63
2026-01-16 05:41:32.192157,1,1,2,12,63
2026-01-16 05:41:35.407634,1,1,1,12,63
2026-01-16 05:41:38.336022,1,1,1,12,63
2026-01-16 05:41:41.100887,1,2,1,12,63
2026-01-16 05:41:45.155245,1,1,2,12,63
2026-01-16 05:41:47.973148,1,1,1,12,63
2026-01-16 05:41:50.836432,1,2,2,12,63
2026-01-16 05:41:53.598034,1,1,1,12,63
2026-01-16 05:41:56.460613,1,1,3,12,63
2026-01-16 05:41:59.341984,1,1,1,12,63
2026-01-16 05:42:02.194502,1,2,1,12,63
2026-01-16 05:42:05.992424,1,2,3,12,63
2026-01-16 05:42:09.362787,1,2,1,12,63
2026-01-16 05:42:12.167270,1,1,2,12,63
2026-01-16 05:42:14.994478,1,1,1,12,63
2026-01-16 05:42:17.891761,1,2,1,12,63
2026-01-16 05:42:20.729781,1,1,1,12,63
2026-01-16 05:42:25.040402,1,2,1,12,63
2026-01-16 05:42:27.920865,1,2,1,12,63
2026-01-16 05:42:31.378831,1,1,2,12,63
2026-01-16 05:42:34.142369,1,1,1,12,63
2026-01-16 05:42:37.033635,1,1,3,12,63
2026-01-16 05:42:40.404786,1,1,1,12,63
2026-01-16 05:42:44.178802,1,1,1,12,63
2026-01-16 05:42:48.090003,1,2,1,12,63
2026-01-16 05:42:50.935892,1,2,1,12,63
2026-01-16 05:42:53.853696,1,1,1,12,63
2026-01-16 05:42:57.592791,1,1,1,12,63
2026-01-16 05:43:00.481408,1,1,2,12,63
2026-01-16 05:43:03.350113,1,1,1,12,63
2026-01-16 05:43:07.117791,1,2,1,13,63
2026-01-16 05:43:10.096131,1,1,2,13,63
2026-01-16 05:43:13.983646,1,1,1,14,63
2026-01-16 05:43:16.743893,1,2,1,15,63
2026-01-16 05:43:19.711137,1,1,1,15,63
2026-01-16 05:43:23.503481,1,1,1,14,63
2026-01-16 05:43:27.493624,1,1,1,16,63
2026-01-16 05:43:30.378814,1,2,1,16,63
2026-01-16 05:43:34.176011,1,2,3,16,63
2026-01-16 05:43:37.224694,1,1,1,18,63
2026-01-16 05:43:40.395896,1,1,1,17,63
2026-01-16 05:43:43.173717,1,2,9,18,63
2026-01-16 05:43:46.027784,1,2,32,18,63
2026-01-16 05:43:50.034115,1,2,11,19,63
2026-01-16 05:43:52.804053,1,2,27,19,63
2026-01-16 05:43:55.661377,1,2,11,18,63
2026-01-16 05:43:59.548160,1,2,4,17,63
2026-01-16 05:44:02.953473,1,1,2,17,63
2026-01-16 05:44:06.200558,1,2,1,18,63
2026-01-16 05:44:09.075125,1,2,2,20,63
2026-01-16 05:44:12.055369,1,2,5,18,63
2026-01-16 05:44:14.804646,1,2,1,18,63
2026-01-16 05:44:19.110562,1,2,1,16,63
2026-01-16 05:44:22.498130,1,2,7,18,63
2026-01-16 05:44:26.287815,1,2,3,19,67
2026-01-16 05:44:30.058906,1,1,6,17,70
2026-01-16 05:44:33.336604,1,2,4,16,73
2026-01-16 05:44:37.125016,1,1,1,15,75
2026-01-16 05:44:41.539575,1,2,5,15,75
2026-01-16 05:44:44.803901,1,2,8,15,75
2026-01-16 05:44:48.593662,1,2,4,15,75
2026-01-16 05:44:51.631719,1,1,1,14,75
2026-01-16 05:44:54.339337,1,2,5,13,75
2026-01-16 05:44:59.165330,1,2,6,13,75
2026-01-16 05:45:03.043383,1,2,9,12,75
2026-01-16 05:45:05.804764,1,1,6,12,75
2026-01-16 05:45:09.392679,1,1,3,12,75
2026-01-16 05:45:12.554109,1,2,7,12,75
2026-01-16 05:45:15.334684,1,2,12,12,75
2026-01-16 05:45:19.748508,1,2,1,12,75
2026-01-16 05:45:23.516686,1,2,3,12,73
2026-01-16 05:45:27.104338,1,2,5,12,72
2026-01-16 05:45:31.303713,1,1,1,12,70
2026-01-16 05:45:34.516174,1,1,1,12,64
2026-01-16 05:45:37.461701,1,2,2,12,64
2026-01-16 05:45:40.221473,1,1,1,12,64
2026-01-16 05:45:43.186025,1,2,7,12,64
2026-01-16 05:45:46.551759,1,2,10,12,64
2026-01-16 05:45:50.253378,1,1,3,12,64
2026-01-16 05:45:54.248065,1,2,1,12,64
2026-01-16 05:45:57.416401,1,2,3,12,64
2026-01-16 05:46:01.706888,1,2,2,12,64
2026-01-16 05:46:05.598029,1,2,6,13,64
2026-01-16 05:46:08.813926,1,2,1,13,64
2026-01-16 05:46:12.663555,1,2,4,13,64
2026-01-16 05:46:15.535290,1,2,3,13,64
2026-01-16 05:46:18.526895,1,1,1,13,66
2026-01-16 05:46:22.288145,1,2,1,12,69
2026-01-16 05:46:25.155685,1,1,7,12,69
2026-01-16 05:46:28.561512,1,2,2,12,69
2026-01-16 05:46:32.285966,1,2,9,12,69
2026-01-16 05:46:36.117012,1,1,3,12,69
2026-01-16 05:46:39.413307,1,2,4,11,69
2026-01-16 05:46:43.292290,1,1,6,11,69
2026-01-16 05:46:47.509970,1,1,1,11,66
2026-01-16 05:46:50.867133,1,2,5,11,66
2026-01-16 05:46:55.158926,1,2,3,11,66
2026-01-16 05:46:59.175827,1,2,5,11,66
2026-01-16 05:47:03.044661,1,1,1,12,66
2026-01-16 05:47:05.992550,1,2,4,12,66
2026-01-16 05:47:09.705331,1,2,4,12,66
2026-01-16 05:47:12.680381,1,2,1,12,66
2026-01-16 05:47:15.439342,1,2,2,13,66
2026-01-16 05:47:19.350158,1,1,1,13,66
2026-01-16 05:47:23.965205,1,2,1,16,66
2026-01-16 05:47:26.607977,1,2,2,15,66
2026-01-16 05:47:29.461930,1,2,15,14,66
2026-01-16 05:47:32.247600,1,2,8,13,66
2026-01-16 05:47:36.123615,1,2,14,12,66
2026-01-16 05:47:39.125344,1,2,8,11,66
2026-01-16 05:47:43.394390,1,1,9,11,66
2026-01-16 05:47:45.744165,1,1,1,12,66
2026-01-16 05:47:48.611777,1,1,1,15,66
2026-01-16 05:47:51.492684,1,1,1,15,69
2026-01-16 05:47:55.267577,1,1,1,16,72
2026-01-16 05:47:59.056488,1,2,4,16,78
2026-01-16 05:48:01.928733,1,2,3,16,79
2026-01-16 05:48:04.693007,1,1,1,16,79
2026-01-16 05:48:08.862221,1,2,3,15,79
2026-01-16 05:48:11.549118,1,1,1,14,79
2026-01-16 05:48:15.442883,1,2,2,15,79
2026-01-16 05:48:18.982902,1,2,1,17,79
2026-01-16 05:48:22.827442,1,2,6,18,79
2026-01-16 05:48:26.631617,1,1,1,20,76
2026-01-16 05:48:29.479280,1,1,1,18,73
2026-01-16 05:48:32.314962,1,2,2,16,71
2026-01-16 05:48:35.834069,1,2,3,14,71
2026-01-16 05:48:39.093297,1,1,1,15,71
2026-01-16 05:48:41.874651,1,2,1,15,71
2026-01-16 05:48:45.750584,1,1,1,14,71
2026-01-16 05:48:48.718764,1,1,1,14,71
2026-01-16 05:48:51.485301,1,1,2,13,71
2026-01-16 05:48:55.384038,1,1,1,13,71
2026-01-16 05:48:59.164876,1,2,1,12,71
2026-01-16 05:49:02.143662,1,1,5,12,71
2026-01-16 05:49:04.917149,1,2,1,13,71
2026-01-16 05:49:07.878281,1,2,2,15,74
2026-01-16 05:49:11.775745,1,1,1,17,77
2026-01-16 05:49:14.532099,1,1,3,17,79
2026-01-16 05:49:17.294643,1,1,5,15,78
2026-01-16 05:49:21.180691,1,2,1,13,75
2026-01-16 05:49:24.149754,1,2,1,12,73
2026-01-16 05:49:26.926661,1,1,3,12,73
2026-01-16 05:49:31.215803,1,2,2,11,71
2026-01-16 05:49:35.208288,1,2,3,11,65
2026-01-16 05:49:38.465133,1,1,1,11,62
2026-01-16 05:49:41.277464,1,1,5,11,62
2026-01-16 05:49:45.244314,1,2,2,11,63
2026-01-16 05:49:48.131360,1,2,4,11,64
2026-01-16 05:49:50.984412,1,1,2,11,64
2026-01-16 05:49:54.357730,1,1,1,11,64
2026-01-16 05:49:57.233916,1,1,2,11,64
2026-01-16 05:50:00.092299,1,2,3,11,64
2026-01-16 05:50:02.967000,1,2,5,11,64
2026-01-16 05:50:06.748203,1,2,10,11,64
2026-01-16 05:50:10.656224,1,2,37,11,64
2026-01-16 05:50:14.378262,1,2,17,23,108
2026-01-16 05:50:16.783086,1,1,2,23,111
2026-01-16 05:50:20.674579,1,2,4,23,114
2026-01-16 05:50:23.510331,1,1,1,23,117
2026-01-16 05:50:26.431614,1,1,1,23,120
2026-01-16 05:50:30.169872,1,1,1,23,123
2026-01-16 05:50:33.590177,1,1,1,23,120
2026-01-16 05:50:36.359492,1,1,1,23,114
2026-01-16 05:50:39.220527,1,1,1,24,108
2026-01-16 05:50:42.105729,1,1,1,21,105
2026-01-16 05:50:44.942150,1,1,1,21,100
2026-01-16 05:50:48.845209,1,1,1,17,94
2026-01-16 05:50:52.737979,1,2,1,18,88
2026-01-16 05:50:56.616770,1,2,2,19,85
2026-01-16 05:50:59.589189,1,1,1,17,88
2026-01-16 05:51:02.313226,1,1,1,15,83
2026-01-16 05:51:06.243486,1,1,2,14,80
2026-01-16 05:51:09.530135,1,1,1,13,77
2026-01-16 05:51:13.307484,1,1,1,13,74
2026-01-16 05:51:16.394115,1,1,2,14,72
2026-01-16 05:51:20.168708,1,1,1,15,72
2026-01-16 05:51:22.937251,1,2,1,16,72
2026-01-16 05:51:25.886714,1,1,1,18,72
2026-01-16 05:51:29.691839,1,1,1,19,72
2026-01-16 05:51:32.969497,1,1,1,20,72
2026-01-16 05:51:35.834810,1,1,1,18,72
2026-01-16 05:51:38.721740,1,1,1,16,72
2026-01-16 05:51:41.569268,1,1,1,15,72
2026-01-16 05:51:44.436740,1,1,1,14,75
2026-01-16 05:51:48.305357,1,1,1,13,78
2026-01-16 05:51:51.605861,1,1,1,12,81
2026-01-16 05:51:54.380544,1,1,1,11,83
2026-01-16 05:51:57.237163,1,1,2,12,80
2026-01-16 05:52:00.217752,1,1,1,12,80
2026-01-16 05:52:02.975880,1,1,1,12,80
2026-01-16 05:52:06.886985,1,1,3,13,79
2026-01-16 05:52:10.651289,1,1,1,16,77
2026-01-16 05:52:13.937864,1,1,1,18,73
2026-01-16 05:52:17.418010,1,1,1,19,70
2026-01-16 05:52:21.303584,1,1,1,21,67
2026-01-16 05:52:24.180499,1,1,1,21,66
2026-01-16 05:52:27.043161,1,2,1,21,66
2026-01-16 05:52:30.847785,1,1,1,18,66
2026-01-16 05:52:33.793519,1,1,1,19,66
2026-01-16 05:52:38.195767,1,1,2,20,65
2026-01-16 05:52:40.977943,1,1,1,21,63
2026-01-16 05:52:43.839102,1,1,1,21,63
2026-01-16 05:52:47.739547,1,1,1,21,63
2026-01-16 05:52:50.997824,1,1,1,19,63
2026-01-16 05:52:54.892279,1,1,1,15,63
2026-01-16 05:52:57.756491,1,1,1,14,63
2026-01-16 05:53:00.539445,1,1,1,15,63
2026-01-16 05:53:05.332266,1,1,1,17,63
2026-01-16 05:53:09.226940,1,1,1,20,65
2026-01-16 05:53:12.092366,1,1,1,20,68
2026-01-16 05:53:15.901496,1,2,2,21,69
2026-01-16 05:53:18.854363,1,1,1,20,69
2026-01-16 05:53:21.615555,1,1,1,21,67
2026-01-16 05:53:25.403597,1,1,1,21,67
2026-01-16 05:53:29.703621,1,1,1,22,67
2026-01-16 05:53:33.101736,1,2,1,22,68
2026-01-16 05:53:37.384210,1,1,1,22,69
2026-01-16 05:53:40.891447,1,1,1,22,69
2026-01-16 05:53:44.260526,1,1,1,22,69
2026-01-16 05:53:47.008080,1,1,1,22,67
2026-01-16 05:53:49.889577,1,1,1,22,67
2026-01-16 05:53:53.882072,1,2,1,22,67
2026-01-16 05:53:57.046249,1,1,1,22,67
2026-01-16 05:54:00.438291,1,1,1,22,67
2026-01-16 05:54:03.323388,1,1,1,20,67
2026-01-16 05:54:06.285937,1,1,1,18,67
2026-01-16 05:54:09.029204,1,1,1,18,67
2026-01-16 05:54:12.929321,1,2,1,17,67
2026-01-16 05:54:16.704897,1,1,1,19,67
2026-01-16 05:54:20.085941,1,1,1,20,67
2026-01-16 05:54:23.052602,1,1,1,21,67
2026-01-16 05:54:26.944807,1,1,1,22,67
2026-01-16 05:54:29.708843,1,1,1,22,67
2026-01-16 05:54:32.428591,1,2,1,22,67
2026-01-16 05:54:36.387291,1,1,1,23,67
2026-01-16 05:54:39.237578,1,1,1,23,68
2026-01-16 05:54:42.099842,1,1,1,23,71
2026-01-16 05:54:45.888713,1,1,2,23,74
2026-01-16 05:54:48.865456,1,1,1,22,75
2026-01-16 05:54:51.725453,1,1,1,20,77
2026-01-16 05:54:55.529404,1,1,1,18,79
2026-01-16 05:55:00.429370,1,1,1,17,84
2026-01-16 05:55:03.512488,1,1,1,15,84
2026-01-16 05:55:06.783958,1,1,1,15,84
2026-01-16 05:55:09.746501,1,1,1,15,84
2026-01-16 05:55:13.440176,1,1,1,14,84
2026-01-16 05:55:17.325143,1,1,1,14,83
2026-01-16 05:55:20.299996,1,1,1,14,80
2026-01-16 05:55:23.692233,1,1,1,14,78
2026-01-16 05:55:26.459014,1,1,1,14,76
2026-01-16 05:55:30.300916,1,1,1,14,72
2026-01-16 05:55:33.603120,1,1,1,14,69
2026-01-16 05:55:37.496806,1,1,1,14,66
2026-01-16 05:55:42.424199,1,1,1,14,64
2026-01-16 05:55:45.219701,1,1,1,14,64
2026-01-16 05:55:48.056909,1,1,1,14,64
2026-01-16 05:55:51.937068,1,1,2,13,64
2026-01-16 05:55:54.881901,1,1,1,12,64
2026-01-16 05:55:57.671513,1,1,1,12,64
2026-01-16 05:56:01.465225,1,1,1,12,64
2026-01-16 05:56:04.434072,1,1,1,12,64
2026-01-16 05:56:08.326683,1,1,1,12,64
2026-01-16 05:56:11.083878,1,1,2,12,64
2026-01-16 05:56:13.977887,1,1,1,12,64
2026-01-16 05:56:17.853766,1,1,1,12,64
2026-01-16 05:56:21.222360,1,1,1,12,64
2026-01-16 05:56:23.991058,1,1,1,12,64
2026-01-16 05:56:26.856554,1,1,1,12,64
2026-01-16 05:56:29.731595,1,1,1,12,64
2026-01-16 05:56:32.471437,1,1,1,12,64
2026-01-16 05:56:36.380305,1,2,1,12,64
2026-01-16 05:56:39.662461,1,1,1,12,64
2026-01-16 05:56:42.527319,1,1,2,12,64
2026-01-16 05:56:45.388584,1,1,1,11,64
2026-01-16 05:56:48.580096,1,2,1,11,65
2026-01-16 05:56:51.126654,1,1,1,11,68
2026-01-16 05:56:55.529896,1,1,1,11,68
2026-01-16 05:56:59.831853,1,1,1,11,63
2026-01-16 05:57:02.697554,1,1,1,11,62
2026-01-16 05:57:05.575829,1,1,1,11,62
2026-01-16 05:57:09.457112,1,1,1,12,62
2026-01-16 05:57:12.329426,1,1,1,12,62
2026-01-16 05:57:15.180771,1,1,2,12,62
2026-01-16 05:57:19.493093,1,1,1,12,62
2026-01-16 05:57:22.880253,1,1,1,12,62
2026-01-16 05:57:26.289514,1,1,1,12,62
2026-01-16 05:57:29.131162,1,1,1,12,62
2026-01-16 05:57:33.383803,1,1,2,12,62
2026-01-16 05:57:35.979312,1,1,1,12,62
2026-01-16 05:57:39.153668,1,1,1,12,62
2026-01-16 05:57:42.577919,1,1,1,12,62
2026-01-16 05:57:45.407640,1,1,2,12,62
2026-01-16 05:57:48.485023,1,1,1,12,62
2026-01-16 05:57:53.389764,1,2,1,12,62
2026-01-16 05:57:54.948604,1,1,1,12,62
2026-01-16 05:57:58.917172,1,1,1,12,62
2026-01-16 05:58:03.336097,1,1,1,12,62
2026-01-16 05:58:06.597628,1,2,1,12,62
2026-01-16 05:58:09.395731,1,1,1,12,62
2026-01-16 05:58:12.332110,1,1,2,11,62
2026-01-16 05:58:15.199634,1,1,1,11,62
2026-01-16 05:58:19.508188,1,1,1,11,62
2026-01-16 05:58:23.903391,1,1,2,11,62
2026-01-16 05:58:26.696637,1,1,1,12,62
2026-01-16 05:58:29.539959,1,1,1,13,62
2026-01-16 05:58:33.425590,1,2,1,14,62
2026-01-16 05:58:37.837865,1,2,1,14,62
2026-01-16 05:58:39.179429,1,1,1,14,62
2026-01-16 05:58:42.027976,1,2,1,14,62
2026-01-16 05:58:44.943335,1,1,1,15,62
2026-01-16 05:58:47.878471,1,1,1,15,62
2026-01-16 05:58:50.630625,1,1,1,15,64
2026-01-16 05:58:54.392791,1,1,1,15,64
2026-01-16 05:58:57.797229,1,1,1,15,64
2026-01-16 05:59:01.188609,1,1,1,15,64
2026-01-16 05:59:04.075660,1,1,1,15,64
2026-01-16 05:59:06.911282,1,1,1,15,64
2026-01-16 05:59:09.780665,1,1,1,15,64
2026-01-16 05:59:14.092658,1,1,1,15,64
2026-01-16 05:59:17.867528,1,1,1,15,64
2026-01-16 05:59:20.828956,1,1,1,15,64
2026-01-16 05:59:23.579462,1,1,1,15,64
2026-01-16 05:59:27.496786,1,1,1,15,64
2026-01-16 05:59:30.382687,1,1,1,15,64
2026-01-16 05:59:33.231016,1,1,1,15,64
2026-01-16 05:59:37.031400,1,1,2,15,64
2026-01-16 05:59:40.912925,1,1,1,15,64
2026-01-16 05:59:44.492427,1,1,1,16,64
2026-01-16 05:59:47.155114,1,1,1,16,64
2026-01-16 05:59:50.040578,1,1,1,16,64
2026-01-16 05:59:53.916579,1,1,1,16,64
2026-01-16 05:59:57.201418,1,1,1,17,64
2026-01-16 06:00:01.081186,1,1,1,17,64
2026-01-16 06:00:03.884681,1,1,1,16,64
2026-01-16 06:00:06.726240,1,1,1,16,64
2026-01-16 06:00:10.637592,1,1,1,16,64
2026-01-16 06:00:13.461538,1,1,1,17,64
2026-01-16 06:00:16.849521,1,1,1,17,64
2026-01-16 06:00:20.744026,1,1,1,17,65
2026-01-16 06:00:23.979547,1,1,1,18,65
2026-01-16 06:00:27.398242,1,1,1,19,65
2026-01-16 06:00:30.173734,1,2,1,19,63
2026-01-16 06:00:34.054700,1,1,1,19,63
2026-01-16 06:00:37.037845,1,1,1,19,63
2026-01-16 06:00:39.788791,1,1,1,18,63
2026-01-16 06:00:42.656042,1,1,1,17,63
2026-01-16 06:00:45.533697,1,1,1,16,63
2026-01-16 06:00:48.388724,1,1,1,17,63
2026-01-16 06:00:51.182895,1,1,1,17,63
2026-01-16 06:00:55.575839,1,1,1,16,63
2026-01-16 06:00:58.937725,1,1,1,16,63
2026-01-16 06:01:02.420721,1,1,1,16,63
2026-01-16 06:01:05.693287,1,2,1,15,63
2026-01-16 06:01:08.657047,1,1,1,15,63
2026-01-16 06:01:11.435828,1,1,2,15,63
2026-01-16 06:01:14.692818,1,2,1,15,63
2026-01-16 06:01:17.542086,1,1,1,15,63
2026-01-16 06:01:21.566367,1,1,1,15,63
2026-01-16 06:01:24.934912,1,1,1,15,63
2026-01-16 06:01:27.825261,1,1,2,15,63
2026-01-16 06:01:31.603608,1,1,1,15,64
2026-01-16 06:01:35.495472,1,1,1,15,70
2026-01-16 06:01:38.256826,1,1,1,15,73
2026-01-16 06:01:41.155627,1,1,1,15,76
2026-01-16 06:01:44.936510,1,2,2,15,79
2026-01-16 06:01:47.904497,1,1,1,16,79
2026-01-16 06:01:50.650046,1,1,1,16,74
2026-01-16 06:01:54.539599,1,1,1,16,70
2026-01-16 06:01:57.827287,1,1,1,16,67
2026-01-16 06:02:02.327103,1,2,1,15,67
2026-01-16 06:02:05.130083,1,1,1,16,67
2026-01-16 06:02:08.979271,1,1,1,17,67
2026-01-16 06:02:11.844076,1,2,1,17,67
2026-01-16 06:02:14.724663,1,1,1,17,67
2026-01-16 06:02:18.501360,1,1,1,17,67
2026-01-16 06:02:22.596338,1,1,1,17,64
2026-01-16 06:02:25.876875,1,1,1,17,63
2026-01-16 06:02:28.637869,1,1,2,17,63
2026-01-16 06:02:31.647069,1,1,1,17,63
2026-01-16 06:02:34.986041,1,1,2,17,65
2026-01-16 06:02:38.639042,1,1,1,17,70
2026-01-16 06:02:42.461524,1,1,2,17,70
2026-01-16 06:02:45.839887,1,1,1,17,70
2026-01-16 06:02:50.140667,1,2,1,17,70
2026-01-16 06:02:54.545159,1,1,1,17,70
2026-01-16 06:02:57.515376,1,1,1,17,70
2026-01-16 06:03:02.452237,1,1,1,16,65
2026-01-16 06:03:06.013716,1,1,1,16,63
2026-01-16 06:03:08.634913,1,1,1,16,63
2026-01-16 06:03:12.566107,1,1,1,16,63
2026-01-16 06:03:15.842804,1,1,1,17,63
2026-01-16 06:03:19.642547,1,1,1,17,63
2026-01-16 06:03:24.035402,1,1,1,17,66
2026-01-16 06:03:26.903082,1,1,1,17,67
2026-01-16 06:03:29.675071,1,1,1,17,67
2026-01-16 06:03:33.538528,1,1,1,17,67
2026-01-16 06:03:36.527563,1,1,1,17,67
2026-01-16 06:03:39.292343,1,1,1,17,67
2026-01-16 06:03:43.185167,1,1,1,17,67
2026-01-16 06:03:46.152880,1,1,1,17,67
2026-01-16 06:03:48.830925,1,1,1,17,67
2026-01-16 06:03:52.706135,1,1,1,17,68
2026-01-16 06:03:55.588676,1,1,1,17,68
2026-01-16 06:03:58.953208,1,1,1,17,68
2026-01-16 06:04:02.337504,1,1,1,17,69
2026-01-16 06:04:05.088359,1,1,2,17,72
2026-01-16 06:04:09.091264,1,1,1,17,74
2026-01-16 06:04:11.958780,1,2,2,17,74
2026-01-16 06:04:14.727430,1,1,1,17,74
2026-01-16 06:04:18.543104,1,1,1,17,74
2026-01-16 06:04:23.536899,1,1,2,16,74
2026-01-16 06:04:26.909198,1,1,1,16,74
2026-01-16 06:04:29.677320,1,1,2,16,74
2026-01-16 06:04:33.679198,1,1,1,15,75
2026-01-16 06:04:36.637063,1,1,2,15,78
2026-01-16 06:04:39.305125,1,1,1,15,79
2026-01-16 06:04:42.687121,1,1,1,15,79
2026-01-16 06:04:45.653715,1,1,1,15,79
2026-01-16 06:04:48.515657,1,1,1,15,79
2026-01-16 06:04:51.282353,1,1,1,15,77
2026-01-16 06:04:55.180062,1,2,1,15,73
2026-01-16 06:04:58.960265,1,1,1,15,70
2026-01-16 06:05:02.278190,1,1,2,15,65
2026-01-16 06:05:05.206531,1,1,1,14,65
2026-01-16 06:05:09.027124,1,1,1,14,65
2026-01-16 06:05:11.984202,1,1,1,14,65
2026-01-16 06:05:14.729776,1,1,1,14,65
2026-01-16 06:05:18.655356,1,1,1,14,65
2026-01-16 06:05:21.488260,1,1,1,14,65
2026-01-16 06:05:24.355208,1,1,1,14,65
2026-01-16 06:05:28.131102,1,1,1,14,64
2026-01-16 06:05:31.041726,1,1,1,14,62
2026-01-16 06:05:33.889851,1,1,1,14,62
2026-01-16 06:05:37.974121,1,1,1,14,62
2026-01-16 06:05:40.745578,1,1,1,14,62
2026-01-16 06:05:44.527969,1,1,1,14,62
2026-01-16 06:05:47.292192,1,2,1,14,62
2026-01-16 06:05:50.159932,1,1,1,14,62
2026-01-16 06:05:54.025452,1,2,1,14,62
2026-01-16 06:05:57.941206,1,2,1,14,63
2026-01-16 06:06:02.355487,1,1,1,14,69
2026-01-16 06:06:05.530827,1,1,1,14,72
2026-01-16 06:06:08.489828,1,1,1,14,73
2026-01-16 06:06:11.254266,1,1,2,14,70
2026-01-16 06:06:15.160216,1,1,1,14,67
2026-01-16 06:06:18.044405,1,1,1,14,64
2026-01-16 06:06:20.776503,1,1,1,14,63
2026-01-16 06:06:24.566024,1,1,2,14,63
2026-01-16 06:06:27.954581,1,1,1,14,63
2026-01-16 06:06:31.749240,1,1,2,14,63
2026-01-16 06:06:36.252177,1,1,1,14,63
2026-01-16 06:06:39.433160,1,1,1,14,63
2026-01-16 06:06:42.185710,1,1,1,14,63
2026-01-16 06:06:45.148277,1,2,1,14,63
2026-01-16 06:06:48.020535,1,1,1,14,63
2026-01-16 06:06:50.882668,1,1,1,14,63
2026-01-16 06:06:54.678215,1,1,1,14,63
2026-01-16 06:06:57.949469,1,1,1,14,63
2026-01-16 06:07:00.729759,1,1,1,14,63
2026-01-16 06:07:03.801118,1,1,2,14,63
2026-01-16 06:07:06.554702,1,1,1,14,63
2026-01-16 06:07:09.425312,1,1,1,14,63
2026-01-16 06:07:13.213595,1,1,1,15,63
2026-01-16 06:07:17.201702,1,1,1,15,63
2026-01-16 06:07:20.783141,1,1,1,15,64
2026-01-16 06:07:24.677334,1,1,1,16,66
2026-01-16 06:07:27.886221,1,1,1,15,66
2026-01-16 06:07:31.738962,1,1,1,15,69
2026-01-16 06:07:36.082765,1,1,1,15,72
2026-01-16 06:07:39.438095,1,1,1,15,69
2026-01-16 06:07:43.413576,1,1,1,14,69
2026-01-16 06:07:46.303311,1,1,1,14,69
2026-01-16 06:07:49.672124,1,1,1,14,69
2026-01-16 06:07:52.424351,1,1,1,15,69
2026-01-16 06:07:55.231067,1,1,1,15,69
2026-01-16 06:07:58.162526,1,1,1,15,69
2026-01-16 06:08:03.038508,1,1,1,15,69
2026-01-16 06:08:06.569917,1,1,1,15,69
2026-01-16 06:08:09.437300,1,1,1,15,69
2026-01-16 06:08:13.268646,1,1,1,15,69
2026-01-16 06:08:17.227930,1,1,1,15,69
2026-01-16 06:08:21.437744,1,1,1,15,69
2026-01-16 06:08:25.397252,1,1,2,15,69
2026-01-16 06:08:28.295411,1,1,1,15,69
2026-01-16 06:08:31.134296,1,1,1,15,67
2026-01-16 06:08:33.998998,1,1,1,15,67
2026-01-16 06:08:38.232439,1,1,1,15,67
2026-01-16 06:08:42.189983,1,1,1,15,67
2026-01-16 06:08:45.081309,1,1,1,15,67
2026-01-16 06:08:47.833412,1,2,1,15,67
2026-01-16 06:08:51.714045,1,1,1,15,67
2026-01-16 06:08:54.696325,1,1,1,15,67
2026-01-16 06:08:57.448424,1,1,1,15,67
2026-01-16 06:09:01.239234,1,1,1,15,67
2026-01-16 06:09:04.225307,1,1,1,15,67
2026-01-16 06:09:08.608921,1,1,1,16,67
2026-01-16 06:09:11.476904,1,1,1,16,67
2026-01-16 06:09:14.344410,1,1,1,17,67
2026-01-16 06:09:17.603708,1,1,1,17,67
2026-01-16 06:09:21.101563,1,1,2,17,67
2026-01-16 06:09:24.484653,1,1,1,17,67
2026-01-16 06:09:28.382325,1,2,1,17,67
2026-01-16 06:09:31.648422,1,1,1,17,67
2026-01-16 06:09:34.529129,1,1,1,17,68
2026-01-16 06:09:37.282637,1,1,1,17,71
2026-01-16 06:09:40.360504,1,1,1,17,74
2026-01-16 06:09:44.670098,1,1,1,19,71
2026-01-16 06:09:48.584742,1,1,1,19,70
2026-01-16 06:09:51.317698,1,1,1,20,70
2026-01-16 06:09:54.186400,1,1,2,20,70
2026-01-16 06:09:57.043726,1,1,1,20,68
2026-01-16 06:10:00.937223,1,1,1,20,65
2026-01-16 06:10:03.803661,1,1,1,21,65
2026-01-16 06:10:07.528357,1,1,1,21,65
2026-01-16 06:10:10.583219,1,1,1,21,66
2026-01-16 06:10:13.277363,1,1,1,21,69
2026-01-16 06:10:16.210510,1,1,1,21,69
2026-01-16 06:10:21.107653,1,1,1,22,68
2026-01-16 06:10:24.082505,1,1,3,22,66
2026-01-16 06:10:26.842980,1,2,3,21,66
2026-01-16 06:10:30.836085,1,1,1,20,66
2026-01-16 06:10:34.009915,1,1,1,19,66
2026-01-16 06:10:37.492467,1,1,1,19,66
2026-01-16 06:10:40.881983,1,1,1,19,66
2026-01-16 06:10:43.729180,1,1,1,19,66
2026-01-16 06:10:47.120149,1,1,1,19,66
2026-01-16 06:10:50.929196,1,1,1,19,66
2026-01-16 06:10:54.798904,1,1,1,19,66
2026-01-16 06:10:57.673309,1,1,1,18,66
2026-01-16 06:11:01.044721,1,1,1,18,66
2026-01-16 06:11:05.882280,1,1,1,18,67
2026-01-16 06:11:09.235481,1,1,1,18,67
2026-01-16 06:11:12.103586,1,1,2,18,67
2026-01-16 06:11:14.980148,1,1,1,18,67
2026-01-16 06:11:19.532998,1,1,2,18,67
2026-01-16 06:11:22.735986,1,1,1,18,67
2026-01-16 06:11:26.643859,1,1,1,18,67
2026-01-16 06:11:29.511402,1,1,2,18,67
2026-01-16 06:11:32.320958,1,1,1,18,67
2026-01-16 06:11:36.186227,1,1,1,18,67
2026-01-16 06:11:39.033046,1,1,1,18,67
2026-01-16 06:11:41.901766,1,1,1,17,68
2026-01-16 06:11:45.792736,1,1,2,17,68
2026-01-16 06:11:48.765955,1,1,1,17,68
2026-01-16 06:11:51.527557,1,1,1,17,70
2026-01-16 06:11:55.434470,1,1,1,17,73
2026-01-16 06:11:58.285588,1,1,1,17,76
2026-01-16 06:12:01.057876,1,1,1,17,78
2026-01-16 06:12:04.983913,1,1,1,17,75
2026-01-16 06:12:07.828399,1,2,1,17,72
2026-01-16 06:12:11.187915,1,1,1,17,72
2026-01-16 06:12:14.986973,1,1,1,18,72
2026-01-16 06:12:18.693575,1,1,1,18,72
2026-01-16 06:12:22.123303,1,1,1,19,74
2026-01-16 06:12:25.830801,1,1,1,20,77
2026-01-16 06:12:30.336561,1,2,1,21,83
2026-01-16 06:12:33.510928,1,1,1,21,86
2026-01-16 06:12:37.811879,1,1,2,20,89
2026-01-16 06:12:42.230245,1,1,1,21,87
2026-01-16 06:12:45.593174,1,1,1,22,87
2026-01-16 06:12:48.461372,1,1,1,23,87
2026-01-16 06:12:51.330579,1,1,1,23,87
2026-01-16 06:12:54.210624,1,1,1,24,87
2026-01-16 06:12:57.585271,1,1,1,24,87
2026-01-16 06:13:00.953458,1,1,1,25,87
2026-01-16 06:13:03.928115,1,1,1,22,86
2026-01-16 06:13:06.885063,1,1,1,20,82
2026-01-16 06:13:09.568400,1,1,1,20,79
2026-01-16 06:13:13.801518,1,1,1,17,76
2026-01-16 06:13:18.230252,1,1,1,17,72
2026-01-16 06:13:21.136885,1,1,1,16,72
2026-01-16 06:13:23.889715,1,1,1,16,72
2026-01-16 06:13:27.883758,1,1,1,15,72
2026-01-16 06:13:30.750174,1,1,1,15,72
2026-01-16 06:13:33.512925,1,1,1,15,72
2026-01-16 06:13:36.895258,1,2,1,15,72
2026-01-16 06:13:39.864679,1,1,1,15,72
2026-01-16 06:13:42.731030,1,1,1,14,72
2026-01-16 06:13:45.612033,1,1,1,14,72
2026-01-16 06:13:49.310489,1,1,2,14,72
2026-01-16 06:13:53.193421,1,1,1,14,72
2026-01-16 06:13:56.682565,1,1,1,14,72
2026-01-16 06:14:00.183325,1,1,1,14,72
2026-01-16 06:14:03.833703,1,1,1,14,69
2026-01-16 06:14:06.800334,1,1,1,14,68
2026-01-16 06:14:09.566293,1,1,1,14,71
2026-01-16 06:14:13.328624,1,1,1,14,74
2026-01-16 06:14:16.330909,1,1,1,14,73
2026-01-16 06:14:20.729291,1,1,1,16,75
2026-01-16 06:14:23.589172,1,1,1,18,78
2026-01-16 06:14:26.457395,1,1,1,19,81
2026-01-16 06:14:30.247306,1,1,1,20,84
2026-01-16 06:14:33.630101,1,2,1,21,86
2026-01-16 06:14:36.996905,1,1,1,22,86
2026-01-16 06:14:39.814497,1,1,1,24,86
2026-01-16 06:14:42.737829,1,1,1,24,86
2026-01-16 06:14:45.546993,1,1,1,24,86
2026-01-16 06:14:49.394250,1,1,13,25,86
2026-01-16 06:14:53.280161,1,2,6,25,86
2026-01-16 06:14:56.575488,1,2,18,25,86
2026-01-16 06:14:59.941047,1,2,16,25,86
2026-01-16 06:15:03.879122,1,2,10,25,86
2026-01-16 06:15:06.803315,1,2,2,25,86
2026-01-16 06:15:09.578999,1,2,4,25,86
2026-01-16 06:15:13.383240,1,2,5,24,86
2026-01-16 06:15:17.246499,1,2,7,21,86
2026-01-16 06:15:21.239698,1,1,6,19,84
2026-01-16 06:15:24.218935,1,2,2,18,84
2026-01-16 06:15:26.983836,1,2,3,17,84
2026-01-16 06:15:30.810222,1,1,1,16,84
2026-01-16 06:15:34.141896,1,2,1,15,84
2026-01-16 06:15:37.930856,1,2,1,14,80
2026-01-16 06:15:40.835700,1,2,5,13,79
2026-01-16 06:15:44.791545,1,1,2,13,79
2026-01-16 06:15:47.677629,1,1,1,12,78
2026-01-16 06:15:50.534506,1,2,8,12,78
2026-01-16 06:15:54.318516,1,1,1,12,75
2026-01-16 06:15:57.831893,1,1,1,12,72
2026-01-16 06:16:01.096947,1,2,2,12,69
2026-01-16 06:16:04.964639,1,2,2,12,69
2026-01-16 06:16:07.933766,1,2,1,12,69
2026-01-16 06:16:11.318107,1,2,2,12,69
2026-01-16 06:16:14.998650,1,2,3,12,69
2026-01-16 06:16:20.123821,1,2,5,13,69
2026-01-16 06:16:24.578818,1,2,1,13,72
2026-01-16 06:16:27.392113,1,1,1,13,75
2026-01-16 06:16:30.310736,1,2,2,13,78
2026-01-16 06:16:33.027381,1,1,3,13,79
2026-01-16 06:16:36.928237,1,1,4,13,76
2026-01-16 06:16:40.911357,1,1,6,13,72
2026-01-16 06:16:44.183507,1,1,1,13,70
2026-01-16 06:16:46.980604,1,2,10,13,70
2026-01-16 06:16:49.931476,1,2,3,13,73
2026-01-16 06:16:53.274853,1,2,13,13,76
2026-01-16 06:16:57.085459,1,2,3,13,82
2026-01-16 06:16:59.951961,1,2,1,13,81
2026-01-16 06:17:02.832155,1,2,7,14,78
2026-01-16 06:17:05.589838,1,1,1,14,77
2026-01-16 06:17:08.440969,1,2,4,14,76
2026-01-16 06:17:12.350174,1,1,1,14,73
2026-01-16 06:17:15.635521,1,2,4,14,70
2026-01-16 06:17:18.639071,1,2,19,14,69
2026-01-16 06:17:21.377257,1,2,3,14,69
2026-01-16 06:17:24.235932,1,2,3,14,69
2026-01-16 06:17:27.093336,1,2,1,15,69
2026-01-16 06:17:30.890739,1,2,1,15,69
2026-01-16 06:17:34.257533,1,1,1,16,69
2026-01-16 06:17:37.585197,1,2,2,16,69
2026-01-16 06:17:40.503197,1,2,3,16,69
2026-01-16 06:17:43.481567,1,1,1,16,69
2026-01-16 06:17:47.370599,1,2,2,15,69
2026-01-16 06:17:51.066053,1,2,2,14,69
2026-01-16 06:17:54.941840,1,2,2,13,69
2026-01-16 06:17:57.808779,1,2,1,12,69
2026-01-16 06:18:00.734646,1,2,4,12,69
2026-01-16 06:18:04.591052,1,2,7,11,69
2026-01-16 06:18:07.850183,1,1,1,11,69
2026-01-16 06:18:11.228839,1,2,1,11,69
2026-01-16 06:18:14.090027,1,1,2,11,69
2026-01-16 06:18:17.347908,1,1,1,11,69
2026-01-16 06:18:21.363463,1,2,6,11,69
2026-01-16 06:18:24.125993,1,2,2,11,69
2026-01-16 06:18:28.017806,1,1,2,11,69
2026-01-16 06:18:30.887893,1,1,4,12,69
2026-01-16 06:18:35.493385,1,2,1,12,69
2026-01-16 06:18:38.260370,1,1,1,12,69
2026-01-16 06:18:41.131628,1,2,3,13,69
2026-01-16 06:18:43.990692,1,1,3,13,69
2026-01-16 06:18:47.379797,1,1,6,13,69
2026-01-16 06:18:51.158248,1,1,3,13,70
2026-01-16 06:18:54.049215,1,2,1,13,70
2026-01-16 06:18:57.929605,1,2,5,13,70
2026-01-16 06:19:01.194171,1,1,2,13,70
2026-01-16 06:19:03.958825,1,2,1,13,70
2026-01-16 06:19:06.929216,1,2,1,13,71
2026-01-16 06:19:09.693344,1,2,1,13,71
2026-01-16 06:19:13.087693,1,2,5,13,71
2026-01-16 06:19:15.956142,1,1,3,13,71
2026-01-16 06:19:18.909693,1,2,1,13,71
2026-01-16 06:19:21.683815,1,1,1,13,71
2026-01-16 06:19:25.982595,1,2,2,12,68
2026-01-16 06:19:29.353695,1,1,2,12,65
2026-01-16 06:19:32.685885,1,1,1,12,62
2026-01-16 06:19:35.599498,1,2,3,12,62
2026-01-16 06:19:39.494001,1,1,1,12,64
2026-01-16 06:19:42.273973,1,1,1,12,65
2026-01-16 06:19:45.131492,1,2,2,12,65
2026-01-16 06:19:49.124189,1,2,1,12,63
2026-01-16 06:19:51.882485,1,1,4,12,63
2026-01-16 06:19:54.763034,1,2,1,12,63
2026-01-16 06:19:58.638668,1,2,3,12,63
2026-01-16 06:20:01.545763,1,1,1,12,63
2026-01-16 06:20:04.271976,1,2,4,12,63
2026-01-16 06:20:09.047492,1,2,2,12,63
2026-01-16 06:20:11.951860,1,1,3,12,63
2026-01-16 06:20:15.028525,1,2,1,12,63
2026-01-16 06:20:17.746738,1,2,3,12,63
2026-01-16 06:20:20.655409,1,1,1,12,63
2026-01-16 06:20:23.961209,1,2,1,12,63
2026-01-16 06:20:26.929325,1,1,2,12,63
2026-01-16 06:20:29.563450,1,1,1,12,63
2026-01-16 06:20:33.454635,1,2,3,12,63
2026-01-16 06:20:36.434625,1,2,2,12,63
2026-01-16 06:20:39.089192,1,2,1,12,63
2026-01-16 06:20:42.984800,1,2,4,11,63
2026-01-16 06:20:46.369844,1,2,6,11,63
2026-01-16 06:20:50.249162,1,1,3,11,63
2026-01-16 06:20:53.833884,1,2,3,11,63
2026-01-16 06:20:56.596581,1,2,1,11,63
2026-01-16 06:21:00.506592,1,1,1,11,63
2026-01-16 06:21:03.782972,1,1,1,11,63
2026-01-16 06:21:08.067316,1,2,1,13,63
2026-01-16 06:21:12.039468,1,1,3,13,65
2026-01-16 06:21:15.952617,1,2,2,13,68
2026-01-16 06:21:18.716290,1,2,2,13,71
2026-01-16 06:21:22.606179,1,1,1,13,74
2026-01-16 06:21:26.008689,1,2,3,14,77
2026-01-16 06:21:30.242474,1,2,3,14,76
2026-01-16 06:21:34.590713,1,1,2,14,72
2026-01-16 06:21:37.586347,1,1,1,14,69
2026-01-16 06:21:40.833790,1,2,3,13,66
2026-01-16 06:21:43.714424,1,1,1,13,63
2026-01-16 06:21:46.923638,1,2,1,12,62
2026-01-16 06:21:51.285652,1,1,1,12,62
2026-01-16 06:21:55.803559,1,1,4,11,62
2026-01-16 06:21:58.656731,1,2,4,11,62
2026-01-16 06:22:01.533129,1,2,2,11,62
2026-01-16 06:22:04.298530,1,1,1,11,62
2026-01-16 06:22:08.178644,1,2,4,11,62
2026-01-16 06:22:11.048100,1,2,1,11,62
2026-01-16 06:22:14.906686,1,1,3,11,65
2026-01-16 06:22:17.726085,1,2,3,11,68
2026-01-16 06:22:20.682113,1,1,1,11,69
2026-01-16 06:22:24.464713,1,2,2,11,72
2026-01-16 06:22:27.835554,1,1,3,11,75
2026-01-16 06:22:30.702887,1,1,2,11,78
2026-01-16 06:22:33.473279,1,1,2,11,81
2026-01-16 06:22:36.334868,1,2,2,11,83
2026-01-16 06:22:39.190398,1,1,1,11,83
2026-01-16 06:22:42.594909,1,2,2,11,83
2026-01-16 06:22:45.448351,1,1,1,11,82
2026-01-16 06:22:48.735316,1,1,1,11,79
2026-01-16 06:22:52.660457,1,2,4,11,79
2026-01-16 06:22:55.591335,1,2,2,11,79
2026-01-16 06:22:58.351696,1,1,1,11,79
2026-01-16 06:23:02.147892,1,2,2,11,79
2026-01-16 06:23:05.621215,1,2,2,11,79
2026-01-16 06:23:09.529082,1,2,4,11,79
2026-01-16 06:23:12.394951,1,1,2,11,79
2026-01-16 06:23:15.245630,1,2,1,11,79
2026-01-16 06:23:19.034282,1,2,2,11,79
2026-01-16 06:23:22.421412,1,1,4,11,79
2026-01-16 06:23:26.228470,1,1,1,11,79
2026-01-16 06:23:29.070284,1,2,4,11,79
2026-01-16 06:23:32.961682,1,1,3,11,77
2026-01-16 06:23:35.756122,1,1,1,11,74
2026-01-16 06:23:38.695914,1,2,5,11,73
2026-01-16 06:23:42.488868,1,2,2,11,73
2026-01-16 06:23:45.341697,1,1,1,11,73
2026-01-16 06:23:48.218758,1,2,3,11,73
2026-01-16 06:23:52.744517,1,1,2,11,69
2026-01-16 06:23:55.596547,1,1,1,11,66
2026-01-16 06:23:58.356383,1,1,1,11,63
2026-01-16 06:24:02.664294,1,2,3,11,62
2026-01-16 06:24:07.075022,1,2,4,11,62
2026-01-16 06:24:10.034886,1,2,11,11,62
2026-01-16 06:24:12.896523,1,2,11,11,64
2026-01-16 06:24:16.788342,1,2,25,11,65
2026-01-16 06:24:19.553438,1,2,13,11,65
2026-01-16 06:24:24.571143,1,2,1,11,65
2026-01-16 06:24:27.472528,1,1,1,11,65
2026-01-16 06:24:30.214666,1,1,3,11,67
2026-01-16 06:24:34.108649,1,1,2,11,70
2026-01-16 06:24:37.076905,1,1,1,11,72
2026-01-16 06:24:39.829263,1,2,4,11,72
2026-01-16 06:24:43.309156,1,1,1,11,72
2026-01-16 06:24:46.591166,1,1,2,11,71
2026-01-16 06:24:49.368802,1,2,3,11,70
2026-01-16 06:24:54.174782,1,2,5,11,70
2026-01-16 06:24:57.645554,1,1,1,11,70
2026-01-16 06:25:00.429796,1,2,2,14,70
2026-01-16 06:25:03.278203,1,2,3,15,70
2026-01-16 06:25:07.081063,1,1,1,14,73
2026-01-16 06:25:10.343230,1,2,1,13,74
2026-01-16 06:25:14.758217,1,2,2,12,74
2026-01-16 06:25:18.537859,1,1,1,12,74
2026-01-16 06:25:21.914412,1,1,1,12,75
2026-01-16 06:25:24.697043,1,2,1,12,75
2026-01-16 06:25:27.546632,1,2,3,12,75
2026-01-16 06:25:30.414291,1,1,1,12,78
2026-01-16 06:25:33.282003,1,2,1,12,79
2026-01-16 06:25:37.172059,1,2,1,12,79
2026-01-16 06:25:40.447932,1,1,1,12,79
2026-01-16 06:25:43.319690,1,1,2,12,79
2026-01-16 06:25:46.206684,1,1,1,12,79
2026-01-16 06:25:49.004232,1,2,1,12,82
2026-01-16 06:25:52.042978,1,2,2,12,82
2026-01-16 06:25:55.706543,1,1,1,12,82
2026-01-16 06:25:59.502046,1,1,1,12,78
2026-01-16 06:26:02.887232,1,1,5,12,72
2026-01-16 06:26:05.745351,1,1,1,11,70
2026-01-16 06:26:09.636909,1,2,1,11,70
2026-01-16 06:26:12.528378,1,1,2,11,70
2026-01-16 06:26:15.281742,1,1,1,11,70
2026-01-16 06:26:19.181522,1,2,1,11,70
2026-01-16 06:26:22.027715,1,1,4,11,70
2026-01-16 06:26:24.898627,1,1,1,11,70
2026-01-16 06:26:28.684561,1,1,1,11,70
2026-01-16 06:26:31.647960,1,1,1,11,67
2026-01-16 06:26:34.387359,1,1,1,11,67
2026-01-16 06:26:38.406732,1,2,1,11,67
2026-01-16 06:26:41.186905,1,1,1,11,66
2026-01-16 06:26:45.062735,1,2,1,11,65
2026-01-16 06:26:48.348285,1,1,1,11,65
2026-01-16 06:26:51.207077,1,1,1,11,64
2026-01-16 06:26:54.084138,1,1,4,12,64
2026-01-16 06:26:56.944748,1,2,1,15,64
2026-01-16 06:27:01.247135,1,2,1,15,62
2026-01-16 06:27:04.221178,1,1,1,17,62
2026-01-16 06:27:07.693692,1,1,1,18,62
2026-01-16 06:27:10.583306,1,1,1,19,62
2026-01-16 06:27:14.348213,1,2,1,20,62
2026-01-16 06:27:18.650592,1,1,1,21,65
2026-01-16 06:27:21.546272,1,2,2,22,68
2026-01-16 06:27:24.385256,1,2,1,23,71
2026-01-16 06:27:28.156052,1,1,1,23,74
2026-01-16 06:27:31.245433,1,2,1,20,77
2026-01-16 06:27:33.918613,1,1,1,20,79
2026-01-16 06:27:37.915903,1,2,3,17,74
2026-01-16 06:27:40.674472,1,2,2,17,71
2026-01-16 06:27:44.056723,1,1,1,16,74
2026-01-16 06:27:47.165284,1,1,2,16,75
2026-01-16 06:27:50.099385,1,1,3,16,74
2026-01-16 06:27:53.382880,1,2,1,15,71
2026-01-16 06:27:56.212247,1,1,2,15,71
2026-01-16 06:28:00.637491,1,1,1,15,71
2026-01-16 06:28:03.538854,1,2,2,15,71
2026-01-16 06:28:06.370095,1,1,2,15,71
2026-01-16 06:28:10.311857,1,2,1,14,71
2026-01-16 06:28:13.129911,1,2,2,13,71
2026-01-16 06:28:15.892926,1,1,1,13,71
2026-01-16 06:28:18.758839,1,2,1,12,68
2026-01-16 06:28:22.854697,1,1,3,11,65
2026-01-16 06:28:25.533962,1,1,1,11,64
2026-01-16 06:28:29.307229,1,1,3,11,64
2026-01-16 06:28:32.197452,1,1,1,11,64
2026-01-16 06:28:37.192369,1,2,1,11,64
2026-01-16 06:28:40.178320,1,2,1,11,64
2026-01-16 06:28:42.947265,1,2,1,11,66
2026-01-16 06:28:46.827462,1,2,4,11,69
2026-01-16 06:28:49.791563,1,1,1,11,72
2026-01-16 06:28:52.552558,1,2,2,11,70
2026-01-16 06:28:56.342156,1,2,2,12,67
2026-01-16 06:28:59.186361,1,1,1,13,64
2026-01-16 06:29:03.101551,1,2,1,13,62
2026-01-16 06:29:05.980364,1,2,1,13,65
2026-01-16 06:29:08.835626,1,2,6,13,67
2026-01-16 06:29:12.633019,1,2,1,13,70
2026-01-16 06:29:16.636635,1,2,2,13,72
2026-01-16 06:29:19.488664,1,1,2,13,72
2026-01-16 06:29:23.379773,1,1,2,13,70
2026-01-16 06:29:26.757476,1,1,1,13,70
2026-01-16 06:29:29.653286,1,2,3,13,70
2026-01-16 06:29:32.340096,1,2,1,13,70
2026-01-16 06:29:35.358249,1,2,2,12,70
2026-01-16 06:29:39.263933,1,1,1,12,70
2026-01-16 06:29:42.506781,1,1,1,12,70
2026-01-16 06:29:45.397355,1,2,1,13,70
2026-01-16 06:29:48.772922,1,1,1,14,70
2026-01-16 06:29:51.643402,1,1,1,13,70
2026-01-16 06:29:54.403873,1,1,1,13,70
2026-01-16 06:29:58.347893,1,2,3,18,70
2026-01-16 06:30:01.163542,1,2,1,19,70
2026-01-16 06:30:04.136495,1,2,2,19,70
2026-01-16 06:30:08.022339,1,2,2,20,73
2026-01-16 06:30:11.200364,1,2,2,19,76
2026-01-16 06:30:14.987530,1,2,3,18,77
2026-01-16 06:30:17.785033,1,2,2,17,77
2026-01-16 06:30:21.747501,1,1,1,16,78
2026-01-16 06:30:24.632833,1,2,5,16,78
2026-01-16 06:30:27.484995,1,2,25,15,78
2026-01-16 06:30:30.253544,1,2,16,15,78
2026-01-16 06:30:33.741805,1,2,3,23,108
2026-01-16 06:30:36.609156,1,1,1,24,111
2026-01-16 06:30:39.359888,1,1,1,23,114
2026-01-16 06:30:43.210339,1,1,1,23,117
2026-01-16 06:30:46.645782,1,1,2,23,120
2026-01-16 06:30:50.846850,1,1,1,22,114
2026-01-16 06:30:53.693269,1,1,1,20,108
2026-01-16 06:30:56.570448,1,2,1,18,102
2026-01-16 06:30:59.434572,1,1,1,17,102
2026-01-16 06:31:02.248267,1,1,1,17,96
2026-01-16 06:31:05.675485,1,1,1,16,90
2026-01-16 06:31:09.379747,1,1,1,16,82
2026-01-16 06:31:13.424577,1,1,1,15,79
2026-01-16 06:31:16.333565,1,1,1,14,76
2026-01-16 06:31:19.203403,1,1,1,13,76
2026-01-16 06:31:22.059166,1,1,1,13,77
2026-01-16 06:31:25.846755,1,1,1,13,77
2026-01-16 06:31:29.645565,1,1,1,12,77
2026-01-16 06:31:32.983300,1,1,1,12,77
2026-01-16 06:31:35.897896,1,1,1,12,77
2026-01-16 06:31:39.729006,1,1,1,12,77
2026-01-16 06:31:42.641077,1,1,1,12,77
2026-01-16 06:31:45.517250,1,1,1,12,77
2026-01-16 06:31:49.384307,1,1,1,12,77
2026-01-16 06:31:52.277785,1,1,1,12,77
2026-01-16 06:31:55.543417,1,1,1,12,75
2026-01-16 06:31:59.433642,1,1,2,12,71
2026-01-16 06:32:02.302129,1,1,1,12,70
2026-01-16 06:32:05.680896,1,1,1,12,68
2026-01-16 06:32:09.469217,1,1,1,12,65
2026-01-16 06:32:13.257051,1,1,3,12,65
2026-01-16 06:32:16.168728,1,1,1,12,65
2026-01-16 06:32:18.992637,1,1,1,12,68
2026-01-16 06:32:22.884558,1,2,1,12,71
2026-01-16 06:32:25.744951,1,1,1,12,68
2026-01-16 06:32:28.631808,1,1,1,12,67
2026-01-16 06:32:32.358536,1,1,1,12,67
2026-01-16 06:32:35.377604,1,1,1,12,67
2026-01-16 06:32:38.653758,1,1,1,12,67
2026-01-16 06:32:41.426881,1,1,1,12,67
2026-01-16 06:32:44.392009,1,1,1,12,67
2026-01-16 06:32:47.875872,1,1,1,12,67
2026-01-16 06:32:51.146752,1,1,1,12,67
2026-01-16 06:32:53.831588,1,1,1,12,67
2026-01-16 06:32:57.792647,1,1,1,12,67
2026-01-16 06:33:00.685547,1,1,1,12,67
2026-01-16 06:33:03.438571,1,1,1,12,67
2026-01-16 06:33:07.337662,1,1,1,12,67
2026-01-16 06:33:10.193942,1,1,1,12,67
2026-01-16 06:33:13.171209,1,1,1,12,67
2026-01-16 06:33:16.951148,1,1,1,12,67
2026-01-16 06:33:19.832274,1,1,1,12,67
2026-01-16 06:33:22.582185,1,1,1,12,66
2026-01-16 06:33:26.387731,1,1,1,12,66
2026-01-16 06:33:30.394663,1,2,1,12,66
2026-01-16 06:33:33.232953,1,1,1,12,66
2026-01-16 06:33:36.100174,1,1,1,12,66
2026-01-16 06:33:38.983572,1,1,1,12,66
2026-01-16 06:33:42.755215,1,1,1,13,67
2026-01-16 06:33:47.801817,1,1,1,15,70
2026-01-16 06:33:51.050232,1,1,1,17,76
2026-01-16 06:33:53.860681,1,1,1,17,79
2026-01-16 06:33:57.808921,1,1,1,16,78
2026-01-16 06:34:00.792573,1,1,1,15,75
2026-01-16 06:34:03.541850,1,1,1,15,72
2026-01-16 06:34:07.321925,1,1,1,14,71
2026-01-16 06:34:10.305943,1,1,1,16,71
2026-01-16 06:34:13.073359,1,1,1,16,71
2026-01-16 06:34:16.969756,1,1,1,18,72
2026-01-16 06:34:19.833372,1,1,1,19,75
2026-01-16 06:34:22.694341,1,1,1,20,78
2026-01-16 06:34:26.079306,1,1,1,21,79
2026-01-16 06:34:28.900265,1,1,1,21,79
2026-01-16 06:34:31.906576,1,1,1,22,79
2026-01-16 06:34:34.681248,1,1,1,22,79
2026-01-16 06:34:38.471239,1,1,1,23,79
2026-01-16 06:34:42.881928,1,1,1,23,79
2026-01-16 06:34:45.731473,1,1,1,23,79
2026-01-16 06:34:48.499436,1,1,1,24,81
2026-01-16 06:34:51.882469,1,1,1,24,82
2026-01-16 06:34:54.844275,1,1,1,24,82
2026-01-16 06:34:57.506672,1,1,1,24,82
2026-01-16 06:35:01.420482,1,1,1,25,82
2026-01-16 06:35:04.376158,1,1,1,18,82
2026-01-16 06:35:07.661249,1,1,1,16,82
2026-01-16 06:35:11.502655,1,1,1,14,82
2026-01-16 06:35:14.354451,1,2,11,13,82
2026-01-16 06:35:17.790959,1,2,42,13,82
2026-01-16 06:35:21.589497,1,2,17,14,82
2026-01-16 06:35:25.373179,1,2,4,14,82
2026-01-16 06:35:28.239738,1,2,1,16,83
2026-01-16 06:35:31.550392,1,2,6,16,83
2026-01-16 06:35:34.370902,1,2,3,16,83
2026-01-16 06:35:38.281534,1,2,7,16,83
2026-01-16 06:35:41.149396,1,1,1,16,83
2026-01-16 06:35:44.512671,1,2,2,16,81
2026-01-16 06:35:47.885194,1,2,7,16,79
2026-01-16 06:35:50.755182,1,1,1,15,79
2026-01-16 06:35:53.635047,1,2,10,15,79
2026-01-16 06:35:56.413517,1,1,5,14,79
2026-01-16 06:35:59.782548,1,2,1,14,79
2026-01-16 06:36:03.146162,1,2,6,14,74
2026-01-16 06:36:06.118967,1,1,1,14,70
2026-01-16 06:36:09.915032,1,2,3,13,67
2026-01-16 06:36:12.779380,1,1,1,12,64
2026-01-16 06:36:15.643687,1,2,8,12,62
2026-01-16 06:36:19.438506,1,1,1,12,62
2026-01-16 06:36:22.704906,1,2,2,11,65
2026-01-16 06:36:26.493165,1,2,3,11,68
2026-01-16 06:36:29.382798,1,2,1,11,71
2026-01-16 06:36:33.350466,1,2,8,12,69
2026-01-16 06:36:36.130756,1,1,12,11,67
2026-01-16 06:36:38.986216,1,2,4,11,67
2026-01-16 06:36:43.417501,1,2,4,11,67
2026-01-16 06:36:46.358806,1,2,5,11,67
2026-01-16 06:36:49.226925,1,2,2,11,67
2026-01-16 06:36:53.113800,1,2,3,11,67
2026-01-16 06:36:55.887347,1,2,2,11,66
2026-01-16 06:36:58.757982,1,1,1,11,66
2026-01-16 06:37:03.087483,1,2,8,11,66
2026-01-16 06:37:06.634191,1,2,4,11,66
2026-01-16 06:37:10.328563,1,2,2,11,66
2026-01-16 06:37:13.184870,1,1,2,11,66
