Timestamp,Presence,Movement,MovingRange,BreathingRate,HeartRate
2026-01-24 00:51:17.514935,1,1,1,0,0
2026-01-24 00:51:20.344216,1,2,14,0,0
2026-01-24 00:51:24.160116,1,2,6,0,0
2026-01-24 00:51:27.599547,1,1,1,0,0
2026-01-24 00:51:31.499566,1,2,66,0,0
2026-01-24 00:51:34.308652,1,2,44,0,0
2026-01-24 00:51:39.171346,1,2,24,23,111
2026-01-24 00:51:42.078591,1,2,6,23,114
2026-01-24 00:51:45.440637,1,2,6,23,117
2026-01-24 00:51:49.195619,1,2,7,24,123
2026-01-24 00:51:52.797852,1,2,5,24,126
2026-01-24 00:51:55.528645,1,2,10,24,125
2026-01-24 00:51:58.437975,1,2,11,23,119
2026-01-24 00:52:01.290195,1,2,1,22,113
2026-01-24 00:52:05.103725,1,2,3,21,107
2026-01-24 00:52:08.458253,1,2,3,19,101
2026-01-24 00:52:12.355017,1,2,9,19,96
2026-01-24 00:52:16.126539,1,2,3,18,90
2026-01-24 00:52:19.536554,1,2,2,18,88
2026-01-24 00:52:22.397318,1,2,2,18,88
2026-01-24 00:52:25.353626,1,2,3,18,88
2026-01-24 00:52:28.640562,1,1,2,18,88
2026-01-24 00:52:32.372055,1,1,1,18,88
2026-01-24 00:52:35.220670,1,2,3,18,88
2026-01-24 00:52:38.358640,1,2,3,18,88
2026-01-24 00:52:40.999821,1,2,2,18,88
2026-01-24 00:52:43.888453,1,2,7,18,88
2026-01-24 00:52:47.676276,1,2,4,18,88
2026-01-24 00:52:51.476235,1,2,2,18,88
2026-01-24 00:52:55.049616,1,2,2,18,88
2026-01-24 00:52:57.795419,1,2,2,18,88
2026-01-24 00:53:00.710136,1,2,5,18,88
2026-01-24 00:53:04.514913,1,2,4,18,88
2026-01-24 00:53:07.849492,1,2,1,18,88
2026-01-24 00:53:11.740193,1,2,1,18,88
2026-01-24 00:53:14.573341,1,1,3,18,88
2026-01-24 00:53:17.372789,1,2,1,18,88
2026-01-24 00:53:22.205560,1,1,7,18,88
2026-01-24 00:53:25.698396,1,2,2,18,88
2026-01-24 00:53:28.438445,1,2,1,18,88
2026-01-24 00:53:31.242236,1,2,5,18,88
2026-01-24 00:53:35.052354,1,2,2,18,88
2026-01-24 00:53:38.467118,1,2,11,18,88
2026-01-24 00:53:42.358349,1,2,10,18,86
2026-01-24 00:53:46.556664,1,2,10,18,80
2026-01-24 00:53:50.140469,1,2,12,18,78
2026-01-24 00:53:53.724640,1,2,3,18,78
2026-01-24 00:53:56.591765,1,2,2,18,78
2026-01-24 00:53:59.457549,1,2,9,18,78
2026-01-24 00:54:03.350301,1,2,2,18,78
2026-01-24 00:54:06.217448,1,2,3,18,78
2026-01-24 00:54:09.801780,1,2,12,18,77
2026-01-24 00:54:13.288225,1,2,6,18,72
2026-01-24 00:54:17.891638,1,2,4,18,72
2026-01-24 00:54:20.724122,1,1,1,17,72
2026-01-24 00:54:23.625448,1,2,2,17,72
2026-01-24 00:54:26.395647,1,2,3,17,72
2026-01-24 00:54:30.288697,1,2,1,17,72
2026-01-24 00:54:34.569114,1,2,3,17,72
2026-01-24 00:54:37.474885,1,2,4,17,75
2026-01-24 00:54:40.316676,1,2,2,17,78
2026-01-24 00:54:44.206862,1,2,1,17,81
2026-01-24 00:54:47.075057,1,1,3,17,82
2026-01-24 00:54:50.046136,1,1,1,17,80
2026-01-24 00:54:53.672461,1,2,2,17,77
2026-01-24 00:54:57.212325,1,1,5,17,74
2026-01-24 00:55:00.442378,1,2,2,17,70
2026-01-24 00:55:03.388911,1,2,6,17,70
2026-01-24 00:55:06.226573,1,1,1,17,70
2026-01-24 00:55:09.609978,1,1,2,17,70
2026-01-24 00:55:13.290769,1,1,1,17,70
2026-01-24 00:55:16.261498,1,1,1,17,70
2026-01-24 00:55:20.158400,1,1,2,17,70
2026-01-24 00:55:23.427567,1,2,1,17,70
2026-01-24 00:55:28.285535,1,2,1,17,69
2026-01-24 00:55:32.244707,1,1,2,16,66
2026-01-24 00:55:35.199865,1,1,1,16,66
2026-01-24 00:55:39.550462,1,2,1,16,66
2026-01-24 00:55:42.470983,1,2,2,16,66
2026-01-24 00:55:45.317032,1,1,1,16,66
2026-01-24 00:55:48.206691,1,1,3,16,66
2026-01-24 00:55:51.609510,1,2,1,16,66
2026-01-24 00:55:55.372901,1,2,3,16,65
2026-01-24 00:55:58.239924,1,1,1,16,65
2026-01-24 00:56:01.618652,1,2,5,16,65
2026-01-24 00:56:04.485487,1,2,2,16,65
2026-01-24 00:56:07.454410,1,2,1,16,65
2026-01-24 00:56:11.241831,1,1,1,16,65
2026-01-24 00:56:14.634454,1,1,1,16,65
2026-01-24 00:56:18.808566,1,2,1,16,65
2026-01-24 00:56:22.169292,1,1,1,16,65
2026-01-24 00:56:25.584714,1,2,4,16,65
2026-01-24 00:56:29.395042,1,2,1,16,65
2026-01-24 00:56:32.337292,1,2,3,16,64
2026-01-24 00:56:35.109150,1,2,1,16,64
2026-01-24 00:56:38.484611,1,1,3,16,64
2026-01-24 00:56:41.246541,1,1,3,16,64
2026-01-24 00:56:44.244521,1,2,1,16,64
2026-01-24 00:56:46.984586,1,2,1,16,64
2026-01-24 00:56:50.871687,1,2,1,16,64
2026-01-24 00:56:53.716706,1,1,2,16,64
2026-01-24 00:56:57.264096,1,1,1,16,64
2026-01-24 00:57:00.587622,1,1,1,16,64
2026-01-24 00:57:03.467885,1,1,2,16,64
2026-01-24 00:57:06.259242,1,1,2,16,67
2026-01-24 00:57:10.234220,1,1,3,16,68
2026-01-24 00:57:13.502269,1,2,2,15,68
2026-01-24 00:57:16.471507,1,2,2,15,71
2026-01-24 00:57:19.243265,1,2,9,15,74
2026-01-24 00:57:22.152322,1,2,7,15,77
2026-01-24 00:57:25.087239,1,2,2,15,78
2026-01-24 00:57:27.940237,1,2,3,15,78
2026-01-24 00:57:31.833934,1,2,5,15,78
2026-01-24 00:57:34.702069,1,2,3,15,75
2026-01-24 00:57:37.983819,1,1,2,15,72
2026-01-24 00:57:42.424682,1,2,2,15,67
2026-01-24 00:57:46.170515,1,2,4,15,65
2026-01-24 00:57:49.433718,1,2,2,15,65
2026-01-24 00:57:53.847345,1,1,5,16,65
2026-01-24 00:57:57.124424,1,1,3,16,65
2026-01-24 00:58:00.463195,1,2,2,17,65
2026-01-24 00:58:03.369980,1,2,4,17,65
2026-01-24 00:58:07.263444,1,1,1,17,65
2026-01-24 00:58:10.133446,1,2,4,17,65
2026-01-24 00:58:12.892562,1,1,5,17,65
2026-01-24 00:58:16.785904,1,1,5,17,65
2026-01-24 00:58:20.666182,1,1,3,17,65
2026-01-24 00:58:24.055168,1,1,3,17,65
2026-01-24 00:58:26.861583,1,1,2,17,65
2026-01-24 00:58:29.789526,1,2,2,17,65
2026-01-24 00:58:33.168964,1,2,1,17,65
2026-01-24 00:58:36.958904,1,1,1,17,65
2026-01-24 00:58:40.336161,1,1,1,17,65
2026-01-24 00:58:43.203814,1,2,1,17,65
2026-01-24 00:58:46.085827,1,2,1,17,65
2026-01-24 00:58:48.937647,1,2,1,17,65
2026-01-24 00:58:52.734780,1,2,1,17,65
2026-01-24 00:58:56.105873,1,1,2,17,65
2026-01-24 00:58:59.885636,1,1,3,17,65
2026-01-24 00:59:03.208212,1,2,3,16,65
2026-01-24 00:59:06.141158,1,2,1,16,65
2026-01-24 00:59:09.009219,1,2,1,16,65
2026-01-24 00:59:11.773222,1,2,3,16,68
2026-01-24 00:59:15.152463,1,1,2,16,68
2026-01-24 00:59:18.536128,1,2,2,16,69
2026-01-24 00:59:21.398637,1,2,3,16,69
2026-01-24 00:59:25.289990,1,2,2,16,69
2026-01-24 00:59:28.158904,1,2,1,16,69
2026-01-24 00:59:31.024336,1,2,2,16,69
2026-01-24 00:59:34.812831,1,2,1,16,69
2026-01-24 00:59:38.199664,1,2,4,16,69
2026-01-24 00:59:40.855014,1,1,5,16,69
2026-01-24 00:59:43.768125,1,1,1,16,70
2026-01-24 00:59:46.674289,1,2,1,16,73
2026-01-24 00:59:49.559834,1,1,3,16,76
2026-01-24 00:59:53.791515,1,1,1,16,79
2026-01-24 00:59:56.835542,1,2,1,16,79
2026-01-24 01:00:00.072991,1,2,2,16,76
2026-01-24 01:00:02.871152,1,1,2,16,76
2026-01-24 01:00:05.801810,1,2,1,16,76
2026-01-24 01:00:09.336722,1,2,5,16,76
2026-01-24 01:00:13.022112,1,1,1,16,76
2026-01-24 01:00:16.797866,1,2,1,14,76
2026-01-24 01:00:19.669833,1,2,2,14,76
2026-01-24 01:00:22.536366,1,2,4,14,76
2026-01-24 01:00:26.422445,1,2,27,13,76
2026-01-24 01:00:29.289505,1,1,1,15,73
2026-01-24 01:00:32.158738,1,1,1,15,70
2026-01-24 01:00:35.919447,1,2,1,13,70
2026-01-24 01:00:38.813213,1,1,1,13,70
2026-01-24 01:00:42.805875,1,1,2,12,66
2026-01-24 01:00:45.500401,1,1,2,12,63
2026-01-24 01:00:48.438192,1,1,1,11,63
2026-01-24 01:00:52.335874,1,1,2,11,63
2026-01-24 01:00:56.220707,1,1,1,11,63
2026-01-24 01:00:59.601571,1,2,1,11,63
2026-01-24 01:01:02.410513,1,1,1,11,63
2026-01-24 01:01:05.262855,1,1,1,11,63
2026-01-24 01:01:08.116686,1,2,6,11,63
2026-01-24 01:01:12.502141,1,2,6,11,63
2026-01-24 01:01:15.885881,1,2,1,11,63
2026-01-24 01:01:18.748571,1,2,1,11,63
2026-01-24 01:01:21.616128,1,2,1,11,63
2026-01-24 01:01:24.372372,1,1,2,11,63
2026-01-24 01:01:28.374040,1,2,11,11,63
2026-01-24 01:01:31.753263,1,2,3,11,63
2026-01-24 01:01:34.415448,1,2,2,13,63
2026-01-24 01:01:37.794728,1,1,3,15,63
2026-01-24 01:01:40.559593,1,1,1,15,63
2026-01-24 01:01:44.451662,1,1,1,15,65
2026-01-24 01:01:47.317466,1,2,3,16,68
2026-01-24 01:01:52.335593,1,1,1,16,68
2026-01-24 01:01:55.206141,1,2,22,16,68
2026-01-24 01:01:57.935954,1,2,4,16,68
2026-01-24 01:02:01.858666,1,2,17,16,68
2026-01-24 01:02:04.835515,1,2,24,16,68
2026-01-24 01:02:07.592942,1,2,14,16,68
2026-01-24 01:02:11.404043,1,2,1,16,68
2026-01-24 01:02:14.352208,1,2,5,16,68
2026-01-24 01:02:17.118712,1,2,7,16,68
2026-01-24 01:02:20.949953,1,1,3,17,68
2026-01-24 01:02:23.846600,1,2,1,17,68
2026-01-24 01:02:27.272253,1,2,1,17,68
2026-01-24 01:02:31.053538,1,1,3,17,68
2026-01-24 01:02:34.831045,1,1,1,17,68
2026-01-24 01:02:38.108225,1,1,1,17,68
2026-01-24 01:02:42.011469,1,1,1,17,68
2026-01-24 01:02:45.787512,1,2,2,17,68
2026-01-24 01:02:48.655317,1,1,1,17,68
2026-01-24 01:02:52.152777,1,1,1,18,68
2026-01-24 01:02:55.927632,1,1,1,18,68
2026-01-24 01:02:59.322015,1,2,1,18,68
2026-01-24 01:03:02.119385,1,1,1,18,66
2026-01-24 01:03:06.487729,1,1,2,18,63
2026-01-24 01:03:10.476676,1,2,3,19,63
2026-01-24 01:03:15.385986,1,2,4,20,63
2026-01-24 01:03:18.753325,1,1,1,20,63
2026-01-24 01:03:22.754211,1,2,2,20,63
2026-01-24 01:03:25.529143,1,2,2,19,63
2026-01-24 01:03:28.391012,1,1,1,18,63
2026-01-24 01:03:31.253499,1,1,1,17,64
2026-01-24 01:03:34.641153,1,2,2,16,67
2026-01-24 01:03:38.013946,1,2,1,15,70
2026-01-24 01:03:40.882253,1,1,2,15,73
2026-01-24 01:03:43.848571,1,1,1,15,76
2026-01-24 01:03:46.615813,1,1,1,15,79
2026-01-24 01:03:50.532303,1,1,1,15,82
2026-01-24 01:03:54.907893,1,1,1,15,72
2026-01-24 01:03:58.182480,1,1,3,15,69
2026-01-24 01:04:01.061542,1,1,10,15,66
2026-01-24 01:04:04.841397,1,2,21,15,65
2026-01-24 01:04:08.331483,1,2,1,15,65
2026-01-24 01:04:12.534941,1,2,1,14,65
2026-01-24 01:04:15.902100,1,1,1,15,65
2026-01-24 01:04:18.982335,1,2,7,15,65
2026-01-24 01:04:21.641333,1,2,12,16,65
2026-01-24 01:04:24.604422,1,1,1,16,65
2026-01-24 01:04:28.391838,1,1,1,16,65
2026-01-24 01:04:31.687946,1,1,2,17,64
2026-01-24 01:04:35.048647,1,2,2,17,64
2026-01-24 01:04:37.916788,1,2,2,18,64
2026-01-24 01:04:40.988144,1,1,3,18,64
2026-01-24 01:04:43.652458,1,1,2,18,64
2026-01-24 01:04:47.438674,1,2,3,17,64
2026-01-24 01:04:51.277437,1,2,1,16,62
2026-01-24 01:04:55.733057,1,2,3,16,64
2026-01-24 01:04:58.497736,1,1,1,15,64
2026-01-24 01:05:01.365058,1,1,1,15,64
2026-01-24 01:05:04.246186,1,1,1,15,64
2026-01-24 01:05:07.101386,1,1,1,15,63
2026-01-24 01:05:10.892776,1,1,1,14,63
2026-01-24 01:05:14.267244,1,2,1,14,63
2026-01-24 01:05:17.138061,1,2,2,14,63
2026-01-24 01:05:20.095868,1,2,3,14,63
2026-01-24 01:05:22.895603,1,2,5,14,63
2026-01-24 01:05:25.652935,1,2,2,14,66
2026-01-24 01:05:29.503541,1,2,1,14,68
2026-01-24 01:05:33.313564,1,2,1,14,68
2026-01-24 01:05:36.701130,1,1,1,14,74
2026-01-24 01:05:39.527263,1,1,2,14,77
2026-01-24 01:05:43.451105,1,2,1,14,80
2026-01-24 01:05:46.238305,1,1,2,14,81
2026-01-24 01:05:49.082570,1,1,3,14,81
2026-01-24 01:05:52.974441,1,1,2,14,81
2026-01-24 01:05:56.972019,1,1,1,15,81
2026-01-24 01:06:00.245720,1,2,2,15,79
2026-01-24 01:06:03.121638,1,1,1,15,79
2026-01-24 01:06:05.995592,1,1,1,15,79
2026-01-24 01:06:09.298302,1,2,2,15,79
2026-01-24 01:06:13.149350,1,1,1,15,79
2026-01-24 01:06:16.016696,1,2,2,15,81
2026-01-24 01:06:19.827407,1,2,3,13,82
2026-01-24 01:06:22.685614,1,2,2,13,82
2026-01-24 01:06:26.573176,1,1,1,12,81
2026-01-24 01:06:29.428701,1,1,1,12,76
2026-01-24 01:06:32.294631,1,1,1,12,73
2026-01-24 01:06:35.060432,1,1,1,12,70
2026-01-24 01:06:38.952094,1,1,1,12,67
2026-01-24 01:06:42.945407,1,1,2,12,66
2026-01-24 01:06:45.712477,1,1,1,12,66
2026-01-24 01:06:48.585754,1,1,1,12,66
2026-01-24 01:06:52.486158,1,2,1,12,66
2026-01-24 01:06:55.340405,1,2,2,12,66
2026-01-24 01:06:58.046698,1,2,1,12,66
2026-01-24 01:07:01.957199,1,1,1,12,66
2026-01-24 01:07:04.960825,1,2,1,12,66
2026-01-24 01:07:07.737723,1,1,2,12,66
2026-01-24 01:07:12.026649,1,1,1,12,66
2026-01-24 01:07:16.435356,1,1,1,12,66
2026-01-24 01:07:20.227573,1,1,1,13,67
2026-01-24 01:07:24.735284,1,1,4,13,73
2026-01-24 01:07:28.410695,1,1,1,13,73
2026-01-24 01:07:31.795775,1,2,1,13,69
2026-01-24 01:07:36.092630,1,1,1,13,66
2026-01-24 01:07:40.401796,1,1,1,13,62
2026-01-24 01:07:43.785425,1,2,2,13,62
2026-01-24 01:07:47.560175,1,1,1,13,62
2026-01-24 01:07:51.348453,1,2,1,13,62
2026-01-24 01:07:54.144035,1,1,1,13,62
2026-01-24 01:07:57.102544,1,2,1,13,62
2026-01-24 01:08:02.379431,1,2,1,13,62
2026-01-24 01:08:05.682176,1,2,1,13,62
2026-01-24 01:08:08.656695,1,2,2,13,62
2026-01-24 01:08:11.469453,1,2,3,13,62
2026-01-24 01:08:14.272444,1,1,3,13,62
2026-01-24 01:08:18.185273,1,2,1,13,62
2026-01-24 01:08:21.086279,1,1,2,13,62
2026-01-24 01:08:24.898494,1,1,1,13,62
2026-01-24 01:08:27.699965,1,1,1,13,62
2026-01-24 01:08:30.683766,1,1,1,13,62
2026-01-24 01:08:34.461176,1,1,1,13,62
2026-01-24 01:08:37.780100,1,1,1,12,62
2026-01-24 01:08:40.603528,1,2,3,12,62
2026-01-24 01:08:43.484764,1,1,1,12,62
2026-01-24 01:08:46.446073,1,2,2,12,62
2026-01-24 01:08:49.234747,1,2,2,12,62
2026-01-24 01:08:52.995966,1,1,3,12,62
2026-01-24 01:08:56.278629,1,1,2,12,62
2026-01-24 01:08:59.137673,1,1,1,12,62
2026-01-24 01:09:02.005221,1,2,1,12,62
2026-01-24 01:09:04.926637,1,1,5,12,62
2026-01-24 01:09:07.738317,1,1,1,12,62
2026-01-24 01:09:12.039107,1,1,1,12,62
2026-01-24 01:09:15.011742,1,2,1,13,65
2026-01-24 01:09:19.418555,1,2,5,13,71
2026-01-24 01:09:23.214456,1,2,1,13,73
2026-01-24 01:09:26.076608,1,2,1,13,73
2026-01-24 01:09:29.039324,1,1,1,13,73
2026-01-24 01:09:31.741106,1,2,2,13,73
2026-01-24 01:09:35.297345,1,1,4,13,73
2026-01-24 01:09:38.669535,1,1,1,13,73
2026-01-24 01:09:41.472701,1,1,1,13,71
2026-01-24 01:09:44.299732,1,2,1,13,72
2026-01-24 01:09:48.092268,1,1,5,13,75
2026-01-24 01:09:51.953485,1,2,3,13,79
2026-01-24 01:09:55.366515,1,1,1,13,79
2026-01-24 01:09:58.149052,1,1,1,13,79
2026-01-24 01:10:02.041676,1,1,1,13,79
2026-01-24 01:10:04.988017,1,1,2,13,79
2026-01-24 01:10:07.939015,1,2,1,13,79
2026-01-24 01:10:11.637983,1,2,3,13,75
2026-01-24 01:10:14.503052,1,2,2,13,70
2026-01-24 01:10:17.313826,1,1,1,13,72
2026-01-24 01:10:22.111134,1,1,1,13,72
2026-01-24 01:10:26.196005,1,1,2,13,72
2026-01-24 01:10:28.837953,1,2,1,13,72
2026-01-24 01:10:32.124826,1,2,1,13,72
2026-01-24 01:10:35.101380,1,1,1,12,72
2026-01-24 01:10:37.952034,1,1,1,12,72
2026-01-24 01:10:40.848962,1,2,1,12,72
2026-01-24 01:10:44.710895,1,2,2,12,69
2026-01-24 01:10:47.520557,1,1,1,12,66
2026-01-24 01:10:51.987754,1,1,1,12,62
2026-01-24 01:10:55.391898,1,1,1,11,62
2026-01-24 01:10:58.330047,1,1,1,12,64
2026-01-24 01:11:02.133957,1,1,1,13,67
2026-01-24 01:11:04.988812,1,1,1,13,68
2026-01-24 01:11:07.786708,1,2,1,13,68
2026-01-24 01:11:11.646053,1,1,1,13,68
2026-01-24 01:11:14.519808,1,1,2,13,67
2026-01-24 01:11:17.924653,1,1,1,13,65
2026-01-24 01:11:20.864240,1,1,4,13,65
2026-01-24 01:11:23.630308,1,1,3,13,65
2026-01-24 01:11:26.397002,1,1,3,13,65
2026-01-24 01:11:30.697484,1,1,4,13,64
2026-01-24 01:11:34.507691,1,1,1,13,64
2026-01-24 01:11:37.970141,1,1,2,13,64
2026-01-24 01:11:41.664319,1,1,1,13,64
2026-01-24 01:11:45.561504,1,2,1,13,64
2026-01-24 01:11:49.344868,1,1,1,13,64
2026-01-24 01:11:53.148104,1,1,1,13,64
2026-01-24 01:11:56.034044,1,1,1,13,64
2026-01-24 01:11:58.796696,1,1,1,13,64
2026-01-24 01:12:02.765419,1,1,1,13,64
2026-01-24 01:12:05.640322,1,1,1,13,62
2026-01-24 01:12:08.382270,1,1,1,13,62
2026-01-24 01:12:12.287651,1,1,1,13,62
2026-01-24 01:12:17.305400,1,1,1,13,62
2026-01-24 01:12:20.157835,1,2,1,13,62
2026-01-24 01:12:23.072579,1,2,1,13,62
2026-01-24 01:12:25.829062,1,2,1,13,63
2026-01-24 01:12:30.196842,1,2,5,13,63
2026-01-24 01:12:33.790621,1,2,3,13,63
2026-01-24 01:12:37.054785,1,2,3,13,63
2026-01-24 01:12:39.928655,1,1,2,13,63
2026-01-24 01:12:42.689199,1,1,4,13,63
2026-01-24 01:12:46.586062,1,2,3,13,63
2026-01-24 01:12:49.852567,1,2,3,13,63
2026-01-24 01:12:53.760496,1,1,4,13,63
2026-01-24 01:12:56.612284,1,1,1,13,63
2026-01-24 01:13:01.007753,1,1,3,13,63
2026-01-24 01:13:03.903263,1,1,1,14,63
2026-01-24 01:13:06.872292,1,2,3,14,63
2026-01-24 01:13:10.642545,1,2,1,14,63
2026-01-24 01:13:13.863120,1,2,2,14,63
2026-01-24 01:13:17.297403,1,1,1,14,63
2026-01-24 01:13:20.590842,1,1,1,14,63
2026-01-24 01:13:23.441253,1,1,1,14,63
2026-01-24 01:13:28.256694,1,2,2,14,63
2026-01-24 01:13:31.645368,1,2,2,14,63
2026-01-24 01:13:34.521394,1,2,2,14,63
2026-01-24 01:13:37.880463,1,2,3,14,63
2026-01-24 01:13:40.746913,1,2,2,14,63
2026-01-24 01:13:43.637376,1,2,3,14,63
2026-01-24 01:13:46.481461,1,2,3,14,63
2026-01-24 01:13:49.350619,1,1,3,14,63
2026-01-24 01:13:53.137197,1,1,3,14,63
2026-01-24 01:13:57.140426,1,1,2,14,63
2026-01-24 01:14:01.124588,1,1,1,14,63
2026-01-24 01:14:03.934617,1,1,2,14,63
2026-01-24 01:14:06.760744,1,1,2,14,63
2026-01-24 01:14:10.649777,1,1,1,14,63
2026-01-24 01:14:13.936060,1,1,1,14,63
2026-01-24 01:14:18.184938,1,1,1,14,63
2026-01-24 01:14:22.541305,1,1,1,14,63
2026-01-24 01:14:26.022893,1,1,2,14,63
2026-01-24 01:14:29.699036,1,1,1,14,63
2026-01-24 01:14:33.588716,1,1,1,14,65
2026-01-24 01:14:37.397763,1,2,1,14,71
2026-01-24 01:14:41.180013,1,2,1,14,74
2026-01-24 01:14:44.133576,1,2,2,14,76
2026-01-24 01:14:46.866598,1,1,2,14,71
2026-01-24 01:14:50.906570,1,1,1,14,68
2026-01-24 01:14:53.657725,1,1,1,14,69
2026-01-24 01:14:56.526025,1,2,6,14,72
2026-01-24 01:15:00.847269,1,2,5,14,78
2026-01-24 01:15:03.605360,1,2,1,14,81
2026-01-24 01:15:06.557954,1,1,1,14,81
2026-01-24 01:15:09.437010,1,1,1,14,81
2026-01-24 01:15:12.302051,1,1,2,14,81
2026-01-24 01:15:15.594129,1,1,1,14,81
2026-01-24 01:15:19.361008,1,1,1,14,81
2026-01-24 01:15:23.151429,1,2,2,14,81
2026-01-24 01:15:26.532883,1,2,2,14,81
2026-01-24 01:15:30.842795,1,2,2,14,81
2026-01-24 01:15:34.640579,1,1,2,14,81
2026-01-24 01:15:37.996941,1,1,2,14,81
2026-01-24 01:15:41.789532,1,1,1,14,81
2026-01-24 01:15:45.577256,1,1,1,14,81
2026-01-24 01:15:49.362509,1,1,1,14,79
2026-01-24 01:15:53.150141,1,2,1,14,79
2026-01-24 01:15:56.539025,1,1,2,14,79
2026-01-24 01:16:01.039377,1,1,3,14,81
2026-01-24 01:16:04.740640,1,1,2,14,81
2026-01-24 01:16:10.187674,1,2,2,14,81
2026-01-24 01:16:13.128243,1,2,1,14,81
2026-01-24 01:16:16.087270,1,1,1,14,78
2026-01-24 01:16:18.860888,1,1,2,14,78
2026-01-24 01:16:22.745704,1,1,1,14,77
2026-01-24 01:16:26.036728,1,2,1,14,77
2026-01-24 01:16:29.317778,1,2,1,15,77
2026-01-24 01:16:32.279386,1,1,2,15,77
2026-01-24 01:16:35.142183,1,2,3,15,77
2026-01-24 01:16:38.004979,1,2,1,15,77
2026-01-24 01:16:41.791375,1,2,1,15,77
2026-01-24 01:16:45.733129,1,2,1,15,77
2026-01-24 01:16:51.229075,1,2,2,15,77
2026-01-24 01:16:54.605165,1,2,1,15,74
2026-01-24 01:16:57.464430,1,2,7,14,74
2026-01-24 01:17:00.329892,1,1,1,14,74
2026-01-24 01:17:03.601139,1,1,1,14,74
2026-01-24 01:17:07.509728,1,2,1,14,74
2026-01-24 01:17:10.249263,1,1,2,14,74
2026-01-24 01:17:13.230695,1,1,2,14,74
2026-01-24 01:17:16.101955,1,1,1,14,74
2026-01-24 01:17:18.860833,1,2,3,14,74
2026-01-24 01:17:22.753359,1,1,1,14,74
2026-01-24 01:17:26.028923,1,2,1,14,74
2026-01-24 01:17:29.509938,1,1,1,14,73
2026-01-24 01:17:32.290102,1,2,1,14,73
2026-01-24 01:17:35.244882,1,1,1,14,73
2026-01-24 01:17:38.009678,1,1,1,14,73
2026-01-24 01:17:41.801963,1,1,1,14,73
2026-01-24 01:17:45.696098,1,1,1,14,73
2026-01-24 01:17:49.068907,1,1,1,14,71
2026-01-24 01:17:51.947450,1,2,2,14,68
2026-01-24 01:17:55.691759,1,1,1,14,65
2026-01-24 01:17:58.590201,1,1,1,14,65
2026-01-24 01:18:01.372342,1,1,1,14,66
2026-01-24 01:18:05.263452,1,1,1,14,69
2026-01-24 01:18:08.648425,1,1,1,14,72
2026-01-24 01:18:11.417306,1,2,1,14,75
2026-01-24 01:18:14.248887,1,1,2,14,72
2026-01-24 01:18:17.228889,1,2,1,14,69
2026-01-24 01:18:20.090945,1,1,1,14,66
2026-01-24 01:18:24.292558,1,2,1,14,65
2026-01-24 01:18:27.277858,1,2,1,14,65
2026-01-24 01:18:30.649288,1,1,2,14,65
2026-01-24 01:18:33.415123,1,2,1,14,65
2026-01-24 01:18:36.393464,1,1,1,14,65
2026-01-24 01:18:39.752087,1,2,1,14,66
2026-01-24 01:18:43.450190,1,1,1,14,67
2026-01-24 01:18:47.331589,1,1,2,14,69
2026-01-24 01:18:50.197711,1,2,2,14,68
2026-01-24 01:18:53.098710,1,1,1,14,65
2026-01-24 01:18:56.857367,1,2,2,14,63
2026-01-24 01:18:59.826990,1,1,1,14,62
2026-01-24 01:19:02.706827,1,1,2,14,62
2026-01-24 01:19:06.375256,1,2,2,14,62
2026-01-24 01:19:09.350837,1,1,8,14,62
2026-01-24 01:19:13.238716,1,1,6,14,62
2026-01-24 01:19:15.999078,1,2,6,14,62
2026-01-24 01:19:18.992479,1,2,2,14,62
2026-01-24 01:19:22.771692,1,2,9,14,62
2026-01-24 01:19:26.046602,1,2,7,14,62
2026-01-24 01:19:29.438372,1,2,3,14,62
2026-01-24 01:19:32.387479,1,2,1,14,62
2026-01-24 01:19:35.251879,1,1,2,14,65
2026-01-24 01:19:38.029102,1,2,1,14,65
2026-01-24 01:19:41.865969,1,1,1,14,65
2026-01-24 01:19:45.718693,1,1,1,14,65
2026-01-24 01:19:49.302150,1,2,1,14,65
2026-01-24 01:19:51.990258,1,1,7,14,65
2026-01-24 01:19:55.020785,1,1,4,14,65
2026-01-24 01:19:58.820379,1,2,1,14,65
2026-01-24 01:20:02.030511,1,1,1,14,65
2026-01-24 01:20:06.077623,1,2,1,14,65
2026-01-24 01:20:08.874610,1,1,5,14,65
2026-01-24 01:20:11.706112,1,1,1,14,65
2026-01-24 01:20:15.503796,1,1,2,14,65
2026-01-24 01:20:18.363970,1,2,1,14,65
2026-01-24 01:20:21.749382,1,1,5,14,66
2026-01-24 01:20:25.542354,1,1,6,14,72
2026-01-24 01:20:28.410721,1,1,1,14,75
2026-01-24 01:20:31.753346,1,1,1,14,78
2026-01-24 01:20:34.646694,1,2,2,14,77
2026-01-24 01:20:37.430159,1,1,1,14,74
2026-01-24 01:20:41.304806,1,2,1,14,72
2026-01-24 01:20:44.679438,1,2,1,14,72
2026-01-24 01:20:47.552029,1,2,1,14,72
2026-01-24 01:20:50.419244,1,2,3,14,72
2026-01-24 01:20:53.301278,1,2,1,14,72
2026-01-24 01:20:56.051510,1,1,3,14,72
2026-01-24 01:21:00.341129,1,1,1,14,69
2026-01-24 01:21:03.750679,1,1,2,14,69
2026-01-24 01:21:07.104926,1,1,1,14,69
2026-01-24 01:21:09.972126,1,2,7,14,69
2026-01-24 01:21:13.881269,1,1,1,14,69
2026-01-24 01:21:16.660128,1,1,1,14,69
2026-01-24 01:21:19.452555,1,2,1,14,69
2026-01-24 01:21:23.389183,1,1,3,14,69
2026-01-24 01:21:27.399330,1,2,4,14,69
2026-01-24 01:21:31.277629,1,2,7,14,69
2026-01-24 01:21:34.037043,1,2,1,14,69
2026-01-24 01:21:37.008113,1,1,1,14,69
2026-01-24 01:21:40.800726,1,2,3,14,69
2026-01-24 01:21:44.198075,1,1,3,14,69
2026-01-24 01:21:47.430023,1,1,1,14,69
2026-01-24 01:21:50.427107,1,1,1,14,69
2026-01-24 01:21:53.307400,1,1,4,14,69
2026-01-24 01:21:56.159954,1,1,1,14,69
2026-01-24 01:22:00.460743,1,1,1,14,69
2026-01-24 01:22:03.737494,1,1,1,14,72
2026-01-24 01:22:07.742867,1,2,1,14,78
2026-01-24 01:22:10.498667,1,2,3,14,78
2026-01-24 01:22:14.399815,1,1,2,14,78
2026-01-24 01:22:17.356628,1,1,1,14,78
2026-01-24 01:22:20.118586,1,2,1,14,78
2026-01-24 01:22:24.109534,1,1,3,14,78
2026-01-24 01:22:27.400975,1,2,7,14,78
2026-01-24 01:22:30.668633,1,2,3,14,78
2026-01-24 01:22:33.516625,1,1,1,14,78
2026-01-24 01:22:36.505465,1,1,3,14,77
2026-01-24 01:22:39.795277,1,1,1,14,77
2026-01-24 01:22:43.773053,1,1,1,14,77
2026-01-24 01:22:46.551437,1,2,1,14,77
2026-01-24 01:22:49.919866,1,2,7,14,77
2026-01-24 01:22:52.684658,1,2,1,14,77
2026-01-24 01:22:55.551929,1,1,1,14,77
2026-01-24 01:22:59.454947,1,1,1,15,77
2026-01-24 01:23:02.650865,1,1,1,15,77
2026-01-24 01:23:07.144326,1,1,1,15,74
2026-01-24 01:23:10.091570,1,1,1,15,71
2026-01-24 01:23:13.314319,1,1,1,14,71
2026-01-24 01:23:16.132620,1,1,1,14,71
2026-01-24 01:23:18.998651,1,2,3,14,71
2026-01-24 01:23:23.001857,1,2,1,14,71
2026-01-24 01:23:26.692069,1,1,4,14,71
2026-01-24 01:23:30.161446,1,1,2,14,71
2026-01-24 01:23:33.036976,1,1,1,14,71
2026-01-24 01:23:35.913232,1,1,1,14,71
2026-01-24 01:23:38.774647,1,2,7,14,71
2026-01-24 01:23:43.076431,1,2,1,14,71
2026-01-24 01:23:45.950372,1,1,1,14,71
2026-01-24 01:23:49.721460,1,1,2,14,71
2026-01-24 01:23:52.114886,1,1,1,14,71
2026-01-24 01:23:55.013911,1,2,1,14,71
2026-01-24 01:23:58.846800,1,1,1,14,71
2026-01-24 01:24:02.150348,1,1,1,14,71
2026-01-24 01:24:05.708954,1,1,1,14,71
2026-01-24 01:24:08.465776,1,2,2,14,71
2026-01-24 01:24:11.328090,1,1,2,14,71
2026-01-24 01:24:14.314613,1,1,1,14,71
2026-01-24 01:24:18.031430,1,2,2,14,71
2026-01-24 01:24:21.892341,1,1,3,14,71
2026-01-24 01:24:26.175817,1,1,3,14,71
2026-01-24 01:24:29.576262,1,1,1,14,71
2026-01-24 01:24:32.409042,1,1,1,14,71
2026-01-24 01:24:35.400876,1,2,1,14,71
2026-01-24 01:24:38.157291,1,2,3,14,71
2026-01-24 01:24:42.046247,1,2,2,18,73
2026-01-24 01:24:45.946807,1,2,5,19,76
2026-01-24 01:24:49.431435,1,2,4,20,82
2026-01-24 01:24:52.116144,1,1,2,21,85
2026-01-24 01:24:55.064205,1,1,4,22,88
2026-01-24 01:24:58.841750,1,2,3,23,91
2026-01-24 01:25:02.152715,1,1,3,20,94
2026-01-24 01:25:06.455575,1,1,1,17,88
2026-01-24 01:25:10.924813,1,1,1,16,79
2026-01-24 01:25:13.735865,1,1,2,15,76
2026-01-24 01:25:16.570117,1,1,3,15,73
2026-01-24 01:25:20.551489,1,1,3,14,72
2026-01-24 01:25:23.354185,1,2,1,14,72
2026-01-24 01:25:26.197590,1,2,3,14,72
2026-01-24 01:25:29.562602,1,1,2,14,72
2026-01-24 01:25:32.444134,1,2,1,14,72
2026-01-24 01:25:35.395223,1,2,2,14,72
2026-01-24 01:25:38.162961,1,2,3,14,70
2026-01-24 01:25:42.680575,1,2,4,14,67
2026-01-24 01:25:45.843093,1,2,5,14,64
2026-01-24 01:25:49.222213,1,2,3,14,64
2026-01-24 01:25:52.095572,1,1,1,14,62
2026-01-24 01:25:56.000454,1,2,4,14,62
2026-01-24 01:25:58.847650,1,1,2,14,62
2026-01-24 01:26:01.714905,1,2,2,14,62
2026-01-24 01:26:05.505712,1,1,2,14,62
2026-01-24 01:26:09.513620,1,1,1,14,62
2026-01-24 01:26:13.397228,1,1,2,14,62
2026-01-24 01:26:16.255781,1,1,1,14,62
2026-01-24 01:26:19.040366,1,2,1,14,62
2026-01-24 01:26:22.911792,1,1,1,14,63
2026-01-24 01:26:26.308346,1,1,1,14,66
2026-01-24 01:26:29.657483,1,2,1,14,67
2026-01-24 01:26:32.537765,1,1,2,14,67
2026-01-24 01:26:35.608053,1,2,1,14,67
2026-01-24 01:26:39.295658,1,1,8,14,67
2026-01-24 01:26:42.048551,1,1,1,14,68
2026-01-24 01:26:44.949126,1,1,1,14,68
2026-01-24 01:26:48.409696,1,1,2,14,68
2026-01-24 01:26:51.276492,1,1,1,14,68
2026-01-24 01:26:54.156470,1,2,16,14,68
2026-01-24 01:26:57.011726,1,2,11,14,68
2026-01-24 01:26:59.791187,1,1,2,14,68
2026-01-24 01:27:04.600333,1,1,1,14,68
2026-01-24 01:27:08.474096,1,1,1,14,68
2026-01-24 01:27:11.451652,1,2,6,14,68
2026-01-24 01:27:14.211377,1,1,1,14,68
2026-01-24 01:27:18.515918,1,1,1,14,68
2026-01-24 01:27:21.891747,1,2,1,14,68
2026-01-24 01:27:25.692196,1,1,2,15,68
2026-01-24 01:27:28.545324,1,1,2,15,68
2026-01-24 01:27:32.457319,1,1,2,15,68
2026-01-24 01:27:35.338637,1,1,1,15,68
2026-01-24 01:27:39.069990,1,2,2,15,68
2026-01-24 01:27:41.965694,1,1,1,15,68
2026-01-24 01:27:44.948875,1,2,2,15,68
2026-01-24 01:27:47.715500,1,2,1,15,68
2026-01-24 01:27:50.568449,1,1,2,15,68
2026-01-24 01:27:53.550103,1,2,1,15,68
2026-01-24 01:27:56.302876,1,2,2,15,68
2026-01-24 01:28:00.603317,1,1,2,15,68
2026-01-24 01:28:03.908316,1,2,2,15,68
2026-01-24 01:28:07.464809,1,2,1,15,68
2026-01-24 01:28:10.227937,1,1,2,15,68
2026-01-24 01:28:13.102543,1,1,1,15,68
2026-01-24 01:28:17.020257,1,2,1,15,68
2026-01-24 01:28:20.273898,1,1,1,15,68
2026-01-24 01:28:24.256688,1,2,2,15,66
2026-01-24 01:28:26.967034,1,2,3,15,63
2026-01-24 01:28:29.790317,1,1,1,15,62
2026-01-24 01:28:33.676387,1,1,1,15,62
2026-01-24 01:28:36.543769,1,2,1,15,62
2026-01-24 01:28:39.922821,1,2,10,15,62
2026-01-24 01:28:43.711598,1,2,3,15,62
2026-01-24 01:28:47.501491,1,1,3,15,62
2026-01-24 01:28:51.319501,1,1,2,15,62
2026-01-24 01:28:54.168925,1,1,3,15,62
2026-01-24 01:28:57.020161,1,1,2,15,62
2026-01-24 01:28:59.890781,1,2,9,15,62
2026-01-24 01:29:03.657606,1,2,1,15,62
2026-01-24 01:29:06.555503,1,2,2,15,62
2026-01-24 01:29:09.930641,1,1,1,15,63
2026-01-24 01:29:13.715902,1,1,2,15,69
2026-01-24 01:29:17.542437,1,1,1,15,72
2026-01-24 01:29:20.891888,1,2,3,15,75
2026-01-24 01:29:24.672646,1,1,1,15,78
2026-01-24 01:29:27.538031,1,1,1,15,81
2026-01-24 01:29:31.654759,1,2,1,15,87
2026-01-24 01:29:34.394919,1,2,1,15,89
2026-01-24 01:29:37.364235,1,2,2,15,87
2026-01-24 01:29:41.051199,1,2,2,15,84
2026-01-24 01:29:44.405167,1,2,1,15,81
2026-01-24 01:29:47.136843,1,1,1,15,78
2026-01-24 01:29:50.062278,1,1,2,15,75
2026-01-24 01:29:52.941717,1,2,2,15,73
2026-01-24 01:29:55.703438,1,2,2,15,71
2026-01-24 01:29:59.602751,1,1,6,15,68
2026-01-24 01:30:02.839622,1,2,6,15,71
2026-01-24 01:30:05.658131,1,2,2,15,74
2026-01-24 01:30:08.603505,1,2,1,15,77
2026-01-24 01:30:11.474809,1,2,4,15,80
2026-01-24 01:30:14.329711,1,1,1,15,79
2026-01-24 01:30:18.122701,1,1,1,15,76
2026-01-24 01:30:21.952726,1,2,7,15,76
2026-01-24 01:30:25.909545,1,2,7,15,75
2026-01-24 01:30:28.672921,1,2,2,15,73
2026-01-24 01:30:32.679242,1,1,1,15,73
2026-01-24 01:30:35.533935,1,1,11,15,73
2026-01-24 01:30:38.343298,1,2,2,15,76
2026-01-24 01:30:42.101931,1,1,4,15,79
2026-01-24 01:30:45.159395,1,1,3,15,77
2026-01-24 01:30:49.711782,1,1,2,15,73
2026-01-24 01:30:52.328673,1,2,3,15,73
2026-01-24 01:30:55.302673,1,1,4,15,73
2026-01-24 01:30:59.089232,1,1,1,15,73
2026-01-24 01:31:02.354912,1,1,1,15,73
2026-01-24 01:31:05.145301,1,1,1,15,73
2026-01-24 01:31:08.115779,1,2,8,15,73
2026-01-24 01:31:11.576101,1,1,11,15,73
2026-01-24 01:31:14.305856,1,1,2,15,73
2026-01-24 01:31:18.605519,1,1,1,15,73
2026-01-24 01:31:21.979020,1,1,1,15,73
2026-01-24 01:31:25.507016,1,2,1,15,73
2026-01-24 01:31:28.364756,1,2,2,14,73
2026-01-24 01:31:31.250206,1,1,1,14,73
2026-01-24 01:31:35.031519,1,1,1,14,73
2026-01-24 01:31:38.415922,1,1,1,14,73
2026-01-24 01:31:42.708962,1,1,1,14,73
2026-01-24 01:31:47.583694,1,1,1,14,73
2026-01-24 01:31:50.554294,1,1,1,14,73
2026-01-24 01:31:53.354512,1,1,1,14,73
2026-01-24 01:31:57.254770,1,1,2,14,74
2026-01-24 01:32:00.108101,1,2,1,14,77
2026-01-24 01:32:02.958219,1,1,1,14,80
2026-01-24 01:32:06.355057,1,1,1,14,77
2026-01-24 01:32:10.154033,1,1,2,14,73
2026-01-24 01:32:14.151071,1,2,1,14,73
2026-01-24 01:32:16.920647,1,2,2,14,73
2026-01-24 01:32:19.891937,1,1,1,14,73
2026-01-24 01:32:23.665945,1,2,1,14,73
2026-01-24 01:32:26.569199,1,2,1,14,72
2026-01-24 01:32:29.402531,1,1,6,14,72
2026-01-24 01:32:33.286158,1,2,1,14,72
2026-01-24 01:32:36.153300,1,1,1,14,72
2026-01-24 01:32:38.892840,1,1,2,14,72
2026-01-24 01:32:42.728753,1,2,2,14,72
2026-01-24 01:32:45.686467,1,1,1,14,72
2026-01-24 01:32:49.568292,1,1,1,14,72
2026-01-24 01:32:52.445586,1,2,1,14,72
2026-01-24 01:32:55.315093,1,2,3,14,71
2026-01-24 01:32:59.058421,1,2,1,14,71
2026-01-24 01:33:02.356917,1,1,2,14,71
2026-01-24 01:33:05.244981,1,1,1,14,74
2026-01-24 01:33:08.101551,1,1,1,14,77
2026-01-24 01:33:11.072237,1,1,1,14,80
2026-01-24 01:33:13.764053,1,2,1,14,81
2026-01-24 01:33:17.605281,1,1,1,14,79
2026-01-24 01:33:21.015123,1,1,12,14,78
2026-01-24 01:33:24.997917,1,1,1,14,78
2026-01-24 01:33:28.888487,1,2,6,14,78
2026-01-24 01:33:32.678962,1,2,5,14,76
2026-01-24 01:33:35.545087,1,1,1,14,76
2026-01-24 01:33:39.333963,1,1,1,14,76
2026-01-24 01:33:42.124788,1,1,1,14,76
2026-01-24 01:33:46.100140,1,2,2,14,79
2026-01-24 01:33:49.889172,1,1,9,14,78
2026-01-24 01:33:53.692883,1,1,1,14,75
2026-01-24 01:33:57.049611,1,2,2,14,76
2026-01-24 01:34:01.254667,1,1,2,14,81
2026-01-24 01:34:05.100819,1,1,1,14,81
2026-01-24 01:34:09.141510,1,1,1,14,81
2026-01-24 01:34:12.414140,1,2,1,14,81
2026-01-24 01:34:15.276187,1,2,2,14,81
2026-01-24 01:34:18.154460,1,2,1,14,81
2026-01-24 01:34:20.946333,1,1,1,14,81
2026-01-24 01:34:24.743616,1,2,1,14,81
2026-01-24 01:34:27.770841,1,1,2,14,81
2026-01-24 01:34:31.680394,1,2,1,14,79
2026-01-24 01:34:34.456102,1,1,1,14,80
2026-01-24 01:34:37.416348,1,1,1,14,79
2026-01-24 01:34:41.113246,1,2,1,14,76
2026-01-24 01:34:44.461013,1,2,1,14,74
2026-01-24 01:34:47.214616,1,2,1,14,74
2026-01-24 01:34:50.139745,1,1,1,14,74
2026-01-24 01:34:53.061657,1,2,10,14,74
2026-01-24 01:34:55.928829,1,1,2,14,74
2026-01-24 01:34:59.717689,1,2,1,14,74
2026-01-24 01:35:03.003034,1,1,1,14,74
2026-01-24 01:35:05.882712,1,2,1,14,74
2026-01-24 01:35:08.734426,1,2,3,14,74
2026-01-24 01:35:11.698344,1,1,1,14,74
2026-01-24 01:35:14.463192,1,1,2,14,74
2026-01-24 01:35:18.726074,1,2,2,14,74
2026-01-24 01:35:23.691293,1,2,1,14,74
2026-01-24 01:35:26.653967,1,2,1,14,74
2026-01-24 01:35:29.397653,1,1,1,14,74
2026-01-24 01:35:33.407099,1,1,1,14,74
2026-01-24 01:35:36.172362,1,1,1,14,77
2026-01-24 01:35:39.158377,1,1,1,14,80
2026-01-24 01:35:42.520700,1,2,1,14,79
2026-01-24 01:35:45.326657,1,1,1,14,76
2026-01-24 01:35:48.255154,1,1,1,14,74
2026-01-24 01:35:51.030562,1,1,1,14,74
2026-01-24 01:35:54.911073,1,2,1,14,74
2026-01-24 01:35:58.703759,1,2,1,14,74
2026-01-24 01:36:04.242086,1,2,1,14,74
2026-01-24 01:36:08.120639,1,1,1,14,74
2026-01-24 01:36:11.002715,1,1,1,14,73
2026-01-24 01:36:14.777216,1,2,1,14,73
2026-01-24 01:36:17.642542,1,2,8,14,73
2026-01-24 01:36:20.518150,1,1,1,14,69
2026-01-24 01:36:23.807875,1,1,3,14,66
2026-01-24 01:36:26.766131,1,2,1,14,63
2026-01-24 01:36:29.622214,1,1,7,14,62
2026-01-24 01:36:32.503751,1,1,2,14,62
2026-01-24 01:36:36.792002,1,1,1,14,62
2026-01-24 01:36:40.099489,1,1,1,14,62
2026-01-24 01:36:43.551258,1,1,1,14,62
2026-01-24 01:36:46.337038,1,2,7,14,62
2026-01-24 01:36:50.234316,1,1,2,14,62
2026-01-24 01:36:53.084903,1,2,2,14,62
2026-01-24 01:36:56.183435,1,2,5,14,62
2026-01-24 01:36:59.730368,1,2,2,14,62
2026-01-24 01:37:03.734141,1,2,1,14,62
2026-01-24 01:37:07.727759,1,2,1,14,64
2026-01-24 01:37:10.455453,1,1,8,14,64
2026-01-24 01:37:13.464934,1,2,1,14,64
2026-01-24 01:37:17.351978,1,1,1,14,64
2026-01-24 01:37:20.530672,1,1,1,14,64
2026-01-24 01:37:23.910547,1,1,1,14,64
2026-01-24 01:37:26.763648,1,2,1,14,64
2026-01-24 01:37:29.653754,1,2,3,14,64
2026-01-24 01:37:32.510130,1,1,3,14,64
2026-01-24 01:37:36.800339,1,1,5,14,64
2026-01-24 01:37:40.178000,1,1,4,14,64
2026-01-24 01:37:44.505235,1,1,1,14,64
2026-01-24 01:37:47.475157,1,1,1,14,64
2026-01-24 01:37:50.206403,1,2,2,14,64
2026-01-24 01:37:53.085436,1,1,1,14,64
2026-01-24 01:37:55.954487,1,1,1,14,64
2026-01-24 01:37:59.739222,1,2,2,14,64
2026-01-24 01:38:03.832527,1,1,2,14,64
2026-01-24 01:38:07.653410,1,1,2,14,64
2026-01-24 01:38:10.497371,1,2,1,14,67
2026-01-24 01:38:13.358516,1,1,1,14,70
2026-01-24 01:38:17.246305,1,2,2,14,73
2026-01-24 01:38:20.542851,1,2,1,14,74
2026-01-24 01:38:23.398165,1,1,1,14,74
2026-01-24 01:38:26.373115,1,1,1,14,71
2026-01-24 01:38:29.124498,1,2,17,14,68
2026-01-24 01:38:31.946520,1,2,1,14,65
2026-01-24 01:38:35.792353,1,1,5,14,68
2026-01-24 01:38:39.058449,1,2,6,14,70
2026-01-24 01:38:43.099851,1,1,1,14,70
2026-01-24 01:38:47.454559,1,1,1,14,70
2026-01-24 01:38:50.257643,1,2,2,14,70
2026-01-24 01:38:53.188935,1,1,1,14,69
2026-01-24 01:38:55.965604,1,1,1,14,66
2026-01-24 01:38:59.762147,1,2,16,14,64
2026-01-24 01:39:02.724003,1,2,17,14,64
2026-01-24 01:39:05.804256,1,1,1,14,64
2026-01-24 01:39:10.827200,1,1,2,14,64
2026-01-24 01:39:13.771348,1,1,1,14,64
2026-01-24 01:39:16.537766,1,1,3,15,65
2026-01-24 01:39:19.416652,1,1,2,15,68
2026-01-24 01:39:23.301699,1,1,4,15,71
2026-01-24 01:39:26.603647,1,2,6,15,74
2026-01-24 01:39:30.887805,1,2,8,15,77
2026-01-24 01:39:34.277839,1,2,1,15,77
2026-01-24 01:39:37.919484,1,2,1,15,69
2026-01-24 01:39:41.842097,1,1,4,15,66
2026-01-24 01:39:44.809743,1,1,1,15,64
2026-01-24 01:39:47.796649,1,1,1,15,67
2026-01-24 01:39:52.378555,1,1,1,15,68
2026-01-24 01:39:55.793426,1,1,3,15,68
2026-01-24 01:39:58.632010,1,2,2,15,67
2026-01-24 01:40:01.616180,1,1,3,15,64
2026-01-24 01:40:04.868705,1,1,1,15,62
2026-01-24 01:40:07.734652,1,1,3,15,62
2026-01-24 01:40:10.519229,1,2,1,15,62
2026-01-24 01:40:13.441559,1,1,2,15,62
2026-01-24 01:40:17.258620,1,2,8,15,62
2026-01-24 01:40:21.058232,1,2,6,15,62
2026-01-24 01:40:25.260576,1,2,6,15,62
2026-01-24 01:40:28.227917,1,1,1,15,62
2026-01-24 01:40:30.980496,1,2,1,15,62
2026-01-24 01:40:33.850694,1,2,1,15,62
2026-01-24 01:40:37.844631,1,2,3,15,64
2026-01-24 01:40:40.574709,1,2,6,15,67
2026-01-24 01:40:43.475546,1,1,1,15,70
2026-01-24 01:40:47.285969,1,1,1,15,73
2026-01-24 01:40:50.538583,1,1,1,15,76
2026-01-24 01:40:54.953166,1,1,1,15,77
2026-01-24 01:40:58.239197,1,1,1,15,74
2026-01-24 01:41:01.969142,1,2,1,15,74
2026-01-24 01:41:05.776609,1,1,10,15,74
2026-01-24 01:41:09.175730,1,1,11,15,74
2026-01-24 01:41:12.964520,1,1,8,15,74
2026-01-24 01:41:17.399689,1,2,2,15,74
2026-01-24 01:41:20.753962,1,2,4,15,74
2026-01-24 01:41:24.890730,1,1,6,15,74
2026-01-24 01:41:28.327293,1,2,5,15,74
2026-01-24 01:41:31.817367,1,1,2,15,74
2026-01-24 01:41:34.554517,1,1,2,15,74
2026-01-24 01:41:37.552636,1,1,2,15,74
2026-01-24 01:41:41.341711,1,1,1,15,74
2026-01-24 01:41:44.640502,1,2,1,15,74
2026-01-24 01:41:47.479029,1,2,1,15,74
2026-01-24 01:41:50.301639,1,2,2,15,74
2026-01-24 01:41:53.207421,1,2,11,15,74
2026-01-24 01:41:55.972212,1,2,2,15,74
2026-01-24 01:41:59.965904,1,2,1,15,74
2026-01-24 01:42:03.242277,1,1,2,15,74
2026-01-24 01:42:06.008091,1,1,2,15,74
2026-01-24 01:42:08.892982,1,1,2,15,74
2026-01-24 01:42:11.769300,1,1,1,15,74
2026-01-24 01:42:14.628024,1,1,5,15,74
2026-01-24 01:42:18.926995,1,2,1,14,74
2026-01-24 01:42:22.248967,1,1,1,14,74
2026-01-24 01:42:26.804656,1,1,1,14,74
2026-01-24 01:42:30.071770,1,1,1,14,74
2026-01-24 01:42:32.944490,1,2,1,14,74
2026-01-24 01:42:35.807536,1,1,4,15,74
2026-01-24 01:42:38.672376,1,1,1,15,74
2026-01-24 01:42:42.985948,1,2,1,18,76
2026-01-24 01:42:47.270088,1,1,1,16,78
2026-01-24 01:42:50.756250,1,1,1,16,75
2026-01-24 01:42:54.955686,1,2,1,15,72
2026-01-24 01:42:58.245624,1,2,1,16,69
2026-01-24 01:43:02.008939,1,2,3,17,72
2026-01-24 01:43:05.911368,1,1,11,19,75
2026-01-24 01:43:08.790079,1,1,2,18,78
2026-01-24 01:43:11.748055,1,1,1,18,81
2026-01-24 01:43:15.537496,1,1,1,16,78
2026-01-24 01:43:18.407643,1,1,1,15,75
2026-01-24 01:43:21.187322,1,1,1,15,72
2026-01-24 01:43:25.586850,1,2,1,14,69
2026-01-24 01:43:29.258649,1,2,1,14,69
2026-01-24 01:43:32.549642,1,2,2,14,69
2026-01-24 01:43:35.326240,1,1,1,14,69
2026-01-24 01:43:38.166977,1,2,1,14,69
2026-01-24 01:43:41.943863,1,2,16,14,69
2026-01-24 01:43:45.189700,1,2,4,14,69
2026-01-24 01:43:48.105819,1,2,1,14,69
2026-01-24 01:43:50.967187,1,1,2,14,69
2026-01-24 01:43:53.845038,1,1,1,14,72
2026-01-24 01:43:56.701790,1,2,2,14,75
2026-01-24 01:44:00.498090,1,2,5,14,78
2026-01-24 01:44:04.392656,1,2,9,14,78
2026-01-24 01:44:07.658441,1,2,3,14,77
2026-01-24 01:44:10.525490,1,2,4,15,77
2026-01-24 01:44:14.416998,1,2,4,15,77
2026-01-24 01:44:17.316244,1,2,6,15,77
2026-01-24 01:44:20.054085,1,2,4,15,75
2026-01-24 01:44:23.940262,1,2,3,15,74
2026-01-24 01:44:27.021373,1,2,2,15,74
2026-01-24 01:44:30.299618,1,2,4,15,74
2026-01-24 01:44:34.120124,1,2,2,15,73
2026-01-24 01:44:37.046971,1,2,1,15,69
2026-01-24 01:44:40.323778,1,2,1,15,66
2026-01-24 01:44:44.138409,1,1,2,15,68
2026-01-24 01:44:48.004214,1,2,5,15,68
2026-01-24 01:44:50.901066,1,2,29,15,68
2026-01-24 01:44:53.636457,1,2,19,15,68
2026-01-24 01:44:57.632908,1,2,8,15,68
2026-01-24 01:45:00.411571,1,2,8,15,66
2026-01-24 01:45:03.210061,1,2,1,15,63
2026-01-24 01:45:07.064675,1,2,8,15,62
2026-01-24 01:45:09.991663,1,2,7,15,62
2026-01-24 01:45:13.841257,1,2,1,15,62
2026-01-24 01:45:16.650940,1,1,2,15,62
2026-01-24 01:45:19.656921,1,2,5,15,62
2026-01-24 01:45:23.453836,1,2,10,15,62
2026-01-24 01:45:26.710992,1,2,1,15,63
2026-01-24 01:45:30.101351,1,2,3,15,66
2026-01-24 01:45:32.957612,1,2,5,16,69
2026-01-24 01:45:35.926700,1,2,6,16,72
2026-01-24 01:45:38.705770,1,2,12,16,74
2026-01-24 01:45:42.603510,1,2,10,15,74
2026-01-24 01:45:46.371600,1,2,4,16,74
2026-01-24 01:45:49.853257,1,1,7,15,68
2026-01-24 01:45:52.720069,1,2,3,14,65
2026-01-24 01:45:55.602216,1,2,4,14,65
2026-01-24 01:45:59.594255,1,1,1,14,65
2026-01-24 01:46:02.860404,1,2,1,14,65
2026-01-24 01:46:07.056407,1,2,12,13,65
2026-01-24 01:46:11.459446,1,2,3,13,62
2026-01-24 01:46:14.753635,1,2,2,12,62
2026-01-24 01:46:18.534059,1,2,1,12,62
2026-01-24 01:46:22.424884,1,2,1,12,63
2026-01-24 01:46:26.225813,1,2,3,12,69
2026-01-24 01:46:30.010558,1,1,1,12,72
2026-01-24 01:46:33.065942,1,2,4,12,75
2026-01-24 01:46:36.224380,1,1,1,12,78
2026-01-24 01:46:41.606399,1,2,3,12,72
2026-01-24 01:46:44.551850,1,2,5,12,69
2026-01-24 01:46:47.404285,1,2,5,12,66
2026-01-24 01:46:50.166511,1,2,2,12,63
2026-01-24 01:46:53.033898,1,2,2,11,62
2026-01-24 01:46:56.518941,1,2,2,11,62
2026-01-24 01:46:59.396290,1,2,7,11,62
2026-01-24 01:47:02.966818,1,2,2,11,62
2026-01-24 01:47:07.062933,1,2,4,11,62
2026-01-24 01:47:10.366738,1,1,3,11,62
2026-01-24 01:47:13.820949,1,1,1,11,63
2026-01-24 01:47:16.687994,1,2,3,11,66
2026-01-24 01:47:20.478380,1,1,2,11,69
2026-01-24 01:47:23.446796,1,2,2,11,70
2026-01-24 01:47:26.214081,1,2,1,11,67
2026-01-24 01:47:30.001652,1,1,4,11,65
2026-01-24 01:47:33.481817,1,1,1,11,65
2026-01-24 01:47:36.251767,1,2,3,11,66
2026-01-24 01:47:39.011317,1,1,2,11,66
2026-01-24 01:47:41.999275,1,2,1,11,66
2026-01-24 01:47:44.745328,1,2,4,11,66
2026-01-24 01:47:49.151776,1,1,1,11,66
2026-01-24 01:47:52.399673,1,2,2,11,66
2026-01-24 01:47:56.531708,1,2,4,11,66
2026-01-24 01:47:59.900185,1,1,1,11,66
2026-01-24 01:48:03.715105,1,1,1,11,66
2026-01-24 01:48:06.556302,1,2,4,11,66
2026-01-24 01:48:09.334412,1,1,1,11,66
2026-01-24 01:48:13.724774,1,2,2,11,66
2026-01-24 01:48:17.206373,1,2,4,11,66
2026-01-24 01:48:20.131536,1,2,7,11,66
2026-01-24 01:48:22.727628,1,2,4,11,66
2026-01-24 01:48:25.604453,1,2,4,11,66
2026-01-24 01:48:29.501238,1,1,3,11,66
2026-01-24 01:48:32.994263,1,2,2,11,66
2026-01-24 01:48:35.642247,1,2,2,11,66
2026-01-24 01:48:38.505513,1,1,1,11,66
2026-01-24 01:48:41.387427,1,1,1,11,66
2026-01-24 01:48:44.249898,1,1,1,11,66
2026-01-24 01:48:48.140309,1,2,2,11,66
2026-01-24 01:48:51.315132,1,2,5,11,66
2026-01-24 01:48:54.172751,1,1,1,11,66
2026-01-24 01:48:57.157814,1,2,1,11,66
2026-01-24 01:49:00.002911,1,2,1,11,69
2026-01-24 01:49:02.804715,1,2,2,11,72
2026-01-24 01:49:07.075083,1,1,2,11,75
2026-01-24 01:49:10.454076,1,2,2,11,72
2026-01-24 01:49:14.037133,1,2,8,11,71
2026-01-24 01:49:16.802947,1,2,1,11,71
2026-01-24 01:49:19.653936,1,1,1,11,72
2026-01-24 01:49:23.768606,1,2,8,11,75
2026-01-24 01:49:26.851928,1,2,2,11,78
2026-01-24 01:49:31.166431,1,2,1,11,79
2026-01-24 01:49:34.543416,1,1,2,11,79
2026-01-24 01:49:37.384975,1,2,1,11,79
2026-01-24 01:49:40.252527,1,2,1,11,79
2026-01-24 01:49:43.087162,1,2,4,11,79
2026-01-24 01:49:46.502268,1,1,4,11,79
2026-01-24 01:49:50.202216,1,2,9,11,79
2026-01-24 01:49:53.154585,1,2,5,11,79
2026-01-24 01:49:56.152435,1,2,1,11,79
2026-01-24 01:49:58.786846,1,2,1,11,79
2026-01-24 01:50:01.654247,1,1,2,11,77
2026-01-24 01:50:05.496671,1,2,4,11,74
2026-01-24 01:50:08.841265,1,1,6,11,71
2026-01-24 01:50:11.803976,1,1,1,11,68
2026-01-24 01:50:14.760730,1,2,4,11,65
2026-01-24 01:50:17.539920,1,2,1,11,65
2026-01-24 01:50:20.300943,1,2,5,11,65
2026-01-24 01:50:24.079597,1,2,2,11,68
2026-01-24 01:50:27.470066,1,2,1,12,69
2026-01-24 01:50:30.852347,1,2,5,13,69
2026-01-24 01:50:33.704597,1,1,1,15,69
2026-01-24 01:50:36.572350,1,2,3,16,69
2026-01-24 01:50:39.446741,1,2,1,17,69
2026-01-24 01:50:43.238510,1,2,10,18,69
2026-01-24 01:50:47.540757,1,1,3,19,67
2026-01-24 01:50:50.421675,1,2,16,18,65
2026-01-24 01:50:53.373942,1,2,2,19,65
2026-01-24 01:50:57.154193,1,2,5,20,65
2026-01-24 01:51:00.036363,1,2,1,19,68
2026-01-24 01:51:03.001561,1,2,4,19,71
2026-01-24 01:51:06.783922,1,1,1,19,74
2026-01-24 01:51:10.162786,1,2,5,19,77
2026-01-24 01:51:14.050598,1,2,5,18,78
2026-01-24 01:51:16.834491,1,1,1,18,78
2026-01-24 01:51:19.804387,1,2,5,18,78
2026-01-24 01:51:23.535303,1,2,1,18,73
2026-01-24 01:51:26.867640,1,2,2,18,70
2026-01-24 01:51:30.252777,1,2,6,18,67
2026-01-24 01:51:33.555742,1,2,3,18,65
2026-01-24 01:51:36.373755,1,2,5,18,65
2026-01-24 01:51:40.367286,1,2,1,18,65
2026-01-24 01:51:43.143104,1,2,2,17,65
2026-01-24 01:51:46.511332,1,2,3,15,65
2026-01-24 01:51:52.269838,1,1,4,16,65
2026-01-24 01:51:55.407602,1,1,5,18,71
2026-01-24 01:51:58.266034,1,2,1,18,71
2026-01-24 01:52:01.156635,1,2,7,18,74
2026-01-24 01:52:04.852357,1,2,7,16,76
2026-01-24 01:52:08.322498,1,2,4,15,71
2026-01-24 01:52:11.216343,1,2,1,15,68
2026-01-24 01:52:14.671283,1,1,1,14,67
2026-01-24 01:52:17.450116,1,1,1,14,70
2026-01-24 01:52:20.422871,1,2,2,14,73
2026-01-24 01:52:24.204568,1,1,2,14,73
2026-01-24 01:52:27.403709,1,2,1,14,73
2026-01-24 01:52:31.464757,1,1,1,14,73
2026-01-24 01:52:34.844629,1,2,1,14,73
2026-01-24 01:52:37.699684,1,1,1,14,73
2026-01-24 01:52:41.616480,1,2,2,14,73
2026-01-24 01:52:44.891321,1,2,2,14,73
2026-01-24 01:52:48.771249,1,2,1,14,73
2026-01-24 01:52:52.150538,1,1,1,14,73
2026-01-24 01:52:55.531346,1,1,1,14,73
2026-01-24 01:52:58.296476,1,1,1,14,73
2026-01-24 01:53:01.166420,1,1,1,14,73
2026-01-24 01:53:04.513562,1,1,1,15,73
2026-01-24 01:53:08.328240,1,1,1,16,74
2026-01-24 01:53:11.197989,1,1,9,16,77
2026-01-24 01:53:14.055612,1,2,2,17,80
2026-01-24 01:53:16.943338,1,2,6,18,83
2026-01-24 01:53:19.900500,1,1,1,19,86
2026-01-24 01:53:23.604310,1,2,2,19,82
2026-01-24 01:53:26.965112,1,2,4,19,79
2026-01-24 01:53:30.242635,1,1,1,19,75
2026-01-24 01:53:33.278520,1,2,1,18,72
2026-01-24 01:53:36.693435,1,2,6,16,69
2026-01-24 01:53:39.459509,1,2,1,15,69
2026-01-24 01:53:43.247012,1,2,1,14,69
2026-01-24 01:53:47.704923,1,1,1,13,69
2026-01-24 01:53:50.527515,1,1,1,13,69
2026-01-24 01:53:53.905156,1,1,1,12,69
2026-01-24 01:53:57.807641,1,2,2,11,70
2026-01-24 01:54:00.774667,1,2,1,11,70
2026-01-24 01:54:03.527465,1,2,2,11,70
2026-01-24 01:54:07.935573,1,2,3,11,71
2026-01-24 01:54:11.204287,1,1,3,11,71
2026-01-24 01:54:14.203081,1,1,1,11,71
2026-01-24 01:54:17.448472,1,2,1,11,71
2026-01-24 01:54:20.213314,1,1,1,11,71
2026-01-24 01:54:23.300306,1,2,1,11,71
2026-01-24 01:54:28.200583,1,1,1,11,71
2026-01-24 01:54:31.580504,1,2,2,11,71
2026-01-24 01:54:34.344455,1,1,1,11,71
2026-01-24 01:54:37.230836,1,1,1,11,71
2026-01-24 01:54:40.606304,1,1,2,11,71
2026-01-24 01:54:44.387258,1,1,1,11,71
2026-01-24 01:54:47.861413,1,2,1,11,71
2026-01-24 01:54:50.630252,1,2,2,11,71
2026-01-24 01:54:53.600658,1,2,4,11,71
2026-01-24 01:54:56.360394,1,1,6,11,70
2026-01-24 01:55:00.253345,1,2,10,11,68
2026-01-24 01:55:03.527844,1,2,48,11,71
2026-01-24 01:55:07.009631,1,2,5,12,71
2026-01-24 01:55:09.899673,1,2,6,13,70
2026-01-24 01:55:12.749819,1,2,4,13,67
2026-01-24 01:55:15.509685,1,1,2,14,64
2026-01-24 01:55:19.814010,1,2,5,14,62
2026-01-24 01:55:23.706704,1,1,1,15,63
2026-01-24 01:55:28.730322,1,1,1,15,69
2026-01-24 01:55:32.199806,1,2,1,15,72
2026-01-24 01:55:34.908218,1,2,3,15,75
2026-01-24 01:55:37.832208,1,1,1,15,75
2026-01-24 01:55:41.723349,1,2,3,15,75
2026-01-24 01:55:45.007743,1,1,1,16,75
2026-01-24 01:55:48.426924,1,2,2,15,75
2026-01-24 01:55:51.759200,1,2,4,14,75
2026-01-24 01:55:54.550986,1,2,3,13,74
2026-01-24 01:55:58.415044,1,1,1,12,71
2026-01-24 01:56:01.281459,1,2,3,11,68
2026-01-24 01:56:04.660845,1,2,3,13,68
2026-01-24 01:56:10.190075,1,1,1,14,72
2026-01-24 01:56:13.596367,1,1,1,13,74
2026-01-24 01:56:16.341838,1,2,5,12,74
2026-01-24 01:56:19.303879,1,1,6,12,74
2026-01-24 01:56:22.707857,1,2,2,11,73
2026-01-24 01:56:26.472126,1,2,2,11,69
2026-01-24 01:56:29.439829,1,1,4,11,69
2026-01-24 01:56:32.755566,1,1,4,11,69
2026-01-24 01:56:35.608149,1,2,5,11,69
2026-01-24 01:56:38.429292,1,1,4,12,69
2026-01-24 01:56:42.257230,1,2,1,12,69
2026-01-24 01:56:45.620224,1,2,2,11,69
2026-01-24 01:56:49.513578,1,1,1,11,69
2026-01-24 01:56:53.916164,1,2,5,11,67
2026-01-24 01:56:56.986702,1,2,4,11,67
2026-01-24 01:56:59.869763,1,1,1,11,67
2026-01-24 01:57:02.531234,1,2,2,11,67
2026-01-24 01:57:06.308688,1,2,3,11,67
2026-01-24 01:57:10.233811,1,1,1,11,67
2026-01-24 01:57:14.161591,1,1,2,11,67
2026-01-24 01:57:17.065870,1,2,1,11,67
2026-01-24 01:57:19.931960,1,2,2,11,67
2026-01-24 01:57:23.918050,1,1,1,11,67
2026-01-24 01:57:27.002463,1,2,2,11,68
2026-01-24 01:57:30.394021,1,2,3,11,69
2026-01-24 01:57:33.767459,1,2,2,11,68
2026-01-24 01:57:36.526916,1,1,3,11,67
2026-01-24 01:57:40.507599,1,2,2,11,67
2026-01-24 01:57:43.591456,1,2,1,11,67
2026-01-24 01:57:46.753052,1,2,4,11,67
2026-01-24 01:57:51.160748,1,2,2,11,66
2026-01-24 01:57:54.435141,1,2,1,11,66
2026-01-24 01:57:57.306741,1,2,2,11,66
2026-01-24 01:58:00.271674,1,2,1,11,63
2026-01-24 01:58:03.050805,1,2,3,11,63
2026-01-24 01:58:06.926211,1,2,1,11,63
2026-01-24 01:58:09.801142,1,1,2,11,63
2026-01-24 01:58:12.559084,1,2,2,11,63
2026-01-24 01:58:17.370731,1,2,1,11,63
2026-01-24 01:58:20.756233,1,2,1,11,63
2026-01-24 01:58:23.618556,1,1,2,12,63
2026-01-24 01:58:27.427218,1,2,2,12,63
2026-01-24 01:58:30.291470,1,2,2,13,63
2026-01-24 01:58:33.207414,1,1,2,13,62
2026-01-24 01:58:36.008564,1,2,2,13,62
2026-01-24 01:58:39.903133,1,2,1,13,62
2026-01-24 01:58:42.868597,1,2,4,13,62
2026-01-24 01:58:46.271914,1,1,3,13,62
2026-01-24 01:58:49.626385,1,1,1,13,62
2026-01-24 01:58:52.606820,1,1,1,13,62
2026-01-24 01:58:55.361198,1,2,2,13,62
2026-01-24 01:58:58.740597,1,2,4,14,62
2026-01-24 01:59:02.426432,1,2,1,16,64
2026-01-24 01:59:05.911378,1,2,4,18,67
2026-01-24 01:59:08.878002,1,1,2,18,70
2026-01-24 01:59:11.758181,1,1,2,18,73
2026-01-24 01:59:14.613416,1,2,2,17,73
2026-01-24 01:59:18.300612,1,1,1,16,73
2026-01-24 01:59:21.707744,1,1,2,15,73
2026-01-24 01:59:26.081368,1,1,2,15,73
2026-01-24 01:59:28.863581,1,1,4,15,73
2026-01-24 01:59:33.056014,1,2,4,15,73
2026-01-24 01:59:35.707062,1,2,4,15,73
2026-01-24 01:59:38.500587,1,2,5,15,73
2026-01-24 01:59:42.300000,1,1,1,15,73
2026-01-24 01:59:46.468391,1,1,2,15,73
2026-01-24 01:59:50.210335,1,1,1,15,73
2026-01-24 01:59:53.114848,1,1,1,14,73
2026-01-24 01:59:55.886751,1,1,2,14,70
2026-01-24 01:59:59.782037,1,2,2,14,68
2026-01-24 02:00:03.051901,1,1,2,14,65
2026-01-24 02:00:06.426941,1,2,1,14,62
2026-01-24 02:00:09.413923,1,2,2,14,62
2026-01-24 02:00:12.263652,1,1,1,14,62
2026-01-24 02:00:15.058890,1,1,1,14,62
2026-01-24 02:00:19.439759,1,1,1,14,62
2026-01-24 02:00:22.708562,1,1,3,14,62
2026-01-24 02:00:28.342886,1,1,1,14,62
2026-01-24 02:00:31.682411,1,2,3,14,62
2026-01-24 02:00:34.632308,1,2,2,14,62
2026-01-24 02:00:37.398458,1,2,3,14,62
2026-01-24 02:00:40.730757,1,1,3,14,62
2026-01-24 02:00:44.519106,1,1,1,15,62
2026-01-24 02:00:47.404161,1,2,4,14,62
2026-01-24 02:00:50.872130,1,1,3,13,62
2026-01-24 02:00:53.754425,1,2,2,13,62
2026-01-24 02:00:56.612549,1,1,2,12,62
2026-01-24 02:01:00.508488,1,1,1,12,62
2026-01-24 02:01:03.624603,1,2,1,13,62
2026-01-24 02:01:08.629433,1,1,1,14,62
2026-01-24 02:01:12.603482,1,2,2,16,62
2026-01-24 02:01:15.447151,1,2,1,16,62
2026-01-24 02:01:18.311717,1,2,2,15,62
2026-01-24 02:01:21.205065,1,2,2,15,62
2026-01-24 02:01:25.387243,1,2,3,14,62
2026-01-24 02:01:30.347341,1,1,1,14,62
2026-01-24 02:01:33.364211,1,1,1,14,62
2026-01-24 02:01:36.129052,1,1,2,14,62
2026-01-24 02:01:40.020176,1,2,2,14,62
2026-01-24 02:01:42.980055,1,1,1,14,62
2026-01-24 02:01:45.652255,1,2,3,14,62
2026-01-24 02:01:49.145949,1,2,2,14,62
2026-01-24 02:01:51.950523,1,2,1,14,62
2026-01-24 02:01:54.868323,1,2,3,14,62
2026-01-24 02:01:57.645888,1,2,3,14,62
2026-01-24 02:02:02.035895,1,1,1,14,62
2026-01-24 02:02:05.824959,1,1,1,14,62
2026-01-24 02:02:08.710167,1,2,2,13,62
2026-01-24 02:02:11.564194,1,1,1,13,62
2026-01-24 02:02:15.455390,1,1,2,12,62
2026-01-24 02:02:18.327515,1,1,4,12,62
2026-01-24 02:02:21.217844,1,2,3,12,62
2026-01-24 02:02:24.974379,1,1,2,12,62
2026-01-24 02:02:27.899772,1,1,2,12,63
2026-01-24 02:02:30.707970,1,1,1,13,63
2026-01-24 02:02:36.004699,1,1,2,13,62
2026-01-24 02:02:38.900057,1,1,1,13,62
2026-01-24 02:02:41.767203,1,1,1,13,62
2026-01-24 02:02:44.643992,1,1,3,13,62
2026-01-24 02:02:47.603992,1,1,1,13,62
2026-01-24 02:02:50.294682,1,2,2,13,63
2026-01-24 02:02:53.143677,1,2,3,13,66
2026-01-24 02:02:56.103015,1,2,2,13,66
2026-01-24 02:02:59.997068,1,2,5,13,63
2026-01-24 02:03:03.804380,1,1,1,13,63
2026-01-24 02:03:06.552304,1,1,1,13,63
2026-01-24 02:03:09.415664,1,1,2,13,63
2026-01-24 02:03:12.394340,1,1,1,13,63
2026-01-24 02:03:15.155853,1,1,2,13,63
2026-01-24 02:03:19.044144,1,2,2,13,62
2026-01-24 02:03:22.794482,1,2,1,13,62
2026-01-24 02:03:26.311122,1,2,2,13,64
2026-01-24 02:03:29.178270,1,2,2,13,64
2026-01-24 02:03:32.055620,1,2,2,13,64
2026-01-24 02:03:35.954263,1,2,1,13,64
2026-01-24 02:03:39.231871,1,2,1,13,64
2026-01-24 02:03:43.516297,1,2,1,13,64
2026-01-24 02:03:46.893475,1,2,3,13,64
2026-01-24 02:03:49.865584,1,2,1,14,64
2026-01-24 02:03:52.650721,1,1,2,14,64
2026-01-24 02:03:55.448985,1,1,1,14,64
2026-01-24 02:03:58.879726,1,1,3,14,64
2026-01-24 02:04:02.560585,1,1,1,14,63
2026-01-24 02:04:06.554281,1,2,2,14,63
2026-01-24 02:04:09.672903,1,1,1,13,63
2026-01-24 02:04:13.517330,1,1,1,13,63
2026-01-24 02:04:17.420436,1,2,2,12,63
2026-01-24 02:04:20.293991,1,2,1,13,63
2026-01-24 02:04:23.566050,1,1,1,13,63
2026-01-24 02:04:27.444570,1,1,1,15,63
2026-01-24 02:04:30.351364,1,1,2,14,63
2026-01-24 02:04:33.181698,1,1,1,14,63
2026-01-24 02:04:36.966905,1,1,1,16,63
2026-01-24 02:04:40.857471,1,2,1,17,63
2026-01-24 02:04:44.646763,1,2,1,16,63
2026-01-24 02:04:48.450496,1,2,2,14,63
2026-01-24 02:04:51.705715,1,2,3,13,63
2026-01-24 02:04:55.604828,1,2,2,15,63
2026-01-24 02:04:59.904420,1,2,2,15,63
2026-01-24 02:05:03.291992,1,2,4,14,63
2026-01-24 02:05:07.598272,1,1,1,16,63
2026-01-24 02:05:10.962817,1,1,1,16,68
2026-01-24 02:05:13.781596,1,2,4,16,71
2026-01-24 02:05:16.615279,1,1,1,15,71
2026-01-24 02:05:19.569931,1,2,1,14,70
2026-01-24 02:05:22.841928,1,1,3,14,67
2026-01-24 02:05:26.630761,1,1,2,13,67
2026-01-24 02:05:30.139198,1,2,2,13,67
2026-01-24 02:05:32.979454,1,2,2,12,67
2026-01-24 02:05:35.847232,1,1,2,12,65
2026-01-24 02:05:38.645830,1,1,2,12,62
2026-01-24 02:05:42.502557,1,1,2,12,62
2026-01-24 02:05:45.773392,1,2,2,12,62
2026-01-24 02:05:49.371735,1,2,4,13,62
2026-01-24 02:05:52.128164,1,1,1,14,62
2026-01-24 02:05:55.013131,1,2,2,14,62
2026-01-24 02:05:57.760215,1,2,13,14,62
2026-01-24 02:06:01.753759,1,2,2,14,62
2026-01-24 02:06:05.952204,1,2,3,14,62
2026-01-24 02:06:08.819476,1,2,4,14,64
2026-01-24 02:06:11.622593,1,2,3,14,67
2026-01-24 02:06:15.577349,1,2,4,14,68
2026-01-24 02:06:18.391823,1,2,3,14,71
2026-01-24 02:06:21.447557,1,2,3,14,71
2026-01-24 02:06:25.203264,1,2,14,15,71
2026-01-24 02:06:28.892433,1,2,3,15,68
2026-01-24 02:06:32.486690,1,1,1,16,65
2026-01-24 02:06:35.247170,1,2,4,15,65
2026-01-24 02:06:38.617711,1,1,1,15,65
2026-01-24 02:06:41.996982,1,2,2,16,65
2026-01-24 02:06:44.864074,1,1,1,17,65
2026-01-24 02:06:48.759349,1,2,2,17,65
2026-01-24 02:06:52.651291,1,2,1,18,65
2026-01-24 02:06:55.515976,1,1,1,18,68
2026-01-24 02:06:58.995035,1,1,1,18,71
2026-01-24 02:07:02.694995,1,2,3,18,67
2026-01-24 02:07:06.705012,1,1,1,18,65
2026-01-24 02:07:10.576625,1,1,1,17,65
2026-01-24 02:07:14.458179,1,2,1,14,70
2026-01-24 02:07:17.266734,1,2,1,15,71
2026-01-24 02:07:20.297336,1,1,1,15,71
2026-01-24 02:07:23.963668,1,2,7,14,71
2026-01-24 02:07:27.268110,1,2,1,13,71
2026-01-24 02:07:30.751307,1,1,3,12,71
2026-01-24 02:07:33.610510,1,2,1,11,69
2026-01-24 02:07:36.475613,1,2,3,11,68
2026-01-24 02:07:39.248002,1,1,1,11,68
2026-01-24 02:07:43.641440,1,2,1,11,68
2026-01-24 02:07:46.918928,1,2,3,13,68
2026-01-24 02:07:51.423905,1,1,7,16,68
2026-01-24 02:07:54.905429,1,1,1,17,68
2026-01-24 02:07:57.535616,1,2,5,19,68
2026-01-24 02:08:00.540338,1,1,1,17,68
2026-01-24 02:08:03.304508,1,1,3,17,71
2026-01-24 02:08:07.099760,1,1,2,14,74
2026-01-24 02:08:10.469634,1,1,1,13,76
2026-01-24 02:08:13.852901,1,2,6,12,76
2026-01-24 02:08:16.716627,1,1,1,12,76
2026-01-24 02:08:19.587050,1,2,2,11,76
2026-01-24 02:08:22.908324,1,1,2,11,76
2026-01-24 02:08:26.676792,1,1,5,11,77
2026-01-24 02:08:29.622828,1,1,1,11,77
2026-01-24 02:08:33.510077,1,2,3,11,77
2026-01-24 02:08:36.245365,1,1,1,11,77
2026-01-24 02:08:40.169828,1,2,2,11,76
2026-01-24 02:08:43.046149,1,2,4,11,73
2026-01-24 02:08:46.105320,1,1,1,11,70
2026-01-24 02:08:49.802510,1,2,5,11,67
2026-01-24 02:08:53.606429,1,2,5,11,67
2026-01-24 02:08:57.493807,1,1,4,11,67
2026-01-24 02:09:00.353475,1,2,1,11,67
2026-01-24 02:09:04.150132,1,2,4,11,67
2026-01-24 02:09:07.304960,1,2,8,11,68
2026-01-24 02:09:11.597549,1,1,6,11,74
2026-01-24 02:09:15.085080,1,1,1,11,77
2026-01-24 02:09:17.862945,1,1,1,11,80
2026-01-24 02:09:20.819487,1,2,4,11,81
2026-01-24 02:09:24.610978,1,1,3,12,78
2026-01-24 02:09:27.886629,1,1,1,12,77
2026-01-24 02:09:31.254259,1,2,4,12,77
2026-01-24 02:09:34.130905,1,1,1,12,77
2026-01-24 02:09:37.211105,1,1,1,12,79
2026-01-24 02:09:39.865223,1,2,3,12,82
2026-01-24 02:09:44.165347,1,1,1,12,85
2026-01-24 02:09:48.001795,1,1,1,12,83
2026-01-24 02:09:50.937692,1,2,2,12,80
2026-01-24 02:09:53.791478,1,1,10,12,80
2026-01-24 02:09:57.607446,1,2,1,12,80
2026-01-24 02:10:00.554904,1,2,1,12,80
2026-01-24 02:10:03.314685,1,1,2,12,80
2026-01-24 02:10:06.702405,1,1,1,12,76
2026-01-24 02:10:09.663462,1,2,2,12,71
2026-01-24 02:10:12.484062,1,1,1,15,74
2026-01-24 02:10:15.409133,1,2,1,15,75
2026-01-24 02:10:19.699110,1,2,2,19,75
2026-01-24 02:10:22.981458,1,1,3,20,75
2026-01-24 02:10:26.764223,1,1,1,21,76
2026-01-24 02:10:30.562440,1,2,1,22,77
2026-01-24 02:10:33.932122,1,2,7,23,77
2026-01-24 02:10:37.655946,1,1,10,23,77
2026-01-24 02:10:41.612087,1,1,1,23,76
2026-01-24 02:10:44.380034,1,2,1,23,76
2026-01-24 02:10:48.889893,1,1,7,23,76
2026-01-24 02:10:52.783592,1,1,7,23,76
2026-01-24 02:10:55.649869,1,2,1,23,77
2026-01-24 02:10:58.963735,1,2,1,23,77
2026-01-24 02:11:02.811516,1,2,2,23,77
2026-01-24 02:11:06.609557,1,1,5,23,77
2026-01-24 02:11:10.693826,1,1,1,23,77
2026-01-24 02:11:14.690717,1,2,1,22,77
2026-01-24 02:11:17.330123,1,2,1,19,74
2026-01-24 02:11:20.216495,1,2,3,17,74
2026-01-24 02:11:24.119941,1,1,1,16,74
2026-01-24 02:11:27.487169,1,2,2,15,73
2026-01-24 02:11:30.763989,1,2,10,14,70
2026-01-24 02:11:34.143146,1,2,1,16,70
2026-01-24 02:11:36.953653,1,1,1,18,70
2026-01-24 02:11:40.819131,1,2,2,19,70
2026-01-24 02:11:43.671270,1,1,2,19,70
2026-01-24 02:11:47.000711,1,1,1,20,70
2026-01-24 02:11:51.460267,1,2,3,19,70
2026-01-24 02:11:54.213035,1,2,9,18,70
2026-01-24 02:11:57.194630,1,1,1,17,70
2026-01-24 02:11:59.947895,1,2,12,15,70
2026-01-24 02:12:02.815288,1,1,1,14,70
2026-01-24 02:12:06.726879,1,2,1,17,70
2026-01-24 02:12:09.573602,1,2,1,20,70
2026-01-24 02:12:13.084909,1,1,10,21,70
2026-01-24 02:12:16.861466,1,1,1,22,70
2026-01-24 02:12:19.710527,1,2,1,22,70
2026-01-24 02:12:23.008898,1,1,10,22,70
2026-01-24 02:12:26.781451,1,1,1,23,71
2026-01-24 02:12:30.710211,1,2,1,23,74
2026-01-24 02:12:34.558971,1,2,5,23,77
2026-01-24 02:12:37.412596,1,1,8,23,77
2026-01-24 02:12:40.246747,1,1,1,23,77
2026-01-24 02:12:43.166720,1,2,3,23,78
2026-01-24 02:12:46.250139,1,2,1,23,81
2026-01-24 02:12:49.409680,1,1,1,23,81
2026-01-24 02:12:52.260245,1,2,7,23,81
2026-01-24 02:12:55.556503,1,1,1,23,81
2026-01-24 02:12:59.037708,1,2,1,23,81
2026-01-24 02:13:01.710211,1,1,6,23,81
2026-01-24 02:13:05.093414,1,1,1,23,81
2026-01-24 02:13:07.860658,1,2,9,23,81
2026-01-24 02:13:11.115833,1,1,1,23,86
2026-01-24 02:13:14.415397,1,1,1,23,85
2026-01-24 02:13:17.376624,1,2,3,23,85
2026-01-24 02:13:21.138026,1,1,1,23,85
2026-01-24 02:13:24.018060,1,1,1,23,85
2026-01-24 02:13:26.804336,1,2,5,23,85
2026-01-24 02:13:30.162168,1,1,2,23,85
2026-01-24 02:13:33.462578,1,1,1,23,85
2026-01-24 02:13:36.305768,1,2,3,23,85
2026-01-24 02:13:39.151903,1,1,2,23,85
2026-01-24 02:13:42.004825,1,1,1,23,80
2026-01-24 02:13:44.761602,1,2,3,23,74
2026-01-24 02:13:48.800250,1,1,1,20,71
2026-01-24 02:13:52.131310,1,1,1,16,72
2026-01-24 02:13:55.457555,1,1,2,15,75
2026-01-24 02:13:58.311269,1,2,2,14,78
2026-01-24 02:14:01.202235,1,1,1,13,81
2026-01-24 02:14:05.201500,1,1,1,13,87
2026-01-24 02:14:08.569917,1,2,2,12,88
2026-01-24 02:14:11.245488,1,2,6,12,88
2026-01-24 02:14:15.217911,1,1,1,12,88
2026-01-24 02:14:18.037129,1,1,1,13,88
2026-01-24 02:14:22.446861,1,2,8,15,89
2026-01-24 02:14:25.282358,1,2,7,18,89
2026-01-24 02:14:28.743926,1,1,1,19,89
2026-01-24 02:14:32.522872,1,2,1,20,89
2026-01-24 02:14:34.899474,1,2,3,21,89
2026-01-24 02:14:38.189910,1,1,5,21,89
2026-01-24 02:14:41.636649,1,1,1,21,89
2026-01-24 02:14:44.411362,1,2,1,19,89
2026-01-24 02:14:47.270896,1,1,1,19,89
2026-01-24 02:14:51.187612,1,1,1,19,89
2026-01-24 02:14:54.143434,1,1,1,17,89
2026-01-24 02:14:56.905869,1,1,3,15,89
2026-01-24 02:14:59.761780,1,1,1,14,89
2026-01-24 02:15:03.053746,1,1,1,14,89
2026-01-24 02:15:05.829201,1,1,6,13,89
2026-01-24 02:15:09.809150,1,2,4,12,89
2026-01-24 02:15:12.669168,1,2,1,12,89
2026-01-24 02:15:16.458959,1,2,3,12,89
2026-01-24 02:15:19.344209,1,2,4,12,89
2026-01-24 02:15:22.801945,1,1,1,12,85
2026-01-24 02:15:25.463744,1,2,1,12,79
2026-01-24 02:15:28.350486,1,1,1,12,76
2026-01-24 02:15:31.301137,1,1,1,12,73
2026-01-24 02:15:35.805471,1,2,2,12,70
2026-01-24 02:15:39.319867,1,2,4,12,72
2026-01-24 02:15:42.668729,1,1,3,12,75
2026-01-24 02:15:45.445934,1,1,1,12,78
2026-01-24 02:15:49.325656,1,2,1,12,77
2026-01-24 02:15:53.112339,1,1,1,12,74
2026-01-24 02:15:56.543916,1,2,5,12,74
2026-01-24 02:15:59.459910,1,1,1,12,71
2026-01-24 02:16:04.393625,1,1,1,12,70
2026-01-24 02:16:06.532246,1,1,1,12,70
2026-01-24 02:16:09.393073,1,2,8,12,70
2026-01-24 02:16:12.232711,1,1,1,12,70
2026-01-24 02:16:16.048973,1,2,2,12,70
2026-01-24 02:16:18.929345,1,1,7,12,70
2026-01-24 02:16:21.885017,1,1,1,13,70
2026-01-24 02:16:24.759134,1,2,2,13,70
2026-01-24 02:16:27.534092,1,1,3,13,70
2026-01-24 02:16:31.772275,1,1,1,12,70
2026-01-24 02:16:37.773991,1,1,2,12,70
2026-01-24 02:16:42.264789,1,2,4,12,70
2026-01-24 02:16:45.059616,1,1,1,12,67
2026-01-24 02:16:47.919067,1,2,1,12,64
2026-01-24 02:16:51.808891,1,1,11,12,67
2026-01-24 02:16:54.757107,1,1,1,12,68
2026-01-24 02:16:58.037381,1,2,1,12,65
2026-01-24 02:17:02.304917,1,2,2,12,64
2026-01-24 02:17:06.177109,1,2,6,12,64
2026-01-24 02:17:09.550646,1,1,1,12,64
2026-01-24 02:17:13.413768,1,1,1,12,64
2026-01-24 02:17:17.186606,1,1,1,12,64
2026-01-24 02:17:20.665466,1,2,1,12,64
2026-01-24 02:17:23.697481,1,1,4,12,64
2026-01-24 02:17:26.421042,1,1,2,12,64
2026-01-24 02:17:30.289258,1,2,3,12,64
2026-01-24 02:17:33.565327,1,2,1,12,64
2026-01-24 02:17:37.354692,1,1,5,12,64
2026-01-24 02:17:40.221182,1,1,1,12,64
2026-01-24 02:17:43.107120,1,1,1,12,64
2026-01-24 02:17:47.007162,1,2,4,12,64
2026-01-24 02:17:49.948640,1,1,1,12,64
2026-01-24 02:17:53.225621,1,2,1,12,64
2026-01-24 02:17:56.912993,1,2,2,12,64
2026-01-24 02:18:00.412732,1,1,1,12,64
2026-01-24 02:18:03.261199,1,1,1,12,64
2026-01-24 02:18:06.129212,1,2,4,12,64
2026-01-24 02:18:08.976998,1,1,1,12,64
2026-01-24 02:18:12.797974,1,2,1,12,64
2026-01-24 02:18:16.163465,1,2,2,12,64
2026-01-24 02:18:20.040125,1,1,1,12,64
2026-01-24 02:18:24.561288,1,1,3,12,64
2026-01-24 02:18:27.340290,1,1,1,12,64
2026-01-24 02:18:30.204933,1,2,10,12,64
2026-01-24 02:18:33.058872,1,1,1,12,64
2026-01-24 02:18:36.795982,1,2,1,12,64
2026-01-24 02:18:40.247060,1,2,1,12,64
2026-01-24 02:18:43.006645,1,2,3,12,64
2026-01-24 02:18:45.859296,1,1,1,12,64
2026-01-24 02:18:48.741002,1,2,1,12,64
2026-01-24 02:18:51.612164,1,2,1,12,64
2026-01-24 02:18:55.899392,1,2,2,12,64
2026-01-24 02:18:58.762283,1,1,10,12,64
2026-01-24 02:19:02.108082,1,1,1,13,64
2026-01-24 02:19:05.011304,1,2,2,14,64
2026-01-24 02:19:07.876253,1,1,2,14,67
2026-01-24 02:19:11.559641,1,2,1,14,68
2026-01-24 02:19:15.042811,1,2,11,14,68
2026-01-24 02:19:17.912245,1,1,7,14,68
2026-01-24 02:19:21.808390,1,1,1,14,67
2026-01-24 02:19:25.090955,1,1,1,14,65
2026-01-24 02:19:30.403945,1,1,1,16,65
2026-01-24 02:19:33.290591,1,2,1,17,65
2026-01-24 02:19:36.247912,1,2,1,16,67
2026-01-24 02:19:38.960850,1,1,1,15,69
2026-01-24 02:19:42.794237,1,2,2,14,69
2026-01-24 02:19:46.121572,1,2,3,13,69
2026-01-24 02:19:50.063953,1,1,3,12,70
2026-01-24 02:19:53.859891,1,1,1,12,70
2026-01-24 02:19:56.574119,1,2,1,12,70
2026-01-24 02:19:59.396500,1,2,3,12,70
2026-01-24 02:20:03.285575,1,1,1,12,70
2026-01-24 02:20:06.245961,1,1,1,12,70
2026-01-24 02:20:09.013863,1,1,4,12,69
2026-01-24 02:20:12.926226,1,1,1,12,66
2026-01-24 02:20:16.175327,1,1,1,12,65
2026-01-24 02:20:19.759792,1,1,1,12,65
2026-01-24 02:20:22.408777,1,2,1,12,65
2026-01-24 02:20:25.391375,1,1,1,12,65
2026-01-24 02:20:28.158201,1,2,4,12,65
2026-01-24 02:20:32.499957,1,1,3,12,64
2026-01-24 02:20:36.351982,1,1,1,12,64
2026-01-24 02:20:41.891730,1,1,1,12,64
2026-01-24 02:20:44.847886,1,1,1,12,64
2026-01-24 02:20:47.555093,1,1,4,12,65
2026-01-24 02:20:50.464500,1,1,1,12,68
2026-01-24 02:20:54.370929,1,2,1,12,71
2026-01-24 02:20:57.661910,1,2,8,12,73
2026-01-24 02:21:01.026855,1,1,6,12,73
2026-01-24 02:21:03.894074,1,1,1,12,72
2026-01-24 02:21:06.763647,1,2,2,12,70
2026-01-24 02:21:09.832319,1,1,3,12,70
2026-01-24 02:21:13.896115,1,1,1,12,70
2026-01-24 02:21:17.345143,1,2,1,12,70
2026-01-24 02:21:20.703420,1,2,2,12,70
2026-01-24 02:21:23.554738,1,1,1,12,70
2026-01-24 02:21:27.360011,1,2,1,12,70
2026-01-24 02:21:30.210820,1,2,4,12,70
2026-01-24 02:21:32.990512,1,1,1,12,70
2026-01-24 02:21:36.877541,1,2,2,12,70
2026-01-24 02:21:40.962771,1,2,2,12,70
2026-01-24 02:21:44.853516,1,1,5,12,65
2026-01-24 02:21:47.621123,1,1,3,12,62
2026-01-24 02:21:50.500298,1,2,2,12,62
2026-01-24 02:21:54.490524,1,1,3,12,62
2026-01-24 02:21:58.112602,1,1,2,12,62
2026-01-24 02:22:02.722813,1,1,2,12,62
2026-01-24 02:22:06.053294,1,1,1,12,62
2026-01-24 02:22:09.954532,1,2,1,12,62
2026-01-24 02:22:12.911445,1,1,1,12,62
2026-01-24 02:22:15.677726,1,2,9,12,62
2026-01-24 02:22:19.467346,1,1,1,12,62
2026-01-24 02:22:22.851956,1,1,1,12,62
2026-01-24 02:22:26.189337,1,2,4,12,62
2026-01-24 02:22:29.016424,1,1,3,12,62
2026-01-24 02:22:31.960291,1,2,1,12,62
2026-01-24 02:22:35.439570,1,2,3,12,62
2026-01-24 02:22:39.132167,1,2,3,12,62
2026-01-24 02:22:42.103060,1,1,1,12,62
2026-01-24 02:22:45.986579,1,2,1,12,62
2026-01-24 02:22:49.159959,1,2,6,12,62
2026-01-24 02:22:54.493259,1,2,2,12,62
2026-01-24 02:22:57.455380,1,2,5,12,62
2026-01-24 02:23:00.252674,1,1,1,12,64
2026-01-24 02:23:03.108176,1,1,2,12,67
2026-01-24 02:23:06.876098,1,1,7,12,68
2026-01-24 02:23:10.255670,1,2,2,12,68
2026-01-24 02:23:14.564734,1,1,1,12,68
2026-01-24 02:23:18.450109,1,1,1,12,66
2026-01-24 02:23:21.731681,1,2,4,12,66
2026-01-24 02:23:24.614933,1,2,10,12,66
2026-01-24 02:23:27.458423,1,1,1,12,66
2026-01-24 02:23:30.331929,1,2,3,12,66
2026-01-24 02:23:33.041343,1,1,1,12,66
2026-01-24 02:23:36.981569,1,2,1,12,66
2026-01-24 02:23:40.205584,1,1,1,12,66
2026-01-24 02:23:43.637562,1,2,1,12,66
2026-01-24 02:23:46.626941,1,2,8,12,66
2026-01-24 02:23:49.410909,1,1,1,12,66
2026-01-24 02:23:52.238970,1,2,1,12,66
2026-01-24 02:23:56.555107,1,2,2,12,66
2026-01-24 02:24:00.434321,1,1,2,12,67
2026-01-24 02:24:03.234085,1,2,1,13,67
2026-01-24 02:24:06.165607,1,2,6,13,67
2026-01-24 02:24:09.961195,1,1,12,13,67
2026-01-24 02:24:12.924646,1,1,2,13,67
2026-01-24 02:24:16.003408,1,2,2,13,67
2026-01-24 02:24:19.581467,1,2,2,12,67
2026-01-24 02:24:22.382496,1,2,3,12,67
2026-01-24 02:24:25.201102,1,1,1,12,67
2026-01-24 02:24:30.008178,1,1,1,12,67
2026-01-24 02:24:33.896528,1,2,1,12,67
2026-01-24 02:24:36.789359,1,2,8,12,67
2026-01-24 02:24:40.580880,1,1,1,12,67
2026-01-24 02:24:43.446352,1,1,1,12,67
2026-01-24 02:24:46.203464,1,2,7,12,67
2026-01-24 02:24:50.111688,1,1,7,12,67
2026-01-24 02:24:54.408791,1,1,1,12,70
2026-01-24 02:24:57.758152,1,1,2,12,70
2026-01-24 02:25:02.044191,1,2,2,12,70
2026-01-24 02:25:07.202500,1,2,1,12,70
2026-01-24 02:25:09.962526,1,2,1,12,68
2026-01-24 02:25:13.033657,1,1,7,12,66
2026-01-24 02:25:15.705536,1,1,2,12,66
2026-01-24 02:25:19.707624,1,2,1,12,68
2026-01-24 02:25:24.419745,1,2,2,12,70
2026-01-24 02:25:27.314442,1,2,3,12,70
2026-01-24 02:25:30.154361,1,2,1,12,70
2026-01-24 02:25:34.036322,1,2,1,12,70
2026-01-24 02:25:36.894972,1,1,4,12,70
2026-01-24 02:25:39.861361,1,2,1,12,70
2026-01-24 02:25:43.347778,1,2,1,12,70
2026-01-24 02:25:46.519484,1,2,9,12,70
2026-01-24 02:25:49.289057,1,1,1,12,70
2026-01-24 02:25:53.185734,1,2,1,12,70
2026-01-24 02:25:56.007430,1,2,1,12,70
2026-01-24 02:25:59.442253,1,1,1,12,70
2026-01-24 02:26:03.323772,1,1,1,12,70
2026-01-24 02:26:06.280317,1,2,3,12,70
2026-01-24 02:26:10.070917,1,1,9,12,70
2026-01-24 02:26:13.046474,1,1,1,12,73
2026-01-24 02:26:15.804856,1,2,3,12,76
2026-01-24 02:26:19.602295,1,1,9,12,79
2026-01-24 02:26:22.980193,1,1,9,12,82
2026-01-24 02:26:26.362187,1,1,1,12,80
2026-01-24 02:26:29.219823,1,2,1,12,80
2026-01-24 02:26:32.094327,1,2,1,12,80
2026-01-24 02:26:35.368133,1,2,1,12,80
2026-01-24 02:26:40.192608,1,2,1,12,80
2026-01-24 02:26:43.150152,1,2,1,12,80
2026-01-24 02:26:46.456039,1,2,1,12,80
2026-01-24 02:26:49.299959,1,1,1,12,80
2026-01-24 02:26:53.180934,1,1,1,12,80
2026-01-24 02:26:56.056842,1,2,1,12,80
2026-01-24 02:26:59.425993,1,1,7,13,80
2026-01-24 02:27:03.832699,1,1,2,12,80
2026-01-24 02:27:07.319117,1,1,1,12,80
2026-01-24 02:27:10.037849,1,2,1,12,83
2026-01-24 02:27:12.945210,1,2,3,12,85
2026-01-24 02:27:15.809888,1,1,1,12,84
2026-01-24 02:27:19.601314,1,2,1,12,81
2026-01-24 02:27:22.567776,1,2,8,12,80
2026-01-24 02:27:25.353819,1,1,1,12,78
2026-01-24 02:27:29.236923,1,1,1,12,75
2026-01-24 02:27:32.204421,1,2,2,12,72
2026-01-24 02:27:35.485938,1,2,1,12,75
2026-01-24 02:27:39.259450,1,2,2,12,76
2026-01-24 02:27:42.051328,1,2,10,12,76
2026-01-24 02:27:44.957679,1,1,2,12,76
2026-01-24 02:27:47.749591,1,2,1,12,75
2026-01-24 02:27:50.754202,1,2,8,12,72
2026-01-24 02:27:54.531802,1,2,1,12,71
2026-01-24 02:27:57.768143,1,1,2,12,71
2026-01-24 02:28:00.660769,1,2,2,12,71
2026-01-24 02:28:03.540667,1,2,9,12,74
2026-01-24 02:28:06.400449,1,1,1,12,77
2026-01-24 02:28:09.290279,1,2,3,12,77
2026-01-24 02:28:13.068360,1,1,1,12,77
2026-01-24 02:28:16.445762,1,2,1,12,75
2026-01-24 02:28:19.208230,1,2,2,12,72
2026-01-24 02:28:22.054841,1,2,1,12,70
2026-01-24 02:28:25.051762,1,2,1,12,70
2026-01-24 02:28:27.798038,1,2,7,12,70
2026-01-24 02:28:32.105871,1,1,7,12,70
2026-01-24 02:28:35.493698,1,1,1,12,70
2026-01-24 02:28:38.960963,1,2,1,12,70
2026-01-24 02:28:41.839101,1,2,8,12,70
2026-01-24 02:28:44.613796,1,1,1,12,70
2026-01-24 02:28:48.485848,1,2,2,12,70
2026-01-24 02:28:52.290667,1,2,2,12,70
2026-01-24 02:28:55.106396,1,2,7,12,70
2026-01-24 02:28:58.628616,1,2,1,12,70
2026-01-24 02:29:01.405557,1,2,3,12,70
2026-01-24 02:29:06.199729,1,2,1,12,70
2026-01-24 02:29:10.105614,1,2,2,12,70
2026-01-24 02:29:12.853589,1,1,2,12,70
2026-01-24 02:29:16.244981,1,1,1,12,70
2026-01-24 02:29:19.100264,1,2,1,12,70
2026-01-24 02:29:22.083945,1,1,10,12,70
2026-01-24 02:29:24.846729,1,1,1,12,70
2026-01-24 02:29:28.845475,1,2,2,12,70
2026-01-24 02:29:31.642719,1,2,7,12,72
2026-01-24 02:29:35.603102,1,1,1,12,76
2026-01-24 02:29:38.252713,1,2,2,12,76
2026-01-24 02:29:41.219150,1,2,2,12,79
2026-01-24 02:29:45.024676,1,1,1,12,79
2026-01-24 02:29:47.820388,1,1,1,12,79
2026-01-24 02:29:50.724107,1,2,3,12,79
2026-01-24 02:29:54.341666,1,1,6,12,79
2026-01-24 02:29:58.033457,1,1,4,12,79
2026-01-24 02:30:01.412721,1,2,1,12,79
2026-01-24 02:30:06.206118,1,1,1,12,79
2026-01-24 02:30:10.113172,1,2,1,12,80
2026-01-24 02:30:12.860899,1,2,4,12,82
2026-01-24 02:30:15.747146,1,2,1,12,82
2026-01-24 02:30:18.613579,1,2,3,12,82
2026-01-24 02:30:21.462540,1,2,2,12,82
2026-01-24 02:30:24.354804,1,1,2,12,82
2026-01-24 02:30:28.221153,1,2,1,12,82
2026-01-24 02:30:31.088930,1,2,3,12,82
2026-01-24 02:30:34.365471,1,1,3,12,82
2026-01-24 02:30:38.665714,1,1,1,12,76
2026-01-24 02:30:42.557577,1,2,2,12,73
2026-01-24 02:30:45.840572,1,2,7,12,74
2026-01-24 02:30:49.724449,1,1,3,12,76
2026-01-24 02:30:53.512742,1,1,1,12,76
2026-01-24 02:30:57.951022,1,2,1,12,76
2026-01-24 02:31:01.316336,1,2,4,12,76
2026-01-24 02:31:04.162724,1,1,3,12,76
2026-01-24 02:31:07.132387,1,2,1,12,76
2026-01-24 02:31:09.913339,1,2,2,12,76
2026-01-24 02:31:13.685303,1,1,1,11,76
2026-01-24 02:31:16.673577,1,2,1,11,76
2026-01-24 02:31:21.058436,1,2,2,11,80
2026-01-24 02:31:23.930017,1,1,4,11,83
2026-01-24 02:31:26.804327,1,1,1,11,83
2026-01-24 02:31:30.593147,1,1,1,11,83
2026-01-24 02:31:33.959281,1,2,4,11,81
2026-01-24 02:31:36.733831,1,2,4,11,79
2026-01-24 02:31:39.694457,1,1,2,11,79
2026-01-24 02:31:42.458373,1,2,6,11,79
2026-01-24 02:31:45.342234,1,1,2,11,79
2026-01-24 02:31:49.142656,1,2,2,11,79
2026-01-24 02:31:52.494356,1,2,3,11,79
2026-01-24 02:31:56.008877,1,2,7,11,79
2026-01-24 02:31:58.685130,1,1,1,11,79
2026-01-24 02:32:01.615669,1,2,2,11,79
2026-01-24 02:32:04.478945,1,2,6,11,79
2026-01-24 02:32:08.263810,1,1,3,11,79
2026-01-24 02:32:12.665973,1,1,1,11,79
2026-01-24 02:32:15.945219,1,1,1,11,79
2026-01-24 02:32:18.720197,1,2,3,11,79
2026-01-24 02:32:21.901260,1,2,4,11,79
2026-01-24 02:32:24.466835,1,1,1,11,79
2026-01-24 02:32:27.411057,1,2,3,11,79
2026-01-24 02:32:31.302312,1,1,5,12,79
2026-01-24 02:32:34.476969,1,1,1,13,79
2026-01-24 02:32:37.344057,1,2,1,13,79
2026-01-24 02:32:40.211850,1,1,6,13,82
2026-01-24 02:32:43.078312,1,1,1,13,83
2026-01-24 02:32:45.888233,1,2,6,13,83
2026-01-24 02:32:50.250632,1,1,5,12,83
2026-01-24 02:32:53.630714,1,1,1,12,83
2026-01-24 02:32:59.167144,1,2,1,12,81
2026-01-24 02:33:02.655346,1,1,3,12,76
2026-01-24 02:33:05.311621,1,2,1,12,76
2026-01-24 02:33:08.268587,1,2,3,12,76
2026-01-24 02:33:11.571494,1,1,2,12,76
2026-01-24 02:33:15.367012,1,1,1,12,79
2026-01-24 02:33:18.713769,1,2,1,12,79
2026-01-24 02:33:21.785796,1,2,9,12,79
2026-01-24 02:33:24.551268,1,1,1,12,76
2026-01-24 02:33:27.419532,1,2,3,12,72
2026-01-24 02:33:31.206119,1,1,2,12,69
2026-01-24 02:33:34.483837,1,2,1,12,66
2026-01-24 02:33:39.435011,1,2,1,12,72
2026-01-24 02:33:43.405884,1,2,1,12,75
2026-01-24 02:33:46.258822,1,2,2,12,78
2026-01-24 02:33:49.093633,1,1,7,12,81
2026-01-24 02:33:52.102274,1,2,1,12,82
2026-01-24 02:33:55.791832,1,2,3,12,82
2026-01-24 02:33:59.573152,1,2,6,12,82
2026-01-24 02:34:03.156110,1,2,2,12,80
2026-01-24 02:34:05.928237,1,1,1,12,78
2026-01-24 02:34:08.901941,1,2,1,12,75
2026-01-24 02:34:12.780507,1,2,3,12,74
2026-01-24 02:34:15.972588,1,2,1,12,74
2026-01-24 02:34:19.752774,1,2,1,12,74
2026-01-24 02:34:22.713608,1,2,2,12,74
2026-01-24 02:34:25.458861,1,1,2,12,73
2026-01-24 02:34:29.380248,1,1,1,12,73
2026-01-24 02:34:32.233728,1,2,9,12,73
2026-01-24 02:34:35.615666,1,1,4,12,73
2026-01-24 02:34:40.020507,1,1,1,12,68
2026-01-24 02:34:42.793320,1,2,2,12,67
2026-01-24 02:34:45.753766,1,2,5,12,67
2026-01-24 02:34:48.620419,1,1,1,12,67
2026-01-24 02:34:51.490263,1,2,3,12,66
2026-01-24 02:34:55.279063,1,1,9,12,64
2026-01-24 02:34:58.657300,1,1,3,12,64
2026-01-24 02:35:01.421082,1,2,1,12,63
2026-01-24 02:35:04.222480,1,2,2,12,63
2026-01-24 02:35:07.129810,1,1,6,12,63
2026-01-24 02:35:10.351766,1,1,1,12,63
2026-01-24 02:35:14.328530,1,2,2,12,63
2026-01-24 02:35:17.202298,1,2,2,12,63
2026-01-24 02:35:20.569102,1,2,2,12,64
2026-01-24 02:35:23.438472,1,1,1,12,64
2026-01-24 02:35:26.303756,1,2,1,12,64
2026-01-24 02:35:29.702588,1,1,8,13,64
2026-01-24 02:35:33.369664,1,1,4,13,64
2026-01-24 02:35:36.344823,1,2,1,13,64
2026-01-24 02:35:40.229815,1,2,1,13,64
2026-01-24 02:35:43.511448,1,2,7,13,64
2026-01-24 02:35:48.319562,1,2,2,13,64
2026-01-24 02:35:52.210668,1,2,4,13,64
2026-01-24 02:35:55.353374,1,2,1,13,64
2026-01-24 02:35:57.856940,1,2,2,13,64
2026-01-24 02:36:00.702567,1,2,4,12,64
2026-01-24 02:36:03.568552,1,1,1,12,64
2026-01-24 02:36:06.366084,1,2,2,12,64
2026-01-24 02:36:10.352853,1,1,3,12,64
2026-01-24 02:36:13.310578,1,2,1,12,64
2026-01-24 02:36:16.584826,1,2,3,12,64
2026-01-24 02:36:20.809231,1,2,4,12,68
2026-01-24 02:36:24.690935,1,1,2,12,71
2026-01-24 02:36:27.979318,1,1,1,12,74
2026-01-24 02:36:32.307312,1,2,1,12,77
2026-01-24 02:36:35.736487,1,2,2,12,80
2026-01-24 02:36:39.955598,1,2,3,12,81
2026-01-24 02:36:44.332754,1,2,3,12,81
2026-01-24 02:36:47.615560,1,1,1,12,81
2026-01-24 02:36:51.408399,1,1,1,12,81
2026-01-24 02:36:55.312564,1,2,1,12,81
2026-01-24 02:36:58.544899,1,2,4,12,81
2026-01-24 02:37:01.534120,1,1,1,12,81
2026-01-24 02:37:04.263378,1,2,1,12,81
2026-01-24 02:37:07.181666,1,2,5,12,81
2026-01-24 02:37:09.983835,1,1,1,12,81
2026-01-24 02:37:14.340237,1,2,4,12,81
2026-01-24 02:37:17.655316,1,2,3,12,81
2026-01-24 02:37:21.714076,1,2,1,12,79
2026-01-24 02:37:24.471166,1,1,1,12,76
2026-01-24 02:37:28.366619,1,2,1,12,73
2026-01-24 02:37:31.238317,1,2,5,12,72
2026-01-24 02:37:34.055149,1,2,1,12,72
2026-01-24 02:37:38.407256,1,2,1,12,72
2026-01-24 02:37:41.264449,1,2,11,12,71
2026-01-24 02:37:44.643717,1,1,9,12,71
2026-01-24 02:37:47.408964,1,2,1,12,71
2026-01-24 02:37:50.378349,1,1,2,12,71
2026-01-24 02:37:53.675492,1,1,2,12,71
2026-01-24 02:37:57.416148,1,1,1,12,67
2026-01-24 02:38:00.928675,1,1,1,12,65
2026-01-24 02:38:03.805874,1,2,4,12,65
2026-01-24 02:38:06.663659,1,1,1,12,65
2026-01-24 02:38:09.454526,1,2,4,12,65
2026-01-24 02:38:13.316078,1,2,2,12,68
2026-01-24 02:38:16.597759,1,1,8,12,71
2026-01-24 02:38:21.609971,1,1,4,12,74
2026-01-24 02:38:25.509038,1,1,3,12,76
2026-01-24 02:38:28.305802,1,2,2,12,79
2026-01-24 02:38:31.241583,1,2,2,12,81
2026-01-24 02:38:34.102617,1,1,1,12,84
2026-01-24 02:38:37.912713,1,2,5,12,86
2026-01-24 02:38:41.271551,1,2,7,12,86
2026-01-24 02:38:44.649555,1,1,1,12,86
2026-01-24 02:38:47.517119,1,2,1,12,86
2026-01-24 02:38:50.402153,1,1,10,12,86
2026-01-24 02:38:53.763564,1,2,1,12,86
2026-01-24 02:38:57.552236,1,2,1,12,83
2026-01-24 02:39:00.430335,1,2,13,12,85
2026-01-24 02:39:03.796390,1,2,3,12,85
2026-01-24 02:39:06.665862,1,2,2,12,85
2026-01-24 02:39:09.754666,1,1,2,12,84
2026-01-24 02:39:13.322551,1,2,1,12,83
2026-01-24 02:39:16.715144,1,1,1,12,84
2026-01-24 02:39:21.165558,1,1,1,12,83
2026-01-24 02:39:23.995096,1,1,1,12,81
2026-01-24 02:39:27.863724,1,1,1,12,77
2026-01-24 02:39:30.731289,1,2,1,12,74
2026-01-24 02:39:33.606459,1,2,1,12,71
2026-01-24 02:39:37.393288,1,2,2,12,70
2026-01-24 02:39:40.643515,1,1,3,12,70
2026-01-24 02:39:43.427212,1,2,4,12,70
2026-01-24 02:39:46.504565,1,2,1,13,70
2026-01-24 02:39:49.286538,1,2,4,13,70
2026-01-24 02:39:52.158741,1,2,3,13,70
2026-01-24 02:39:55.931205,1,2,18,13,70
2026-01-24 02:39:59.727933,1,2,2,13,70
2026-01-24 02:40:03.296478,1,2,3,14,70
2026-01-24 02:40:06.058243,1,2,2,15,70
2026-01-24 02:40:08.924145,1,2,8,17,70
2026-01-24 02:40:12.829311,1,2,17,17,72
2026-01-24 02:40:16.092743,1,2,11,18,75
2026-01-24 02:40:19.887500,1,1,1,18,78
2026-01-24 02:40:22.870648,1,1,1,18,79
2026-01-24 02:40:25.615899,1,2,3,18,76
2026-01-24 02:40:30.431714,1,2,2,18,70
2026-01-24 02:40:33.832810,1,1,1,19,69
2026-01-24 02:40:36.785290,1,2,1,19,72
2026-01-24 02:40:39.554049,1,1,7,17,75
2026-01-24 02:40:42.389288,1,1,1,15,77
2026-01-24 02:40:45.293656,1,2,2,14,76
2026-01-24 02:40:48.077020,1,1,1,14,76
2026-01-24 02:40:51.116787,1,2,2,13,76
2026-01-24 02:40:54.816065,1,2,4,13,76
2026-01-24 02:40:58.185239,1,2,3,12,76
2026-01-24 02:41:01.148644,1,1,2,12,76
2026-01-24 02:41:03.915076,1,2,3,12,76
2026-01-24 02:41:06.796139,1,2,4,12,76
2026-01-24 02:41:09.546812,1,1,2,12,76
2026-01-24 02:41:13.454644,1,2,2,12,76
2026-01-24 02:41:16.679106,1,2,2,12,76
2026-01-24 02:41:19.489922,1,1,1,12,76
2026-01-24 02:41:22.451054,1,2,3,12,78
2026-01-24 02:41:25.326567,1,1,4,12,81
2026-01-24 02:41:28.298484,1,1,1,12,82
2026-01-24 02:41:32.406211,1,2,8,12,82
2026-01-24 02:41:35.885968,1,1,2,12,76
2026-01-24 02:41:39.345018,1,1,1,13,68
2026-01-24 02:41:42.108570,1,2,2,12,65
2026-01-24 02:41:45.101777,1,1,1,14,65
2026-01-24 02:41:49.092262,1,2,2,13,65
2026-01-24 02:41:52.250950,1,2,2,14,65
2026-01-24 02:41:56.452327,1,2,1,13,65
2026-01-24 02:42:00.859810,1,2,2,12,65
2026-01-24 02:42:04.339281,1,2,3,11,65
2026-01-24 02:42:07.206456,1,1,1,11,65
2026-01-24 02:42:11.011391,1,2,1,11,65
2026-01-24 02:42:13.954220,1,1,2,11,65
2026-01-24 02:42:16.719145,1,1,1,13,65
2026-01-24 02:42:19.606358,1,2,4,15,65
2026-01-24 02:42:22.406805,1,1,1,17,65
2026-01-24 02:42:25.336596,1,1,1,18,65
2026-01-24 02:42:28.309931,1,2,2,18,65
2026-01-24 02:42:31.977033,1,2,4,20,65
2026-01-24 02:42:35.868878,1,2,2,18,65
2026-01-24 02:42:39.145982,1,2,1,16,65
2026-01-24 02:42:42.114569,1,2,1,15,65
2026-01-24 02:42:46.108176,1,1,1,17,65
2026-01-24 02:42:48.806214,1,2,2,18,65
2026-01-24 02:42:51.641949,1,2,3,19,65
2026-01-24 02:42:55.428538,1,2,3,20,65
2026-01-24 02:42:58.927811,1,2,1,20,65
2026-01-24 02:43:01.672452,1,1,4,19,65
2026-01-24 02:43:04.443545,1,1,1,20,65
2026-01-24 02:43:07.407280,1,2,1,18,65
2026-01-24 02:43:10.172264,1,2,3,18,65
2026-01-24 02:43:13.971834,1,1,1,14,65
2026-01-24 02:43:17.398837,1,2,5,13,65
2026-01-24 02:43:20.835887,1,1,1,13,65
2026-01-24 02:43:23.577198,1,2,1,12,65
2026-01-24 02:43:26.555501,1,2,5,12,65
2026-01-24 02:43:29.856682,1,1,1,11,65
2026-01-24 02:43:33.639549,1,2,1,11,65
2026-01-24 02:43:36.471920,1,1,5,11,66
2026-01-24 02:43:40.404436,1,2,2,11,69
2026-01-24 02:43:43.265979,1,2,3,11,70
2026-01-24 02:43:47.241446,1,2,3,11,70
2026-01-24 02:43:50.006535,1,1,1,11,70
2026-01-24 02:43:52.797836,1,2,4,11,70
2026-01-24 02:43:56.662653,1,2,6,11,70
2026-01-24 02:43:59.949765,1,1,2,11,72
2026-01-24 02:44:02.810035,1,2,1,11,72
2026-01-24 02:44:05.673251,1,2,6,11,72
2026-01-24 02:44:08.468142,1,1,1,11,72
2026-01-24 02:44:11.919879,1,2,1,11,73
2026-01-24 02:44:15.710110,1,2,5,11,75
2026-01-24 02:44:19.517111,1,2,2,11,75
2026-01-24 02:44:22.779086,1,2,4,11,75
2026-01-24 02:44:27.178133,1,2,3,11,81
2026-01-24 02:44:30.967151,1,2,1,11,84
2026-01-24 02:44:34.958582,1,2,4,11,87
2026-01-24 02:44:38.652812,1,2,8,11,84
2026-01-24 02:44:41.908320,1,2,4,11,84
2026-01-24 02:44:44.807912,1,1,1,12,87
2026-01-24 02:44:47.656563,1,2,1,12,87
2026-01-24 02:44:50.627053,1,1,1,12,88
2026-01-24 02:44:54.248052,1,2,1,13,88
2026-01-24 02:44:57.749905,1,2,6,13,85
2026-01-24 02:45:01.787410,1,2,9,12,85
2026-01-24 02:45:04.861519,1,2,5,12,85
2026-01-24 02:45:08.546030,1,2,6,12,81
2026-01-24 02:45:12.961256,1,1,2,12,74
2026-01-24 02:45:16.243117,1,1,1,12,77
2026-01-24 02:45:19.739010,1,2,2,12,80
2026-01-24 02:45:22.596429,1,1,4,12,82
2026-01-24 02:45:25.553787,1,2,5,12,82
2026-01-24 02:45:28.206699,1,2,1,12,82
2026-01-24 02:45:32.103919,1,2,1,12,82
2026-01-24 02:45:35.079736,1,1,1,12,82
2026-01-24 02:45:40.006112,1,1,1,12,83
2026-01-24 02:45:42.869742,1,2,3,12,83
2026-01-24 02:45:45.633601,1,2,1,12,83
2026-01-24 02:45:49.505911,1,1,3,13,83
2026-01-24 02:45:52.782770,1,1,3,13,80
2026-01-24 02:45:56.573231,1,2,1,13,79
2026-01-24 02:46:01.703706,1,2,4,13,76
2026-01-24 02:46:04.507112,1,2,5,12,76
2026-01-24 02:46:07.437961,1,2,2,11,74
2026-01-24 02:46:10.306719,1,2,2,11,71
2026-01-24 02:46:14.096752,1,1,2,11,69
2026-01-24 02:46:17.906159,1,1,2,11,69
2026-01-24 02:46:22.408304,1,1,4,11,69
2026-01-24 02:46:25.654613,1,1,1,12,70
2026-01-24 02:46:28.622440,1,2,1,12,71
2026-01-24 02:46:31.465143,1,1,6,12,71
2026-01-24 02:46:34.255524,1,1,1,12,71
2026-01-24 02:46:38.156678,1,2,3,12,71
2026-01-24 02:46:41.981149,1,1,2,12,75
2026-01-24 02:46:44.947730,1,2,3,12,77
2026-01-24 02:46:47.681731,1,2,8,12,77
2026-01-24 02:46:50.644172,1,2,1,12,77
2026-01-24 02:46:53.916532,1,2,5,12,77
2026-01-24 02:46:57.735787,1,2,2,13,77
2026-01-24 02:47:01.083485,1,1,2,13,75
2026-01-24 02:47:03.991239,1,1,1,13,73
2026-01-24 02:47:06.838007,1,1,2,13,72
2026-01-24 02:47:09.684595,1,1,1,13,69
2026-01-24 02:47:13.689679,1,2,2,13,72
2026-01-24 02:47:16.854928,1,2,4,13,75
2026-01-24 02:47:20.334624,1,2,2,13,75
2026-01-24 02:47:23.200734,1,1,2,13,74
2026-01-24 02:47:26.083033,1,1,1,14,72
2026-01-24 02:47:28.832350,1,1,1,14,69
2026-01-24 02:47:32.604192,1,2,1,15,67
2026-01-24 02:47:37.023780,1,2,4,15,67
2026-01-24 02:47:42.039555,1,2,13,15,68
2026-01-24 02:47:45.749384,1,2,4,14,71
2026-01-24 02:47:48.308825,1,2,1,14,72
2026-01-24 02:47:51.259060,1,2,9,14,72
2026-01-24 02:47:55.049168,1,2,4,14,75
2026-01-24 02:47:58.324850,1,2,6,14,76
2026-01-24 02:48:01.704207,1,2,2,15,76
2026-01-24 02:48:04.572242,1,1,1,15,76
2026-01-24 02:48:07.649312,1,1,3,15,76
2026-01-24 02:48:10.509691,1,1,4,15,76
2026-01-24 02:48:14.071778,1,1,1,15,76
2026-01-24 02:48:18.002517,1,2,1,15,76
2026-01-24 02:48:22.399105,1,2,1,15,76
2026-01-24 02:48:25.663333,1,1,2,15,76
2026-01-24 02:48:28.642503,1,1,2,15,76
2026-01-24 02:48:31.506492,1,1,4,15,76
2026-01-24 02:48:34.291294,1,1,1,15,76
2026-01-24 02:48:38.157037,1,2,1,15,76
2026-01-24 02:48:41.125577,1,1,1,15,76
2026-01-24 02:48:44.004180,1,2,1,16,76
2026-01-24 02:48:47.782131,1,2,3,16,76
2026-01-24 02:48:50.653109,1,1,2,16,76
2026-01-24 02:48:54.029200,1,2,1,16,76
2026-01-24 02:48:57.804766,1,2,2,16,79
2026-01-24 02:49:00.607866,1,2,3,16,79
2026-01-24 02:49:03.494420,1,1,5,15,79
2026-01-24 02:49:06.316278,1,1,1,15,79
2026-01-24 02:49:09.164518,1,2,2,15,79
2026-01-24 02:49:13.086302,1,1,1,15,79
2026-01-24 02:49:16.350924,1,1,2,15,77
2026-01-24 02:49:19.843857,1,1,2,14,74
2026-01-24 02:49:22.714071,1,1,3,14,71
2026-01-24 02:49:25.591216,1,1,1,14,69
2026-01-24 02:49:28.344608,1,2,4,14,69
2026-01-24 02:49:32.133923,1,1,1,14,72
2026-01-24 02:49:36.012860,1,2,2,14,72
2026-01-24 02:49:40.519218,1,2,2,14,71
2026-01-24 02:49:43.299930,1,2,2,14,70
2026-01-24 02:49:46.131223,1,2,5,14,70
2026-01-24 02:49:48.914740,1,2,2,14,70
2026-01-24 02:49:51.806472,1,2,1,14,70
2026-01-24 02:49:55.675113,1,2,5,14,70
2026-01-24 02:49:59.564187,1,2,3,14,70
2026-01-24 02:50:02.952631,1,2,1,14,70
2026-01-24 02:50:05.811907,1,2,2,14,70
2026-01-24 02:50:08.611095,1,2,6,14,70
2026-01-24 02:50:12.057341,1,1,3,14,70
2026-01-24 02:50:15.846801,1,2,3,15,70
2026-01-24 02:50:18.641571,1,2,1,14,70
2026-01-24 02:50:22.050948,1,2,5,14,70
2026-01-24 02:50:24.959783,1,1,2,14,70
2026-01-24 02:50:27.826371,1,2,3,14,69
2026-01-24 02:50:31.630504,1,2,9,14,66
2026-01-24 02:50:34.997004,1,1,3,14,63
2026-01-24 02:50:39.909959,1,1,2,14,62
2026-01-24 02:50:43.800733,1,2,3,13,62
2026-01-24 02:50:46.677048,1,2,5,13,62
2026-01-24 02:50:49.642671,1,1,1,13,64
2026-01-24 02:50:52.422412,1,2,4,13,67
2026-01-24 02:50:56.653484,1,2,2,13,70
2026-01-24 02:51:01.625909,1,1,3,13,76
2026-01-24 02:51:04.632867,1,2,2,13,78
2026-01-24 02:51:07.356813,1,1,1,13,78
2026-01-24 02:51:11.246652,1,2,3,17,78
2026-01-24 02:51:14.119676,1,1,1,19,78
2026-01-24 02:51:16.982256,1,1,1,20,78
2026-01-24 02:51:20.798144,1,2,1,21,76
2026-01-24 02:51:23.646920,1,1,2,20,72
2026-01-24 02:51:27.628190,1,1,2,19,68
2026-01-24 02:51:30.399491,1,2,1,17,71
2026-01-24 02:51:33.243413,1,2,3,16,74
2026-01-24 02:51:37.157231,1,2,1,15,77
2026-01-24 02:51:40.427774,1,1,1,14,80
2026-01-24 02:51:43.301279,1,1,1,13,80
2026-01-24 02:51:46.168638,1,1,1,13,80
2026-01-24 02:51:48.971996,1,1,2,12,80
2026-01-24 02:51:51.898923,1,2,2,13,80
2026-01-24 02:51:55.695521,1,2,3,13,80
2026-01-24 02:51:58.961718,1,2,2,14,80
2026-01-24 02:52:01.851131,1,2,4,14,80
2026-01-24 02:52:04.714552,1,2,2,14,80
2026-01-24 02:52:07.666168,1,2,5,14,80
2026-01-24 02:52:10.431606,1,2,3,14,80
2026-01-24 02:52:14.732016,1,2,1,14,80
2026-01-24 02:52:18.110863,1,2,1,14,80
2026-01-24 02:52:21.597832,1,2,2,15,79
2026-01-24 02:52:24.363463,1,2,4,15,76
2026-01-24 02:52:27.440207,1,1,1,15,73
2026-01-24 02:52:31.121684,1,1,1,16,73
2026-01-24 02:52:34.391772,1,1,1,15,73
2026-01-24 02:52:38.695149,1,2,4,15,73
2026-01-24 02:52:43.098208,1,2,3,15,73
2026-01-24 02:52:46.373767,1,2,2,15,73
2026-01-24 02:52:50.287267,1,2,2,15,73
2026-01-24 02:52:54.066904,1,2,2,15,73
2026-01-24 02:52:57.951579,1,1,1,15,73
2026-01-24 02:53:01.943179,1,1,2,15,73
2026-01-24 02:53:04.612787,1,1,1,15,73
2026-01-24 02:53:07.981021,1,2,1,15,73
2026-01-24 02:53:13.441208,1,1,1,15,73
2026-01-24 02:53:16.185684,1,1,1,15,75
2026-01-24 02:53:19.551088,1,1,2,14,75
2026-01-24 02:53:22.419602,1,2,4,14,75
2026-01-24 02:53:25.183001,1,2,3,15,75
2026-01-24 02:53:28.664454,1,1,2,16,75
2026-01-24 02:53:31.442093,1,1,4,16,75
2026-01-24 02:53:35.320482,1,2,2,17,75
2026-01-24 02:53:38.212845,1,1,1,17,75
2026-01-24 02:53:41.259178,1,1,3,17,75
2026-01-24 02:53:43.821810,1,1,3,17,75
2026-01-24 02:53:46.799047,1,1,1,18,75
2026-01-24 02:53:49.656833,1,1,3,18,75
2026-01-24 02:53:52.492454,1,2,1,18,75
2026-01-24 02:53:56.839462,1,2,1,18,75
2026-01-24 02:54:00.204355,1,2,2,18,75
2026-01-24 02:54:03.697817,1,1,4,18,75
2026-01-24 02:54:06.961564,1,2,1,18,74
2026-01-24 02:54:09.723096,1,2,1,18,71
2026-01-24 02:54:12.725696,1,1,2,18,68
2026-01-24 02:54:15.461081,1,2,4,18,65
2026-01-24 02:54:18.446901,1,1,1,18,65
2026-01-24 02:54:21.711272,1,1,1,17,65
2026-01-24 02:54:24.678460,1,2,2,15,65
2026-01-24 02:54:27.453173,1,1,1,14,65
2026-01-24 02:54:31.345892,1,2,1,13,65
2026-01-24 02:54:34.214061,1,2,2,13,65
2026-01-24 02:54:41.163704,1,2,1,12,67
2026-01-24 02:54:44.047785,1,1,1,12,70
2026-01-24 02:54:49.355708,1,2,3,12,76
2026-01-24 02:54:52.222810,1,2,2,11,79
2026-01-24 02:54:55.096580,1,2,2,11,81
2026-01-24 02:54:57.862614,1,2,4,11,80
2026-01-24 02:55:01.751845,1,1,2,11,80
2026-01-24 02:55:05.140500,1,2,3,11,77
2026-01-24 02:55:07.998821,1,1,3,11,74
2026-01-24 02:55:10.841182,1,1,3,13,74
2026-01-24 02:55:13.748027,1,2,2,14,74
2026-01-24 02:55:16.463429,1,1,5,14,74
2026-01-24 02:55:19.682821,1,2,3,15,74
2026-01-24 02:55:22.242653,1,2,6,15,74
2026-01-24 02:55:25.200506,1,2,3,16,74
2026-01-24 02:55:27.960247,1,2,2,17,74
2026-01-24 02:55:31.752518,1,1,1,18,74
2026-01-24 02:55:35.131234,1,2,1,18,74
2026-01-24 02:55:37.896506,1,2,1,18,74
2026-01-24 02:55:40.764783,1,2,3,18,71
2026-01-24 02:55:43.838811,1,1,4,18,71
2026-01-24 02:55:46.564763,1,1,1,18,71
2026-01-24 02:55:50.814763,1,2,3,17,71
2026-01-24 02:55:54.174529,1,2,2,16,71
2026-01-24 02:55:57.653369,1,2,1,17,70
2026-01-24 02:56:00.531288,1,2,1,17,70
2026-01-24 02:56:03.397451,1,2,4,16,73
2026-01-24 02:56:07.299213,1,1,1,15,76
2026-01-24 02:56:10.558437,1,2,1,15,78
2026-01-24 02:56:14.352167,1,2,1,14,77
2026-01-24 02:56:17.216537,1,1,2,14,73
2026-01-24 02:56:20.092852,1,1,1,14,70
2026-01-24 02:56:25.427615,1,1,1,14,66
2026-01-24 02:56:28.274647,1,1,2,14,66
2026-01-24 02:56:31.148609,1,2,3,13,66
2026-01-24 02:56:34.026984,1,2,2,13,68
2026-01-24 02:56:36.774463,1,2,6,12,71
2026-01-24 02:56:40.672930,1,1,1,12,71
2026-01-24 02:56:43.475694,1,2,1,12,69
2026-01-24 02:56:47.422059,1,2,1,12,66
2026-01-24 02:56:50.245722,1,1,1,12,63
2026-01-24 02:56:53.054784,1,1,1,12,62
2026-01-24 02:56:55.920279,1,2,1,13,62
2026-01-24 02:56:58.899617,1,2,2,14,62
2026-01-24 02:57:02.283616,1,2,5,16,62
2026-01-24 02:57:05.046323,1,1,2,16,62
2026-01-24 02:57:08.057188,1,2,1,17,62
2026-01-24 02:57:11.003566,1,2,1,16,62
2026-01-24 02:57:14.071799,1,1,1,16,62
2026-01-24 02:57:18.142454,1,2,1,16,62
2026-01-24 02:57:20.907493,1,2,1,17,62
2026-01-24 02:57:24.196222,1,2,1,18,62
2026-01-24 02:57:27.973231,1,1,1,19,62
2026-01-24 02:57:31.878362,1,1,4,19,62
2026-01-24 02:57:34.735813,1,2,3,20,62
2026-01-24 02:57:37.598971,1,1,1,20,62
2026-01-24 02:57:41.490338,1,1,1,20,62
2026-01-24 02:57:44.712057,1,2,2,20,62
2026-01-24 02:57:47.531580,1,1,2,20,62
2026-01-24 02:57:50.380201,1,2,1,18,62
2026-01-24 02:57:53.381893,1,1,1,17,62
2026-01-24 02:57:56.145685,1,1,1,16,62
2026-01-24 02:58:00.028042,1,1,1,17,62
2026-01-24 02:58:02.829106,1,2,1,18,62
2026-01-24 02:58:06.278287,1,2,3,19,62
2026-01-24 02:58:11.209295,1,2,1,19,62
2026-01-24 02:58:13.950100,1,2,1,18,62
2026-01-24 02:58:16.830716,1,1,4,17,62
2026-01-24 02:58:19.789994,1,1,1,17,62
2026-01-24 02:58:22.557738,1,2,4,17,62
2026-01-24 02:58:26.853281,1,2,3,15,62
2026-01-24 02:58:31.872731,1,2,3,15,62
2026-01-24 02:58:34.763223,1,2,1,14,63
2026-01-24 02:58:37.523373,1,1,2,14,66
2026-01-24 02:58:41.436156,1,1,1,14,69
2026-01-24 02:58:44.362600,1,2,4,14,72
2026-01-24 02:58:47.143254,1,1,2,14,75
2026-01-24 02:58:51.120240,1,2,1,14,77
2026-01-24 02:58:54.913150,1,2,1,14,77
2026-01-24 02:58:58.802171,1,2,1,14,77
2026-01-24 02:59:01.596383,1,1,4,14,77
2026-01-24 02:59:05.561135,1,1,1,14,77
2026-01-24 02:59:08.327405,1,1,1,14,77
2026-01-24 02:59:13.546587,1,1,2,14,77
2026-01-24 02:59:16.208686,1,2,3,14,77
2026-01-24 02:59:18.973992,1,1,4,14,77
2026-01-24 02:59:22.881703,1,1,2,13,77
2026-01-24 02:59:25.852000,1,2,3,12,77
2026-01-24 02:59:28.598618,1,2,1,12,73
2026-01-24 02:59:31.998971,1,1,1,12,70
2026-01-24 02:59:34.956105,1,1,1,13,67
2026-01-24 02:59:37.815382,1,1,1,14,66
2026-01-24 02:59:40.601468,1,1,1,14,66
2026-01-24 02:59:44.367609,1,2,3,15,66
2026-01-24 02:59:48.262962,1,1,4,16,66
2026-01-24 02:59:51.750350,1,2,4,16,69
2026-01-24 02:59:54.511476,1,2,5,16,72
2026-01-24 02:59:58.447469,1,2,3,16,75
2026-01-24 03:00:01.265111,1,2,3,17,78
2026-01-24 03:00:03.976666,1,1,3,17,81
2026-01-24 03:00:07.936362,1,2,1,17,83
2026-01-24 03:00:10.787949,1,1,2,17,83
2026-01-24 03:00:13.658437,1,2,4,17,82
2026-01-24 03:00:17.448865,1,2,4,17,79
2026-01-24 03:00:20.414242,1,2,1,17,76
2026-01-24 03:00:23.138091,1,2,2,17,73
2026-01-24 03:00:27.081018,1,2,1,17,72
2026-01-24 03:00:29.951350,1,2,6,17,75
2026-01-24 03:00:33.836058,1,1,1,17,81
2026-01-24 03:00:36.574514,1,2,1,17,78
2026-01-24 03:00:39.562541,1,2,5,15,75
2026-01-24 03:00:43.453966,1,2,1,14,72
2026-01-24 03:00:46.628175,1,2,1,13,72
2026-01-24 03:00:49.500243,1,2,1,13,72
2026-01-24 03:00:52.364071,1,2,10,12,72
2026-01-24 03:00:55.235700,1,1,2,12,72
2026-01-24 03:00:58.015720,1,1,6,12,72
2026-01-24 03:01:01.915830,1,1,8,12,72
2026-01-24 03:01:05.469746,1,2,3,12,72
2026-01-24 03:01:08.046488,1,2,6,12,72
2026-01-24 03:01:10.902800,1,2,1,12,72
2026-01-24 03:01:13.875254,1,2,5,12,72
2026-01-24 03:01:16.601978,1,1,1,12,72
2026-01-24 03:01:20.439299,1,2,1,12,72
2026-01-24 03:01:25.335132,1,2,1,13,72
2026-01-24 03:01:28.204743,1,1,1,13,72
2026-01-24 03:01:31.071879,1,2,2,14,72
2026-01-24 03:01:34.965458,1,1,1,18,72
2026-01-24 03:01:37.836597,1,1,1,19,72
2026-01-24 03:01:40.706461,1,2,1,19,72
2026-01-24 03:01:44.438327,1,2,11,21,72
2026-01-24 03:01:47.452081,1,2,11,21,72
2026-01-24 03:01:50.219182,1,2,5,19,72
2026-01-24 03:01:54.961227,1,2,6,17,72
2026-01-24 03:01:58.427865,1,2,5,15,72
2026-01-24 03:02:01.277543,1,2,8,14,70
2026-01-24 03:02:04.678830,1,2,31,13,67
2026-01-24 03:02:07.523497,1,2,21,13,64
2026-01-24 03:02:10.398233,1,2,4,12,64
2026-01-24 03:02:13.260330,1,2,4,11,64
2026-01-24 03:02:16.149686,1,2,1,11,64
2026-01-24 03:02:19.914080,1,1,8,11,64
2026-01-24 03:02:23.302046,1,1,2,11,64
2026-01-24 03:02:26.006126,1,2,1,12,67
2026-01-24 03:02:28.948183,1,1,6,11,68
2026-01-24 03:02:31.894876,1,1,1,11,68
2026-01-24 03:02:34.699759,1,2,5,11,68
2026-01-24 03:02:38.979030,1,1,6,11,68
2026-01-24 03:02:41.936605,1,1,6,12,68
2026-01-24 03:02:45.326581,1,2,1,11,68
2026-01-24 03:02:48.075433,1,2,2,11,68
2026-01-24 03:02:50.950518,1,2,4,12,68
2026-01-24 03:02:54.319445,1,2,12,12,68
2026-01-24 03:02:58.110664,1,2,4,13,68
2026-01-24 03:03:01.501611,1,2,1,13,68
2026-01-24 03:03:04.385113,1,2,1,13,68
2026-01-24 03:03:07.347331,1,2,4,13,68
2026-01-24 03:03:10.296904,1,2,2,13,69
2026-01-24 03:03:13.903637,1,2,1,13,69
2026-01-24 03:03:17.401891,1,2,9,13,69
2026-01-24 03:03:21.047248,1,1,6,13,69
2026-01-24 03:03:24.016791,1,2,1,13,69
2026-01-24 03:03:27.916122,1,2,4,13,69
2026-01-24 03:03:30.672027,1,1,9,13,69
2026-01-24 03:03:33.565338,1,2,5,14,69
2026-01-24 03:03:37.542323,1,2,2,14,69
2026-01-24 03:03:40.502921,1,1,1,14,69
2026-01-24 03:03:43.275968,1,2,6,13,69
2026-01-24 03:03:47.057180,1,1,3,12,69
2026-01-24 03:03:49.877819,1,2,3,12,69
2026-01-24 03:03:52.701175,1,2,12,12,69
2026-01-24 03:03:56.506844,1,1,3,11,69
2026-01-24 03:03:59.454166,1,2,1,11,69
2026-01-24 03:04:02.212135,1,2,5,11,68
2026-01-24 03:04:07.044470,1,2,1,11,65
2026-01-24 03:04:10.915466,1,2,4,11,65
2026-01-24 03:04:13.797552,1,1,6,11,65
2026-01-24 03:04:17.571605,1,2,1,12,65
2026-01-24 03:04:20.403414,1,2,1,12,65
2026-01-24 03:04:23.305477,1,1,1,12,65
2026-01-24 03:04:27.094102,1,1,5,13,65
2026-01-24 03:04:31.399068,1,2,9,13,68
2026-01-24 03:04:34.774694,1,1,5,12,71
2026-01-24 03:04:39.176486,1,2,2,13,74
2026-01-24 03:04:42.995834,1,2,3,13,75
2026-01-24 03:04:46.154166,1,2,4,13,75
2026-01-24 03:04:48.703616,1,1,5,13,75
2026-01-24 03:04:51.569618,1,2,3,13,75
2026-01-24 03:04:55.461311,1,2,6,13,74
2026-01-24 03:04:58.756169,1,2,3,13,75
2026-01-24 03:05:02.318814,1,2,1,13,74
2026-01-24 03:05:05.100591,1,1,8,13,74
2026-01-24 03:05:07.955228,1,1,2,12,74
2026-01-24 03:05:10.698943,1,2,5,12,75
2026-01-24 03:05:14.628129,1,2,6,12,77
2026-01-24 03:05:18.399152,1,1,7,12,77
2026-01-24 03:05:22.729335,1,1,6,12,77
2026-01-24 03:05:25.596325,1,2,5,12,77
2026-01-24 03:05:28.546930,1,1,1,12,77
2026-01-24 03:05:31.402369,1,2,2,12,77
2026-01-24 03:05:34.166610,1,1,3,12,77
2026-01-24 03:05:38.079286,1,1,5,12,77
2026-01-24 03:05:41.027371,1,2,4,13,77
2026-01-24 03:05:43.797115,1,2,1,13,74
2026-01-24 03:05:47.683583,1,2,10,14,72
2026-01-24 03:05:50.468256,1,2,3,14,72
2026-01-24 03:05:53.324553,1,1,1,14,72
2026-01-24 03:05:57.656705,1,2,2,14,75
2026-01-24 03:06:01.096240,1,2,1,14,78
2026-01-24 03:06:03.996464,1,1,1,14,77
2026-01-24 03:06:06.729831,1,1,1,14,74
2026-01-24 03:06:09.598266,1,2,3,14,71
2026-01-24 03:06:13.497093,1,1,1,14,68
2026-01-24 03:06:16.795541,1,1,1,14,67
2026-01-24 03:06:19.632108,1,2,2,14,67
2026-01-24 03:06:22.497555,1,1,1,14,67
2026-01-24 03:06:25.366512,1,1,1,14,67
2026-01-24 03:06:28.234028,1,2,6,13,67
2026-01-24 03:06:32.022779,1,2,5,13,68
2026-01-24 03:06:35.400710,1,2,7,12,68
2026-01-24 03:06:38.151256,1,2,1,12,66
2026-01-24 03:06:42.467037,1,2,1,12,65
2026-01-24 03:06:45.953759,1,2,2,12,64
2026-01-24 03:06:48.826493,1,1,3,12,64
2026-01-24 03:06:51.694369,1,2,11,12,64
2026-01-24 03:06:55.462284,1,2,6,12,64
2026-01-24 03:06:58.321135,1,2,1,12,64
2026-01-24 03:07:01.308777,1,2,1,12,64
2026-01-24 03:07:05.095764,1,2,4,12,63
2026-01-24 03:07:07.952703,1,2,1,12,63
2026-01-24 03:07:10.831961,1,2,7,12,63
2026-01-24 03:07:14.621564,1,1,9,12,63
2026-01-24 03:07:17.479677,1,2,2,12,63
2026-01-24 03:07:20.354064,1,2,4,12,63
2026-01-24 03:07:24.761645,1,2,2,12,63
2026-01-24 03:07:27.732944,1,1,1,12,63
2026-01-24 03:07:31.515579,1,2,6,11,63
2026-01-24 03:07:34.792692,1,2,4,11,63
2026-01-24 03:07:37.660639,1,1,2,11,63
2026-01-24 03:07:40.527917,1,1,1,11,63
2026-01-24 03:07:43.501374,1,2,5,11,63
2026-01-24 03:07:46.261842,1,1,8,11,63
2026-01-24 03:07:50.057016,1,2,2,11,63
2026-01-24 03:07:53.342981,1,2,1,12,63
2026-01-24 03:07:56.199492,1,2,9,12,63
2026-01-24 03:07:59.164438,1,1,1,12,62
2026-01-24 03:08:02.248810,1,2,5,12,62
2026-01-24 03:08:04.820960,1,1,3,12,62
2026-01-24 03:08:09.103295,1,2,1,12,62
2026-01-24 03:08:12.505899,1,2,1,12,62
2026-01-24 03:08:15.963950,1,2,1,12,62
2026-01-24 03:08:18.849199,1,1,8,12,62
2026-01-24 03:08:21.706703,1,2,1,12,62
2026-01-24 03:08:25.605149,1,2,8,12,62
2026-01-24 03:08:28.863890,1,2,2,12,63
2026-01-24 03:08:33.149910,1,2,1,12,66
2026-01-24 03:08:36.651847,1,1,1,12,72
2026-01-24 03:08:39.406154,1,2,4,12,69
2026-01-24 03:08:42.273056,1,2,1,12,69
2026-01-24 03:08:45.158411,1,2,3,12,66
2026-01-24 03:08:48.520335,1,1,9,12,63
2026-01-24 03:08:52.412539,1,1,1,12,63
2026-01-24 03:08:56.119226,1,2,2,12,63
2026-01-24 03:08:59.377044,1,2,9,12,63
2026-01-24 03:09:03.164525,1,2,6,12,63
2026-01-24 03:09:07.056674,1,1,8,12,63
2026-01-24 03:09:09.922461,1,2,1,12,63
2026-01-24 03:09:12.910689,1,2,3,12,63
2026-01-24 03:09:15.980095,1,1,1,12,63
2026-01-24 03:09:19.555361,1,2,5,12,63
2026-01-24 03:09:22.840525,1,2,5,12,63
2026-01-24 03:09:26.716123,1,2,5,12,63
2026-01-24 03:09:30.503318,1,2,2,12,63
2026-01-24 03:09:34.293987,1,2,2,12,63
2026-01-24 03:09:38.400307,1,2,1,12,63
2026-01-24 03:09:41.390664,1,2,1,12,63
2026-01-24 03:09:45.762724,1,2,6,12,63
2026-01-24 03:09:49.551571,1,2,3,12,63
2026-01-24 03:09:52.941121,1,2,2,12,63
2026-01-24 03:09:56.727995,1,2,1,12,63
2026-01-24 03:09:59.587464,1,2,8,12,63
2026-01-24 03:10:02.454789,1,1,1,12,63
2026-01-24 03:10:06.246907,1,1,1,12,63
2026-01-24 03:10:09.150881,1,2,7,12,63
2026-01-24 03:10:12.592941,1,1,4,12,62
2026-01-24 03:10:16.276279,1,1,1,12,62
2026-01-24 03:10:20.090534,1,2,2,12,62
2026-01-24 03:10:23.551389,1,2,3,12,62
2026-01-24 03:10:27.251578,1,2,5,12,62
2026-01-24 03:10:31.539826,1,2,2,12,62
2026-01-24 03:10:34.914719,1,2,2,14,62
2026-01-24 03:10:39.241719,1,2,2,17,62
2026-01-24 03:10:43.106628,1,2,4,19,62
2026-01-24 03:10:45.823699,1,2,2,20,62
2026-01-24 03:10:48.737937,1,2,5,21,62
2026-01-24 03:10:52.642321,1,2,1,22,62
2026-01-24 03:10:55.453102,1,1,1,22,62
2026-01-24 03:10:58.364873,1,1,1,22,62
2026-01-24 03:11:02.460447,1,1,1,23,62
2026-01-24 03:11:05.634650,1,1,1,17,62
2026-01-24 03:11:08.398205,1,2,2,15,62
2026-01-24 03:11:13.212267,1,2,9,14,67
2026-01-24 03:11:17.066607,1,2,3,12,70
2026-01-24 03:11:19.971918,1,1,2,12,73
2026-01-24 03:11:22.851311,1,2,12,12,76
2026-01-24 03:11:25.726371,1,2,1,11,78
2026-01-24 03:11:28.484240,1,2,2,11,78
2026-01-24 03:11:31.334767,1,2,4,11,78
2026-01-24 03:11:35.228170,1,1,6,12,78
2026-01-24 03:11:38.107362,1,2,1,12,78
2026-01-24 03:11:41.489258,1,2,1,12,78
2026-01-24 03:11:44.303218,1,1,1,12,78
2026-01-24 03:11:47.207599,1,2,2,12,78
2026-01-24 03:11:50.176960,1,2,9,12,78
2026-01-24 03:11:52.946929,1,1,1,12,76
2026-01-24 03:11:57.198587,1,2,3,12,73
2026-01-24 03:12:01.577051,1,2,2,12,67
2026-01-24 03:12:05.455418,1,2,1,12,64
2026-01-24 03:12:08.199326,1,1,12,12,63
2026-01-24 03:12:11.098895,1,2,1,12,63
2026-01-24 03:12:13.946504,1,2,8,12,63
2026-01-24 03:12:17.770187,1,1,2,12,63
2026-01-24 03:12:20.795513,1,2,1,12,63
2026-01-24 03:12:23.431317,1,2,4,12,63
2026-01-24 03:12:27.249675,1,1,5,12,63
2026-01-24 03:12:31.653621,1,1,1,12,63
2026-01-24 03:12:34.944044,1,2,4,12,63
2026-01-24 03:12:38.719709,1,2,4,12,63
2026-01-24 03:12:41.699069,1,2,8,12,63
2026-01-24 03:12:45.574723,1,1,1,12,67
2026-01-24 03:12:48.358333,1,2,2,12,67
2026-01-24 03:12:51.224556,1,2,6,12,70
2026-01-24 03:12:54.606230,1,2,1,12,73
2026-01-24 03:12:58.313399,1,2,1,12,76
2026-01-24 03:13:01.248660,1,2,8,12,72
2026-01-24 03:13:05.150317,1,2,1,12,70
2026-01-24 03:13:08.002561,1,1,1,12,70
2026-01-24 03:13:11.912218,1,2,4,12,70
2026-01-24 03:13:14.666457,1,1,2,12,70
2026-01-24 03:13:17.476685,1,2,2,12,67
2026-01-24 03:13:20.299440,1,2,4,12,67
2026-01-24 03:13:23.277136,1,2,10,12,67
2026-01-24 03:13:26.127462,1,2,1,12,67
2026-01-24 03:13:29.024344,1,2,6,12,67
2026-01-24 03:13:32.896621,1,1,1,12,67
2026-01-24 03:13:36.579692,1,1,1,12,67
2026-01-24 03:13:39.962113,1,2,3,12,66
2026-01-24 03:13:42.833445,1,2,10,12,64
2026-01-24 03:13:46.709299,1,1,2,12,64
2026-01-24 03:13:49.580806,1,2,4,12,64
2026-01-24 03:13:52.350153,1,2,3,12,64
2026-01-24 03:13:56.241423,1,2,1,12,64
2026-01-24 03:13:59.509738,1,2,1,12,64
2026-01-24 03:14:02.377375,1,1,2,12,64
2026-01-24 03:14:05.244805,1,1,1,12,64
2026-01-24 03:14:08.235417,1,2,5,12,63
2026-01-24 03:14:10.980677,1,1,1,12,63
2026-01-24 03:14:14.779250,1,2,1,12,63
2026-01-24 03:14:18.216357,1,2,2,12,63
2026-01-24 03:14:22.149882,1,2,8,12,63
2026-01-24 03:14:24.931287,1,2,5,12,64
2026-01-24 03:14:28.076558,1,2,6,15,67
2026-01-24 03:14:31.663149,1,2,3,17,70
2026-01-24 03:14:35.148913,1,1,2,19,73
2026-01-24 03:14:38.419899,1,2,3,20,70
2026-01-24 03:14:41.221851,1,2,7,22,67
2026-01-24 03:14:44.155445,1,1,3,22,64
2026-01-24 03:14:47.021455,1,2,4,22,63
2026-01-24 03:14:50.811785,1,1,5,23,63
2026-01-24 03:14:54.721117,1,2,11,21,63
2026-01-24 03:15:00.256822,1,1,5,18,63
2026-01-24 03:15:03.532631,1,1,7,15,64
2026-01-24 03:15:06.477251,1,2,1,14,64
2026-01-24 03:15:09.327102,1,2,4,13,67
2026-01-24 03:15:12.634961,1,2,10,13,70
2026-01-24 03:15:16.369322,1,1,10,13,76
2026-01-24 03:15:20.405075,1,2,1,12,74
2026-01-24 03:15:23.801413,1,2,3,12,71
2026-01-24 03:15:26.503644,1,2,4,12,68
2026-01-24 03:15:31.377666,1,2,7,12,66
2026-01-24 03:15:35.252402,1,2,3,12,66
2026-01-24 03:15:38.017369,1,1,1,12,66
2026-01-24 03:15:41.511186,1,2,2,14,69
2026-01-24 03:15:44.251487,1,1,5,14,72
2026-01-24 03:15:47.245017,1,2,1,13,75
2026-01-24 03:15:50.004668,1,2,1,13,73
2026-01-24 03:15:53.854433,1,2,8,12,70
2026-01-24 03:15:56.755175,1,1,1,12,67
2026-01-24 03:16:00.648642,1,2,1,12,65
2026-01-24 03:16:04.445496,1,2,7,12,65
2026-01-24 03:16:08.328273,1,2,1,12,65
2026-01-24 03:16:11.706786,1,1,5,12,65
2026-01-24 03:16:15.905639,1,1,2,12,70
2026-01-24 03:16:19.811267,1,2,4,12,73
2026-01-24 03:16:23.393817,1,2,4,12,76
2026-01-24 03:16:26.657197,1,2,2,12,79
2026-01-24 03:16:31.991095,1,2,2,12,82
2026-01-24 03:16:34.750840,1,1,1,12,76
2026-01-24 03:16:37.611361,1,2,4,12,72
2026-01-24 03:16:40.500086,1,2,2,12,69
2026-01-24 03:16:43.352998,1,1,1,12,66
2026-01-24 03:16:46.231053,1,2,3,12,64
2026-01-24 03:16:49.094573,1,1,7,12,64
2026-01-24 03:16:51.848648,1,2,3,12,66
2026-01-24 03:16:55.855787,1,2,2,12,69
2026-01-24 03:16:59.137523,1,2,8,12,72
2026-01-24 03:17:01.896460,1,1,1,12,75
2026-01-24 03:17:04.750524,1,1,3,12,78
2026-01-24 03:17:07.718876,1,2,7,12,78
2026-01-24 03:17:10.491351,1,2,1,12,73
2026-01-24 03:17:14.516028,1,2,7,12,70
2026-01-24 03:17:17.585531,1,2,3,12,67
2026-01-24 03:17:21.134580,1,1,1,12,65
2026-01-24 03:17:23.907847,1,2,7,12,65
2026-01-24 03:17:26.764875,1,2,1,12,65
2026-01-24 03:17:29.630963,1,2,2,12,68
2026-01-24 03:17:33.422541,1,1,1,12,71
2026-01-24 03:17:37.252118,1,2,3,12,65
2026-01-24 03:17:40.692864,1,2,1,12,65
2026-01-24 03:17:43.661249,1,2,4,12,65
2026-01-24 03:17:47.357400,1,2,3,12,65
2026-01-24 03:17:50.253443,1,1,8,12,66
2026-01-24 03:17:53.035064,1,2,2,12,69
2026-01-24 03:17:57.410932,1,2,2,12,72
2026-01-24 03:18:01.785166,1,2,3,12,68
2026-01-24 03:18:05.061663,1,2,6,12,65
2026-01-24 03:18:09.364793,1,2,12,12,65
2026-01-24 03:18:12.755387,1,2,4,12,68
2026-01-24 03:18:16.531308,1,2,1,12,74
2026-01-24 03:18:20.321050,1,2,1,12,77
2026-01-24 03:18:23.299002,1,2,2,12,80
2026-01-24 03:18:26.059168,1,2,7,12,77
2026-01-24 03:18:29.949372,1,2,4,13,74
2026-01-24 03:18:32.791253,1,2,3,13,71
2026-01-24 03:18:35.693289,1,2,5,13,71
2026-01-24 03:18:39.467978,1,1,3,13,71
2026-01-24 03:18:42.337417,1,2,11,13,71
2026-01-24 03:18:46.353340,1,2,5,14,71
2026-01-24 03:18:49.100886,1,2,2,13,71
2026-01-24 03:18:51.960679,1,2,7,13,71
2026-01-24 03:18:55.761856,1,2,1,12,71
2026-01-24 03:18:59.128176,1,2,3,12,69
2026-01-24 03:19:01.907714,1,2,13,12,66
2026-01-24 03:19:04.863363,1,2,38,12,64
2026-01-24 03:19:07.730465,1,2,14,12,65
2026-01-24 03:19:10.497824,1,2,14,12,65
2026-01-24 03:19:14.390111,1,1,7,12,65
2026-01-24 03:19:17.625008,1,1,6,12,65
2026-01-24 03:19:21.567101,1,1,1,12,65
2026-01-24 03:19:24.425784,1,2,2,12,65
2026-01-24 03:19:28.609399,1,1,1,12,65
2026-01-24 03:19:31.074923,1,1,6,12,65
2026-01-24 03:19:33.953343,1,2,3,12,65
2026-01-24 03:19:37.825374,1,2,5,12,68
2026-01-24 03:19:40.701863,1,2,5,12,69
2026-01-24 03:19:43.503499,1,1,1,13,69
2026-01-24 03:19:47.459326,1,1,2,15,69
2026-01-24 03:19:50.329818,1,2,1,15,69
2026-01-24 03:19:53.106080,1,2,1,15,69
2026-01-24 03:19:57.398521,1,2,7,16,69
2026-01-24 03:20:01.796199,1,1,1,16,69
2026-01-24 03:20:05.082765,1,1,1,17,69
2026-01-24 03:20:09.476197,1,1,2,16,69
2026-01-24 03:20:12.855220,1,1,2,14,69
2026-01-24 03:20:16.618219,1,1,2,13,69
2026-01-24 03:20:20.379798,1,2,1,12,69
2026-01-24 03:20:23.265410,1,2,2,12,69
2026-01-24 03:20:26.167167,1,1,1,12,69
2026-01-24 03:20:29.956411,1,2,2,11,69
2026-01-24 03:20:32.926013,1,2,2,11,70
2026-01-24 03:20:35.689687,1,1,1,11,70
2026-01-24 03:20:39.499020,1,2,2,11,69
2026-01-24 03:20:42.472637,1,1,1,11,69
2026-01-24 03:20:46.341456,1,2,3,11,69
2026-01-24 03:20:49.110325,1,2,2,11,69
2026-01-24 03:20:51.948464,1,2,1,11,69
2026-01-24 03:20:55.832001,1,2,2,11,71
2026-01-24 03:20:59.148454,1,2,3,11,74
2026-01-24 03:21:03.134156,1,1,1,11,74
2026-01-24 03:21:05.937568,1,2,2,11,70
2026-01-24 03:21:08.890391,1,2,2,11,67
2026-01-24 03:21:11.741943,1,2,3,11,64
2026-01-24 03:21:15.550249,1,1,2,11,62
2026-01-24 03:21:19.932864,1,1,1,11,67
2026-01-24 03:21:23.308942,1,1,2,11,70
2026-01-24 03:21:26.172217,1,1,1,11,73
2026-01-24 03:21:30.086218,1,2,2,11,76
2026-01-24 03:21:32.909486,1,1,2,11,79
2026-01-24 03:21:35.696514,1,1,1,11,82
2026-01-24 03:21:39.604571,1,2,1,11,85
2026-01-24 03:21:42.466899,1,1,2,11,85
2026-01-24 03:21:46.325290,1,2,1,11,79
2026-01-24 03:21:49.213213,1,2,1,11,73
2026-01-24 03:21:52.169897,1,1,1,11,70
2026-01-24 03:21:55.869199,1,1,1,11,67
2026-01-24 03:21:59.267622,1,2,5,11,64
2026-01-24 03:22:02.013152,1,1,1,11,67
2026-01-24 03:22:04.905599,1,2,2,11,70
2026-01-24 03:22:07.773603,1,2,3,11,73
2026-01-24 03:22:10.614617,1,2,1,11,75
2026-01-24 03:22:14.404339,1,2,4,11,75
2026-01-24 03:22:17.387694,1,1,2,11,75
2026-01-24 03:22:20.752468,1,1,1,11,75
2026-01-24 03:22:23.618849,1,2,1,11,75
2026-01-24 03:22:26.494142,1,1,2,11,75
2026-01-24 03:22:29.763314,1,1,1,11,75
2026-01-24 03:22:32.639776,1,2,6,11,71
2026-01-24 03:22:35.499246,1,1,1,11,69
2026-01-24 03:22:38.993929,1,1,1,11,69
2026-01-24 03:22:41.748758,1,2,2,11,69
2026-01-24 03:22:45.904410,1,1,2,11,69
2026-01-24 03:22:49.423162,1,1,1,12,69
2026-01-24 03:22:52.196078,1,2,2,14,69
2026-01-24 03:22:55.160391,1,2,1,13,69
2026-01-24 03:22:58.538594,1,2,1,13,69
2026-01-24 03:23:01.512426,1,2,2,12,69
2026-01-24 03:23:04.169608,1,1,3,12,69
2026-01-24 03:23:07.038813,1,1,2,12,69
2026-01-24 03:23:10.927977,1,2,2,12,69
2026-01-24 03:23:14.822798,1,1,2,12,69
2026-01-24 03:23:18.591341,1,1,1,12,69
2026-01-24 03:23:21.537937,1,2,1,12,69
2026-01-24 03:23:24.854603,1,1,2,12,69
2026-01-24 03:23:28.651851,1,1,3,12,69
2026-01-24 03:23:32.535601,1,2,1,12,66
2026-01-24 03:23:35.841887,1,2,1,12,66
2026-01-24 03:23:38.577112,1,1,3,12,66
2026-01-24 03:23:41.595989,1,1,1,12,68
2026-01-24 03:23:44.375980,1,2,2,12,68
2026-01-24 03:23:47.312562,1,1,3,12,68
2026-01-24 03:23:51.068667,1,2,1,12,68
2026-01-24 03:23:54.550295,1,1,2,12,67
2026-01-24 03:23:57.827632,1,2,4,12,67
2026-01-24 03:24:00.594429,1,2,1,12,67
2026-01-24 03:24:03.673731,1,2,2,12,67
2026-01-24 03:24:06.954651,1,1,2,12,67
2026-01-24 03:24:10.748485,1,1,1,12,67
2026-01-24 03:24:14.117939,1,1,1,12,67
2026-01-24 03:24:16.995962,1,2,2,12,67
2026-01-24 03:24:19.844423,1,2,3,12,67
2026-01-24 03:24:22.654355,1,1,1,12,67
2026-01-24 03:24:26.530968,1,2,1,12,70
2026-01-24 03:24:29.754593,1,2,1,12,73
2026-01-24 03:24:33.777481,1,1,3,12,76
2026-01-24 03:24:38.175525,1,2,2,12,76
2026-01-24 03:24:42.106622,1,1,1,12,79
2026-01-24 03:24:45.054715,1,1,1,12,82
2026-01-24 03:24:47.825228,1,1,2,12,85
2026-01-24 03:24:52.204415,1,1,1,12,80
2026-01-24 03:24:55.603719,1,1,1,12,77
2026-01-24 03:24:58.387938,1,2,1,12,75
2026-01-24 03:25:01.211769,1,1,3,12,75
2026-01-24 03:25:04.173736,1,1,1,12,75
2026-01-24 03:25:07.916354,1,2,5,12,75
2026-01-24 03:25:11.254937,1,2,2,12,75
2026-01-24 03:25:14.113567,1,1,1,12,75
2026-01-24 03:25:17.089485,1,2,1,12,75
2026-01-24 03:25:19.849881,1,2,1,12,75
2026-01-24 03:25:22.727204,1,1,1,12,75
2026-01-24 03:25:26.634589,1,2,3,12,75
2026-01-24 03:25:30.009454,1,2,3,12,75
2026-01-24 03:25:33.266943,1,2,2,12,75
2026-01-24 03:25:36.143025,1,2,4,12,75
2026-01-24 03:25:39.027269,1,2,3,12,75
2026-01-24 03:25:41.865272,1,2,3,12,75
2026-01-24 03:25:45.653832,1,2,2,12,75
2026-01-24 03:25:49.954784,1,2,2,12,75
2026-01-24 03:25:52.821802,1,1,2,12,74
2026-01-24 03:25:55.730403,1,1,1,12,74
2026-01-24 03:25:59.583856,1,1,1,12,76
2026-01-24 03:26:02.522536,1,1,1,12,79
2026-01-24 03:26:05.314588,1,1,1,12,81
2026-01-24 03:26:09.121625,1,2,1,12,81
2026-01-24 03:26:12.495980,1,2,3,12,81
2026-01-24 03:26:15.218475,1,1,1,12,80
2026-01-24 03:26:18.217024,1,2,2,12,77
2026-01-24 03:26:21.090451,1,1,1,12,74
2026-01-24 03:26:23.951156,1,1,1,12,71
2026-01-24 03:26:27.644815,1,1,1,12,69
2026-01-24 03:26:32.654531,1,2,1,12,69
2026-01-24 03:26:35.646332,1,2,5,12,69
2026-01-24 03:26:38.445699,1,1,1,12,69
2026-01-24 03:26:41.358469,1,1,1,12,69
2026-01-24 03:26:45.659987,1,1,6,12,69
2026-01-24 03:26:48.948009,1,1,2,12,69
2026-01-24 03:26:53.448799,1,1,2,12,69
2026-01-24 03:26:56.639642,1,1,1,12,69
2026-01-24 03:26:59.687978,1,2,1,12,69
2026-01-24 03:27:02.570532,1,1,2,12,69
2026-01-24 03:27:05.299774,1,1,1,12,69
2026-01-24 03:27:09.113921,1,1,2,12,69
2026-01-24 03:27:12.189401,1,2,4,12,69
2026-01-24 03:27:14.848326,1,1,1,12,69
2026-01-24 03:27:18.737427,1,1,1,12,69
2026-01-24 03:27:21.609952,1,2,2,12,69
2026-01-24 03:27:24.996605,1,1,2,12,69
2026-01-24 03:27:28.771673,1,1,1,12,69
2026-01-24 03:27:32.514994,1,2,1,12,69
2026-01-24 03:27:35.850804,1,2,1,12,69
2026-01-24 03:27:40.139849,1,2,5,12,69
2026-01-24 03:27:43.984006,1,1,1,12,69
2026-01-24 03:27:47.305035,1,1,1,12,66
2026-01-24 03:27:51.195586,1,1,1,12,66
2026-01-24 03:27:54.597462,1,2,2,12,66
2026-01-24 03:27:57.923876,1,1,2,12,66
2026-01-24 03:28:00.828007,1,2,1,12,66
2026-01-24 03:28:03.698109,1,2,1,12,66
2026-01-24 03:28:06.967284,1,2,1,12,68
2026-01-24 03:28:10.775702,1,1,3,12,70
2026-01-24 03:28:13.608667,1,2,1,12,70
2026-01-24 03:28:17.397935,1,1,2,12,70
2026-01-24 03:28:19.971001,1,1,1,12,70
2026-01-24 03:28:22.733754,1,1,3,12,70
2026-01-24 03:28:26.556766,1,1,1,12,70
2026-01-24 03:28:29.902783,1,1,1,13,70
2026-01-24 03:28:35.340575,1,2,1,12,70
2026-01-24 03:28:38.209156,1,2,1,14,70
2026-01-24 03:28:41.051116,1,2,3,16,71
2026-01-24 03:28:43.955982,1,2,2,16,74
2026-01-24 03:28:46.705772,1,2,3,15,77
2026-01-24 03:28:50.581401,1,1,3,14,76
2026-01-24 03:28:53.556959,1,1,2,13,75
2026-01-24 03:28:56.837900,1,1,1,13,78
2026-01-24 03:29:01.770308,1,1,1,12,84
2026-01-24 03:29:05.549855,1,2,1,12,87
2026-01-24 03:29:08.414724,1,1,2,12,90
2026-01-24 03:29:12.197605,1,1,1,12,90
2026-01-24 03:29:15.171133,1,1,1,12,90
2026-01-24 03:29:19.054669,1,2,1,12,90
2026-01-24 03:29:22.740802,1,1,3,12,90
2026-01-24 03:29:26.642791,1,1,1,12,90
2026-01-24 03:29:29.912142,1,1,1,12,90
2026-01-24 03:29:33.696947,1,2,1,12,90
2026-01-24 03:29:38.612294,1,2,1,12,88
2026-01-24 03:29:41.582664,1,2,2,12,82
2026-01-24 03:29:44.322252,1,1,3,12,76
2026-01-24 03:29:48.237151,1,1,1,12,73
2026-01-24 03:29:51.206713,1,2,2,12,70
2026-01-24 03:29:53.988319,1,2,3,12,67
2026-01-24 03:29:57.918450,1,1,1,12,67
2026-01-24 03:30:02.270288,1,2,1,12,67
2026-01-24 03:30:05.134529,1,2,5,12,67
2026-01-24 03:30:08.001477,1,1,1,12,67
2026-01-24 03:30:10.767652,1,2,2,12,67
2026-01-24 03:30:14.677907,1,2,3,12,67
2026-01-24 03:30:17.523952,1,2,1,12,67
2026-01-24 03:30:20.412688,1,1,2,12,67
2026-01-24 03:30:24.198512,1,2,3,12,67
2026-01-24 03:30:27.151058,1,2,2,12,67
2026-01-24 03:30:29.918572,1,2,11,12,67
2026-01-24 03:30:34.215757,1,2,1,12,67
2026-01-24 03:30:37.187736,1,2,2,12,70
2026-01-24 03:30:40.538021,1,2,11,12,72
2026-01-24 03:30:43.438217,1,2,13,12,72
2026-01-24 03:30:46.299044,1,2,48,11,72
2026-01-24 03:30:50.086754,1,2,14,11,72
2026-01-24 03:30:53.467746,1,2,7,11,72
2026-01-24 03:30:57.255663,1,1,5,14,72
2026-01-24 03:31:00.130829,1,2,2,15,72
2026-01-24 03:31:02.992140,1,2,5,14,72
2026-01-24 03:31:06.792560,1,1,6,14,72
2026-01-24 03:31:09.663546,1,2,1,14,72
2026-01-24 03:31:13.235105,1,2,9,14,72
2026-01-24 03:31:15.895207,1,2,6,14,72
2026-01-24 03:31:18.761380,1,1,12,14,72
2026-01-24 03:31:22.668382,1,2,8,14,72
2026-01-24 03:31:25.601678,1,2,11,14,73
2026-01-24 03:31:28.290254,1,2,9,14,74
2026-01-24 03:31:32.089287,1,2,1,14,74
2026-01-24 03:31:35.453111,1,1,4,14,74
2026-01-24 03:31:38.831382,1,2,4,14,74
2026-01-24 03:31:41.698367,1,1,1,14,74
2026-01-24 03:31:44.581105,1,2,5,14,74
2026-01-24 03:31:47.431574,1,1,7,14,74
2026-01-24 03:31:51.220492,1,2,1,13,74
2026-01-24 03:31:55.053375,1,2,1,12,74
2026-01-24 03:31:59.217697,1,2,14,12,74
2026-01-24 03:32:01.972172,1,2,8,12,73
2026-01-24 03:32:05.769715,1,1,2,12,71
2026-01-24 03:32:08.640871,1,2,1,12,68
2026-01-24 03:32:11.495313,1,2,10,12,65
2026-01-24 03:32:15.287418,1,1,1,12,64
2026-01-24 03:32:18.689500,1,1,1,12,64
2026-01-24 03:32:22.250484,1,2,10,13,62
2026-01-24 03:32:24.829850,1,1,10,15,62
2026-01-24 03:32:27.886218,1,2,1,16,62
2026-01-24 03:32:31.174203,1,2,8,18,62
2026-01-24 03:32:34.856511,1,1,10,19,62
2026-01-24 03:32:37.723272,1,2,1,19,62
2026-01-24 03:32:41.602000,1,2,2,21,62
2026-01-24 03:32:44.602723,1,1,18,21,62
2026-01-24 03:32:48.475351,1,1,1,22,62
2026-01-24 03:32:51.241225,1,2,4,22,62
2026-01-24 03:32:53.971291,1,1,1,22,62
2026-01-24 03:32:57.900700,1,1,1,22,62
2026-01-24 03:33:00.750850,1,2,1,22,62
2026-01-24 03:33:04.601224,1,2,12,23,62
2026-01-24 03:33:07.409413,1,1,12,23,62
2026-01-24 03:33:10.384191,1,2,1,23,64
2026-01-24 03:33:14.129180,1,2,7,23,64
2026-01-24 03:33:19.219092,1,2,24,23,64
2026-01-24 03:33:22.661880,1,2,19,23,64
2026-01-24 03:33:25.535426,1,1,7,23,64
2026-01-24 03:33:28.312657,1,2,3,23,64
2026-01-24 03:33:32.186843,1,2,10,23,67
2026-01-24 03:33:35.464757,1,1,10,23,70
2026-01-24 03:33:38.552848,1,2,6,22,73
2026-01-24 03:33:41.255490,1,2,11,23,76
2026-01-24 03:33:44.204112,1,1,1,23,79
2026-01-24 03:33:47.044285,1,2,23,22,82
2026-01-24 03:33:49.912319,1,1,3,19,82
2026-01-24 03:33:53.777595,1,2,1,17,76
2026-01-24 03:33:56.691126,1,2,1,18,73
2026-01-24 03:34:00.039884,1,2,21,19,72
2026-01-24 03:34:03.828365,1,2,1,20,75
2026-01-24 03:34:08.249875,1,1,1,21,81
2026-01-24 03:34:11.530386,1,2,8,22,83
2026-01-24 03:34:16.260595,1,2,6,22,82
2026-01-24 03:34:19.113352,1,1,18,23,81
2026-01-24 03:34:22.670641,1,2,7,23,83
2026-01-24 03:34:25.449740,1,2,2,23,81
2026-01-24 03:34:28.345716,1,2,17,23,77
2026-01-24 03:34:32.319812,1,1,2,24,74
2026-01-24 03:34:35.572653,1,1,1,24,71
2026-01-24 03:34:39.477176,1,2,4,24,69
2026-01-24 03:34:42.228672,1,2,11,24,71
2026-01-24 03:34:44.999620,1,2,1,24,74
2026-01-24 03:34:48.853125,1,2,3,24,77
2026-01-24 03:34:51.868211,1,2,14,24,80
2026-01-24 03:34:55.147855,1,1,3,24,77
2026-01-24 03:34:58.925320,1,2,1,24,70
2026-01-24 03:35:01.794137,1,2,6,24,67
2026-01-24 03:35:04.653661,1,1,2,24,66
2026-01-24 03:35:07.526600,1,2,1,24,68
2026-01-24 03:35:10.351681,1,2,3,24,71
2026-01-24 03:35:14.278362,1,1,1,24,70
2026-01-24 03:35:17.484983,1,2,1,24,68
2026-01-24 03:35:20.335652,1,2,5,24,65
2026-01-24 03:35:23.303151,1,1,1,24,62
2026-01-24 03:35:26.176761,1,2,23,24,62
2026-01-24 03:35:29.026667,1,2,2,24,62
2026-01-24 03:35:32.836087,1,2,2,24,62
2026-01-24 03:35:36.090760,1,2,3,24,62
2026-01-24 03:35:38.956993,1,2,23,24,62
2026-01-24 03:35:41.825187,1,1,3,24,62
2026-01-24 03:35:44.698437,1,2,3,24,62
2026-01-24 03:35:47.558313,1,2,5,24,62
2026-01-24 03:35:51.349177,1,1,2,24,62
2026-01-24 03:35:55.260524,1,2,1,24,62
2026-01-24 03:35:59.641469,1,2,1,24,62
2026-01-24 03:36:02.934436,1,2,8,24,62
2026-01-24 03:36:05.894536,1,1,9,24,62
2026-01-24 03:36:08.753012,1,1,4,24,62
2026-01-24 03:36:11.537498,1,1,2,24,62
2026-01-24 03:36:15.425350,1,2,16,24,62
2026-01-24 03:36:18.264705,1,2,1,24,62
2026-01-24 03:36:22.783419,1,2,4,23,62
2026-01-24 03:36:25.667567,1,2,11,20,62
2026-01-24 03:36:28.436411,1,1,2,21,62
2026-01-24 03:36:32.307179,1,1,3,22,62
2026-01-24 03:36:35.598257,1,1,3,22,62
2026-01-24 03:36:38.963095,1,2,11,23,62
2026-01-24 03:36:42.351933,1,2,11,23,62
2026-01-24 03:36:45.105598,1,2,3,24,65
2026-01-24 03:36:48.911495,1,2,2,24,68
2026-01-24 03:36:51.871917,1,2,22,24,71
2026-01-24 03:36:55.254509,1,2,1,24,74
2026-01-24 03:36:59.237770,1,2,1,24,73
2026-01-24 03:37:01.889102,1,2,6,24,70
2026-01-24 03:37:05.909445,1,2,24,24,67
2026-01-24 03:37:08.759825,1,1,6,24,64
2026-01-24 03:37:11.647790,1,2,6,24,64
2026-01-24 03:37:15.414671,1,2,22,24,64
2026-01-24 03:37:18.795436,1,2,17,24,65
2026-01-24 03:37:22.188662,1,2,2,25,71
2026-01-24 03:37:24.924973,1,2,3,25,71
2026-01-24 03:37:28.080214,1,2,10,25,74
2026-01-24 03:37:31.202541,1,2,2,25,77
2026-01-24 03:37:34.983108,1,2,2,25,83
2026-01-24 03:37:37.954341,1,2,7,25,86
2026-01-24 03:37:41.339862,1,2,6,25,89
2026-01-24 03:37:44.119895,1,2,2,25,92
2026-01-24 03:37:46.954941,1,2,3,25,95
2026-01-24 03:37:50.855784,1,2,7,25,96
2026-01-24 03:37:54.131899,1,2,2,25,94
2026-01-24 03:37:58.459255,1,1,1,25,98
2026-01-24 03:38:02.314791,1,2,6,25,100
2026-01-24 03:38:05.557890,1,2,1,25,100
2026-01-24 03:38:09.900641,1,2,6,25,100
2026-01-24 03:38:13.286729,1,1,8,25,100
2026-01-24 03:38:17.060859,1,1,1,25,100
2026-01-24 03:38:20.851186,1,2,6,25,100
2026-01-24 03:38:23.818170,1,2,10,25,99
2026-01-24 03:38:26.603839,1,1,1,25,97
2026-01-24 03:38:30.485471,1,2,3,25,97
2026-01-24 03:38:33.341696,1,2,20,25,97
2026-01-24 03:38:36.211572,1,1,1,25,97
2026-01-24 03:38:40.000402,1,2,1,25,97
2026-01-24 03:38:42.866901,1,2,6,23,97
2026-01-24 03:38:46.766048,1,1,1,21,97
2026-01-24 03:38:49.632611,1,2,1,22,97
2026-01-24 03:38:52.490512,1,2,12,22,97
2026-01-24 03:38:56.296024,1,2,1,22,93
2026-01-24 03:38:59.658196,1,1,1,23,87
2026-01-24 03:39:02.438183,1,2,6,23,82
2026-01-24 03:39:05.393006,1,2,14,23,79
2026-01-24 03:39:08.672366,1,1,1,23,76
2026-01-24 03:39:11.536800,1,2,8,24,79
2026-01-24 03:39:14.403607,1,2,11,24,82
2026-01-24 03:39:17.295492,1,2,2,24,85
2026-01-24 03:39:20.152181,1,2,5,24,82
2026-01-24 03:39:23.931068,1,2,19,24,79
2026-01-24 03:39:26.800942,1,1,2,24,82
2026-01-24 03:39:29.663321,1,2,18,24,85
2026-01-24 03:39:33.451315,1,2,19,25,88
2026-01-24 03:39:37.341795,1,2,5,25,91
2026-01-24 03:39:41.013525,1,1,1,25,97
2026-01-24 03:39:44.920841,1,2,5,25,98
2026-01-24 03:39:48.195960,1,2,24,25,98
2026-01-24 03:39:52.497021,1,2,8,25,86
2026-01-24 03:39:56.393903,1,1,1,25,80
2026-01-24 03:39:59.681451,1,2,11,25,74
2026-01-24 03:40:02.964255,1,1,10,25,70
2026-01-24 03:40:05.911005,1,2,2,25,67
2026-01-24 03:40:08.780761,1,2,7,25,64
2026-01-24 03:40:11.645946,1,2,3,25,62
2026-01-24 03:40:15.642351,1,1,2,25,62
2026-01-24 03:40:19.340637,1,2,4,25,62
2026-01-24 03:40:22.718333,1,2,14,25,62
2026-01-24 03:40:25.455007,1,2,5,25,62
2026-01-24 03:40:29.351401,1,2,2,25,62
2026-01-24 03:40:32.227544,1,2,3,25,64
2026-01-24 03:40:35.098572,1,2,5,25,67
2026-01-24 03:40:38.892935,1,2,6,25,70
2026-01-24 03:40:41.854290,1,2,4,25,73
2026-01-24 03:40:45.309204,1,2,14,25,76
2026-01-24 03:40:48.993505,1,2,7,25,79
2026-01-24 03:40:52.197750,1,2,2,25,82
2026-01-24 03:40:55.372030,1,2,2,25,85
2026-01-24 03:40:59.062509,1,2,15,25,88
2026-01-24 03:41:02.029368,1,1,9,25,88
2026-01-24 03:41:05.916720,1,2,2,25,85
2026-01-24 03:41:08.896360,1,2,2,25,79
2026-01-24 03:41:11.651168,1,2,6,25,74
2026-01-24 03:41:15.447912,1,2,1,25,71
2026-01-24 03:41:19.286835,1,2,1,25,68
2026-01-24 03:41:23.119955,1,2,9,25,65
2026-01-24 03:41:26.920394,1,2,16,25,65
2026-01-24 03:41:30.197769,1,2,2,25,65
2026-01-24 03:41:34.595019,1,2,2,25,63
2026-01-24 03:41:38.385356,1,2,6,22,63
2026-01-24 03:41:41.654589,1,2,14,19,63
2026-01-24 03:41:45.790441,1,1,22,18,63
2026-01-24 03:41:50.051936,1,1,5,19,63
2026-01-24 03:41:53.435674,1,1,1,21,63
2026-01-24 03:41:56.401067,1,2,4,18,63
2026-01-24 03:41:59.062611,1,2,12,16,63
2026-01-24 03:42:02.954889,1,1,3,15,63
2026-01-24 03:42:06.219854,1,1,2,13,63
2026-01-24 03:42:09.099110,1,2,1,13,63
2026-01-24 03:42:11.965135,1,2,7,12,63
2026-01-24 03:42:14.942562,1,2,10,12,63
2026-01-24 03:42:17.649858,1,2,2,12,63
2026-01-24 03:42:21.465520,1,2,13,13,63
2026-01-24 03:42:25.392778,1,2,26,13,63
2026-01-24 03:42:28.658799,1,2,3,13,63
2026-01-24 03:42:31.545482,1,2,9,13,63
2026-01-24 03:42:35.414994,1,2,16,13,63
2026-01-24 03:42:38.282281,1,2,19,13,63
2026-01-24 03:42:41.151535,1,2,44,13,63
2026-01-24 03:42:45.049125,1,2,93,23,108
2026-01-24 03:42:47.880990,1,2,2,24,111
2026-01-24 03:42:51.291066,1,2,3,23,114
2026-01-24 03:42:56.005275,1,1,1,24,120
2026-01-24 03:42:59.484831,1,1,1,24,123
2026-01-24 03:43:02.346368,1,2,15,21,117
2026-01-24 03:43:05.137272,1,2,1,20,111
2026-01-24 03:43:10.649029,1,1,1,17,99
2026-01-24 03:43:14.350587,1,1,1,14,93
2026-01-24 03:43:17.660799,1,1,1,15,87
2026-01-24 03:43:21.469839,1,1,1,17,82
2026-01-24 03:43:25.408860,1,1,1,18,80
2026-01-24 03:43:29.276444,1,1,1,17,80
2026-01-24 03:43:32.045946,1,1,1,18,81
2026-01-24 03:43:35.422111,1,1,1,19,84
2026-01-24 03:43:38.293132,1,1,1,20,85
2026-01-24 03:43:41.074814,1,1,1,20,82
2026-01-24 03:43:44.942509,1,1,1,18,80
2026-01-24 03:43:48.251206,1,1,1,16,80
2026-01-24 03:43:52.065228,1,1,1,15,80
2026-01-24 03:43:54.989981,1,1,1,15,80
2026-01-24 03:43:58.982279,1,1,1,14,80
2026-01-24 03:44:01.750700,1,1,1,14,80
2026-01-24 03:44:04.602395,1,1,1,15,80
2026-01-24 03:44:08.494227,1,1,1,15,80
2026-01-24 03:44:11.783459,1,1,1,15,80
2026-01-24 03:44:14.535597,1,1,1,15,80
2026-01-24 03:44:17.449292,1,1,1,15,80
2026-01-24 03:44:20.385884,1,1,1,15,80
2026-01-24 03:44:23.147392,1,1,1,14,80
2026-01-24 03:44:27.131960,1,1,1,13,80
2026-01-24 03:44:30.310483,1,1,1,15,80
2026-01-24 03:44:33.692937,1,1,1,13,80
2026-01-24 03:44:36.896480,1,1,1,12,78
2026-01-24 03:44:39.521266,1,1,1,11,73
2026-01-24 03:44:42.294191,1,1,1,11,70
2026-01-24 03:44:46.080331,1,1,1,11,67
2026-01-24 03:44:50.499771,1,1,1,11,62
2026-01-24 03:44:53.345613,1,1,1,11,62
2026-01-24 03:44:56.115014,1,1,1,11,62
2026-01-24 03:45:00.225805,1,1,1,11,62
2026-01-24 03:45:02.928495,1,1,1,11,62
2026-01-24 03:45:05.788619,1,1,1,11,62
2026-01-24 03:45:09.840516,1,1,1,11,62
2026-01-24 03:45:12.567766,1,1,1,11,62
2026-01-24 03:45:17.003535,1,1,1,11,62
2026-01-24 03:45:19.764635,1,1,1,11,62
2026-01-24 03:45:22.642853,1,1,1,11,62
2026-01-24 03:45:26.538843,1,1,1,11,62
2026-01-24 03:45:29.799558,1,1,1,11,62
2026-01-24 03:45:33.098398,1,1,1,11,62
2026-01-24 03:45:36.045943,1,1,1,11,62
2026-01-24 03:45:39.019679,1,1,1,11,62
2026-01-24 03:45:41.788037,1,1,1,11,62
2026-01-24 03:45:45.600005,1,1,1,11,62
2026-01-24 03:45:49.466079,1,1,1,11,62
2026-01-24 03:45:53.249281,1,1,1,11,62
2026-01-24 03:45:56.965392,1,1,1,11,64
2026-01-24 03:46:00.331912,1,1,1,13,67
2026-01-24 03:46:04.104986,1,1,1,16,70
2026-01-24 03:46:08.098055,1,1,1,18,74
2026-01-24 03:46:10.965274,1,1,1,19,74
2026-01-24 03:46:13.646829,1,1,1,21,74
2026-01-24 03:46:17.517796,1,1,1,21,74
2026-01-24 03:46:20.384972,1,1,1,22,72
2026-01-24 03:46:23.149475,1,1,1,22,69
2026-01-24 03:46:27.042401,1,1,1,21,66
2026-01-24 03:46:30.309610,1,1,1,17,63
2026-01-24 03:46:34.217634,1,1,1,15,63
2026-01-24 03:46:37.041975,1,1,1,14,63
2026-01-24 03:46:40.973805,1,1,1,14,63
2026-01-24 03:46:43.834444,1,1,1,13,64
2026-01-24 03:46:46.701941,1,1,1,13,65
2026-01-24 03:46:50.490307,1,1,1,12,65
2026-01-24 03:46:53.926539,1,1,1,12,65
2026-01-24 03:46:56.638503,1,1,1,12,65
2026-01-24 03:46:59.615763,1,1,1,11,65
2026-01-24 03:47:02.381250,1,1,1,11,65
2026-01-24 03:47:05.338482,1,1,1,11,65
2026-01-24 03:47:09.127912,1,1,1,11,63
2026-01-24 03:47:12.405556,1,1,1,11,63
2026-01-24 03:47:16.404467,1,1,1,11,63
2026-01-24 03:47:19.280898,1,1,1,11,63
2026-01-24 03:47:22.073481,1,1,1,11,66
2026-01-24 03:47:25.429268,1,1,1,11,69
2026-01-24 03:47:29.218565,1,1,1,11,70
2026-01-24 03:47:33.088977,1,1,1,11,70
2026-01-24 03:47:36.987620,1,1,1,11,70
2026-01-24 03:47:39.847387,1,1,1,11,71
2026-01-24 03:47:42.714192,1,1,1,11,74
2026-01-24 03:47:45.813008,1,1,1,11,77
2026-01-24 03:47:48.448087,1,1,1,11,80
2026-01-24 03:47:52.155225,1,1,1,11,80
2026-01-24 03:47:56.130404,1,1,1,11,70
2026-01-24 03:47:59.610625,1,1,1,11,67
2026-01-24 03:48:02.442346,1,1,1,11,64
2026-01-24 03:48:05.253934,1,1,1,11,64
2026-01-24 03:48:09.135895,1,1,1,11,64
2026-01-24 03:48:12.426254,1,1,1,11,64
2026-01-24 03:48:16.202157,1,1,1,11,64
2026-01-24 03:48:19.168583,1,1,1,11,63
2026-01-24 03:48:23.066619,1,1,1,11,63
2026-01-24 03:48:25.800154,1,1,1,11,66
2026-01-24 03:48:28.720281,1,1,1,11,67
2026-01-24 03:48:32.582701,1,1,1,11,65
2026-01-24 03:48:35.462304,1,1,1,11,65
2026-01-24 03:48:38.188152,1,1,1,11,65
2026-01-24 03:48:42.120687,1,1,1,11,64
2026-01-24 03:48:45.008299,1,1,1,11,62
2026-01-24 03:48:47.829309,1,1,1,11,62
2026-01-24 03:48:51.631482,1,1,1,11,62
2026-01-24 03:48:54.599699,1,1,1,11,62
2026-01-24 03:48:59.000578,1,1,1,11,62
2026-01-24 03:49:01.881759,1,1,1,11,62
2026-01-24 03:49:04.736234,1,1,1,11,62
2026-01-24 03:49:08.630683,1,1,1,11,62
2026-01-24 03:49:11.905041,1,1,1,11,62
2026-01-24 03:49:15.803980,1,1,1,11,62
2026-01-24 03:49:18.571578,1,1,1,11,62
2026-01-24 03:49:21.536341,1,1,1,11,62
2026-01-24 03:49:25.249953,1,1,1,11,62
2026-01-24 03:49:28.131619,1,1,1,11,62
2026-01-24 03:49:31.671318,1,1,1,11,64
2026-01-24 03:49:35.354953,1,1,1,11,64
2026-01-24 03:49:39.144929,1,1,1,12,64
2026-01-24 03:49:42.429473,1,1,1,14,64
2026-01-24 03:49:46.179210,1,1,1,13,67
2026-01-24 03:49:50.619826,1,1,1,13,68
2026-01-24 03:49:53.897726,1,1,1,12,68
2026-01-24 03:49:57.658834,1,1,1,12,68
2026-01-24 03:50:00.750524,1,1,1,12,68
2026-01-24 03:50:03.425726,1,1,1,12,68
2026-01-24 03:50:07.303666,1,1,1,12,68
2026-01-24 03:50:10.181239,1,1,1,12,69
2026-01-24 03:50:13.550146,1,1,1,12,71
2026-01-24 03:50:17.337639,1,1,1,12,71
2026-01-24 03:50:21.127749,1,1,1,12,71
2026-01-24 03:50:24.403898,1,1,1,12,71
2026-01-24 03:50:28.203412,1,1,1,12,71
2026-01-24 03:50:32.596400,1,1,1,12,71
2026-01-24 03:50:35.866645,1,1,1,12,68
2026-01-24 03:50:39.771270,1,1,1,12,65
2026-01-24 03:50:42.588450,1,1,1,12,62
2026-01-24 03:50:45.684389,1,1,1,12,62
2026-01-24 03:50:49.287539,1,1,1,12,63
2026-01-24 03:50:52.172334,1,1,1,12,66
2026-01-24 03:50:55.536064,1,1,1,12,69
2026-01-24 03:50:59.328087,1,1,1,12,75
2026-01-24 03:51:02.191404,1,1,1,12,75
2026-01-24 03:51:05.680876,1,1,1,13,72
2026-01-24 03:51:08.472126,1,1,1,16,71
2026-01-24 03:51:11.301846,1,1,1,17,68
2026-01-24 03:51:15.192717,1,1,1,16,65
2026-01-24 03:51:18.491275,1,1,1,16,63
2026-01-24 03:51:21.949584,1,1,1,17,63
2026-01-24 03:51:24.715596,1,1,1,18,63
2026-01-24 03:51:27.621535,1,1,1,19,63
2026-01-24 03:51:31.879622,1,1,1,20,63
2026-01-24 03:51:34.338894,1,1,1,20,65
2026-01-24 03:51:38.641232,1,1,1,19,63
2026-01-24 03:51:41.916230,1,1,1,17,62
2026-01-24 03:51:44.783389,1,1,1,15,62
2026-01-24 03:51:47.662434,1,1,1,14,64
2026-01-24 03:51:50.524020,1,1,1,14,67
2026-01-24 03:51:53.485737,1,1,1,13,67
2026-01-24 03:51:57.148846,1,1,1,13,64
2026-01-24 03:52:00.654949,1,1,1,12,64
2026-01-24 03:52:03.322146,1,1,1,12,64
2026-01-24 03:52:06.223354,1,1,1,12,66
2026-01-24 03:52:09.084974,1,1,1,12,67
2026-01-24 03:52:11.892956,1,1,1,12,68
2026-01-24 03:52:15.705713,1,1,1,12,68
2026-01-24 03:52:19.598977,1,1,1,12,68
2026-01-24 03:52:23.080129,1,1,1,12,68
2026-01-24 03:52:25.883189,1,1,1,12,68
2026-01-24 03:52:28.743164,1,1,1,12,68
2026-01-24 03:52:32.718793,1,1,1,12,68
2026-01-24 03:52:35.981029,1,1,1,13,68
2026-01-24 03:52:39.722372,1,1,1,13,68
2026-01-24 03:52:42.631471,1,1,1,13,68
2026-01-24 03:52:45.504644,1,1,1,13,68
2026-01-24 03:52:50.330555,1,1,1,12,70
2026-01-24 03:52:53.701128,1,1,1,12,73
2026-01-24 03:52:56.563773,1,1,1,12,76
2026-01-24 03:52:59.430790,1,1,1,12,79
2026-01-24 03:53:03.229432,1,1,1,12,78
2026-01-24 03:53:06.103899,1,1,1,12,75
2026-01-24 03:53:08.948576,1,1,1,12,72
2026-01-24 03:53:12.848449,1,1,1,12,70
2026-01-24 03:53:15.723933,1,1,1,12,70
2026-01-24 03:53:18.613814,1,1,1,12,70
2026-01-24 03:53:21.347687,1,1,1,12,70
2026-01-24 03:53:24.225755,1,1,1,12,70
2026-01-24 03:53:27.438684,1,1,1,12,70
2026-01-24 03:53:29.959717,1,1,1,12,70
2026-01-24 03:53:33.838533,1,1,1,12,71
2026-01-24 03:53:37.625777,1,1,1,12,74
2026-01-24 03:53:41.016310,1,1,1,12,72
2026-01-24 03:53:43.772625,1,1,1,12,71
2026-01-24 03:53:47.774783,1,1,1,12,70
2026-01-24 03:53:50.631587,1,1,1,11,70
2026-01-24 03:53:53.396539,1,1,1,11,70
2026-01-24 03:53:57.299356,1,1,1,11,68
2026-01-24 03:54:00.275840,1,1,1,11,68
2026-01-24 03:54:03.474100,1,1,1,11,68
2026-01-24 03:54:08.447721,1,1,1,11,65
2026-01-24 03:54:11.728373,1,1,1,11,62
2026-01-24 03:54:14.595707,1,1,1,11,62
2026-01-24 03:54:17.473930,1,1,1,11,62
2026-01-24 03:54:20.272560,1,1,1,11,62
2026-01-24 03:54:23.711854,1,1,1,11,62
2026-01-24 03:54:26.581431,1,1,1,11,62
2026-01-24 03:54:29.439982,1,1,1,11,62
2026-01-24 03:54:33.228377,1,1,1,11,62
2026-01-24 03:54:36.615112,1,1,1,16,62
2026-01-24 03:54:39.988693,1,1,1,18,62
2026-01-24 03:54:42.866784,1,1,1,17,62
2026-01-24 03:54:45.702986,1,1,1,16,62
2026-01-24 03:54:48.513736,1,1,1,15,62
2026-01-24 03:54:52.382527,1,1,1,14,62
2026-01-24 03:54:56.784313,1,1,1,13,62
2026-01-24 03:55:00.272392,1,1,1,12,62
2026-01-24 03:55:03.538961,1,1,1,12,62
2026-01-24 03:55:07.431766,1,1,1,12,62
2026-01-24 03:55:10.299917,1,1,1,12,62
2026-01-24 03:55:13.631199,1,1,1,11,62
2026-01-24 03:55:17.385386,1,1,1,11,62
2026-01-24 03:55:20.434899,1,1,1,11,62
2026-01-24 03:55:24.364419,1,1,1,11,62
2026-01-24 03:55:27.398073,1,1,1,11,62
2026-01-24 03:55:29.989032,1,1,1,11,62
2026-01-24 03:55:33.848995,1,1,1,11,62
2026-01-24 03:55:37.754922,1,1,1,11,62
2026-01-24 03:55:41.428358,1,1,1,11,62
2026-01-24 03:55:45.216335,1,1,1,11,62
2026-01-24 03:55:48.594815,1,1,1,11,62
2026-01-24 03:55:52.386816,1,1,1,11,62
2026-01-24 03:55:56.689948,1,1,1,11,62
2026-01-24 03:56:00.065733,1,1,1,11,62
2026-01-24 03:56:03.863461,1,1,1,11,62
2026-01-24 03:56:06.825049,1,1,1,11,62
2026-01-24 03:56:09.525640,1,1,1,11,62
2026-01-24 03:56:13.477984,1,1,1,11,62
2026-01-24 03:56:16.354027,1,1,1,11,62
2026-01-24 03:56:19.691742,1,1,1,11,62
2026-01-24 03:56:23.518925,1,2,1,11,62
2026-01-24 03:56:26.380096,1,1,1,11,62
2026-01-24 03:56:29.731879,1,1,1,11,62
2026-01-24 03:56:32.626487,1,1,1,11,62
2026-01-24 03:56:35.507580,1,1,1,11,62
2026-01-24 03:56:39.282841,1,1,1,13,62
2026-01-24 03:56:43.687164,1,1,1,18,62
2026-01-24 03:56:47.074374,1,1,1,19,62
2026-01-24 03:56:49.933850,1,1,1,18,62
2026-01-24 03:56:53.927252,1,1,1,20,62
2026-01-24 03:56:56.692052,1,1,1,17,62
2026-01-24 03:56:59.566091,1,1,1,16,62
2026-01-24 03:57:03.332130,1,2,1,18,62
2026-01-24 03:57:06.727044,1,1,1,21,62
2026-01-24 03:57:09.397663,1,1,1,21,62
2026-01-24 03:57:12.418836,1,1,1,22,62
2026-01-24 03:57:15.232303,1,1,1,22,62
2026-01-24 03:57:18.194183,1,1,1,22,62
2026-01-24 03:57:21.882161,1,1,1,23,62
2026-01-24 03:57:25.897657,1,1,2,23,62
2026-01-24 03:57:29.255297,1,1,1,23,62
2026-01-24 03:57:32.028852,1,1,1,23,62
2026-01-24 03:57:34.899694,1,1,1,23,62
2026-01-24 03:57:38.779145,1,1,1,22,62
2026-01-24 03:57:42.070873,1,1,1,19,62
2026-01-24 03:57:45.863933,1,1,1,16,62
2026-01-24 03:57:48.825246,1,1,1,15,62
2026-01-24 03:57:51.578128,1,1,1,14,62
2026-01-24 03:57:55.469685,1,2,1,13,62
2026-01-24 03:57:58.340255,1,1,2,13,62
2026-01-24 03:58:01.722631,1,1,1,12,62
2026-01-24 03:58:05.524158,1,1,1,12,62
2026-01-24 03:58:08.372778,1,1,1,13,62
2026-01-24 03:58:11.853349,1,1,1,15,62
2026-01-24 03:58:14.637859,1,1,1,17,62
2026-01-24 03:58:17.493796,1,1,1,19,62
2026-01-24 03:58:21.380663,1,1,1,20,62
2026-01-24 03:58:24.765461,1,1,1,22,62
2026-01-24 03:58:28.134735,1,1,1,22,62
2026-01-24 03:58:30.914767,1,1,1,23,62
2026-01-24 03:58:33.876249,1,1,1,23,62
2026-01-24 03:58:36.634020,1,1,1,23,62
2026-01-24 03:58:40.422725,1,1,1,23,62
2026-01-24 03:58:44.826298,1,1,1,23,62
2026-01-24 03:58:49.843874,1,1,1,22,62
2026-01-24 03:58:53.265402,1,1,1,19,62
2026-01-24 03:58:56.214766,1,1,1,17,62
2026-01-24 03:58:58.920078,1,1,1,16,62
2026-01-24 03:59:02.860341,1,1,1,15,62
2026-01-24 03:59:06.125472,1,1,1,14,62
2026-01-24 03:59:09.919960,1,1,1,13,62
2026-01-24 03:59:12.890484,1,1,1,12,62
2026-01-24 03:59:15.750694,1,1,1,12,63
2026-01-24 03:59:19.537264,1,1,1,12,63
2026-01-24 03:59:22.415182,1,1,1,13,63
2026-01-24 03:59:25.794971,1,1,1,16,63
2026-01-24 03:59:29.693360,1,1,1,18,64
2026-01-24 03:59:32.442845,1,1,1,19,64
2026-01-24 03:59:35.824987,1,1,1,17,64
2026-01-24 03:59:38.792543,1,1,1,16,64
2026-01-24 03:59:41.553469,1,1,1,15,64
2026-01-24 03:59:45.348772,1,1,1,14,64
2026-01-24 03:59:48.724498,1,1,1,13,64
2026-01-24 03:59:51.488087,1,1,1,14,64
2026-01-24 03:59:54.466543,1,1,1,15,65
2026-01-24 03:59:57.323633,1,1,1,16,65
2026-01-24 04:00:00.198413,1,1,1,16,67
2026-01-24 04:00:03.899153,1,1,1,16,68
2026-01-24 04:00:07.875533,1,1,1,16,68
2026-01-24 04:00:11.773069,1,1,1,15,66
2026-01-24 04:00:14.479169,1,1,1,14,64
2026-01-24 04:00:18.431105,1,1,1,13,64
2026-01-24 04:00:21.295770,1,1,1,13,65
2026-01-24 04:00:24.118266,1,1,1,13,68
2026-01-24 04:00:27.942299,1,1,1,16,69
2026-01-24 04:00:31.833331,1,1,1,18,67
2026-01-24 04:00:35.283197,1,1,1,18,63
2026-01-24 04:00:38.182275,1,1,1,16,63
2026-01-24 04:00:41.067827,1,1,1,14,63
2026-01-24 04:00:44.836235,1,1,1,13,63
2026-01-24 04:00:48.275694,1,1,1,13,63
2026-01-24 04:00:52.016520,1,1,1,13,63
2026-01-24 04:00:54.873382,1,1,1,16,63
2026-01-24 04:00:57.740595,1,1,1,18,63
2026-01-24 04:01:01.632741,1,1,1,19,63
2026-01-24 04:01:04.497793,1,1,1,18,63
2026-01-24 04:01:07.878120,1,1,1,16,63
2026-01-24 04:01:11.669926,1,1,1,15,63
2026-01-24 04:01:14.534454,1,1,1,14,63
2026-01-24 04:01:17.913564,1,1,1,13,63
2026-01-24 04:01:20.780723,1,1,1,15,63
2026-01-24 04:01:23.523005,1,1,1,17,63
2026-01-24 04:01:27.436524,1,1,1,19,63
2026-01-24 04:01:30.696084,1,1,1,21,63
2026-01-24 04:01:34.604490,1,1,1,22,63
2026-01-24 04:01:37.472127,1,1,1,20,63
2026-01-24 04:01:41.373258,1,1,1,17,63
2026-01-24 04:01:44.231279,1,1,1,15,63
2026-01-24 04:01:47.014038,1,1,1,14,63
2026-01-24 04:01:50.898359,1,1,1,13,63
2026-01-24 04:01:54.277680,1,1,1,12,63
2026-01-24 04:01:57.519047,1,1,1,12,63
2026-01-24 04:02:00.435314,1,1,1,14,63
2026-01-24 04:02:03.378701,1,1,1,14,62
2026-01-24 04:02:06.245930,1,1,1,14,62
2026-01-24 04:02:10.032562,1,1,1,13,62
2026-01-24 04:02:13.823580,1,1,1,13,62
2026-01-24 04:02:17.842937,1,1,1,12,62
2026-01-24 04:02:20.684210,1,1,1,12,62
2026-01-24 04:02:24.576319,1,1,1,12,62
2026-01-24 04:02:27.372258,1,1,1,12,62
2026-01-24 04:02:30.207455,1,1,1,12,62
2026-01-24 04:02:34.005532,1,1,1,12,62
2026-01-24 04:02:37.896931,1,1,1,12,62
2026-01-24 04:02:41.372321,1,1,1,12,62
2026-01-24 04:02:44.236141,1,1,1,15,62
2026-01-24 04:02:47.103263,1,1,1,17,62
2026-01-24 04:02:50.892268,1,1,1,19,62
2026-01-24 04:02:54.188124,1,1,1,20,62
2026-01-24 04:02:58.163625,1,1,1,22,62
2026-01-24 04:03:00.930458,1,1,1,20,62
2026-01-24 04:03:03.791907,1,1,1,18,63
2026-01-24 04:03:07.589680,1,1,1,16,63
2026-01-24 04:03:10.552917,1,1,1,15,63
2026-01-24 04:03:13.931714,1,1,1,14,63
2026-01-24 04:03:17.627944,1,1,1,13,69
2026-01-24 04:03:20.485701,1,1,1,13,69
2026-01-24 04:03:23.475057,1,2,2,12,69
2026-01-24 04:03:26.174280,1,1,2,12,69
2026-01-24 04:03:29.092179,1,1,1,12,69
2026-01-24 04:03:32.989428,1,1,1,12,69
2026-01-24 04:03:36.253575,1,1,1,12,69
2026-01-24 04:03:39.053394,1,1,1,12,69
2026-01-24 04:03:41.994500,1,1,1,12,72
2026-01-24 04:03:44.778434,1,1,1,12,74
2026-01-24 04:03:47.626028,1,1,1,12,74
2026-01-24 04:03:51.512680,1,1,1,12,74
2026-01-24 04:03:54.789545,1,1,1,12,74
2026-01-24 04:03:57.566234,1,1,1,12,73
2026-01-24 04:04:00.626437,1,1,1,12,70
2026-01-24 04:04:03.390990,1,1,1,12,69
2026-01-24 04:04:06.243541,1,1,1,12,67
2026-01-24 04:04:10.046719,1,1,1,13,64
2026-01-24 04:04:13.862459,1,1,1,13,62
2026-01-24 04:04:17.727003,1,1,1,14,62
2026-01-24 04:04:21.519273,1,1,1,14,62
2026-01-24 04:04:24.801209,1,1,1,13,62
2026-01-24 04:04:28.797318,1,1,1,12,62
2026-01-24 04:04:33.015642,1,1,1,12,62
2026-01-24 04:04:36.274125,1,1,1,11,62
2026-01-24 04:04:40.050536,1,1,1,11,62
2026-01-24 04:04:43.019972,1,1,1,11,62
2026-01-24 04:04:45.789149,1,1,1,11,62
2026-01-24 04:04:49.682255,1,1,1,11,62
2026-01-24 04:04:52.547168,1,1,1,11,62
2026-01-24 04:04:55.892638,1,1,1,11,62
2026-01-24 04:04:59.922898,1,1,1,11,62
2026-01-24 04:05:02.577922,1,1,1,11,62
2026-01-24 04:05:05.966235,1,1,1,11,62
2026-01-24 04:05:08.926986,1,1,1,11,62
2026-01-24 04:05:11.623639,1,1,1,11,62
2026-01-24 04:05:15.582684,1,1,1,11,62
2026-01-24 04:05:18.798783,1,1,1,11,62
2026-01-24 04:05:23.272028,1,1,1,11,62
2026-01-24 04:05:26.129735,1,1,1,11,62
2026-01-24 04:05:30.026847,1,1,1,11,62
2026-01-24 04:05:32.826702,1,1,1,11,62
2026-01-24 04:05:35.760132,1,1,1,11,62
2026-01-24 04:05:39.556989,1,1,1,11,62
2026-01-24 04:05:42.825107,1,1,1,11,62
2026-01-24 04:05:45.688067,1,1,1,11,62
2026-01-24 04:05:48.528627,1,1,1,11,62
2026-01-24 04:05:51.525237,1,1,1,11,62
2026-01-24 04:05:54.296315,1,1,1,11,62
2026-01-24 04:05:58.080815,1,1,1,11,62
2026-01-24 04:06:01.941593,1,1,1,11,62
2026-01-24 04:06:05.451266,1,1,1,11,62
2026-01-24 04:06:08.231135,1,1,1,11,62
2026-01-24 04:06:11.182669,1,1,1,11,62
2026-01-24 04:06:14.974583,1,1,1,11,62
2026-01-24 04:06:18.362107,1,1,1,11,62
2026-01-24 04:06:22.069160,1,1,1,11,62
2026-01-24 04:06:25.012741,1,1,1,11,62
2026-01-24 04:06:27.876445,1,1,1,11,62
2026-01-24 04:06:31.670547,1,1,1,11,62
2026-01-24 04:06:34.635994,1,1,1,11,62
2026-01-24 04:06:38.021779,1,1,1,11,62
2026-01-24 04:06:42.277594,1,1,1,11,62
2026-01-24 04:06:45.691442,1,1,1,11,62
2026-01-24 04:06:48.569998,1,1,1,11,62
2026-01-24 04:06:51.531344,1,1,1,11,62
2026-01-24 04:06:54.292946,1,1,1,11,62
2026-01-24 04:06:58.574869,1,1,1,11,62
2026-01-24 04:07:01.935062,1,2,8,11,62
2026-01-24 04:07:05.895332,1,2,11,11,62
2026-01-24 04:07:08.655651,1,2,21,11,62
2026-01-24 04:07:12.625862,1,2,17,23,62
2026-01-24 04:07:15.499060,1,2,4,23,108
2026-01-24 04:07:18.373033,1,2,2,23,111
2026-01-24 04:07:22.091362,1,2,1,23,114
2026-01-24 04:07:25.958117,1,2,2,23,117
2026-01-24 04:07:29.522918,1,2,4,23,120
2026-01-24 04:07:32.327224,1,2,6,22,114
2026-01-24 04:07:35.257073,1,2,12,21,108
2026-01-24 04:07:39.042828,1,1,1,19,102
2026-01-24 04:07:42.322752,1,2,2,18,96
2026-01-24 04:07:46.111893,1,2,1,16,91
2026-01-24 04:07:49.083775,1,2,7,16,87
2026-01-24 04:07:51.846022,1,1,1,15,84
2026-01-24 04:07:56.351821,1,2,17,15,78
2026-01-24 04:07:59.204835,1,2,8,15,76
2026-01-24 04:08:03.118097,1,2,8,15,76
2026-01-24 04:08:06.386862,1,2,7,15,76
2026-01-24 04:08:09.254001,1,1,1,15,76
2026-01-24 04:08:12.127355,1,2,9,15,76
2026-01-24 04:08:14.897947,1,2,4,15,76
2026-01-24 04:08:17.753229,1,2,1,15,76
2026-01-24 04:08:21.649020,1,2,4,15,76
2026-01-24 04:08:24.929651,1,2,3,15,76
2026-01-24 04:08:27.803339,1,2,14,14,76
2026-01-24 04:08:30.663714,1,2,1,14,78
2026-01-24 04:08:33.522728,1,2,3,15,81
2026-01-24 04:08:36.390174,1,1,1,15,84
2026-01-24 04:08:40.687510,1,2,10,14,85
2026-01-24 04:08:44.081327,1,1,3,13,85
2026-01-24 04:08:47.290713,1,1,1,13,80
2026-01-24 04:08:50.221471,1,2,5,12,82
2026-01-24 04:08:54.071546,1,1,1,12,85
2026-01-24 04:08:56.970218,1,2,2,12,86
2026-01-24 04:08:59.738082,1,1,2,12,86
2026-01-24 04:09:03.628156,1,2,1,12,86
2026-01-24 04:09:07.007461,1,2,1,12,86
2026-01-24 04:09:09.787281,1,2,5,11,86
2026-01-24 04:09:12.649688,1,1,1,11,86
2026-01-24 04:09:15.622872,1,2,7,11,86
2026-01-24 04:09:18.390827,1,2,1,11,86
2026-01-24 04:09:22.675689,1,2,1,12,86
2026-01-24 04:09:26.685418,1,2,3,11,86
2026-01-24 04:09:29.637922,1,2,5,12,86
2026-01-24 04:09:32.411151,1,1,1,12,86
2026-01-24 04:09:35.286197,1,2,2,11,86
2026-01-24 04:09:39.074570,1,1,1,11,86
2026-01-24 04:09:42.369512,1,2,3,11,86
2026-01-24 04:09:45.817254,1,2,5,11,86
2026-01-24 04:09:48.697421,1,1,6,11,86
2026-01-24 04:09:51.547817,1,2,1,11,86
2026-01-24 04:09:54.415207,1,2,7,11,86
2026-01-24 04:09:58.172103,1,1,5,11,86
2026-01-24 04:10:02.095276,1,1,4,11,83
2026-01-24 04:10:05.776144,1,1,1,11,80
2026-01-24 04:10:09.581218,1,2,5,11,80
2026-01-24 04:10:12.949810,1,2,6,11,80
2026-01-24 04:10:16.738167,1,1,4,11,80
2026-01-24 04:10:20.561531,1,1,4,11,75
2026-01-24 04:10:23.381700,1,2,1,11,74
2026-01-24 04:10:26.791598,1,2,1,11,77
2026-01-24 04:10:30.668067,1,2,6,11,78
2026-01-24 04:10:33.634542,1,1,6,11,78
2026-01-24 04:10:36.360458,1,2,2,11,81
2026-01-24 04:10:40.802336,1,2,4,11,84
2026-01-24 04:10:44.079342,1,2,9,11,87
2026-01-24 04:10:48.101207,1,2,3,11,83
2026-01-24 04:10:50.837609,1,2,1,11,77
2026-01-24 04:10:54.729455,1,1,11,14,74
2026-01-24 04:10:57.612262,1,1,3,16,71
2026-01-24 04:11:00.481025,1,2,1,16,68
2026-01-24 04:11:04.785833,1,2,4,20,67
2026-01-24 04:11:07.657084,1,1,2,21,67
2026-01-24 04:11:11.019374,1,2,1,21,67
2026-01-24 04:11:13.785872,1,2,12,22,67
2026-01-24 04:11:16.677648,1,2,12,22,65
2026-01-24 04:11:20.097039,1,1,8,23,65
2026-01-24 04:11:23.809887,1,1,1,23,65
2026-01-24 04:11:26.786457,1,2,1,23,65
2026-01-24 04:11:30.115946,1,2,4,23,65
2026-01-24 04:11:33.039546,1,1,1,23,67
2026-01-24 04:11:35.893865,1,1,2,23,69
2026-01-24 04:11:39.644554,1,1,8,23,69
2026-01-24 04:11:43.061339,1,1,5,23,69
2026-01-24 04:11:46.874598,1,2,1,24,69
2026-01-24 04:11:49.725867,1,2,8,24,69
2026-01-24 04:11:53.627612,1,1,1,24,69
2026-01-24 04:11:56.476384,1,2,2,24,70
2026-01-24 04:11:59.342501,1,2,2,24,70
2026-01-24 04:12:03.141010,1,1,1,24,70
2026-01-24 04:12:06.110639,1,2,15,24,70
2026-01-24 04:12:08.866124,1,1,3,24,70
2026-01-24 04:12:12.757177,1,2,1,24,70
2026-01-24 04:12:15.627691,1,2,3,23,70
2026-01-24 04:12:18.492047,1,2,1,23,70
2026-01-24 04:12:22.291291,1,1,2,17,70
2026-01-24 04:12:26.092444,1,2,3,15,72
2026-01-24 04:12:30.065895,1,2,1,15,76
2026-01-24 04:12:32.941919,1,2,15,17,79
2026-01-24 04:12:36.707151,1,1,10,20,79
2026-01-24 04:12:39.694193,1,2,1,20,79
2026-01-24 04:12:42.465536,1,2,8,20,79
2026-01-24 04:12:46.255167,1,2,1,18,79
2026-01-24 04:12:49.220675,1,2,4,17,79
2026-01-24 04:12:51.992751,1,2,5,17,79
2026-01-24 04:12:55.867128,1,1,2,19,79
2026-01-24 04:12:58.741803,1,2,9,20,79
2026-01-24 04:13:02.127046,1,2,4,20,79
2026-01-24 04:13:06.430550,1,2,1,20,81
2026-01-24 04:13:09.395558,1,2,5,21,84
2026-01-24 04:13:12.270841,1,2,4,21,84
2026-01-24 04:13:15.119538,1,2,1,21,82
2026-01-24 04:13:17.892523,1,2,7,20,79
2026-01-24 04:13:21.795304,1,2,1,18,76
2026-01-24 04:13:25.066048,1,2,5,14,76
2026-01-24 04:13:27.918416,1,2,11,13,76
2026-01-24 04:13:30.747076,1,2,4,12,76
2026-01-24 04:13:33.652748,1,2,20,14,76
2026-01-24 04:13:36.465203,1,2,28,14,76
2026-01-24 04:13:40.326475,1,2,7,17,76
2026-01-24 04:13:44.302333,1,2,30,17,76
2026-01-24 04:13:47.681508,1,2,19,18,76
2026-01-24 04:13:50.446301,1,2,3,18,76
2026-01-24 04:13:53.416206,1,2,3,18,76
2026-01-24 04:13:57.225133,1,1,1,19,76
2026-01-24 04:14:00.497727,1,2,6,20,76
2026-01-24 04:14:05.499034,1,1,2,18,76
2026-01-24 04:14:08.365652,1,2,2,16,76
2026-01-24 04:14:12.365864,1,2,3,16,76
2026-01-24 04:14:15.131726,1,2,2,15,76
2026-01-24 04:14:17.912964,1,2,1,15,76
2026-01-24 04:14:21.735022,1,1,6,14,76
2026-01-24 04:14:24.760391,1,2,9,14,76
2026-01-24 04:14:28.032225,1,1,1,14,76
2026-01-24 04:14:32.941960,1,2,2,14,76
2026-01-24 04:14:36.218446,1,2,1,14,76
2026-01-24 04:14:39.090857,1,2,3,14,76
2026-01-24 04:14:41.967255,1,2,5,14,76
2026-01-24 04:14:45.347021,1,2,2,13,76
2026-01-24 04:14:48.309667,1,1,5,13,76
2026-01-24 04:14:51.069072,1,1,1,12,76
2026-01-24 04:14:53.938456,1,1,1,12,76
2026-01-24 04:14:57.837753,1,2,4,12,76
2026-01-24 04:15:01.157870,1,1,2,12,76
2026-01-24 04:15:05.095180,1,1,1,12,76
2026-01-24 04:15:09.327817,1,1,1,12,76
2026-01-24 04:15:12.263574,1,2,1,12,76
2026-01-24 04:15:15.130994,1,2,2,12,74
2026-01-24 04:15:17.893936,1,2,2,11,74
2026-01-24 04:15:21.792694,1,2,7,11,74
2026-01-24 04:15:25.789303,1,2,2,11,74
2026-01-24 04:15:29.788225,1,1,2,11,71
2026-01-24 04:15:32.489732,1,1,2,11,69
2026-01-24 04:15:35.409441,1,2,3,12,69
2026-01-24 04:15:39.200594,1,2,4,15,69
2026-01-24 04:15:42.579435,1,2,4,17,69
2026-01-24 04:15:45.443625,1,1,1,19,69
2026-01-24 04:15:48.322660,1,2,10,19,69
2026-01-24 04:15:51.293943,1,1,1,17,69
2026-01-24 04:15:53.944330,1,2,1,17,69
2026-01-24 04:15:58.025320,1,1,2,15,69
2026-01-24 04:16:01.107993,1,1,1,14,69
2026-01-24 04:16:03.879782,1,2,6,13,69
2026-01-24 04:16:06.846356,1,2,2,13,71
2026-01-24 04:16:09.709575,1,2,12,12,71
2026-01-24 04:16:12.587711,1,2,11,12,71
2026-01-24 04:16:16.365466,1,2,17,13,71
2026-01-24 04:16:20.175927,1,2,9,13,71
2026-01-24 04:16:24.147865,1,2,10,14,71
2026-01-24 04:16:26.913106,1,1,3,14,71
2026-01-24 04:16:30.909648,1,2,1,14,71
2026-01-24 04:16:33.797422,1,1,1,14,71
2026-01-24 04:16:36.655862,1,1,1,14,71
2026-01-24 04:16:40.339417,1,2,1,14,73
2026-01-24 04:16:44.320612,1,2,10,14,79
2026-01-24 04:16:47.802553,1,2,5,14,82
2026-01-24 04:16:50.510237,1,2,2,14,85
2026-01-24 04:16:53.437879,1,2,6,14,88
2026-01-24 04:16:57.240412,1,2,5,14,90
2026-01-24 04:17:00.605548,1,1,1,14,90
2026-01-24 04:17:05.210051,1,2,1,13,88
2026-01-24 04:17:07.980527,1,2,1,12,88
2026-01-24 04:17:10.833535,1,2,2,12,83
2026-01-24 04:17:14.230426,1,2,26,12,80
2026-01-24 04:17:18.015965,1,2,16,13,70
2026-01-24 04:17:21.900626,1,2,18,13,67
2026-01-24 04:17:24.902459,1,2,15,13,65
2026-01-24 04:17:28.147435,1,2,2,13,65
2026-01-24 04:17:31.935380,1,2,1,13,65
2026-01-24 04:17:34.905921,1,1,7,13,65
2026-01-24 04:17:38.290357,1,2,3,13,65
2026-01-24 04:17:41.976547,1,2,1,13,65
2026-01-24 04:17:44.868576,1,2,4,13,65
2026-01-24 04:17:48.335010,1,1,3,14,65
2026-01-24 04:17:51.196520,1,1,1,14,65
2026-01-24 04:17:54.098469,1,2,1,14,65
2026-01-24 04:17:57.843413,1,2,3,14,65
2026-01-24 04:18:01.113293,1,2,2,15,65
2026-01-24 04:18:05.020343,1,2,7,16,65
2026-01-24 04:18:08.007647,1,2,9,16,65
2026-01-24 04:18:11.912649,1,1,6,16,65
2026-01-24 04:18:14.553659,1,1,3,18,65
2026-01-24 04:18:17.504100,1,2,5,19,65
2026-01-24 04:18:21.292769,1,2,13,20,65
2026-01-24 04:18:24.682225,1,2,4,19,65
2026-01-24 04:18:27.416736,1,2,5,18,65
2026-01-24 04:18:30.411756,1,2,1,17,65
2026-01-24 04:18:33.185308,1,1,2,16,65
2026-01-24 04:18:36.037958,1,1,3,16,65
2026-01-24 04:18:39.832179,1,2,1,15,65
2026-01-24 04:18:43.215888,1,2,6,15,65
2026-01-24 04:18:46.093633,1,1,1,15,65
2026-01-24 04:18:48.940258,1,2,1,15,65
2026-01-24 04:18:52.319758,1,2,4,15,65
2026-01-24 04:18:55.189689,1,1,1,15,65
2026-01-24 04:18:58.980687,1,2,2,15,65
2026-01-24 04:19:02.867236,1,1,2,15,65
2026-01-24 04:19:06.179540,1,2,4,14,65
2026-01-24 04:19:09.124488,1,2,3,14,65
2026-01-24 04:19:13.118166,1,1,3,17,65
2026-01-24 04:19:15.879812,1,1,4,15,65
2026-01-24 04:19:18.642924,1,2,1,15,66
2026-01-24 04:19:22.937334,1,2,2,13,69
2026-01-24 04:19:27.341160,1,2,2,13,68
2026-01-24 04:19:30.744023,1,2,4,15,70
2026-01-24 04:19:34.405590,1,2,4,18,73
2026-01-24 04:19:38.296894,1,2,7,19,76
2026-01-24 04:19:42.188399,1,2,3,20,77
2026-01-24 04:19:45.882947,1,1,2,21,77
2026-01-24 04:19:49.875340,1,1,4,22,77
2026-01-24 04:19:53.247538,1,1,1,22,77
2026-01-24 04:19:56.216682,1,2,1,23,77
2026-01-24 04:19:58.981530,1,2,2,23,78
2026-01-24 04:20:02.361051,1,2,7,24,79
2026-01-24 04:20:06.027079,1,2,16,21,79
2026-01-24 04:20:09.038948,1,2,21,19,76
2026-01-24 04:20:12.430537,1,2,8,18,73
2026-01-24 04:20:15.254749,1,2,5,17,71
2026-01-24 04:20:18.016899,1,2,11,16,71
2026-01-24 04:20:21.866830,1,1,2,16,68
2026-01-24 04:20:25.196156,1,1,1,15,65
2026-01-24 04:20:29.087298,1,2,2,15,68
2026-01-24 04:20:32.056942,1,2,11,15,71
2026-01-24 04:20:35.845720,1,2,1,15,69
2026-01-24 04:20:38.712085,1,1,5,15,66
2026-01-24 04:20:41.586247,1,2,2,15,65
2026-01-24 04:20:45.373144,1,2,8,15,65
2026-01-24 04:20:48.646232,1,1,1,15,65
2026-01-24 04:20:51.454874,1,2,11,14,65
2026-01-24 04:20:54.380040,1,2,6,14,64
2026-01-24 04:20:57.247214,1,1,1,14,64
2026-01-24 04:21:00.113940,1,2,2,14,64
2026-01-24 04:21:03.919147,1,2,10,14,64
2026-01-24 04:21:07.301703,1,1,7,15,64
2026-01-24 04:21:10.047148,1,2,1,14,64
2026-01-24 04:21:13.020617,1,2,7,13,64
2026-01-24 04:21:15.884084,1,2,5,13,63
2026-01-24 04:21:18.655364,1,2,1,13,63
2026-01-24 04:21:23.051362,1,1,2,12,63
2026-01-24 04:21:26.336717,1,2,8,12,63
2026-01-24 04:21:29.841595,1,2,2,12,63
2026-01-24 04:21:32.694629,1,2,3,12,63
2026-01-24 04:21:35.558292,1,1,1,12,63
2026-01-24 04:21:39.440121,1,2,5,12,63
2026-01-24 04:21:42.725143,1,2,9,12,63
2026-01-24 04:21:47.129493,1,2,10,12,63
2026-01-24 04:21:50.392546,1,2,1,12,63
2026-01-24 04:21:53.235163,1,2,5,12,63
2026-01-24 04:21:56.057814,1,1,8,13,63
2026-01-24 04:21:59.004063,1,2,1,14,63
2026-01-24 04:22:02.388405,1,2,4,17,63
2026-01-24 04:22:06.171884,1,2,6,15,62
2026-01-24 04:22:09.034780,1,1,1,14,62
2026-01-24 04:22:11.998304,1,2,4,13,62
2026-01-24 04:22:14.796334,1,1,9,12,62
2026-01-24 04:22:17.589670,1,2,1,12,62
2026-01-24 04:22:21.372409,1,2,6,11,62
2026-01-24 04:22:24.700333,1,2,4,11,62
2026-01-24 04:22:27.563523,1,2,4,11,62
2026-01-24 04:22:30.402411,1,2,5,11,62
2026-01-24 04:22:33.297311,1,2,8,11,62
2026-01-24 04:22:36.181590,1,2,3,11,62
2026-01-24 04:22:39.937276,1,1,4,11,62
2026-01-24 04:22:43.344013,1,1,4,11,62
2026-01-24 04:22:46.103539,1,2,2,11,62
2026-01-24 04:22:48.974831,1,2,2,11,62
2026-01-24 04:22:51.879697,1,2,1,11,62
2026-01-24 04:22:54.698886,1,2,3,11,62
2026-01-24 04:22:58.489842,1,1,2,11,62
2026-01-24 04:23:02.396842,1,2,5,11,62
2026-01-24 04:23:05.706514,1,2,1,11,62
2026-01-24 04:23:08.527510,1,1,7,11,62
2026-01-24 04:23:12.522935,1,2,1,11,62
2026-01-24 04:23:15.305310,1,2,1,11,62
2026-01-24 04:23:18.146558,1,2,3,11,62
2026-01-24 04:23:22.038659,1,1,1,11,62
2026-01-24 04:23:25.314344,1,2,1,11,62
2026-01-24 04:23:28.078897,1,2,3,12,62
2026-01-24 04:23:31.048289,1,1,7,13,62
2026-01-24 04:23:33.915336,1,1,2,15,62
2026-01-24 04:23:36.805362,1,2,14,15,62
2026-01-24 04:23:40.609355,1,2,8,13,62
2026-01-24 04:23:44.052605,1,2,7,13,62
2026-01-24 04:23:47.943713,1,2,2,12,62
2026-01-24 04:23:50.727261,1,2,5,12,62
2026-01-24 04:23:53.582823,1,2,7,12,62
2026-01-24 04:23:57.409211,1,1,1,12,62
2026-01-24 04:24:00.743460,1,1,8,12,62
2026-01-24 04:24:04.075723,1,2,1,13,62
2026-01-24 04:24:07.092832,1,2,2,13,62
2026-01-24 04:24:09.958875,1,2,6,14,65
2026-01-24 04:24:12.712325,1,1,5,14,65
2026-01-24 04:24:16.626749,1,2,9,14,65
2026-01-24 04:24:20.403453,1,2,3,14,65
2026-01-24 04:24:25.956813,1,1,2,14,65
2026-01-24 04:24:29.334889,1,1,4,14,65
2026-01-24 04:24:32.105097,1,2,1,14,65
2026-01-24 04:24:35.047028,1,2,3,14,65
2026-01-24 04:24:38.437214,1,2,2,14,63
2026-01-24 04:24:42.221581,1,2,8,14,62
2026-01-24 04:24:45.019418,1,1,3,14,62
2026-01-24 04:24:47.909169,1,2,1,13,62
2026-01-24 04:24:50.816169,1,1,6,13,62
2026-01-24 04:24:53.703505,1,1,1,13,62
2026-01-24 04:24:57.473012,1,2,10,12,62
2026-01-24 04:25:00.851760,1,2,10,12,62
2026-01-24 04:25:03.620905,1,2,9,12,62
2026-01-24 04:25:06.484259,1,1,1,12,62
2026-01-24 04:25:09.350956,1,2,1,12,62
2026-01-24 04:25:12.271542,1,1,2,13,62
2026-01-24 04:25:16.013784,1,2,1,14,64
2026-01-24 04:25:19.404086,1,2,2,15,67
2026-01-24 04:25:22.252895,1,2,9,15,70
2026-01-24 04:25:25.120378,1,2,4,15,70
2026-01-24 04:25:27.996927,1,1,6,14,70
2026-01-24 04:25:30.752425,1,2,7,14,70
2026-01-24 04:25:35.258535,1,2,7,14,70
2026-01-24 04:25:38.434377,1,2,8,14,70
2026-01-24 04:25:41.811518,1,2,2,14,72
2026-01-24 04:25:44.690294,1,2,6,14,75
2026-01-24 04:25:48.503563,1,2,1,14,78
2026-01-24 04:25:51.440459,1,2,1,14,81
2026-01-24 04:25:54.201907,1,2,3,14,84
2026-01-24 04:25:58.092555,1,1,5,14,86
2026-01-24 04:26:02.115696,1,1,5,14,80
2026-01-24 04:26:05.396294,1,2,6,14,70
2026-01-24 04:26:08.233390,1,2,1,14,70
2026-01-24 04:26:11.099597,1,1,8,16,67
2026-01-24 04:26:14.494501,1,2,9,18,66
2026-01-24 04:26:18.273142,1,1,10,19,72
2026-01-24 04:26:22.062119,1,2,7,20,75
2026-01-24 04:26:25.432959,1,2,6,19,76
2026-01-24 04:26:29.133327,1,2,7,18,74
2026-01-24 04:26:33.486847,1,2,9,17,67
2026-01-24 04:26:36.799947,1,2,6,17,64
2026-01-24 04:26:40.707108,1,2,1,16,62
2026-01-24 04:26:45.099842,1,1,5,16,62
2026-01-24 04:26:48.357001,1,2,5,16,62
2026-01-24 04:26:51.202373,1,1,6,16,62
2026-01-24 04:26:55.139832,1,1,10,16,62
2026-01-24 04:26:57.996755,1,2,1,16,62
2026-01-24 04:27:00.914226,1,2,1,16,62
2026-01-24 04:27:04.200504,1,2,1,16,62
2026-01-24 04:27:07.110233,1,2,6,16,62
2026-01-24 04:27:10.083505,1,2,1,16,62
2026-01-24 04:27:13.081659,1,1,5,16,62
2026-01-24 04:27:16.633988,1,2,2,16,62
2026-01-24 04:27:20.534421,1,2,7,16,62
2026-01-24 04:27:23.903542,1,2,7,16,62
2026-01-24 04:27:26.686428,1,1,1,16,62
2026-01-24 04:27:30.571677,1,2,2,16,62
2026-01-24 04:27:33.406517,1,2,5,16,62
2026-01-24 04:27:36.402829,1,1,6,16,62
2026-01-24 04:27:40.070834,1,2,1,16,62
2026-01-24 04:27:44.179015,1,2,1,17,62
2026-01-24 04:27:47.148899,1,2,6,16,62
2026-01-24 04:27:50.528063,1,2,1,16,62
2026-01-24 04:27:54.220152,1,2,3,15,62
2026-01-24 04:27:58.069198,1,2,1,15,62
2026-01-24 04:28:01.486967,1,2,4,15,62
2026-01-24 04:28:04.978176,1,1,6,15,62
2026-01-24 04:28:07.730586,1,2,5,14,62
2026-01-24 04:28:10.597690,1,2,3,14,62
2026-01-24 04:28:13.362595,1,2,3,14,62
2026-01-24 04:28:17.359828,1,2,7,14,62
2026-01-24 04:28:21.586101,1,1,1,14,62
2026-01-24 04:28:26.700240,1,1,5,15,62
2026-01-24 04:28:30.007881,1,1,5,15,62
2026-01-24 04:28:32.825611,1,2,2,15,62
2026-01-24 04:28:35.671824,1,2,10,15,62
2026-01-24 04:28:39.583135,1,2,5,14,62
2026-01-24 04:28:42.955587,1,2,5,14,62
2026-01-24 04:28:45.925503,1,2,5,14,62
2026-01-24 04:28:48.806578,1,2,1,14,62
2026-01-24 04:28:51.762003,1,2,9,14,62
2026-01-24 04:28:54.526782,1,2,10,14,62
2026-01-24 04:28:57.243140,1,2,2,14,62
2026-01-24 04:29:01.183050,1,2,5,14,62
2026-01-24 04:29:04.153587,1,2,2,13,62
2026-01-24 04:29:07.433419,1,2,1,13,62
2026-01-24 04:29:11.730244,1,2,2,12,62
2026-01-24 04:29:15.637256,1,2,1,12,62
2026-01-24 04:29:18.898112,1,1,5,12,62
2026-01-24 04:29:22.694358,1,2,1,12,62
2026-01-24 04:29:26.607587,1,2,2,12,62
2026-01-24 04:29:30.981267,1,2,2,12,62
2026-01-24 04:29:34.264317,1,2,7,12,62
2026-01-24 04:29:37.637260,1,2,6,12,62
2026-01-24 04:29:40.420446,1,2,3,12,62
2026-01-24 04:29:45.781476,1,2,1,12,63
2026-01-24 04:29:48.708810,1,2,8,14,66
2026-01-24 04:29:52.080850,1,1,1,17,69
2026-01-24 04:29:54.942336,1,2,4,17,72
2026-01-24 04:29:58.731575,1,2,3,20,75
2026-01-24 04:30:02.558098,1,2,14,21,78
2026-01-24 04:30:06.324269,1,2,1,22,84
2026-01-24 04:30:10.199761,1,2,4,21,87
2026-01-24 04:30:13.088374,1,2,3,23,90
2026-01-24 04:30:15.935299,1,2,1,23,93
2026-01-24 04:30:19.757466,1,2,5,24,96
2026-01-24 04:30:22.696654,1,2,1,24,99
2026-01-24 04:30:25.474707,1,2,4,25,99
2026-01-24 04:30:29.245786,1,2,1,25,99
2026-01-24 04:30:32.228429,1,2,15,24,99
2026-01-24 04:30:36.059334,1,2,4,22,99
2026-01-24 04:30:38.875638,1,2,5,22,99
2026-01-24 04:30:41.730796,1,2,1,23,99
2026-01-24 04:30:45.629691,1,2,2,23,99
2026-01-24 04:30:48.915596,1,2,6,24,99
2026-01-24 04:30:51.885648,1,2,7,24,99
2026-01-24 04:30:54.641086,1,2,5,24,99
2026-01-24 04:30:57.520474,1,2,4,24,99
2026-01-24 04:31:00.331470,1,2,3,22,96
2026-01-24 04:31:04.185541,1,1,5,20,92
2026-01-24 04:31:07.543890,1,1,8,17,86
2026-01-24 04:31:10.411034,1,2,1,17,80
2026-01-24 04:31:13.186079,1,2,11,18,74
2026-01-24 04:31:16.145432,1,2,3,18,70
2026-01-24 04:31:18.923176,1,2,2,18,67
2026-01-24 04:31:23.222925,1,2,7,19,64
2026-01-24 04:31:26.590762,1,2,11,20,65
2026-01-24 04:31:30.027330,1,2,4,21,71
2026-01-24 04:31:32.734267,1,2,1,22,74
2026-01-24 04:31:36.731984,1,2,1,23,77
2026-01-24 04:31:39.594387,1,2,1,24,80
2026-01-24 04:31:42.359372,1,2,9,24,83
2026-01-24 04:31:46.170521,1,2,5,25,86
2026-01-24 04:31:49.639081,1,1,6,25,89
2026-01-24 04:31:52.336349,1,2,1,25,90
2026-01-24 04:31:55.262761,1,1,6,25,90
2026-01-24 04:31:58.231840,1,1,2,25,90
2026-01-24 04:32:01.005559,1,2,1,25,90
2026-01-24 04:32:05.555362,1,2,11,25,90
2026-01-24 04:32:08.792687,1,2,2,25,90
2026-01-24 04:32:12.092545,1,2,1,25,90
2026-01-24 04:32:14.917339,1,2,2,25,90
2026-01-24 04:32:17.813202,1,2,2,25,90
2026-01-24 04:32:21.783357,1,2,7,25,90
2026-01-24 04:32:24.965804,1,2,5,23,90
2026-01-24 04:32:28.336920,1,2,6,20,84
2026-01-24 04:32:31.322222,1,1,6,18,78
2026-01-24 04:32:34.174642,1,2,1,17,72
2026-01-24 04:32:36.938519,1,2,3,17,69
2026-01-24 04:32:41.443441,1,1,2,17,66
2026-01-24 04:32:45.235736,1,2,3,16,63
2026-01-24 04:32:48.524936,1,2,1,16,63
2026-01-24 04:32:51.378876,1,2,6,16,63
2026-01-24 04:32:55.276678,1,2,9,16,63
2026-01-24 04:32:58.246495,1,2,9,16,63
2026-01-24 04:33:01.002386,1,2,3,16,63
2026-01-24 04:33:04.763125,1,2,15,15,63
2026-01-24 04:33:07.774355,1,2,4,15,63
2026-01-24 04:33:10.525495,1,2,6,15,63
2026-01-24 04:33:14.328772,1,1,4,15,63
2026-01-24 04:33:17.374233,1,2,6,14,63
2026-01-24 04:33:20.662574,1,2,2,14,63
2026-01-24 04:33:24.451824,1,2,7,14,63
2026-01-24 04:33:27.319068,1,2,6,15,63
2026-01-24 04:33:30.197690,1,2,7,15,63
2026-01-24 04:33:32.963164,1,1,5,16,63
2026-01-24 04:33:35.822893,1,2,4,16,63
2026-01-24 04:33:39.659423,1,1,7,16,63
2026-01-24 04:33:43.008245,1,2,2,16,63
2026-01-24 04:33:45.862954,1,1,1,16,63
2026-01-24 04:33:48.827169,1,2,6,16,63
2026-01-24 04:33:51.558210,1,2,2,16,63
2026-01-24 04:33:54.454362,1,2,1,17,62
2026-01-24 04:33:58.232635,1,2,9,18,62
2026-01-24 04:34:01.625866,1,2,12,15,62
2026-01-24 04:34:05.411531,1,2,4,14,62
2026-01-24 04:34:08.790725,1,2,8,14,62
2026-01-24 04:34:11.687580,1,2,12,14,62
2026-01-24 04:34:14.431054,1,2,4,14,62
2026-01-24 04:34:17.292147,1,2,5,14,62
2026-01-24 04:34:20.630073,1,2,2,14,62
2026-01-24 04:34:26.192383,1,2,2,14,62
2026-01-24 04:34:29.686756,1,2,2,14,64
2026-01-24 04:34:32.444961,1,2,1,14,64
2026-01-24 04:34:35.312586,1,2,2,14,67
2026-01-24 04:34:38.634256,1,2,11,14,70
2026-01-24 04:34:42.484535,1,1,8,14,70
2026-01-24 04:34:45.863102,1,2,1,14,67
2026-01-24 04:34:48.729326,1,2,16,15,64
2026-01-24 04:34:51.593692,1,2,5,15,62
2026-01-24 04:34:54.450072,1,2,3,15,62
2026-01-24 04:34:58.267435,1,2,5,15,62
2026-01-24 04:35:01.632242,1,2,3,15,62
2026-01-24 04:35:05.110437,1,1,6,15,62
2026-01-24 04:35:07.888071,1,1,6,14,62
2026-01-24 04:35:10.744111,1,2,8,14,64
2026-01-24 04:35:13.609530,1,2,9,14,67
2026-01-24 04:35:17.381131,1,1,9,16,70
2026-01-24 04:35:21.705544,1,1,1,16,76
2026-01-24 04:35:25.287469,1,2,8,15,72
2026-01-24 04:35:28.559906,1,2,1,15,69
2026-01-24 04:35:32.440475,1,2,1,14,72
2026-01-24 04:35:35.322731,1,2,10,14,75
2026-01-24 04:35:38.698139,1,1,7,14,78
2026-01-24 04:35:42.429637,1,1,1,14,78
2026-01-24 04:35:46.333492,1,1,3,14,78
2026-01-24 04:35:49.756573,1,1,1,14,78
2026-01-24 04:35:52.625148,1,1,4,14,78
2026-01-24 04:35:56.422751,1,1,2,14,78
2026-01-24 04:35:59.352905,1,1,8,14,72
2026-01-24 04:36:02.776330,1,2,1,14,69
2026-01-24 04:36:07.146493,1,2,1,14,64
2026-01-24 04:36:10.600535,1,2,4,14,64
2026-01-24 04:36:13.410756,1,2,8,14,64
2026-01-24 04:36:16.277946,1,1,6,14,64
2026-01-24 04:36:19.042520,1,2,2,14,64
2026-01-24 04:36:22.949268,1,2,3,14,63
2026-01-24 04:36:25.805503,1,2,13,14,63
2026-01-24 04:36:30.319549,1,2,1,14,63
2026-01-24 04:36:33.196037,1,1,6,14,63
2026-01-24 04:36:36.040286,1,1,1,14,63
2026-01-24 04:36:39.735807,1,2,3,14,63
2026-01-24 04:36:44.332274,1,2,1,14,63
2026-01-24 04:36:47.509732,1,2,1,14,62
2026-01-24 04:36:50.493439,1,2,1,14,62
2026-01-24 04:36:54.285684,1,2,3,15,62
2026-01-24 04:36:57.237324,1,2,4,15,62
2026-01-24 04:36:59.897622,1,1,1,15,62
2026-01-24 04:37:03.753495,1,2,3,15,62
2026-01-24 04:37:06.658411,1,2,2,15,62
2026-01-24 04:37:09.481428,1,2,10,15,62
2026-01-24 04:37:13.530939,1,2,2,15,62
2026-01-24 04:37:16.295797,1,2,8,15,62
2026-01-24 04:37:19.169528,1,2,1,15,62
2026-01-24 04:37:23.452593,1,2,1,15,62
2026-01-24 04:37:28.469127,1,2,4,14,62
2026-01-24 04:37:31.543868,1,2,2,13,62
2026-01-24 04:37:34.325869,1,2,3,13,64
2026-01-24 04:37:37.182052,1,1,1,13,67
2026-01-24 04:37:41.383778,1,2,2,12,66
2026-01-24 04:37:44.751656,1,2,1,12,63
2026-01-24 04:37:49.129521,1,1,11,12,62
2026-01-24 04:37:52.532858,1,2,1,12,62
2026-01-24 04:37:55.400465,1,1,2,12,62
2026-01-24 04:37:58.379823,1,2,1,12,62
2026-01-24 04:38:01.135771,1,1,2,12,62
2026-01-24 04:38:05.379833,1,2,7,12,62
2026-01-24 04:38:09.846318,1,1,3,12,62
2026-01-24 04:38:13.132280,1,1,2,13,62
2026-01-24 04:38:17.006810,1,1,6,13,62
2026-01-24 04:38:20.795085,1,1,2,13,62
2026-01-24 04:38:24.692342,1,2,4,13,62
2026-01-24 04:38:28.373226,1,2,1,13,62
2026-01-24 04:38:32.296945,1,1,1,14,62
2026-01-24 04:38:35.746099,1,1,1,15,62
2026-01-24 04:38:38.629804,1,2,6,15,62
2026-01-24 04:38:41.895605,1,2,8,16,62
2026-01-24 04:38:44.780984,1,2,5,17,62
2026-01-24 04:38:47.528107,1,2,12,18,62
2026-01-24 04:38:50.389426,1,2,7,19,62
2026-01-24 04:38:54.388712,1,2,6,19,62
2026-01-24 04:38:57.162200,1,2,3,20,62
2026-01-24 04:39:00.015038,1,2,8,21,62
2026-01-24 04:39:03.803877,1,2,2,22,63
2026-01-24 04:39:07.201345,1,2,6,21,63
2026-01-24 04:39:10.578176,1,2,3,20,63
2026-01-24 04:39:13.535021,1,2,3,18,63
2026-01-24 04:39:16.411806,1,2,4,18,62
2026-01-24 04:39:19.173665,1,2,4,18,62
2026-01-24 04:39:22.899278,1,1,5,17,62
2026-01-24 04:39:26.859955,1,2,8,17,62
2026-01-24 04:39:30.742205,1,2,2,16,62
2026-01-24 04:39:33.497815,1,1,3,16,62
2026-01-24 04:39:37.490859,1,2,4,16,62
2026-01-24 04:39:40.359833,1,2,3,16,62
2026-01-24 04:39:43.107557,1,2,3,16,62
2026-01-24 04:39:47.551348,1,2,6,16,62
2026-01-24 04:39:52.749132,1,1,5,16,62
2026-01-24 04:39:55.388201,1,1,1,16,62
2026-01-24 04:39:58.482818,1,2,10,16,62
2026-01-24 04:40:01.256053,1,2,2,16,62
2026-01-24 04:40:05.446222,1,2,1,15,62
2026-01-24 04:40:08.848729,1,2,1,15,62
2026-01-24 04:40:12.114901,1,2,2,15,62
2026-01-24 04:40:14.979021,1,1,3,15,62
2026-01-24 04:40:18.975819,1,2,5,15,62
2026-01-24 04:40:21.731278,1,2,3,14,62
2026-01-24 04:40:24.595161,1,2,7,13,62
2026-01-24 04:40:28.499512,1,2,28,13,62
2026-01-24 04:40:32.070652,1,2,2,24,106
2026-01-24 04:40:34.733528,1,1,1,23,109
2026-01-24 04:40:40.113529,1,1,1,24,115
2026-01-24 04:40:43.975117,1,1,1,24,118
