Timestamp,Presence,Movement,MovingRange,BreathingRate,HeartRate
2025-12-14 00:21:29.430358,1,2,28,20,72
2025-12-14 00:21:32.291926,1,2,18,20,72
2025-12-14 00:21:36.149572,1,2,11,20,72
2025-12-14 00:21:39.465957,1,2,1,20,72
2025-12-14 00:21:42.278596,1,2,4,20,72
2025-12-14 00:21:45.179466,1,2,6,20,72
2025-12-14 00:21:48.039707,1,2,4,20,72
2025-12-14 00:21:50.850699,1,2,25,19,70
2025-12-14 00:21:54.708899,1,2,12,19,67
2025-12-14 00:21:58.026566,1,2,12,19,64
2025-12-14 00:22:01.425902,1,2,10,19,62
2025-12-14 00:22:04.297537,1,2,12,19,62
2025-12-14 00:22:07.200038,1,2,11,19,65
2025-12-14 00:22:10.004393,1,2,20,20,68
2025-12-14 00:22:13.864633,1,2,10,20,69
2025-12-14 00:22:16.783702,1,2,12,20,70
2025-12-14 00:22:20.695896,1,2,1,19,70
2025-12-14 00:22:24.061369,1,2,2,19,70
2025-12-14 00:22:26.855479,1,2,12,18,70
2025-12-14 00:22:30.715331,1,2,16,18,70
2025-12-14 00:22:34.024360,1,2,2,18,70
2025-12-14 00:22:37.834067,1,2,23,18,70
2025-12-14 00:22:40.744013,1,2,10,18,70
2025-12-14 00:22:44.654926,1,2,22,18,73
2025-12-14 00:22:47.462181,1,2,20,18,76
2025-12-14 00:22:50.322637,1,2,15,18,76
2025-12-14 00:22:54.188404,1,1,7,18,76
2025-12-14 00:22:57.500038,1,2,15,18,76
2025-12-14 00:23:00.301412,1,2,9,18,76
2025-12-14 00:23:03.218856,1,2,3,18,74
2025-12-14 00:23:06.070367,1,2,4,18,73
2025-12-14 00:23:08.882128,1,2,4,18,73
2025-12-14 00:23:12.748726,1,2,3,18,73
2025-12-14 00:23:16.048637,1,2,9,18,73
2025-12-14 00:23:19.509029,1,2,9,18,73
2025-12-14 00:23:22.320388,1,2,13,18,73
2025-12-14 00:23:25.233508,1,2,3,18,73
2025-12-14 00:23:28.036794,1,2,2,18,73
2025-12-14 00:23:31.846117,1,2,20,18,73
2025-12-14 00:23:36.206690,1,2,5,18,73
2025-12-14 00:23:39.114770,1,2,6,18,73
2025-12-14 00:23:41.874529,1,2,11,18,73
2025-12-14 00:23:45.785871,1,2,2,18,73
2025-12-14 00:23:48.697347,1,2,3,18,73
2025-12-14 00:23:51.509271,1,2,7,18,73
2025-12-14 00:23:55.311969,1,2,10,18,73
2025-12-14 00:23:59.173574,1,2,1,18,73
2025-12-14 00:24:02.687980,1,2,1,18,79
2025-12-14 00:24:05.497963,1,2,13,18,82
2025-12-14 00:24:08.358028,1,2,9,18,85
2025-12-14 00:24:12.218140,1,2,9,18,86
2025-12-14 00:24:15.524874,1,2,14,18,86
2025-12-14 00:24:19.329923,1,2,7,18,86
2025-12-14 00:24:22.243019,1,2,19,18,86
2025-12-14 00:24:25.071169,1,2,11,18,86
2025-12-14 00:24:28.907894,1,2,20,18,86
2025-12-14 00:24:31.824127,1,2,21,18,86
2025-12-14 00:24:35.184285,1,2,9,18,86
2025-12-14 00:24:38.937522,1,2,24,17,86
2025-12-14 00:24:41.846024,1,2,17,17,86
2025-12-14 00:24:45.253880,1,2,23,17,86
2025-12-14 00:24:48.113935,1,2,29,17,86
2025-12-14 00:24:50.934522,1,2,33,17,86
2025-12-14 00:24:54.784324,1,2,43,18,100
2025-12-14 00:24:58.094468,1,2,7,24,100
2025-12-14 00:25:00.904754,1,2,18,23,100
2025-12-14 00:25:03.817776,1,2,28,24,100
2025-12-14 00:25:06.721808,1,2,2,24,100
2025-12-14 00:25:09.533044,1,2,5,24,100
2025-12-14 00:25:13.840229,1,2,1,22,100
2025-12-14 00:25:17.202219,1,1,4,21,100
2025-12-14 00:25:20.565390,1,2,19,20,100
2025-12-14 00:25:23.370797,1,2,62,20,100
2025-12-14 00:25:27.279399,1,2,14,24,100
2025-12-14 00:25:31.139012,1,2,42,23,100
2025-12-14 00:25:34.449782,1,2,5,23,100
2025-12-14 00:25:38.257640,1,1,4,24,100
2025-12-14 00:25:41.670578,1,1,2,23,100
2025-12-14 00:25:45.028195,1,1,1,23,100
2025-12-14 00:25:47.889190,1,1,1,22,100
2025-12-14 00:25:50.752066,1,2,1,19,100
2025-12-14 00:25:54.108886,1,1,1,18,100
2025-12-14 00:25:57.918427,1,1,2,17,99
2025-12-14 00:26:01.378362,1,2,2,16,93
2025-12-14 00:26:04.189721,1,1,1,16,87
2025-12-14 00:26:07.051571,1,1,1,16,81
2025-12-14 00:26:09.909845,1,2,3,16,78
2025-12-14 00:26:13.720024,1,2,4,15,78
2025-12-14 00:26:17.031929,1,2,7,15,78
2025-12-14 00:26:20.887662,1,2,1,15,78
2025-12-14 00:26:23.750152,1,1,8,15,78
2025-12-14 00:26:27.660020,1,1,2,15,78
2025-12-14 00:26:30.468592,1,1,3,15,78
2025-12-14 00:26:33.329474,1,2,4,15,78
2025-12-14 00:26:37.190222,1,2,8,15,78
2025-12-14 00:26:40.098090,1,2,5,15,78
2025-12-14 00:26:42.857738,1,1,4,15,78
2025-12-14 00:26:46.769175,1,1,2,15,78
2025-12-14 00:26:49.679872,1,2,1,15,78
2025-12-14 00:26:52.487900,1,2,2,15,78
2025-12-14 00:26:56.800610,1,2,1,15,76
2025-12-14 00:27:01.207104,1,2,3,15,69
2025-12-14 00:27:04.066417,1,2,9,15,66
2025-12-14 00:27:06.875958,1,2,12,15,64
2025-12-14 00:27:10.787443,1,2,5,15,64
2025-12-14 00:27:13.696431,1,2,4,15,64
2025-12-14 00:27:16.513934,1,2,10,15,62
2025-12-14 00:27:19.315383,1,1,6,15,62
2025-12-14 00:27:22.224013,1,1,1,15,62
2025-12-14 00:27:25.085201,1,2,3,15,62
2025-12-14 00:27:27.943730,1,2,3,15,62
2025-12-14 00:27:31.754366,1,2,2,15,62
2025-12-14 00:27:35.066846,1,2,13,15,62
2025-12-14 00:27:37.872565,1,1,10,15,62
2025-12-14 00:27:40.782381,1,1,1,15,65
2025-12-14 00:27:43.694897,1,2,1,15,66
2025-12-14 00:27:46.514441,1,2,6,15,66
2025-12-14 00:27:50.311189,1,2,2,15,67
2025-12-14 00:27:54.172345,1,2,4,15,70
2025-12-14 00:27:57.530570,1,2,1,15,70
2025-12-14 00:28:00.339853,1,2,2,16,70
2025-12-14 00:28:04.265157,1,2,21,16,69
2025-12-14 00:28:07.108052,1,1,2,16,67
2025-12-14 00:28:09.917930,1,1,1,17,67
2025-12-14 00:28:13.779736,1,2,3,17,67
2025-12-14 00:28:16.743247,1,1,1,16,67
2025-12-14 00:28:20.046917,1,2,3,16,65
2025-12-14 00:28:23.956753,1,1,2,16,64
2025-12-14 00:28:26.817325,1,1,1,16,63
2025-12-14 00:28:30.178183,1,2,9,16,63
2025-12-14 00:28:33.935043,1,2,5,16,63
2025-12-14 00:28:37.793476,1,2,1,17,63
2025-12-14 00:28:40.706151,1,2,1,19,64
2025-12-14 00:28:43.513623,1,2,3,19,67
2025-12-14 00:28:47.423726,1,1,2,20,70
2025-12-14 00:28:50.284080,1,2,2,20,73
2025-12-14 00:28:53.099193,1,2,2,20,72
2025-12-14 00:28:56.903872,1,2,2,19,72
2025-12-14 00:28:59.819504,1,2,14,18,72
2025-12-14 00:29:03.736375,1,1,4,17,72
2025-12-14 00:29:06.534068,1,2,14,15,72
2025-12-14 00:29:09.445126,1,2,2,15,72
2025-12-14 00:29:13.261194,1,1,1,14,72
2025-12-14 00:29:16.716146,1,1,1,14,72
2025-12-14 00:29:19.529552,1,1,9,14,72
2025-12-14 00:29:23.388514,1,1,1,14,72
2025-12-14 00:29:26.305591,1,1,1,14,72
2025-12-14 00:29:29.104695,1,1,1,14,72
2025-12-14 00:29:32.912462,1,1,10,15,72
2025-12-14 00:29:37.831270,1,1,1,15,72
2025-12-14 00:29:40.736724,1,1,1,16,72
2025-12-14 00:29:43.543974,1,1,1,16,72
2025-12-14 00:29:47.404470,1,2,7,16,70
2025-12-14 00:29:50.331068,1,1,1,17,67
2025-12-14 00:29:53.121139,1,2,13,17,66
2025-12-14 00:29:57.084000,1,1,1,17,67
2025-12-14 00:30:00.541592,1,1,1,17,70
2025-12-14 00:30:03.452087,1,2,7,17,70
2025-12-14 00:30:07.261951,1,2,18,17,70
2025-12-14 00:30:10.573473,1,2,4,17,70
2025-12-14 00:30:14.879392,1,2,2,19,72
2025-12-14 00:30:19.840239,1,1,1,19,78
2025-12-14 00:30:22.750880,1,2,1,20,76
2025-12-14 00:30:25.569663,1,2,2,20,74
2025-12-14 00:30:29.420194,1,2,18,21,76
2025-12-14 00:30:32.330359,1,2,20,21,78
2025-12-14 00:30:35.140853,1,1,2,22,78
2025-12-14 00:30:39.100722,1,2,2,22,78
2025-12-14 00:30:42.910430,1,1,1,21,77
2025-12-14 00:30:46.323583,1,1,1,19,74
2025-12-14 00:30:49.178435,1,1,1,17,73
2025-12-14 00:30:51.987825,1,1,1,16,73
2025-12-14 00:30:55.848032,1,1,3,16,73
2025-12-14 00:30:59.238049,1,1,1,15,73
2025-12-14 00:31:01.970315,1,2,1,15,73
2025-12-14 00:31:04.875893,1,1,1,15,73
2025-12-14 00:31:07.784805,1,2,1,16,73
2025-12-14 00:31:10.592400,1,2,1,16,73
2025-12-14 00:31:14.405331,1,1,1,18,73
2025-12-14 00:31:18.263341,1,1,1,19,73
2025-12-14 00:31:21.582038,1,2,1,20,73
2025-12-14 00:31:24.430092,1,1,1,20,73
2025-12-14 00:31:28.340504,1,1,1,19,73
2025-12-14 00:31:31.211434,1,1,1,19,73
2025-12-14 00:31:34.009012,1,2,1,20,73
2025-12-14 00:31:37.869346,1,2,4,18,73
2025-12-14 00:31:40.783703,1,2,1,18,74
2025-12-14 00:31:43.597475,1,1,2,18,77
2025-12-14 00:31:47.498678,1,2,5,16,79
2025-12-14 00:31:50.359533,1,1,1,16,79
2025-12-14 00:31:53.174138,1,1,1,16,79
2025-12-14 00:31:56.977623,1,2,1,15,79
2025-12-14 00:32:00.787463,1,2,1,15,72
2025-12-14 00:32:04.104757,1,2,1,15,69
2025-12-14 00:32:06.906704,1,1,1,15,66
2025-12-14 00:32:09.817583,1,1,2,15,64
2025-12-14 00:32:12.628373,1,1,1,15,62
2025-12-14 00:32:15.486524,1,2,4,15,62
2025-12-14 00:32:18.348131,1,2,1,15,62
2025-12-14 00:32:21.211451,1,1,1,15,62
2025-12-14 00:32:24.014838,1,1,1,15,62
2025-12-14 00:32:26.926619,1,2,1,15,62
2025-12-14 00:32:30.294517,1,1,1,15,62
2025-12-14 00:32:34.043749,1,1,1,15,62
2025-12-14 00:32:36.904407,1,1,1,15,62
2025-12-14 00:32:39.822205,1,2,2,15,62
2025-12-14 00:32:42.627959,1,1,1,15,62
2025-12-14 00:32:45.484712,1,1,1,15,62
2025-12-14 00:32:49.348330,1,2,1,15,62
2025-12-14 00:32:53.358499,1,2,3,15,62
2025-12-14 00:32:56.167461,1,1,2,14,62
2025-12-14 00:33:00.077330,1,2,1,14,62
2025-12-14 00:33:02.937363,1,2,2,14,62
2025-12-14 00:33:06.298332,1,2,2,14,62
2025-12-14 00:33:10.056274,1,1,2,14,62
2025-12-14 00:33:13.571258,1,1,1,14,62
2025-12-14 00:33:17.489964,1,2,3,14,62
2025-12-14 00:33:20.388061,1,1,1,14,62
2025-12-14 00:33:23.195756,1,1,1,14,62
2025-12-14 00:33:27.006300,1,1,1,14,62
2025-12-14 00:33:31.363976,1,2,1,14,67
2025-12-14 00:33:34.675135,1,1,2,14,70
2025-12-14 00:33:37.534045,1,2,3,14,73
2025-12-14 00:33:40.406872,1,1,1,14,73
2025-12-14 00:33:43.253763,1,1,1,14,69
2025-12-14 00:33:46.071431,1,1,4,14,66
2025-12-14 00:33:49.923652,1,1,1,14,67
2025-12-14 00:33:53.280562,1,1,1,14,70
2025-12-14 00:33:56.048850,1,1,1,14,70
2025-12-14 00:33:58.950146,1,1,2,14,70
2025-12-14 00:34:01.858835,1,1,1,13,70
2025-12-14 00:34:04.669734,1,1,1,13,70
2025-12-14 00:34:08.979488,1,1,1,14,70
2025-12-14 00:34:12.339815,1,1,1,16,70
2025-12-14 00:34:15.849795,1,1,1,17,76
2025-12-14 00:34:18.658871,1,1,1,18,79
2025-12-14 00:34:21.571625,1,1,1,20,82
2025-12-14 00:34:25.377898,1,1,1,21,85
2025-12-14 00:34:28.688088,1,1,1,22,88
2025-12-14 00:34:32.495901,1,1,1,23,91
2025-12-14 00:34:35.408083,1,1,1,23,94
2025-12-14 00:34:38.217861,1,2,20,24,95
2025-12-14 00:34:42.092685,1,2,13,24,93
2025-12-14 00:34:44.987046,1,2,5,22,91
2025-12-14 00:34:48.363599,1,1,4,20,88
2025-12-14 00:34:52.124797,1,1,1,19,82
2025-12-14 00:34:55.917129,1,2,1,18,81
2025-12-14 00:34:59.225149,1,2,1,17,81
2025-12-14 00:35:03.044532,1,1,1,16,81
2025-12-14 00:35:07.394433,1,1,1,16,81
2025-12-14 00:35:10.705072,1,1,1,16,81
2025-12-14 00:35:15.014601,1,1,1,16,81
2025-12-14 00:35:19.373221,1,1,1,16,81
2025-12-14 00:35:22.690224,1,2,2,15,81
2025-12-14 00:35:26.992349,1,1,2,14,81
2025-12-14 00:35:30.364237,1,1,2,14,81
2025-12-14 00:35:34.112419,1,1,2,15,81
2025-12-14 00:35:37.972693,1,1,1,15,81
2025-12-14 00:35:41.432727,1,1,2,13,81
2025-12-14 00:35:44.248086,1,1,1,14,81
2025-12-14 00:35:48.102974,1,1,3,14,81
2025-12-14 00:35:51.013897,1,2,1,14,81
2025-12-14 00:35:54.378908,1,1,1,14,81
2025-12-14 00:35:58.132873,1,2,3,14,81
2025-12-14 00:36:01.040691,1,2,9,15,75
2025-12-14 00:36:04.449630,1,1,1,15,72
2025-12-14 00:36:07.760703,1,1,1,15,69
2025-12-14 00:36:10.570400,1,2,2,15,66
2025-12-14 00:36:13.479700,1,2,4,15,66
2025-12-14 00:36:16.351062,1,1,1,15,66
2025-12-14 00:36:20.250775,1,2,1,15,66
2025-12-14 00:36:24.111526,1,1,1,15,66
2025-12-14 00:36:27.019604,1,1,1,16,66
2025-12-14 00:36:30.390421,1,2,1,16,66
2025-12-14 00:36:34.140385,1,1,1,16,67
2025-12-14 00:36:38.000847,1,1,1,16,70
2025-12-14 00:36:41.458781,1,2,1,16,73
2025-12-14 00:36:44.268953,1,1,1,16,73
2025-12-14 00:36:48.179838,1,1,5,17,73
2025-12-14 00:36:51.494513,1,1,1,16,73
2025-12-14 00:36:54.346573,1,1,1,16,73
2025-12-14 00:36:57.219051,1,1,1,17,73
2025-12-14 00:37:00.068771,1,2,1,18,73
2025-12-14 00:37:03.928781,1,1,1,19,78
2025-12-14 00:37:06.740460,1,1,1,20,81
2025-12-14 00:37:09.598790,1,2,3,19,82
2025-12-14 00:37:13.457313,1,2,6,18,81
2025-12-14 00:37:16.767499,1,2,1,17,81
2025-12-14 00:37:19.626693,1,2,4,17,81
2025-12-14 00:37:22.486799,1,1,2,16,81
2025-12-14 00:37:25.357169,1,1,1,16,81
2025-12-14 00:37:28.208861,1,1,2,16,81
2025-12-14 00:37:32.015545,1,1,1,16,81
2025-12-14 00:37:35.329759,1,1,1,16,81
2025-12-14 00:37:38.733441,1,1,1,16,81
2025-12-14 00:37:41.592788,1,2,2,16,81
2025-12-14 00:37:44.504833,1,1,7,16,81
2025-12-14 00:37:47.312785,1,1,1,16,81
2025-12-14 00:37:51.673919,1,2,1,16,76
2025-12-14 00:37:55.483442,1,2,1,16,73
2025-12-14 00:37:58.392899,1,1,1,16,70
2025-12-14 00:38:01.155867,1,1,1,16,70
2025-12-14 00:38:05.063025,1,1,1,16,70
2025-12-14 00:38:07.974131,1,1,1,15,69
2025-12-14 00:38:10.782453,1,2,1,15,66
2025-12-14 00:38:14.592135,1,1,1,14,64
2025-12-14 00:38:17.503550,1,2,2,14,64
2025-12-14 00:38:20.312243,1,1,1,14,64
2025-12-14 00:38:24.171169,1,1,1,15,64
2025-12-14 00:38:27.082254,1,2,1,15,64
2025-12-14 00:38:30.443983,1,1,1,15,64
2025-12-14 00:38:34.200159,1,1,1,16,63
2025-12-14 00:38:38.024318,1,1,1,16,63
2025-12-14 00:38:41.327850,1,2,1,16,63
2025-12-14 00:38:45.132198,1,1,1,16,63
2025-12-14 00:38:49.489125,1,1,1,18,67
2025-12-14 00:38:52.798504,1,1,1,19,70
2025-12-14 00:38:56.608139,1,1,1,21,73
2025-12-14 00:38:59.581105,1,1,1,21,76
2025-12-14 00:39:03.976909,1,1,1,22,77
2025-12-14 00:39:06.791813,1,1,1,22,77
2025-12-14 00:39:09.697034,1,2,2,23,80
2025-12-14 00:39:13.506863,1,1,1,23,81
2025-12-14 00:39:16.816430,1,1,1,24,83
2025-12-14 00:39:20.226882,1,1,1,24,83
2025-12-14 00:39:23.535950,1,1,1,24,86
2025-12-14 00:39:26.349215,1,2,3,24,81
2025-12-14 00:39:30.207160,1,1,1,24,78
2025-12-14 00:39:33.115105,1,1,1,24,75
2025-12-14 00:39:36.477740,1,2,1,25,72
2025-12-14 00:39:40.434939,1,2,1,25,75
2025-12-14 00:39:43.195880,1,1,3,25,76
2025-12-14 00:39:47.105552,1,1,3,25,76
2025-12-14 00:39:50.014385,1,1,1,25,76
2025-12-14 00:39:52.824100,1,1,1,25,76
2025-12-14 00:39:56.632421,1,2,1,25,76
2025-12-14 00:40:00.043559,1,2,2,25,76
2025-12-14 00:40:03.405993,1,1,1,25,76
2025-12-14 00:40:06.822577,1,1,1,25,76
2025-12-14 00:40:09.671907,1,1,1,25,76
2025-12-14 00:40:13.536361,1,1,1,25,76
2025-12-14 00:40:16.841779,1,1,1,25,76
2025-12-14 00:40:21.168528,1,1,2,25,76
2025-12-14 00:40:25.510926,1,1,1,25,77
2025-12-14 00:40:28.820224,1,1,1,25,80
2025-12-14 00:40:33.136655,1,1,1,25,83
2025-12-14 00:40:36.504887,1,2,1,25,86
2025-12-14 00:40:40.299715,1,1,2,25,90
2025-12-14 00:40:44.109274,1,1,1,25,87
2025-12-14 00:40:47.018930,1,1,1,24,87
2025-12-14 00:40:49.829801,1,1,2,24,86
2025-12-14 00:40:53.737700,1,2,2,21,86
2025-12-14 00:40:56.597159,1,1,1,21,82
2025-12-14 00:40:59.406276,1,1,1,20,82
2025-12-14 00:41:03.717203,1,1,1,17,75
2025-12-14 00:41:07.576706,1,1,1,16,72
2025-12-14 00:41:10.434589,1,1,1,15,70
2025-12-14 00:41:13.294664,1,2,3,14,70
2025-12-14 00:41:17.155193,1,1,2,13,70
2025-12-14 00:41:20.066090,1,1,1,12,70
2025-12-14 00:41:22.882590,1,1,1,12,70
2025-12-14 00:41:26.332182,1,1,2,12,70
2025-12-14 00:41:29.151540,1,1,1,12,70
2025-12-14 00:41:32.052729,1,2,1,12,70
2025-12-14 00:41:34.863697,1,1,2,12,70
2025-12-14 00:41:38.671964,1,1,1,12,72
2025-12-14 00:41:42.531206,1,1,1,12,72
2025-12-14 00:41:46.490840,1,2,1,12,74
2025-12-14 00:41:49.253889,1,1,2,12,77
2025-12-14 00:41:53.170018,1,1,2,12,78
2025-12-14 00:41:56.081868,1,1,1,12,78
2025-12-14 00:41:58.880300,1,2,1,12,79
2025-12-14 00:42:03.188030,1,1,5,12,82
2025-12-14 00:42:08.157050,1,1,2,12,82
2025-12-14 00:42:11.061447,1,1,3,12,82
2025-12-14 00:42:13.878248,1,1,1,12,82
2025-12-14 00:42:17.727407,1,2,2,12,82
2025-12-14 00:42:20.637539,1,1,1,13,82
2025-12-14 00:42:23.444925,1,1,1,13,82
2025-12-14 00:42:27.254835,1,1,1,13,82
2025-12-14 00:42:30.166662,1,1,1,12,82
2025-12-14 00:42:34.079748,1,1,1,12,82
2025-12-14 00:42:36.886878,1,2,1,12,82
2025-12-14 00:42:39.796514,1,1,1,12,82
2025-12-14 00:42:43.605939,1,1,1,12,82
2025-12-14 00:42:46.924061,1,2,2,12,82
2025-12-14 00:42:49.778454,1,1,1,12,82
2025-12-14 00:42:52.635527,1,1,1,12,82
2025-12-14 00:42:55.497415,1,1,2,14,82
2025-12-14 00:42:58.363355,1,1,1,16,82
2025-12-14 00:43:02.164555,1,2,1,18,82
2025-12-14 00:43:06.124647,1,1,1,21,82
2025-12-14 00:43:09.482993,1,1,1,18,82
2025-12-14 00:43:12.291394,1,1,1,17,82
2025-12-14 00:43:15.202908,1,1,1,16,82
2025-12-14 00:43:18.564654,1,2,1,18,82
2025-12-14 00:43:22.372534,1,1,2,18,82
2025-12-14 00:43:26.184515,1,1,1,16,81
2025-12-14 00:43:29.093227,1,1,1,14,80
2025-12-14 00:43:31.912124,1,1,3,14,80
2025-12-14 00:43:35.763748,1,1,1,13,80
2025-12-14 00:43:38.673133,1,1,1,12,82
2025-12-14 00:43:41.483651,1,1,1,12,82
2025-12-14 00:43:45.290905,1,1,1,12,82
2025-12-14 00:43:48.201056,1,2,1,12,82
2025-12-14 00:43:52.111647,1,1,2,12,82
2025-12-14 00:43:54.929304,1,1,4,12,82
2025-12-14 00:43:57.779209,1,1,1,12,82
2025-12-14 00:44:01.639172,1,1,1,12,82
2025-12-14 00:44:05.558386,1,2,1,12,82
2025-12-14 00:44:08.311942,1,1,2,12,82
2025-12-14 00:44:11.230192,1,1,1,12,79
2025-12-14 00:44:14.131039,1,2,1,12,76
2025-12-14 00:44:16.938873,1,1,1,12,73
2025-12-14 00:44:20.758662,1,1,1,12,71
2025-12-14 00:44:23.706859,1,1,1,12,74
2025-12-14 00:44:28.130142,1,2,1,12,73
2025-12-14 00:44:30.927793,1,2,1,12,71
2025-12-14 00:44:33.791851,1,1,1,13,71
2025-12-14 00:44:37.650298,1,2,4,13,71
2025-12-14 00:44:40.959250,1,1,2,13,73
2025-12-14 00:44:44.369947,1,1,1,13,76
2025-12-14 00:44:47.681077,1,1,1,12,76
2025-12-14 00:44:50.489145,1,2,4,12,76
2025-12-14 00:44:54.397876,1,1,2,12,76
2025-12-14 00:44:57.260424,1,1,1,12,76
2025-12-14 00:45:00.617107,1,1,1,12,76
2025-12-14 00:45:04.378027,1,2,6,13,76
2025-12-14 00:45:08.186947,1,1,1,14,76
2025-12-14 00:45:11.497633,1,1,1,13,79
2025-12-14 00:45:15.306724,1,1,1,13,81
2025-12-14 00:45:19.167795,1,2,1,12,81
2025-12-14 00:45:21.978104,1,1,5,12,82
2025-12-14 00:45:25.937858,1,1,2,12,82
2025-12-14 00:45:29.852598,1,1,1,12,82
2025-12-14 00:45:32.711586,1,1,1,12,82
2025-12-14 00:45:35.520947,1,2,3,12,82
2025-12-14 00:45:39.329052,1,2,2,12,82
2025-12-14 00:45:43.192012,1,1,1,12,82
2025-12-14 00:45:46.555551,1,1,1,12,82
2025-12-14 00:45:49.415818,1,1,3,12,80
2025-12-14 00:45:53.274104,1,1,2,12,77
2025-12-14 00:45:56.186327,1,1,1,13,76
2025-12-14 00:45:58.992945,1,1,1,13,76
2025-12-14 00:46:03.002338,1,1,1,13,76
2025-12-14 00:46:05.813101,1,1,1,13,76
2025-12-14 00:46:08.720137,1,1,1,13,76
2025-12-14 00:46:11.528794,1,1,1,13,76
2025-12-14 00:46:15.337942,1,2,1,13,77
2025-12-14 00:46:19.696615,1,1,1,14,77
2025-12-14 00:46:23.006125,1,1,1,16,73
2025-12-14 00:46:25.816473,1,2,2,17,70
2025-12-14 00:46:28.725037,1,1,1,18,67
2025-12-14 00:46:31.584250,1,1,1,19,64
2025-12-14 00:46:34.444791,1,1,5,20,63
2025-12-14 00:46:38.255303,1,1,1,21,65
2025-12-14 00:46:41.570984,1,1,1,22,68
2025-12-14 00:46:44.375322,1,2,1,22,71
2025-12-14 00:46:47.285265,1,1,6,20,71
2025-12-14 00:46:50.195693,1,1,1,18,68
2025-12-14 00:46:53.003834,1,2,1,18,66
2025-12-14 00:46:56.823276,1,2,5,15,69
2025-12-14 00:47:00.674614,1,1,2,14,72
2025-12-14 00:47:04.183212,1,1,1,13,75
2025-12-14 00:47:06.994040,1,1,1,13,74
2025-12-14 00:47:09.905808,1,1,2,12,77
2025-12-14 00:47:13.711323,1,1,1,12,80
2025-12-14 00:47:17.020665,1,1,1,12,83
2025-12-14 00:47:21.340799,1,2,1,12,86
2025-12-14 00:47:24.740495,1,1,1,14,89
2025-12-14 00:47:27.598951,1,2,6,15,92
2025-12-14 00:47:30.410533,1,1,1,17,92
2025-12-14 00:47:33.319388,1,1,1,18,95
2025-12-14 00:47:36.677412,1,1,1,19,98
2025-12-14 00:47:40.437987,1,1,1,20,100
2025-12-14 00:47:43.345619,1,1,1,21,100
2025-12-14 00:47:46.756592,1,1,2,21,100
2025-12-14 00:47:49.616752,1,1,1,22,97
2025-12-14 00:47:52.425648,1,2,1,23,97
2025-12-14 00:47:56.285551,1,1,2,23,97
2025-12-14 00:47:59.609271,1,1,1,24,97
2025-12-14 00:48:03.053335,1,1,1,24,97
2025-12-14 00:48:05.913579,1,1,1,24,97
2025-12-14 00:48:08.774113,1,1,1,24,97
2025-12-14 00:48:11.584321,1,1,1,24,97
2025-12-14 00:48:15.891882,1,2,1,24,97
2025-12-14 00:48:19.754566,1,1,1,24,97
2025-12-14 00:48:23.060941,1,1,1,24,95
2025-12-14 00:48:25.870832,1,1,1,24,95
2025-12-14 00:48:28.779773,1,2,2,23,95
2025-12-14 00:48:31.641242,1,1,1,22,95
2025-12-14 00:48:34.499649,1,2,1,19,93
2025-12-14 00:48:38.310484,1,1,1,18,89
2025-12-14 00:48:41.618615,1,1,1,21,86
2025-12-14 00:48:44.443930,1,2,1,21,83
2025-12-14 00:48:47.336699,1,1,4,22,81
2025-12-14 00:48:50.247510,1,1,1,22,81
2025-12-14 00:48:53.058934,1,1,1,22,81
2025-12-14 00:48:56.865584,1,1,2,19,79
2025-12-14 00:49:00.734965,1,1,3,17,76
2025-12-14 00:49:04.242939,1,1,2,15,73
2025-12-14 00:49:07.044631,1,2,1,15,73
2025-12-14 00:49:09.906199,1,1,1,14,73
2025-12-14 00:49:13.764534,1,1,1,13,73
2025-12-14 00:49:17.074292,1,1,1,15,73
2025-12-14 00:49:21.384069,1,1,1,16,73
2025-12-14 00:49:24.793697,1,1,1,18,73
2025-12-14 00:49:27.655174,1,2,3,20,73
2025-12-14 00:49:30.514150,1,1,1,20,73
2025-12-14 00:49:33.388684,1,2,1,21,73
2025-12-14 00:49:36.741398,1,2,2,22,73
2025-12-14 00:49:40.494087,1,1,1,21,73
2025-12-14 00:49:44.304625,1,2,1,22,73
2025-12-14 00:49:47.614399,1,1,1,21,74
2025-12-14 00:49:51.425818,1,1,1,20,75
2025-12-14 00:49:55.286215,1,2,1,18,75
2025-12-14 00:49:58.102014,1,1,1,17,75
2025-12-14 00:50:02.111219,1,1,25,16,75
2025-12-14 00:50:04.928985,1,2,7,17,75
2025-12-14 00:50:07.825673,1,2,17,17,75
2025-12-14 00:50:10.685156,1,2,18,16,75
2025-12-14 00:50:13.493930,1,2,3,15,75
2025-12-14 00:50:17.403259,1,2,1,15,75
2025-12-14 00:50:20.323217,1,2,4,15,75
2025-12-14 00:50:23.629178,1,1,2,16,75
2025-12-14 00:50:27.933054,1,2,7,18,75
2025-12-14 00:50:31.791032,1,1,1,19,75
2025-12-14 00:50:35.101895,1,1,1,20,75
2025-12-14 00:50:38.916872,1,1,3,21,75
2025-12-14 00:50:42.770969,1,1,2,22,75
2025-12-14 00:50:46.280960,1,1,1,22,73
2025-12-14 00:50:49.088904,1,2,1,22,73
2025-12-14 00:50:51.951641,1,2,2,22,73
2025-12-14 00:50:55.813829,1,1,1,22,73
2025-12-14 00:50:59.120586,1,1,1,22,73
2025-12-14 00:51:02.932925,1,2,5,21,76
2025-12-14 00:51:05.842994,1,2,10,21,79
2025-12-14 00:51:08.657460,1,2,11,20,81
2025-12-14 00:51:13.978747,1,2,1,19,80
2025-12-14 00:51:16.871382,1,2,4,18,77
2025-12-14 00:51:19.736837,1,1,1,17,77
2025-12-14 00:51:23.140487,1,1,1,17,75
2025-12-14 00:51:26.000420,1,2,5,16,75
2025-12-14 00:51:28.859803,1,1,1,16,75
2025-12-14 00:51:31.718947,1,2,7,16,76
2025-12-14 00:51:34.580309,1,1,4,16,75
2025-12-14 00:51:38.389410,1,1,1,16,72
2025-12-14 00:51:41.749331,1,1,6,15,69
2025-12-14 00:51:44.506877,1,1,1,15,66
2025-12-14 00:51:47.421404,1,2,7,15,66
2025-12-14 00:51:50.326177,1,1,2,15,66
2025-12-14 00:51:53.136586,1,2,1,15,66
2025-12-14 00:51:57.444101,1,2,2,16,66
2025-12-14 00:52:00.806450,1,1,3,17,66
2025-12-14 00:52:04.318912,1,1,4,16,67
2025-12-14 00:52:07.125275,1,2,1,14,66
2025-12-14 00:52:09.985120,1,2,3,13,67
2025-12-14 00:52:13.843980,1,1,1,15,70
2025-12-14 00:52:17.153223,1,1,1,16,73
2025-12-14 00:52:20.973419,1,2,9,18,76
2025-12-14 00:52:23.873554,1,1,1,19,79
2025-12-14 00:52:26.681894,1,1,1,18,82
2025-12-14 00:52:31.993337,1,1,1,16,85
2025-12-14 00:52:34.902983,1,1,1,15,85
2025-12-14 00:52:37.765032,1,2,4,14,87
2025-12-14 00:52:40.623036,1,1,1,13,89
2025-12-14 00:52:43.435815,1,2,2,13,89
2025-12-14 00:52:46.343985,1,1,4,12,89
2025-12-14 00:52:49.150683,1,1,1,12,89
2025-12-14 00:52:52.060582,1,2,5,13,89
2025-12-14 00:52:55.871437,1,1,1,16,89
2025-12-14 00:52:59.179797,1,1,3,18,89
2025-12-14 00:53:02.039243,1,2,5,20,89
2025-12-14 00:53:04.900273,1,2,2,19,89
2025-12-14 00:53:07.759050,1,1,1,17,89
2025-12-14 00:53:10.569264,1,2,1,16,89
2025-12-14 00:53:14.428516,1,2,9,15,89
2025-12-14 00:53:17.744522,1,2,5,14,89
2025-12-14 00:53:20.545880,1,1,4,14,89
2025-12-14 00:53:23.457115,1,2,1,14,89
2025-12-14 00:53:26.368386,1,2,1,14,89
2025-12-14 00:53:29.176475,1,1,1,14,89
2025-12-14 00:53:33.496129,1,2,1,14,89
2025-12-14 00:53:36.850154,1,2,1,14,89
2025-12-14 00:53:40.365369,1,2,5,14,89
2025-12-14 00:53:43.176087,1,1,4,14,89
2025-12-14 00:53:46.075543,1,2,7,14,89
2025-12-14 00:53:49.889023,1,2,5,14,89
2025-12-14 00:53:53.195909,1,2,3,14,89
2025-12-14 00:53:57.504943,1,1,4,15,89
2025-12-14 00:54:00.915003,1,2,5,14,89
2025-12-14 00:54:03.772732,1,1,1,14,89
2025-12-14 00:54:06.583195,1,2,1,13,89
2025-12-14 00:54:09.494469,1,2,3,13,89
2025-12-14 00:54:12.852997,1,1,4,13,89
2025-12-14 00:54:16.615576,1,1,5,13,83
2025-12-14 00:54:20.423321,1,2,1,13,78
2025-12-14 00:54:23.732013,1,2,3,13,75
2025-12-14 00:54:28.091497,1,2,9,13,77
2025-12-14 00:54:31.901582,1,2,4,13,80
2025-12-14 00:54:35.210422,1,2,2,13,83
2025-12-14 00:54:39.027382,1,1,5,13,86
2025-12-14 00:54:42.439509,1,1,3,13,88
2025-12-14 00:54:45.789365,1,2,1,13,90
2025-12-14 00:54:48.647796,1,2,9,13,90
2025-12-14 00:54:51.509188,1,1,3,13,90
2025-12-14 00:54:54.869659,1,2,1,13,90
2025-12-14 00:54:58.627671,1,2,3,13,90
2025-12-14 00:55:01.536675,1,2,2,13,90
2025-12-14 00:55:05.399824,1,2,2,13,90
2025-12-14 00:55:08.217645,1,1,1,13,90
2025-12-14 00:55:12.121213,1,1,1,13,90
2025-12-14 00:55:14.979622,1,1,2,13,90
2025-12-14 00:55:17.788016,1,2,3,13,88
2025-12-14 00:55:21.247781,1,1,3,13,88
2025-12-14 00:55:24.109171,1,2,2,13,88
2025-12-14 00:55:26.970082,1,2,1,13,88
2025-12-14 00:55:30.891866,1,2,2,13,88
2025-12-14 00:55:33.637961,1,1,4,13,88
2025-12-14 00:55:36.558138,1,2,1,13,88
2025-12-14 00:55:40.461363,1,2,1,13,88
2025-12-14 00:55:43.821703,1,1,2,13,87
2025-12-14 00:55:46.638066,1,1,4,13,87
2025-12-14 00:55:50.490500,1,2,1,13,88
2025-12-14 00:55:53.804831,1,2,1,13,88
2025-12-14 00:55:58.761972,1,2,1,13,88
2025-12-14 00:56:02.622304,1,2,1,13,88
2025-12-14 00:56:05.536198,1,1,2,13,88
2025-12-14 00:56:08.444455,1,1,1,13,88
2025-12-14 00:56:11.250563,1,1,2,13,88
2025-12-14 00:56:15.558880,1,2,2,13,88
2025-12-14 00:56:20.526484,1,2,4,13,88
2025-12-14 00:56:23.432659,1,1,2,13,88
2025-12-14 00:56:26.242004,1,2,4,13,88
2025-12-14 00:56:30.100602,1,2,3,14,88
2025-12-14 00:56:33.014417,1,1,1,14,88
2025-12-14 00:56:35.824406,1,2,4,14,88
2025-12-14 00:56:39.690845,1,2,3,14,88
2025-12-14 00:56:42.992414,1,1,2,14,89
2025-12-14 00:56:45.850741,1,1,3,14,89
2025-12-14 00:56:48.658094,1,2,1,14,89
2025-12-14 00:56:51.568544,1,2,6,14,89
2025-12-14 00:56:54.930932,1,1,4,14,89
2025-12-14 00:56:58.888721,1,1,3,14,87
2025-12-14 00:57:01.650522,1,2,1,14,87
2025-12-14 00:57:05.562105,1,1,1,14,88
2025-12-14 00:57:08.469831,1,2,6,14,89
2025-12-14 00:57:11.278636,1,1,2,14,89
2025-12-14 00:57:15.587817,1,1,1,14,89
2025-12-14 00:57:20.548783,1,1,4,14,89
2025-12-14 00:57:23.459233,1,1,2,14,89
2025-12-14 00:57:26.281373,1,1,1,14,88
2025-12-14 00:57:30.127375,1,1,1,14,88
2025-12-14 00:57:33.040849,1,2,10,14,88
2025-12-14 00:57:35.863850,1,2,2,14,88
2025-12-14 00:57:39.806368,1,1,1,14,88
2025-12-14 00:57:43.621409,1,1,1,14,86
2025-12-14 00:57:47.033254,1,1,1,14,86
2025-12-14 00:57:49.893294,1,1,2,14,86
2025-12-14 00:57:52.695553,1,2,5,14,86
2025-12-14 00:57:56.555965,1,1,6,14,86
2025-12-14 00:58:00.570196,1,1,3,14,86
2025-12-14 00:58:04.476353,1,1,3,14,86
2025-12-14 00:58:07.290372,1,1,2,14,86
2025-12-14 00:58:10.146183,1,2,8,14,86
2025-12-14 00:58:14.005263,1,2,3,14,86
2025-12-14 00:58:17.314517,1,2,3,14,86
2025-12-14 00:58:20.674462,1,1,4,14,86
2025-12-14 00:58:23.585730,1,1,1,14,86
2025-12-14 00:58:26.496786,1,2,1,14,86
2025-12-14 00:58:29.306398,1,2,5,14,86
2025-12-14 00:58:33.113960,1,1,3,14,86
2025-12-14 00:58:36.973479,1,1,1,14,86
2025-12-14 00:58:40.933484,1,2,1,14,86
2025-12-14 00:58:43.745657,1,2,9,14,86
2025-12-14 00:58:47.604126,1,1,5,14,82
2025-12-14 00:58:50.513070,1,1,4,14,76
2025-12-14 00:58:53.321786,1,2,8,14,72
2025-12-14 00:58:57.635195,1,1,3,14,73
2025-12-14 00:59:01.543743,1,2,10,14,79
2025-12-14 00:59:04.902641,1,1,4,14,82
2025-12-14 00:59:07.711588,1,2,4,15,85
2025-12-14 00:59:11.620480,1,2,4,18,85
2025-12-14 00:59:14.532774,1,2,3,19,85
2025-12-14 00:59:17.339616,1,2,1,19,85
2025-12-14 00:59:20.750939,1,2,3,20,85
2025-12-14 00:59:24.060748,1,2,3,16,85
2025-12-14 00:59:26.871719,1,1,1,15,85
2025-12-14 00:59:30.733319,1,2,1,14,85
2025-12-14 00:59:33.640965,1,2,2,13,88
2025-12-14 00:59:37.021114,1,1,1,13,88
2025-12-14 00:59:40.759204,1,1,1,12,88
2025-12-14 00:59:44.568969,1,1,3,12,88
2025-12-14 00:59:47.886626,1,2,9,12,88
2025-12-14 00:59:52.240648,1,2,3,12,88
2025-12-14 00:59:56.050083,1,2,5,12,88
2025-12-14 00:59:59.358797,1,1,1,12,88
2025-12-14 01:00:02.770452,1,1,1,12,88
2025-12-14 01:00:06.079837,1,2,4,14,88
2025-12-14 01:00:08.888409,1,2,5,16,88
2025-12-14 01:00:12.748020,1,1,2,17,91
2025-12-14 01:00:15.659348,1,2,1,18,94
2025-12-14 01:00:19.021388,1,2,7,19,97
2025-12-14 01:00:22.978710,1,1,6,20,100
2025-12-14 01:00:25.790726,1,2,1,21,100
2025-12-14 01:00:29.649998,1,2,1,22,100
2025-12-14 01:00:32.560009,1,2,8,23,100
2025-12-14 01:00:35.369395,1,1,1,23,100
2025-12-14 01:00:39.677829,1,2,1,18,100
2025-12-14 01:00:44.037478,1,2,3,16,99
2025-12-14 01:00:47.347935,1,2,7,15,99
2025-12-14 01:00:51.657087,1,2,2,13,99
2025-12-14 01:00:55.019342,1,1,3,13,99
2025-12-14 01:00:58.777432,1,2,1,12,91
2025-12-14 01:01:02.638932,1,2,1,12,85
2025-12-14 01:01:05.548370,1,2,1,12,79
2025-12-14 01:01:08.357124,1,1,4,12,75
2025-12-14 01:01:12.217502,1,1,1,12,72
2025-12-14 01:01:15.142030,1,1,1,12,69
2025-12-14 01:01:17.934392,1,2,3,12,66
2025-12-14 01:01:21.745452,1,1,2,12,66
2025-12-14 01:01:24.659490,1,2,1,12,66
2025-12-14 01:01:28.564945,1,2,3,12,66
2025-12-14 01:01:31.376834,1,2,1,12,66
2025-12-14 01:01:34.234775,1,2,3,12,66
2025-12-14 01:01:38.096188,1,1,1,14,67
2025-12-14 01:01:41.413384,1,1,2,15,70
2025-12-14 01:01:44.864686,1,2,1,15,73
2025-12-14 01:01:47.674523,1,1,3,14,76
2025-12-14 01:01:50.583720,1,2,3,14,79
2025-12-14 01:01:53.405300,1,1,3,14,82
2025-12-14 01:01:57.702108,1,2,1,14,85
2025-12-14 01:02:01.062143,1,2,1,14,85
2025-12-14 01:02:04.434610,1,2,3,14,85
2025-12-14 01:02:07.231878,1,1,1,14,85
2025-12-14 01:02:11.144605,1,2,2,14,88
2025-12-14 01:02:14.003342,1,2,4,14,88
2025-12-14 01:02:16.815447,1,1,4,14,88
2025-12-14 01:02:20.688242,1,1,1,14,88
2025-12-14 01:02:23.980291,1,2,1,14,88
2025-12-14 01:02:26.838166,1,2,1,14,88
2025-12-14 01:02:29.698271,1,1,3,14,88
2025-12-14 01:02:32.608241,1,1,1,14,88
2025-12-14 01:02:35.420639,1,2,4,14,88
2025-12-14 01:02:39.731868,1,2,5,14,88
2025-12-14 01:02:44.694793,1,2,2,14,89
2025-12-14 01:02:47.599828,1,2,2,14,89
2025-12-14 01:02:50.409859,1,2,4,14,89
2025-12-14 01:02:54.267688,1,1,1,14,89
2025-12-14 01:02:57.177822,1,2,2,14,89
2025-12-14 01:02:59.989889,1,2,2,14,89
2025-12-14 01:03:03.949492,1,1,1,14,89
2025-12-14 01:03:07.414838,1,1,3,14,89
2025-12-14 01:03:10.315943,1,2,3,14,89
2025-12-14 01:03:14.128336,1,2,2,14,89
2025-12-14 01:03:17.436168,1,2,2,14,89
2025-12-14 01:03:21.745220,1,1,2,14,89
2025-12-14 01:03:25.659925,1,2,1,14,88
2025-12-14 01:03:29.027940,1,2,2,14,87
2025-12-14 01:03:31.880205,1,2,1,14,87
2025-12-14 01:03:35.740148,1,2,1,14,87
2025-12-14 01:03:38.649630,1,1,1,14,87
2025-12-14 01:03:41.461746,1,2,3,14,87
2025-12-14 01:03:44.267544,1,1,1,14,87
2025-12-14 01:03:47.178114,1,2,6,14,87
2025-12-14 01:03:50.037606,1,2,2,14,87
2025-12-14 01:03:52.898637,1,1,1,14,87
2025-12-14 01:03:56.709075,1,2,1,14,87
2025-12-14 01:04:00.015855,1,2,5,14,87
2025-12-14 01:04:02.826114,1,1,2,14,87
2025-12-14 01:04:05.737330,1,2,4,14,87
2025-12-14 01:04:08.654255,1,2,1,14,87
2025-12-14 01:04:11.460060,1,2,1,14,87
2025-12-14 01:04:15.264450,1,2,3,14,87
2025-12-14 01:04:19.124042,1,2,1,14,87
2025-12-14 01:04:22.476807,1,2,4,14,87
2025-12-14 01:04:25.296696,1,1,1,14,87
2025-12-14 01:04:29.202301,1,2,4,14,87
2025-12-14 01:04:32.062303,1,2,6,14,87
2025-12-14 01:04:34.871088,1,1,2,14,87
2025-12-14 01:04:38.732457,1,2,1,14,87
2025-12-14 01:04:42.193450,1,1,1,14,87
2025-12-14 01:04:45.000280,1,1,1,14,87
2025-12-14 01:04:49.815118,1,1,4,14,87
2025-12-14 01:04:53.231249,1,1,1,14,87
2025-12-14 01:04:56.082711,1,2,3,14,87
2025-12-14 01:04:58.949181,1,2,3,14,88
2025-12-14 01:05:01.764767,1,1,3,14,89
2025-12-14 01:05:04.663416,1,1,1,14,89
2025-12-14 01:05:07.477435,1,2,3,14,89
2025-12-14 01:05:10.342913,1,2,4,14,89
2025-12-14 01:05:14.194952,1,1,1,14,89
2025-12-14 01:05:19.158518,1,1,3,14,87
2025-12-14 01:05:22.067183,1,1,3,14,86
2025-12-14 01:05:24.874072,1,2,1,14,86
2025-12-14 01:05:27.786354,1,1,2,14,86
2025-12-14 01:05:31.698463,1,2,2,14,86
2025-12-14 01:05:34.509945,1,1,2,14,86
2025-12-14 01:05:37.320313,1,2,6,14,86
2025-12-14 01:05:41.226166,1,2,2,14,86
2025-12-14 01:05:44.086524,1,2,2,14,86
2025-12-14 01:05:46.906701,1,1,1,14,86
2025-12-14 01:05:50.783606,1,1,2,14,86
2025-12-14 01:05:54.066786,1,2,4,14,86
2025-12-14 01:05:57.523898,1,2,2,14,86
2025-12-14 01:06:00.339103,1,1,1,14,86
2025-12-14 01:06:03.243491,1,2,4,14,86
2025-12-14 01:06:06.054424,1,2,3,14,86
2025-12-14 01:06:10.364987,1,1,4,14,86
2025-12-14 01:06:14.223770,1,1,2,14,86
2025-12-14 01:06:17.133907,1,2,8,14,86
2025-12-14 01:06:19.896117,1,2,65,14,86
2025-12-14 01:06:23.803876,1,2,7,24,100
2025-12-14 01:06:26.721864,1,1,3,23,100
2025-12-14 01:06:29.522901,1,2,1,23,100
2025-12-14 01:06:33.339035,1,2,1,23,100
2025-12-14 01:06:36.241917,1,2,2,24,100
2025-12-14 01:06:39.057633,1,2,2,21,100
2025-12-14 01:06:42.963850,1,2,1,19,100
2025-12-14 01:06:45.836775,1,2,1,17,100
2025-12-14 01:06:49.183403,1,2,3,16,100
2025-12-14 01:06:52.940556,1,1,1,16,92
2025-12-14 01:06:56.751755,1,2,2,15,89
2025-12-14 01:07:00.067898,1,1,1,14,86
2025-12-14 01:07:04.420857,1,1,1,14,86
2025-12-14 01:07:08.230727,1,2,1,15,86
2025-12-14 01:07:12.047742,1,1,2,17,86
2025-12-14 01:07:14.862806,1,1,1,16,85
2025-12-14 01:07:19.811633,1,2,1,15,76
2025-12-14 01:07:22.722371,1,2,4,15,76
2025-12-14 01:07:25.535334,1,1,2,14,76
2025-12-14 01:07:28.398149,1,1,3,14,76
2025-12-14 01:07:32.251394,1,2,1,13,76
2025-12-14 01:07:35.561996,1,1,1,13,76
2025-12-14 01:07:38.370925,1,2,3,13,76
2025-12-14 01:07:41.283886,1,2,1,14,76
2025-12-14 01:07:44.142265,1,1,1,16,75
2025-12-14 01:07:46.962415,1,2,4,15,72
2025-12-14 01:07:50.816437,1,2,4,14,70
2025-12-14 01:07:53.773844,1,2,9,16,67
2025-12-14 01:07:57.081732,1,2,2,17,65
2025-12-14 01:08:00.942374,1,1,1,17,65
2025-12-14 01:08:03.851534,1,1,1,17,65
2025-12-14 01:08:07.213709,1,2,1,18,65
2025-12-14 01:08:10.972306,1,1,1,18,71
2025-12-14 01:08:13.881147,1,1,1,18,74
2025-12-14 01:08:17.290504,1,1,1,18,77
2025-12-14 01:08:20.150352,1,1,1,18,80
2025-12-14 01:08:22.965221,1,1,1,18,81
2025-12-14 01:08:26.821643,1,1,1,18,81
2025-12-14 01:08:30.129051,1,1,1,18,81
2025-12-14 01:08:33.941243,1,1,1,19,81
2025-12-14 01:08:36.852803,1,1,1,19,81
2025-12-14 01:08:40.758511,1,1,1,18,81
2025-12-14 01:08:43.587391,1,1,1,16,81
2025-12-14 01:08:46.429235,1,2,2,15,81
2025-12-14 01:08:50.288740,1,1,1,14,81
2025-12-14 01:08:56.401623,1,1,1,14,81
2025-12-14 01:08:57.109345,1,1,1,15,81
2025-12-14 01:09:00.968506,1,1,1,15,81
2025-12-14 01:09:03.878780,1,1,1,15,81
2025-12-14 01:09:07.241763,1,2,1,14,81
2025-12-14 01:09:09.999413,1,1,1,13,81
2025-12-14 01:09:12.861564,1,1,1,13,81
2025-12-14 01:09:16.770488,1,1,1,12,81
2025-12-14 01:09:19.580382,1,1,1,12,81
2025-12-14 01:09:22.441372,1,1,1,12,81
2025-12-14 01:09:26.302639,1,1,1,12,80
2025-12-14 01:09:29.609493,1,1,1,12,78
2025-12-14 01:09:33.417053,1,1,1,11,78
2025-12-14 01:09:36.326953,1,1,2,11,78
2025-12-14 01:09:39.135842,1,1,1,11,79
2025-12-14 01:09:42.996823,1,1,1,11,82
2025-12-14 01:09:45.910379,1,1,1,11,82
2025-12-14 01:09:49.264303,1,1,1,11,82
2025-12-14 01:09:52.624314,1,1,1,11,82
2025-12-14 01:09:55.438958,1,1,1,11,82
2025-12-14 01:09:59.343861,1,1,1,11,82
2025-12-14 01:10:02.202533,1,1,1,11,82
2025-12-14 01:10:05.012064,1,1,1,11,82
2025-12-14 01:10:08.875683,1,1,1,11,82
2025-12-14 01:10:12.235490,1,1,1,11,84
2025-12-14 01:10:14.990751,1,1,2,11,87
2025-12-14 01:10:17.900263,1,1,1,11,88
2025-12-14 01:10:20.809195,1,1,1,11,88
2025-12-14 01:10:23.618848,1,1,2,11,88
2025-12-14 01:10:27.432074,1,1,1,11,88
2025-12-14 01:10:31.289035,1,1,1,11,86
2025-12-14 01:10:34.798704,1,1,1,11,85
2025-12-14 01:10:37.606730,1,1,1,11,88
2025-12-14 01:10:40.467821,1,1,1,11,88
2025-12-14 01:10:44.325786,1,1,1,11,82
2025-12-14 01:10:47.636175,1,1,1,11,78
2025-12-14 01:10:51.449945,1,1,1,11,75
2025-12-14 01:10:54.407639,1,1,1,11,70
2025-12-14 01:10:58.818450,1,1,1,11,64
2025-12-14 01:11:01.624482,1,1,1,11,62
2025-12-14 01:11:04.484986,1,1,1,11,62
2025-12-14 01:11:08.342683,1,1,1,11,62
2025-12-14 01:11:11.659976,1,1,1,11,62
2025-12-14 01:11:15.012568,1,1,1,11,62
2025-12-14 01:11:17.923268,1,1,1,11,62
2025-12-14 01:11:20.838072,1,1,1,11,62
2025-12-14 01:11:23.641126,1,1,1,11,62
2025-12-14 01:11:27.450086,1,1,1,11,62
2025-12-14 01:11:31.309566,1,1,1,11,64
2025-12-14 01:11:34.669751,1,1,1,11,70
2025-12-14 01:11:37.478385,1,1,1,11,73
2025-12-14 01:11:41.388680,1,1,1,11,74
2025-12-14 01:11:44.245879,1,1,1,11,71
2025-12-14 01:11:47.057279,1,1,1,11,68
2025-12-14 01:11:50.918697,1,1,1,11,65
2025-12-14 01:11:54.275354,1,1,1,11,65
2025-12-14 01:11:57.035139,1,1,2,11,65
2025-12-14 01:11:59.946185,1,1,1,11,65
2025-12-14 01:12:02.856165,1,1,1,11,65
2025-12-14 01:12:05.664410,1,2,1,11,65
2025-12-14 01:12:09.974678,1,1,1,11,65
2025-12-14 01:12:13.336238,1,1,1,12,65
2025-12-14 01:12:16.846500,1,1,1,14,65
2025-12-14 01:12:19.652050,1,2,1,16,65
2025-12-14 01:12:22.512460,1,1,1,17,65
2025-12-14 01:12:26.371516,1,1,1,17,68
2025-12-14 01:12:29.681460,1,1,1,18,71
2025-12-14 01:12:33.490108,1,1,1,21,74
2025-12-14 01:12:36.399926,1,1,1,20,76
2025-12-14 01:12:39.209297,1,1,1,20,76
2025-12-14 01:12:43.069303,1,1,1,21,76
2025-12-14 01:12:45.978627,1,1,1,20,76
2025-12-14 01:12:49.348359,1,1,1,20,76
2025-12-14 01:12:53.098128,1,1,1,20,76
2025-12-14 01:12:56.912156,1,1,1,20,76
2025-12-14 01:13:00.217358,1,1,2,21,76
2025-12-14 01:13:04.578019,1,1,1,21,76
2025-12-14 01:13:08.390438,1,1,1,21,76
2025-12-14 01:13:11.696818,1,1,1,22,76
2025-12-14 01:13:15.504920,1,1,1,22,76
2025-12-14 01:13:18.465690,1,1,1,23,76
2025-12-14 01:13:22.327266,1,2,1,23,71
2025-12-14 01:13:25.136429,1,1,2,23,71
2025-12-14 01:13:27.996361,1,1,1,23,68
2025-12-14 01:13:31.355674,1,1,1,24,66
2025-12-14 01:13:35.114320,1,1,1,24,71
2025-12-14 01:13:38.023767,1,1,2,24,72
2025-12-14 01:13:41.885731,1,1,1,23,72
2025-12-14 01:13:44.694755,1,1,1,23,72
2025-12-14 01:13:48.553482,1,1,1,23,72
2025-12-14 01:13:51.466280,1,1,2,22,72
2025-12-14 01:13:54.272718,1,1,1,23,71
2025-12-14 01:13:57.735259,1,1,1,23,69
2025-12-14 01:14:00.593203,1,1,1,23,69
2025-12-14 01:14:03.464532,1,1,1,23,69
2025-12-14 01:14:06.262767,1,1,1,23,69
2025-12-14 01:14:10.570228,1,1,1,23,72
2025-12-14 01:14:14.429038,1,1,1,23,72
2025-12-14 01:14:17.340022,1,1,1,23,72
2025-12-14 01:14:20.098111,1,1,1,23,72
2025-12-14 01:14:24.008201,1,1,1,22,69
2025-12-14 01:14:26.917992,1,1,1,19,66
2025-12-14 01:14:29.726119,1,1,1,19,66
2025-12-14 01:14:33.536319,1,1,1,15,66
2025-12-14 01:14:37.403663,1,1,1,17,66
2025-12-14 01:14:40.906644,1,1,1,18,66
2025-12-14 01:14:43.715772,1,1,3,18,66
2025-12-14 01:14:46.575058,1,1,1,16,66
2025-12-14 01:14:50.436278,1,1,1,14,66
2025-12-14 01:14:53.749700,1,1,1,13,66
2025-12-14 01:14:57.556017,1,1,1,12,66
2025-12-14 01:15:00.463697,1,1,1,12,66
2025-12-14 01:15:03.273832,1,2,2,15,66
2025-12-14 01:15:07.133783,1,1,1,17,66
2025-12-14 01:15:10.043241,1,1,1,19,66
2025-12-14 01:15:13.402563,1,1,1,20,66
2025-12-14 01:15:17.162129,1,1,1,21,66
2025-12-14 01:15:20.973605,1,1,1,21,66
2025-12-14 01:15:24.281850,1,1,1,17,66
2025-12-14 01:15:28.091522,1,1,1,18,66
2025-12-14 01:15:31.953169,1,1,3,18,66
2025-12-14 01:15:34.766739,1,1,1,19,66
2025-12-14 01:15:37.628082,1,2,1,20,66
2025-12-14 01:15:40.482338,1,2,1,21,66
2025-12-14 01:15:43.346102,1,1,1,21,66
2025-12-14 01:15:46.156654,1,1,1,21,66
2025-12-14 01:15:49.511136,1,1,1,21,64
2025-12-14 01:15:52.392642,1,1,1,21,64
2025-12-14 01:15:55.180442,1,1,1,22,64
2025-12-14 01:15:58.042319,1,1,1,22,64
2025-12-14 01:16:01.398726,1,1,1,22,64
2025-12-14 01:16:05.209542,1,1,1,22,64
2025-12-14 01:16:09.029979,1,1,1,22,64
2025-12-14 01:16:12.327839,1,1,1,22,64
2025-12-14 01:16:16.139099,1,1,1,22,64
2025-12-14 01:16:19.051789,1,1,1,22,64
2025-12-14 01:16:22.962191,1,1,1,22,64
2025-12-14 01:16:25.777595,1,1,1,22,64
2025-12-14 01:16:28.628167,1,1,1,22,64
2025-12-14 01:16:32.496973,1,1,1,22,64
2025-12-14 01:16:35.801560,1,1,1,22,64
2025-12-14 01:16:38.655899,1,1,1,22,64
2025-12-14 01:16:41.516406,1,2,2,22,64
2025-12-14 01:16:44.380469,1,1,1,22,64
2025-12-14 01:16:47.187108,1,1,1,21,64
2025-12-14 01:16:51.045281,1,1,2,20,64
2025-12-14 01:16:54.356510,1,1,1,19,64
2025-12-14 01:16:57.163450,1,1,1,19,64
2025-12-14 01:17:00.073459,1,1,1,19,64
2025-12-14 01:17:02.990444,1,2,1,20,64
2025-12-14 01:17:05.792021,1,1,1,20,64
2025-12-14 01:17:09.603458,1,1,1,20,64
2025-12-14 01:17:13.459423,1,1,1,20,64
2025-12-14 01:17:17.219928,1,1,1,20,64
2025-12-14 01:17:21.029643,1,1,1,20,64
2025-12-14 01:17:24.338248,1,1,1,18,64
2025-12-14 01:17:28.148261,1,1,1,17,64
2025-12-14 01:17:32.508287,1,1,1,15,64
2025-12-14 01:17:35.818216,1,2,1,14,64
2025-12-14 01:17:40.178722,1,1,1,13,64
2025-12-14 01:17:43.539054,1,1,1,13,64
2025-12-14 01:17:46.400509,1,1,1,12,64
2025-12-14 01:17:49.206762,1,1,1,12,64
2025-12-14 01:17:52.117295,1,1,1,12,64
2025-12-14 01:17:55.485132,1,2,1,12,64
2025-12-14 01:17:58.837345,1,1,1,12,64
2025-12-14 01:18:01.669230,1,2,1,12,64
2025-12-14 01:18:05.555400,1,1,1,12,64
2025-12-14 01:18:08.416942,1,1,1,12,64
2025-12-14 01:18:11.228336,1,1,1,12,64
2025-12-14 01:18:15.084399,1,1,2,12,64
2025-12-14 01:18:18.398687,1,1,1,12,67
2025-12-14 01:18:21.201837,1,2,1,11,70
2025-12-14 01:18:24.113963,1,2,4,11,72
2025-12-14 01:18:27.022998,1,1,1,11,70
2025-12-14 01:18:29.831766,1,2,1,11,69
2025-12-14 01:18:34.145509,1,1,2,12,69
2025-12-14 01:18:37.511101,1,1,1,14,69
2025-12-14 01:18:41.010159,1,1,1,14,74
2025-12-14 01:18:43.820451,1,1,1,13,77
2025-12-14 01:18:46.680075,1,1,1,12,80
2025-12-14 01:18:50.541472,1,1,1,12,83
2025-12-14 01:18:53.849353,1,1,1,12,81
2025-12-14 01:18:58.167105,1,1,1,12,77
2025-12-14 01:19:02.518637,1,1,1,12,72
2025-12-14 01:19:05.837830,1,1,1,12,72
2025-12-14 01:19:09.636509,1,1,1,12,70
2025-12-14 01:19:13.497523,1,1,1,12,67
2025-12-14 01:19:17.256382,1,2,2,12,67
2025-12-14 01:19:21.117790,1,1,1,12,67
2025-12-14 01:19:25.125469,1,1,1,12,67
2025-12-14 01:19:29.036337,1,2,1,12,67
2025-12-14 01:19:31.848354,1,1,2,12,67
2025-12-14 01:19:34.709212,1,1,1,12,67
2025-12-14 01:19:38.566747,1,2,1,12,67
2025-12-14 01:19:41.886304,1,1,1,12,69
2025-12-14 01:19:44.685790,1,1,1,12,71
2025-12-14 01:19:47.595947,1,1,2,12,71
2025-12-14 01:19:50.475952,1,1,1,11,71
2025-12-14 01:19:53.265687,1,1,1,11,71
2025-12-14 01:19:57.125505,1,1,1,11,71
2025-12-14 01:20:00.435232,1,1,1,11,71
2025-12-14 01:20:03.274997,1,1,1,11,71
2025-12-14 01:20:06.156700,1,1,1,11,71
2025-12-14 01:20:09.062203,1,1,1,11,71
2025-12-14 01:20:11.871558,1,2,1,11,71
2025-12-14 01:20:15.683134,1,1,2,11,71
2025-12-14 01:20:19.542213,1,1,1,11,72
2025-12-14 01:20:22.900881,1,1,1,11,78
2025-12-14 01:20:25.759598,1,1,1,11,79
2025-12-14 01:20:29.623061,1,1,1,11,79
2025-12-14 01:20:32.479773,1,2,2,11,78
2025-12-14 01:20:35.287919,1,2,13,11,75
2025-12-14 01:20:39.151017,1,2,9,11,72
2025-12-14 01:20:42.108503,1,2,23,12,72
2025-12-14 01:20:45.420265,1,2,10,13,75
2025-12-14 01:20:49.278527,1,2,20,12,78
2025-12-14 01:20:52.188229,1,2,3,13,81
2025-12-14 01:20:55.549044,1,2,2,14,83
2025-12-14 01:20:59.308135,1,2,1,16,83
2025-12-14 01:21:02.718077,1,2,2,17,83
2025-12-14 01:21:05.625815,1,2,3,18,83
2025-12-14 01:21:08.487654,1,1,1,19,86
2025-12-14 01:21:11.347216,1,1,1,20,86
2025-12-14 01:21:15.157834,1,2,2,21,86
2025-12-14 01:21:18.468992,1,1,1,22,86
2025-12-14 01:21:22.428397,1,1,1,22,86
2025-12-14 01:21:26.237618,1,1,1,23,86
2025-12-14 01:21:30.098903,1,1,3,19,86
2025-12-14 01:21:32.907968,1,1,7,19,86
2025-12-14 01:21:36.816732,1,2,18,14,86
2025-12-14 01:21:39.677524,1,1,1,14,86
2025-12-14 01:21:43.540437,1,1,1,15,86
2025-12-14 01:21:47.298038,1,2,3,15,86
2025-12-14 01:21:51.161145,1,2,16,15,86
2025-12-14 01:21:54.468907,1,1,7,15,86
2025-12-14 01:21:58.780959,1,1,1,15,86
2025-12-14 01:22:02.636963,1,2,1,14,86
2025-12-14 01:22:06.098658,1,2,6,12,86
2025-12-14 01:22:08.912929,1,1,1,12,86
2025-12-14 01:22:12.765097,1,2,13,12,86
2025-12-14 01:22:15.676541,1,1,1,11,86
2025-12-14 01:22:18.499136,1,1,1,11,86
2025-12-14 01:22:22.294454,1,1,5,11,86
2025-12-14 01:22:25.754008,1,2,2,12,86
2025-12-14 01:22:29.663565,1,2,10,14,86
2025-12-14 01:22:32.529830,1,2,4,13,86
2025-12-14 01:22:35.332407,1,2,1,12,86
2025-12-14 01:22:39.191889,1,2,6,14,86
2025-12-14 01:22:42.503747,1,2,2,18,86
2025-12-14 01:22:47.567581,1,1,4,16,85
2025-12-14 01:22:50.373507,1,2,1,18,85
2025-12-14 01:22:54.233409,1,2,1,18,85
2025-12-14 01:22:57.144505,1,2,5,16,85
2025-12-14 01:22:59.959034,1,1,1,16,85
2025-12-14 01:23:03.766188,1,2,2,13,85
2025-12-14 01:23:06.674265,1,2,8,13,85
2025-12-14 01:23:09.483850,1,1,1,12,85
2025-12-14 01:23:13.395474,1,2,1,12,85
2025-12-14 01:23:16.255136,1,2,2,12,85
2025-12-14 01:23:19.616675,1,1,6,12,85
2025-12-14 01:23:23.375007,1,1,1,12,78
2025-12-14 01:23:27.183426,1,2,1,12,75
2025-12-14 01:23:31.046331,1,2,1,12,72
2025-12-14 01:23:33.854245,1,2,5,12,70
2025-12-14 01:23:36.714822,1,1,3,12,70
2025-12-14 01:23:39.522818,1,1,1,12,70
2025-12-14 01:23:44.835105,1,2,11,12,74
2025-12-14 01:23:47.695595,1,1,1,12,75
2025-12-14 01:23:50.556347,1,1,1,12,72
2025-12-14 01:23:53.362679,1,1,6,12,71
2025-12-14 01:23:57.227925,1,2,1,12,71
2025-12-14 01:24:00.531594,1,2,10,12,71
2025-12-14 01:24:04.842704,1,1,9,12,71
2025-12-14 01:24:08.651613,1,1,1,13,71
2025-12-14 01:24:11.962794,1,1,2,13,71
2025-12-14 01:24:15.770877,1,1,1,12,71
2025-12-14 01:24:19.632642,1,1,2,11,71
2025-12-14 01:24:23.392046,1,2,1,12,71
2025-12-14 01:24:27.253047,1,2,1,11,74
2025-12-14 01:24:30.712442,1,1,7,12,74
2025-12-14 01:24:33.521125,1,1,1,14,74
2025-12-14 01:24:37.379382,1,2,2,16,74
2025-12-14 01:24:40.289573,1,2,5,15,74
2025-12-14 01:24:43.656276,1,2,2,14,74
2025-12-14 01:24:47.408093,1,2,1,13,74
2025-12-14 01:24:50.816566,1,1,1,12,77
2025-12-14 01:24:53.730795,1,1,1,12,80
2025-12-14 01:24:56.589256,1,2,2,13,82
2025-12-14 01:24:59.397624,1,2,1,15,82
2025-12-14 01:25:03.257744,1,1,1,14,82
2025-12-14 01:25:06.567259,1,1,1,13,82
2025-12-14 01:25:10.424671,1,2,6,13,82
2025-12-14 01:25:14.287154,1,1,1,12,82
2025-12-14 01:25:17.195936,1,1,1,13,82
2025-12-14 01:25:20.005542,1,2,4,13,82
2025-12-14 01:25:22.915839,1,1,1,13,82
2025-12-14 01:25:26.723840,1,1,1,16,82
2025-12-14 01:25:30.595606,1,2,3,19,82
2025-12-14 01:25:33.447149,1,2,1,20,82
2025-12-14 01:25:36.305390,1,2,3,21,82
2025-12-14 01:25:39.215209,1,2,1,20,82
2025-12-14 01:25:42.025857,1,2,4,20,78
2025-12-14 01:25:46.338847,1,1,4,20,73
2025-12-14 01:25:49.745929,1,2,1,20,74
2025-12-14 01:25:53.056405,1,1,1,21,77
2025-12-14 01:25:55.920901,1,1,1,22,80
2025-12-14 01:25:59.775451,1,2,2,21,83
2025-12-14 01:26:02.639733,1,2,2,20,84
2025-12-14 01:26:05.445370,1,2,3,19,79
2025-12-14 01:26:09.907707,1,2,3,17,76
2025-12-14 01:26:13.217717,1,1,2,17,73
2025-12-14 01:26:16.032939,1,2,3,16,70
2025-12-14 01:26:18.945843,1,1,1,16,69
2025-12-14 01:26:22.249071,1,1,1,16,69
2025-12-14 01:26:27.710257,1,2,2,16,69
2025-12-14 01:26:30.566524,1,1,1,16,71
2025-12-14 01:26:34.377610,1,2,1,16,71
2025-12-14 01:26:38.245172,1,1,3,16,67
2025-12-14 01:26:41.051319,1,1,4,16,67
2025-12-14 01:26:44.466094,1,1,1,16,68
2025-12-14 01:26:48.928421,1,2,1,16,71
2025-12-14 01:26:51.847012,1,2,4,16,70
2025-12-14 01:26:55.693064,1,1,4,15,67
2025-12-14 01:26:59.503498,1,1,2,14,66
2025-12-14 01:27:03.313172,1,1,1,15,66
2025-12-14 01:27:06.629120,1,2,1,18,69
2025-12-14 01:27:13.236530,1,2,1,19,75
2025-12-14 01:27:16.045615,1,1,1,20,78
2025-12-14 01:27:18.909292,1,1,4,21,81
2025-12-14 01:27:21.816949,1,2,2,22,83
2025-12-14 01:27:24.624757,1,1,1,22,83
2025-12-14 01:27:28.436876,1,2,1,23,83
2025-12-14 01:27:31.347865,1,2,3,23,86
2025-12-14 01:27:35.257383,1,1,2,24,92
2025-12-14 01:27:38.066603,1,1,5,24,95
2025-12-14 01:27:40.977016,1,1,1,24,98
2025-12-14 01:27:44.795904,1,2,1,24,96
2025-12-14 01:27:47.697185,1,1,3,24,93
2025-12-14 01:27:50.507153,1,1,1,25,90
2025-12-14 01:27:54.368193,1,1,1,25,87
2025-12-14 01:27:57.286214,1,2,1,25,86
2025-12-14 01:28:00.087211,1,1,2,25,86
2025-12-14 01:28:04.396170,1,1,1,25,86
2025-12-14 01:28:08.756493,1,1,1,25,89
2025-12-14 01:28:12.067317,1,1,1,25,92
2025-12-14 01:28:16.382212,1,1,1,25,95
2025-12-14 01:28:19.748704,1,1,1,22,98
2025-12-14 01:28:23.495410,1,1,1,20,92
2025-12-14 01:28:27.358034,1,1,1,18,86
2025-12-14 01:28:30.815493,1,1,1,16,80
2025-12-14 01:28:33.624360,1,1,1,15,76
2025-12-14 01:28:37.535025,1,2,1,16,73
2025-12-14 01:28:40.396985,1,1,3,18,70
2025-12-14 01:28:43.754872,1,1,2,18,73
2025-12-14 01:28:47.512784,1,1,1,17,75
2025-12-14 01:28:51.021959,1,2,4,16,72
2025-12-14 01:28:53.847438,1,2,8,16,69
2025-12-14 01:28:56.692085,1,2,5,15,69
2025-12-14 01:28:59.501709,1,2,3,15,69
2025-12-14 01:29:03.360821,1,2,6,15,69
2025-12-14 01:29:06.676248,1,2,4,15,67
2025-12-14 01:29:11.088729,1,2,7,15,67
2025-12-14 01:29:13.943898,1,1,1,15,67
2025-12-14 01:29:17.852883,1,2,2,15,67
2025-12-14 01:29:20.711127,1,2,4,15,67
2025-12-14 01:29:23.521698,1,1,1,16,64
2025-12-14 01:29:27.380480,1,1,5,16,62
2025-12-14 01:29:30.842043,1,1,1,17,62
2025-12-14 01:29:33.649658,1,2,4,17,62
2025-12-14 01:29:39.014298,1,1,1,17,62
2025-12-14 01:29:41.872938,1,1,1,17,62
2025-12-14 01:29:44.730978,1,2,5,17,62
2025-12-14 01:29:47.540964,1,1,1,18,62
2025-12-14 01:29:50.399875,1,2,2,18,62
2025-12-14 01:29:53.310951,1,1,1,18,62
2025-12-14 01:29:56.120817,1,2,3,18,62
2025-12-14 01:29:58.982886,1,1,1,18,62
2025-12-14 01:30:02.841690,1,2,9,18,62
2025-12-14 01:30:06.155376,1,2,3,19,62
2025-12-14 01:30:09.009946,1,1,1,19,62
2025-12-14 01:30:11.869719,1,2,6,20,62
2025-12-14 01:30:14.736063,1,2,3,20,62
2025-12-14 01:30:17.538651,1,2,1,21,62
2025-12-14 01:30:21.398556,1,2,1,19,62
2025-12-14 01:30:24.705821,1,1,5,15,62
2025-12-14 01:30:28.616400,1,1,2,14,62
2025-12-14 01:30:31.427334,1,1,1,13,62
2025-12-14 01:30:35.337752,1,2,3,13,62
2025-12-14 01:30:38.169720,1,1,5,16,62
2025-12-14 01:30:41.006899,1,1,1,17,62
2025-12-14 01:30:44.865496,1,2,4,15,62
2025-12-14 01:30:47.778407,1,1,1,14,62
2025-12-14 01:30:50.534594,1,2,1,13,62
2025-12-14 01:30:54.449539,1,2,2,13,62
2025-12-14 01:30:57.357319,1,2,5,12,62
2025-12-14 01:31:00.167301,1,1,1,12,62
2025-12-14 01:31:03.976113,1,2,6,12,62
2025-12-14 01:31:06.883667,1,1,1,12,62
2025-12-14 01:31:09.695599,1,1,1,12,62
2025-12-14 01:31:13.602388,1,2,7,12,62
2025-12-14 01:31:16.471521,1,1,1,12,62
2025-12-14 01:31:19.824116,1,2,1,13,62
2025-12-14 01:31:23.644847,1,2,4,16,62
2025-12-14 01:31:26.454824,1,1,1,18,62
2025-12-14 01:31:29.369571,1,2,2,19,62
2025-12-14 01:31:32.162341,1,1,1,20,62
2025-12-14 01:31:35.022431,1,2,2,21,62
2025-12-14 01:31:38.884465,1,2,6,19,62
2025-12-14 01:31:42.190957,1,1,1,17,62
2025-12-14 01:31:45.000346,1,2,7,16,62
2025-12-14 01:31:47.911818,1,2,6,15,62
2025-12-14 01:31:50.771047,1,2,12,17,62
2025-12-14 01:31:53.579845,1,2,9,18,64
2025-12-14 01:31:57.443711,1,2,32,19,67
2025-12-14 01:32:00.752628,1,2,1,20,70
2025-12-14 01:32:03.563187,1,1,2,18,72
2025-12-14 01:32:06.478682,1,1,1,16,72
2025-12-14 01:32:09.377315,1,2,1,15,71
2025-12-14 01:32:12.189736,1,1,1,15,68
2025-12-14 01:32:15.997558,1,1,1,13,65
2025-12-14 01:32:19.858402,1,1,1,12,63
2025-12-14 01:32:23.216004,1,1,1,12,63
2025-12-14 01:32:26.025157,1,1,1,11,63
2025-12-14 01:32:29.936809,1,1,1,11,63
2025-12-14 01:32:32.793484,1,1,1,11,63
2025-12-14 01:32:35.652453,1,1,1,11,63
2025-12-14 01:32:38.963721,1,1,1,11,63
2025-12-14 01:32:44.473834,1,1,1,11,63
2025-12-14 01:32:47.390959,1,1,1,11,63
2025-12-14 01:32:50.197580,1,2,1,11,63
2025-12-14 01:32:53.054154,1,2,2,11,63
2025-12-14 01:32:56.918166,1,1,1,13,63
2025-12-14 01:33:00.254373,1,1,1,14,63
2025-12-14 01:33:03.585400,1,2,1,17,66
2025-12-14 01:33:06.494261,1,2,3,18,69
2025-12-14 01:33:09.403540,1,1,2,18,72
2025-12-14 01:33:12.215256,1,1,1,18,75
2025-12-14 01:33:16.023788,1,2,1,16,76
2025-12-14 01:33:19.881803,1,2,1,15,73
2025-12-14 01:33:23.242769,1,1,2,15,67
2025-12-14 01:33:26.101113,1,2,2,15,66
2025-12-14 01:33:29.960432,1,1,1,14,66
2025-12-14 01:33:32.820304,1,1,1,14,66
2025-12-14 01:33:35.680095,1,2,2,14,66
2025-12-14 01:33:39.496727,1,1,1,14,66
2025-12-14 01:33:43.510942,1,1,1,14,66
2025-12-14 01:33:47.414019,1,1,1,14,66
2025-12-14 01:33:50.220431,1,2,1,14,66
2025-12-14 01:33:53.080853,1,1,2,14,65
2025-12-14 01:33:56.943389,1,1,1,14,62
2025-12-14 01:34:00.248456,1,1,1,14,62
2025-12-14 01:34:03.658704,1,2,2,15,62
2025-12-14 01:34:06.968669,1,1,1,18,62
2025-12-14 01:34:09.779997,1,2,3,19,62
2025-12-14 01:34:13.638953,1,1,1,19,62
2025-12-14 01:34:16.551144,1,1,1,20,62
2025-12-14 01:34:19.910452,1,2,2,21,62
2025-12-14 01:34:24.272520,1,1,3,21,62
2025-12-14 01:34:27.080656,1,1,1,22,62
2025-12-14 01:34:29.992096,1,2,1,22,62
2025-12-14 01:34:32.848015,1,1,1,23,62
2025-12-14 01:34:35.657314,1,2,1,23,62
2025-12-14 01:34:39.518646,1,2,4,23,62
2025-12-14 01:34:42.426680,1,1,2,22,62
2025-12-14 01:34:45.236761,1,1,1,22,62
2025-12-14 01:34:49.096388,1,2,2,23,62
2025-12-14 01:34:52.008453,1,2,3,23,64
2025-12-14 01:34:54.819044,1,1,1,23,67
2025-12-14 01:34:58.625491,1,2,1,23,69
2025-12-14 01:35:01.544901,1,1,2,23,69
2025-12-14 01:35:05.449159,1,1,1,24,70
2025-12-14 01:35:08.256965,1,2,1,24,70
2025-12-14 01:35:11.124572,1,1,1,24,70
2025-12-14 01:35:14.977344,1,1,1,24,70
2025-12-14 01:35:18.286891,1,2,3,23,70
2025-12-14 01:35:21.156812,1,1,1,22,70
2025-12-14 01:35:24.008324,1,1,1,22,69
2025-12-14 01:35:26.870854,1,2,3,23,69
2025-12-14 01:35:29.733848,1,1,1,23,69
2025-12-14 01:35:33.534813,1,2,4,23,69
2025-12-14 01:35:36.843766,1,1,2,17,69
2025-12-14 01:35:39.653149,1,1,1,15,70
2025-12-14 01:35:42.564115,1,1,4,14,70
2025-12-14 01:35:45.485720,1,1,1,14,70
2025-12-14 01:35:48.280604,1,1,2,14,70
2025-12-14 01:35:52.590665,1,1,4,16,70
2025-12-14 01:35:55.955898,1,1,1,14,70
2025-12-14 01:35:59.311878,1,1,1,13,72
2025-12-14 01:36:02.170901,1,1,2,14,72
2025-12-14 01:36:06.028512,1,1,1,16,72
2025-12-14 01:36:08.887687,1,1,1,18,73
2025-12-14 01:36:11.748598,1,2,5,20,76
2025-12-14 01:36:15.557519,1,1,2,21,79
2025-12-14 01:36:18.523393,1,1,1,22,82
2025-12-14 01:36:21.829016,1,2,1,21,85
2025-12-14 01:36:27.142643,1,1,1,19,85
2025-12-14 01:36:30.048942,1,1,1,17,85
2025-12-14 01:36:32.908963,1,2,3,15,86
2025-12-14 01:36:35.777840,1,1,1,14,86
2025-12-14 01:36:38.628282,1,1,1,14,86
2025-12-14 01:36:42.037024,1,2,5,13,86
2025-12-14 01:36:44.897365,1,1,1,13,86
2025-12-14 01:36:47.712710,1,2,1,14,86
2025-12-14 01:36:51.565876,1,1,1,15,86
2025-12-14 01:36:54.875586,1,1,1,18,86
2025-12-14 01:36:58.735230,1,1,1,18,86
2025-12-14 01:37:02.044428,1,1,1,18,86
2025-12-14 01:37:04.905626,1,1,1,17,84
2025-12-14 01:37:07.711227,1,2,3,16,84
2025-12-14 01:37:10.623476,1,1,1,15,81
2025-12-14 01:37:13.993244,1,2,1,15,81
2025-12-14 01:37:17.343592,1,2,3,15,75
2025-12-14 01:37:20.203059,1,1,1,14,72
2025-12-14 01:37:24.065232,1,2,1,14,69
2025-12-14 01:37:26.921822,1,2,3,14,66
2025-12-14 01:37:29.783544,1,1,5,14,66
2025-12-14 01:37:33.598928,1,1,1,14,66
2025-12-14 01:37:37.054064,1,1,1,14,66
2025-12-14 01:37:39.864823,1,1,1,14,66
2025-12-14 01:37:43.771236,1,2,3,14,66
2025-12-14 01:37:46.632346,1,1,3,14,66
2025-12-14 01:37:49.995083,1,1,3,14,66
2025-12-14 01:37:53.753006,1,1,3,14,66
2025-12-14 01:37:57.562736,1,2,1,14,66
2025-12-14 01:38:00.873299,1,1,1,14,66
2025-12-14 01:38:04.683129,1,2,1,14,66
2025-12-14 01:38:08.545596,1,2,1,14,66
2025-12-14 01:38:11.355556,1,2,2,14,66
2025-12-14 01:38:14.265459,1,1,1,14,66
2025-12-14 01:38:18.624654,1,1,1,14,66
2025-12-14 01:38:21.535509,1,2,3,14,66
2025-12-14 01:38:24.345869,1,1,1,14,66
2025-12-14 01:38:28.654933,1,1,1,14,66
2025-12-14 01:38:32.015210,1,1,1,14,66
2025-12-14 01:38:35.773845,1,2,1,14,64
2025-12-14 01:38:39.583629,1,1,5,14,62
2025-12-14 01:38:42.892448,1,2,2,14,63
2025-12-14 01:38:47.253858,1,1,1,14,65
2025-12-14 01:38:51.077650,1,1,1,14,65
2025-12-14 01:38:54.374071,1,1,1,15,66
2025-12-14 01:38:58.681840,1,2,1,17,69
2025-12-14 01:39:02.090881,1,1,1,16,75
2025-12-14 01:39:04.949792,1,1,1,15,78
2025-12-14 01:39:07.811538,1,2,3,15,78
2025-12-14 01:39:10.687341,1,1,1,14,81
2025-12-14 01:39:14.038598,1,1,1,14,82
2025-12-14 01:39:17.791473,1,1,2,14,82
2025-12-14 01:39:21.599554,1,2,6,14,82
2025-12-14 01:39:24.918009,1,2,5,14,80
2025-12-14 01:39:28.718389,1,2,3,14,80
2025-12-14 01:39:33.078606,1,2,4,14,80
2025-12-14 01:39:36.839199,1,2,4,14,80
2025-12-14 01:39:40.151489,1,1,1,14,80
2025-12-14 01:39:43.559992,1,2,1,14,76
2025-12-14 01:39:46.367486,1,1,2,14,73
2025-12-14 01:39:49.229217,1,2,4,14,76
2025-12-14 01:39:52.148776,1,1,1,15,77
2025-12-14 01:39:54.963661,1,2,7,16,75
2025-12-14 01:39:59.256287,1,1,1,16,72
2025-12-14 01:40:02.116121,1,1,1,17,72
2025-12-14 01:40:04.978137,1,2,3,17,72
2025-12-14 01:40:07.785528,1,2,1,17,72
2025-12-14 01:40:10.697946,1,1,3,17,72
2025-12-14 01:40:14.064260,1,2,1,17,72
2025-12-14 01:40:17.817502,1,2,9,18,73
2025-12-14 01:40:20.717948,1,1,4,19,76
2025-12-14 01:40:23.622529,1,2,1,19,79
2025-12-14 01:40:26.408463,1,1,5,17,82
2025-12-14 01:40:29.260219,1,2,13,15,85
2025-12-14 01:40:33.113567,1,2,20,14,88
2025-12-14 01:40:36.424488,1,2,14,13,86
2025-12-14 01:40:39.233738,1,2,24,12,84
2025-12-14 01:40:42.144131,1,2,3,11,85
2025-12-14 01:40:45.001508,1,1,1,11,85
2025-12-14 01:40:47.810618,1,1,1,11,85
2025-12-14 01:40:51.670488,1,1,2,11,85
2025-12-14 01:40:54.980897,1,1,1,11,85
2025-12-14 01:40:58.446723,1,1,1,11,79
2025-12-14 01:41:01.251375,1,1,1,11,73
2025-12-14 01:41:04.162089,1,1,1,11,70
2025-12-14 01:41:06.968293,1,1,1,11,67
2025-12-14 01:41:10.779586,1,1,1,11,64
2025-12-14 01:41:15.138230,1,1,1,11,63
2025-12-14 01:41:18.046567,1,1,1,11,63
2025-12-14 01:41:20.806238,1,1,1,11,63
2025-12-14 01:41:24.717429,1,1,2,11,63
2025-12-14 01:41:27.624102,1,1,1,11,63
2025-12-14 01:41:30.435104,1,1,1,11,63
2025-12-14 01:41:34.242136,1,1,1,11,63
2025-12-14 01:41:38.102252,1,2,1,13,63
2025-12-14 01:41:41.616895,1,1,1,12,63
2025-12-14 01:41:44.430049,1,1,1,11,63
2025-12-14 01:41:47.283337,1,2,1,13,63
2025-12-14 01:41:51.140640,1,1,1,15,63
2025-12-14 01:41:54.450956,1,1,1,17,63
2025-12-14 01:41:58.260883,1,1,1,20,63
2025-12-14 01:42:01.173710,1,1,1,21,63
2025-12-14 01:42:03.979758,1,1,1,21,63
2025-12-14 01:42:07.847532,1,1,1,21,63
2025-12-14 01:42:10.749052,1,1,1,22,63
2025-12-14 01:42:14.111067,1,1,1,21,63
2025-12-14 01:42:17.865884,1,1,1,18,63
2025-12-14 01:42:20.776652,1,1,1,16,63
2025-12-14 01:42:24.186384,1,1,1,14,63
2025-12-14 01:42:27.045158,1,1,1,15,63
2025-12-14 01:42:29.854198,1,1,1,16,63
2025-12-14 01:42:33.715202,1,1,1,18,63
2025-12-14 01:42:37.025437,1,1,1,21,63
2025-12-14 01:42:40.486492,1,1,1,21,63
2025-12-14 01:42:43.294434,1,1,1,22,62
2025-12-14 01:42:46.205963,1,2,2,22,62
2025-12-14 01:42:49.013514,1,1,1,23,62
2025-12-14 01:42:52.824597,1,1,1,23,62
2025-12-14 01:42:57.185859,1,1,1,23,62
2025-12-14 01:43:00.100075,1,1,1,23,62
2025-12-14 01:43:02.855297,1,1,1,23,62
2025-12-14 01:43:06.765397,1,1,1,22,62
2025-12-14 01:43:09.678318,1,2,1,20,62
2025-12-14 01:43:12.483946,1,2,1,20,62
2025-12-14 01:43:16.292729,1,1,1,18,62
2025-12-14 01:43:19.709432,1,1,1,18,62
2025-12-14 01:43:23.064026,1,1,1,19,62
2025-12-14 01:43:25.870627,1,1,1,20,62
2025-12-14 01:43:28.782935,1,1,1,19,62
2025-12-14 01:43:32.141955,1,1,1,17,62
2025-12-14 01:43:35.901463,1,1,1,16,62
2025-12-14 01:43:38.809365,1,1,1,18,62
2025-12-14 01:43:42.220172,1,1,1,19,62
2025-12-14 01:43:45.078485,1,1,1,20,62
2025-12-14 01:43:47.896031,1,1,1,20,62
2025-12-14 01:43:51.763706,1,1,1,19,62
2025-12-14 01:43:55.058444,1,1,1,18,65
2025-12-14 01:43:59.369203,1,1,2,18,69
2025-12-14 01:44:03.174701,1,1,2,17,66
2025-12-14 01:44:06.486378,1,1,1,18,64
2025-12-14 01:44:10.794624,1,2,1,18,64
2025-12-14 01:44:14.153599,1,1,1,20,64
2025-12-14 01:44:17.924428,1,1,2,18,64
2025-12-14 01:44:21.773800,1,1,1,18,63
2025-12-14 01:44:24.683737,1,1,1,20,63
2025-12-14 01:44:27.491672,1,1,1,20,63
2025-12-14 01:44:31.367135,1,2,1,22,63
2025-12-14 01:44:34.264032,1,1,1,22,63
2025-12-14 01:44:37.070262,1,2,1,23,63
2025-12-14 01:44:41.380499,1,1,2,20,63
2025-12-14 01:44:44.243449,1,1,2,17,63
2025-12-14 01:44:47.108877,1,1,1,16,63
2025-12-14 01:44:49.958383,1,2,1,15,63
2025-12-14 01:44:52.818894,1,1,2,14,63
2025-12-14 01:44:56.179581,1,1,1,13,63
2025-12-14 01:44:59.937377,1,1,2,13,63
2025-12-14 01:45:02.850437,1,1,1,12,63
2025-12-14 01:45:06.708758,1,1,1,12,63
2025-12-14 01:45:09.518873,1,1,1,12,63
2025-12-14 01:45:13.379115,1,1,1,12,63
2025-12-14 01:45:16.286740,1,1,1,12,63
2025-12-14 01:45:19.096041,1,1,1,12,63
2025-12-14 01:45:23.058150,1,1,1,12,63
2025-12-14 01:45:26.867153,1,1,1,12,63
2025-12-14 01:45:31.276830,1,1,1,13,63
2025-12-14 01:45:34.636726,1,1,1,14,63
2025-12-14 01:45:37.396954,1,1,1,16,63
2025-12-14 01:45:40.308140,1,1,1,17,63
2025-12-14 01:45:43.718531,1,1,1,16,63
2025-12-14 01:45:46.526015,1,1,1,15,63
2025-12-14 01:45:49.437606,1,2,1,14,63
2025-12-14 01:45:52.307181,1,1,1,13,63
2025-12-14 01:45:55.116598,1,2,2,13,63
2025-12-14 01:45:58.924514,1,1,1,13,63
2025-12-14 01:46:01.828143,1,1,1,12,63
2025-12-14 01:46:05.738183,1,2,1,12,63
2025-12-14 01:46:08.547015,1,1,2,12,63
2025-12-14 01:46:11.414754,1,1,1,12,63
2025-12-14 01:46:15.268752,1,1,1,12,63
2025-12-14 01:46:18.576849,1,1,1,12,63
2025-12-14 01:46:21.388157,1,2,3,12,63
2025-12-14 01:46:24.296794,1,2,1,12,63
2025-12-14 01:46:27.154304,1,1,1,12,63
2025-12-14 01:46:29.965201,1,1,1,12,63
2025-12-14 01:46:33.824822,1,1,1,13,63
2025-12-14 01:46:37.140577,1,1,1,16,65
2025-12-14 01:46:39.944082,1,1,1,17,68
2025-12-14 01:46:42.853452,1,1,1,18,71
2025-12-14 01:46:45.763181,1,2,1,18,74
2025-12-14 01:46:48.571501,1,1,1,18,77
2025-12-14 01:46:52.380013,1,1,1,15,78
2025-12-14 01:46:56.240289,1,1,1,14,75
2025-12-14 01:46:59.749602,1,1,1,13,69
2025-12-14 01:47:02.559437,1,1,1,13,66
2025-12-14 01:47:05.469280,1,1,1,13,66
2025-12-14 01:47:09.278474,1,1,1,12,66
2025-12-14 01:47:12.590539,1,1,1,12,66
2025-12-14 01:47:16.398575,1,1,1,12,66
2025-12-14 01:47:19.306560,1,1,1,12,66
2025-12-14 01:47:22.114910,1,1,1,12,69
2025-12-14 01:47:26.928268,1,1,1,12,69
2025-12-14 01:47:30.337473,1,2,2,12,69
2025-12-14 01:47:33.698407,1,1,2,12,71
2025-12-14 01:47:36.506886,1,1,1,12,72
2025-12-14 01:47:39.366003,1,2,1,12,72
2025-12-14 01:47:42.777645,1,2,2,12,72
2025-12-14 01:47:45.583537,1,1,1,12,72
2025-12-14 01:47:49.494190,1,1,1,12,72
2025-12-14 01:47:52.353139,1,1,2,12,72
2025-12-14 01:47:55.161231,1,1,2,12,72
2025-12-14 01:47:58.977267,1,1,1,14,72
2025-12-14 01:48:01.880788,1,1,1,16,74
2025-12-14 01:48:05.791593,1,1,2,16,80
2025-12-14 01:48:08.603109,1,2,2,15,77
2025-12-14 01:48:11.511443,1,1,1,15,73
2025-12-14 01:48:15.320570,1,1,1,14,70
2025-12-14 01:48:18.230531,1,1,1,14,67
2025-12-14 01:48:21.039445,1,1,1,14,67
2025-12-14 01:48:24.900766,1,1,1,14,67
2025-12-14 01:48:27.809831,1,1,1,14,67
2025-12-14 01:48:30.618320,1,2,1,14,67
2025-12-14 01:48:34.428791,1,1,3,14,67
2025-12-14 01:48:37.847674,1,1,1,14,67
2025-12-14 01:48:41.197371,1,1,1,14,67
2025-12-14 01:48:44.008005,1,1,2,14,67
2025-12-14 01:48:46.920794,1,1,1,14,67
2025-12-14 01:48:50.279827,1,1,1,14,67
2025-12-14 01:48:54.037751,1,1,1,14,66
2025-12-14 01:48:56.997195,1,1,1,14,66
2025-12-14 01:49:00.908109,1,1,2,14,66
2025-12-14 01:49:03.816876,1,1,1,14,66
2025-12-14 01:49:06.645717,1,1,2,14,66
2025-12-14 01:49:10.434931,1,1,1,14,66
2025-12-14 01:49:14.294203,1,1,2,14,69
2025-12-14 01:49:18.054381,1,1,1,13,72
2025-12-14 01:49:20.913810,1,1,1,13,70
2025-12-14 01:49:23.823287,1,1,2,12,70
2025-12-14 01:49:26.631632,1,1,1,12,70
2025-12-14 01:49:29.492601,1,2,1,12,70
2025-12-14 01:49:33.351693,1,2,2,13,70
2025-12-14 01:49:36.661853,1,2,1,12,70
2025-12-14 01:49:39.470655,1,1,1,12,70
2025-12-14 01:49:42.380761,1,1,1,12,71
2025-12-14 01:49:45.239541,1,1,1,12,71
2025-12-14 01:49:48.048531,1,2,1,12,71
2025-12-14 01:49:51.917451,1,2,2,12,72
2025-12-14 01:49:55.219780,1,1,1,12,73
2025-12-14 01:49:58.033353,1,1,1,12,76
2025-12-14 01:50:00.937689,1,2,1,12,76
2025-12-14 01:50:03.850175,1,2,1,12,76
2025-12-14 01:50:06.661552,1,1,1,12,76
2025-12-14 01:50:10.471150,1,1,1,12,76
2025-12-14 01:50:14.332046,1,2,1,12,76
2025-12-14 01:50:17.836908,1,1,1,12,76
2025-12-14 01:50:20.647188,1,1,2,12,76
2025-12-14 01:50:23.511803,1,1,1,13,79
2025-12-14 01:50:27.369606,1,1,1,15,79
2025-12-14 01:50:30.678365,1,2,2,16,79
2025-12-14 01:50:34.485621,1,1,1,19,79
2025-12-14 01:50:37.396536,1,1,1,20,79
2025-12-14 01:50:40.212747,1,2,1,20,79
2025-12-14 01:50:44.117774,1,2,1,21,81
2025-12-14 01:50:46.975996,1,1,2,22,81
2025-12-14 01:50:50.339317,1,1,1,21,81
2025-12-14 01:50:54.096780,1,1,1,19,81
2025-12-14 01:50:57.904787,1,1,1,18,81
2025-12-14 01:51:01.213862,1,1,1,16,81
2025-12-14 01:51:05.025309,1,2,2,15,81
2025-12-14 01:51:09.383254,1,2,2,15,81
2025-12-14 01:51:12.692933,1,2,1,14,77
2025-12-14 01:51:17.002611,1,1,1,14,71
2025-12-14 01:51:20.961050,1,1,1,14,65
2025-12-14 01:51:23.873489,1,1,1,14,62
2025-12-14 01:51:26.682304,1,1,1,14,62
2025-12-14 01:51:29.545214,1,1,1,14,62
2025-12-14 01:51:32.905109,1,1,1,14,62
2025-12-14 01:51:35.713233,1,1,1,14,62
2025-12-14 01:51:38.523304,1,1,1,14,62
2025-12-14 01:51:42.430324,1,1,1,14,62
2025-12-14 01:51:45.290327,1,1,1,14,62
2025-12-14 01:51:48.150681,1,1,2,14,62
2025-12-14 01:51:51.960523,1,2,2,14,62
2025-12-14 01:51:55.271755,1,1,1,14,62
2025-12-14 01:51:58.730050,1,1,1,14,62
2025-12-14 01:52:01.589089,1,2,1,14,62
2025-12-14 01:52:04.449947,1,1,1,14,62
2025-12-14 01:52:07.261549,1,1,1,14,62
2025-12-14 01:52:11.067682,1,1,1,14,62
2025-12-14 01:52:15.431296,1,2,1,14,62
2025-12-14 01:52:18.337987,1,1,1,14,62
2025-12-14 01:52:21.096082,1,2,1,14,62
2025-12-14 01:52:25.006834,1,2,1,14,62
2025-12-14 01:52:27.916300,1,1,1,14,62
2025-12-14 01:52:30.728840,1,1,1,14,62
2025-12-14 01:52:35.043556,1,2,1,14,62
2025-12-14 01:52:39.997324,1,1,1,13,62
2025-12-14 01:52:42.906786,1,1,1,12,62
2025-12-14 01:52:45.716802,1,2,1,12,62
2025-12-14 01:52:49.624795,1,1,1,12,62
2025-12-14 01:52:52.487730,1,1,1,13,62
2025-12-14 01:52:55.292585,1,1,1,13,62
2025-12-14 01:52:59.254610,1,1,1,13,62
2025-12-14 01:53:03.064207,1,1,1,13,62
2025-12-14 01:53:06.925224,1,1,2,13,62
2025-12-14 01:53:09.732863,1,1,1,13,62
2025-12-14 01:53:13.593667,1,1,1,13,62
2025-12-14 01:53:16.508807,1,2,2,13,62
2025-12-14 01:53:21.470095,1,2,2,13,62
2025-12-14 01:53:24.326289,1,1,1,13,62
2025-12-14 01:53:27.184654,1,1,1,13,63
2025-12-14 01:53:32.002088,1,2,1,13,64
2025-12-14 01:53:35.356264,1,1,1,13,65
2025-12-14 01:53:38.166269,1,1,1,13,65
2025-12-14 01:53:41.025475,1,1,1,13,65
2025-12-14 01:53:44.406160,1,2,1,13,65
2025-12-14 01:53:48.144561,1,2,1,13,69
2025-12-14 01:53:52.004922,1,1,1,13,69
2025-12-14 01:53:55.313918,1,1,1,13,69
2025-12-14 01:53:59.677900,1,1,1,13,73
2025-12-14 01:54:03.985654,1,1,3,13,76
2025-12-14 01:54:07.295764,1,1,1,13,76
2025-12-14 01:54:11.107967,1,1,1,13,76
2025-12-14 01:54:15.465968,1,1,1,13,76
2025-12-14 01:54:18.781775,1,1,1,13,76
2025-12-14 01:54:23.085236,1,1,1,13,76
2025-12-14 01:54:27.044404,1,1,1,13,76
2025-12-14 01:54:30.455876,1,1,1,13,76
2025-12-14 01:54:33.764158,1,1,2,13,76
2025-12-14 01:54:37.623285,1,1,1,13,76
2025-12-14 01:54:40.536011,1,1,1,13,76
2025-12-14 01:54:43.341543,1,1,1,13,76
2025-12-14 01:54:47.199426,1,2,2,13,76
2025-12-14 01:54:50.062178,1,1,1,13,76
2025-12-14 01:54:53.970309,1,1,1,13,76
2025-12-14 01:54:56.789724,1,2,1,13,76
2025-12-14 01:54:59.639241,1,1,1,13,76
2025-12-14 01:55:03.497205,1,1,1,13,76
2025-12-14 01:55:08.558665,1,1,1,13,72
2025-12-14 01:55:11.972317,1,1,1,13,69
2025-12-14 01:55:14.779186,1,1,1,13,66
2025-12-14 01:55:17.688242,1,1,1,12,65
2025-12-14 01:55:21.499921,1,1,1,12,65
2025-12-14 01:55:24.809792,1,1,1,12,65
2025-12-14 01:55:28.169387,1,2,1,12,65
2025-12-14 01:55:32.081389,1,2,1,12,65
2025-12-14 01:55:35.991177,1,1,1,12,65
2025-12-14 01:55:38.808867,1,2,1,12,65
2025-12-14 01:55:41.709134,1,1,1,12,65
2025-12-14 01:55:45.525006,1,2,2,12,65
2025-12-14 01:55:48.430858,1,1,1,13,65
2025-12-14 01:55:51.185265,1,1,2,13,65
2025-12-14 01:55:55.096422,1,2,1,13,65
2025-12-14 01:55:58.008892,1,2,1,13,65
2025-12-14 01:56:00.819862,1,2,2,13,65
2025-12-14 01:56:05.124737,1,1,1,13,65
2025-12-14 01:56:10.092387,1,1,2,13,65
2025-12-14 01:56:12.997352,1,1,1,13,65
2025-12-14 01:56:15.805580,1,2,1,13,65
2025-12-14 01:56:19.664304,1,1,1,13,65
2025-12-14 01:56:22.578626,1,1,1,13,65
2025-12-14 01:56:25.385612,1,1,1,13,65
2025-12-14 01:56:28.846193,1,1,2,13,65
2025-12-14 01:56:31.655131,1,1,1,13,65
2025-12-14 01:56:34.566249,1,1,1,12,63
2025-12-14 01:56:37.375007,1,2,1,12,63
2025-12-14 01:56:41.685057,1,1,2,12,62
2025-12-14 01:56:45.544568,1,1,1,12,62
2025-12-14 01:56:48.453802,1,1,1,12,62
2025-12-14 01:56:51.264535,1,1,5,12,62
2025-12-14 01:56:55.129213,1,1,1,12,62
2025-12-14 01:56:58.036780,1,1,2,12,62
2025-12-14 01:57:00.846865,1,1,1,12,62
2025-12-14 01:57:04.655622,1,1,1,12,62
2025-12-14 01:57:07.564149,1,2,2,13,62
2025-12-14 01:57:10.375606,1,1,1,13,62
2025-12-14 01:57:15.186314,1,1,1,13,62
2025-12-14 01:57:18.597585,1,1,1,13,62
2025-12-14 01:57:21.458517,1,2,2,13,62
2025-12-14 01:57:24.266101,1,1,2,13,62
2025-12-14 01:57:28.076493,1,1,1,13,62
2025-12-14 01:57:31.385055,1,1,1,13,62
2025-12-14 01:57:35.195265,1,2,1,13,62
2025-12-14 01:57:39.055848,1,1,1,13,62
2025-12-14 01:57:41.865181,1,1,2,13,62
2025-12-14 01:57:44.726155,1,1,1,13,62
2025-12-14 01:57:49.131506,1,1,2,13,62
2025-12-14 01:57:52.040392,1,1,1,13,62
2025-12-14 01:57:54.850935,1,1,2,13,64
2025-12-14 01:57:59.160282,1,1,1,13,65
2025-12-14 01:58:02.521631,1,1,1,13,65
2025-12-14 01:58:06.279543,1,1,1,13,65
2025-12-14 01:58:09.188446,1,1,1,13,65
2025-12-14 01:58:12.598447,1,1,2,13,65
2025-12-14 01:58:15.459768,1,1,1,13,65
2025-12-14 01:58:18.336266,1,1,3,13,65
2025-12-14 01:58:22.131688,1,1,2,13,65
2025-12-14 01:58:25.435506,1,1,2,13,65
2025-12-14 01:58:29.290392,1,1,1,13,65
2025-12-14 01:58:32.156480,1,2,1,14,66
2025-12-14 01:58:36.065473,1,1,2,15,70
2025-12-14 01:58:38.874610,1,1,1,14,70
2025-12-14 01:58:41.749003,1,1,1,14,70
2025-12-14 01:58:45.593944,1,2,2,14,70
2025-12-14 01:58:48.904764,1,1,1,14,70
2025-12-14 01:58:51.764240,1,1,1,14,70
2025-12-14 01:58:54.650814,1,1,1,14,70
2025-12-14 01:58:57.487288,1,2,2,14,70
2025-12-14 01:59:00.341848,1,1,1,14,70
2025-12-14 01:59:04.157093,1,1,1,14,70
2025-12-14 01:59:07.511165,1,1,1,14,70
2025-12-14 01:59:10.271119,1,1,1,14,72
2025-12-14 01:59:13.182099,1,1,1,14,75
2025-12-14 01:59:16.093154,1,1,1,14,74
2025-12-14 01:59:18.897848,1,2,1,14,71
2025-12-14 01:59:22.709281,1,2,1,14,72
2025-12-14 01:59:26.568743,1,1,1,14,74
2025-12-14 01:59:29.877296,1,1,1,14,74
2025-12-14 01:59:32.738478,1,2,2,14,75
2025-12-14 01:59:36.653303,1,2,1,14,78
2025-12-14 01:59:39.507785,1,1,1,14,78
2025-12-14 01:59:42.317486,1,2,1,14,76
2025-12-14 01:59:46.178178,1,1,1,14,73
2025-12-14 01:59:49.084942,1,1,1,14,71
2025-12-14 01:59:51.894968,1,1,1,14,71
2025-12-14 01:59:55.755592,1,1,1,14,71
2025-12-14 01:59:58.667163,1,2,1,14,71
2025-12-14 02:00:01.472834,1,1,1,13,71
2025-12-14 02:00:05.284174,1,2,1,13,71
2025-12-14 02:00:08.197908,1,2,2,12,71
2025-12-14 02:00:12.104838,1,1,1,12,69
2025-12-14 02:00:14.913428,1,1,1,12,69
2025-12-14 02:00:17.776117,1,1,2,12,69
2025-12-14 02:00:21.639336,1,1,1,12,69
2025-12-14 02:00:24.944252,1,1,1,12,66
2025-12-14 02:00:28.301309,1,2,1,12,66
2025-12-14 02:00:31.250503,1,1,1,12,66
2025-12-14 02:00:34.123855,1,1,1,12,66
2025-12-14 02:00:36.929535,1,1,1,12,64
2025-12-14 02:00:41.238531,1,1,2,12,64
2025-12-14 02:00:44.599092,1,1,1,12,64
2025-12-14 02:00:48.357451,1,1,1,12,63
2025-12-14 02:00:52.167772,1,2,1,12,63
2025-12-14 02:00:55.478074,1,1,1,12,63
2025-12-14 02:00:59.295852,1,2,1,12,63
2025-12-14 02:01:03.645971,1,1,2,12,63
2025-12-14 02:01:06.955217,1,1,1,12,63
2025-12-14 02:01:11.265594,1,1,1,12,63
2025-12-14 02:01:15.633225,1,1,1,12,63
2025-12-14 02:01:18.933117,1,1,1,12,63
2025-12-14 02:01:22.744119,1,1,1,12,63
2025-12-14 02:01:26.605351,1,1,2,13,63
2025-12-14 02:01:30.362424,1,1,1,15,67
2025-12-14 02:01:34.227281,1,1,1,17,70
2025-12-14 02:01:37.133382,1,1,1,15,73
2025-12-14 02:01:39.941751,1,1,1,15,73
2025-12-14 02:01:43.860398,1,1,1,14,70
2025-12-14 02:01:46.710576,1,1,1,13,67
2025-12-14 02:01:49.536516,1,2,2,13,64
2025-12-14 02:01:53.329809,1,1,1,12,64
2025-12-14 02:01:57.143963,1,1,1,12,64
2025-12-14 02:01:59.950100,1,2,1,12,64
2025-12-14 02:02:02.812173,1,1,2,12,64
2025-12-14 02:02:06.725703,1,1,1,12,64
2025-12-14 02:02:09.578893,1,1,1,12,64
2025-12-14 02:02:12.388708,1,1,1,12,64
2025-12-14 02:02:15.297803,1,1,1,12,64
2025-12-14 02:02:18.711293,1,1,1,12,64
2025-12-14 02:02:21.568119,1,2,1,12,64
2025-12-14 02:02:24.376524,1,1,1,12,64
2025-12-14 02:02:27.289603,1,2,1,12,64
2025-12-14 02:02:30.199305,1,1,1,12,64
2025-12-14 02:02:33.560270,1,1,1,12,64
2025-12-14 02:02:36.367323,1,1,1,12,64
2025-12-14 02:02:40.229779,1,2,2,12,64
2025-12-14 02:02:43.540494,1,1,1,12,64
2025-12-14 02:02:47.347189,1,2,1,12,64
2025-12-14 02:02:51.709516,1,1,1,12,64
2025-12-14 02:02:54.617520,1,1,1,12,64
2025-12-14 02:02:57.373723,1,1,1,12,64
2025-12-14 02:03:01.284666,1,1,2,13,64
2025-12-14 02:03:04.202184,1,1,1,13,64
2025-12-14 02:03:07.003839,1,1,1,13,64
2025-12-14 02:03:11.314321,1,2,1,13,64
2025-12-14 02:03:16.275268,1,1,1,13,63
2025-12-14 02:03:19.191772,1,1,1,13,63
2025-12-14 02:03:21.995263,1,1,1,13,63
2025-12-14 02:03:25.852724,1,2,1,13,63
2025-12-14 02:03:28.761625,1,1,1,13,63
2025-12-14 02:03:31.572117,1,1,1,13,63
2025-12-14 02:03:35.034372,1,1,2,13,63
2025-12-14 02:03:37.841400,1,1,1,13,63
2025-12-14 02:03:40.751387,1,1,1,13,63
2025-12-14 02:03:43.561276,1,1,2,13,63
2025-12-14 02:03:47.926966,1,1,1,13,63
2025-12-14 02:03:51.731381,1,1,1,13,63
2025-12-14 02:03:54.638783,1,1,1,13,63
2025-12-14 02:03:57.399458,1,1,1,13,63
2025-12-14 02:04:01.308827,1,1,2,13,63
2025-12-14 02:04:04.217784,1,1,2,13,63
2025-12-14 02:04:07.026192,1,1,1,13,63
2025-12-14 02:04:10.833354,1,1,1,13,63
2025-12-14 02:04:14.693720,1,2,2,13,63
2025-12-14 02:04:18.203759,1,1,1,13,63
2025-12-14 02:04:21.019052,1,1,1,13,63
2025-12-14 02:04:23.874368,1,2,3,13,63
2025-12-14 02:04:27.736327,1,1,1,15,64
2025-12-14 02:04:31.045127,1,1,1,16,67
2025-12-14 02:04:35.354201,1,1,1,16,70
2025-12-14 02:04:39.715552,1,1,1,15,69
2025-12-14 02:04:43.030045,1,1,1,15,69
2025-12-14 02:04:46.841499,1,2,1,14,69
2025-12-14 02:04:50.691757,1,2,1,14,69
2025-12-14 02:04:54.455032,1,2,1,14,69
2025-12-14 02:04:58.310478,1,1,1,14,69
2025-12-14 02:05:01.620024,1,1,1,14,69
2025-12-14 02:05:04.428505,1,1,1,14,69
2025-12-14 02:05:07.340794,1,1,2,14,69
2025-12-14 02:05:10.247338,1,1,2,14,69
2025-12-14 02:05:13.056792,1,2,1,14,68
2025-12-14 02:05:16.869549,1,2,42,14,65
2025-12-14 02:05:20.275503,1,2,7,13,65
2025-12-14 02:05:23.634766,1,2,9,13,69
2025-12-14 02:05:27.046560,1,2,20,13,72
2025-12-14 02:05:30.456071,1,2,4,13,75
2025-12-14 02:05:33.825726,1,2,5,13,73
2025-12-14 02:05:36.677236,1,2,4,13,70
2025-12-14 02:05:40.586413,1,2,1,17,67
2025-12-14 02:05:44.448501,1,1,1,18,66
2025-12-14 02:05:47.356203,1,2,1,18,66
2025-12-14 02:05:50.717732,1,1,3,18,66
2025-12-14 02:05:54.476155,1,2,4,19,66
2025-12-14 02:05:58.337399,1,1,1,19,67
2025-12-14 02:06:01.645426,1,2,1,18,70
2025-12-14 02:06:04.506530,1,2,2,18,73
2025-12-14 02:06:07.365564,1,2,1,17,76
2025-12-14 02:06:10.280692,1,1,3,17,77
2025-12-14 02:06:13.087751,1,1,1,17,77
2025-12-14 02:06:16.901824,1,1,1,17,79
2025-12-14 02:06:20.355279,1,1,1,17,80
2025-12-14 02:06:24.270990,1,1,2,17,80
2025-12-14 02:06:27.583449,1,2,1,17,80
2025-12-14 02:06:30.385282,1,1,1,16,78
2025-12-14 02:06:33.292782,1,1,4,16,78
2025-12-14 02:06:36.604026,1,1,1,15,78
2025-12-14 02:06:40.464481,1,2,1,15,77
2025-12-14 02:06:43.375246,1,2,1,15,77
2025-12-14 02:06:46.686063,1,2,1,15,77
2025-12-14 02:06:49.504395,1,2,1,15,77
2025-12-14 02:06:52.406130,1,1,1,15,77
2025-12-14 02:06:55.315442,1,2,3,15,77
2025-12-14 02:06:58.624561,1,2,7,15,77
2025-12-14 02:07:02.484458,1,2,10,15,77
2025-12-14 02:07:05.394377,1,2,14,14,77
2025-12-14 02:07:08.754819,1,2,5,16,76
2025-12-14 02:07:12.513581,1,2,25,15,74
2025-12-14 02:07:16.375312,1,2,12,15,74
2025-12-14 02:07:19.284465,1,1,12,16,74
2025-12-14 02:07:22.094282,1,2,1,16,74
2025-12-14 02:07:25.955537,1,2,3,19,74
2025-12-14 02:07:28.867007,1,1,1,19,75
2025-12-14 02:07:31.675595,1,1,1,19,73
2025-12-14 02:07:35.485005,1,2,1,20,72
2025-12-14 02:07:38.397644,1,1,1,20,72
2025-12-14 02:07:42.308943,1,2,1,20,72
2025-12-14 02:07:45.117914,1,2,5,20,72
2025-12-14 02:07:47.977686,1,1,1,20,72
2025-12-14 02:07:51.842659,1,2,6,20,72
2025-12-14 02:07:54.747226,1,2,3,20,72
2025-12-14 02:07:57.508246,1,1,2,20,72
2025-12-14 02:08:01.419360,1,2,1,20,72
2025-12-14 02:08:04.327590,1,2,1,20,72
2025-12-14 02:08:07.136464,1,2,7,20,72
2025-12-14 02:08:10.945279,1,1,4,19,72
2025-12-14 02:08:13.856721,1,2,3,17,72
2025-12-14 02:08:16.662947,1,2,7,16,74
2025-12-14 02:08:21.975740,1,2,1,15,80
2025-12-14 02:08:24.885510,1,2,2,15,83
2025-12-14 02:08:27.745191,1,2,13,15,86
2025-12-14 02:08:30.556634,1,2,6,15,88
2025-12-14 02:08:33.415627,1,1,5,15,88
2025-12-14 02:08:36.326486,1,2,2,15,88
2025-12-14 02:08:39.134667,1,2,1,15,88
2025-12-14 02:08:41.998121,1,2,8,15,83
2025-12-14 02:08:45.855002,1,2,1,15,80
2025-12-14 02:08:49.168259,1,2,20,15,77
2025-12-14 02:08:51.973489,1,2,8,15,74
2025-12-14 02:08:54.882489,1,2,14,15,74
2025-12-14 02:08:57.742764,1,2,5,15,74
2025-12-14 02:09:00.552177,1,1,1,15,74
2025-12-14 02:09:04.412398,1,2,2,15,74
2025-12-14 02:09:07.725115,1,1,1,15,74
2025-12-14 02:09:10.535911,1,1,3,15,74
2025-12-14 02:09:13.441696,1,1,1,15,74
2025-12-14 02:09:16.351390,1,1,4,15,74
2025-12-14 02:09:19.159109,1,2,1,15,74
2025-12-14 02:09:23.018318,1,1,1,15,74
2025-12-14 02:09:25.935958,1,1,1,15,74
2025-12-14 02:09:29.391751,1,2,3,17,74
2025-12-14 02:09:32.158321,1,1,1,18,74
2025-12-14 02:09:35.058422,1,2,7,19,71
2025-12-14 02:09:37.916505,1,1,1,20,68
2025-12-14 02:09:40.727550,1,2,6,21,65
2025-12-14 02:09:44.586835,1,1,1,21,67
2025-12-14 02:09:47.447298,1,2,5,21,70
2025-12-14 02:09:50.814806,1,1,1,21,73
2025-12-14 02:09:54.565382,1,2,1,20,79
2025-12-14 02:09:58.429837,1,2,4,20,82
2025-12-14 02:10:01.734909,1,1,2,16,85
2025-12-14 02:10:05.544298,1,1,1,14,88
2025-12-14 02:10:09.365374,1,2,1,13,88
2025-12-14 02:10:12.165674,1,1,4,12,88
2025-12-14 02:10:15.025082,1,1,2,11,88
2025-12-14 02:10:18.943635,1,2,7,11,88
2025-12-14 02:10:21.799625,1,1,1,11,84
2025-12-14 02:10:24.655714,1,2,1,11,81
2025-12-14 02:10:27.468782,1,2,1,11,78
2025-12-14 02:10:30.380074,1,1,1,11,77
2025-12-14 02:10:33.190350,1,1,1,11,77
2025-12-14 02:10:36.102133,1,2,2,11,77
2025-12-14 02:10:39.906786,1,1,4,11,77
2025-12-14 02:10:43.917818,1,2,2,11,77
2025-12-14 02:10:46.728429,1,1,1,11,77
2025-12-14 02:10:50.589477,1,2,1,11,77
2025-12-14 02:10:53.509556,1,2,5,11,77
2025-12-14 02:10:56.859224,1,1,1,11,77
2025-12-14 02:11:00.617409,1,1,1,12,77
2025-12-14 02:11:03.525920,1,1,1,12,77
2025-12-14 02:11:06.938846,1,1,1,12,77
2025-12-14 02:11:09.795302,1,2,5,13,77
2025-12-14 02:11:12.659519,1,1,1,13,77
2025-12-14 02:11:16.464010,1,2,1,13,77
2025-12-14 02:11:19.775506,1,2,5,13,77
2025-12-14 02:11:25.337503,1,2,1,13,81
2025-12-14 02:11:28.595555,1,2,1,13,82
2025-12-14 02:11:31.506963,1,2,1,13,82
2025-12-14 02:11:34.417039,1,1,1,13,82
2025-12-14 02:11:37.225570,1,2,1,13,82
2025-12-14 02:11:41.538309,1,2,1,13,82
2025-12-14 02:11:45.396638,1,2,4,13,82
2025-12-14 02:11:48.206353,1,1,4,13,82
2025-12-14 02:11:51.065733,1,2,5,13,82
2025-12-14 02:11:54.975371,1,2,4,13,85
2025-12-14 02:11:57.842190,1,1,1,12,88
2025-12-14 02:12:00.646106,1,2,1,12,88
2025-12-14 02:12:03.506118,1,2,4,12,88
2025-12-14 02:12:06.418056,1,1,1,12,88
2025-12-14 02:12:09.235949,1,2,1,12,88
2025-12-14 02:12:12.149764,1,2,5,12,88
2025-12-14 02:12:15.957582,1,1,1,12,88
2025-12-14 02:12:19.253936,1,2,1,12,88
2025-12-14 02:12:22.072013,1,2,5,12,88
2025-12-14 02:12:24.974163,1,1,1,12,88
2025-12-14 02:12:27.834631,1,2,1,12,88
2025-12-14 02:12:30.692725,1,1,1,12,88
2025-12-14 02:12:34.503830,1,2,2,12,88
2025-12-14 02:12:37.812825,1,1,2,12,88
2025-12-14 02:12:40.621259,1,1,1,12,88
2025-12-14 02:12:43.540269,1,2,6,12,84
2025-12-14 02:12:46.441474,1,1,1,11,80
2025-12-14 02:12:49.251547,1,1,2,11,75
2025-12-14 02:12:53.560761,1,1,6,11,72
2025-12-14 02:12:56.922120,1,1,1,11,71
2025-12-14 02:13:00.433765,1,1,1,11,71
2025-12-14 02:13:03.240816,1,2,5,11,71
2025-12-14 02:13:06.150201,1,1,1,11,71
2025-12-14 02:13:09.959811,1,2,4,11,71
2025-12-14 02:13:13.275027,1,2,7,11,71
2025-12-14 02:13:17.079601,1,1,4,11,71
2025-12-14 02:13:19.997292,1,1,1,11,68
2025-12-14 02:13:22.798193,1,1,3,11,65
2025-12-14 02:13:26.707207,1,1,1,11,68
2025-12-14 02:13:29.573128,1,2,1,11,70
2025-12-14 02:13:32.928871,1,1,1,11,67
2025-12-14 02:13:36.687182,1,1,2,11,67
2025-12-14 02:13:39.551123,1,1,1,12,70
2025-12-14 02:13:42.471007,1,1,1,15,70
2025-12-14 02:13:45.267580,1,1,1,17,73
2025-12-14 02:13:48.177361,1,1,1,16,76
2025-12-14 02:13:51.988998,1,1,2,15,79
2025-12-14 02:13:55.304747,1,2,4,15,82
2025-12-14 02:13:58.157494,1,1,1,14,83
2025-12-14 02:14:01.025609,1,2,4,14,80
2025-12-14 02:14:03.882685,1,1,1,13,79
2025-12-14 02:14:06.689069,1,2,1,13,79
2025-12-14 02:14:10.546426,1,1,6,12,78
2025-12-14 02:14:13.856308,1,1,1,12,76
2025-12-14 02:14:16.664837,1,2,1,12,76
2025-12-14 02:14:19.578495,1,2,1,12,74
2025-12-14 02:14:22.488193,1,1,1,12,71
2025-12-14 02:14:25.297258,1,1,1,12,70
2025-12-14 02:14:29.107214,1,1,4,15,70
2025-12-14 02:14:34.445715,1,1,1,17,70
2025-12-14 02:14:35.877549,1,2,1,19,70
2025-12-14 02:14:38.689803,1,1,2,20,70
2025-12-14 02:14:41.600027,1,1,1,21,70
2025-12-14 02:14:44.958286,1,1,2,22,70
2025-12-14 02:14:48.767920,1,2,1,22,70
2025-12-14 02:14:51.631060,1,1,1,23,70
2025-12-14 02:14:55.536611,1,2,1,23,70
2025-12-14 02:14:58.845523,1,1,2,23,70
2025-12-14 02:15:04.207214,1,2,1,23,70
2025-12-14 02:15:07.069322,1,1,1,23,70
2025-12-14 02:15:09.927947,1,2,5,23,70
2025-12-14 02:15:13.837549,1,2,1,23,70
2025-12-14 02:15:17.647252,1,1,4,23,70
2025-12-14 02:15:21.511001,1,1,1,23,70
2025-12-14 02:15:24.326151,1,1,1,23,70
2025-12-14 02:15:27.181311,1,1,1,23,70
2025-12-14 02:15:31.090891,1,2,1,23,70
2025-12-14 02:15:34.510513,1,2,1,23,70
2025-12-14 02:15:37.309215,1,2,2,23,70
2025-12-14 02:15:41.117308,1,1,1,23,71
2025-12-14 02:15:44.983281,1,1,1,23,72
2025-12-14 02:15:48.737878,1,2,1,23,72
2025-12-14 02:15:52.600580,1,2,4,23,72
2025-12-14 02:15:55.509330,1,1,2,19,72
2025-12-14 02:15:58.318482,1,1,1,19,72
2025-12-14 02:16:02.225842,1,1,1,21,72
2025-12-14 02:16:05.086419,1,1,1,20,72
2025-12-14 02:16:07.895606,1,1,1,20,72
2025-12-14 02:16:11.707757,1,2,1,18,72
2025-12-14 02:16:14.618444,1,2,1,19,72
2025-12-14 02:16:17.930487,1,1,1,19,72
2025-12-14 02:16:21.338429,1,1,1,20,70
2025-12-14 02:16:24.198227,1,1,1,21,69
2025-12-14 02:16:28.059691,1,1,1,21,69
2025-12-14 02:16:32.071656,1,1,1,17,69
2025-12-14 02:16:34.882357,1,2,6,16,69
2025-12-14 02:16:38.788973,1,2,4,18,70
2025-12-14 02:16:41.650115,1,1,1,19,73
2025-12-14 02:16:45.009865,1,2,1,18,76
2025-12-14 02:16:48.767818,1,2,4,18,78
2025-12-14 02:16:51.688291,1,1,5,18,78
2025-12-14 02:16:55.589563,1,1,3,16,78
2025-12-14 02:16:58.898297,1,2,1,17,78
2025-12-14 02:17:03.718614,1,2,1,18,76
2025-12-14 02:17:07.575257,1,2,1,20,76
2025-12-14 02:17:10.380725,1,1,3,20,76
2025-12-14 02:17:13.241604,1,1,1,20,76
2025-12-14 02:17:16.099653,1,1,2,21,76
2025-12-14 02:17:18.966671,1,1,1,21,76
2025-12-14 02:17:21.820909,1,2,1,22,76
2025-12-14 02:17:25.681445,1,2,1,23,76
2025-12-14 02:17:28.591963,1,1,4,23,76
2025-12-14 02:17:31.901025,1,1,1,23,76
2025-12-14 02:17:36.210782,1,1,1,23,76
2025-12-14 02:17:40.073178,1,2,2,23,76
2025-12-14 02:17:43.383207,1,1,1,24,76
2025-12-14 02:17:47.694740,1,2,1,24,76
2025-12-14 02:17:51.051294,1,2,3,24,75
2025-12-14 02:17:54.562014,1,2,4,24,72
2025-12-14 02:17:57.369810,1,1,5,24,72
2025-12-14 02:18:00.231574,1,1,1,24,72
2025-12-14 02:18:04.097373,1,2,5,24,72
2025-12-14 02:18:07.401452,1,1,1,24,72
2025-12-14 02:18:11.711285,1,1,1,24,72
2025-12-14 02:18:16.082085,1,1,1,24,75
2025-12-14 02:18:19.378907,1,1,1,24,75
2025-12-14 02:18:23.188436,1,2,4,20,75
2025-12-14 02:18:27.049846,1,2,2,20,75
2025-12-14 02:18:29.872533,1,1,1,21,75
2025-12-14 02:18:32.719635,1,2,1,21,75
2025-12-14 02:18:36.128306,1,2,5,22,75
2025-12-14 02:18:38.986733,1,1,1,22,75
2025-12-14 02:18:41.850130,1,2,6,23,75
2025-12-14 02:18:44.709898,1,2,2,23,75
2025-12-14 02:18:48.618621,1,2,4,23,75
2025-12-14 02:18:51.424093,1,2,14,23,77
2025-12-14 02:18:54.235490,1,2,13,23,80
2025-12-14 02:18:58.098100,1,2,2,24,82
2025-12-14 02:19:01.403050,1,1,1,24,82
2025-12-14 02:19:05.715229,1,1,1,24,82
2025-12-14 02:19:09.079972,1,2,1,24,82
2025-12-14 02:19:12.885014,1,2,1,22,82
2025-12-14 02:19:15.692781,1,2,1,21,82
2025-12-14 02:19:18.605823,1,1,2,19,82
2025-12-14 02:19:21.411914,1,1,2,18,82
2025-12-14 02:19:24.272251,1,1,1,17,82
2025-12-14 02:19:28.132118,1,2,5,17,82
2025-12-14 02:19:31.441959,1,2,13,17,82
2025-12-14 02:19:34.801408,1,2,29,16,83
2025-12-14 02:19:37.710075,1,2,60,23,86
2025-12-14 02:19:40.622785,1,2,21,23,100
2025-12-14 02:19:43.459766,1,1,1,23,100
2025-12-14 02:19:47.238671,1,2,2,23,100
2025-12-14 02:19:51.099031,1,1,2,23,100
2025-12-14 02:19:54.858366,1,1,1,23,100
2025-12-14 02:19:58.669211,1,2,3,20,100
2025-12-14 02:20:01.977149,1,1,1,17,100
2025-12-14 02:20:05.797262,1,2,1,16,99
2025-12-14 02:20:09.648455,1,2,3,18,91
2025-12-14 02:20:12.458617,1,1,1,19,89
2025-12-14 02:20:15.868173,1,2,19,20,89
2025-12-14 02:20:19.178413,1,1,4,21,89
2025-12-14 02:20:22.041744,1,1,1,22,89
2025-12-14 02:20:24.899612,1,2,16,22,89
2025-12-14 02:20:28.711241,1,1,11,23,89
2025-12-14 02:20:32.022644,1,1,1,21,89
2025-12-14 02:20:34.828248,1,2,13,22,89
2025-12-14 02:20:37.740247,1,1,1,22,89
2025-12-14 02:20:40.649749,1,2,1,22,89
2025-12-14 02:20:43.457965,1,1,7,22,89
2025-12-14 02:20:48.948802,1,2,1,22,89
2025-12-14 02:20:51.127043,1,2,1,22,89
2025-12-14 02:20:55.786438,1,2,14,19,89
2025-12-14 02:20:59.203902,1,2,8,15,89
2025-12-14 02:21:02.007301,1,1,4,14,87
2025-12-14 02:21:05.819945,1,2,1,13,87
2025-12-14 02:21:09.677921,1,1,3,12,87
2025-12-14 02:21:12.489861,1,1,9,12,87
2025-12-14 02:21:15.365972,1,2,1,11,87
2025-12-14 02:21:19.213880,1,2,12,12,87
2025-12-14 02:21:22.065425,1,2,14,15,87
2025-12-14 02:21:24.876573,1,2,1,18,86
2025-12-14 02:21:28.736303,1,2,7,17,86
2025-12-14 02:21:32.048381,1,1,7,14,86
2025-12-14 02:21:34.854814,1,2,1,15,86
2025-12-14 02:21:37.769849,1,2,9,16,86
2025-12-14 02:21:40.673646,1,1,1,17,86
2025-12-14 02:21:43.484371,1,2,3,17,86
2025-12-14 02:21:47.292389,1,2,9,20,86
2025-12-14 02:21:51.155195,1,2,3,21,86
2025-12-14 02:21:54.512672,1,2,3,22,86
2025-12-14 02:21:57.327263,1,2,11,22,86
2025-12-14 02:22:01.234177,1,2,8,23,86
2025-12-14 02:22:04.093675,1,1,1,23,86
2025-12-14 02:22:06.910093,1,2,6,21,86
2025-12-14 02:22:10.763114,1,1,3,18,86
2025-12-14 02:22:13.674445,1,1,1,15,86
2025-12-14 02:22:16.998945,1,2,7,15,86
2025-12-14 02:22:19.796286,1,1,9,13,86
2025-12-14 02:22:22.704697,1,2,1,13,86
2025-12-14 02:22:25.519227,1,2,9,13,89
2025-12-14 02:22:28.984198,1,2,3,12,90
2025-12-14 02:22:31.786906,1,2,2,12,87
2025-12-14 02:22:34.702115,1,2,7,12,86
2025-12-14 02:22:37.504683,1,2,1,12,86
2025-12-14 02:22:41.313699,1,2,6,17,86
2025-12-14 02:22:45.174217,1,2,3,19,86
2025-12-14 02:22:49.634822,1,1,10,20,86
2025-12-14 02:22:52.901275,1,1,7,19,86
2025-12-14 02:22:55.805755,1,2,1,17,86
2025-12-14 02:22:58.718499,1,2,3,15,87
2025-12-14 02:23:01.523645,1,1,9,15,88
2025-12-14 02:23:05.833190,1,1,3,13,88
2025-12-14 02:23:09.695103,1,1,1,13,88
2025-12-14 02:23:12.504418,1,2,8,13,88
2025-12-14 02:23:15.416647,1,2,1,12,88
2025-12-14 02:23:19.272608,1,2,8,12,88
2025-12-14 02:23:22.133913,1,1,6,12,88
2025-12-14 02:23:24.943027,1,2,1,12,88
2025-12-14 02:23:27.804078,1,2,3,12,88
2025-12-14 02:23:30.712286,1,1,11,12,88
2025-12-14 02:23:33.522287,1,2,1,12,88
2025-12-14 02:23:36.433045,1,2,6,12,88
2025-12-14 02:23:40.261419,1,2,1,12,88
2025-12-14 02:23:43.552751,1,1,3,12,88
2025-12-14 02:23:46.417114,1,2,12,12,88
2025-12-14 02:23:49.272694,1,2,8,12,88
2025-12-14 02:23:52.133674,1,1,1,12,88
2025-12-14 02:23:54.945563,1,2,10,12,88
2025-12-14 02:23:58.803566,1,1,1,12,88
2025-12-14 02:24:03.221674,1,2,1,12,88
2025-12-14 02:24:06.127001,1,2,11,12,88
2025-12-14 02:24:08.985051,1,1,2,12,88
2025-12-14 02:24:11.846263,1,2,1,12,88
2025-12-14 02:24:15.206443,1,2,12,12,88
2025-12-14 02:24:18.963810,1,1,1,12,88
2025-12-14 02:24:21.879434,1,2,1,12,88
2025-12-14 02:24:25.734163,1,2,8,11,88
2025-12-14 02:24:28.543955,1,1,1,11,88
2025-12-14 02:24:32.453558,1,2,2,11,88
2025-12-14 02:24:35.314429,1,1,3,11,87
2025-12-14 02:24:38.131384,1,1,1,11,87
2025-12-14 02:24:42.583338,1,2,1,11,87
2025-12-14 02:24:45.843876,1,2,1,13,85
2025-12-14 02:24:48.762051,1,1,9,16,82
2025-12-14 02:24:51.563884,1,1,1,18,83
2025-12-14 02:24:54.424965,1,2,10,19,84
2025-12-14 02:24:58.282200,1,2,1,21,84
2025-12-14 02:25:01.592844,1,2,1,21,84
2025-12-14 02:25:04.405864,1,2,9,22,84
2025-12-14 02:25:07.307909,1,1,1,22,84
2025-12-14 02:25:10.170583,1,2,9,23,84
2025-12-14 02:25:12.978604,1,1,7,23,84
2025-12-14 02:25:16.839440,1,2,1,23,84
2025-12-14 02:25:19.798790,1,2,1,23,82
2025-12-14 02:25:23.120379,1,1,9,23,79
2025-12-14 02:25:26.967202,1,2,6,23,78
2025-12-14 02:25:29.878098,1,2,1,23,79
2025-12-14 02:25:33.789852,1,2,8,23,79
2025-12-14 02:25:36.604022,1,1,1,22,78
2025-12-14 02:25:39.461745,1,2,11,23,74
2025-12-14 02:25:43.319199,1,1,1,21,71
2025-12-14 02:25:46.179685,1,1,3,19,68
2025-12-14 02:25:48.989825,1,2,9,18,65
2025-12-14 02:25:52.850874,1,1,1,16,64
2025-12-14 02:25:56.162664,1,2,1,13,64
2025-12-14 02:26:00.020059,1,2,6,13,64
2025-12-14 02:26:03.327576,1,2,1,12,64
2025-12-14 02:26:06.186422,1,1,1,12,64
2025-12-14 02:26:09.007255,1,1,6,11,64
2025-12-14 02:26:11.910888,1,1,1,11,64
2025-12-14 02:26:15.267705,1,2,4,11,64
2025-12-14 02:26:18.629373,1,2,3,11,64
2025-12-14 02:26:21.442597,1,1,2,11,64
2025-12-14 02:26:25.348290,1,1,3,11,64
2025-12-14 02:26:28.207729,1,1,2,11,64
2025-12-14 02:26:31.016480,1,2,4,11,62
2025-12-14 02:26:34.880254,1,1,6,11,62
2025-12-14 02:26:38.338870,1,1,9,11,64
2025-12-14 02:26:41.148125,1,2,1,11,64
2025-12-14 02:26:45.959412,1,2,1,12,64
2025-12-14 02:26:49.370360,1,2,3,12,64
2025-12-14 02:26:52.262232,1,2,6,12,64
2025-12-14 02:26:56.140782,1,1,3,13,64
2025-12-14 02:26:59.599043,1,1,5,13,64
2025-12-14 02:27:02.520773,1,2,2,13,64
2025-12-14 02:27:05.375377,1,2,6,13,64
2025-12-14 02:27:08.179651,1,1,1,13,64
2025-12-14 02:27:11.992489,1,2,2,13,64
2025-12-14 02:27:14.951312,1,1,4,13,64
2025-12-14 02:27:19.359624,1,1,1,13,64
2025-12-14 02:27:22.219935,1,1,1,13,64
2025-12-14 02:27:25.077447,1,2,8,13,63
2025-12-14 02:27:28.888930,1,1,6,13,63
2025-12-14 02:27:32.203417,1,1,8,12,63
2025-12-14 02:27:36.007990,1,1,5,12,63
2025-12-14 02:27:38.921558,1,1,1,12,63
2025-12-14 02:27:42.833067,1,1,1,12,63
2025-12-14 02:27:45.640531,1,2,4,12,63
2025-12-14 02:27:48.500630,1,1,1,13,63
2025-12-14 02:27:52.358596,1,1,1,12,62
2025-12-14 02:27:55.668371,1,1,1,13,62
2025-12-14 02:27:58.528125,1,2,5,13,62
2025-12-14 02:28:01.386902,1,2,4,14,62
2025-12-14 02:28:04.251017,1,1,1,14,62
2025-12-14 02:28:07.060099,1,2,5,13,62
2025-12-14 02:28:10.917760,1,1,7,13,63
2025-12-14 02:28:14.926835,1,1,7,12,63
2025-12-14 02:28:18.840997,1,2,8,12,68
2025-12-14 02:28:21.647380,1,2,10,13,68
2025-12-14 02:28:24.558939,1,2,3,12,68
2025-12-14 02:28:28.366899,1,1,1,12,67
2025-12-14 02:28:31.677461,1,2,7,11,64
2025-12-14 02:28:35.034553,1,1,5,13,64
2025-12-14 02:28:37.944830,1,2,1,13,66
2025-12-14 02:28:40.853995,1,2,3,14,68
2025-12-14 02:28:43.662897,1,2,1,14,68
2025-12-14 02:28:47.973086,1,2,1,15,71
2025-12-14 02:28:51.337710,1,1,3,15,72
2025-12-14 02:28:54.692239,1,2,8,15,72
2025-12-14 02:28:57.502323,1,1,1,15,74
2025-12-14 02:29:01.416063,1,1,2,15,77
2025-12-14 02:29:04.273225,1,2,3,15,80
2025-12-14 02:29:07.088397,1,2,1,15,83
2025-12-14 02:29:10.951562,1,2,3,15,82
2025-12-14 02:29:14.250847,1,2,3,15,79
2025-12-14 02:29:17.117107,1,2,3,14,76
2025-12-14 02:29:19.973358,1,2,4,14,77
2025-12-14 02:29:22.885093,1,1,1,14,80
2025-12-14 02:29:25.696162,1,2,6,14,83
2025-12-14 02:29:29.554713,1,2,7,14,85
2025-12-14 02:29:32.411880,1,2,5,14,85
2025-12-14 02:29:35.220502,1,2,11,14,85
2025-12-14 02:29:40.543398,1,2,6,14,85
2025-12-14 02:29:43.444366,1,2,5,14,85
2025-12-14 02:29:46.302626,1,2,4,14,85
2025-12-14 02:29:49.167713,1,2,2,16,86
2025-12-14 02:29:51.972049,1,2,7,17,89
2025-12-14 02:29:54.883338,1,2,3,18,92
2025-12-14 02:29:57.700970,1,2,1,17,92
2025-12-14 02:30:00.552069,1,2,3,16,90
2025-12-14 02:30:04.415819,1,1,1,16,85
2025-12-14 02:30:07.722199,1,2,4,15,83
2025-12-14 02:30:10.581270,1,2,6,15,83
2025-12-14 02:30:13.442689,1,2,5,15,83
2025-12-14 02:30:16.301319,1,2,6,15,83
2025-12-14 02:30:19.112795,1,1,6,14,83
2025-12-14 02:30:22.983775,1,2,1,14,83
2025-12-14 02:30:26.330148,1,2,3,14,83
2025-12-14 02:30:29.141349,1,2,3,14,83
2025-12-14 02:30:32.011335,1,2,6,14,83
2025-12-14 02:30:34.911084,1,2,8,15,83
2025-12-14 02:30:37.722472,1,2,6,15,83
2025-12-14 02:30:41.553556,1,1,9,17,83
2025-12-14 02:30:45.388316,1,1,2,17,83
2025-12-14 02:30:48.896943,1,2,7,18,83
2025-12-14 02:30:51.711049,1,1,2,18,83
2025-12-14 02:30:54.569645,1,1,2,18,83
2025-12-14 02:30:58.426982,1,2,6,18,83
2025-12-14 02:31:01.737494,1,2,2,18,83
2025-12-14 02:31:05.547388,1,2,17,17,83
2025-12-14 02:31:08.455348,1,2,16,16,83
2025-12-14 02:31:11.263085,1,2,9,16,83
2025-12-14 02:31:15.174831,1,2,2,16,83
2025-12-14 02:31:18.035049,1,2,7,16,83
2025-12-14 02:31:21.393148,1,1,1,16,83
2025-12-14 02:31:25.152840,1,1,1,15,83
2025-12-14 02:31:28.064574,1,1,1,15,83
2025-12-14 02:31:31.971461,1,2,1,15,83
2025-12-14 02:31:35.283504,1,1,4,15,83
2025-12-14 02:31:39.194031,1,1,1,15,83
2025-12-14 02:31:42.050659,1,1,1,14,83
2025-12-14 02:31:45.411498,1,1,6,13,83
2025-12-14 02:31:49.170820,1,1,1,13,83
2025-12-14 02:31:52.980984,1,1,1,13,83
2025-12-14 02:31:56.289871,1,1,4,12,83
2025-12-14 02:32:00.600476,1,2,1,14,83
2025-12-14 02:32:04.459780,1,1,1,15,83
2025-12-14 02:32:08.271974,1,1,1,14,83
2025-12-14 02:32:13.385220,1,1,3,18,83
2025-12-14 02:32:16.195881,1,1,3,19,83
2025-12-14 02:32:20.053616,1,1,1,21,83
2025-12-14 02:32:22.963569,1,1,1,18,83
2025-12-14 02:32:25.775107,1,2,1,18,83
2025-12-14 02:32:30.099982,1,1,1,19,83
2025-12-14 02:32:33.943430,1,1,1,18,83
2025-12-14 02:32:36.752315,1,2,1,17,83
2025-12-14 02:32:39.660957,1,1,5,17,83
2025-12-14 02:32:43.520254,1,2,6,16,81
2025-12-14 02:32:46.391418,1,1,1,16,81
2025-12-14 02:32:49.241832,1,2,3,16,81
2025-12-14 02:32:52.109385,1,1,5,16,81
2025-12-14 02:32:55.961868,1,2,1,15,81
2025-12-14 02:32:58.769789,1,2,1,15,82
2025-12-14 02:33:02.643699,1,2,2,15,85
2025-12-14 02:33:05.541798,1,1,1,15,88
2025-12-14 02:33:08.359920,1,1,1,16,90
2025-12-14 02:33:11.160103,1,2,1,16,90
2025-12-14 02:33:14.069902,1,2,1,17,90
2025-12-14 02:33:16.982162,1,2,2,17,86
2025-12-14 02:33:19.794479,1,2,5,17,80
2025-12-14 02:33:23.600027,1,2,1,18,77
2025-12-14 02:33:27.019876,1,2,3,18,74
2025-12-14 02:33:30.368787,1,1,6,18,73
2025-12-14 02:33:33.230276,1,2,1,18,73
2025-12-14 02:33:36.090579,1,2,1,18,73
2025-12-14 02:33:39.451308,1,1,1,18,73
2025-12-14 02:33:43.208728,1,2,3,18,68
2025-12-14 02:33:47.077525,1,1,5,18,68
2025-12-14 02:33:49.983197,1,1,3,18,68
2025-12-14 02:33:52.794746,1,1,1,18,68
2025-12-14 02:33:58.102029,1,1,4,18,68
2025-12-14 02:34:01.012326,1,1,1,18,69
2025-12-14 02:34:03.831855,1,2,1,18,72
2025-12-14 02:34:06.634812,1,2,5,19,75
2025-12-14 02:34:10.493419,1,2,6,20,78
2025-12-14 02:34:13.808800,1,2,4,20,81
2025-12-14 02:34:17.611219,1,1,1,22,84
2025-12-14 02:34:21.470869,1,1,1,22,87
2025-12-14 02:34:25.229616,1,1,1,22,89
2025-12-14 02:34:28.144396,1,2,2,21,89
2025-12-14 02:34:31.549330,1,1,1,20,89
2025-12-14 02:34:34.409547,1,1,1,19,89
2025-12-14 02:34:37.266803,1,2,8,18,89
2025-12-14 02:34:41.079838,1,2,6,17,89
2025-12-14 02:34:44.387641,1,2,8,17,89
2025-12-14 02:34:48.248826,1,2,5,17,89
2025-12-14 02:34:51.107225,1,2,10,17,89
2025-12-14 02:34:55.020797,1,2,1,17,89
2025-12-14 02:34:57.830035,1,1,4,17,89
2025-12-14 02:35:00.741162,1,1,1,17,85
2025-12-14 02:35:04.556998,1,1,1,18,79
2025-12-14 02:35:07.411505,1,1,1,19,73
2025-12-14 02:35:10.218977,1,2,1,18,69
2025-12-14 02:35:14.129902,1,2,2,18,66
2025-12-14 02:35:17.042977,1,2,1,19,63
2025-12-14 02:35:19.854550,1,2,1,19,63
2025-12-14 02:35:24.158888,1,2,1,20,63
2025-12-14 02:35:27.569617,1,1,1,21,63
2025-12-14 02:35:31.429796,1,1,1,21,63
2025-12-14 02:35:34.240423,1,1,4,21,66
2025-12-14 02:35:38.159693,1,2,1,22,69
2025-12-14 02:35:41.061043,1,2,1,22,72
2025-12-14 02:35:43.873155,1,2,4,22,75
2025-12-14 02:35:46.739628,1,1,1,22,78
2025-12-14 02:35:49.589033,1,1,2,21,81
2025-12-14 02:35:52.451324,1,2,5,20,84
2025-12-14 02:35:55.315115,1,1,2,19,87
2025-12-14 02:35:59.129107,1,1,2,19,86
2025-12-14 02:36:03.131867,1,2,1,19,81
2025-12-14 02:36:07.042775,1,1,1,19,75
2025-12-14 02:36:09.849890,1,2,1,19,72
2025-12-14 02:36:12.709687,1,2,1,19,72
2025-12-14 02:36:16.570754,1,2,6,19,72
2025-12-14 02:36:19.879734,1,2,3,19,72
2025-12-14 02:36:23.249186,1,2,1,18,72
2025-12-14 02:36:26.150022,1,2,1,18,72
2025-12-14 02:36:29.064293,1,1,1,18,72
2025-12-14 02:36:31.870011,1,1,1,18,72
2025-12-14 02:36:36.180986,1,1,6,18,72
2025-12-14 02:36:39.539356,1,2,3,18,71
2025-12-14 02:36:43.500379,1,2,1,19,69
2025-12-14 02:36:46.309127,1,1,5,20,66
2025-12-14 02:36:50.172969,1,1,1,21,64
2025-12-14 02:36:53.080620,1,2,1,21,64
2025-12-14 02:36:55.890585,1,2,1,21,64
2025-12-14 02:36:59.698121,1,2,1,21,64
2025-12-14 02:37:03.109359,1,1,3,21,64
2025-12-14 02:37:06.466581,1,2,3,21,64
2025-12-14 02:37:09.277218,1,1,6,21,64
2025-12-14 02:37:12.191303,1,1,4,21,64
2025-12-14 02:37:15.549899,1,1,3,21,63
2025-12-14 02:37:19.311991,1,2,1,21,63
2025-12-14 02:37:22.171444,1,2,1,21,63
2025-12-14 02:37:25.079082,1,1,6,21,63
2025-12-14 02:37:27.887833,1,2,3,21,63
2025-12-14 02:37:30.796620,1,2,5,21,63
2025-12-14 02:37:34.609235,1,2,3,21,63
2025-12-14 02:37:37.917441,1,2,3,21,63
2025-12-14 02:37:40.726089,1,2,2,20,63
2025-12-14 02:37:43.637021,1,1,1,20,63
2025-12-14 02:37:46.497387,1,2,5,19,65
2025-12-14 02:37:49.307506,1,1,6,19,68
2025-12-14 02:37:53.176669,1,1,3,20,70
2025-12-14 02:37:56.476538,1,1,1,20,70
2025-12-14 02:37:59.289237,1,1,2,21,70
2025-12-14 02:38:02.194935,1,1,4,21,70
2025-12-14 02:38:05.105013,1,1,3,21,70
2025-12-14 02:38:07.915705,1,2,3,21,72
2025-12-14 02:38:11.724700,1,2,2,21,74
2025-12-14 02:38:15.583634,1,1,1,21,75
2025-12-14 02:38:19.095080,1,1,1,21,81
2025-12-14 02:38:21.903906,1,1,1,21,84
2025-12-14 02:38:24.819525,1,2,7,21,87
2025-12-14 02:38:28.620656,1,1,3,21,90
2025-12-14 02:38:31.929952,1,1,4,21,90
2025-12-14 02:38:35.737966,1,2,3,21,90
2025-12-14 02:38:38.699192,1,2,2,21,90
2025-12-14 02:38:43.109049,1,2,3,21,90
2025-12-14 02:38:45.919601,1,2,1,21,90
2025-12-14 02:38:48.828118,1,2,7,21,90
2025-12-14 02:38:52.637094,1,1,2,20,90
2025-12-14 02:38:55.946215,1,2,4,19,90
2025-12-14 02:38:59.457976,1,1,7,18,90
2025-12-14 02:39:03.365284,1,2,5,17,87
2025-12-14 02:39:06.226308,1,1,2,17,84
2025-12-14 02:39:09.137419,1,2,1,16,78
2025-12-14 02:39:11.946717,1,2,1,16,74
2025-12-14 02:39:14.806784,1,2,2,16,71
2025-12-14 02:39:17.668211,1,1,1,16,72
2025-12-14 02:39:20.475923,1,2,3,16,72
2025-12-14 02:39:24.786747,1,2,1,16,72
2025-12-14 02:39:28.646990,1,1,2,15,72
2025-12-14 02:39:31.955523,1,1,3,15,72
2025-12-14 02:39:35.766210,1,1,3,15,72
2025-12-14 02:39:39.174567,1,1,3,15,72
2025-12-14 02:39:42.545856,1,2,1,15,72
2025-12-14 02:39:45.394145,1,2,6,15,72
2025-12-14 02:39:48.255262,1,1,1,15,72
2025-12-14 02:39:51.615912,1,2,1,14,72
2025-12-14 02:39:55.375033,1,2,1,14,72
2025-12-14 02:39:59.936427,1,1,2,14,72
2025-12-14 02:40:03.345929,1,2,5,14,72
2025-12-14 02:40:06.256966,1,1,2,14,72
2025-12-14 02:40:09.573439,1,1,1,14,72
2025-12-14 02:40:12.387950,1,2,1,14,72
2025-12-14 02:40:15.287777,1,1,4,14,72
2025-12-14 02:40:20.252583,1,1,2,14,72
2025-12-14 02:40:23.560853,1,1,3,15,73
2025-12-14 02:40:26.419858,1,1,1,16,76
2025-12-14 02:40:29.279940,1,2,1,15,78
2025-12-14 02:40:32.189313,1,1,5,15,78
2025-12-14 02:40:35.998476,1,1,1,14,78
2025-12-14 02:40:39.866019,1,1,1,14,78
2025-12-14 02:40:43.719120,1,2,6,14,78
2025-12-14 02:40:46.578811,1,2,3,14,78
2025-12-14 02:40:49.438636,1,1,1,14,78
2025-12-14 02:40:53.258345,1,2,1,14,78
2025-12-14 02:40:57.661960,1,2,1,16,78
2025-12-14 02:41:01.029737,1,1,1,17,78
2025-12-14 02:41:03.830323,1,2,3,16,78
2025-12-14 02:41:07.739855,1,2,2,15,78
2025-12-14 02:41:10.600855,1,1,1,15,78
2025-12-14 02:41:13.409263,1,2,1,14,78
2025-12-14 02:41:19.272187,1,2,1,14,78
2025-12-14 02:41:22.232443,1,2,2,14,78
2025-12-14 02:41:25.593080,1,2,1,14,73
2025-12-14 02:41:28.402498,1,2,1,14,70
2025-12-14 02:41:32.313643,1,2,1,14,70
2025-12-14 02:41:35.223848,1,2,1,14,71
2025-12-14 02:41:38.535724,1,2,2,15,74
2025-12-14 02:41:42.347530,1,1,1,14,77
2025-12-14 02:41:47.308022,1,2,1,14,82
2025-12-14 02:41:50.219783,1,2,1,14,82
2025-12-14 02:41:53.030538,1,2,4,14,82
2025-12-14 02:41:55.896121,1,2,5,14,85
2025-12-14 02:41:59.197008,1,2,1,15,85
2025-12-14 02:42:02.005713,1,1,5,15,85
2025-12-14 02:42:05.816267,1,2,1,15,85
2025-12-14 02:42:09.675213,1,1,1,15,85
2025-12-14 02:42:13.435085,1,1,1,15,85
2025-12-14 02:42:17.305670,1,2,1,15,85
2025-12-14 02:42:20.211055,1,2,1,15,85
2025-12-14 02:42:23.016809,1,2,5,15,85
2025-12-14 02:42:26.878337,1,1,1,15,85
2025-12-14 02:42:29.787904,1,1,1,15,85
2025-12-14 02:42:32.607005,1,2,8,15,85
2025-12-14 02:42:36.507540,1,2,1,15,85
2025-12-14 02:42:39.318267,1,2,1,15,83
2025-12-14 02:42:43.230476,1,2,2,15,77
2025-12-14 02:42:46.049614,1,2,3,15,76
2025-12-14 02:42:48.899182,1,1,3,15,76
2025-12-14 02:42:53.360668,1,1,5,15,76
2025-12-14 02:42:56.778244,1,1,2,15,76
2025-12-14 02:43:00.130800,1,1,1,15,76
2025-12-14 02:43:02.890866,1,2,2,15,76
2025-12-14 02:43:05.803226,1,2,7,15,76
2025-12-14 02:43:08.611928,1,1,1,15,76
2025-12-14 02:43:11.470564,1,2,2,15,76
2025-12-14 02:43:14.336232,1,1,6,15,76
2025-12-14 02:43:17.243598,1,1,1,15,76
2025-12-14 02:43:20.057928,1,2,3,15,76
2025-12-14 02:43:24.360632,1,1,1,14,76
2025-12-14 02:43:27.671770,1,1,1,14,82
2025-12-14 02:43:31.080545,1,2,6,14,83
2025-12-14 02:43:33.941459,1,2,1,14,83
2025-12-14 02:43:37.249628,1,1,2,14,83
2025-12-14 02:43:40.058492,1,1,1,14,83
2025-12-14 02:43:42.918488,1,2,1,14,83
2025-12-14 02:43:46.779843,1,1,1,14,83
2025-12-14 02:43:49.637287,1,1,1,14,83
2025-12-14 02:43:52.499526,1,1,3,13,83
2025-12-14 02:43:56.358712,1,1,2,12,83
2025-12-14 02:43:59.270020,1,2,1,12,84
2025-12-14 02:44:02.077799,1,1,3,12,84
2025-12-14 02:44:06.388797,1,1,1,13,84
2025-12-14 02:44:09.799427,1,1,1,13,84
2025-12-14 02:44:12.659343,1,1,1,12,84
2025-12-14 02:44:15.518878,1,2,6,12,84
2025-12-14 02:44:18.380218,1,1,3,12,82
2025-12-14 02:44:21.747208,1,1,3,12,79
2025-12-14 02:44:25.500504,1,1,1,13,79
2025-12-14 02:44:29.359505,1,2,1,14,79
2025-12-14 02:44:32.272423,1,2,3,14,79
2025-12-14 02:44:35.079714,1,1,4,14,77
2025-12-14 02:44:38.987431,1,1,1,14,77
2025-12-14 02:44:41.851702,1,1,1,14,77
2025-12-14 02:44:46.817816,1,2,5,14,77
2025-12-14 02:44:49.670893,1,2,2,14,77
2025-12-14 02:44:52.529784,1,1,1,14,77
2025-12-14 02:44:56.442847,1,1,1,14,77
2025-12-14 02:44:59.308235,1,1,2,14,77
2025-12-14 02:45:02.110736,1,1,4,14,77
2025-12-14 02:45:05.574327,1,2,1,14,77
2025-12-14 02:45:08.931064,1,1,1,14,77
2025-12-14 02:45:11.840675,1,2,4,13,77
2025-12-14 02:45:14.650054,1,2,2,13,74
2025-12-14 02:45:18.958975,1,2,1,13,72
2025-12-14 02:45:22.820085,1,1,1,13,75
2025-12-14 02:45:25.680593,1,1,1,14,78
2025-12-14 02:45:28.540339,1,2,7,14,79
2025-12-14 02:45:33.002126,1,1,4,14,79
2025-12-14 02:45:35.862394,1,2,3,14,79
2025-12-14 02:45:38.670281,1,1,1,14,79
2025-12-14 02:45:43.132962,1,1,1,14,80
2025-12-14 02:45:46.390850,1,2,3,14,80
2025-12-14 02:45:49.753681,1,1,2,14,81
2025-12-14 02:45:52.511168,1,1,1,14,81
2025-12-14 02:45:56.421689,1,2,1,14,81
2025-12-14 02:45:59.331238,1,1,1,14,81
2025-12-14 02:46:02.691677,1,1,1,15,81
2025-12-14 02:46:05.552858,1,2,5,15,81
2025-12-14 02:46:08.410268,1,1,1,15,81
2025-12-14 02:46:11.322594,1,2,1,14,81
2025-12-14 02:46:14.132858,1,2,5,14,80
2025-12-14 02:46:18.446487,1,1,1,13,79
2025-12-14 02:46:22.305947,1,1,1,13,77
2025-12-14 02:46:25.112947,1,2,3,12,75
2025-12-14 02:46:27.976405,1,1,1,12,75
2025-12-14 02:46:31.883976,1,2,3,15,75
2025-12-14 02:46:34.743109,1,2,5,17,76
2025-12-14 02:46:37.554070,1,1,1,18,76
2025-12-14 02:46:40.409923,1,2,2,20,76
2025-12-14 02:46:43.320325,1,1,1,17,76
2025-12-14 02:46:46.130315,1,2,1,15,76
2025-12-14 02:46:49.040716,1,1,1,14,77
2025-12-14 02:46:52.850118,1,1,1,13,80
2025-12-14 02:46:56.159236,1,1,1,12,82
2025-12-14 02:46:58.968135,1,1,1,12,82
2025-12-14 02:47:01.891461,1,1,4,11,82
2025-12-14 02:47:04.738612,1,1,1,11,80
2025-12-14 02:47:07.597656,1,2,3,12,79
2025-12-14 02:47:10.908445,1,1,1,15,79
2025-12-14 02:47:13.767381,1,1,4,17,79
2025-12-14 02:47:17.580286,1,1,1,19,79
2025-12-14 02:47:20.891558,1,1,1,21,78
2025-12-14 02:47:24.198116,1,2,2,21,75
2025-12-14 02:47:27.010075,1,2,2,21,72
2025-12-14 02:47:29.923981,1,1,1,19,71
2025-12-14 02:47:32.734913,1,1,1,19,71
2025-12-14 02:47:36.750154,1,2,1,19,71
2025-12-14 02:47:39.550648,1,1,6,19,71
2025-12-14 02:47:42.461792,1,1,1,17,71
2025-12-14 02:47:45.820327,1,1,1,18,71
2025-12-14 02:47:49.585799,1,1,1,19,71
2025-12-14 02:47:53.440223,1,2,1,19,71
2025-12-14 02:47:56.351427,1,2,1,20,71
2025-12-14 02:47:59.164357,1,1,1,20,70
2025-12-14 02:48:03.021106,1,1,1,17,68
2025-12-14 02:48:05.933746,1,1,1,17,65
2025-12-14 02:48:08.743554,1,2,4,18,65
2025-12-14 02:48:11.555004,1,1,3,19,67
2025-12-14 02:48:14.465340,1,1,2,19,70
2025-12-14 02:48:17.400669,1,1,1,20,73
2025-12-14 02:48:20.184323,1,1,1,20,76
2025-12-14 02:48:23.999075,1,1,1,22,79
2025-12-14 02:48:27.856908,1,1,2,21,82
2025-12-14 02:48:31.166665,1,1,4,19,88
2025-12-14 02:48:34.032618,1,1,1,18,90
2025-12-14 02:48:37.938080,1,2,5,17,90
2025-12-14 02:48:40.798238,1,2,3,17,84
2025-12-14 02:48:43.607465,1,1,2,17,78
2025-12-14 02:48:48.066747,1,2,2,17,75
2025-12-14 02:48:50.979873,1,1,1,17,75
2025-12-14 02:48:55.396560,1,1,1,17,75
2025-12-14 02:48:58.197586,1,2,1,17,75
2025-12-14 02:49:01.055350,1,2,2,17,75
2025-12-14 02:49:04.916105,1,1,1,17,75
2025-12-14 02:49:07.785469,1,2,1,18,75
2025-12-14 02:49:10.591482,1,2,7,19,75
2025-12-14 02:49:14.497456,1,1,7,21,75
2025-12-14 02:49:17.408780,1,1,1,20,75
2025-12-14 02:49:20.217611,1,2,1,20,75
2025-12-14 02:49:24.529269,1,1,6,17,75
2025-12-14 02:49:28.887952,1,1,1,16,78
2025-12-14 02:49:32.197695,1,1,1,15,81
2025-12-14 02:49:36.007285,1,2,1,13,82
2025-12-14 02:49:39.865979,1,2,1,13,82
2025-12-14 02:49:43.624998,1,1,1,12,82
2025-12-14 02:49:47.486057,1,1,1,12,82
2025-12-14 02:49:50.398771,1,1,4,12,82
2025-12-14 02:49:53.213172,1,1,1,12,82
2025-12-14 02:49:57.065746,1,2,3,12,82
2025-12-14 02:49:59.975135,1,2,4,12,82
2025-12-14 02:50:02.784819,1,1,1,12,82
2025-12-14 02:50:07.096128,1,2,2,12,78
2025-12-14 02:50:09.955279,1,1,1,11,75
2025-12-14 02:50:12.814290,1,2,3,12,72
2025-12-14 02:50:15.623520,1,1,6,13,72
2025-12-14 02:50:18.534084,1,1,1,13,72
2025-12-14 02:50:21.892405,1,2,2,14,72
2025-12-14 02:50:25.651524,1,2,2,14,72
2025-12-14 02:50:28.511455,1,1,1,14,72
2025-12-14 02:50:31.419327,1,2,1,14,72
2025-12-14 02:50:34.229803,1,2,4,14,72
2025-12-14 02:50:37.151482,1,1,1,14,75
2025-12-14 02:50:40.947082,1,2,4,14,78
2025-12-14 02:50:44.269756,1,2,1,14,78
2025-12-14 02:50:47.630587,1,1,4,14,78
2025-12-14 02:50:50.530462,1,1,4,14,78
2025-12-14 02:50:53.440461,1,2,1,14,78
2025-12-14 02:50:56.258984,1,2,1,14,78
2025-12-14 02:51:00.058962,1,1,4,14,78
2025-12-14 02:51:03.928324,1,2,5,14,78
2025-12-14 02:51:07.430942,1,2,6,14,78
2025-12-14 02:51:10.238363,1,1,1,14,78
2025-12-14 02:51:13.148161,1,2,2,14,78
2025-12-14 02:51:16.958287,1,2,4,14,78
2025-12-14 02:51:20.270291,1,2,5,14,78
2025-12-14 02:51:24.077629,1,1,4,14,78
2025-12-14 02:51:26.988168,1,1,4,14,78
2025-12-14 02:51:29.795694,1,1,2,14,78
2025-12-14 02:51:33.713960,1,2,3,14,78
2025-12-14 02:51:36.570022,1,1,1,14,78
2025-12-14 02:51:39.924998,1,2,1,14,78
2025-12-14 02:51:43.693754,1,1,5,14,78
2025-12-14 02:51:46.546775,1,1,1,14,78
2025-12-14 02:51:49.454384,1,2,1,14,79
2025-12-14 02:51:52.263050,1,1,1,15,82
2025-12-14 02:51:55.130383,1,1,1,17,85
2025-12-14 02:51:58.982922,1,2,4,18,88
2025-12-14 02:52:02.292712,1,2,3,19,90
2025-12-14 02:52:05.153089,1,1,1,19,90
2025-12-14 02:52:08.018482,1,2,4,19,92
2025-12-14 02:52:10.873377,1,1,1,20,92
2025-12-14 02:52:13.734755,1,2,1,21,92
2025-12-14 02:52:17.542312,1,2,1,22,90
2025-12-14 02:52:20.854026,1,2,1,20,87
2025-12-14 02:52:23.661480,1,2,1,21,82
2025-12-14 02:52:26.572620,1,2,4,21,79
2025-12-14 02:52:29.930055,1,1,1,22,76
2025-12-14 02:52:32.741567,1,1,1,22,74
2025-12-14 02:52:35.601419,1,2,1,22,74
2025-12-14 02:52:38.519265,1,1,1,22,74
2025-12-14 02:52:41.820521,1,2,1,23,77
2025-12-14 02:52:47.281599,1,2,5,22,78
2025-12-14 02:52:51.141849,1,2,12,22,78
2025-12-14 02:52:54.050050,1,2,11,21,78
2025-12-14 02:52:56.859759,1,2,7,21,78
2025-12-14 02:53:00.671200,1,2,17,21,78
2025-12-14 02:53:04.638554,1,2,1,21,78
2025-12-14 02:53:08.042098,1,1,1,22,78
2025-12-14 02:53:10.902078,1,2,3,22,78
2025-12-14 02:53:13.713046,1,1,1,22,75
2025-12-14 02:53:17.570780,1,1,3,22,72
2025-12-14 02:53:20.531846,1,1,1,23,69
2025-12-14 02:53:23.840357,1,1,5,22,69
2025-12-14 02:53:30.486604,1,1,2,21,69
2025-12-14 02:53:32.062336,1,1,1,20,69
2025-12-14 02:53:34.922262,1,2,3,19,69
2025-12-14 02:53:37.729789,1,1,1,19,69
2025-12-14 02:53:41.140915,1,2,5,19,69
2025-12-14 02:53:44.052231,1,2,6,19,70
2025-12-14 02:53:46.910559,1,1,1,18,73
2025-12-14 02:53:49.769568,1,2,3,15,75
2025-12-14 02:53:53.585713,1,1,1,14,74
2025-12-14 02:53:56.889618,1,1,1,14,71
2025-12-14 02:54:00.713653,1,2,1,13,69
2025-12-14 02:54:04.662181,1,1,2,12,69
2025-12-14 02:54:08.524844,1,1,1,11,69
2025-12-14 02:54:11.331722,1,2,1,11,66
2025-12-14 02:54:15.190822,1,2,4,11,66
2025-12-14 02:54:18.103686,1,1,1,11,66
2025-12-14 02:54:21.963429,1,2,3,11,66
2025-12-14 02:54:25.923209,1,1,1,11,68
2025-12-14 02:54:28.780993,1,2,2,11,69
2025-12-14 02:54:32.645131,1,1,4,11,69
2025-12-14 02:54:35.551909,1,1,1,12,69
2025-12-14 02:54:38.360713,1,1,2,12,69
2025-12-14 02:54:41.776869,1,1,1,15,69
2025-12-14 02:54:46.638011,1,2,1,17,69
2025-12-14 02:54:49.548423,1,2,2,18,68
2025-12-14 02:54:52.354412,1,1,6,18,67
2025-12-14 02:54:55.213370,1,1,1,19,67
2025-12-14 02:54:59.070961,1,1,1,19,69
2025-12-14 02:55:01.936497,1,1,1,20,69
2025-12-14 02:55:05.340918,1,2,1,20,69
2025-12-14 02:55:09.251284,1,2,3,20,69
2025-12-14 02:55:12.118590,1,1,1,20,69
2025-12-14 02:55:14.929278,1,2,6,20,69
2025-12-14 02:55:18.728957,1,1,4,19,69
2025-12-14 02:55:21.641291,1,1,1,20,69
2025-12-14 02:55:25.006567,1,2,1,21,69
2025-12-14 02:55:27.811381,1,1,3,21,69
2025-12-14 02:55:31.675148,1,1,1,21,69
2025-12-14 02:55:34.584670,1,2,1,22,69
2025-12-14 02:55:40.046084,1,1,6,21,69
2025-12-14 02:55:42.953708,1,2,3,16,69
2025-12-14 02:55:45.768288,1,1,1,15,69
2025-12-14 02:55:48.676043,1,2,1,14,69
2025-12-14 02:55:52.034221,1,1,1,14,69
2025-12-14 02:55:55.796538,1,1,1,17,69
2025-12-14 02:55:59.709686,1,1,1,19,69
2025-12-14 02:56:03.115382,1,2,2,20,69
2025-12-14 02:56:05.924564,1,1,2,20,69
2025-12-14 02:56:09.786318,1,2,14,21,69
2025-12-14 02:56:14.486137,1,2,4,22,69
2025-12-14 02:56:16.055970,1,2,1,22,69
2025-12-14 02:56:19.565941,1,2,1,23,69
2025-12-14 02:56:22.375008,1,1,1,22,69
2025-12-14 02:56:25.238688,1,2,2,19,69
2025-12-14 02:56:29.095305,1,1,1,17,66
2025-12-14 02:56:32.413818,1,1,1,15,63
2025-12-14 02:56:36.715493,1,1,3,14,63
2025-12-14 02:56:41.074524,1,1,1,15,63
2025-12-14 02:56:44.383173,1,1,2,16,63
2025-12-14 02:56:48.192342,1,2,1,18,63
2025-12-14 02:56:52.053697,1,1,1,18,63
2025-12-14 02:56:55.813742,1,1,1,18,63
2025-12-14 02:56:59.671866,1,1,1,18,63
2025-12-14 02:57:04.033373,1,1,1,18,63
2025-12-14 02:57:06.843745,1,1,4,18,63
2025-12-14 02:57:09.703807,1,1,1,18,63
2025-12-14 02:57:13.618803,1,1,1,18,63
2025-12-14 02:57:16.424757,1,1,2,18,63
2025-12-14 02:57:19.435832,1,1,1,19,63
2025-12-14 02:57:22.245780,1,1,2,20,66
2025-12-14 02:57:26.155208,1,1,1,21,69
2025-12-14 02:57:29.013899,1,1,1,21,72
2025-12-14 02:57:31.883556,1,2,8,22,75
2025-12-14 02:57:35.685267,1,1,5,22,76
2025-12-14 02:57:38.991058,1,1,1,19,73
2025-12-14 02:57:41.801875,1,2,2,17,72
2025-12-14 02:57:44.712438,1,2,7,15,75
2025-12-14 02:57:47.622226,1,1,2,14,76
2025-12-14 02:57:50.432737,1,1,2,14,76
2025-12-14 02:57:54.239640,1,2,2,13,76
2025-12-14 02:57:58.099605,1,1,4,13,76
2025-12-14 02:58:01.609728,1,1,1,12,76
2025-12-14 02:58:04.418544,1,1,3,12,76
2025-12-14 02:58:07.278474,1,1,1,12,76
2025-12-14 02:58:11.140181,1,1,1,12,76
2025-12-14 02:58:14.447695,1,1,2,12,76
2025-12-14 02:58:18.756672,1,1,3,12,76
2025-12-14 02:58:23.117606,1,1,2,12,72
2025-12-14 02:58:26.428452,1,1,1,12,69
2025-12-14 02:58:30.236977,1,2,1,12,66
2025-12-14 02:58:34.097176,1,2,6,12,63
2025-12-14 02:58:37.856003,1,1,4,11,63
2025-12-14 02:58:41.718977,1,1,1,11,63
2025-12-14 02:58:44.629081,1,2,1,11,63
2025-12-14 02:58:47.436666,1,1,3,11,63
2025-12-14 02:58:51.344918,1,1,1,11,63
2025-12-14 02:58:54.211432,1,2,4,11,64
2025-12-14 02:58:57.015647,1,1,2,11,64
2025-12-14 02:59:00.835072,1,1,1,11,64
2025-12-14 02:59:04.638372,1,2,1,11,66
2025-12-14 02:59:07.446387,1,1,5,11,69
2025-12-14 02:59:10.305947,1,1,1,11,72
2025-12-14 02:59:14.228836,1,2,2,11,75
2025-12-14 02:59:17.076678,1,2,3,11,78
2025-12-14 02:59:19.886988,1,2,1,11,78
2025-12-14 02:59:22.747377,1,2,2,11,75
2025-12-14 02:59:25.656839,1,1,1,11,71
2025-12-14 02:59:28.470413,1,2,1,11,68
2025-12-14 02:59:31.376009,1,1,1,11,68
2025-12-14 02:59:35.187046,1,2,3,11,68
2025-12-14 02:59:38.494465,1,2,3,11,68
2025-12-14 02:59:41.305115,1,1,1,11,70
2025-12-14 02:59:44.216820,1,1,1,11,69
2025-12-14 02:59:47.074346,1,1,1,11,69
2025-12-14 02:59:49.935008,1,1,1,11,69
2025-12-14 02:59:53.751888,1,2,3,11,72
2025-12-14 02:59:57.052702,1,2,1,11,75
2025-12-14 02:59:59.871108,1,1,1,11,78
2025-12-14 03:00:02.773575,1,2,5,11,81
2025-12-14 03:00:05.681183,1,1,2,11,81
2025-12-14 03:00:08.490089,1,1,2,11,81
2025-12-14 03:00:12.309586,1,2,4,11,81
2025-12-14 03:00:16.160092,1,2,9,11,81
2025-12-14 03:00:19.669228,1,1,1,11,81
2025-12-14 03:00:22.487356,1,1,4,11,81
2025-12-14 03:00:25.344259,1,1,1,11,81
2025-12-14 03:00:29.205426,1,2,3,11,83
2025-12-14 03:00:32.513725,1,1,1,11,83
2025-12-14 03:00:35.876253,1,2,1,11,83
2025-12-14 03:00:39.390130,1,1,2,11,83
2025-12-14 03:00:42.244448,1,1,1,12,83
2025-12-14 03:00:45.551965,1,2,3,13,83
2025-12-14 03:00:48.362242,1,1,1,13,83
2025-12-14 03:00:51.273265,1,2,3,13,83
2025-12-14 03:00:55.732359,1,1,1,12,83
2025-12-14 03:00:59.093655,1,2,1,13,83
2025-12-14 03:01:01.902751,1,1,1,15,83
2025-12-14 03:01:05.762762,1,1,1,16,83
2025-12-14 03:01:09.071690,1,1,1,17,83
2025-12-14 03:01:12.882885,1,1,1,17,83
2025-12-14 03:01:16.392971,1,1,2,18,83
2025-12-14 03:01:20.260205,1,1,1,19,83
2025-12-14 03:01:23.112097,1,1,1,19,83
2025-12-14 03:01:25.922015,1,1,2,20,83
2025-12-14 03:01:29.781822,1,1,1,20,79
2025-12-14 03:01:33.091424,1,1,1,20,75
2025-12-14 03:01:36.951364,1,1,1,20,72
2025-12-14 03:01:39.812086,1,2,1,20,69
2025-12-14 03:01:43.719428,1,2,1,21,66
2025-12-14 03:01:46.528896,1,1,2,21,66
2025-12-14 03:01:49.388882,1,1,1,21,66
2025-12-14 03:01:53.247012,1,1,1,21,66
2025-12-14 03:01:56.719420,1,2,4,21,66
2025-12-14 03:01:59.523792,1,1,1,21,66
2025-12-14 03:02:03.378287,1,2,4,21,66
2025-12-14 03:02:06.288705,1,1,1,21,66
2025-12-14 03:02:09.098915,1,1,1,21,66
2025-12-14 03:02:12.907277,1,1,4,21,65
2025-12-14 03:02:17.276705,1,1,2,20,63
2025-12-14 03:02:20.127411,1,1,1,19,63
2025-12-14 03:02:22.988645,1,1,1,18,63
2025-12-14 03:02:26.852705,1,1,3,17,63
2025-12-14 03:02:29.758516,1,1,1,16,63
2025-12-14 03:02:33.068634,1,2,1,16,63
2025-12-14 03:02:37.528754,1,2,2,15,64
2025-12-14 03:02:40.387310,1,1,1,14,64
2025-12-14 03:02:44.297803,1,1,1,14,64
2025-12-14 03:02:47.159433,1,1,1,13,63
2025-12-14 03:02:50.027801,1,1,1,12,64
2025-12-14 03:02:53.327040,1,1,1,12,64
2025-12-14 03:02:56.757685,1,2,6,12,64
2025-12-14 03:02:59.546994,1,1,1,12,64
2025-12-14 03:03:03.464175,1,1,1,12,64
2025-12-14 03:03:06.315845,1,2,5,12,64
2025-12-14 03:03:09.125968,1,1,1,12,64
2025-12-14 03:03:12.937617,1,1,1,11,64
2025-12-14 03:03:16.848263,1,2,1,12,64
2025-12-14 03:03:19.759480,1,1,1,12,64
2025-12-14 03:03:22.573119,1,1,1,13,64
2025-12-14 03:03:25.429291,1,2,5,14,64
2025-12-14 03:03:29.288768,1,1,1,12,64
2025-12-14 03:03:32.598149,1,1,1,14,66
2025-12-14 03:03:35.408493,1,1,2,13,67
2025-12-14 03:03:38.318047,1,2,1,14,70
2025-12-14 03:03:41.177618,1,1,1,14,70
2025-12-14 03:03:44.997760,1,2,5,16,73
2025-12-14 03:03:47.846550,1,1,1,17,74
2025-12-14 03:03:52.213740,1,1,4,19,70
2025-12-14 03:03:55.016634,1,1,1,20,70
2025-12-14 03:03:57.877966,1,2,3,20,67
2025-12-14 03:04:01.792778,1,1,5,21,64
2025-12-14 03:04:04.601031,1,1,1,22,64
2025-12-14 03:04:07.508044,1,2,5,22,63
2025-12-14 03:04:11.820218,1,1,5,22,63
2025-12-14 03:04:15.129868,1,1,1,20,63
2025-12-14 03:04:18.944651,1,1,1,20,63
2025-12-14 03:04:22.804988,1,2,4,18,63
2025-12-14 03:04:25.610217,1,1,4,16,63
2025-12-14 03:04:28.469604,1,1,1,15,63
2025-12-14 03:04:31.330132,1,2,4,14,63
2025-12-14 03:04:34.192216,1,1,1,13,63
2025-12-14 03:04:37.048359,1,2,4,16,63
2025-12-14 03:04:39.907157,1,1,1,18,63
2025-12-14 03:04:43.818889,1,2,1,20,63
2025-12-14 03:04:46.626698,1,2,3,21,62
2025-12-14 03:04:49.486710,1,1,1,21,62
2025-12-14 03:04:53.311570,1,2,1,22,62
2025-12-14 03:04:57.109426,1,1,1,22,62
2025-12-14 03:04:59.920302,1,1,3,23,62
2025-12-14 03:05:02.829168,1,1,1,23,62
2025-12-14 03:05:06.140924,1,2,2,23,62
2025-12-14 03:05:09.998884,1,2,2,23,62
2025-12-14 03:05:12.919831,1,1,1,23,62
2025-12-14 03:05:16.284470,1,2,1,23,62
2025-12-14 03:05:20.030171,1,2,4,23,62
2025-12-14 03:05:23.890476,1,1,1,23,62
2025-12-14 03:05:27.902350,1,1,1,21,62
2025-12-14 03:05:32.317600,1,2,1,19,62
2025-12-14 03:05:35.222257,1,1,1,17,63
2025-12-14 03:05:38.047292,1,1,3,15,66
2025-12-14 03:05:41.890728,1,1,1,14,69
2025-12-14 03:05:45.199010,1,2,1,13,72
2025-12-14 03:05:49.058727,1,2,4,13,72
2025-12-14 03:05:51.920451,1,1,2,12,72
2025-12-14 03:05:55.830678,1,2,1,12,72
2025-12-14 03:05:58.644403,1,2,3,12,72
2025-12-14 03:06:01.552222,1,1,1,12,72
2025-12-14 03:06:04.861679,1,2,1,12,72
2025-12-14 03:06:08.222928,1,2,4,12,72
2025-12-14 03:06:11.083069,1,1,3,12,72
2025-12-14 03:06:14.942996,1,1,1,12,72
2025-12-14 03:06:17.854059,1,1,1,12,72
2025-12-14 03:06:20.661046,1,1,3,12,72
2025-12-14 03:06:24.471192,1,1,1,12,72
2025-12-14 03:06:27.383111,1,2,1,12,72
2025-12-14 03:06:30.743397,1,2,3,12,70
2025-12-14 03:06:33.551987,1,1,1,12,68
2025-12-14 03:06:36.861161,1,2,1,12,68
2025-12-14 03:06:39.671292,1,2,4,12,68
2025-12-14 03:06:42.679396,1,1,1,12,68
2025-12-14 03:06:45.490535,1,2,8,12,68
2025-12-14 03:06:48.400182,1,1,1,12,68
2025-12-14 03:06:51.207997,1,1,1,12,68
2025-12-14 03:06:55.568295,1,2,2,12,68
2025-12-14 03:06:59.390793,1,2,3,12,68
2025-12-14 03:07:02.688892,1,1,1,12,68
2025-12-14 03:07:05.499568,1,1,1,12,68
2025-12-14 03:07:08.406926,1,2,3,12,67
2025-12-14 03:07:11.265136,1,1,1,12,64
2025-12-14 03:07:14.125490,1,2,3,12,64
2025-12-14 03:07:17.935882,1,1,1,12,64
2025-12-14 03:07:21.243212,1,1,1,12,64
2025-12-14 03:07:24.053922,1,1,1,12,64
2025-12-14 03:07:26.962861,1,1,1,12,64
2025-12-14 03:07:29.872882,1,2,1,12,64
2025-12-14 03:07:32.690434,1,2,3,12,64
2025-12-14 03:07:36.491649,1,1,1,12,64
2025-12-14 03:07:40.350958,1,1,1,12,64
2025-12-14 03:07:44.311402,1,2,1,12,64
2025-12-14 03:07:47.075358,1,1,3,12,64
2025-12-14 03:07:50.982314,1,1,4,12,65
2025-12-14 03:07:53.894194,1,1,1,12,67
2025-12-14 03:07:56.702787,1,2,6,12,70
2025-12-14 03:08:00.510395,1,1,1,12,72
2025-12-14 03:08:03.433664,1,1,1,12,72
2025-12-14 03:08:06.231925,1,2,1,12,75
2025-12-14 03:08:11.543223,1,2,4,12,75
2025-12-14 03:08:14.453631,1,2,4,12,75
2025-12-14 03:08:17.313711,1,1,1,12,75
2025-12-14 03:08:20.120688,1,2,1,12,75
2025-12-14 03:08:23.933237,1,1,1,12,75
2025-12-14 03:08:27.242780,1,1,1,12,72
2025-12-14 03:08:31.051309,1,1,1,12,70
2025-12-14 03:08:35.411873,1,2,2,12,70
2025-12-14 03:08:38.732902,1,1,2,12,70
2025-12-14 03:08:43.133177,1,1,3,12,70
2025-12-14 03:08:46.447320,1,2,4,12,67
2025-12-14 03:08:49.301963,1,1,1,12,65
2025-12-14 03:08:52.163736,1,2,5,12,65
2025-12-14 03:08:55.030891,1,1,4,12,65
2025-12-14 03:08:58.388456,1,2,1,12,65
2025-12-14 03:09:02.142270,1,2,1,12,65
2025-12-14 03:09:06.053676,1,1,2,12,65
2025-12-14 03:09:09.462479,1,2,2,12,65
2025-12-14 03:09:12.275159,1,1,1,12,65
2025-12-14 03:09:17.584445,1,1,1,12,65
2025-12-14 03:09:20.493934,1,1,1,12,65
2025-12-14 03:09:25.459001,1,2,5,12,66
2025-12-14 03:09:28.814709,1,2,3,12,70
2025-12-14 03:09:31.631010,1,1,1,12,70
2025-12-14 03:09:34.935888,1,1,1,12,70
2025-12-14 03:09:37.746648,1,2,3,12,70
2025-12-14 03:09:40.658861,1,1,1,12,70
2025-12-14 03:09:45.018721,1,2,1,12,70
2025-12-14 03:09:47.927029,1,2,2,12,70
2025-12-14 03:09:51.240485,1,1,2,12,70
2025-12-14 03:09:54.046281,1,1,1,12,70
2025-12-14 03:09:56.958187,1,2,2,12,70
2025-12-14 03:09:59.766448,1,1,2,12,70
2025-12-14 03:10:02.635824,1,1,1,12,70
2025-12-14 03:10:05.483722,1,2,7,12,70
2025-12-14 03:10:08.343710,1,1,1,12,70
2025-12-14 03:10:11.157028,1,2,1,12,70
2025-12-14 03:10:15.083390,1,2,1,12,70
2025-12-14 03:10:17.986906,1,1,1,12,70
2025-12-14 03:10:21.285551,1,1,1,12,69
2025-12-14 03:10:25.095741,1,1,1,12,69
2025-12-14 03:10:30.071046,1,2,1,12,69
2025-12-14 03:10:32.974693,1,2,1,12,69
2025-12-14 03:10:36.282995,1,1,2,12,69
2025-12-14 03:10:41.188218,1,2,3,12,66
2025-12-14 03:10:45.050424,1,1,1,12,66
2025-12-14 03:10:47.956960,1,1,1,12,66
2025-12-14 03:10:50.774587,1,2,1,12,66
2025-12-14 03:10:54.684268,1,1,3,12,66
2025-12-14 03:10:57.536446,1,1,1,12,66
2025-12-14 03:11:01.395287,1,2,1,12,66
2025-12-14 03:11:04.206371,1,2,2,12,66
2025-12-14 03:11:07.068281,1,1,1,12,66
2025-12-14 03:11:10.425345,1,2,1,12,66
2025-12-14 03:11:14.184921,1,2,1,12,66
2025-12-14 03:11:18.047527,1,1,2,12,66
2025-12-14 03:11:21.365811,1,1,5,12,66
2025-12-14 03:11:24.167982,1,1,1,12,66
2025-12-14 03:11:27.079321,1,2,3,12,66
2025-12-14 03:11:30.012671,1,1,3,12,66
2025-12-14 03:11:32.794793,1,1,1,12,66
2025-12-14 03:11:36.604983,1,2,3,12,66
2025-12-14 03:11:39.967279,1,2,1,12,66
2025-12-14 03:11:42.772829,1,1,1,12,66
2025-12-14 03:11:45.633225,1,2,5,12,66
2025-12-14 03:11:48.544014,1,1,1,12,66
2025-12-14 03:11:51.352100,1,1,1,12,66
2025-12-14 03:11:55.661347,1,2,2,12,66
2025-12-14 03:11:58.523292,1,2,3,13,66
2025-12-14 03:12:01.381144,1,1,1,13,66
2025-12-14 03:12:04.190908,1,2,2,15,66
2025-12-14 03:12:07.100561,1,1,1,16,68
2025-12-14 03:12:10.462956,1,2,1,17,71
2025-12-14 03:12:14.221567,1,2,3,18,77
2025-12-14 03:12:17.081243,1,1,6,19,80
2025-12-14 03:12:19.991660,1,1,2,19,81
2025-12-14 03:12:22.802728,1,1,1,19,84
2025-12-14 03:12:25.712567,1,2,3,20,87
2025-12-14 03:12:29.523289,1,1,1,21,90
2025-12-14 03:12:32.830869,1,1,1,19,93
2025-12-14 03:12:36.644486,1,2,1,19,90
2025-12-14 03:12:39.548248,1,2,3,20,85
2025-12-14 03:12:42.358540,1,1,1,20,82
2025-12-14 03:12:47.671898,1,1,2,21,77
2025-12-14 03:12:50.582191,1,1,1,21,77
2025-12-14 03:12:53.941000,1,2,2,22,77
2025-12-14 03:12:57.251792,1,1,7,23,77
2025-12-14 03:13:00.109653,1,1,1,23,77
2025-12-14 03:13:03.021332,1,2,8,23,74
2025-12-14 03:13:05.829812,1,1,1,23,74
2025-12-14 03:13:09.690392,1,1,1,23,74
2025-12-14 03:13:12.651188,1,2,1,23,74
2025-12-14 03:13:15.570465,1,1,1,23,74
2025-12-14 03:13:18.370281,1,2,3,23,74
2025-12-14 03:13:22.229081,1,2,4,23,74
2025-12-14 03:13:25.149775,1,1,1,23,74
2025-12-14 03:13:28.499301,1,1,1,22,74
2025-12-14 03:13:31.863677,1,1,1,22,69
2025-12-14 03:13:35.221544,1,1,1,23,66
2025-12-14 03:13:39.130762,1,2,1,23,63
2025-12-14 03:13:42.040745,1,2,1,23,63
2025-12-14 03:13:44.875056,1,1,1,23,63
2025-12-14 03:13:48.658708,1,1,1,24,63
2025-12-14 03:13:52.071688,1,2,1,24,63
2025-12-14 03:13:55.430989,1,1,3,24,63
2025-12-14 03:13:58.241850,1,1,1,24,63
2025-12-14 03:14:01.152177,1,2,1,24,63
2025-12-14 03:14:04.510711,1,1,3,24,63
2025-12-14 03:14:08.271453,1,1,1,23,63
2025-12-14 03:14:11.181774,1,1,1,23,63
2025-12-14 03:14:14.595422,1,2,1,22,63
2025-12-14 03:14:17.448586,1,1,1,21,63
2025-12-14 03:14:20.260561,1,2,1,21,63
2025-12-14 03:14:24.126523,1,2,5,21,62
2025-12-14 03:14:27.427515,1,1,6,21,62
2025-12-14 03:14:31.839125,1,1,1,21,62
2025-12-14 03:14:35.750765,1,1,1,21,62
2025-12-14 03:14:38.608212,1,1,1,22,62
2025-12-14 03:14:42.505005,1,2,3,22,62
2025-12-14 03:14:44.276546,1,1,1,23,62
2025-12-14 03:14:48.143355,1,2,2,23,62
2025-12-14 03:14:51.647885,1,2,2,23,62
2025-12-14 03:14:56.059224,1,1,3,23,62
2025-12-14 03:14:59.367886,1,1,3,24,62
2025-12-14 03:15:02.177977,1,1,1,24,62
2025-12-14 03:15:05.087023,1,2,1,24,62
2025-12-14 03:15:07.895383,1,1,5,24,62
2025-12-14 03:15:11.255515,1,1,1,24,62
2025-12-14 03:15:15.165894,1,2,1,24,63
2025-12-14 03:15:18.076739,1,1,2,24,66
2025-12-14 03:15:20.885859,1,1,1,24,69
2025-12-14 03:15:25.195362,1,2,1,24,72
2025-12-14 03:15:28.557445,1,2,1,24,75
2025-12-14 03:15:33.068422,1,2,1,22,70
2025-12-14 03:15:36.387684,1,2,1,22,67
2025-12-14 03:15:39.192547,1,1,3,21,65
2025-12-14 03:15:42.098573,1,1,1,22,65
2025-12-14 03:15:44.906813,1,1,2,22,65
2025-12-14 03:15:49.218328,1,2,1,22,65
2025-12-14 03:15:52.626922,1,2,7,22,65
2025-12-14 03:15:55.486528,1,1,1,20,63
2025-12-14 03:15:58.296840,1,2,1,20,63
2025-12-14 03:16:01.205412,1,1,5,20,63
2025-12-14 03:16:04.565973,1,1,1,19,63
2025-12-14 03:16:08.328488,1,2,1,18,63
2025-12-14 03:16:12.136072,1,1,3,17,63
2025-12-14 03:16:15.445683,1,1,3,16,63
2025-12-14 03:16:19.770039,1,1,2,17,63
2025-12-14 03:16:23.624758,1,1,1,16,63
2025-12-14 03:16:26.929064,1,1,1,15,63
2025-12-14 03:16:31.236405,1,2,1,15,63
2025-12-14 03:16:34.645484,1,1,1,15,63
2025-12-14 03:16:37.505755,1,1,1,14,63
2025-12-14 03:16:40.315837,1,1,2,14,63
2025-12-14 03:16:43.226371,1,2,1,14,62
2025-12-14 03:16:46.588785,1,2,3,16,62
2025-12-14 03:16:50.344778,1,1,1,15,62
2025-12-14 03:16:54.357969,1,1,1,15,62
2025-12-14 03:16:57.217066,1,1,2,15,62
2025-12-14 03:17:00.126934,1,1,2,15,62
2025-12-14 03:17:02.937922,1,1,1,15,62
2025-12-14 03:17:06.745629,1,1,2,15,62
2025-12-14 03:17:10.155272,1,2,5,14,62
2025-12-14 03:17:13.516347,1,1,1,13,62
2025-12-14 03:17:16.328380,1,2,1,13,62
2025-12-14 03:17:19.236763,1,2,3,12,62
2025-12-14 03:17:22.595138,1,1,1,12,62
2025-12-14 03:17:26.354471,1,1,4,12,62
2025-12-14 03:17:31.315384,1,2,4,14,62
2025-12-14 03:17:35.228884,1,1,1,14,62
2025-12-14 03:17:38.539844,1,1,1,14,62
2025-12-14 03:17:41.349258,1,2,1,14,62
2025-12-14 03:17:45.258489,1,2,1,14,62
2025-12-14 03:17:48.169600,1,1,2,14,62
2025-12-14 03:17:51.487048,1,2,1,14,62
2025-12-14 03:17:55.291532,1,2,1,14,62
2025-12-14 03:17:59.168074,1,2,1,14,62
2025-12-14 03:18:01.966378,1,2,2,14,62
2025-12-14 03:18:04.826258,1,1,1,14,62
2025-12-14 03:18:08.230674,1,1,3,14,62
2025-12-14 03:18:11.141743,1,1,6,14,62
2025-12-14 03:18:13.950857,1,1,1,14,62
2025-12-14 03:18:16.861638,1,2,3,14,62
2025-12-14 03:18:20.171857,1,1,4,14,62
2025-12-14 03:18:22.981240,1,1,1,13,62
2025-12-14 03:18:25.841908,1,2,3,13,62
2025-12-14 03:18:29.154315,1,1,2,12,62
2025-12-14 03:18:32.463252,1,2,1,12,62
2025-12-14 03:18:35.274383,1,2,4,12,62
2025-12-14 03:18:38.183367,1,1,1,12,62
2025-12-14 03:18:41.493150,1,2,1,12,62
2025-12-14 03:18:45.413190,1,1,1,12,62
2025-12-14 03:18:48.714200,1,2,3,12,62
2025-12-14 03:18:51.527373,1,1,1,12,62
2025-12-14 03:18:55.339911,1,2,1,12,62
2025-12-14 03:19:00.294717,1,2,1,12,62
2025-12-14 03:19:03.207842,1,2,1,12,62
2025-12-14 03:19:06.515694,1,1,3,12,62
2025-12-14 03:19:10.425549,1,1,2,12,62
2025-12-14 03:19:13.734804,1,1,1,14,62
2025-12-14 03:19:16.594351,1,1,1,15,62
2025-12-14 03:19:19.454849,1,1,2,14,62
2025-12-14 03:19:22.266702,1,1,1,14,62
2025-12-14 03:19:26.176805,1,2,4,14,62
2025-12-14 03:19:28.990167,1,1,1,14,62
2025-12-14 03:19:31.848178,1,1,1,14,62
2025-12-14 03:19:35.707309,1,1,2,14,62
2025-12-14 03:19:39.039812,1,1,1,14,62
2025-12-14 03:19:43.027810,1,2,1,13,62
2025-12-14 03:19:45.835920,1,1,2,12,62
2025-12-14 03:19:48.745673,1,2,2,14,62
2025-12-14 03:19:52.060516,1,1,1,16,62
2025-12-14 03:19:54.867223,1,2,5,16,62
2025-12-14 03:19:58.288897,1,1,1,15,62
2025-12-14 03:20:02.237969,1,2,1,15,62
2025-12-14 03:20:05.599076,1,2,4,16,62
2025-12-14 03:20:08.409284,1,2,15,15,62
2025-12-14 03:20:12.288361,1,2,18,16,63
2025-12-14 03:20:15.583237,1,2,21,23,63
2025-12-14 03:20:19.042023,1,2,6,23,100
2025-12-14 03:20:21.847880,1,2,1,24,100
2025-12-14 03:20:24.759330,1,2,3,23,100
2025-12-14 03:20:27.566639,1,1,1,23,100
2025-12-14 03:20:31.400651,1,2,1,24,100
2025-12-14 03:20:35.739757,1,2,2,22,100
2025-12-14 03:20:39.047712,1,2,4,21,100
2025-12-14 03:20:41.908354,1,2,2,20,99
2025-12-14 03:20:44.768457,1,1,1,19,93
2025-12-14 03:20:47.627545,1,1,1,19,87
2025-12-14 03:20:50.436247,1,1,3,18,81
2025-12-14 03:20:54.315753,1,2,5,18,78
2025-12-14 03:20:57.256177,1,2,28,16,75
2025-12-14 03:21:00.565445,1,2,14,16,72
2025-12-14 03:21:04.424290,1,2,7,17,69
2025-12-14 03:21:07.335390,1,1,5,17,66
2025-12-14 03:21:10.697491,1,2,1,16,66
2025-12-14 03:21:14.456474,1,2,1,16,66
2025-12-14 03:21:19.868621,1,1,1,16,66
2025-12-14 03:21:23.727724,1,2,2,16,66
2025-12-14 03:21:27.044056,1,1,2,16,66
2025-12-14 03:21:30.850435,1,1,1,16,66
2025-12-14 03:21:34.708035,1,2,1,16,66
2025-12-14 03:21:38.471562,1,1,1,16,66
2025-12-14 03:21:43.028053,1,1,1,17,66
2025-12-14 03:21:45.889317,1,1,1,17,66
2025-12-14 03:21:48.797772,1,1,1,18,66
2025-12-14 03:21:51.606490,1,1,1,19,66
2025-12-14 03:21:55.915772,1,1,1,20,67
2025-12-14 03:21:59.777483,1,2,3,20,70
2025-12-14 03:22:03.239662,1,2,8,22,73
2025-12-14 03:22:06.045836,1,2,1,22,76
2025-12-14 03:22:09.907613,1,2,7,23,79
2025-12-14 03:22:12.817438,1,2,2,22,80
2025-12-14 03:22:15.625544,1,1,1,19,79
2025-12-14 03:22:19.437782,1,2,1,17,76
2025-12-14 03:22:22.346554,1,1,1,15,73
2025-12-14 03:22:25.656995,1,1,1,14,71
2025-12-14 03:22:28.518612,1,1,1,14,71
2025-12-14 03:22:31.379969,1,2,1,13,71
2025-12-14 03:22:34.738475,1,1,1,13,71
2025-12-14 03:22:39.201076,1,1,1,12,71
2025-12-14 03:22:42.460281,1,2,1,12,71
2025-12-14 03:22:45.369025,1,1,1,12,71
2025-12-14 03:22:48.278590,1,2,4,12,71
2025-12-14 03:22:51.089116,1,1,1,12,71
2025-12-14 03:22:54.898658,1,2,1,11,70
2025-12-14 03:22:58.358242,1,1,1,11,67
2025-12-14 03:23:02.270128,1,2,1,11,62
2025-12-14 03:23:05.094130,1,1,2,11,62
2025-12-14 03:23:07.947984,1,1,1,12,62
2025-12-14 03:23:11.797223,1,1,1,14,62
2025-12-14 03:23:15.112470,1,1,1,13,62
2025-12-14 03:23:18.467502,1,2,1,14,62
2025-12-14 03:23:21.978166,1,1,1,16,62
2025-12-14 03:23:25.287371,1,1,1,18,62
2025-12-14 03:23:28.097592,1,1,1,19,62
2025-12-14 03:23:31.010577,1,1,1,19,62
2025-12-14 03:23:34.315096,1,1,1,20,62
2025-12-14 03:23:39.326350,1,1,2,20,62
2025-12-14 03:23:42.635570,1,1,2,21,62
2025-12-14 03:23:47.447575,1,1,1,21,62
2025-12-14 03:23:51.308754,1,1,2,21,62
2025-12-14 03:23:54.121146,1,1,1,21,62
2025-12-14 03:23:57.978078,1,1,1,21,62
2025-12-14 03:24:02.489952,1,2,2,19,62
2025-12-14 03:24:06.352831,1,1,2,17,62
2025-12-14 03:24:09.660485,1,1,2,17,62
2025-12-14 03:24:13.471359,1,1,1,19,62
2025-12-14 03:24:17.332237,1,1,1,20,66
2025-12-14 03:24:20.143365,1,1,1,21,69
2025-12-14 03:24:22.950892,1,1,1,22,72
2025-12-14 03:24:26.861207,1,2,2,22,72
2025-12-14 03:24:29.731719,1,1,1,23,72
2025-12-14 03:24:32.532396,1,1,1,23,72
2025-12-14 03:24:36.393779,1,1,1,23,75
2025-12-14 03:24:39.353927,1,1,1,23,78
2025-12-14 03:24:43.714199,1,1,3,23,81
2025-12-14 03:24:47.725225,1,2,3,22,85
2025-12-14 03:24:50.535918,1,1,1,19,85
2025-12-14 03:24:54.399629,1,2,2,17,85
2025-12-14 03:24:57.705676,1,1,2,16,88
2025-12-14 03:25:01.716947,1,1,1,17,90
2025-12-14 03:25:04.525655,1,1,1,19,90
2025-12-14 03:25:07.442757,1,2,1,19,90
2025-12-14 03:25:10.798145,1,1,1,20,90
2025-12-14 03:25:14.559909,1,1,1,21,90
2025-12-14 03:25:18.417365,1,2,1,22,88
2025-12-14 03:25:21.377040,1,2,1,23,86
2025-12-14 03:25:24.694645,1,1,2,23,86
2025-12-14 03:25:29.497301,1,1,1,23,86
2025-12-14 03:25:34.908961,1,1,1,23,86
2025-12-14 03:25:37.773581,1,1,1,23,86
2025-12-14 03:25:41.181463,1,1,1,24,86
2025-12-14 03:25:44.543389,1,1,2,24,86
2025-12-14 03:25:48.400431,1,1,1,24,86
2025-12-14 03:25:51.711901,1,1,1,24,85
2025-12-14 03:25:55.522118,1,2,1,24,81
2025-12-14 03:25:59.881906,1,1,1,24,76
2025-12-14 03:26:02.761814,1,1,1,24,74
2025-12-14 03:26:05.572164,1,2,1,24,72
2025-12-14 03:26:09.462779,1,1,1,24,72
2025-12-14 03:26:12.374303,1,1,1,24,72
2025-12-14 03:26:15.182405,1,2,1,24,72
2025-12-14 03:26:19.491981,1,1,2,24,72
2025-12-14 03:26:23.851945,1,1,1,24,74
2025-12-14 03:26:27.161014,1,1,1,24,77
2025-12-14 03:26:31.470657,1,1,1,24,79
2025-12-14 03:26:34.831884,1,2,1,24,79
2025-12-14 03:26:38.641499,1,1,2,24,77
2025-12-14 03:26:42.451048,1,1,1,24,77
2025-12-14 03:26:45.361234,1,1,1,24,77
2025-12-14 03:26:48.170938,1,2,1,24,77
2025-12-14 03:26:52.078319,1,2,3,24,77
2025-12-14 03:26:55.388353,1,1,2,24,77
2025-12-14 03:26:58.197370,1,1,1,24,77
2025-12-14 03:27:01.057694,1,2,2,24,77
2025-12-14 03:27:05.868468,1,1,3,24,77
2025-12-14 03:27:09.179881,1,1,1,24,77
2025-12-14 03:27:13.488626,1,1,2,25,77
2025-12-14 03:27:16.850717,1,1,1,25,77
2025-12-14 03:27:20.620743,1,1,1,25,77
2025-12-14 03:27:24.470400,1,2,1,25,77
2025-12-14 03:27:27.381362,1,2,2,25,77
2025-12-14 03:27:30.212291,1,1,1,25,77
2025-12-14 03:27:34.050696,1,1,1,25,77
2025-12-14 03:27:36.961378,1,1,1,25,77
2025-12-14 03:27:39.769838,1,1,1,25,77
2025-12-14 03:27:43.581212,1,2,1,25,77
2025-12-14 03:27:47.493699,1,1,2,25,76
2025-12-14 03:27:50.411505,1,1,2,25,76
2025-12-14 03:27:53.219450,1,1,1,24,76
2025-12-14 03:27:56.072174,1,1,1,24,77
2025-12-14 03:27:59.933668,1,1,1,24,77
2025-12-14 03:28:02.842023,1,1,1,24,76
2025-12-14 03:28:05.601089,1,1,1,24,74
2025-12-14 03:28:09.513321,1,1,2,24,74
2025-12-14 03:28:12.421547,1,1,1,24,74
2025-12-14 03:28:15.731730,1,2,1,24,74
2025-12-14 03:28:18.541652,1,1,3,24,74
2025-12-14 03:28:23.502893,1,1,1,24,73
2025-12-14 03:28:26.464118,1,1,1,24,73
2025-12-14 03:28:29.823222,1,2,1,21,73
2025-12-14 03:28:32.630882,1,1,2,19,73
2025-12-14 03:28:36.493309,1,1,1,17,73
2025-12-14 03:28:39.801191,1,1,1,14,73
2025-12-14 03:28:43.611716,1,2,1,14,73
2025-12-14 03:28:46.523152,1,1,1,13,73
2025-12-14 03:28:50.433724,1,2,1,13,75
2025-12-14 03:28:53.252954,1,2,1,15,75
2025-12-14 03:28:56.162980,1,1,1,17,75
2025-12-14 03:28:59.960100,1,1,1,19,75
2025-12-14 03:29:03.422905,1,1,1,21,77
2025-12-14 03:29:06.230490,1,1,3,21,77
2025-12-14 03:29:10.137231,1,2,2,22,77
2025-12-14 03:29:12.998740,1,1,1,22,77
2025-12-14 03:29:15.806585,1,2,2,23,77
2025-12-14 03:29:20.133629,1,1,2,23,77
2025-12-14 03:29:23.026311,1,1,1,22,77
2025-12-14 03:29:26.435848,1,1,1,23,77
2025-12-14 03:29:29.252653,1,1,3,23,77
2025-12-14 03:29:32.105850,1,1,1,23,77
2025-12-14 03:29:35.969036,1,2,1,20,77
2025-12-14 03:29:39.275652,1,1,2,18,77
2025-12-14 03:29:42.636336,1,1,1,16,77
2025-12-14 03:29:45.549132,1,2,1,14,77
2025-12-14 03:29:48.455063,1,1,1,13,77
2025-12-14 03:29:51.265357,1,1,1,13,77
2025-12-14 03:29:55.076749,1,1,1,12,77
2025-12-14 03:29:58.944968,1,1,2,14,78
2025-12-14 03:30:02.695629,1,1,1,17,79
2025-12-14 03:30:06.616879,1,2,1,19,79
2025-12-14 03:30:10.014225,1,1,1,21,79
2025-12-14 03:30:12.822341,1,1,1,22,79
2025-12-14 03:30:16.736148,1,1,1,22,79
2025-12-14 03:30:19.594860,1,2,2,23,79
2025-12-14 03:30:23.455868,1,2,2,23,79
2025-12-14 03:30:26.265553,1,1,1,23,79
2025-12-14 03:30:29.126135,1,2,1,23,79
2025-12-14 03:30:33.034532,1,1,1,23,78
2025-12-14 03:30:35.892431,1,1,1,23,76
2025-12-14 03:30:38.703895,1,2,1,23,76
2025-12-14 03:30:44.115620,1,1,1,23,74
2025-12-14 03:30:47.974774,1,1,2,23,70
2025-12-14 03:30:51.284613,1,1,2,23,70
2025-12-14 03:30:55.595223,1,1,1,24,70
2025-12-14 03:30:58.953387,1,1,1,24,70
2025-12-14 03:31:02.713669,1,1,1,24,70
2025-12-14 03:31:06.121006,1,2,1,24,70
2025-12-14 03:31:09.035444,1,1,1,24,70
2025-12-14 03:31:11.893226,1,1,1,24,70
2025-12-14 03:31:14.702496,1,1,1,24,70
2025-12-14 03:31:18.558673,1,1,1,24,71
2025-12-14 03:31:21.869647,1,1,1,24,72
2025-12-14 03:31:25.328555,1,1,1,24,72
2025-12-14 03:31:28.694131,1,2,1,24,72
2025-12-14 03:31:31.601085,1,1,1,24,72
2025-12-14 03:31:34.959429,1,1,1,24,72
2025-12-14 03:31:38.722283,1,1,1,24,72
2025-12-14 03:31:42.580598,1,1,2,24,74
2025-12-14 03:31:45.491204,1,1,1,24,77
2025-12-14 03:31:48.301072,1,1,2,24,80
2025-12-14 03:31:52.165042,1,1,1,24,81
2025-12-14 03:31:55.068887,1,1,1,24,81
2025-12-14 03:31:57.876882,1,1,1,24,77
2025-12-14 03:32:01.687053,1,2,1,24,73
2025-12-14 03:32:04.599110,1,1,1,24,70
2025-12-14 03:32:08.509344,1,1,1,24,65
2025-12-14 03:32:11.318504,1,1,2,24,65
2025-12-14 03:32:14.177967,1,1,1,24,68
2025-12-14 03:32:18.054038,1,1,1,24,71
2025-12-14 03:32:21.348324,1,1,1,24,72
2025-12-14 03:32:24.157225,1,2,1,24,72
2025-12-14 03:32:27.066767,1,1,1,24,72
2025-12-14 03:32:29.926230,1,1,1,24,72
2025-12-14 03:32:32.734522,1,1,1,24,72
2025-12-14 03:32:36.595812,1,1,1,24,72
2025-12-14 03:32:39.903625,1,1,1,24,72
2025-12-14 03:32:43.364826,1,1,2,24,72
2025-12-14 03:32:46.223805,1,1,1,24,72
2025-12-14 03:32:49.084161,1,1,1,24,72
2025-12-14 03:32:51.892514,1,1,1,24,72
2025-12-14 03:32:55.703969,1,1,3,24,72
2025-12-14 03:32:59.564885,1,1,1,24,72
2025-12-14 03:33:02.924852,1,2,1,24,72
2025-12-14 03:33:05.736401,1,1,2,24,72
2025-12-14 03:33:09.645522,1,1,2,24,72
2025-12-14 03:33:12.556857,1,1,1,24,72
2025-12-14 03:33:15.365356,1,2,2,24,72
2025-12-14 03:33:19.173207,1,1,1,24,72
2025-12-14 03:33:22.083461,1,1,1,24,72
2025-12-14 03:33:24.903080,1,1,1,24,72
2025-12-14 03:33:28.750388,1,1,3,24,72
2025-12-14 03:33:31.660862,1,1,1,24,72
2025-12-14 03:33:35.019305,1,1,1,24,72
2025-12-14 03:33:38.789687,1,2,1,24,72
2025-12-14 03:33:42.188714,1,1,2,24,72
2025-12-14 03:33:45.100112,1,1,1,24,72
2025-12-14 03:33:47.958577,1,2,1,24,72
2025-12-14 03:33:50.817296,1,1,1,24,72
2025-12-14 03:33:54.628973,1,1,1,22,72
2025-12-14 03:33:57.936491,1,1,1,19,72
2025-12-14 03:34:01.746618,1,1,1,19,71
2025-12-14 03:34:04.658272,1,2,1,20,70
2025-12-14 03:34:08.566868,1,1,1,21,76
2025-12-14 03:34:11.374992,1,1,1,21,79
2025-12-14 03:34:14.297205,1,2,3,22,82
2025-12-14 03:34:18.095810,1,1,1,22,82
2025-12-14 03:34:21.004523,1,1,1,23,82
2025-12-14 03:34:23.770774,1,1,1,23,82
2025-12-14 03:34:27.674763,1,1,2,24,82
2025-12-14 03:34:30.584948,1,1,1,24,82
2025-12-14 03:34:33.390509,1,1,1,24,82
2025-12-14 03:34:37.200576,1,1,3,24,79
2025-12-14 03:34:41.060168,1,1,1,24,74
2025-12-14 03:34:44.570139,1,1,1,24,67
2025-12-14 03:34:47.381912,1,1,1,24,64
2025-12-14 03:34:50.238944,1,1,1,24,64
2025-12-14 03:34:54.099701,1,1,1,24,66
2025-12-14 03:34:57.408750,1,1,1,24,69
2025-12-14 03:35:01.721197,1,2,1,24,72
2025-12-14 03:35:06.077898,1,1,1,24,75
2025-12-14 03:35:09.387476,1,1,1,24,77
2025-12-14 03:35:13.202667,1,1,1,24,78
2025-12-14 03:35:17.057473,1,1,1,25,78
2025-12-14 03:35:20.823321,1,1,1,25,78
2025-12-14 03:35:24.676446,1,1,1,25,78
2025-12-14 03:35:27.988539,1,2,1,25,78
2025-12-14 03:35:30.794280,1,2,1,25,78
2025-12-14 03:35:34.704306,1,1,2,25,81
2025-12-14 03:35:38.623165,1,1,1,25,86
2025-12-14 03:35:41.422536,1,1,1,25,86
2025-12-14 03:35:44.791555,1,2,1,25,86
2025-12-14 03:35:48.343637,1,1,1,25,86
2025-12-14 03:35:51.152245,1,1,1,25,86
2025-12-14 03:35:54.013479,1,1,1,25,86
2025-12-14 03:35:56.822878,1,2,1,25,83
2025-12-14 03:36:00.686100,1,1,2,25,81
2025-12-14 03:36:03.993854,1,1,1,24,81
2025-12-14 03:36:07.404125,1,1,1,24,81
2025-12-14 03:36:10.316616,1,2,1,24,81
2025-12-14 03:36:13.174568,1,1,1,24,81
2025-12-14 03:36:15.982943,1,2,1,24,81
2025-12-14 03:36:19.800422,1,1,1,24,81
2025-12-14 03:36:24.156133,1,1,1,24,81
2025-12-14 03:36:27.062260,1,1,1,24,80
2025-12-14 03:36:29.821080,1,1,1,24,75
2025-12-14 03:36:33.732425,1,1,1,24,70
2025-12-14 03:36:36.640806,1,1,1,24,67
2025-12-14 03:36:39.451956,1,1,1,24,66
2025-12-14 03:36:43.459793,1,2,1,24,63
2025-12-14 03:36:46.820204,1,2,1,24,62
2025-12-14 03:36:49.732753,1,1,1,24,62
2025-12-14 03:36:53.092501,1,2,1,24,64
2025-12-14 03:36:56.849958,1,1,1,24,70
2025-12-14 03:37:00.714166,1,2,3,24,73
2025-12-14 03:37:04.021536,1,1,1,25,76
2025-12-14 03:37:07.991349,1,1,1,25,77
2025-12-14 03:37:12.340822,1,1,1,25,77
2025-12-14 03:37:15.205401,1,1,1,25,77
2025-12-14 03:37:18.062628,1,2,2,25,77
2025-12-14 03:37:20.919529,1,1,1,25,77
2025-12-14 03:37:24.730168,1,1,1,25,77
2025-12-14 03:37:28.191135,1,2,2,25,77
2025-12-14 03:37:31.000093,1,1,1,25,77
2025-12-14 03:37:34.863105,1,1,1,25,77
2025-12-14 03:37:37.771492,1,2,1,25,77
2025-12-14 03:37:41.131234,1,1,2,25,74
2025-12-14 03:37:44.891552,1,1,1,25,67
2025-12-14 03:37:48.702689,1,2,1,25,64
2025-12-14 03:37:52.014377,1,2,1,25,63
2025-12-14 03:37:56.320607,1,1,4,24,63
2025-12-14 03:38:00.179486,1,1,1,24,63
2025-12-14 03:38:03.490386,1,1,1,24,63
2025-12-14 03:38:07.299926,1,2,2,24,66
2025-12-14 03:38:10.220871,1,1,1,24,69
2025-12-14 03:38:13.020163,1,1,1,24,72
2025-12-14 03:38:17.830633,1,1,1,24,73
2025-12-14 03:38:21.693891,1,1,1,24,73
2025-12-14 03:38:24.502051,1,2,2,24,73
2025-12-14 03:38:28.411101,1,1,1,24,69
2025-12-14 03:38:31.771292,1,1,1,24,66
2025-12-14 03:38:35.132286,1,1,1,23,66
2025-12-14 03:38:38.889891,1,1,2,23,72
2025-12-14 03:38:42.752984,1,1,2,23,75
2025-12-14 03:38:46.069182,1,1,1,24,77
2025-12-14 03:38:50.420039,1,1,1,24,77
2025-12-14 03:38:54.734211,1,1,1,24,80
2025-12-14 03:38:58.050607,1,2,1,24,81
2025-12-14 03:39:01.854814,1,1,1,25,81
2025-12-14 03:39:05.713757,1,1,1,25,81
2025-12-14 03:39:08.524006,1,1,1,25,81
2025-12-14 03:39:11.883419,1,1,1,25,81
2025-12-14 03:39:15.792150,1,1,1,25,81
2025-12-14 03:39:18.702223,1,1,1,25,81
2025-12-14 03:39:21.515293,1,2,1,25,81
2025-12-14 03:39:25.319832,1,1,2,25,81
2025-12-14 03:39:29.182349,1,1,1,25,81
2025-12-14 03:39:32.543949,1,1,1,25,81
2025-12-14 03:39:35.350648,1,1,1,25,81
2025-12-14 03:39:39.258635,1,1,1,25,81
2025-12-14 03:39:42.119968,1,1,1,25,81
2025-12-14 03:39:44.979987,1,1,1,25,81
2025-12-14 03:39:48.789063,1,2,1,24,77
2025-12-14 03:39:54.250450,1,2,1,23,71
2025-12-14 03:39:57.116946,1,1,1,23,70
2025-12-14 03:39:59.980165,1,2,2,24,69
2025-12-14 03:40:03.830613,1,1,2,24,67
2025-12-14 03:40:06.750970,1,1,1,24,67
2025-12-14 03:40:09.548737,1,1,2,24,67
2025-12-14 03:40:13.356988,1,1,1,24,67
2025-12-14 03:40:16.265514,1,1,1,24,67
2025-12-14 03:40:19.074572,1,1,1,24,67
2025-12-14 03:40:22.933983,1,1,1,24,67
2025-12-14 03:40:25.846072,1,1,2,24,67
2025-12-14 03:40:29.204905,1,1,1,25,70
2025-12-14 03:40:32.963766,1,1,2,25,76
2025-12-14 03:40:36.810379,1,1,2,25,76
2025-12-14 03:40:40.084238,1,1,2,25,76
2025-12-14 03:40:44.444519,1,1,1,25,76
2025-12-14 03:40:48.263256,1,1,1,24,76
2025-12-14 03:40:51.564343,1,2,2,24,76
2025-12-14 03:40:55.874881,1,1,1,24,76
2025-12-14 03:40:59.282297,1,2,2,24,77
2025-12-14 03:41:02.141347,1,1,1,24,78
2025-12-14 03:41:04.950130,1,1,1,24,78
2025-12-14 03:41:07.862336,1,1,1,24,78
2025-12-14 03:41:11.221565,1,1,1,24,78
2025-12-14 03:41:14.981803,1,2,1,24,78
2025-12-14 03:41:18.840011,1,1,1,24,74
2025-12-14 03:41:21.760418,1,1,1,24,71
2025-12-14 03:41:24.562549,1,1,1,24,68
2025-12-14 03:41:28.472842,1,2,1,24,65
2025-12-14 03:41:31.330819,1,2,1,24,62
2025-12-14 03:41:34.139096,1,1,2,24,64
2025-12-14 03:41:36.950089,1,2,1,25,67
2025-12-14 03:41:39.860987,1,2,2,25,70
2025-12-14 03:41:42.771416,1,1,2,25,73
2025-12-14 03:41:46.079763,1,2,1,25,76
2025-12-14 03:41:48.889630,1,2,2,25,76
2025-12-14 03:41:51.804475,1,1,1,25,76
2025-12-14 03:41:55.108808,1,1,1,25,76
2025-12-14 03:41:59.019330,1,1,1,25,76
2025-12-14 03:42:01.878904,1,1,1,25,76
2025-12-14 03:42:05.240459,1,2,1,25,76
2025-12-14 03:42:09.006432,1,2,1,25,76
2025-12-14 03:42:11.979123,1,2,1,25,76
2025-12-14 03:42:15.706994,1,1,1,25,77
2025-12-14 03:42:18.180268,1,2,1,25,80
2025-12-14 03:42:20.989563,1,1,2,25,83
2025-12-14 03:42:24.850702,1,1,1,25,77
2025-12-14 03:42:28.163366,1,1,1,25,73
2025-12-14 03:42:32.819713,1,1,1,25,67
2025-12-14 03:42:36.179810,1,1,1,25,65
2025-12-14 03:42:38.990133,1,1,2,25,67
2025-12-14 03:42:42.849662,1,1,1,25,69
2025-12-14 03:42:46.158157,1,2,1,25,69
2025-12-14 03:42:50.467769,1,1,1,25,69
2025-12-14 03:42:56.537599,1,2,2,25,69
2025-12-14 03:43:00.841035,1,1,4,25,69
2025-12-14 03:43:04.160436,1,1,1,25,69
2025-12-14 03:43:07.961130,1,2,2,25,69
2025-12-14 03:43:12.326514,1,2,1,25,69
2025-12-14 03:43:15.629529,1,1,1,25,69
2025-12-14 03:43:18.989914,1,2,1,25,69
2025-12-14 03:43:21.902915,1,1,3,25,70
2025-12-14 03:43:24.809567,1,1,2,25,70
2025-12-14 03:43:27.619730,1,2,1,25,69
2025-12-14 03:43:31.933005,1,1,2,21,69
2025-12-14 03:43:35.286925,1,1,1,21,69
2025-12-14 03:43:39.049846,1,1,1,18,69
2025-12-14 03:43:42.859131,1,2,1,17,69
2025-12-14 03:43:46.166848,1,2,4,14,69
2025-12-14 03:43:49.986506,1,1,7,13,69
2025-12-14 03:43:54.335620,1,2,37,13,69
2025-12-14 03:43:57.644665,1,2,17,13,69
2025-12-14 03:44:01.455151,1,2,22,12,72
2025-12-14 03:44:04.362827,1,2,6,14,74
2025-12-14 03:44:07.179465,1,1,1,16,74
2025-12-14 03:44:11.080953,1,2,3,17,74
2025-12-14 03:44:13.942184,1,1,1,19,74
2025-12-14 03:44:17.300981,1,1,1,19,74
2025-12-14 03:44:21.060434,1,1,1,20,74
2025-12-14 03:44:23.969234,1,1,1,20,74
2025-12-14 03:44:27.400555,1,2,2,21,74
2025-12-14 03:44:30.239596,1,1,1,21,74
2025-12-14 03:44:33.047947,1,2,1,21,74
2025-12-14 03:44:36.910896,1,1,3,21,74
2025-12-14 03:44:40.218021,1,1,1,22,74
2025-12-14 03:44:44.179202,1,2,6,22,74
2025-12-14 03:44:47.636358,1,2,1,22,74
2025-12-14 03:44:50.551640,1,2,5,22,73
2025-12-14 03:44:54.356665,1,2,3,20,70
2025-12-14 03:44:57.667809,1,1,1,19,67
2025-12-14 03:45:01.475487,1,2,1,15,64
2025-12-14 03:45:04.886655,1,2,3,14,64
2025-12-14 03:45:08.245867,1,1,1,13,64
2025-12-14 03:45:11.106959,1,2,1,13,64
2025-12-14 03:45:13.967602,1,1,1,13,64
2025-12-14 03:45:17.328276,1,1,3,12,63
2025-12-14 03:45:21.084630,1,2,8,12,62
2025-12-14 03:45:24.595013,1,2,2,12,62
2025-12-14 03:45:27.404054,1,1,1,12,62
2025-12-14 03:45:30.303933,1,2,10,12,62
2025-12-14 03:45:34.184061,1,2,9,12,62
2025-12-14 03:45:36.984063,1,2,2,11,63
2025-12-14 03:45:39.894394,1,1,1,11,63
2025-12-14 03:45:44.855160,1,2,1,11,62
2025-12-14 03:45:47.665440,1,2,4,11,62
2025-12-14 03:45:50.524955,1,1,1,11,62
2025-12-14 03:45:54.386279,1,2,5,11,63
2025-12-14 03:45:57.694473,1,1,1,11,66
2025-12-14 03:46:01.503699,1,2,1,15,67
2025-12-14 03:46:04.962685,1,1,1,16,67
2025-12-14 03:46:08.873669,1,1,1,17,67
2025-12-14 03:46:11.684263,1,1,6,17,67
2025-12-14 03:46:14.542275,1,1,1,17,67
2025-12-14 03:46:18.401145,1,1,1,18,67
2025-12-14 03:46:21.713239,1,1,1,18,67
2025-12-14 03:46:25.072734,1,2,1,18,67
2025-12-14 03:46:28.534183,1,1,5,18,67
2025-12-14 03:46:31.446481,1,1,1,18,70
2025-12-14 03:46:34.253098,1,1,1,18,73
2025-12-14 03:46:38.112031,1,1,1,18,76
2025-12-14 03:46:41.028094,1,1,2,18,79
2025-12-14 03:46:45.993154,1,1,1,18,81
2025-12-14 03:46:48.893328,1,2,1,19,81
2025-12-14 03:46:51.701107,1,1,5,19,81
2025-12-14 03:46:55.512546,1,1,1,17,79
2025-12-14 03:46:59.370616,1,2,1,19,76
2025-12-14 03:47:03.179999,1,1,5,20,76
2025-12-14 03:47:06.039465,1,1,1,20,79
2025-12-14 03:47:09.950686,1,2,1,20,82
2025-12-14 03:47:13.264631,1,2,5,18,85
2025-12-14 03:47:17.171471,1,1,1,16,85
2025-12-14 03:47:20.032407,1,1,1,15,81
2025-12-14 03:47:23.391878,1,1,2,13,77
2025-12-14 03:47:27.149296,1,1,1,13,71
2025-12-14 03:47:30.958744,1,1,1,12,70
2025-12-14 03:47:34.270294,1,2,10,11,70
2025-12-14 03:47:38.586211,1,1,1,11,69
2025-12-14 03:47:42.442793,1,1,1,12,66
2025-12-14 03:47:45.754465,1,1,1,13,66
2025-12-14 03:47:49.106764,1,1,4,16,66
2025-12-14 03:47:52.018706,1,1,1,18,66
2025-12-14 03:47:54.926804,1,2,1,18,66
2025-12-14 03:47:57.736021,1,2,3,18,66
2025-12-14 03:48:01.555049,1,1,1,14,66
2025-12-14 03:48:05.406610,1,1,1,13,67
2025-12-14 03:48:10.967317,1,2,1,14,73
2025-12-14 03:48:14.327820,1,2,1,18,73
2025-12-14 03:48:17.186459,1,1,4,19,73
2025-12-14 03:48:20.046588,1,1,1,18,72
2025-12-14 03:48:23.408017,1,2,1,17,70
2025-12-14 03:48:27.166805,1,1,4,16,70
2025-12-14 03:48:30.074969,1,1,1,16,70
2025-12-14 03:48:33.940592,1,1,1,18,70
2025-12-14 03:48:36.745893,1,1,6,18,70
2025-12-14 03:48:40.603829,1,1,1,20,70
2025-12-14 03:48:43.514975,1,1,1,21,70
2025-12-14 03:48:46.322855,1,2,3,21,70
2025-12-14 03:48:50.736545,1,1,1,22,70
2025-12-14 03:48:53.594656,1,1,1,22,67
2025-12-14 03:48:57.506032,1,2,1,23,66
2025-12-14 03:49:00.368660,1,2,6,23,67
2025-12-14 03:49:03.173244,1,1,1,23,70
2025-12-14 03:49:07.033510,1,2,2,23,72
2025-12-14 03:49:10.342144,1,1,4,20,72
2025-12-14 03:49:13.152230,1,1,1,17,69
2025-12-14 03:49:16.064054,1,2,1,17,67
2025-12-14 03:49:18.985798,1,1,3,16,67
2025-12-14 03:49:21.785290,1,1,1,16,67
2025-12-14 03:49:25.591333,1,2,11,16,67
2025-12-14 03:49:29.051352,1,1,1,15,67
2025-12-14 03:49:32.964522,1,1,1,14,67
2025-12-14 03:49:35.779014,1,2,1,13,67
2025-12-14 03:49:38.632675,1,1,1,13,67
2025-12-14 03:49:42.490333,1,1,1,14,67
2025-12-14 03:49:45.801791,1,2,8,16,67
2025-12-14 03:49:49.161293,1,1,5,20,68
2025-12-14 03:49:52.076171,1,1,1,21,69
2025-12-14 03:49:54.981975,1,2,7,21,69
2025-12-14 03:49:57.791985,1,1,1,21,69
2025-12-14 03:50:01.600153,1,2,1,22,69
2025-12-14 03:50:05.459901,1,2,1,23,68
2025-12-14 03:50:09.421103,1,1,4,23,62
2025-12-14 03:50:12.231332,1,1,1,23,62
2025-12-14 03:50:16.103617,1,2,1,23,62
2025-12-14 03:50:19.001312,1,2,2,23,62
2025-12-14 03:50:21.813065,1,1,1,23,62
2025-12-14 03:50:25.629120,1,2,1,23,62
2025-12-14 03:50:28.979239,1,2,2,23,62
2025-12-14 03:50:31.788822,1,1,1,23,62
2025-12-14 03:50:34.651617,1,2,6,23,62
2025-12-14 03:50:37.582053,1,1,1,23,62
2025-12-14 03:50:40.371247,1,1,1,23,62
2025-12-14 03:50:44.184463,1,1,6,23,62
2025-12-14 03:50:47.089020,1,1,1,23,62
2025-12-14 03:50:51.003758,1,2,1,23,62
2025-12-14 03:50:53.809821,1,1,1,23,62
2025-12-14 03:50:56.669216,1,1,1,23,62
2025-12-14 03:51:00.532330,1,2,3,21,62
2025-12-14 03:51:03.838906,1,1,1,18,62
2025-12-14 03:51:06.698148,1,1,1,16,62
2025-12-14 03:51:09.559362,1,2,7,15,62
2025-12-14 03:51:12.419391,1,1,1,13,62
2025-12-14 03:51:15.227897,1,2,1,13,62
2025-12-14 03:51:19.088167,1,1,2,12,62
2025-12-14 03:51:22.398855,1,1,4,13,62
2025-12-14 03:51:25.206312,1,1,1,14,62
2025-12-14 03:51:28.117350,1,2,7,16,62
2025-12-14 03:51:31.027522,1,1,1,17,64
2025-12-14 03:51:33.835749,1,2,1,17,67
2025-12-14 03:51:38.144074,1,1,4,18,70
2025-12-14 03:51:41.504335,1,1,1,16,70
2025-12-14 03:51:45.013708,1,2,1,15,70
2025-12-14 03:51:47.824642,1,2,2,16,68
2025-12-14 03:51:50.692833,1,1,1,17,66
2025-12-14 03:51:54.544633,1,2,6,18,68
2025-12-14 03:51:57.856182,1,2,3,19,71
2025-12-14 03:52:01.664731,1,1,1,20,71
2025-12-14 03:52:04.575535,1,1,1,21,71
2025-12-14 03:52:07.385594,1,1,1,20,71
2025-12-14 03:52:11.243995,1,1,1,18,71
2025-12-14 03:52:14.157179,1,2,4,18,72
2025-12-14 03:52:17.524246,1,1,1,19,75
2025-12-14 03:52:21.273121,1,1,1,20,81
2025-12-14 03:52:24.140307,1,2,1,21,83
2025-12-14 03:52:27.043182,1,1,4,21,83
2025-12-14 03:52:29.854959,1,1,1,22,85
2025-12-14 03:52:32.783433,1,2,4,20,85
2025-12-14 03:52:36.573398,1,1,1,20,85
2025-12-14 03:52:39.891547,1,1,1,21,85
2025-12-14 03:52:42.701743,1,2,1,21,85
2025-12-14 03:52:45.600459,1,2,5,22,85
2025-12-14 03:52:48.460887,1,1,1,22,85
2025-12-14 03:52:51.269449,1,2,6,23,85
2025-12-14 03:52:55.129751,1,1,1,23,83
2025-12-14 03:52:58.439713,1,1,1,23,83
2025-12-14 03:53:01.249106,1,2,1,23,83
2025-12-14 03:53:04.170588,1,2,7,24,83
2025-12-14 03:53:07.068585,1,1,1,20,83
2025-12-14 03:53:09.876613,1,1,1,20,82
2025-12-14 03:53:13.685982,1,2,3,18,80
2025-12-14 03:53:17.545894,1,1,1,19,80
2025-12-14 03:53:21.056086,1,1,2,20,80
2025-12-14 03:53:23.863803,1,1,1,21,83
2025-12-14 03:53:26.733868,1,2,3,21,86
2025-12-14 03:53:30.582811,1,1,1,22,89
2025-12-14 03:53:33.896322,1,1,1,23,92
2025-12-14 03:53:37.702055,1,1,1,23,95
2025-12-14 03:53:41.112378,1,1,1,24,95
2025-12-14 03:53:44.473719,1,2,1,24,95
2025-12-14 03:53:49.540607,1,1,3,23,95
2025-12-14 03:53:50.192297,1,1,1,20,93
2025-12-14 03:53:53.558070,1,2,1,19,89
2025-12-14 03:53:57.311536,1,1,4,19,77
2025-12-14 03:54:00.223778,1,1,1,17,71
2025-12-14 03:54:04.085583,1,1,1,16,68
2025-12-14 03:54:06.899993,1,1,1,16,65
2025-12-14 03:54:10.802376,1,1,1,15,62
2025-12-14 03:54:13.662908,1,2,9,15,62
2025-12-14 03:54:16.481935,1,2,3,15,62
2025-12-14 03:54:19.280863,1,1,2,14,62
2025-12-14 03:54:22.190943,1,1,1,15,62
2025-12-14 03:54:25.100472,1,2,1,15,62
2025-12-14 03:54:27.909781,1,2,3,15,62
2025-12-14 03:54:31.720231,1,1,2,15,62
2025-12-14 03:54:35.580303,1,1,2,15,62
2025-12-14 03:54:38.938201,1,1,1,15,62
2025-12-14 03:54:41.799841,1,2,3,15,62
2025-12-14 03:54:45.657627,1,1,1,15,62
2025-12-14 03:54:48.517706,1,1,1,15,62
2025-12-14 03:54:51.376392,1,2,7,15,64
2025-12-14 03:54:55.185313,1,1,1,15,65
2025-12-14 03:54:59.195595,1,1,1,14,65
2025-12-14 03:55:03.108604,1,2,3,14,69
2025-12-14 03:55:05.914909,1,1,3,15,72
2025-12-14 03:55:08.774269,1,1,1,15,74
2025-12-14 03:55:12.634914,1,2,2,16,74
2025-12-14 03:55:15.945772,1,1,1,18,71
2025-12-14 03:55:19.304724,1,1,1,19,69
2025-12-14 03:55:22.214792,1,1,3,19,69
2025-12-14 03:55:25.125956,1,1,1,17,69
2025-12-14 03:55:27.935060,1,2,1,17,69
2025-12-14 03:55:32.243997,1,1,3,20,69
2025-12-14 03:55:36.157356,1,1,3,20,69
2025-12-14 03:55:39.565974,1,1,1,21,69
2025-12-14 03:55:42.326382,1,2,1,21,69
2025-12-14 03:55:46.237833,1,1,2,18,69
2025-12-14 03:55:49.150665,1,1,1,16,68
2025-12-14 03:55:51.956616,1,2,1,16,65
2025-12-14 03:55:55.765304,1,2,5,19,64
2025-12-14 03:55:58.687425,1,2,4,18,64
2025-12-14 03:56:01.487885,1,1,1,16,64
2025-12-14 03:56:06.298620,1,2,1,15,64
2025-12-14 03:56:09.712138,1,2,3,16,64
2025-12-14 03:56:12.568917,1,1,1,18,64
2025-12-14 03:56:15.980114,1,2,2,18,64
2025-12-14 03:56:18.836997,1,2,5,18,64
2025-12-14 03:56:21.697014,1,1,1,16,64
2025-12-14 03:56:24.559598,1,2,3,17,65
2025-12-14 03:56:27.419756,1,1,1,19,68
2025-12-14 03:56:31.229038,1,2,1,20,71
2025-12-14 03:56:34.537137,1,2,1,21,74
2025-12-14 03:56:37.364268,1,1,2,21,73
2025-12-14 03:56:40.259301,1,1,1,22,70
2025-12-14 03:56:43.166860,1,2,5,22,67
2025-12-14 03:56:45.976115,1,1,1,22,64
2025-12-14 03:56:50.286049,1,2,1,23,63
2025-12-14 03:56:54.147598,1,1,1,22,63
2025-12-14 03:56:56.956468,1,2,1,19,63
2025-12-14 03:56:59.868380,1,2,3,17,62
2025-12-14 03:57:03.728800,1,1,1,16,62
2025-12-14 03:57:06.586003,1,1,1,17,62
2025-12-14 03:57:09.451229,1,1,2,19,62
2025-12-14 03:57:12.305317,1,1,2,20,62
2025-12-14 03:57:16.215512,1,1,4,22,62
2025-12-14 03:57:19.525394,1,1,1,22,62
2025-12-14 03:57:23.385206,1,2,1,22,62
2025-12-14 03:57:26.296638,1,2,3,23,62
2025-12-14 03:57:29.658027,1,2,1,22,62
2025-12-14 03:57:33.365844,1,2,1,20,63
2025-12-14 03:57:37.225509,1,2,1,18,66
2025-12-14 03:57:40.534949,1,2,1,16,69
2025-12-14 03:57:44.344754,1,2,1,15,72
2025-12-14 03:57:48.207052,1,1,1,15,74
2025-12-14 03:57:51.017303,1,2,1,15,74
2025-12-14 03:57:53.825730,1,2,4,15,74
2025-12-14 03:57:57.735105,1,1,1,16,72
2025-12-14 03:58:00.596175,1,2,3,16,69
2025-12-14 03:58:03.455249,1,1,1,16,66
2025-12-14 03:58:07.266570,1,2,1,16,65
2025-12-14 03:58:10.575966,1,1,1,16,65
2025-12-14 03:58:13.434185,1,2,1,16,65
2025-12-14 03:58:16.298297,1,2,1,16,65
2025-12-14 03:58:19.203915,1,2,3,16,65
2025-12-14 03:58:22.015770,1,1,1,16,65
2025-12-14 03:58:25.825168,1,2,1,16,65
2025-12-14 03:58:29.683355,1,2,5,16,65
2025-12-14 03:58:33.192528,1,1,3,16,66
2025-12-14 03:58:36.001379,1,1,1,16,69
2025-12-14 03:58:38.911775,1,1,1,16,72
2025-12-14 03:58:42.723381,1,1,1,16,75
2025-12-14 03:58:46.035705,1,1,1,16,77
2025-12-14 03:58:49.839981,1,1,1,16,79
2025-12-14 03:58:52.750906,1,1,1,17,79
2025-12-14 03:58:55.560939,1,1,9,17,79
2025-12-14 03:58:59.471204,1,1,3,16,79
2025-12-14 03:59:02.330554,1,2,7,16,75
2025-12-14 03:59:05.692182,1,1,3,15,72
2025-12-14 03:59:09.501034,1,1,4,17,68
2025-12-14 03:59:12.310275,1,1,1,18,71
2025-12-14 03:59:15.221105,1,1,1,18,74
2025-12-14 03:59:18.030613,1,1,1,17,76
2025-12-14 03:59:20.939341,1,2,3,17,76
2025-12-14 03:59:24.749313,1,2,7,17,76
2025-12-14 03:59:28.058436,1,2,3,16,76
2025-12-14 03:59:30.867684,1,1,1,16,76
2025-12-14 03:59:33.782354,1,1,1,16,76
2025-12-14 03:59:36.635739,1,2,3,16,76
2025-12-14 03:59:39.455243,1,1,1,16,74
2025-12-14 03:59:43.306681,1,2,3,16,71
2025-12-14 03:59:46.614217,1,2,5,16,68
2025-12-14 03:59:49.475566,1,1,1,16,65
2025-12-14 03:59:52.335476,1,2,1,16,64
2025-12-14 03:59:55.245948,1,2,2,17,64
2025-12-14 03:59:58.057024,1,1,1,17,66
2025-12-14 04:00:01.868272,1,2,1,18,69
2025-12-14 04:00:05.725367,1,2,1,19,71
2025-12-14 04:00:09.236056,1,1,1,20,71
2025-12-14 04:00:12.045052,1,2,4,19,71
2025-12-14 04:00:14.905765,1,2,3,17,70
2025-12-14 04:00:18.765273,1,1,1,16,67
2025-12-14 04:00:22.084231,1,1,1,16,65
2025-12-14 04:00:26.395939,1,2,1,15,65
2025-12-14 04:00:29.793495,1,1,1,17,71
2025-12-14 04:00:32.659349,1,2,10,18,74
2025-12-14 04:00:35.511334,1,1,2,19,74
2025-12-14 04:00:38.372551,1,1,1,18,77
2025-12-14 04:00:41.748357,1,2,1,17,77
2025-12-14 04:00:45.492655,1,2,1,16,71
2025-12-14 04:00:48.356377,1,2,2,16,68
2025-12-14 04:00:51.263057,1,1,2,15,67
2025-12-14 04:00:54.073093,1,1,3,15,67
2025-12-14 04:00:56.931967,1,1,1,15,67
2025-12-14 04:01:00.795873,1,1,1,15,67
2025-12-14 04:01:04.103660,1,1,1,15,67
2025-12-14 04:01:06.913243,1,1,1,15,67
2025-12-14 04:01:09.830603,1,2,2,16,69
2025-12-14 04:01:12.694888,1,1,1,17,72
2025-12-14 04:01:15.490439,1,2,1,18,75
2025-12-14 04:01:19.354175,1,2,1,18,78
2025-12-14 04:01:22.660234,1,1,1,17,79
2025-12-14 04:01:25.476149,1,1,2,16,79
2025-12-14 04:01:28.381651,1,1,2,16,79
2025-12-14 04:01:31.291236,1,1,1,17,77
2025-12-14 04:01:34.102236,1,1,1,17,74
2025-12-14 04:01:38.413349,1,2,1,18,72
2025-12-14 04:01:43.373213,1,1,2,18,76
2025-12-14 04:01:46.293131,1,1,3,17,74
2025-12-14 04:01:50.550597,1,1,1,17,74
2025-12-14 04:01:53.005972,1,1,1,17,74
2025-12-14 04:01:55.864141,1,2,8,18,74
2025-12-14 04:01:58.672867,1,2,4,18,74
2025-12-14 04:02:01.483530,1,1,3,17,74
2025-12-14 04:02:04.392536,1,1,2,17,74
2025-12-14 04:02:07.302053,1,1,1,16,74
2025-12-14 04:02:10.117208,1,2,1,16,74
2025-12-14 04:02:13.921113,1,2,3,16,74
2025-12-14 04:02:17.778661,1,2,1,16,74
2025-12-14 04:02:21.740083,1,2,1,16,75
2025-12-14 04:02:24.548182,1,2,3,16,78
2025-12-14 04:02:28.409181,1,2,1,16,79
2025-12-14 04:02:31.319481,1,2,8,16,79
2025-12-14 04:02:34.127933,1,2,8,16,79
2025-12-14 04:02:37.936063,1,1,2,16,79
2025-12-14 04:02:41.412851,1,1,1,16,79
2025-12-14 04:02:45.307022,1,2,1,16,83
2025-12-14 04:02:48.117023,1,2,2,16,83
2025-12-14 04:02:51.026842,1,1,1,16,83
2025-12-14 04:02:54.836684,1,2,5,16,83
2025-12-14 04:02:58.145134,1,1,1,16,77
2025-12-14 04:03:01.558735,1,2,1,16,74
2025-12-14 04:03:04.866935,1,1,1,16,74
2025-12-14 04:03:07.675989,1,1,1,16,74
2025-12-14 04:03:12.995708,1,2,1,16,74
2025-12-14 04:03:15.896920,1,1,2,16,71
2025-12-14 04:03:18.756268,1,2,2,16,68
2025-12-14 04:03:22.116611,1,2,4,16,69
2025-12-14 04:03:25.926117,1,1,1,15,68
2025-12-14 04:03:29.786225,1,1,1,15,71
2025-12-14 04:03:33.544633,1,2,1,17,74
2025-12-14 04:03:37.405034,1,1,1,16,74
2025-12-14 04:03:40.732801,1,2,1,15,72
2025-12-14 04:03:44.575165,1,1,1,14,70
2025-12-14 04:03:47.889524,1,2,1,14,67
2025-12-14 04:03:50.743227,1,2,3,15,70
2025-12-14 04:03:53.553991,1,2,4,17,70
2025-12-14 04:03:56.463694,1,2,2,18,73
2025-12-14 04:03:59.824389,1,2,8,19,76
2025-12-14 04:04:03.182534,1,2,2,18,82
2025-12-14 04:04:06.041291,1,2,3,18,76
2025-12-14 04:04:09.904555,1,2,13,20,73
2025-12-14 04:04:12.772726,1,2,18,21,70
2025-12-14 04:04:15.570854,1,2,5,22,70
2025-12-14 04:04:19.435957,1,2,1,19,70
2025-12-14 04:04:24.892097,1,2,1,20,70
2025-12-14 04:04:27.753370,1,2,3,21,70
2025-12-14 04:04:30.622749,1,1,1,21,70
2025-12-14 04:04:34.471214,1,2,6,20,69
2025-12-14 04:04:37.384784,1,1,2,20,69
2025-12-14 04:04:40.189267,1,2,5,20,69
2025-12-14 04:04:43.550238,1,2,6,19,69
2025-12-14 04:04:46.461375,1,1,1,19,70
2025-12-14 04:04:49.370347,1,2,2,20,73
2025-12-14 04:04:52.180170,1,2,5,20,76
2025-12-14 04:04:55.985702,1,2,5,20,79
2025-12-14 04:04:59.847297,1,1,8,19,81
2025-12-14 04:05:03.613093,1,1,2,18,74
2025-12-14 04:05:07.415549,1,2,2,17,75
2025-12-14 04:05:10.724299,1,2,7,15,76
2025-12-14 04:05:14.534590,1,1,7,15,76
2025-12-14 04:05:18.894715,1,1,1,14,77
2025-12-14 04:05:22.204719,1,2,1,14,77
2025-12-14 04:05:26.013059,1,2,1,14,77
2025-12-14 04:05:28.926668,1,2,5,13,77
2025-12-14 04:05:31.734042,1,1,1,13,77
2025-12-14 04:05:36.546770,1,2,1,12,77
2025-12-14 04:05:40.406878,1,2,5,12,73
2025-12-14 04:05:43.214394,1,1,6,12,70
2025-12-14 04:05:47.132478,1,2,2,12,69
2025-12-14 04:05:50.486289,1,1,3,11,70
2025-12-14 04:05:53.865104,1,1,6,11,70
2025-12-14 04:05:57.606702,1,2,2,11,70
2025-12-14 04:06:01.465416,1,2,1,11,71
2025-12-14 04:06:04.774796,1,1,7,11,74
2025-12-14 04:06:09.087574,1,1,1,11,76
2025-12-14 04:06:12.893816,1,2,1,11,76
2025-12-14 04:06:16.205077,1,2,5,11,76
2025-12-14 04:06:20.013183,1,1,8,11,76
2025-12-14 04:06:23.872318,1,1,2,11,76
2025-12-14 04:06:27.641783,1,2,2,11,76
2025-12-14 04:06:31.491707,1,1,1,11,76
2025-12-14 04:06:34.802008,1,2,1,11,76
2025-12-14 04:06:37.607880,1,2,10,11,76
2025-12-14 04:06:40.518181,1,1,1,11,76
2025-12-14 04:06:43.429684,1,2,4,11,76
2025-12-14 04:06:46.237843,1,1,7,11,76
2025-12-14 04:06:50.045531,1,1,1,11,76
2025-12-14 04:06:53.005989,1,2,5,11,76
2025-12-14 04:06:57.425015,1,2,2,11,76
2025-12-14 04:07:00.226178,1,2,6,13,76
2025-12-14 04:07:03.087789,1,2,1,15,73
2025-12-14 04:07:06.949706,1,2,10,16,70
2025-12-14 04:07:10.254384,1,2,5,17,67
2025-12-14 04:07:14.063732,1,1,1,19,68
2025-12-14 04:07:16.971748,1,2,1,20,71
2025-12-14 04:07:19.782770,1,2,8,21,74
2025-12-14 04:07:23.692686,1,1,2,19,74
2025-12-14 04:07:26.556935,1,2,1,20,75
2025-12-14 04:07:29.915790,1,2,6,21,78
2025-12-14 04:07:34.381340,1,1,6,21,83
2025-12-14 04:07:37.634206,1,1,1,19,83
2025-12-14 04:07:40.543886,1,2,2,15,83
2025-12-14 04:07:43.455604,1,2,3,14,81
2025-12-14 04:07:46.262612,1,2,1,14,75
2025-12-14 04:07:50.572088,1,2,3,14,72
2025-12-14 04:07:54.032556,1,1,1,16,76
2025-12-14 04:07:57.443220,1,2,1,16,76
2025-12-14 04:08:00.253077,1,2,5,15,77
2025-12-14 04:08:03.163154,1,1,1,14,77
2025-12-14 04:08:06.972240,1,2,9,13,77
2025-12-14 04:08:10.289439,1,2,5,12,77
2025-12-14 04:08:13.641718,1,1,1,11,78
2025-12-14 04:08:16.550658,1,2,4,11,81
2025-12-14 04:08:19.461722,1,1,6,11,84
2025-12-14 04:08:22.271642,1,2,1,11,85
2025-12-14 04:08:26.595217,1,2,4,11,85
2025-12-14 04:08:29.946188,1,1,1,11,85
2025-12-14 04:08:34.404847,1,2,2,11,85
2025-12-14 04:08:37.660121,1,2,9,11,85
2025-12-14 04:08:40.574230,1,1,8,11,85
2025-12-14 04:08:43.481292,1,2,2,11,81
2025-12-14 04:08:46.297655,1,2,9,11,76
2025-12-14 04:08:50.599006,1,1,1,11,72
2025-12-14 04:08:54.058984,1,2,4,11,66
2025-12-14 04:08:57.470799,1,2,5,11,64
2025-12-14 04:09:00.281386,1,1,6,11,64
2025-12-14 04:09:03.139412,1,2,3,11,64
2025-12-14 04:09:06.999385,1,2,7,11,64
2025-12-14 04:09:10.309580,1,2,3,11,64
2025-12-14 04:09:13.668175,1,2,2,11,64
2025-12-14 04:09:16.579441,1,2,1,11,64
2025-12-14 04:09:19.488584,1,2,1,11,64
2025-12-14 04:09:22.296900,1,2,1,11,64
2025-12-14 04:09:26.106285,1,2,10,11,64
2025-12-14 04:09:29.978361,1,2,12,11,64
2025-12-14 04:09:33.325365,1,2,6,11,69
2025-12-14 04:09:36.186203,1,1,1,11,72
2025-12-14 04:09:40.045512,1,2,1,11,75
2025-12-14 04:09:42.905302,1,2,3,11,78
2025-12-14 04:09:45.713993,1,1,1,11,81
2025-12-14 04:09:49.593104,1,1,1,11,82
2025-12-14 04:09:53.586001,1,1,1,12,80
2025-12-14 04:09:56.946818,1,1,1,12,80
2025-12-14 04:09:59.765839,1,1,2,13,80
2025-12-14 04:10:02.624651,1,1,2,13,81
2025-12-14 04:10:05.976875,1,2,2,13,82
2025-12-14 04:10:09.739450,1,2,1,13,82
2025-12-14 04:10:13.646130,1,2,1,14,82
2025-12-14 04:10:17.058005,1,2,32,15,82
2025-12-14 04:10:19.866398,1,2,3,15,79
2025-12-14 04:10:25.177384,1,2,1,16,77
2025-12-14 04:10:28.087186,1,2,3,15,77
2025-12-14 04:10:30.947557,1,1,1,14,77
2025-12-14 04:10:33.708639,1,2,1,14,77
2025-12-14 04:10:37.567773,1,1,6,14,77
2025-12-14 04:10:40.877835,1,1,1,14,77
2025-12-14 04:10:45.197685,1,1,1,13,77
2025-12-14 04:10:49.048368,1,1,1,13,76
2025-12-14 04:10:52.357988,1,2,4,13,76
2025-12-14 04:10:55.718710,1,2,2,13,76
2025-12-14 04:10:58.628562,1,1,3,13,76
2025-12-14 04:11:01.541690,1,2,1,15,76
2025-12-14 04:11:04.356216,1,2,1,15,76
2025-12-14 04:11:08.158651,1,2,6,14,76
2025-12-14 04:11:11.119001,1,2,6,13,76
2025-12-14 04:11:15.527604,1,1,4,13,72
2025-12-14 04:11:18.337964,1,2,8,13,73
2025-12-14 04:11:21.197089,1,2,13,15,76
2025-12-14 04:11:25.057058,1,2,9,17,79
2025-12-14 04:11:28.375115,1,2,5,17,82
2025-12-14 04:11:32.676144,1,2,2,16,80
2025-12-14 04:11:37.112259,1,2,6,15,70
2025-12-14 04:11:40.545431,1,1,1,15,67
2025-12-14 04:11:43.354722,1,2,12,15,64
2025-12-14 04:11:47.264728,1,2,1,15,63
2025-12-14 04:11:50.127707,1,2,13,15,65
2025-12-14 04:11:52.936911,1,1,1,15,68
2025-12-14 04:11:55.744448,1,1,11,15,71
2025-12-14 04:11:58.654598,1,1,1,15,71
2025-12-14 04:12:01.567801,1,1,7,16,71
2025-12-14 04:12:04.372727,1,1,1,16,71
2025-12-14 04:12:08.182042,1,2,3,17,71
2025-12-14 04:12:12.043367,1,2,13,17,71
2025-12-14 04:12:15.551874,1,1,3,17,71
2025-12-14 04:12:18.360820,1,2,1,17,71
2025-12-14 04:12:21.270481,1,2,3,17,71
2025-12-14 04:12:25.082091,1,2,2,17,71
2025-12-14 04:12:28.391910,1,1,1,17,73
2025-12-14 04:12:32.200986,1,2,1,19,76
2025-12-14 04:12:35.114383,1,1,1,20,79
2025-12-14 04:12:37.919246,1,1,1,21,82
2025-12-14 04:12:43.231514,1,1,1,21,84
2025-12-14 04:12:46.142361,1,2,3,22,84
2025-12-14 04:12:49.001241,1,1,1,20,84
2025-12-14 04:12:52.411626,1,2,1,18,84
2025-12-14 04:12:55.271605,1,2,6,16,84
2025-12-14 04:12:58.130682,1,1,1,15,84
2025-12-14 04:13:00.989465,1,2,4,14,81
2025-12-14 04:13:03.856780,1,1,1,14,80
2025-12-14 04:13:07.672418,1,2,1,14,82
2025-12-14 04:13:10.968180,1,2,8,13,85
2025-12-14 04:13:13.827584,1,1,1,12,88
2025-12-14 04:13:16.686134,1,2,1,12,88
2025-12-14 04:13:19.597189,1,1,8,12,88
2025-12-14 04:13:22.406198,1,1,1,12,88
2025-12-14 04:13:26.715832,1,2,7,16,88
2025-12-14 04:13:30.075589,1,1,11,17,88
2025-12-14 04:13:33.595094,1,1,8,15,88
2025-12-14 04:13:36.393242,1,2,1,14,88
2025-12-14 04:13:39.254388,1,2,8,14,86
2025-12-14 04:13:43.113495,1,1,1,17,85
2025-12-14 04:13:46.423458,1,2,1,19,85
2025-12-14 04:13:50.732271,1,2,7,21,85
2025-12-14 04:13:55.097520,1,2,6,22,85
2025-12-14 04:13:58.404112,1,2,5,22,85
2025-12-14 04:14:02.212630,1,1,6,17,87
2025-12-14 04:14:06.084081,1,1,1,16,89
2025-12-14 04:14:09.831622,1,2,1,14,77
2025-12-14 04:14:13.691597,1,2,5,14,74
2025-12-14 04:14:17.151884,1,2,9,13,77
2025-12-14 04:14:19.964101,1,1,1,12,80
2025-12-14 04:14:23.825500,1,2,1,12,83
2025-12-14 04:14:26.732109,1,2,3,12,86
2025-12-14 04:14:30.101706,1,1,1,12,86
2025-12-14 04:14:33.850692,1,2,1,12,86
2025-12-14 04:14:37.260389,1,2,4,12,86
2025-12-14 04:14:40.171182,1,1,1,12,86
2025-12-14 04:14:43.030005,1,2,2,12,86
2025-12-14 04:14:45.842637,1,1,6,12,86
2025-12-14 04:14:49.701466,1,1,1,15,82
2025-12-14 04:14:53.023667,1,2,1,19,78
2025-12-14 04:14:56.478732,1,2,9,20,75
2025-12-14 04:14:59.353922,1,1,1,21,74
2025-12-14 04:15:02.186193,1,2,7,22,77
2025-12-14 04:15:04.996371,1,1,1,21,80
2025-12-14 04:15:08.808804,1,1,1,18,83
2025-12-14 04:15:12.669679,1,2,1,16,83
2025-12-14 04:15:17.628781,1,1,8,15,86
2025-12-14 04:15:20.437114,1,2,7,13,89
2025-12-14 04:15:23.349100,1,1,1,12,89
2025-12-14 04:15:26.208701,1,2,8,12,89
2025-12-14 04:15:29.016633,1,2,11,11,85
2025-12-14 04:15:33.379144,1,1,1,11,76
2025-12-14 04:15:37.688915,1,1,1,11,73
2025-12-14 04:15:40.997115,1,2,1,11,73
2025-12-14 04:15:45.312835,1,2,2,11,73
2025-12-14 04:15:49.169605,1,2,4,11,73
2025-12-14 04:15:52.486948,1,1,1,11,73
2025-12-14 04:15:56.288294,1,1,1,11,73
2025-12-14 04:15:59.199982,1,2,8,11,73
2025-12-14 04:16:02.007543,1,1,1,11,76
2025-12-14 04:16:06.820799,1,1,1,12,79
2025-12-14 04:16:10.230183,1,2,1,13,82
2025-12-14 04:16:13.090523,1,1,1,15,82
2025-12-14 04:16:17.002535,1,2,3,16,82
2025-12-14 04:16:20.463065,1,2,5,17,82
2025-12-14 04:16:23.321621,1,1,1,15,85
2025-12-14 04:16:26.245232,1,1,1,14,85
2025-12-14 04:16:29.040966,1,2,6,13,85
2025-12-14 04:16:32.851410,1,1,1,12,85
2025-12-14 04:16:37.863134,1,2,1,12,85
2025-12-14 04:16:40.774982,1,2,4,11,86
2025-12-14 04:16:43.684980,1,1,4,11,89
2025-12-14 04:16:46.495541,1,1,1,11,89
2025-12-14 04:16:50.306600,1,2,1,11,89
2025-12-14 04:16:54.165198,1,2,7,11,89
2025-12-14 04:16:58.074269,1,2,2,11,89
2025-12-14 04:17:00.955172,1,1,1,11,89
2025-12-14 04:17:04.793949,1,2,1,11,89
2025-12-14 04:17:07.701872,1,2,7,11,89
2025-12-14 04:17:10.512689,1,1,1,11,89
2025-12-14 04:17:14.324805,1,2,2,11,86
2025-12-14 04:17:17.239963,1,2,6,11,83
2025-12-14 04:17:20.041389,1,1,1,11,83
2025-12-14 04:17:24.852673,1,2,1,11,81
2025-12-14 04:17:28.715020,1,2,1,11,81
2025-12-14 04:17:31.522727,1,2,5,11,82
2025-12-14 04:17:35.438046,1,1,1,14,85
2025-12-14 04:17:38.792746,1,2,1,16,85
2025-12-14 04:17:42.158884,1,1,8,18,82
2025-12-14 04:17:45.913128,1,1,1,20,81
2025-12-14 04:17:49.772789,1,2,4,19,81
2025-12-14 04:17:53.087513,1,2,6,15,79
2025-12-14 04:17:56.895493,1,2,7,14,79
2025-12-14 04:17:59.801423,1,1,1,13,79
2025-12-14 04:18:03.711913,1,2,4,12,75
2025-12-14 04:18:06.529006,1,1,6,12,72
2025-12-14 04:18:09.382423,1,1,2,11,69
2025-12-14 04:18:13.241594,1,2,4,11,70
2025-12-14 04:18:16.553129,1,2,5,11,73
2025-12-14 04:18:19.357425,1,1,1,11,76
2025-12-14 04:18:22.267630,1,2,4,11,79
2025-12-14 04:18:25.126565,1,1,1,11,82
2025-12-14 04:18:27.994275,1,2,8,11,85
2025-12-14 04:18:31.795371,1,1,1,11,85
2025-12-14 04:18:35.104548,1,1,1,11,85
2025-12-14 04:18:38.965821,1,2,2,11,85
2025-12-14 04:18:42.273296,1,2,9,11,85
2025-12-14 04:18:45.132543,1,1,1,11,85
2025-12-14 04:18:47.942991,1,2,5,12,85
2025-12-14 04:18:50.854381,1,1,9,12,85
2025-12-14 04:18:54.211794,1,2,1,14,85
2025-12-14 04:18:58.672551,1,2,1,13,85
2025-12-14 04:19:01.933010,1,2,5,15,85
2025-12-14 04:19:04.843437,1,1,5,18,85
2025-12-14 04:19:07.754569,1,1,1,19,85
2025-12-14 04:19:10.562948,1,1,2,19,85
2025-12-14 04:19:14.871912,1,2,5,17,85
2025-12-14 04:19:18.783127,1,2,3,16,88
2025-12-14 04:19:22.144733,1,1,1,14,88
2025-12-14 04:19:25.004856,1,2,2,14,88
2025-12-14 04:19:28.904460,1,2,4,13,88
2025-12-14 04:19:31.787343,1,1,10,12,88
2025-12-14 04:19:34.582441,1,2,1,12,88
2025-12-14 04:19:37.945060,1,2,4,12,88
2025-12-14 04:19:40.852440,1,1,7,12,88
2025-12-14 04:19:43.762888,1,2,1,12,88
2025-12-14 04:19:46.572702,1,2,5,12,88
2025-12-14 04:19:50.385109,1,1,1,12,88
2025-12-14 04:19:54.243640,1,2,4,12,88
2025-12-14 04:19:57.751757,1,2,23,12,88
2025-12-14 04:20:00.561035,1,2,7,12,87
2025-12-14 04:20:03.421079,1,2,19,12,100
2025-12-14 04:20:07.281179,1,2,10,23,100
2025-12-14 04:20:10.590021,1,1,1,24,100
2025-12-14 04:20:14.400182,1,1,1,24,100
2025-12-14 04:20:17.359641,1,1,1,24,100
2025-12-14 04:20:21.770967,1,1,1,24,100
2025-12-14 04:20:24.578251,1,1,1,21,100
2025-12-14 04:20:27.438422,1,1,1,19,100
2025-12-14 04:20:31.298661,1,1,1,17,100
2025-12-14 04:20:34.608773,1,1,1,15,98
2025-12-14 04:20:37.417345,1,1,1,14,92
2025-12-14 04:20:40.332777,1,1,1,14,87
2025-12-14 04:20:43.191080,1,1,1,13,84
2025-12-14 04:20:45.998782,1,1,1,13,81
2025-12-14 04:20:49.858577,1,1,1,15,78
2025-12-14 04:20:53.166748,1,1,1,16,75
2025-12-14 04:20:56.978336,1,1,1,16,74
2025-12-14 04:20:59.889839,1,1,1,15,74
2025-12-14 04:21:03.797375,1,1,1,15,74
2025-12-14 04:21:06.607405,1,1,1,14,74
2025-12-14 04:21:09.468103,1,1,1,13,74
2025-12-14 04:21:13.328278,1,1,1,12,77
2025-12-14 04:21:16.236020,1,1,1,12,78
2025-12-14 04:21:19.002809,1,1,1,12,73
2025-12-14 04:21:22.906106,1,1,1,11,70
2025-12-14 04:21:25.817021,1,1,1,11,67
2025-12-14 04:21:28.628964,1,1,1,11,64
2025-12-14 04:21:32.434294,1,1,1,11,64
2025-12-14 04:21:35.344805,1,1,1,11,64
2025-12-14 04:21:38.152029,1,1,1,11,63
2025-12-14 04:21:42.012187,1,1,1,11,63
2025-12-14 04:21:44.923070,1,1,1,11,63
2025-12-14 04:21:48.282039,1,1,1,11,63
2025-12-14 04:21:52.042430,1,1,1,11,63
2025-12-14 04:21:54.952294,1,1,1,11,63
2025-12-14 04:21:58.360647,1,1,1,11,63
2025-12-14 04:22:01.219297,1,1,1,11,63
2025-12-14 04:22:04.030979,1,1,1,11,63
2025-12-14 04:22:07.890927,1,1,1,11,63
2025-12-14 04:22:11.204312,1,1,1,11,63
2025-12-14 04:22:15.010918,1,1,1,11,63
2025-12-14 04:22:17.920006,1,1,1,11,63
2025-12-14 04:22:21.829572,1,1,1,11,63
2025-12-14 04:22:24.639443,1,1,1,11,63
2025-12-14 04:22:27.498954,1,1,1,11,63
2025-12-14 04:22:31.361693,1,1,1,11,63
2025-12-14 04:22:34.268062,1,1,1,11,63
2025-12-14 04:22:37.029423,1,1,1,11,63
2025-12-14 04:22:40.946942,1,1,1,11,63
2025-12-14 04:22:43.848487,1,1,1,11,63
2025-12-14 04:22:46.657818,1,1,1,11,63
2025-12-14 04:22:50.466387,1,1,1,11,63
2025-12-14 04:22:53.376878,1,1,1,11,63
2025-12-14 04:22:56.185497,1,1,1,11,63
2025-12-14 04:23:00.046040,1,1,1,11,63
2025-12-14 04:23:02.957599,1,1,1,11,63
2025-12-14 04:23:06.328344,1,1,1,11,63
2025-12-14 04:23:10.074362,1,1,1,11,63
2025-12-14 04:23:13.939748,1,1,1,11,63
2025-12-14 04:23:16.899219,1,1,1,11,63
2025-12-14 04:23:20.206040,1,1,1,11,63
2025-12-14 04:23:24.063717,1,1,1,11,63
2025-12-14 04:23:26.974192,1,1,1,11,63
2025-12-14 04:23:30.331734,1,1,1,11,63
2025-12-14 04:23:33.695678,1,1,1,11,63
2025-12-14 04:23:36.508872,1,1,1,11,63
2025-12-14 04:23:40.411197,1,1,1,11,63
2025-12-14 04:23:43.271758,1,1,1,11,63
2025-12-14 04:23:46.080614,1,1,1,11,63
2025-12-14 04:23:49.941779,1,1,1,11,63
2025-12-14 04:23:52.902713,1,1,1,11,63
2025-12-14 04:23:56.214622,1,1,1,11,63
2025-12-14 04:24:00.068788,1,1,1,11,63
2025-12-14 04:24:02.984167,1,1,1,11,63
2025-12-14 04:24:06.343772,1,1,1,11,63
2025-12-14 04:24:10.101318,1,1,1,11,63
2025-12-14 04:24:13.959560,1,1,1,11,62
2025-12-14 04:24:16.867965,1,1,1,11,62
2025-12-14 04:24:19.680077,1,1,1,11,62
2025-12-14 04:24:23.537875,1,1,1,11,62
2025-12-14 04:24:26.447855,1,1,1,11,62
2025-12-14 04:24:31.072538,1,1,1,11,62
2025-12-14 04:24:33.069540,1,1,1,11,62
2025-12-14 04:24:36.033290,1,1,1,11,62
2025-12-14 04:24:40.440648,1,1,1,11,62
2025-12-14 04:24:43.296350,1,1,1,11,62
2025-12-14 04:24:46.106969,1,1,1,11,62
2025-12-14 04:24:49.966027,1,1,1,11,62
2025-12-14 04:24:53.325778,1,1,1,11,62
2025-12-14 04:24:56.085372,1,1,1,11,62
2025-12-14 04:24:58.994945,1,1,1,11,62
2025-12-14 04:25:01.904239,1,1,1,11,62
2025-12-14 04:25:04.711474,1,1,1,11,62
2025-12-14 04:25:08.520474,1,1,1,11,62
2025-12-14 04:25:12.381500,1,1,1,11,62
2025-12-14 04:25:16.394275,1,1,1,11,62
2025-12-14 04:25:19.901062,1,1,1,11,62
2025-12-14 04:25:22.718602,1,1,1,11,62
2025-12-14 04:25:26.520104,1,1,1,11,62
2025-12-14 04:25:30.397816,1,1,1,11,62
2025-12-14 04:25:34.741518,1,1,1,11,62
2025-12-14 04:25:38.703122,1,1,1,11,62
2025-12-14 04:25:41.561115,1,1,1,11,62
2025-12-14 04:25:44.479150,1,1,1,11,62
2025-12-14 04:25:47.281509,1,1,1,11,62
2025-12-14 04:25:51.094793,1,1,1,11,62
2025-12-14 04:25:55.449818,1,1,1,11,62
2025-12-14 04:25:58.359698,1,1,1,11,62
2025-12-14 04:26:01.120708,1,1,1,11,62
2025-12-14 04:26:05.029231,1,1,1,11,62
2025-12-14 04:26:07.940250,1,1,1,11,62
2025-12-14 04:26:10.747740,1,1,1,11,62
2025-12-14 04:26:14.558965,1,1,1,11,62
2025-12-14 04:26:17.466793,1,1,1,11,62
2025-12-14 04:26:21.929035,1,1,1,11,62
2025-12-14 04:26:24.739690,1,1,1,11,62
2025-12-14 04:26:27.596075,1,1,1,11,62
2025-12-14 04:26:31.461634,1,1,1,11,62
2025-12-14 04:26:34.768450,1,1,1,11,62
2025-12-14 04:26:38.583889,1,1,1,11,62
2025-12-14 04:26:41.482714,1,1,1,11,62
2025-12-14 04:26:44.293058,1,1,1,11,62
2025-12-14 04:26:48.156020,1,1,1,11,62
2025-12-14 04:26:51.063324,1,1,1,11,62
2025-12-14 04:26:54.423434,1,1,1,11,62
2025-12-14 04:26:57.783122,1,1,1,11,62
2025-12-14 04:27:00.591226,1,1,1,11,62
2025-12-14 04:27:04.499466,1,1,1,11,62
2025-12-14 04:27:07.357634,1,1,1,11,62
2025-12-14 04:27:10.171683,1,1,1,11,62
2025-12-14 04:27:14.028647,1,1,1,11,62
2025-12-14 04:27:17.339496,1,1,1,11,62
2025-12-14 04:27:20.147684,1,1,1,11,62
2025-12-14 04:27:23.055644,1,1,1,11,62
2025-12-14 04:27:25.965653,1,1,1,11,62
2025-12-14 04:27:28.775116,1,1,1,11,62
2025-12-14 04:27:32.595513,1,1,1,11,62
2025-12-14 04:27:36.443584,1,1,1,11,62
2025-12-14 04:27:39.952825,1,1,1,11,62
2025-12-14 04:27:42.764462,1,1,1,11,62
2025-12-14 04:27:45.622908,1,1,1,11,62
2025-12-14 04:27:49.483485,1,1,1,11,62
2025-12-14 04:27:52.790646,1,1,1,11,62
2025-12-14 04:27:56.600057,1,1,1,11,62
2025-12-14 04:27:59.561188,1,1,1,11,62
2025-12-14 04:28:03.971171,1,1,11,11,62
2025-12-14 04:28:06.778976,1,2,10,11,62
2025-12-14 04:28:09.640480,1,1,1,11,62
2025-12-14 04:28:13.499447,1,1,1,12,62
2025-12-14 04:28:16.808307,1,1,1,14,62
2025-12-14 04:28:20.220387,1,1,1,16,62
2025-12-14 04:28:23.529084,1,1,1,18,64
2025-12-14 04:28:26.338067,1,2,1,19,67
2025-12-14 04:28:31.150655,1,1,1,19,71
2025-12-14 04:28:34.562628,1,1,1,19,68
2025-12-14 04:28:37.420934,1,1,1,20,65
2025-12-14 04:28:40.182610,1,1,1,20,62
2025-12-14 04:28:44.040953,1,1,1,20,62
2025-12-14 04:28:47.348782,1,1,1,20,62
2025-12-14 04:28:51.161733,1,1,1,20,62
2025-12-14 04:28:55.521368,1,2,2,20,62
2025-12-14 04:28:58.828909,1,1,1,20,62
2025-12-14 04:29:01.643689,1,2,2,20,62
2025-12-14 04:29:04.547644,1,1,1,20,62
2025-12-14 04:29:07.409670,1,1,1,20,62
2025-12-14 04:29:10.223064,1,2,1,20,62
2025-12-14 04:29:14.078135,1,1,1,20,64
2025-12-14 04:29:17.386011,1,1,1,20,67
2025-12-14 04:29:20.245248,1,1,2,20,69
2025-12-14 04:29:23.105346,1,1,1,19,69
2025-12-14 04:29:26.016147,1,2,1,20,69
2025-12-14 04:29:28.825711,1,1,1,20,69
2025-12-14 04:29:32.637247,1,2,1,20,69
2025-12-14 04:29:36.494888,1,1,2,20,69
2025-12-14 04:29:40.263777,1,1,1,20,69
2025-12-14 04:29:44.065415,1,1,1,20,69
2025-12-14 04:29:47.375178,1,1,1,21,71
2025-12-14 04:29:51.182760,1,1,1,21,74
2025-12-14 04:29:55.546101,1,1,1,21,72
2025-12-14 04:29:58.857235,1,1,1,21,69
2025-12-14 04:30:02.658756,1,2,1,21,69
2025-12-14 04:30:05.568119,1,1,1,22,70
2025-12-14 04:30:08.378467,1,1,1,22,73
2025-12-14 04:30:13.191237,1,1,1,22,79
2025-12-14 04:30:17.055172,1,1,1,23,82
2025-12-14 04:30:19.860169,1,1,10,23,85
2025-12-14 04:30:24.278992,1,1,1,23,86
2025-12-14 04:30:27.581884,1,2,2,23,86
2025-12-14 04:30:30.438341,1,1,1,23,86
2025-12-14 04:30:33.296981,1,2,1,24,86
2025-12-14 04:30:36.158257,1,1,1,23,86
2025-12-14 04:30:40.067631,1,1,1,22,85
2025-12-14 04:30:42.877867,1,1,1,22,80
2025-12-14 04:30:45.687376,1,1,1,22,80
2025-12-14 04:30:49.545887,1,1,1,21,80
2025-12-14 04:30:52.857193,1,1,1,21,80
2025-12-14 04:30:56.664925,1,1,1,21,80
2025-12-14 04:31:00.531108,1,1,1,21,80
2025-12-14 04:31:04.284839,1,1,1,21,80
2025-12-14 04:31:07.145020,1,1,1,21,78
2025-12-14 04:31:10.054812,1,1,3,21,75
2025-12-14 04:31:12.872261,1,1,1,21,72
2025-12-14 04:31:15.724565,1,1,1,21,69
2025-12-14 04:31:19.582272,1,1,1,21,66
2025-12-14 04:31:22.896620,1,1,1,21,67
2025-12-14 04:31:25.753000,1,1,1,21,70
2025-12-14 04:31:28.611784,1,1,1,20,70
2025-12-14 04:31:31.467957,1,1,1,21,70
2025-12-14 04:31:34.277505,1,1,1,20,70
2025-12-14 04:31:38.138453,1,1,1,18,69
2025-12-14 04:31:41.446141,1,1,1,15,66
2025-12-14 04:31:44.907169,1,1,1,14,65
2025-12-14 04:31:47.722403,1,1,1,13,65
2025-12-14 04:31:50.627106,1,1,1,14,65
2025-12-14 04:31:53.434715,1,2,1,16,65
2025-12-14 04:31:57.245956,1,1,1,18,65
2025-12-14 04:32:01.605668,1,1,1,19,69
2025-12-14 04:32:04.517339,1,1,1,20,72
2025-12-14 04:32:07.283471,1,1,2,21,75
2025-12-14 04:32:11.185140,1,1,1,22,77
2025-12-14 04:32:14.097457,1,1,1,22,77
2025-12-14 04:32:16.904111,1,1,1,22,76
2025-12-14 04:32:20.711719,1,1,1,22,73
2025-12-14 04:32:24.128979,1,1,1,20,70
2025-12-14 04:32:27.485888,1,1,1,21,70
2025-12-14 04:32:30.301814,1,1,1,19,70
2025-12-14 04:32:33.208607,1,1,2,20,70
2025-12-14 04:32:36.562098,1,1,1,20,69
2025-12-14 04:32:40.321181,1,1,1,17,67
2025-12-14 04:32:43.230723,1,1,1,15,67
2025-12-14 04:32:46.640680,1,1,1,14,66
2025-12-14 04:32:49.499415,1,1,1,14,64
2025-12-14 04:32:52.313249,1,1,1,16,64
2025-12-14 04:32:56.170772,1,1,1,18,64
2025-12-14 04:32:59.478826,1,1,1,19,64
2025-12-14 04:33:03.287539,1,1,1,17,64
2025-12-14 04:33:06.200884,1,1,1,15,64
2025-12-14 04:33:10.111022,1,1,1,17,64
2025-12-14 04:33:12.916307,1,1,1,19,64
2025-12-14 04:33:15.782199,1,1,1,20,64
2025-12-14 04:33:19.637509,1,1,1,21,64
2025-12-14 04:33:22.945945,1,1,1,21,64
2025-12-14 04:33:25.754888,1,1,1,18,64
2025-12-14 04:33:28.665201,1,1,1,16,64
2025-12-14 04:33:31.527088,1,1,1,15,64
2025-12-14 04:33:34.333879,1,1,1,14,64
2025-12-14 04:33:38.195745,1,1,1,13,64
2025-12-14 04:33:41.503642,1,1,1,12,64
2025-12-14 04:33:44.313604,1,2,1,12,64
2025-12-14 04:33:47.222053,1,1,2,12,64
2025-12-14 04:33:50.138550,1,1,1,12,64
2025-12-14 04:33:52.940019,1,1,1,12,64
2025-12-14 04:33:56.750969,1,1,1,15,65
2025-12-14 04:34:00.610479,1,1,1,17,68
2025-12-14 04:34:03.968759,1,1,1,18,74
2025-12-14 04:34:06.778452,1,2,1,16,77
2025-12-14 04:34:10.688866,1,1,1,15,72
2025-12-14 04:34:13.549303,1,1,1,14,69
2025-12-14 04:34:16.959262,1,1,1,13,66
2025-12-14 04:34:20.768249,1,1,1,12,63
2025-12-14 04:34:23.726533,1,1,1,12,63
2025-12-14 04:34:28.137741,1,1,1,12,63
2025-12-14 04:34:30.946008,1,1,1,12,63
2025-12-14 04:34:33.857831,1,1,1,12,63
2025-12-14 04:34:37.666443,1,1,1,12,63
2025-12-14 04:34:40.975233,1,1,1,12,63
2025-12-14 04:34:44.336405,1,1,1,13,63
2025-12-14 04:34:47.244780,1,1,1,12,63
2025-12-14 04:34:50.161436,1,1,1,12,63
2025-12-14 04:34:52.972768,1,1,8,12,63
2025-12-14 04:34:56.774464,1,2,27,12,63
2025-12-14 04:35:00.639235,1,2,12,14,63
2025-12-14 04:35:05.096194,1,2,1,15,63
2025-12-14 04:35:08.354458,1,2,1,15,63
2025-12-14 04:35:11.263801,1,1,8,16,63
2025-12-14 04:35:14.173570,1,1,1,17,63
2025-12-14 04:35:16.987240,1,2,1,17,63
2025-12-14 04:35:20.797939,1,1,1,17,65
2025-12-14 04:35:24.203237,1,1,1,17,68
2025-12-14 04:35:27.561579,1,2,1,16,74
2025-12-14 04:35:30.421840,1,1,1,16,74
2025-12-14 04:35:33.285838,1,2,1,17,77
2025-12-14 04:35:36.647405,1,1,1,17,80
2025-12-14 04:35:40.403107,1,1,4,17,81
2025-12-14 04:35:43.311335,1,2,1,17,79
2025-12-14 04:35:47.175605,1,2,8,17,74
2025-12-14 04:35:49.982021,1,1,6,17,71
2025-12-14 04:35:53.840974,1,1,1,17,68
2025-12-14 04:35:56.751947,1,2,2,17,65
2025-12-14 04:35:59.558738,1,2,6,17,65
2025-12-14 04:36:03.530818,1,1,1,15,65
2025-12-14 04:36:06.980169,1,1,1,14,65
2025-12-14 04:36:09.841090,1,2,9,14,65
2025-12-14 04:36:14.250404,1,2,4,13,65
2025-12-14 04:36:17.559498,1,1,4,12,65
2025-12-14 04:36:21.371438,1,1,5,12,65
2025-12-14 04:36:26.381717,1,1,1,12,65
2025-12-14 04:36:29.291087,1,1,1,16,67
2025-12-14 04:36:32.203503,1,2,11,17,70
2025-12-14 04:36:35.011987,1,1,9,17,73
2025-12-14 04:36:39.323366,1,1,1,18,76
2025-12-14 04:36:42.683090,1,2,1,17,78
2025-12-14 04:36:46.640726,1,1,3,15,71
2025-12-14 04:36:49.410230,1,1,6,14,68
2025-12-14 04:36:53.310776,1,1,2,13,66
2025-12-14 04:36:56.225779,1,2,1,13,66
2025-12-14 04:36:59.042305,1,2,4,13,66
2025-12-14 04:37:02.841379,1,1,1,15,66
2025-12-14 04:37:06.255411,1,1,1,16,66
2025-12-14 04:37:09.612461,1,2,1,18,65
2025-12-14 04:37:12.418270,1,2,4,19,65
2025-12-14 04:37:15.329865,1,1,1,18,65
2025-12-14 04:37:18.696623,1,2,7,16,65
2025-12-14 04:37:22.499440,1,1,7,15,65
2025-12-14 04:37:25.309477,1,2,1,14,65
2025-12-14 04:37:28.218477,1,1,10,13,65
2025-12-14 04:37:31.046014,1,1,1,13,65
2025-12-14 04:37:33.938637,1,2,4,12,65
2025-12-14 04:37:37.750495,1,1,1,12,65
2025-12-14 04:37:41.055621,1,1,1,12,65
2025-12-14 04:37:44.464598,1,2,8,13,65
2025-12-14 04:37:47.776156,1,1,1,16,65
2025-12-14 04:37:50.589495,1,2,6,16,65
2025-12-14 04:37:54.503840,1,2,9,15,65
2025-12-14 04:37:57.354481,1,1,1,14,67
2025-12-14 04:38:00.713812,1,2,1,15,68
2025-12-14 04:38:04.674000,1,1,6,17,74
2025-12-14 04:38:07.434038,1,1,1,19,74
2025-12-14 04:38:11.342896,1,2,1,20,74
2025-12-14 04:38:14.259160,1,1,2,21,74
2025-12-14 04:38:17.071121,1,1,1,21,74
2025-12-14 04:38:20.872359,1,2,6,22,74
2025-12-14 04:38:23.831242,1,1,1,22,74
2025-12-14 04:38:27.696691,1,1,1,22,73
2025-12-14 04:38:30.503321,1,2,12,22,73
2025-12-14 04:38:33.366676,1,1,1,22,70
2025-12-14 04:38:36.722324,1,2,10,22,67
2025-12-14 04:38:40.481670,1,1,8,22,65
2025-12-14 04:38:43.343079,1,1,1,22,65
2025-12-14 04:38:46.250772,1,2,1,22,65
2025-12-14 04:38:49.059953,1,1,5,22,65
2025-12-14 04:38:51.970147,1,1,1,19,65
2025-12-14 04:38:55.779931,1,2,7,17,65
2025-12-14 04:38:59.089846,1,2,7,15,65
2025-12-14 04:39:02.504137,1,1,1,14,65
2025-12-14 04:39:05.807574,1,1,1,16,65
2025-12-14 04:39:08.619477,1,2,8,17,65
2025-12-14 04:39:13.443628,1,1,6,18,65
2025-12-14 04:39:17.290170,1,1,2,19,66
2025-12-14 04:39:20.100112,1,2,1,19,69
2025-12-14 04:39:23.458049,1,2,3,17,72
2025-12-14 04:39:26.369935,1,1,1,14,75
2025-12-14 04:39:29.278950,1,2,1,14,78
2025-12-14 04:39:32.088551,1,2,4,14,81
2025-12-14 04:39:35.997268,1,1,1,18,84
2025-12-14 04:39:38.859572,1,1,1,20,86
2025-12-14 04:39:42.718265,1,2,13,21,86
2025-12-14 04:39:45.477845,1,1,1,19,86
2025-12-14 04:39:48.392350,1,2,1,17,86
2025-12-14 04:39:52.298230,1,1,6,16,86
2025-12-14 04:39:55.108431,1,1,1,14,86
2025-12-14 04:39:57.968713,1,2,3,14,86
2025-12-14 04:40:00.829771,1,2,3,13,86
2025-12-14 04:40:03.687983,1,1,1,13,86
2025-12-14 04:40:06.502185,1,1,5,12,86
2025-12-14 04:40:09.409156,1,1,1,13,84
2025-12-14 04:40:12.776367,1,2,4,16,78
2025-12-14 04:40:16.491545,1,1,5,18,69
2025-12-14 04:40:20.339004,1,1,1,20,66
2025-12-14 04:40:23.649271,1,1,1,21,63
2025-12-14 04:40:27.459507,1,2,1,22,66
2025-12-14 04:40:31.321232,1,2,1,22,62
2025-12-14 04:40:34.131617,1,1,6,23,62
2025-12-14 04:40:37.498818,1,1,1,23,63
2025-12-14 04:40:41.401616,1,2,1,18,66
2025-12-14 04:40:44.324358,1,1,5,16,69
2025-12-14 04:40:47.121642,1,1,1,16,72
2025-12-14 04:40:50.937136,1,2,1,14,75
2025-12-14 04:40:54.795416,1,2,3,13,77
2025-12-14 04:40:58.751196,1,1,8,13,77
2025-12-14 04:41:01.514507,1,1,1,13,77
2025-12-14 04:41:05.421881,1,2,1,13,77
2025-12-14 04:41:08.330732,1,1,7,12,77
2025-12-14 04:41:11.141201,1,1,1,12,77
2025-12-14 04:41:14.949169,1,2,7,12,77
2025-12-14 04:41:18.759229,1,2,5,15,77
2025-12-14 04:41:22.517645,1,1,1,17,77
2025-12-14 04:41:26.382677,1,2,1,19,79
2025-12-14 04:41:29.692559,1,2,1,21,79
2025-12-14 04:41:33.998222,1,2,11,22,79
2025-12-14 04:41:37.867393,1,1,1,22,79
2025-12-14 04:41:40.773010,1,1,1,23,79
2025-12-14 04:41:43.575697,1,2,10,23,79
2025-12-14 04:41:47.435260,1,1,6,23,79
2025-12-14 04:41:50.345924,1,1,1,23,79
2025-12-14 04:41:53.154642,1,2,6,23,79
2025-12-14 04:41:56.966912,1,1,1,23,79
2025-12-14 04:42:00.374515,1,1,1,23,79
2025-12-14 04:42:03.734878,1,2,2,23,79
2025-12-14 04:42:06.592057,1,1,1,23,79
2025-12-14 04:42:09.455038,1,2,1,23,79
2025-12-14 04:42:12.814728,1,2,4,23,79
2025-12-14 04:42:16.574767,1,1,6,23,79
2025-12-14 04:42:19.485832,1,1,1,23,79
2025-12-14 04:42:23.394972,1,2,1,23,79
2025-12-14 04:42:26.723744,1,1,1,23,79
2025-12-14 04:42:31.515879,1,2,8,23,79
2025-12-14 04:42:35.376610,1,1,8,23,78
2025-12-14 04:42:38.185047,1,1,1,23,78
2025-12-14 04:42:41.546618,1,2,7,21,78
2025-12-14 04:42:44.906411,1,1,1,17,79
2025-12-14 04:42:47.713846,1,1,1,15,81
2025-12-14 04:42:52.024466,1,2,1,14,82
2025-12-14 04:42:55.884309,1,1,3,14,82
2025-12-14 04:42:59.193076,1,1,1,13,82
2025-12-14 04:43:02.566711,1,2,1,16,82
2025-12-14 04:43:05.464463,1,2,7,18,82
2025-12-14 04:43:08.375816,1,1,1,19,82
2025-12-14 04:43:11.184373,1,2,1,19,82
2025-12-14 04:43:15.493722,1,1,6,21,82
2025-12-14 04:43:18.853782,1,1,2,22,82
2025-12-14 04:43:22.618659,1,1,1,22,82
2025-12-14 04:43:26.423048,1,2,3,23,82
2025-12-14 04:43:29.731069,1,2,12,23,83
2025-12-14 04:43:34.091063,1,1,7,23,83
2025-12-14 04:43:37.901667,1,1,1,23,83
2025-12-14 04:43:41.212164,1,2,1,23,83
2025-12-14 04:43:44.622405,1,2,7,23,83
2025-12-14 04:43:47.930991,1,1,1,23,84
2025-12-14 04:43:50.748371,1,1,1,23,84
2025-12-14 04:43:55.554184,1,2,1,23,84
2025-12-14 04:43:58.964165,1,2,8,23,84
2025-12-14 04:44:01.832240,1,1,1,23,84
2025-12-14 04:44:04.633031,1,2,4,23,84
2025-12-14 04:44:08.444721,1,1,6,23,84
2025-12-14 04:44:11.752782,1,1,2,23,85
2025-12-14 04:44:15.569106,1,1,1,23,85
2025-12-14 04:44:19.427406,1,2,1,23,85
2025-12-14 04:44:22.233387,1,2,3,23,79
2025-12-14 04:44:25.044566,1,1,1,23,74
2025-12-14 04:44:28.955101,1,2,6,23,71
2025-12-14 04:44:31.813733,1,1,1,23,68
2025-12-14 04:44:34.625184,1,2,1,23,65
2025-12-14 04:44:38.484228,1,1,5,23,65
2025-12-14 04:44:41.843090,1,1,1,23,65
2025-12-14 04:44:44.601925,1,2,1,23,66
2025-12-14 04:44:47.526523,1,1,6,24,69
2025-12-14 04:44:50.424230,1,2,1,24,72
2025-12-14 04:44:53.235741,1,2,2,24,73
2025-12-14 04:44:57.542423,1,1,7,18,75
2025-12-14 04:45:00.454621,1,1,1,19,75
2025-12-14 04:45:03.811974,1,2,1,19,75
2025-12-14 04:45:06.622180,1,1,7,20,75
2025-12-14 04:45:09.532050,1,1,1,21,75
2025-12-14 04:45:12.898003,1,2,5,21,75
2025-12-14 04:45:16.662141,1,2,6,22,75
2025-12-14 04:45:20.513111,1,1,1,22,75
2025-12-14 04:45:23.422435,1,2,1,22,75
2025-12-14 04:45:26.231568,1,2,7,22,75
2025-12-14 04:45:30.092156,1,2,1,20,75
2025-12-14 04:45:33.002155,1,1,1,19,71
2025-12-14 04:45:35.812695,1,2,7,19,68
2025-12-14 04:45:39.675290,1,1,1,20,65
2025-12-14 04:45:42.981939,1,1,1,21,63
2025-12-14 04:45:45.840662,1,2,2,21,63
2025-12-14 04:45:48.700550,1,1,1,22,63
2025-12-14 04:45:51.559634,1,2,1,22,63
2025-12-14 04:45:54.919941,1,1,8,23,63
2025-12-14 04:45:58.880008,1,1,3,23,63
2025-12-14 04:46:01.641266,1,2,1,23,63
2025-12-14 04:46:05.557521,1,2,6,23,63
2025-12-14 04:46:08.961796,1,1,2,23,63
2025-12-14 04:46:11.818223,1,1,1,23,63
2025-12-14 04:46:16.180327,1,1,2,23,66
2025-12-14 04:46:20.090123,1,1,3,23,69
2025-12-14 04:46:23.006170,1,2,5,23,72
2025-12-14 04:46:25.861223,1,1,1,23,73
2025-12-14 04:46:28.680179,1,1,3,21,70
2025-12-14 04:46:32.528547,1,1,1,19,68
2025-12-14 04:46:35.847460,1,2,1,15,65
2025-12-14 04:46:39.800021,1,2,10,14,62
2025-12-14 04:46:44.108597,1,2,12,13,62
2025-12-14 04:46:47.019196,1,1,1,13,62
2025-12-14 04:46:49.880580,1,2,1,13,62
2025-12-14 04:46:52.687961,1,1,6,12,62
2025-12-14 04:46:56.546942,1,1,1,12,62
2025-12-14 04:47:00.558496,1,2,1,14,62
2025-12-14 04:47:04.487219,1,2,1,17,62
2025-12-14 04:47:07.277822,1,2,6,18,62
2025-12-14 04:47:11.138199,1,1,1,20,62
2025-12-14 04:47:14.048967,1,1,1,21,62
2025-12-14 04:47:16.907125,1,2,8,22,62
2025-12-14 04:47:20.266202,1,1,1,22,63
2025-12-14 04:47:24.125089,1,2,5,23,66
2025-12-14 04:47:27.043284,1,1,3,23,69
2025-12-14 04:47:29.844110,1,1,1,23,72
2025-12-14 04:47:34.154967,1,1,2,23,72
2025-12-14 04:47:38.012503,1,2,7,23,72
2025-12-14 04:47:43.073097,1,2,7,17,72
2025-12-14 04:47:46.484770,1,2,6,15,72
2025-12-14 04:47:49.295945,1,1,1,14,72
2025-12-14 04:47:52.156152,1,2,8,13,72
2025-12-14 04:47:56.016127,1,2,7,14,72
2025-12-14 04:47:59.324972,1,1,1,16,72
2025-12-14 04:48:02.686435,1,1,1,18,72
2025-12-14 04:48:05.603151,1,2,8,15,70
2025-12-14 04:48:08.503579,1,1,1,14,67
2025-12-14 04:48:11.317393,1,2,1,14,64
2025-12-14 04:48:15.622948,1,1,7,13,63
2025-12-14 04:48:18.982108,1,1,1,13,64
2025-12-14 04:48:22.742490,1,1,1,12,70
2025-12-14 04:48:26.551021,1,1,1,12,73
2025-12-14 04:48:29.861499,1,2,8,12,76
2025-12-14 04:48:33.670429,1,1,7,12,79
2025-12-14 04:48:37.532172,1,1,1,12,82
2025-12-14 04:48:40.341601,1,2,1,15,82
2025-12-14 04:48:43.705416,1,1,2,17,82
2025-12-14 04:48:47.612761,1,1,1,20,82
2025-12-14 04:48:50.522664,1,2,1,21,80
2025-12-14 04:48:53.333994,1,1,2,21,78
2025-12-14 04:48:57.650410,1,1,1,22,72
2025-12-14 04:49:01.000632,1,2,1,23,69
2025-12-14 04:49:04.760876,1,2,5,23,63
2025-12-14 04:49:08.571121,1,1,1,23,63
2025-12-14 04:49:11.877798,1,1,1,23,63
2025-12-14 04:49:15.692225,1,2,1,20,63
2025-12-14 04:49:19.550942,1,1,1,17,63
2025-12-14 04:49:22.363723,1,2,8,15,63
2025-12-14 04:49:25.721457,1,1,3,14,63
2025-12-14 04:49:29.636303,1,1,1,18,63
2025-12-14 04:49:32.551924,1,2,1,19,63
2025-12-14 04:49:35.352192,1,2,1,19,65
2025-12-14 04:49:39.157421,1,1,1,19,68
2025-12-14 04:49:43.020186,1,2,9,19,71
2025-12-14 04:49:46.377741,1,2,25,18,100
2025-12-14 04:49:49.241353,1,2,3,24,100
2025-12-14 04:49:53.098647,1,1,1,24,100
2025-12-14 04:49:55.959422,1,2,6,23,100
2025-12-14 04:49:58.769035,1,1,1,23,100
2025-12-14 04:50:02.627777,1,1,1,24,100
2025-12-14 04:50:05.586631,1,1,1,19,100
2025-12-14 04:50:08.898056,1,2,5,18,100
2025-12-14 04:50:12.755466,1,1,5,17,100
2025-12-14 04:50:15.667263,1,1,1,17,97
2025-12-14 04:50:19.049018,1,1,4,18,92
2025-12-14 04:50:22.787066,1,1,1,18,91
2025-12-14 04:50:25.696269,1,2,1,17,91
2025-12-14 04:50:29.104842,1,2,5,19,89
2025-12-14 04:50:31.977453,1,1,1,20,87
2025-12-14 04:50:34.773026,1,2,1,20,89
2025-12-14 04:50:38.637178,1,1,4,21,90
2025-12-14 04:50:41.944708,1,1,1,21,90
2025-12-14 04:50:45.755042,1,2,1,22,90
2025-12-14 04:50:48.664535,1,1,4,22,84
2025-12-14 04:50:52.574638,1,1,1,20,75
2025-12-14 04:50:55.384060,1,2,1,17,73
2025-12-14 04:50:58.294414,1,1,1,15,73
2025-12-14 04:51:02.103525,1,1,1,14,73
2025-12-14 04:51:06.118137,1,2,3,12,73
2025-12-14 04:51:08.922623,1,2,3,12,73
2025-12-14 04:51:13.734938,1,1,5,12,73
2025-12-14 04:51:17.595347,1,1,1,11,73
2025-12-14 04:51:20.404825,1,2,1,11,73
2025-12-14 04:51:24.266642,1,1,1,11,73
2025-12-14 04:51:27.130091,1,1,1,11,73
2025-12-14 04:51:29.934811,1,1,1,11,73
2025-12-14 04:51:34.296800,1,1,1,11,73
2025-12-14 04:51:38.117515,1,1,1,11,73
2025-12-14 04:51:41.416404,1,2,6,11,71
2025-12-14 04:51:45.723173,1,1,3,11,70
2025-12-14 04:51:49.585239,1,2,6,11,73
2025-12-14 04:51:52.395774,1,1,1,11,76
2025-12-14 04:51:55.256826,1,1,1,11,73
2025-12-14 04:51:59.166721,1,1,1,11,70
2025-12-14 04:52:02.023159,1,1,1,11,70
2025-12-14 04:52:04.883761,1,2,6,11,68
2025-12-14 04:52:09.901048,1,2,7,11,65
2025-12-14 04:52:12.705251,1,1,2,11,63
2025-12-14 04:52:16.616927,1,1,1,11,63
2025-12-14 04:52:19.422379,1,2,1,11,63
2025-12-14 04:52:22.282849,1,1,1,11,63
2025-12-14 04:52:26.143741,1,1,1,11,63
2025-12-14 04:52:29.002411,1,2,3,11,63
2025-12-14 04:52:31.861902,1,1,1,11,63
2025-12-14 04:52:36.674070,1,2,1,14,63
2025-12-14 04:52:40.035065,1,2,1,16,62
2025-12-14 04:52:42.843448,1,1,3,18,62
2025-12-14 04:52:45.755330,1,1,1,19,62
2025-12-14 04:52:50.115117,1,2,1,20,62
2025-12-14 04:52:53.423653,1,2,1,21,62
2025-12-14 04:52:57.233339,1,1,1,22,62
2025-12-14 04:53:01.092469,1,1,1,22,62
2025-12-14 04:53:04.854279,1,2,1,23,65
2025-12-14 04:53:08.711962,1,1,4,23,65
2025-12-14 04:53:11.633702,1,1,1,17,65
2025-12-14 04:53:14.433505,1,2,1,17,66
2025-12-14 04:53:18.343213,1,2,3,14,69
2025-12-14 04:53:21.208659,1,1,1,13,72
2025-12-14 04:53:24.020010,1,2,5,12,75
2025-12-14 04:53:28.321390,1,1,3,12,69
2025-12-14 04:53:31.727298,1,1,1,11,66
2025-12-14 04:53:34.638195,1,2,1,11,69
2025-12-14 04:53:37.457725,1,1,3,11,72
2025-12-14 04:53:40.329673,1,1,1,13,75
2025-12-14 04:53:44.166595,1,2,4,12,77
2025-12-14 04:53:47.475910,1,1,1,12,77
2025-12-14 04:53:50.841100,1,1,1,12,77
2025-12-14 04:53:53.748401,1,2,2,11,77
2025-12-14 04:53:56.655738,1,1,1,11,77
2025-12-14 04:53:59.471130,1,2,1,11,74
2025-12-14 04:54:03.773491,1,1,4,11,71
2025-12-14 04:54:07.138803,1,1,1,11,71
2025-12-14 04:54:10.494341,1,1,1,11,71
2025-12-14 04:54:13.302732,1,2,2,13,71
2025-12-14 04:54:17.213491,1,1,1,16,71
2025-12-14 04:54:20.071409,1,1,3,14,71
2025-12-14 04:54:22.881508,1,1,1,13,68
2025-12-14 04:54:26.740544,1,2,1,13,65
2025-12-14 04:54:30.100971,1,2,5,12,62
2025-12-14 04:54:32.910809,1,1,1,11,62
2025-12-14 04:54:35.777689,1,2,1,11,62
2025-12-14 04:54:38.680979,1,2,1,11,62
2025-12-14 04:54:41.489615,1,1,1,11,63
2025-12-14 04:54:45.298886,1,2,2,11,64
2025-12-14 04:54:48.710087,1,2,4,11,64
2025-12-14 04:54:52.078869,1,1,1,11,64
2025-12-14 04:54:54.878690,1,1,1,11,64
2025-12-14 04:54:57.790103,1,2,4,12,64
2025-12-14 04:55:01.150308,1,1,2,14,64
2025-12-14 04:55:04.910607,1,1,1,14,64
2025-12-14 04:55:07.819089,1,1,1,14,64
2025-12-14 04:55:11.230444,1,2,3,13,64
2025-12-14 04:55:14.088530,1,1,1,13,64
2025-12-14 04:55:16.899184,1,2,1,12,64
2025-12-14 04:55:20.759703,1,1,1,12,64
2025-12-14 04:55:24.065414,1,1,1,12,64
2025-12-14 04:55:27.875583,1,1,1,12,64
2025-12-14 04:55:30.790638,1,2,7,12,64
2025-12-14 04:55:34.697790,1,1,1,12,64
2025-12-14 04:55:37.508754,1,1,1,12,67
2025-12-14 04:55:40.367802,1,2,6,12,70
2025-12-14 04:55:44.225962,1,1,1,12,73
2025-12-14 04:55:47.136332,1,1,1,12,76
2025-12-14 04:55:49.946650,1,2,4,12,76
2025-12-14 04:55:53.805992,1,1,3,12,73
2025-12-14 04:55:56.715605,1,1,1,12,70
2025-12-14 04:55:59.532091,1,2,4,12,72
2025-12-14 04:56:03.332212,1,1,1,12,75
2025-12-14 04:56:07.211874,1,1,1,12,78
2025-12-14 04:56:10.711621,1,2,1,12,78
2025-12-14 04:56:13.512208,1,2,2,12,78
2025-12-14 04:56:16.372559,1,1,1,12,78
2025-12-14 04:56:20.232132,1,2,4,12,74
2025-12-14 04:56:23.542588,1,2,4,15,70
2025-12-14 04:56:26.952634,1,1,1,17,67
2025-12-14 04:56:30.263979,1,1,1,20,64
2025-12-14 04:56:33.071433,1,2,3,21,64
2025-12-14 04:56:37.883422,1,1,2,22,64
2025-12-14 04:56:41.294573,1,1,1,22,64
2025-12-14 04:56:44.152985,1,2,2,23,64
2025-12-14 04:56:47.962634,1,2,1,23,64
2025-12-14 04:56:51.827619,1,2,5,23,64
2025-12-14 04:56:55.184933,1,1,1,23,64
2025-12-14 04:56:58.946401,1,2,1,23,64
2025-12-14 04:57:02.807083,1,1,2,23,64
2025-12-14 04:57:06.115836,1,1,1,22,64
2025-12-14 04:57:09.976195,1,2,4,21,64
2025-12-14 04:57:12.833596,1,1,1,21,64
2025-12-14 04:57:16.744292,1,2,1,20,64
2025-12-14 04:57:19.559477,1,1,3,20,64
2025-12-14 04:57:22.412279,1,1,1,19,64
2025-12-14 04:57:26.277584,1,1,1,19,64
2025-12-14 04:57:29.581484,1,1,1,19,64
2025-12-14 04:57:32.392942,1,1,1,18,64
2025-12-14 04:57:35.300658,1,2,4,18,64
2025-12-14 04:57:38.165468,1,1,2,18,64
2025-12-14 04:57:41.022389,1,1,1,17,64
2025-12-14 04:57:44.835970,1,2,11,18,64
2025-12-14 04:57:47.743087,1,2,37,19,66
2025-12-14 04:57:50.550833,1,2,7,19,65
2025-12-14 04:57:54.410404,1,2,5,19,65
2025-12-14 04:57:57.319890,1,2,2,20,65
2025-12-14 04:58:00.132102,1,1,1,20,65
2025-12-14 04:58:03.941608,1,2,14,20,65
2025-12-14 04:58:06.854017,1,2,7,19,65
2025-12-14 04:58:10.765434,1,2,8,18,65
2025-12-14 04:58:13.570817,1,2,3,18,65
2025-12-14 04:58:16.429667,1,1,1,18,65
2025-12-14 04:58:20.287970,1,2,5,17,65
2025-12-14 04:58:23.598411,1,2,3,16,65
2025-12-14 04:58:26.428884,1,1,1,16,65
2025-12-14 04:58:29.318456,1,2,2,17,65
2025-12-14 04:58:32.175519,1,1,1,18,65
2025-12-14 04:58:35.041305,1,1,1,19,65
2025-12-14 04:58:38.847640,1,1,1,20,65
2025-12-14 04:58:42.155053,1,1,1,21,65
2025-12-14 04:58:45.566282,1,1,1,21,65
2025-12-14 04:58:48.492767,1,2,2,21,65
2025-12-14 04:58:51.335868,1,1,1,22,65
2025-12-14 04:58:54.142193,1,2,3,22,65
2025-12-14 04:58:58.504166,1,1,2,22,65
2025-12-14 04:59:02.319769,1,2,3,22,65
2025-12-14 04:59:05.573948,1,1,2,22,65
2025-12-14 04:59:09.883822,1,1,2,20,65
2025-12-14 04:59:13.243887,1,1,2,18,64
2025-12-14 04:59:17.002843,1,1,1,18,62
2025-12-14 04:59:20.863545,1,2,3,17,65
2025-12-14 04:59:24.173385,1,2,6,16,68
2025-12-14 04:59:28.038581,1,1,1,16,71
2025-12-14 04:59:31.341053,1,2,2,16,77
2025-12-14 04:59:34.204200,1,2,4,14,74
2025-12-14 04:59:37.011643,1,1,1,13,74
2025-12-14 04:59:39.930879,1,1,2,12,77
2025-12-14 04:59:43.280368,1,2,1,12,77
2025-12-14 04:59:47.039648,1,2,2,12,77
2025-12-14 04:59:50.853926,1,1,1,11,75
2025-12-14 04:59:54.158482,1,1,1,11,75
2025-12-14 04:59:58.471294,1,2,5,12,75
2025-12-14 05:00:02.327739,1,1,1,15,75
2025-12-14 05:00:05.639943,1,1,1,15,75
2025-12-14 05:00:10.049912,1,2,2,12,75
2025-12-14 05:00:13.358270,1,1,1,12,75
2025-12-14 05:00:16.219641,1,1,1,11,75
2025-12-14 05:00:19.025790,1,2,11,11,75
2025-12-14 05:00:21.936348,1,1,1,11,75
2025-12-14 05:00:25.306349,1,2,2,12,75
2025-12-14 05:00:29.063604,1,1,6,15,75
2025-12-14 05:00:31.915206,1,1,1,17,75
2025-12-14 05:00:34.825967,1,2,2,18,75
2025-12-14 05:00:37.636986,1,2,3,17,75
2025-12-14 05:00:40.545243,1,1,1,15,75
2025-12-14 05:00:44.353498,1,2,3,14,75
2025-12-14 05:00:47.662495,1,2,5,13,75
2025-12-14 05:00:50.471683,1,1,2,12,75
2025-12-14 05:00:53.393773,1,1,1,12,75
2025-12-14 05:00:56.242395,1,1,1,11,77
2025-12-14 05:00:59.053634,1,2,11,11,80
2025-12-14 05:01:02.914914,1,1,1,15,83
2025-12-14 05:01:06.220049,1,2,3,13,84
2025-12-14 05:01:09.079618,1,1,2,16,84
2025-12-14 05:01:11.952604,1,2,2,18,84
2025-12-14 05:01:14.851117,1,1,2,19,84
2025-12-14 05:01:17.661058,1,2,1,19,84
2025-12-14 05:01:21.977153,1,2,2,17,84
2025-12-14 05:01:25.369718,1,2,4,16,84
2025-12-14 05:01:28.846651,1,2,2,14,83
2025-12-14 05:01:31.648054,1,1,1,14,80
2025-12-14 05:01:34.509073,1,2,4,13,80
2025-12-14 05:01:38.376497,1,1,3,12,80
2025-12-14 05:01:41.679962,1,1,1,12,80
2025-12-14 05:01:45.487575,1,2,1,11,78
2025-12-14 05:01:48.398974,1,2,3,11,75
2025-12-14 05:01:51.205574,1,1,1,11,72
2025-12-14 05:01:55.114667,1,1,4,11,71
2025-12-14 05:01:57.975347,1,1,1,11,71
2025-12-14 05:02:01.337159,1,1,3,11,71
2025-12-14 05:02:05.146535,1,2,1,12,74
2025-12-14 05:02:07.956392,1,1,1,13,77
2025-12-14 05:02:10.867570,1,2,1,16,76
2025-12-14 05:02:13.676180,1,2,4,16,73
2025-12-14 05:02:16.539561,1,1,1,15,72
2025-12-14 05:02:20.400524,1,1,11,13,73
2025-12-14 05:02:23.719605,1,1,1,13,74
2025-12-14 05:02:26.517319,1,1,1,15,74
2025-12-14 05:02:29.423969,1,2,3,15,74
2025-12-14 05:02:32.283013,1,1,1,16,76
2025-12-14 05:02:35.093660,1,2,1,18,79
2025-12-14 05:02:38.954165,1,2,6,19,82
2025-12-14 05:02:42.263138,1,2,4,15,83
2025-12-14 05:02:45.122590,1,1,2,14,83
2025-12-14 05:02:47.981990,1,2,4,14,83
2025-12-14 05:02:50.891392,1,1,1,13,83
2025-12-14 05:02:53.699052,1,2,1,13,83
2025-12-14 05:02:57.513435,1,1,6,12,83
2025-12-14 05:03:01.370575,1,2,7,12,83
2025-12-14 05:03:05.342930,1,1,1,12,83
2025-12-14 05:03:08.090323,1,2,1,12,85
2025-12-14 05:03:12.007909,1,1,3,12,84
2025-12-14 05:03:14.911586,1,1,1,12,84
2025-12-14 05:03:17.719423,1,2,1,12,84
2025-12-14 05:03:21.533009,1,1,15,12,79
2025-12-14 05:03:25.337816,1,2,7,12,75
2025-12-14 05:03:29.098572,1,1,6,12,79
2025-12-14 05:03:32.959182,1,2,1,12,82
2025-12-14 05:03:36.269882,1,2,10,16,85
2025-12-14 05:03:40.078311,1,2,6,18,88
2025-12-14 05:03:43.938056,1,1,4,19,89
2025-12-14 05:03:47.748638,1,2,1,20,86
2025-12-14 05:03:50.608531,1,2,3,21,86
2025-12-14 05:03:53.475012,1,1,1,22,84
2025-12-14 05:03:56.340062,1,2,3,22,80
2025-12-14 05:03:59.197254,1,1,3,23,74
2025-12-14 05:04:02.047313,1,1,5,23,71
2025-12-14 05:04:07.120661,1,2,6,23,68
2025-12-14 05:04:10.019987,1,2,8,23,65
2025-12-14 05:04:13.380067,1,1,6,23,68
2025-12-14 05:04:17.138744,1,2,1,22,74
2025-12-14 05:04:20.999499,1,2,1,23,77
2025-12-14 05:04:24.307989,1,2,1,20,79
2025-12-14 05:04:27.120056,1,2,17,21,79
2025-12-14 05:04:30.027630,1,1,1,21,79
2025-12-14 05:04:32.939023,1,2,1,22,79
2025-12-14 05:04:35.746819,1,2,1,22,80
2025-12-14 05:04:39.569109,1,2,3,22,83
2025-12-14 05:04:43.416183,1,2,2,23,85
2025-12-14 05:04:46.925054,1,1,2,23,85
2025-12-14 05:04:49.733867,1,1,1,23,86
2025-12-14 05:04:52.647117,1,2,5,23,89
2025-12-14 05:04:56.459661,1,2,1,23,90
2025-12-14 05:04:59.770847,1,2,8,23,90
2025-12-14 05:05:03.577760,1,1,5,23,90
2025-12-14 05:05:06.482345,1,1,1,23,90
2025-12-14 05:05:09.293106,1,2,6,23,90
2025-12-14 05:05:14.103804,1,2,1,22,90
2025-12-14 05:05:17.515809,1,2,11,20,90
2025-12-14 05:05:20.378226,1,2,4,19,90
2025-12-14 05:05:23.236734,1,2,1,18,90
2025-12-14 05:05:26.044244,1,2,2,18,90
2025-12-14 05:05:28.955189,1,2,5,18,90
2025-12-14 05:05:31.765520,1,1,1,18,87
2025-12-14 05:05:35.177687,1,2,15,18,84
2025-12-14 05:05:38.537919,1,2,3,18,83
2025-12-14 05:05:43.497871,1,2,11,18,85
2025-12-14 05:05:46.358987,1,2,7,18,85
2025-12-14 05:05:49.167692,1,1,1,18,85
2025-12-14 05:05:52.080108,1,2,1,19,85
2025-12-14 05:05:55.440705,1,1,4,20,85
2025-12-14 05:05:59.248133,1,1,2,21,89
2025-12-14 05:06:02.058612,1,2,1,22,92
2025-12-14 05:06:04.975388,1,1,1,23,94
2025-12-14 05:06:07.779990,1,2,1,23,94
2025-12-14 05:06:10.688497,1,2,3,24,94
2025-12-14 05:06:14.497346,1,2,1,24,94
2025-12-14 05:06:17.807274,1,1,1,24,96
2025-12-14 05:06:20.617599,1,2,18,25,95
2025-12-14 05:06:23.525622,1,1,4,25,96
2025-12-14 05:06:26.385415,1,1,1,24,97
2025-12-14 05:06:29.195795,1,2,1,23,96
2025-12-14 05:06:33.054499,1,2,4,23,96
2025-12-14 05:06:36.364912,1,1,6,24,97
2025-12-14 05:06:39.226289,1,1,1,24,100
2025-12-14 05:06:42.096552,1,2,2,25,100
2025-12-14 05:06:44.993943,1,1,6,25,100
2025-12-14 05:06:47.801639,1,1,7,25,100
2025-12-14 05:06:51.610652,1,1,1,25,100
2025-12-14 05:06:55.472131,1,1,7,25,100
2025-12-14 05:06:59.432591,1,1,3,25,100
2025-12-14 05:07:02.189780,1,2,4,25,100
2025-12-14 05:07:06.100101,1,1,5,25,100
2025-12-14 05:07:09.021846,1,1,1,25,100
2025-12-14 05:07:11.817868,1,1,6,25,100
2025-12-14 05:07:15.627811,1,2,17,25,98
2025-12-14 05:07:18.590735,1,1,1,25,97
2025-12-14 05:07:22.997120,1,2,1,25,97
2025-12-14 05:07:25.804971,1,2,1,25,97
2025-12-14 05:07:28.666106,1,2,2,24,91
2025-12-14 05:07:32.526114,1,2,5,22,85
2025-12-14 05:07:35.855839,1,2,10,20,80
2025-12-14 05:07:39.245652,1,2,6,19,77
2025-12-14 05:07:42.106927,1,1,4,18,74
2025-12-14 05:07:45.015976,1,1,1,19,75
2025-12-14 05:07:47.823374,1,2,1,19,75
2025-12-14 05:07:51.633141,1,1,1,18,75
2025-12-14 05:07:55.493670,1,1,1,17,78
2025-12-14 05:07:59.263151,1,2,1,17,84
2025-12-14 05:08:02.113531,1,1,1,17,87
2025-12-14 05:08:05.022815,1,2,6,17,82
2025-12-14 05:08:07.832016,1,1,1,17,78
2025-12-14 05:08:10.690906,1,1,3,17,75
2025-12-14 05:08:14.551391,1,2,1,17,73
2025-12-14 05:08:17.873721,1,1,1,17,74
2025-12-14 05:08:20.719683,1,2,1,17,77
2025-12-14 05:08:23.579595,1,2,2,17,80
2025-12-14 05:08:26.440777,1,1,2,17,83
2025-12-14 05:08:29.252675,1,1,2,17,83
2025-12-14 05:08:33.111238,1,2,1,17,83
2025-12-14 05:08:36.419226,1,1,1,17,82
2025-12-14 05:08:39.228943,1,2,1,17,79
2025-12-14 05:08:42.140389,1,2,3,17,77
2025-12-14 05:08:45.049197,1,2,9,17,77
2025-12-14 05:08:47.860884,1,2,1,17,77
2025-12-14 05:08:52.168737,1,2,12,17,75
2025-12-14 05:08:55.077717,1,2,5,17,73
2025-12-14 05:08:58.436689,1,1,1,17,68
2025-12-14 05:09:01.296717,1,2,1,16,68
2025-12-14 05:09:04.177761,1,1,2,15,66
2025-12-14 05:09:07.518852,1,2,1,15,66
2025-12-14 05:09:11.277978,1,1,4,14,66
2025-12-14 05:09:14.186806,1,1,1,13,64
2025-12-14 05:09:18.050980,1,2,2,13,63
2025-12-14 05:09:20.860957,1,2,4,13,63
2025-12-14 05:09:24.768038,1,2,2,12,63
2025-12-14 05:09:27.630474,1,1,1,12,63
2025-12-14 05:09:30.443100,1,1,1,12,63
2025-12-14 05:09:33.300551,1,2,1,14,62
2025-12-14 05:09:36.186165,1,2,1,16,62
2025-12-14 05:09:39.071758,1,2,5,17,62
2025-12-14 05:09:41.881169,1,2,3,17,62
2025-12-14 05:09:45.687249,1,2,2,18,65
2025-12-14 05:09:49.548837,1,1,1,18,68
2025-12-14 05:09:52.908831,1,1,1,19,68
2025-12-14 05:09:55.768520,1,2,10,19,68
2025-12-14 05:09:59.082279,1,2,11,19,68
2025-12-14 05:10:01.888616,1,1,3,18,70
2025-12-14 05:10:04.749640,1,2,3,17,73
2025-12-14 05:10:08.609637,1,2,7,16,76
2025-12-14 05:10:11.478018,1,1,1,16,79
2025-12-14 05:10:14.329412,1,2,1,15,80
2025-12-14 05:10:18.202735,1,2,1,14,80
2025-12-14 05:10:21.112024,1,1,12,14,80
2025-12-14 05:10:23.910730,1,1,5,14,80
2025-12-14 05:10:28.521055,1,2,1,14,80
2025-12-14 05:10:31.330265,1,1,1,14,80
2025-12-14 05:10:34.190965,1,2,1,14,80
2025-12-14 05:10:37.553302,1,2,3,14,83
2025-12-14 05:10:41.310931,1,2,7,14,84
2025-12-14 05:10:45.171497,1,1,5,14,84
2025-12-14 05:10:48.080774,1,1,1,14,84
2025-12-14 05:10:50.890427,1,1,2,14,82
2025-12-14 05:10:54.800587,1,2,3,14,80
2025-12-14 05:10:57.660288,1,1,1,14,80
2025-12-14 05:11:00.469605,1,1,2,14,83
2025-12-14 05:11:04.279955,1,1,2,14,85
2025-12-14 05:11:09.341738,1,1,2,14,85
2025-12-14 05:11:12.654282,1,1,1,15,82
2025-12-14 05:11:15.460785,1,1,1,15,76
2025-12-14 05:11:20.281240,1,2,1,15,69
2025-12-14 05:11:23.702913,1,2,3,15,66
2025-12-14 05:11:26.543075,1,2,3,15,66
2025-12-14 05:11:29.360558,1,1,1,15,66
2025-12-14 05:11:33.163686,1,2,10,15,69
2025-12-14 05:11:36.473297,1,2,11,17,72
2025-12-14 05:11:40.832937,1,2,1,17,75
2025-12-14 05:11:44.641263,1,2,6,16,75
2025-12-14 05:11:47.962959,1,2,7,16,75
2025-12-14 05:11:50.759990,1,1,1,16,75
2025-12-14 05:11:53.675075,1,1,1,16,75
2025-12-14 05:11:57.030519,1,2,3,16,76
2025-12-14 05:11:59.840189,1,2,7,15,79
2025-12-14 05:12:02.699280,1,1,1,15,82
2025-12-14 05:12:05.559698,1,2,13,15,85
2025-12-14 05:12:08.318913,1,1,6,15,84
2025-12-14 05:12:12.238015,1,1,4,14,86
2025-12-14 05:12:15.142676,1,1,9,14,86
2025-12-14 05:12:17.948739,1,1,2,14,86
2025-12-14 05:12:22.257975,1,1,1,14,86
2025-12-14 05:12:25.623045,1,1,1,14,86
2025-12-14 05:12:29.127721,1,2,1,14,85
2025-12-14 05:12:31.936678,1,1,3,14,85
2025-12-14 05:12:34.843961,1,2,3,13,86
2025-12-14 05:12:38.655405,1,1,1,13,88
2025-12-14 05:12:41.963054,1,1,1,14,88
2025-12-14 05:12:45.776691,1,1,1,14,88
2025-12-14 05:12:49.232396,1,2,1,14,88
2025-12-14 05:12:53.142333,1,2,5,14,88
2025-12-14 05:12:55.952112,1,2,7,14,88
2025-12-14 05:12:58.811484,1,1,1,14,88
2025-12-14 05:13:02.671273,1,1,1,14,88
2025-12-14 05:13:05.992827,1,1,4,14,88
2025-12-14 05:13:09.341386,1,1,5,14,88
2025-12-14 05:13:12.251764,1,1,3,14,88
2025-12-14 05:13:15.162273,1,1,1,14,88
2025-12-14 05:13:17.972159,1,2,1,14,88
2025-12-14 05:13:21.780798,1,2,1,14,88
2025-12-14 05:13:25.640860,1,1,3,14,88
2025-12-14 05:13:29.399150,1,2,2,14,88
2025-12-14 05:13:33.208768,1,2,12,14,88
2025-12-14 05:13:36.520886,1,2,1,15,88
2025-12-14 05:13:40.829119,1,2,6,15,88
2025-12-14 05:13:44.688341,1,2,5,16,88
2025-12-14 05:13:47.997895,1,1,1,17,88
2025-12-14 05:13:51.359514,1,1,3,18,86
2025-12-14 05:13:54.269867,1,1,6,19,80
2025-12-14 05:13:58.179736,1,2,11,19,74
2025-12-14 05:14:02.118875,1,2,3,20,70
2025-12-14 05:14:03.848986,1,1,1,20,67
2025-12-14 05:14:06.761095,1,1,1,20,68
2025-12-14 05:14:11.719605,1,1,1,20,74
2025-12-14 05:14:14.580111,1,1,1,20,77
2025-12-14 05:14:17.440273,1,2,7,19,80
2025-12-14 05:14:21.249628,1,1,7,19,83
2025-12-14 05:14:24.559852,1,1,2,20,84
2025-12-14 05:14:28.372699,1,1,5,20,84
2025-12-14 05:14:31.288348,1,1,3,20,84
2025-12-14 05:14:35.196079,1,1,1,19,84
2025-12-14 05:14:37.999497,1,1,2,18,84
2025-12-14 05:14:40.909411,1,1,2,17,84
2025-12-14 05:14:44.719009,1,2,5,16,84
2025-12-14 05:14:48.028824,1,1,1,16,84
2025-12-14 05:14:50.837797,1,2,12,16,84
2025-12-14 05:14:53.748245,1,2,3,16,84
2025-12-14 05:14:56.612238,1,1,1,16,84
2025-12-14 05:14:59.466372,1,2,6,16,84
2025-12-14 05:15:03.277467,1,1,1,15,84
2025-12-14 05:15:06.593491,1,2,1,15,84
2025-12-14 05:15:09.402797,1,2,7,15,84
2025-12-14 05:15:12.305166,1,1,1,15,84
2025-12-14 05:15:15.215346,1,2,6,15,84
2025-12-14 05:15:18.024860,1,1,2,15,84
2025-12-14 05:15:22.332965,1,2,1,14,83
2025-12-14 05:15:25.695720,1,2,1,13,83
2025-12-14 05:15:29.654566,1,2,1,12,83
2025-12-14 05:15:32.415468,1,2,1,12,83
2025-12-14 05:15:36.876912,1,2,1,11,83
2025-12-14 05:15:39.785336,1,2,2,11,83
2025-12-14 05:15:42.596992,1,2,5,11,83
2025-12-14 05:15:46.404925,1,1,3,11,83
2025-12-14 05:15:49.314769,1,2,1,11,83
2025-12-14 05:15:53.226141,1,2,11,11,83
2025-12-14 05:15:56.034870,1,2,5,11,83
2025-12-14 05:15:58.899604,1,1,1,11,83
2025-12-14 05:16:02.755207,1,1,1,11,82
2025-12-14 05:16:06.067211,1,1,1,11,79
2025-12-14 05:16:08.878470,1,2,4,12,76
2025-12-14 05:16:11.784223,1,1,1,14,79
2025-12-14 05:16:14.652986,1,2,1,15,82
2025-12-14 05:16:17.503801,1,2,9,15,83
2025-12-14 05:16:21.314366,1,1,5,15,83
2025-12-14 05:16:24.621420,1,2,5,14,83
2025-12-14 05:16:27.430533,1,1,1,14,83
2025-12-14 05:16:30.342709,1,2,8,14,84
2025-12-14 05:16:33.257171,1,1,3,14,84
2025-12-14 05:16:36.067673,1,1,1,14,84
2025-12-14 05:16:40.371061,1,1,3,14,84
2025-12-14 05:16:43.281443,1,1,3,14,84
2025-12-14 05:16:46.641098,1,1,1,14,84
2025-12-14 05:16:49.503637,1,1,1,14,84
2025-12-14 05:16:52.360861,1,1,1,14,84
2025-12-14 05:16:55.720524,1,2,1,14,84
2025-12-14 05:16:59.481925,1,2,1,14,84
2025-12-14 05:17:02.904021,1,2,1,15,84
2025-12-14 05:17:05.800756,1,1,1,15,86
2025-12-14 05:17:08.670289,1,1,1,15,88
2025-12-14 05:17:11.470127,1,1,4,16,88
2025-12-14 05:17:15.330376,1,1,1,15,88
2025-12-14 05:17:18.640582,1,2,1,15,88
2025-12-14 05:17:23.512115,1,1,2,15,88
2025-12-14 05:17:26.812366,1,2,8,16,88
2025-12-14 05:17:29.670297,1,2,4,17,88
2025-12-14 05:17:32.529870,1,1,4,18,88
2025-12-14 05:17:36.403024,1,2,1,18,88
2025-12-14 05:17:39.309026,1,2,8,18,88
2025-12-14 05:17:43.111788,1,2,10,18,88
2025-12-14 05:17:45.920462,1,1,1,18,88
2025-12-14 05:17:48.829167,1,1,1,18,88
2025-12-14 05:17:51.640854,1,1,1,18,88
2025-12-14 05:17:55.549855,1,1,7,18,88
2025-12-14 05:17:58.408750,1,1,3,18,88
2025-12-14 05:18:02.276489,1,2,10,18,83
2025-12-14 05:18:05.078814,1,2,1,18,80
2025-12-14 05:18:07.988966,1,1,1,18,83
2025-12-14 05:18:11.848707,1,1,1,18,86
2025-12-14 05:18:14.707910,1,2,3,18,89
2025-12-14 05:18:17.568601,1,1,1,18,90
2025-12-14 05:18:21.027243,1,2,1,17,87
2025-12-14 05:18:24.948025,1,2,5,17,85
2025-12-14 05:18:27.846797,1,2,6,17,85
2025-12-14 05:18:30.658412,1,2,3,17,82
2025-12-14 05:18:34.969695,1,1,3,17,79
2025-12-14 05:18:38.828080,1,2,6,17,79
2025-12-14 05:18:41.739641,1,2,7,17,79
2025-12-14 05:18:44.501317,1,1,7,17,79
2025-12-14 05:18:48.408449,1,1,7,17,79
2025-12-14 05:18:51.320148,1,1,4,17,79
2025-12-14 05:18:54.140315,1,1,2,17,81
2025-12-14 05:18:58.438975,1,2,2,17,84
2025-12-14 05:19:02.808228,1,2,6,17,84
2025-12-14 05:19:06.108770,1,1,1,17,81
2025-12-14 05:19:09.918706,1,2,1,17,80
2025-12-14 05:19:13.780033,1,1,1,17,80
2025-12-14 05:19:17.536887,1,1,5,18,80
2025-12-14 05:19:21.399379,1,1,1,18,80
2025-12-14 05:19:24.857965,1,1,1,17,80
2025-12-14 05:19:27.674253,1,1,1,17,80
2025-12-14 05:19:31.584111,1,2,3,16,80
2025-12-14 05:19:34.439896,1,2,2,16,80
2025-12-14 05:19:37.815439,1,1,1,16,80
2025-12-14 05:19:41.556352,1,1,1,16,80
2025-12-14 05:19:44.964177,1,2,5,16,80
2025-12-14 05:19:47.874656,1,1,1,16,80
2025-12-14 05:19:50.735034,1,2,1,16,80
2025-12-14 05:19:53.543825,1,1,5,16,80
2025-12-14 05:19:57.403998,1,2,2,16,80
2025-12-14 05:20:00.712772,1,2,7,16,80
2025-12-14 05:20:04.576363,1,1,1,15,80
2025-12-14 05:20:07.883330,1,2,10,13,81
2025-12-14 05:20:10.743139,1,1,1,13,80
2025-12-14 05:20:13.550895,1,2,1,12,80
2025-12-14 05:20:16.462188,1,1,7,12,80
2025-12-14 05:20:19.834273,1,1,1,12,78
2025-12-14 05:20:23.188082,1,2,10,12,69
2025-12-14 05:20:25.990758,1,2,3,12,68
2025-12-14 05:20:29.903197,1,2,23,11,71
2025-12-14 05:20:32.760780,1,2,5,12,74
2025-12-14 05:20:35.569069,1,1,1,11,77
2025-12-14 05:20:39.430425,1,1,3,11,79
2025-12-14 05:20:43.439612,1,1,1,11,79
2025-12-14 05:20:47.349828,1,2,4,11,76
2025-12-14 05:20:50.159843,1,1,2,11,73
2025-12-14 05:20:53.069455,1,2,2,14,70
2025-12-14 05:20:56.878572,1,1,1,16,69
2025-12-14 05:21:00.188410,1,1,1,18,71
2025-12-14 05:21:03.671162,1,2,1,20,74
2025-12-14 05:21:06.462830,1,1,1,21,75
2025-12-14 05:21:09.369377,1,2,1,21,75
2025-12-14 05:21:12.181205,1,1,1,21,75
2025-12-14 05:21:15.991366,1,2,5,19,75
2025-12-14 05:21:19.848761,1,1,2,20,75
2025-12-14 05:21:23.157549,1,1,1,21,75
2025-12-14 05:21:26.021649,1,1,1,18,73
2025-12-14 05:21:29.934717,1,2,1,17,70
2025-12-14 05:21:32.791208,1,1,1,15,70
2025-12-14 05:21:35.598578,1,1,1,13,70
2025-12-14 05:21:39.458147,1,2,1,12,73
2025-12-14 05:21:42.370703,1,2,1,11,76
2025-12-14 05:21:45.178545,1,1,3,11,78
2025-12-14 05:21:49.046322,1,1,2,11,81
2025-12-14 05:21:51.949436,1,1,1,12,83
2025-12-14 05:21:54.758838,1,2,1,14,85
2025-12-14 05:21:58.596023,1,2,1,16,85
2025-12-14 05:22:01.478409,1,2,3,18,85
2025-12-14 05:22:05.401329,1,1,2,17,85
2025-12-14 05:22:08.198435,1,1,1,16,81
2025-12-14 05:22:11.057135,1,2,2,16,78
2025-12-14 05:22:14.917805,1,1,1,15,75
2025-12-14 05:22:18.227798,1,1,1,15,72
2025-12-14 05:22:21.047431,1,1,1,14,71
2025-12-14 05:22:23.945763,1,1,1,14,74
2025-12-14 05:22:26.804728,1,1,2,14,77
2025-12-14 05:22:29.668475,1,2,3,14,80
2025-12-14 05:22:33.473775,1,1,4,14,83
2025-12-14 05:22:36.783269,1,1,4,14,86
2025-12-14 05:22:39.596209,1,1,1,14,86
2025-12-14 05:22:42.502510,1,1,1,14,82
2025-12-14 05:22:45.413250,1,2,3,14,76
2025-12-14 05:22:48.222087,1,1,1,14,79
2025-12-14 05:22:52.032069,1,2,1,14,82
2025-12-14 05:22:55.893799,1,2,3,14,82
2025-12-14 05:22:59.902902,1,2,2,14,74
2025-12-14 05:23:03.209865,1,1,1,14,74
2025-12-14 05:23:07.119304,1,1,1,17,74
2025-12-14 05:23:09.980378,1,1,1,17,74
2025-12-14 05:23:12.790130,1,1,1,17,74
2025-12-14 05:23:17.108209,1,2,1,18,74
2025-12-14 05:23:20.507621,1,1,1,17,74
2025-12-14 05:23:23.416634,1,2,1,17,74
2025-12-14 05:23:26.226233,1,1,1,16,74
2025-12-14 05:23:29.137213,1,1,1,16,74
2025-12-14 05:23:32.948061,1,2,3,15,74
2025-12-14 05:23:36.255854,1,1,1,15,74
2025-12-14 05:23:39.618655,1,2,1,16,72
2025-12-14 05:23:42.524999,1,1,1,16,72
2025-12-14 05:23:45.438186,1,2,2,16,72
2025-12-14 05:23:48.243789,1,1,2,16,72
2025-12-14 05:23:52.555488,1,1,3,15,72
2025-12-14 05:23:55.913184,1,1,1,15,72
2025-12-14 05:23:59.278032,1,1,1,15,72
2025-12-14 05:24:02.132980,1,2,2,16,72
2025-12-14 05:24:05.992185,1,2,1,18,74
2025-12-14 05:24:10.129443,1,2,2,19,77
2025-12-14 05:24:11.660248,1,1,2,20,78
2025-12-14 05:24:15.544525,1,2,1,20,78
2025-12-14 05:24:18.830470,1,2,1,21,79
2025-12-14 05:24:21.689991,1,1,2,22,81
2025-12-14 05:24:24.549301,1,1,2,22,81
2025-12-14 05:24:27.909822,1,1,1,23,81
2025-12-14 05:24:30.718869,1,2,2,23,81
2025-12-14 05:24:33.578144,1,1,3,23,75
2025-12-14 05:24:36.491415,1,1,1,24,72
2025-12-14 05:24:39.798064,1,1,1,24,69
2025-12-14 05:24:43.657388,1,2,3,21,72
2025-12-14 05:24:46.567029,1,1,2,19,75
2025-12-14 05:24:49.925890,1,1,1,18,78
2025-12-14 05:24:53.685868,1,1,3,16,79
2025-12-14 05:24:57.545592,1,2,3,16,74
2025-12-14 05:25:00.454557,1,1,1,16,71
2025-12-14 05:25:03.267097,1,1,1,16,68
2025-12-14 05:25:07.174347,1,1,1,14,65
2025-12-14 05:25:10.034319,1,2,2,13,65
2025-12-14 05:25:12.842135,1,1,1,13,65
2025-12-14 05:25:16.652363,1,1,1,13,64
2025-12-14 05:25:19.562798,1,1,1,12,62
2025-12-14 05:25:23.471137,1,2,1,12,62
2025-12-14 05:25:26.280671,1,1,3,12,62
2025-12-14 05:25:29.141646,1,1,1,12,62
2025-12-14 05:25:33.001255,1,1,1,12,62
2025-12-14 05:25:36.860192,1,1,1,13,62
2025-12-14 05:25:39.721506,1,2,1,15,62
2025-12-14 05:25:42.587407,1,1,1,16,62
2025-12-14 05:25:45.887136,1,1,1,17,62
2025-12-14 05:25:48.698492,1,1,3,18,62
2025-12-14 05:25:53.216096,1,1,1,19,62
2025-12-14 05:25:56.520087,1,1,1,20,62
2025-12-14 05:26:01.931858,1,2,1,21,62
2025-12-14 05:26:05.690435,1,1,1,20,62
2025-12-14 05:26:09.551239,1,2,1,19,62
2025-12-14 05:26:12.867226,1,1,4,16,62
2025-12-14 05:26:16.670958,1,1,3,15,62
2025-12-14 05:26:21.632545,1,1,2,14,62
2025-12-14 05:26:26.041044,1,1,1,13,62
2025-12-14 05:26:29.351047,1,1,1,13,62
2025-12-14 05:26:32.161960,1,1,1,13,62
2025-12-14 05:26:36.070598,1,2,2,14,64
2025-12-14 05:26:38.931606,1,2,4,15,67
2025-12-14 05:26:41.741674,1,1,1,14,68
2025-12-14 05:26:44.599766,1,1,1,13,67
2025-12-14 05:26:47.518268,1,2,1,15,68
2025-12-14 05:26:50.319630,1,1,3,17,71
2025-12-14 05:26:53.179490,1,1,1,18,74
2025-12-14 05:26:57.038988,1,2,2,19,77
2025-12-14 05:27:00.352134,1,1,1,20,76
2025-12-14 05:27:03.162623,1,1,1,21,75
2025-12-14 05:27:06.118801,1,1,1,21,78
2025-12-14 05:27:09.530849,1,1,1,22,81
2025-12-14 05:27:12.338074,1,1,1,22,81
2025-12-14 05:27:16.156867,1,1,1,21,80
2025-12-14 05:27:20.008452,1,2,2,21,77
2025-12-14 05:27:23.517910,1,1,1,21,73
2025-12-14 05:27:26.326127,1,2,2,21,71
2025-12-14 05:27:29.189485,1,1,1,21,74
2025-12-14 05:27:33.046172,1,2,2,21,73
2025-12-14 05:27:36.357255,1,1,1,21,69
2025-12-14 05:27:40.165811,1,1,1,22,66
2025-12-14 05:27:43.090674,1,2,2,22,63
2025-12-14 05:27:45.886278,1,1,1,22,62
2025-12-14 05:27:49.744387,1,1,1,22,62
2025-12-14 05:27:52.655446,1,2,2,22,62
2025-12-14 05:27:56.015737,1,1,4,22,62
2025-12-14 05:27:59.773563,1,1,1,23,64
2025-12-14 05:28:03.584157,1,2,1,23,67
2025-12-14 05:28:06.902787,1,2,1,24,70
2025-12-14 05:28:11.204655,1,2,4,25,76
2025-12-14 05:28:15.066902,1,2,2,25,79
2025-12-14 05:28:18.375136,1,1,1,25,81
2025-12-14 05:28:22.184047,1,2,1,25,81
2025-12-14 05:28:25.093701,1,2,7,25,81
2025-12-14 05:28:27.904834,1,1,1,22,81
2025-12-14 05:28:33.216170,1,1,1,21,80
2025-12-14 05:28:36.126121,1,1,1,18,77
2025-12-14 05:28:38.988380,1,2,3,16,74
2025-12-14 05:28:42.900409,1,1,1,15,73
2025-12-14 05:28:46.358435,1,1,1,13,73
2025-12-14 05:28:49.268236,1,1,1,13,73
2025-12-14 05:28:52.128200,1,2,3,12,72
2025-12-14 05:28:54.938228,1,2,3,12,69
2025-12-14 05:28:59.252458,1,1,3,12,67
2025-12-14 05:29:02.113412,1,2,1,12,67
2025-12-14 05:29:04.967681,1,1,2,12,67
2025-12-14 05:29:07.828298,1,1,1,12,67
2025-12-14 05:29:10.689645,1,2,1,12,67
2025-12-14 05:29:14.056721,1,2,3,12,67
2025-12-14 05:29:17.808646,1,2,3,12,67
2025-12-14 05:29:21.618900,1,1,2,12,67
2025-12-14 05:29:24.928141,1,1,1,14,67
2025-12-14 05:29:29.246554,1,2,3,13,67
2025-12-14 05:29:33.118453,1,1,2,13,67
2025-12-14 05:29:36.409426,1,1,1,14,67
2025-12-14 05:29:40.717113,1,2,2,15,67
2025-12-14 05:29:44.126327,1,1,1,15,67
2025-12-14 05:29:46.984975,1,1,2,15,67
2025-12-14 05:29:49.845381,1,1,1,15,67
2025-12-14 05:29:52.707806,1,2,1,15,67
2025-12-14 05:29:56.065565,1,1,1,14,69
2025-12-14 05:29:59.824693,1,1,1,14,75
2025-12-14 05:30:02.736183,1,1,1,14,78
2025-12-14 05:30:06.144360,1,1,1,14,81
2025-12-14 05:30:09.003658,1,1,1,14,84
2025-12-14 05:30:11.815003,1,1,1,14,87
2025-12-14 05:30:15.674054,1,2,1,13,88
2025-12-14 05:30:18.982030,1,1,1,12,84
2025-12-14 05:30:22.396074,1,1,1,12,80
2025-12-14 05:30:25.254230,1,2,1,12,77
2025-12-14 05:30:28.166712,1,1,1,12,76
2025-12-14 05:30:30.972440,1,2,3,12,77
2025-12-14 05:30:35.330929,1,2,3,12,81
2025-12-14 05:30:39.144173,1,2,5,12,81
2025-12-14 05:30:42.650501,1,1,1,12,81
2025-12-14 05:30:45.967018,1,2,1,12,81
2025-12-14 05:30:50.775272,1,1,4,12,81
2025-12-14 05:30:54.635483,1,2,2,13,81
2025-12-14 05:30:57.465830,1,1,1,13,79
2025-12-14 05:31:01.305549,1,1,1,14,76
2025-12-14 05:31:04.163153,1,2,1,16,73
2025-12-14 05:31:06.973835,1,1,1,16,73
2025-12-14 05:31:10.787664,1,2,1,17,72
2025-12-14 05:31:14.645769,1,2,1,17,66
2025-12-14 05:31:17.454105,1,1,2,17,66
2025-12-14 05:31:20.866159,1,1,1,17,66
2025-12-14 05:31:24.173147,1,1,1,17,66
2025-12-14 05:31:27.034757,1,2,1,18,66
2025-12-14 05:31:29.844169,1,1,1,16,66
2025-12-14 05:31:33.703728,1,1,1,16,66
2025-12-14 05:31:37.011170,1,1,1,15,66
2025-12-14 05:31:41.372124,1,1,1,14,66
2025-12-14 05:31:45.689357,1,1,1,13,66
2025-12-14 05:31:48.998381,1,1,1,12,66
2025-12-14 05:31:53.303389,1,1,1,12,66
2025-12-14 05:31:57.163778,1,1,1,13,66
2025-12-14 05:32:00.474048,1,1,5,13,66
2025-12-14 05:32:04.282276,1,1,1,14,66
2025-12-14 05:32:07.193347,1,2,1,14,66
2025-12-14 05:32:10.001544,1,2,1,14,66
2025-12-14 05:32:14.814512,1,1,1,15,66
2025-12-14 05:32:18.226691,1,2,2,15,67
2025-12-14 05:32:21.087168,1,2,4,16,69
2025-12-14 05:32:24.894812,1,2,2,16,70
2025-12-14 05:32:27.753598,1,2,1,17,73
2025-12-14 05:32:30.672728,1,2,2,17,73
2025-12-14 05:32:33.485642,1,2,1,17,73
2025-12-14 05:32:37.330806,1,2,2,16,73
2025-12-14 05:32:40.241978,1,2,2,15,73
2025-12-14 05:32:43.102667,1,1,1,15,73
2025-12-14 05:32:45.966703,1,2,1,16,73
2025-12-14 05:32:48.771863,1,2,2,16,73
2025-12-14 05:32:51.680064,1,1,2,17,73
2025-12-14 05:32:54.490541,1,2,1,17,73
2025-12-14 05:32:58.799005,1,2,1,17,73
2025-12-14 05:33:01.710469,1,1,1,17,72
2025-12-14 05:33:05.070398,1,1,2,17,72
2025-12-14 05:33:07.883949,1,1,2,17,72
2025-12-14 05:33:10.789782,1,1,1,17,72
2025-12-14 05:33:14.150464,1,2,1,17,72
2025-12-14 05:33:17.910037,1,2,1,17,74
2025-12-14 05:33:20.826439,1,2,1,17,77
2025-12-14 05:33:24.681316,1,1,2,18,80
2025-12-14 05:33:27.492188,1,1,2,18,83
2025-12-14 05:33:31.419848,1,2,2,18,84
2025-12-14 05:33:34.260774,1,1,3,18,82
2025-12-14 05:33:37.069644,1,1,1,19,79
2025-12-14 05:33:39.934024,1,2,3,19,76
2025-12-14 05:33:42.790100,1,2,4,18,79
2025-12-14 05:33:45.699100,1,2,3,19,82
2025-12-14 05:33:48.509416,1,2,4,19,84
2025-12-14 05:33:52.316959,1,1,2,21,84
2025-12-14 05:33:56.178207,1,1,2,21,87
2025-12-14 05:33:59.535622,1,1,1,19,87
2025-12-14 05:34:02.396277,1,2,1,19,81
2025-12-14 05:34:06.256399,1,2,5,18,77
2025-12-14 05:34:09.120154,1,2,2,17,74
2025-12-14 05:34:11.924999,1,2,2,17,71
2025-12-14 05:34:15.785124,1,1,2,16,69
2025-12-14 05:34:19.245756,1,1,1,16,69
2025-12-14 05:34:22.054073,1,1,1,16,69
2025-12-14 05:34:26.866349,1,1,2,16,65
2025-12-14 05:34:30.277735,1,1,1,15,64
2025-12-14 05:34:33.136976,1,1,1,15,64
2025-12-14 05:34:35.996073,1,2,2,15,64
2025-12-14 05:34:38.805512,1,1,3,15,64
2025-12-14 05:34:41.726480,1,1,1,15,64
2025-12-14 05:34:44.523955,1,2,1,15,64
2025-12-14 05:34:47.384494,1,2,1,15,64
2025-12-14 05:34:51.245958,1,1,1,15,64
2025-12-14 05:34:54.560115,1,1,1,15,64
2025-12-14 05:34:57.415005,1,2,1,15,62
2025-12-14 05:35:00.275412,1,1,1,15,62
2025-12-14 05:35:03.136868,1,1,1,15,62
2025-12-14 05:35:05.993908,1,2,1,15,62
2025-12-14 05:35:09.804883,1,1,1,15,62
2025-12-14 05:35:13.113869,1,1,2,15,62
2025-12-14 05:35:15.922188,1,1,1,14,63
2025-12-14 05:35:18.832298,1,1,1,14,66
2025-12-14 05:35:21.742231,1,1,1,14,69
2025-12-14 05:35:24.550241,1,1,1,14,72
2025-12-14 05:35:28.360224,1,1,1,14,75
2025-12-14 05:35:32.220199,1,2,1,14,76
2025-12-14 05:35:36.529596,1,2,3,14,76
2025-12-14 05:35:40.348721,1,1,3,14,76
2025-12-14 05:35:44.203626,1,1,1,14,76
2025-12-14 05:35:47.957250,1,1,1,14,77
2025-12-14 05:35:51.819919,1,2,1,14,78
2025-12-14 05:35:55.679022,1,1,1,18,75
2025-12-14 05:35:58.991238,1,1,1,16,72
2025-12-14 05:36:02.300836,1,1,1,15,66
2025-12-14 05:36:05.158250,1,2,3,14,64
2025-12-14 05:36:08.025748,1,1,1,16,64
2025-12-14 05:36:10.878268,1,1,1,18,64
2025-12-14 05:36:14.244187,1,1,3,19,64
2025-12-14 05:36:17.598895,1,1,1,20,64
2025-12-14 05:36:20.408032,1,1,1,21,64
2025-12-14 05:36:24.316891,1,1,1,22,64
2025-12-14 05:36:27.177663,1,1,1,20,64
2025-12-14 05:36:30.036654,1,1,4,19,64
2025-12-14 05:36:33.846115,1,1,1,18,64
2025-12-14 05:36:37.155620,1,2,2,20,63
2025-12-14 05:36:39.964837,1,1,2,21,63
2025-12-14 05:36:42.880171,1,1,1,22,63
2025-12-14 05:36:45.784494,1,2,1,22,63
2025-12-14 05:36:48.594064,1,1,5,22,63
2025-12-14 05:36:52.902721,1,1,2,23,63
2025-12-14 05:36:56.765529,1,2,4,23,67
2025-12-14 05:36:59.573807,1,1,2,23,70
2025-12-14 05:37:02.486858,1,1,1,21,71
2025-12-14 05:37:06.343648,1,1,1,19,71
2025-12-14 05:37:09.205263,1,2,1,17,71
2025-12-14 05:37:12.013462,1,1,4,17,71
2025-12-14 05:37:15.523087,1,1,1,16,71
2025-12-14 05:37:18.331820,1,1,1,16,69
2025-12-14 05:37:21.193158,1,2,2,16,66
2025-12-14 05:37:24.053542,1,1,1,15,63
2025-12-14 05:37:27.868867,1,2,1,15,62
2025-12-14 05:37:31.190996,1,1,1,15,62
2025-12-14 05:37:35.082530,1,1,1,15,62
2025-12-14 05:37:37.891711,1,1,1,15,62
2025-12-14 05:37:41.806341,1,1,2,15,64
2025-12-14 05:37:44.610277,1,1,1,15,67
2025-12-14 05:37:47.471397,1,1,1,15,70
2025-12-14 05:37:51.332653,1,2,5,15,73
2025-12-14 05:37:54.241009,1,1,2,15,76
2025-12-14 05:37:57.001149,1,2,1,16,79
2025-12-14 05:38:00.917789,1,2,10,19,82
2025-12-14 05:38:03.822709,1,2,35,20,85
2025-12-14 05:38:06.629744,1,2,14,20,88
2025-12-14 05:38:10.439003,1,2,7,18,89
2025-12-14 05:38:13.403151,1,2,3,19,89
2025-12-14 05:38:17.863530,1,1,2,20,91
2025-12-14 05:38:21.216719,1,1,1,20,92
2025-12-14 05:38:24.076790,1,1,1,21,92
2025-12-14 05:38:27.888986,1,2,2,22,92
2025-12-14 05:38:31.204140,1,1,5,22,92
2025-12-14 05:38:35.057619,1,1,1,21,92
2025-12-14 05:38:37.916926,1,2,6,20,88
2025-12-14 05:38:41.826174,1,1,1,18,78
2025-12-14 05:38:44.635500,1,2,1,16,75
2025-12-14 05:38:47.498266,1,2,10,14,72
2025-12-14 05:38:51.355395,1,1,1,13,71
2025-12-14 05:38:54.818894,1,1,4,12,69
2025-12-14 05:38:57.626636,1,2,3,12,66
2025-12-14 05:39:01.484570,1,1,1,11,63
2025-12-14 05:39:04.397604,1,2,3,11,62
2025-12-14 05:39:07.207183,1,2,5,11,62
2025-12-14 05:39:11.567082,1,1,2,11,62
2025-12-14 05:39:15.976639,1,1,3,11,62
2025-12-14 05:39:19.386037,1,1,1,11,62
2025-12-14 05:39:22.196340,1,2,4,11,63
2025-12-14 05:39:27.006992,1,2,1,13,68
2025-12-14 05:39:30.867877,1,2,3,13,68
2025-12-14 05:39:33.683688,1,2,2,13,68
2025-12-14 05:39:36.488174,1,2,1,13,68
2025-12-14 05:39:39.398101,1,2,4,12,68
2025-12-14 05:39:42.274109,1,2,5,12,68
2025-12-14 05:39:45.066746,1,2,1,12,68
2025-12-14 05:39:48.977135,1,2,3,13,70
2025-12-14 05:39:51.886507,1,1,2,13,70
2025-12-14 05:39:55.195191,1,1,1,13,71
2025-12-14 05:39:59.555259,1,2,3,12,70
2025-12-14 05:40:03.365537,1,1,1,12,67
2025-12-14 05:40:06.676224,1,2,1,12,65
2025-12-14 05:40:10.992482,1,1,2,12,65
2025-12-14 05:40:14.343444,1,1,1,12,65
2025-12-14 05:40:17.704933,1,1,1,12,64
2025-12-14 05:40:20.564932,1,2,6,12,64
2025-12-14 05:40:24.423311,1,2,1,12,63
2025-12-14 05:40:27.287709,1,2,4,12,63
2025-12-14 05:40:30.143727,1,2,2,12,63
2025-12-14 05:40:33.952996,1,1,5,11,63
2025-12-14 05:40:36.866542,1,1,6,11,66
2025-12-14 05:40:39.681348,1,2,1,11,69
2025-12-14 05:40:43.533460,1,1,1,13,72
2025-12-14 05:40:46.443136,1,1,1,14,75
2025-12-14 05:40:49.256381,1,2,1,14,78
2025-12-14 05:40:53.063182,1,1,4,15,77
2025-12-14 05:40:55.974250,1,2,1,15,77
2025-12-14 05:40:59.883102,1,2,3,15,77
2025-12-14 05:41:02.693186,1,2,1,15,77
2025-12-14 05:41:05.602143,1,1,1,15,74
2025-12-14 05:41:09.411679,1,2,1,15,74
2025-12-14 05:41:12.722675,1,2,3,15,74
2025-12-14 05:41:15.530799,1,1,1,15,74
2025-12-14 05:41:18.442187,1,2,3,14,74
2025-12-14 05:41:21.307071,1,1,1,14,74
2025-12-14 05:41:24.159175,1,2,6,13,74
2025-12-14 05:41:27.969598,1,1,1,13,71
2025-12-14 05:41:31.277785,1,2,7,12,68
2025-12-14 05:41:34.172033,1,2,1,11,67
2025-12-14 05:41:37.009044,1,2,1,12,67
2025-12-14 05:41:39.908029,1,1,6,12,67
2025-12-14 05:41:42.717435,1,2,6,12,67
2025-12-14 05:41:46.525937,1,1,1,12,67
2025-12-14 05:41:50.393502,1,1,1,13,67
2025-12-14 05:41:53.702807,1,2,5,13,67
2025-12-14 05:41:56.607509,1,1,1,14,67
2025-12-14 05:42:00.466707,1,2,3,14,67
2025-12-14 05:42:03.326981,1,2,7,14,67
2025-12-14 05:42:06.135192,1,2,2,15,69
2025-12-14 05:42:09.997057,1,2,7,15,72
2025-12-14 05:42:12.906384,1,2,1,15,75
2025-12-14 05:42:15.717560,1,2,3,15,76
2025-12-14 05:42:19.575546,1,2,9,15,74
2025-12-14 05:42:22.486857,1,2,6,15,71
2025-12-14 05:42:25.294277,1,2,3,15,68
2025-12-14 05:42:29.106964,1,2,1,15,67
2025-12-14 05:42:32.030021,1,2,5,15,67
2025-12-14 05:42:35.924763,1,1,2,16,67
2025-12-14 05:42:38.735035,1,2,1,16,67
2025-12-14 05:42:41.593750,1,2,4,16,67
2025-12-14 05:42:45.455439,1,1,1,16,67
2025-12-14 05:42:48.766193,1,2,2,16,70
2025-12-14 05:42:51.628429,1,1,1,16,73
2025-12-14 05:42:54.484198,1,1,3,16,76
2025-12-14 05:42:57.343957,1,1,1,16,78
2025-12-14 05:43:00.204300,1,2,7,16,78
2025-12-14 05:43:04.018433,1,1,3,16,78
2025-12-14 05:43:07.371766,1,1,4,16,78
2025-12-14 05:43:10.143776,1,1,6,16,78
2025-12-14 05:43:13.058291,1,2,1,16,78
2025-12-14 05:43:15.953106,1,2,1,16,78
2025-12-14 05:43:18.763832,1,1,4,16,78
2025-12-14 05:43:23.069292,1,1,3,16,78
2025-12-14 05:43:26.430732,1,2,3,16,78
2025-12-14 05:43:29.940775,1,2,6,16,78
2025-12-14 05:43:32.751888,1,1,1,16,74
2025-12-14 05:43:35.661734,1,2,6,16,70
2025-12-14 05:43:39.472066,1,2,3,16,67
2025-12-14 05:43:42.781837,1,1,1,16,64
2025-12-14 05:43:47.291699,1,2,1,15,63
2025-12-14 05:43:50.750116,1,2,6,15,63
2025-12-14 05:43:53.660902,1,2,4,15,63
2025-12-14 05:43:57.473404,1,2,3,14,63
2025-12-14 05:44:00.780016,1,2,1,15,63
2025-12-14 05:44:05.090742,1,2,6,15,63
2025-12-14 05:44:08.000269,1,1,2,15,64
2025-12-14 05:44:11.359674,1,2,5,15,70
2025-12-14 05:44:14.218683,1,2,3,15,70
2025-12-14 05:44:17.080689,1,2,5,15,73
2025-12-14 05:44:20.439346,1,1,2,15,76
2025-12-14 05:44:24.200361,1,1,4,16,79
2025-12-14 05:44:28.059212,1,2,1,16,79
2025-12-14 05:44:30.968425,1,1,4,16,79
2025-12-14 05:44:33.777890,1,2,1,16,75
2025-12-14 05:44:37.641791,1,1,1,16,72
2025-12-14 05:44:40.549731,1,1,1,16,69
2025-12-14 05:44:43.356643,1,2,2,16,66
2025-12-14 05:44:48.318153,1,2,2,17,65
2025-12-14 05:44:52.229403,1,2,1,17,68
2025-12-14 05:44:55.091578,1,2,3,16,71
2025-12-14 05:44:58.001916,1,2,1,16,74
2025-12-14 05:45:00.811844,1,1,3,16,77
2025-12-14 05:45:04.622330,1,2,1,15,80
2025-12-14 05:45:08.077071,1,2,4,15,80
2025-12-14 05:45:11.990215,1,2,1,15,71
2025-12-14 05:45:14.799322,1,2,1,14,68
2025-12-14 05:45:17.658170,1,2,4,15,65
2025-12-14 05:45:21.518372,1,2,4,15,65
2025-12-14 05:45:24.830065,1,2,4,15,65
2025-12-14 05:45:28.289786,1,2,1,15,65
2025-12-14 05:45:31.097337,1,2,4,15,65
2025-12-14 05:45:34.017123,1,1,1,15,65
2025-12-14 05:45:36.832830,1,2,3,15,65
2025-12-14 05:45:40.627489,1,1,3,15,66
2025-12-14 05:45:44.493882,1,1,2,15,69
2025-12-14 05:45:47.847498,1,1,6,15,75
2025-12-14 05:45:50.707889,1,2,4,15,78
2025-12-14 05:45:54.568962,1,2,4,15,78
2025-12-14 05:45:57.427159,1,2,2,15,78
2025-12-14 05:46:00.288272,1,2,1,15,78
2025-12-14 05:46:04.095755,1,2,5,14,78
2025-12-14 05:46:07.008228,1,2,6,13,78
2025-12-14 05:46:09.818118,1,1,1,13,78
2025-12-14 05:46:13.724930,1,1,1,12,78
2025-12-14 05:46:16.585040,1,2,7,12,78
2025-12-14 05:46:19.398470,1,1,1,12,78
2025-12-14 05:46:23.204387,1,2,1,12,78
2025-12-14 05:46:28.215409,1,2,1,13,78
2025-12-14 05:46:31.124322,1,2,4,13,78
2025-12-14 05:46:34.043031,1,1,2,13,78
2025-12-14 05:46:36.846611,1,2,1,13,78
2025-12-14 05:46:41.155765,1,2,3,12,81
2025-12-14 05:46:44.517244,1,1,3,12,84
2025-12-14 05:46:48.025444,1,2,6,12,86
2025-12-14 05:46:50.836190,1,2,7,12,86
2025-12-14 05:46:53.748037,1,1,1,12,86
2025-12-14 05:46:57.553511,1,2,2,12,86
2025-12-14 05:47:00.864217,1,2,2,12,86
2025-12-14 05:47:05.172897,1,1,4,13,86
2025-12-14 05:47:09.583018,1,2,3,13,80
2025-12-14 05:47:12.443516,1,2,2,13,75
2025-12-14 05:47:15.253157,1,2,25,13,72
2025-12-14 05:47:19.162303,1,2,23,13,69
2025-12-14 05:47:22.074812,1,2,9,13,67
2025-12-14 05:47:24.880390,1,2,1,13,67
2025-12-14 05:47:28.292353,1,1,1,13,67
2025-12-14 05:47:31.611312,1,1,1,13,67
2025-12-14 05:47:34.409143,1,1,1,13,67
2025-12-14 05:47:38.270757,1,2,1,15,67
2025-12-14 05:47:41.630917,1,1,1,16,70
2025-12-14 05:47:44.489997,1,1,2,17,73
2025-12-14 05:47:47.251150,1,1,1,17,73
2025-12-14 05:47:50.159175,1,1,2,17,76
2025-12-14 05:47:54.069605,1,1,1,18,82
2025-12-14 05:47:56.883624,1,2,1,18,81
2025-12-14 05:47:59.788405,1,1,1,18,77
2025-12-14 05:48:03.597384,1,1,1,18,74
2025-12-14 05:48:06.510531,1,2,16,18,71
2025-12-14 05:48:09.281448,1,1,1,18,69
2025-12-14 05:48:13.178006,1,2,1,18,72
2025-12-14 05:48:16.087573,1,1,3,18,75
2025-12-14 05:48:18.897052,1,1,1,18,75
2025-12-14 05:48:22.714570,1,2,1,17,73
2025-12-14 05:48:25.616039,1,1,1,16,70
2025-12-14 05:48:28.425946,1,1,1,15,67
2025-12-14 05:48:32.292760,1,2,1,15,66
2025-12-14 05:48:35.195485,1,1,4,15,66
2025-12-14 05:48:38.556415,1,1,1,14,66
2025-12-14 05:48:42.313636,1,1,1,13,66
2025-12-14 05:48:45.731452,1,1,5,12,66
2025-12-14 05:48:48.699842,1,1,3,12,66
2025-12-14 05:48:51.492376,1,1,1,12,66
2025-12-14 05:48:54.352492,1,1,5,12,66
2025-12-14 05:48:58.166680,1,1,2,12,66
2025-12-14 05:49:01.471884,1,1,1,12,66
2025-12-14 05:49:05.340341,1,2,8,12,66
2025-12-14 05:49:08.196020,1,1,11,12,66
2025-12-14 05:49:12.102345,1,1,1,12,65
2025-12-14 05:49:14.910188,1,1,1,12,65
2025-12-14 05:49:17.770425,1,2,5,12,65
2025-12-14 05:49:21.634431,1,2,1,12,65
2025-12-14 05:49:24.940515,1,1,2,12,65
2025-12-14 05:49:27.807005,1,1,1,12,65
2025-12-14 05:49:30.658781,1,1,1,12,65
2025-12-14 05:49:33.522743,1,1,1,12,65
2025-12-14 05:49:36.328293,1,1,1,12,65
2025-12-14 05:49:40.187941,1,1,4,13,65
2025-12-14 05:49:43.497145,1,1,7,13,66
2025-12-14 05:49:46.306071,1,1,1,13,69
2025-12-14 05:49:49.219006,1,1,1,13,72
2025-12-14 05:49:52.166288,1,1,2,13,74
2025-12-14 05:49:54.934294,1,1,1,13,74
2025-12-14 05:49:59.261639,1,2,4,13,72
2025-12-14 05:50:02.603624,1,1,1,12,69
2025-12-14 05:50:06.116004,1,1,1,12,69
2025-12-14 05:50:08.924569,1,1,1,12,69
2025-12-14 05:50:11.783439,1,1,1,12,69
2025-12-14 05:50:15.644789,1,1,1,12,69
2025-12-14 05:50:18.953897,1,2,2,11,69
2025-12-14 05:50:22.467415,1,2,1,11,69
2025-12-14 05:50:27.776744,1,1,1,11,69
2025-12-14 05:50:30.686341,1,1,1,11,69
2025-12-14 05:50:33.549645,1,2,4,11,69
2025-12-14 05:50:36.356398,1,1,6,11,69
2025-12-14 05:50:40.218230,1,1,1,12,69
2025-12-14 05:50:43.126575,1,1,1,14,68
2025-12-14 05:50:45.936674,1,2,1,14,65
2025-12-14 05:50:49.793878,1,2,4,15,64
2025-12-14 05:50:52.705802,1,2,3,15,64
2025-12-14 05:50:55.518294,1,1,1,15,64
2025-12-14 05:50:59.826377,1,2,1,15,64
2025-12-14 05:51:03.636560,1,1,1,15,64
2025-12-14 05:51:06.945756,1,1,1,15,64
2025-12-14 05:51:10.757325,1,1,1,15,64
2025-12-14 05:51:14.615825,1,2,2,15,64
2025-12-14 05:51:18.425450,1,1,3,15,64
2025-12-14 05:51:21.739344,1,1,1,16,66
2025-12-14 05:51:25.149241,1,1,1,19,69
2025-12-14 05:51:27.956745,1,2,1,19,72
2025-12-14 05:51:31.868283,1,2,8,17,72
2025-12-14 05:51:34.725678,1,1,1,16,74
2025-12-14 05:51:38.086861,1,2,1,14,77
2025-12-14 05:51:40.926809,1,1,1,14,80
2025-12-14 05:51:44.307783,1,1,1,13,83
2025-12-14 05:51:48.168074,1,1,1,13,86
2025-12-14 05:51:50.978205,1,1,5,12,81
2025-12-14 05:51:53.887405,1,1,1,13,78
2025-12-14 05:51:57.701336,1,2,3,14,75
2025-12-14 05:52:01.209734,1,2,3,13,73
2025-12-14 05:52:04.520471,1,2,2,12,73
2025-12-14 05:52:08.428131,1,1,2,12,73
2025-12-14 05:52:11.289222,1,1,2,12,73
2025-12-14 05:52:14.657238,1,2,1,12,73
2025-12-14 05:52:18.464405,1,1,2,12,73
2025-12-14 05:52:21.827459,1,1,2,12,73
2025-12-14 05:52:24.727497,1,1,1,12,73
2025-12-14 05:52:27.587615,1,1,1,12,73
2025-12-14 05:52:30.396034,1,1,1,12,73
2025-12-14 05:52:34.259320,1,2,3,12,73
2025-12-14 05:52:38.120462,1,1,2,12,73
2025-12-14 05:52:41.427582,1,1,1,13,73
2025-12-14 05:52:44.737114,1,1,1,13,73
2025-12-14 05:52:47.595863,1,2,2,13,73
2025-12-14 05:52:50.405739,1,1,1,13,73
2025-12-14 05:52:53.316984,1,1,2,13,73
2025-12-14 05:52:56.676917,1,1,1,13,73
2025-12-14 05:53:00.644476,1,1,1,13,73
2025-12-14 05:53:03.445291,1,2,3,12,73
2025-12-14 05:53:07.308294,1,1,3,12,73
2025-12-14 05:53:10.233563,1,1,1,12,72
2025-12-14 05:53:13.024263,1,2,1,12,72
2025-12-14 05:53:17.333268,1,1,1,13,72
2025-12-14 05:53:21.194195,1,1,1,13,72
2025-12-14 05:53:24.004162,1,2,1,13,72
2025-12-14 05:53:26.868021,1,1,1,13,70
2025-12-14 05:53:30.817745,1,1,1,13,70
2025-12-14 05:53:33.637538,1,1,1,13,70
2025-12-14 05:53:37.545469,1,1,3,13,70
2025-12-14 05:53:41.605876,1,2,1,13,70
2025-12-14 05:53:44.413366,1,2,1,13,70
2025-12-14 05:53:47.324679,1,2,1,13,70
2025-12-14 05:53:50.684854,1,2,1,13,70
2025-12-14 05:53:54.493983,1,2,1,14,70
2025-12-14 05:53:58.304025,1,2,3,14,70
2025-12-14 05:54:01.241739,1,2,5,15,70
2025-12-14 05:54:04.034658,1,1,1,15,72
2025-12-14 05:54:07.933097,1,1,1,15,75
2025-12-14 05:54:10.791933,1,2,14,15,78
2025-12-14 05:54:13.600296,1,1,1,14,81
2025-12-14 05:54:17.413054,1,1,1,14,84
2025-12-14 05:54:20.322394,1,1,3,14,87
2025-12-14 05:54:24.234394,1,1,2,14,90
2025-12-14 05:54:27.052323,1,2,2,14,90
2025-12-14 05:54:29.954762,1,1,1,14,90
2025-12-14 05:54:33.761446,1,1,1,14,90
2025-12-14 05:54:37.080844,1,2,2,14,90
2025-12-14 05:54:39.881621,1,1,1,14,90
2025-12-14 05:54:42.791169,1,1,1,14,90
2025-12-14 05:54:45.650490,1,2,3,14,90
2025-12-14 05:54:48.516561,1,1,1,14,90
2025-12-14 05:54:52.321247,1,1,1,14,90
2025-12-14 05:54:55.630999,1,1,1,14,90
2025-12-14 05:54:58.499443,1,1,2,15,90
2025-12-14 05:55:01.351021,1,2,5,15,88
2025-12-14 05:55:04.262999,1,1,3,15,82
2025-12-14 05:55:07.072306,1,1,1,15,79
2025-12-14 05:55:11.379382,1,2,1,15,76
2025-12-14 05:55:14.291350,1,2,2,15,73
2025-12-14 05:55:17.652708,1,1,1,15,69
2025-12-14 05:55:20.458823,1,2,1,15,69
2025-12-14 05:55:23.370607,1,2,2,15,69
2025-12-14 05:55:26.730690,1,1,2,14,69
2025-12-14 05:55:30.500825,1,1,1,14,69
2025-12-14 05:55:33.400287,1,2,1,13,69
2025-12-14 05:55:39.162255,1,1,2,12,69
2025-12-14 05:55:40.621372,1,1,1,12,72
2025-12-14 05:55:45.434436,1,1,1,12,78
2025-12-14 05:55:48.844765,1,2,2,12,81
2025-12-14 05:55:51.703366,1,2,4,12,84
2025-12-14 05:55:55.112091,1,1,1,12,87
2025-12-14 05:55:57.922103,1,1,1,12,89
2025-12-14 05:56:00.832967,1,2,2,12,89
2025-12-14 05:56:03.696135,1,1,1,12,86
2025-12-14 05:56:06.501755,1,1,1,12,84
2025-12-14 05:56:10.361778,1,2,4,12,84
2025-12-14 05:56:13.274070,1,1,7,12,84
2025-12-14 05:56:16.086239,1,1,1,12,84
2025-12-14 05:56:19.943289,1,2,11,12,84
2025-12-14 05:56:22.853724,1,2,17,12,87
2025-12-14 05:56:25.662096,1,2,41,13,88
2025-12-14 05:56:29.473750,1,2,3,14,86
2025-12-14 05:56:32.383219,1,2,1,16,83
2025-12-14 05:56:36.293631,1,2,2,18,83
2025-12-14 05:56:39.103167,1,1,1,19,83
2025-12-14 05:56:42.013472,1,2,5,20,83
2025-12-14 05:56:45.833475,1,1,1,21,83
2025-12-14 05:56:48.730466,1,2,2,21,83
2025-12-14 05:56:51.489870,1,1,1,22,79
2025-12-14 05:56:55.401170,1,1,3,22,76
2025-12-14 05:56:58.310810,1,2,2,23,73
2025-12-14 05:57:01.129223,1,2,2,23,70
2025-12-14 05:57:04.928581,1,1,1,23,70
2025-12-14 05:57:08.790702,1,2,1,23,72
2025-12-14 05:57:12.101073,1,2,2,24,78
2025-12-14 05:57:14.971877,1,1,1,24,78
2025-12-14 05:57:18.870391,1,2,8,24,78
2025-12-14 05:57:21.730289,1,1,1,24,75
2025-12-14 05:57:24.540666,1,1,2,24,72
2025-12-14 05:57:28.050501,1,2,1,24,69
2025-12-14 05:57:30.859060,1,2,3,24,69
2025-12-14 05:57:33.719237,1,2,1,24,69
2025-12-14 05:57:36.533074,1,2,4,24,69
2025-12-14 05:57:40.389166,1,2,3,24,69
2025-12-14 05:57:43.699927,1,2,2,22,71
2025-12-14 05:57:47.509171,1,1,5,21,74
2025-12-14 05:57:50.418360,1,1,1,21,75
2025-12-14 05:57:54.328247,1,1,3,19,70
2025-12-14 05:57:57.137603,1,2,8,18,68
2025-12-14 05:58:00.050302,1,2,1,16,66
2025-12-14 05:58:03.857736,1,2,6,15,66
2025-12-14 05:58:07.166650,1,2,1,14,66
2025-12-14 05:58:09.976835,1,2,3,13,63
2025-12-14 05:58:12.886935,1,1,1,13,63
2025-12-14 05:58:15.745425,1,2,2,14,63
2025-12-14 05:58:18.555497,1,2,1,14,65
2025-12-14 05:58:22.414765,1,1,2,14,68
2025-12-14 05:58:26.426305,1,1,3,14,71
2025-12-14 05:58:30.334797,1,2,6,14,77
2025-12-14 05:58:33.151120,1,1,2,14,71
2025-12-14 05:58:36.056051,1,1,1,14,68
2025-12-14 05:58:39.866418,1,2,7,14,65
2025-12-14 05:58:43.175621,1,1,1,14,62
2025-12-14 05:58:46.634218,1,2,3,14,62
2025-12-14 05:58:49.443891,1,2,6,14,62
2025-12-14 05:58:52.353430,1,2,2,14,62
2025-12-14 05:58:55.166117,1,2,2,14,64
2025-12-14 05:58:58.971586,1,2,1,14,64
2025-12-14 05:59:02.831396,1,1,1,14,64
2025-12-14 05:59:06.598797,1,2,1,14,64
2025-12-14 05:59:10.400510,1,2,2,14,64
2025-12-14 05:59:13.726320,1,2,2,14,64
2025-12-14 05:59:18.071062,1,2,4,13,64
2025-12-14 05:59:21.885336,1,1,1,13,64
2025-12-14 05:59:25.192224,1,2,6,12,64
2025-12-14 05:59:29.006767,1,1,4,13,64
2025-12-14 05:59:31.908930,1,2,1,14,64
2025-12-14 05:59:34.717694,1,2,5,14,64
2025-12-14 05:59:38.630973,1,2,4,14,64
2025-12-14 05:59:41.489695,1,1,4,14,64
2025-12-14 05:59:44.852809,1,2,1,14,64
2025-12-14 05:59:48.685125,1,2,2,14,64
2025-12-14 05:59:51.468541,1,2,2,14,64
2025-12-14 05:59:54.378325,1,2,3,14,64
2025-12-14 05:59:57.188019,1,2,3,14,64
2025-12-14 06:00:00.100921,1,2,3,14,64
2025-12-14 06:00:03.914513,1,2,5,14,64
2025-12-14 06:00:06.818709,1,2,4,14,64
2025-12-14 06:00:09.584570,1,2,5,14,64
2025-12-14 06:00:13.487069,1,2,16,14,63
2025-12-14 06:00:16.398009,1,2,34,14,63
2025-12-14 06:00:19.207469,1,2,30,14,63
2025-12-14 06:00:23.516685,1,2,7,14,63
2025-12-14 06:00:26.879044,1,2,4,13,63
2025-12-14 06:00:30.388294,1,1,1,12,65
2025-12-14 06:00:33.195408,1,1,2,12,65
2025-12-14 06:00:36.060614,1,1,1,12,67
2025-12-14 06:00:39.917338,1,2,7,12,70
2025-12-14 06:00:43.228339,1,2,5,12,70
2025-12-14 06:00:46.639111,1,1,1,12,70
2025-12-14 06:00:49.997437,1,1,4,12,70
2025-12-14 06:00:54.408985,1,2,1,12,70
2025-12-14 06:00:57.234387,1,2,1,12,70
2025-12-14 06:01:00.076300,1,1,1,12,70
2025-12-14 06:01:03.937148,1,1,1,14,70
2025-12-14 06:01:07.447488,1,2,7,16,70
2025-12-14 06:01:10.764170,1,1,1,16,72
2025-12-14 06:01:14.667028,1,2,1,16,75
2025-12-14 06:01:17.528576,1,1,1,17,78
2025-12-14 06:01:20.886557,1,2,10,18,81
2025-12-14 06:01:24.645287,1,2,9,19,83
2025-12-14 06:01:28.054811,1,2,6,20,83
2025-12-14 06:01:30.964603,1,2,5,20,83
2025-12-14 06:01:33.823923,1,1,1,18,80
2025-12-14 06:01:36.682297,1,2,5,17,77
2025-12-14 06:01:40.492908,1,1,1,16,77
2025-12-14 06:01:43.806710,1,1,1,19,77
2025-12-14 06:01:47.613204,1,2,1,19,77
2025-12-14 06:01:50.524753,1,1,4,19,77
2025-12-14 06:01:54.433322,1,1,1,17,75
2025-12-14 06:01:57.242044,1,2,6,16,75
2025-12-14 06:02:00.151835,1,1,1,15,75
2025-12-14 06:02:03.965410,1,2,5,14,75
2025-12-14 06:02:07.972332,1,2,3,12,75
2025-12-14 06:02:10.782043,1,1,1,12,75
2025-12-14 06:02:14.644782,1,1,1,11,75
2025-12-14 06:02:17.551406,1,2,4,11,75
2025-12-14 06:02:20.912387,1,1,1,11,74
2025-12-14 06:02:24.669784,1,1,1,12,74
2025-12-14 06:02:28.080506,1,2,3,13,74
2025-12-14 06:02:30.999846,1,1,1,15,74
2025-12-14 06:02:33.849722,1,1,1,17,74
2025-12-14 06:02:36.660043,1,1,7,19,72
2025-12-14 06:02:40.521065,1,1,1,20,69
2025-12-14 06:02:43.828906,1,2,1,20,66
2025-12-14 06:02:48.289014,1,2,1,17,63
2025-12-14 06:02:51.553577,1,1,7,17,63
2025-12-14 06:02:54.461140,1,1,1,19,63
2025-12-14 06:02:57.271080,1,2,6,20,63
2025-12-14 06:03:00.131646,1,1,1,21,63
2025-12-14 06:03:03.990248,1,2,2,20,63
2025-12-14 06:03:07.248887,1,2,3,20,63
2025-12-14 06:03:11.558833,1,1,6,22,63
2025-12-14 06:03:14.921952,1,1,8,22,63
2025-12-14 06:03:18.678110,1,1,1,23,63
2025-12-14 06:03:22.539251,1,2,2,23,63
2025-12-14 06:03:25.847320,1,1,5,23,63
2025-12-14 06:03:31.703038,1,1,1,23,63
2025-12-14 06:03:32.572266,1,2,1,23,65
2025-12-14 06:03:36.477866,1,1,3,23,71
2025-12-14 06:03:39.286006,1,1,1,20,74
2025-12-14 06:03:42.146783,1,2,6,17,75
2025-12-14 06:03:46.007160,1,1,1,15,72
2025-12-14 06:03:50.017804,1,2,2,16,69
2025-12-14 06:03:52.826709,1,2,1,15,66
2025-12-14 06:03:56.708348,1,1,5,14,63
2025-12-14 06:03:59.596874,1,1,1,13,63
2025-12-14 06:04:02.958448,1,2,8,12,63
2025-12-14 06:04:06.728681,1,1,4,12,63
2025-12-14 06:04:10.126185,1,1,1,11,63
2025-12-14 06:04:13.037139,1,1,1,11,63
2025-12-14 06:04:15.907722,1,1,1,11,63
2025-12-14 06:04:18.709123,1,2,1,11,63
2025-12-14 06:04:22.566478,1,1,5,11,63
2025-12-14 06:04:25.876952,1,1,3,11,63
2025-12-14 06:04:29.735856,1,1,1,11,63
2025-12-14 06:04:32.601767,1,2,2,11,63
2025-12-14 06:04:36.512770,1,1,3,11,63
2025-12-14 06:04:39.316692,1,1,1,11,63
2025-12-14 06:04:42.177160,1,2,2,11,63
2025-12-14 06:04:46.038162,1,2,5,12,63
2025-12-14 06:04:48.902112,1,1,1,15,63
2025-12-14 06:04:51.705932,1,2,1,17,62
2025-12-14 06:04:55.618418,1,2,2,15,64
2025-12-14 06:04:58.530299,1,1,4,14,67
2025-12-14 06:05:01.345276,1,2,1,14,69
2025-12-14 06:05:05.145639,1,2,6,13,68
2025-12-14 06:05:08.056153,1,1,1,12,66
2025-12-14 06:05:10.865918,1,2,6,12,65
2025-12-14 06:05:14.730259,1,1,3,12,63
2025-12-14 06:05:17.672405,1,1,1,12,65
2025-12-14 06:05:20.995903,1,2,1,12,68
2025-12-14 06:05:25.359875,1,1,3,12,68
2025-12-14 06:05:28.172304,1,1,1,12,65
2025-12-14 06:05:31.081557,1,2,4,11,64
2025-12-14 06:05:33.937152,1,1,1,11,64
2025-12-14 06:05:37.847563,1,2,6,11,64
2025-12-14 06:05:40.657895,1,2,1,11,64
2025-12-14 06:05:44.618554,1,1,1,11,62
2025-12-14 06:05:48.531638,1,2,1,11,62
2025-12-14 06:05:51.341274,1,2,1,11,62
2025-12-14 06:05:54.199719,1,1,1,11,62
2025-12-14 06:05:58.058688,1,1,1,11,63
2025-12-14 06:06:01.368489,1,2,2,11,63
2025-12-14 06:06:04.829444,1,2,3,11,63
2025-12-14 06:06:07.639057,1,1,1,11,63
2025-12-14 06:06:11.002047,1,2,1,11,63
2025-12-14 06:06:13.808162,1,1,3,11,63
2025-12-14 06:06:16.665981,1,2,1,11,63
2025-12-14 06:06:19.574819,1,2,4,11,63
2025-12-14 06:06:23.337406,1,1,1,11,63
2025-12-14 06:06:26.196201,1,2,1,11,63
2025-12-14 06:06:29.105801,1,2,4,11,63
2025-12-14 06:06:33.016830,1,2,1,11,63
2025-12-14 06:06:36.776693,1,1,1,11,67
2025-12-14 06:06:40.649176,1,2,4,15,70
2025-12-14 06:06:43.558247,1,1,2,19,67
2025-12-14 06:06:46.358100,1,2,1,19,64
2025-12-14 06:06:50.262856,1,2,4,21,67
2025-12-14 06:06:53.122805,1,1,1,20,70
2025-12-14 06:06:55.933734,1,2,2,18,73
2025-12-14 06:07:00.243539,1,1,3,16,79
2025-12-14 06:07:04.054063,1,1,1,14,82
2025-12-14 06:07:07.362848,1,1,1,13,85
2025-12-14 06:07:11.683816,1,1,1,12,88
2025-12-14 06:07:15.042640,1,2,1,12,88
2025-12-14 06:07:18.794238,1,2,1,11,88
2025-12-14 06:07:22.652940,1,1,5,12,88
2025-12-14 06:07:25.562437,1,1,1,12,88
2025-12-14 06:07:28.371759,1,2,2,12,87
2025-12-14 06:07:32.280450,1,2,5,12,84
2025-12-14 06:07:35.142053,1,1,1,12,84
2025-12-14 06:07:37.960535,1,2,5,12,85
2025-12-14 06:07:42.263385,1,1,4,12,88
2025-12-14 06:07:45.671739,1,1,1,12,88
2025-12-14 06:07:48.581197,1,2,1,12,88
2025-12-14 06:07:51.389175,1,1,1,12,88
2025-12-14 06:07:54.251012,1,2,2,12,88
2025-12-14 06:07:58.107560,1,2,5,11,88
2025-12-14 06:08:01.419187,1,1,1,11,88
2025-12-14 06:08:04.776850,1,1,1,11,88
2025-12-14 06:08:07.693400,1,2,3,11,88
2025-12-14 06:08:10.596255,1,1,2,11,88
2025-12-14 06:08:13.407593,1,2,6,11,88
2025-12-14 06:08:17.217169,1,2,6,11,88
2025-12-14 06:08:21.076992,1,2,6,11,88
2025-12-14 06:08:25.537297,1,1,5,11,88
2025-12-14 06:08:28.846373,1,1,6,11,88
2025-12-14 06:08:31.722177,1,1,1,11,88
2025-12-14 06:08:34.623732,1,2,1,11,88
2025-12-14 06:08:37.427504,1,2,3,11,88
2025-12-14 06:08:41.738725,1,1,4,11,88
2025-12-14 06:08:45.197619,1,1,1,11,88
2025-12-14 06:08:48.607190,1,1,1,12,86
2025-12-14 06:08:51.428456,1,2,1,12,84
2025-12-14 06:08:54.280940,1,1,1,13,83
2025-12-14 06:08:58.137239,1,1,1,13,83
2025-12-14 06:09:01.960476,1,2,5,13,83
2025-12-14 06:09:06.010097,1,2,5,13,83
2025-12-14 06:09:08.872132,1,1,1,13,83
2025-12-14 06:09:11.729862,1,2,1,13,83
2025-12-14 06:09:15.090029,1,2,1,13,85
2025-12-14 06:09:18.848834,1,1,2,13,79
2025-12-14 06:09:22.709031,1,2,1,12,74
2025-12-14 06:09:25.619394,1,2,1,12,71
2025-12-14 06:09:28.432628,1,1,1,12,68
2025-12-14 06:09:32.337662,1,2,1,12,69
2025-12-14 06:09:35.198078,1,2,4,11,72
2025-12-14 06:09:38.006260,1,1,1,11,75
2025-12-14 06:09:41.816715,1,2,1,11,74
2025-12-14 06:09:44.727080,1,1,1,11,71
2025-12-14 06:09:48.643527,1,1,1,11,75
2025-12-14 06:09:51.454234,1,1,2,11,75
2025-12-14 06:09:54.355904,1,1,5,11,71
2025-12-14 06:09:58.165188,1,1,1,11,68
2025-12-14 06:10:01.481849,1,1,1,11,65
2025-12-14 06:10:04.289304,1,2,7,11,63
2025-12-14 06:10:07.193969,1,1,2,11,63
2025-12-14 06:10:10.058646,1,2,1,11,63
2025-12-14 06:10:12.863685,1,1,5,11,63
2025-12-14 06:10:16.723936,1,2,1,11,63
2025-12-14 06:10:20.033475,1,1,1,11,63
2025-12-14 06:10:22.892792,1,2,5,11,63
2025-12-14 06:10:25.753225,1,1,1,11,63
2025-12-14 06:10:28.663999,1,2,1,11,63
2025-12-14 06:10:31.472992,1,1,6,11,63
2025-12-14 06:10:35.782324,1,2,1,11,63
2025-12-14 06:10:39.141914,1,2,1,11,63
2025-12-14 06:10:42.652108,1,1,2,11,62
2025-12-14 06:10:45.464384,1,1,6,11,62
2025-12-14 06:10:48.330946,1,2,2,11,62
2025-12-14 06:10:52.181151,1,2,6,11,62
2025-12-14 06:10:56.677844,1,1,1,11,62
2025-12-14 06:10:59.311427,1,2,1,11,62
2025-12-14 06:11:02.210383,1,2,2,11,62
2025-12-14 06:11:05.023282,1,1,1,11,62
2025-12-14 06:11:10.332097,1,1,2,13,62
2025-12-14 06:11:13.248102,1,1,1,14,62
2025-12-14 06:11:16.103922,1,2,5,16,62
2025-12-14 06:11:20.014242,1,1,1,16,62
2025-12-14 06:11:23.822968,1,1,6,14,62
2025-12-14 06:11:28.207489,1,1,1,13,62
2025-12-14 06:11:31.493285,1,1,1,13,62
2025-12-14 06:11:35.803255,1,2,1,12,62
2025-12-14 06:11:39.170122,1,1,2,12,62
2025-12-14 06:11:43.625756,1,1,6,12,62
2025-12-14 06:11:46.882634,1,1,1,12,62
2025-12-14 06:11:49.796441,1,2,1,12,62
2025-12-14 06:11:52.704396,1,2,5,12,62
2025-12-14 06:11:55.512186,1,1,1,12,62
2025-12-14 06:11:59.321981,1,2,3,12,62
2025-12-14 06:12:02.736977,1,2,5,12,62
2025-12-14 06:12:06.091316,1,1,1,12,62
2025-12-14 06:12:08.951285,1,2,1,12,62
2025-12-14 06:12:11.812229,1,1,2,12,62
2025-12-14 06:12:15.172474,1,2,1,11,62
2025-12-14 06:12:18.932628,1,2,6,11,62
2025-12-14 06:12:22.440608,1,1,6,11,62
2025-12-14 06:12:26.402819,1,2,1,11,62
2025-12-14 06:12:29.267480,1,1,1,11,62
2025-12-14 06:12:32.068489,1,2,5,11,62
2025-12-14 06:12:35.890883,1,1,4,11,62
2025-12-14 06:12:40.237485,1,1,1,11,62
2025-12-14 06:12:44.103473,1,1,1,11,62
2025-12-14 06:12:46.909137,1,2,7,11,62
2025-12-14 06:12:49.817977,1,1,1,11,62
2025-12-14 06:12:52.726896,1,2,3,11,62
2025-12-14 06:12:56.037041,1,1,6,11,62
2025-12-14 06:12:58.851940,1,1,1,11,62
2025-12-14 06:13:01.756489,1,2,7,11,62
2025-12-14 06:13:05.065477,1,1,1,11,62
2025-12-14 06:13:08.976889,1,1,1,11,62
2025-12-14 06:13:11.834506,1,2,1,11,62
2025-12-14 06:13:15.206617,1,1,5,11,62
2025-12-14 06:13:18.954502,1,1,1,11,62
2025-12-14 06:13:22.814508,1,2,1,11,62
2025-12-14 06:13:25.759534,1,2,3,11,62
2025-12-14 06:13:28.534299,1,1,6,11,62
2025-12-14 06:13:32.392607,1,1,1,11,62
2025-12-14 06:13:35.306419,1,2,1,11,62
2025-12-14 06:13:38.112702,1,1,1,11,62
2025-12-14 06:13:41.925848,1,1,1,11,62
2025-12-14 06:13:46.384598,1,2,2,11,62
2025-12-14 06:13:49.293970,1,2,1,11,62
2025-12-14 06:13:52.153652,1,1,1,11,62
2025-12-14 06:13:55.021422,1,2,3,11,62
2025-12-14 06:13:58.824873,1,1,1,11,62
2025-12-14 06:14:02.134190,1,2,1,11,62
2025-12-14 06:14:04.943109,1,2,6,11,62
2025-12-14 06:14:07.854192,1,1,1,11,62
2025-12-14 06:14:10.762773,1,2,1,11,62
2025-12-14 06:14:13.579827,1,2,5,11,62
2025-12-14 06:14:17.382380,1,1,1,11,62
2025-12-14 06:14:20.341008,1,2,1,11,62
2025-12-14 06:14:24.750585,1,2,3,11,62
2025-12-14 06:14:27.559571,1,2,2,11,62
2025-12-14 06:14:30.469266,1,1,1,11,62
2025-12-14 06:14:34.278542,1,1,3,11,62
2025-12-14 06:14:37.589701,1,2,2,11,62
2025-12-14 06:14:40.998903,1,1,1,11,62
2025-12-14 06:14:44.309788,1,2,2,11,62
2025-12-14 06:14:47.118923,1,2,1,11,62
2025-12-14 06:14:51.930770,1,1,3,11,62
2025-12-14 06:14:55.341821,1,1,1,11,62
2025-12-14 06:14:58.202019,1,2,6,11,62
2025-12-14 06:15:02.110741,1,2,4,11,62
2025-12-14 06:15:05.921710,1,1,2,14,62
2025-12-14 06:15:09.785635,1,1,1,14,62
2025-12-14 06:15:12.602034,1,2,5,17,62
2025-12-14 06:15:15.453864,1,1,1,17,62
2025-12-14 06:15:19.369026,1,2,2,19,62
2025-12-14 06:15:22.774318,1,2,1,21,62
2025-12-14 06:15:25.582982,1,1,1,21,62
2025-12-14 06:15:29.911809,1,2,1,22,62
2025-12-14 06:15:33.254381,1,2,2,21,62
2025-12-14 06:15:37.615292,1,2,2,19,62
2025-12-14 06:15:41.423798,1,1,1,15,62
2025-12-14 06:15:44.333870,1,2,2,14,62
2025-12-14 06:15:47.143304,1,2,4,13,65
2025-12-14 06:15:51.054791,1,1,2,12,65
2025-12-14 06:15:53.913742,1,2,1,12,65
2025-12-14 06:15:57.273611,1,2,5,11,65
2025-12-14 06:16:01.042719,1,1,5,11,67
2025-12-14 06:16:04.842130,1,2,1,11,70
2025-12-14 06:16:08.159149,1,2,2,11,73
2025-12-14 06:16:12.512941,1,2,2,11,74
2025-12-14 06:16:16.321842,1,2,7,11,74
2025-12-14 06:16:19.630811,1,2,3,11,74
2025-12-14 06:16:23.441128,1,1,1,11,74
2025-12-14 06:16:26.352050,1,2,2,11,74
2025-12-14 06:16:29.162242,1,1,1,11,74
2025-12-14 06:16:33.019438,1,2,1,11,74
2025-12-14 06:16:35.930390,1,2,6,11,74
2025-12-14 06:16:39.290309,1,1,1,11,74
2025-12-14 06:16:43.049238,1,2,1,11,70
2025-12-14 06:16:45.909068,1,2,5,11,70
2025-12-14 06:16:48.818416,1,1,1,11,70
2025-12-14 06:16:51.631585,1,2,3,12,70
2025-12-14 06:16:54.537808,1,1,1,12,70
2025-12-14 06:16:58.347118,1,2,3,11,67
2025-12-14 06:17:01.657308,1,2,1,11,67
2025-12-14 06:17:05.015690,1,1,2,11,67
2025-12-14 06:17:07.928115,1,2,1,11,67
2025-12-14 06:17:10.835504,1,2,5,11,67
2025-12-14 06:17:13.645443,1,1,1,11,67
2025-12-14 06:17:17.455795,1,2,2,11,67
2025-12-14 06:17:21.316284,1,2,4,11,67
2025-12-14 06:17:24.626487,1,1,2,11,67
2025-12-14 06:17:27.486200,1,1,1,11,67
2025-12-14 06:17:31.393702,1,1,1,11,67
2025-12-14 06:17:34.254077,1,1,1,11,67
2025-12-14 06:17:37.113806,1,2,5,11,67
2025-12-14 06:17:40.924205,1,1,2,11,67
2025-12-14 06:17:43.834434,1,1,1,11,67
2025-12-14 06:17:46.642295,1,2,1,11,67
2025-12-14 06:17:50.502492,1,2,2,11,67
2025-12-14 06:17:53.411840,1,1,1,11,67
2025-12-14 06:17:56.219191,1,2,3,11,67
2025-12-14 06:18:00.034245,1,1,5,13,69
2025-12-14 06:18:04.946677,1,1,1,16,75
2025-12-14 06:18:07.852934,1,1,1,19,76
2025-12-14 06:18:10.662191,1,2,2,19,76
2025-12-14 06:18:14.574293,1,1,1,21,74
2025-12-14 06:18:17.430336,1,1,1,21,71
2025-12-14 06:18:20.239256,1,2,2,21,68
2025-12-14 06:18:24.206283,1,1,1,21,65
2025-12-14 06:18:27.664659,1,1,1,22,62
2025-12-14 06:18:30.518675,1,2,1,22,62
2025-12-14 06:18:34.379113,1,1,1,23,62
2025-12-14 06:18:37.689018,1,1,1,23,62
2025-12-14 06:18:41.496811,1,2,1,23,62
2025-12-14 06:18:44.906992,1,2,3,23,62
2025-12-14 06:18:48.268133,1,1,1,23,67
2025-12-14 06:18:51.087609,1,2,1,23,67
2025-12-14 06:18:53.988032,1,1,3,23,70
2025-12-14 06:18:57.347182,1,1,1,23,73
2025-12-14 06:19:01.107505,1,2,1,23,76
2025-12-14 06:19:04.016566,1,2,2,22,76
2025-12-14 06:19:07.927310,1,1,4,17,76
2025-12-14 06:19:11.236587,1,1,1,15,76
2025-12-14 06:19:16.049042,1,1,1,14,76
2025-12-14 06:19:19.911292,1,2,2,12,76
2025-12-14 06:19:22.719320,1,1,3,12,76
2025-12-14 06:19:25.527264,1,1,1,12,76
2025-12-14 06:19:28.436696,1,1,2,11,76
2025-12-14 06:19:31.295965,1,1,1,11,76
2025-12-14 06:19:34.157500,1,2,1,11,76
2025-12-14 06:19:38.014472,1,1,4,12,76
2025-12-14 06:19:40.926487,1,1,1,13,76
2025-12-14 06:19:44.737668,1,2,1,13,76
2025-12-14 06:19:47.546199,1,2,4,13,76
2025-12-14 06:19:50.454133,1,1,1,12,76
2025-12-14 06:19:53.267310,1,1,1,12,76
2025-12-14 06:19:57.122093,1,1,4,12,76
2025-12-14 06:20:00.032528,1,1,1,12,76
2025-12-14 06:20:03.895247,1,2,1,12,76
2025-12-14 06:20:06.705747,1,2,5,12,76
2025-12-14 06:20:09.619247,1,1,1,12,76
2025-12-14 06:20:13.475350,1,1,1,12,76
2025-12-14 06:20:16.334433,1,2,4,12,76
2025-12-14 06:20:19.196176,1,1,1,12,73
2025-12-14 06:20:22.004507,1,2,1,12,71
2025-12-14 06:20:24.915457,1,1,1,12,71
2025-12-14 06:20:27.725004,1,2,1,12,71
2025-12-14 06:20:30.639273,1,1,2,12,71
2025-12-14 06:20:34.443704,1,1,1,12,71
2025-12-14 06:20:37.752708,1,1,1,12,71
2025-12-14 06:20:40.626751,1,1,1,11,71
2025-12-14 06:20:43.473061,1,1,1,11,71
2025-12-14 06:20:46.333344,1,2,4,11,73
2025-12-14 06:20:49.193128,1,1,1,11,76
2025-12-14 06:20:53.019366,1,2,2,11,79
2025-12-14 06:20:56.314573,1,1,1,11,79
2025-12-14 06:20:59.170198,1,1,1,11,79
2025-12-14 06:21:02.032373,1,1,1,11,79
2025-12-14 06:21:04.942528,1,1,1,11,79
2025-12-14 06:21:07.752754,1,2,1,11,79
2025-12-14 06:21:12.059769,1,1,5,11,79
2025-12-14 06:21:15.420917,1,1,3,11,79
2025-12-14 06:21:18.938424,1,1,1,11,79
2025-12-14 06:21:21.739289,1,2,1,11,79
2025-12-14 06:21:25.606584,1,2,4,11,79
2025-12-14 06:21:28.527341,1,1,1,11,79
2025-12-14 06:21:31.380872,1,1,1,11,79
2025-12-14 06:21:34.177659,1,1,6,11,79
2025-12-14 06:21:37.039327,1,1,1,11,79
2025-12-14 06:21:39.948712,1,1,1,11,79
2025-12-14 06:21:42.758390,1,1,4,11,79
2025-12-14 06:21:45.624682,1,1,1,11,76
2025-12-14 06:21:49.529403,1,2,3,11,73
2025-12-14 06:21:54.490086,1,2,2,11,72
2025-12-14 06:21:57.348056,1,2,2,11,72
2025-12-14 06:22:00.208540,1,1,1,11,72
2025-12-14 06:22:03.105367,1,2,1,11,75
2025-12-14 06:22:06.977323,1,1,2,11,78
2025-12-14 06:22:09.801726,1,1,3,11,78
2025-12-14 06:22:13.148610,1,1,2,11,78
2025-12-14 06:22:17.009015,1,2,1,11,78
2025-12-14 06:22:20.316951,1,2,4,11,78
2025-12-14 06:22:24.126797,1,1,3,11,78
2025-12-14 06:22:27.992748,1,1,2,11,78
2025-12-14 06:22:30.797925,1,1,1,11,78
2025-12-14 06:22:34.221487,1,2,4,11,78
2025-12-14 06:22:37.521169,1,1,1,11,79
2025-12-14 06:22:40.378986,1,1,1,11,82
2025-12-14 06:22:43.191419,1,1,4,11,85
2025-12-14 06:22:47.058631,1,1,1,11,88
2025-12-14 06:22:50.366847,1,1,1,11,89
2025-12-14 06:22:54.317990,1,2,2,11,89
2025-12-14 06:22:58.127243,1,2,1,11,89
2025-12-14 06:23:01.536638,1,2,2,11,89
2025-12-14 06:23:04.403501,1,1,1,11,88
2025-12-14 06:23:07.263179,1,2,2,11,88
2025-12-14 06:23:11.066213,1,1,1,11,88
2025-12-14 06:23:14.377351,1,2,1,11,88
2025-12-14 06:23:17.234400,1,1,4,11,88
2025-12-14 06:23:20.124097,1,1,1,11,90
2025-12-14 06:23:23.007366,1,2,1,11,90
2025-12-14 06:23:25.818816,1,1,1,11,90
2025-12-14 06:23:29.626669,1,2,1,11,90
2025-12-14 06:23:33.041814,1,2,2,11,90
2025-12-14 06:23:36.393182,1,1,3,11,86
2025-12-14 06:23:39.203272,1,1,1,11,86
2025-12-14 06:23:42.121556,1,2,4,11,81
2025-12-14 06:23:45.491150,1,1,1,11,78
2025-12-14 06:23:49.233024,1,2,1,11,80
2025-12-14 06:23:52.093403,1,2,3,11,83
2025-12-14 06:23:55.006442,1,1,2,11,86
2025-12-14 06:23:57.810459,1,1,1,11,83
2025-12-14 06:24:00.721497,1,2,3,11,80
2025-12-14 06:24:04.529902,1,1,1,11,77
2025-12-14 06:24:07.848580,1,2,1,11,74
2025-12-14 06:24:11.199146,1,2,1,11,74
2025-12-14 06:24:15.194481,1,1,1,11,74
2025-12-14 06:24:17.018233,1,1,2,11,74
2025-12-14 06:24:19.826616,1,1,1,11,74
2025-12-14 06:24:23.636442,1,1,1,13,74
2025-12-14 06:24:27.501591,1,2,1,14,74
2025-12-14 06:24:31.461592,1,2,3,16,74
2025-12-14 06:24:34.218413,1,1,1,18,74
2025-12-14 06:24:38.128122,1,2,1,21,74
2025-12-14 06:24:41.037922,1,2,3,21,75
2025-12-14 06:24:43.848449,1,1,1,21,78
2025-12-14 06:24:48.156910,1,2,2,18,77
2025-12-14 06:24:52.019492,1,1,1,16,73
2025-12-14 06:24:54.828626,1,2,1,14,76
2025-12-14 06:24:57.742596,1,1,1,13,79
2025-12-14 06:25:01.608063,1,2,1,13,82
2025-12-14 06:25:04.457366,1,1,1,12,85
2025-12-14 06:25:07.269028,1,1,1,12,88
2025-12-14 06:25:10.127816,1,2,4,13,86
2025-12-14 06:25:13.038683,1,1,1,15,80
2025-12-14 06:25:15.879988,1,2,1,17,74
2025-12-14 06:25:18.708049,1,1,1,19,70
2025-12-14 06:25:21.618979,1,1,2,20,67
2025-12-14 06:25:24.478147,1,2,2,21,64
2025-12-14 06:25:27.288279,1,1,2,19,64
2025-12-14 06:25:30.148636,1,2,1,17,63
2025-12-14 06:25:33.516062,1,1,5,16,63
2025-12-14 06:25:37.869740,1,1,1,15,64
2025-12-14 06:25:41.679713,1,1,1,13,65
2025-12-14 06:25:45.088776,1,1,1,13,68
2025-12-14 06:25:48.449324,1,2,1,12,72
2025-12-14 06:25:51.307825,1,1,1,12,72
2025-12-14 06:25:54.169621,1,2,1,12,75
2025-12-14 06:25:57.531621,1,1,5,12,78
2025-12-14 06:26:01.288700,1,1,1,12,84
2025-12-14 06:26:05.299103,1,2,1,12,87
2025-12-14 06:26:09.263299,1,2,1,12,89
2025-12-14 06:26:12.169574,1,1,5,12,89
2025-12-14 06:26:15.527627,1,1,1,13,89
2025-12-14 06:26:19.290551,1,1,1,12,89
2025-12-14 06:26:23.148146,1,1,1,14,89
2025-12-14 06:26:27.158900,1,2,4,14,89
2025-12-14 06:26:31.068268,1,1,2,13,78
2025-12-14 06:26:33.878604,1,1,1,13,76
2025-12-14 06:26:36.737338,1,2,6,12,76
2025-12-14 06:26:40.596608,1,1,1,12,76
2025-12-14 06:26:43.907487,1,1,1,12,76
2025-12-14 06:26:48.419165,1,2,1,12,78
2025-12-14 06:26:51.875197,1,2,1,12,84
2025-12-14 06:26:54.787272,1,2,5,12,84
2025-12-14 06:26:58.597856,1,1,1,12,84
2025-12-14 06:27:01.906458,1,2,1,12,84
2025-12-14 06:27:05.727087,1,2,4,12,84
2025-12-14 06:27:08.675614,1,1,1,12,84
2025-12-14 06:27:13.085780,1,1,1,12,74
2025-12-14 06:27:15.892948,1,2,1,13,71
2025-12-14 06:27:18.802981,1,2,2,12,68
2025-12-14 06:27:22.612870,1,1,2,12,65
2025-12-14 06:27:25.921843,1,1,1,12,65
2025-12-14 06:27:30.239086,1,2,5,12,65
2025-12-14 06:27:34.611920,1,2,3,14,65
2025-12-14 06:27:37.901125,1,2,4,14,65
2025-12-14 06:27:41.709629,1,1,1,13,65
2025-12-14 06:27:45.583519,1,1,1,13,65
2025-12-14 06:27:49.330437,1,2,1,12,65
2025-12-14 06:27:53.192736,1,2,1,12,65
2025-12-14 06:27:56.449561,1,1,2,12,65
2025-12-14 06:28:00.809766,1,1,1,12,63
2025-12-14 06:28:04.619707,1,2,1,12,63
2025-12-14 06:28:07.931188,1,2,4,12,66
2025-12-14 06:28:11.739912,1,1,4,12,67
2025-12-14 06:28:15.598707,1,1,1,12,67
2025-12-14 06:28:19.357733,1,1,1,12,67
2025-12-14 06:28:23.168926,1,2,2,12,67
2025-12-14 06:28:26.477387,1,1,4,12,70
2025-12-14 06:28:30.289097,1,1,2,13,71
2025-12-14 06:28:34.646634,1,1,1,13,74
2025-12-14 06:28:37.957151,1,1,2,15,74
2025-12-14 06:28:41.368031,1,2,5,14,74
2025-12-14 06:28:44.226134,1,1,1,16,74
2025-12-14 06:28:47.136265,1,2,1,16,73
2025-12-14 06:28:49.943732,1,1,5,16,74
2025-12-14 06:28:54.255011,1,1,1,15,71
2025-12-14 06:28:57.612336,1,2,2,14,68
2025-12-14 06:29:01.402451,1,2,4,14,63
2025-12-14 06:29:05.185636,1,1,5,13,63
2025-12-14 06:29:08.515435,1,1,1,15,63
2025-12-14 06:29:12.301671,1,1,1,14,63
2025-12-14 06:29:16.164035,1,2,1,16,62
2025-12-14 06:29:18.974543,1,1,4,15,62
2025-12-14 06:29:22.386566,1,1,1,15,62
2025-12-14 06:29:25.694679,1,1,1,18,62
2025-12-14 06:29:28.554489,1,1,3,17,62
2025-12-14 06:29:31.416115,1,1,1,15,62
2025-12-14 06:29:35.230527,1,2,1,14,62
2025-12-14 06:29:38.535359,1,2,2,13,65
2025-12-14 06:29:42.395811,1,2,4,13,68
2025-12-14 06:29:45.254334,1,1,2,12,70
2025-12-14 06:29:49.164117,1,2,1,12,70
2025-12-14 06:29:51.973431,1,2,1,12,70
2025-12-14 06:29:54.882037,1,1,1,12,70
2025-12-14 06:29:58.692555,1,2,2,12,73
2025-12-14 06:30:01.605258,1,2,5,12,76
2025-12-14 06:30:04.372535,1,1,1,12,76
2025-12-14 06:30:08.272625,1,2,1,12,71
2025-12-14 06:30:11.203031,1,1,3,12,68
2025-12-14 06:30:13.992923,1,1,1,12,66
2025-12-14 06:30:17.803132,1,2,5,11,66
2025-12-14 06:30:20.761358,1,1,1,11,66
2025-12-14 06:30:25.171751,1,1,1,11,66
2025-12-14 06:30:27.979658,1,2,1,11,66
2025-12-14 06:30:30.898352,1,2,4,11,66
2025-12-14 06:30:34.701958,1,1,1,11,67
2025-12-14 06:30:38.009073,1,1,1,11,69
2025-12-14 06:30:41.368712,1,2,1,11,69
2025-12-14 06:30:44.278916,1,1,4,11,69
2025-12-14 06:30:47.192927,1,1,1,11,69
2025-12-14 06:30:49.999415,1,2,1,11,67
2025-12-14 06:30:54.307078,1,1,4,11,65
2025-12-14 06:30:57.672820,1,1,4,11,67
2025-12-14 06:31:01.427485,1,1,1,11,69
2025-12-14 06:31:05.239576,1,2,1,11,69
2025-12-14 06:31:08.550508,1,2,5,11,69
2025-12-14 06:31:12.370716,1,1,2,11,69
2025-12-14 06:31:16.219028,1,1,1,11,69
2025-12-14 06:31:19.028399,1,1,1,11,71
2025-12-14 06:31:22.389114,1,2,5,11,74
2025-12-14 06:31:26.299145,1,1,3,11,77
2025-12-14 06:31:29.210677,1,1,1,11,80
2025-12-14 06:31:32.017653,1,1,5,11,83
2025-12-14 06:31:36.327354,1,1,4,11,84
2025-12-14 06:31:39.688977,1,1,2,11,81
2025-12-14 06:31:43.447447,1,1,1,11,75
2025-12-14 06:31:47.271260,1,2,1,11,72
2025-12-14 06:31:50.567810,1,2,2,11,70
2025-12-14 06:31:54.378834,1,2,1,11,70
2025-12-14 06:31:58.249337,1,1,2,11,70
2025-12-14 06:32:01.049324,1,2,1,11,70
2025-12-14 06:32:03.857133,1,2,2,11,70
2025-12-14 06:32:07.766960,1,1,1,11,70
2025-12-14 06:32:10.631237,1,2,2,11,70
2025-12-14 06:32:13.500336,1,1,3,11,70
2025-12-14 06:32:17.297643,1,1,1,11,70
2025-12-14 06:32:20.608455,1,2,1,11,70
2025-12-14 06:32:24.065459,1,2,5,11,70
2025-12-14 06:32:26.875703,1,1,1,11,70
2025-12-14 06:32:29.786221,1,2,2,11,70
2025-12-14 06:32:32.598372,1,2,4,11,70
2025-12-14 06:32:36.907308,1,1,1,11,70
2025-12-14 06:32:40.767452,1,1,1,11,70
2025-12-14 06:32:43.627675,1,2,2,11,70
2025-12-14 06:32:46.448622,1,1,5,11,70
2025-12-14 06:32:50.355325,1,1,5,11,70
2025-12-14 06:32:53.260514,1,1,1,11,70
2025-12-14 06:32:56.065904,1,2,5,11,70
2025-12-14 06:32:59.876244,1,1,1,11,70
2025-12-14 06:33:02.785220,1,2,2,11,70
2025-12-14 06:33:05.596354,1,2,1,11,70
2025-12-14 06:33:09.454035,1,1,1,11,70
2025-12-14 06:33:12.373230,1,2,2,11,70
2025-12-14 06:33:15.729209,1,1,1,11,70
2025-12-14 06:33:19.483668,1,1,1,11,73
2025-12-14 06:33:22.342612,1,2,5,11,74
2025-12-14 06:33:25.252294,1,1,1,13,77
2025-12-14 06:33:28.062097,1,2,1,15,80
2025-12-14 06:33:30.922166,1,1,1,16,81
2025-12-14 06:33:34.783134,1,2,2,15,81
2025-12-14 06:33:38.092605,1,2,8,13,81
2025-12-14 06:33:40.900461,1,2,10,13,81
2025-12-14 06:33:43.810827,1,2,25,12,81
2025-12-14 06:33:46.669450,1,2,17,12,81
2025-12-14 06:33:49.483213,1,2,7,11,81
2025-12-14 06:33:53.342470,1,2,9,11,81
2025-12-14 06:33:56.648747,1,2,6,11,81
2025-12-14 06:33:59.458775,1,1,1,11,81
2025-12-14 06:34:02.368434,1,2,1,11,81
2025-12-14 06:34:05.281081,1,1,1,11,84
2025-12-14 06:34:08.088067,1,2,2,11,84
2025-12-14 06:34:11.908255,1,1,1,11,84
2025-12-14 06:34:15.756400,1,1,1,11,84
2025-12-14 06:34:19.114190,1,1,1,11,84
2025-12-14 06:34:21.923967,1,2,2,11,84
2025-12-14 06:34:25.832628,1,2,2,11,84
2025-12-14 06:34:28.693376,1,1,2,11,84
2025-12-14 06:34:31.502493,1,1,1,12,84
2025-12-14 06:34:35.361730,1,2,2,12,84
2025-12-14 06:34:38.720842,1,1,1,11,83
2025-12-14 06:34:42.082543,1,1,1,11,80
2025-12-14 06:34:44.941633,1,1,1,11,77
2025-12-14 06:34:47.852540,1,2,5,11,74
2025-12-14 06:34:50.660342,1,1,1,11,74
2025-12-14 06:34:54.470493,1,1,1,11,74
2025-12-14 06:34:58.828730,1,1,1,11,74
2025-12-14 06:35:01.690019,1,1,1,11,74
2025-12-14 06:35:04.499984,1,2,1,11,74
2025-12-14 06:35:08.410644,1,1,1,11,74
2025-12-14 06:35:11.320630,1,1,1,11,74
2025-12-14 06:35:14.132428,1,1,1,11,74
2025-12-14 06:35:17.493678,1,1,1,11,77
2025-12-14 06:35:20.398936,1,1,1,11,77
2025-12-14 06:35:23.309111,1,2,48,11,76
2025-12-14 06:35:26.117878,1,2,21,11,73
2025-12-14 06:35:29.930554,1,2,15,24,100
2025-12-14 06:35:33.786618,1,2,1,23,100
2025-12-14 06:35:38.150615,1,1,1,23,100
2025-12-14 06:35:41.012861,1,2,7,23,100
2025-12-14 06:35:43.865980,1,2,6,23,100
2025-12-14 06:35:46.726886,1,1,4,19,100
2025-12-14 06:35:49.536390,1,2,2,18,100
2025-12-14 06:35:53.396256,1,1,3,17,99
2025-12-14 06:35:57.420443,1,1,1,15,93
2025-12-14 06:36:01.315737,1,2,1,14,83
2025-12-14 06:36:04.126956,1,2,9,13,80
2025-12-14 06:36:06.986072,1,1,1,13,77
2025-12-14 06:36:10.844801,1,2,4,12,76
2025-12-14 06:36:14.155721,1,2,20,13,76
2025-12-14 06:36:17.963637,1,1,6,14,76
2025-12-14 06:36:20.881487,1,1,1,13,78
2025-12-14 06:36:23.696014,1,2,4,13,81
2025-12-14 06:36:28.996089,1,2,1,13,82
2025-12-14 06:36:31.937986,1,1,1,13,82
2025-12-14 06:36:34.778981,1,2,19,13,82
2025-12-14 06:36:38.177107,1,2,4,13,82
2025-12-14 06:36:40.986582,1,2,42,13,79
2025-12-14 06:36:43.898054,1,2,22,12,76
2025-12-14 06:36:46.753199,1,2,30,12,100
2025-12-14 06:36:49.563305,1,2,3,24,100
2025-12-14 06:36:53.424843,1,2,3,24,100
2025-12-14 06:36:56.385004,1,1,1,24,100
2025-12-14 06:37:00.194884,1,2,2,23,100
2025-12-14 06:37:03.010505,1,1,1,21,100
2025-12-14 06:37:05.916086,1,1,4,20,100
2025-12-14 06:37:08.724991,1,1,1,18,100
2025-12-14 06:37:12.533760,1,2,3,17,100
2025-12-14 06:37:15.445127,1,1,1,16,95
2025-12-14 06:37:19.356337,1,2,1,16,83
2025-12-14 06:37:22.166108,1,2,3,15,78
2025-12-14 06:37:25.025725,1,1,1,14,77
2025-12-14 06:37:28.885912,1,1,2,13,80
2025-12-14 06:37:32.194744,1,1,1,12,83
2025-12-14 06:37:36.212688,1,1,1,12,83
2025-12-14 06:37:39.015070,1,2,4,12,83
2025-12-14 06:37:41.928657,1,1,1,12,83
2025-12-14 06:37:44.735160,1,2,1,15,83
2025-12-14 06:37:48.546740,1,2,5,17,80
2025-12-14 06:37:53.459298,1,1,1,18,80
2025-12-14 06:37:56.368564,1,2,1,20,80
2025-12-14 06:37:59.177725,1,1,1,20,80
2025-12-14 06:38:03.037108,1,1,1,21,80
2025-12-14 06:38:05.948005,1,2,2,21,80
2025-12-14 06:38:08.759394,1,1,1,21,80
2025-12-14 06:38:12.616453,1,1,1,22,80
2025-12-14 06:38:15.974922,1,1,1,22,78
2025-12-14 06:38:19.385793,1,1,2,22,75
2025-12-14 06:38:22.200422,1,1,1,22,73
2025-12-14 06:38:25.055572,1,2,1,22,73
2025-12-14 06:38:28.915709,1,1,1,22,73
2025-12-14 06:38:32.230089,1,1,1,22,73
2025-12-14 06:38:35.092600,1,2,1,22,76
2025-12-14 06:38:37.944699,1,1,1,22,79
2025-12-14 06:38:40.798891,1,1,1,22,81
2025-12-14 06:38:43.659289,1,1,1,22,81
2025-12-14 06:38:47.469171,1,2,1,22,81
2025-12-14 06:38:50.778134,1,1,2,22,81
2025-12-14 06:38:53.586697,1,1,1,22,81
2025-12-14 06:38:56.505532,1,2,3,22,81
2025-12-14 06:38:59.414629,1,1,1,21,81
2025-12-14 06:39:02.229785,1,2,1,21,81
2025-12-14 06:39:06.526641,1,1,1,16,81
2025-12-14 06:39:09.897946,1,1,1,15,81
2025-12-14 06:39:13.197990,1,2,1,14,81
2025-12-14 06:39:16.055291,1,1,1,13,81
2025-12-14 06:39:19.965145,1,1,1,13,78
2025-12-14 06:39:22.824631,1,1,3,15,75
2025-12-14 06:39:25.688108,1,1,1,17,74
2025-12-14 06:39:29.493715,1,2,1,18,77
2025-12-14 06:39:32.404373,1,1,3,15,80
2025-12-14 06:39:35.214249,1,1,1,15,83
2025-12-14 06:39:39.092940,1,1,1,14,85
2025-12-14 06:39:41.982014,1,1,1,16,85
2025-12-14 06:39:44.792926,1,2,2,18,85
2025-12-14 06:39:48.602453,1,1,3,16,85
2025-12-14 06:39:51.515811,1,2,1,15,85
2025-12-14 06:39:55.433619,1,2,2,14,85
2025-12-14 06:39:58.234899,1,2,3,13,85
2025-12-14 06:40:01.094283,1,1,1,13,85
2025-12-14 06:40:04.953172,1,1,1,12,85
2025-12-14 06:40:08.262661,1,2,3,12,85
2025-12-14 06:40:11.121633,1,1,1,11,85
