Timestamp,Presence,Movement,MovingRange,BreathingRate,HeartRate
2025-12-26 00:09:19.598647,1,2,1,23,119
2025-12-26 00:09:22.391942,1,1,4,23,122
2025-12-26 00:09:26.201393,1,2,1,20,116
2025-12-26 00:09:30.060606,1,2,12,18,110
2025-12-26 00:09:33.571750,1,2,23,17,107
2025-12-26 00:09:36.379274,1,2,2,23,110
2025-12-26 00:09:39.296918,1,1,1,24,113
2025-12-26 00:09:43.100974,1,2,5,23,116
2025-12-26 00:09:46.410617,1,2,29,24,119
2025-12-26 00:09:50.218920,1,2,9,23,122
2025-12-26 00:09:53.126985,1,2,3,24,107
2025-12-26 00:09:55.944234,1,2,3,23,110
2025-12-26 00:09:59.801781,1,1,5,23,113
2025-12-26 00:10:02.716425,1,2,1,24,116
2025-12-26 00:10:06.066515,1,2,3,24,119
2025-12-26 00:10:09.825705,1,2,1,21,110
2025-12-26 00:10:13.236628,1,2,2,20,104
2025-12-26 00:10:16.144578,1,2,4,19,98
2025-12-26 00:10:19.003800,1,2,2,18,92
2025-12-26 00:10:21.865015,1,1,1,17,89
2025-12-26 00:10:25.678755,1,1,2,17,86
2025-12-26 00:10:28.984340,1,2,2,16,81
2025-12-26 00:10:32.943891,1,2,4,16,75
2025-12-26 00:10:36.404780,1,1,1,16,68
2025-12-26 00:10:39.314116,1,2,3,16,65
2025-12-26 00:10:43.125529,1,2,4,16,66
2025-12-26 00:10:46.434405,1,2,2,16,69
2025-12-26 00:10:50.742131,1,2,2,16,69
2025-12-26 00:10:54.702462,1,2,2,16,69
2025-12-26 00:10:57.614152,1,1,1,16,72
2025-12-26 00:11:00.421859,1,2,2,16,75
2025-12-26 00:11:03.282541,1,2,8,16,76
2025-12-26 00:11:07.142311,1,2,2,16,76
2025-12-26 00:11:10.454724,1,2,2,16,76
2025-12-26 00:11:13.913953,1,1,5,16,76
2025-12-26 00:11:16.722842,1,2,16,16,76
2025-12-26 00:11:19.631870,1,2,1,16,76
2025-12-26 00:11:22.445494,1,2,3,16,76
2025-12-26 00:11:26.252574,1,2,3,16,76
2025-12-26 00:11:30.110183,1,2,8,16,76
2025-12-26 00:11:33.469774,1,2,8,16,76
2025-12-26 00:11:36.280404,1,1,2,16,76
2025-12-26 00:11:40.190654,1,2,20,16,76
2025-12-26 00:11:43.049717,1,2,6,16,76
2025-12-26 00:11:45.856850,1,2,5,16,76
2025-12-26 00:11:49.717367,1,2,3,16,74
2025-12-26 00:11:52.678487,1,2,2,16,71
2025-12-26 00:11:55.986481,1,1,4,16,68
2025-12-26 00:12:00.798947,1,1,4,16,65
2025-12-26 00:12:04.660408,1,1,1,15,65
2025-12-26 00:12:07.472635,1,1,2,15,65
2025-12-26 00:12:11.378373,1,2,2,15,65
2025-12-26 00:12:14.742773,1,1,1,16,65
2025-12-26 00:12:18.101352,1,2,5,16,65
2025-12-26 00:12:21.861860,1,2,1,16,65
2025-12-26 00:12:25.733076,1,2,3,16,65
2025-12-26 00:12:29.039511,1,2,2,16,65
2025-12-26 00:12:33.389950,1,2,1,16,70
2025-12-26 00:12:37.701488,1,2,4,16,70
2025-12-26 00:12:41.021852,1,2,3,16,70
2025-12-26 00:12:44.822351,1,2,7,15,70
2025-12-26 00:12:49.181358,1,2,8,15,71
2025-12-26 00:12:52.491274,1,2,4,15,74
2025-12-26 00:12:56.299273,1,1,2,15,74
2025-12-26 00:12:59.211257,1,2,3,15,74
2025-12-26 00:13:02.020887,1,1,1,15,74
2025-12-26 00:13:05.930992,1,1,2,15,75
2025-12-26 00:13:08.790455,1,2,4,15,76
2025-12-26 00:13:12.156655,1,2,1,15,76
2025-12-26 00:13:15.960336,1,2,1,15,76
2025-12-26 00:13:18.771080,1,2,4,15,76
2025-12-26 00:13:21.680431,1,2,2,15,76
2025-12-26 00:13:24.490004,1,2,10,15,76
2025-12-26 00:13:27.349380,1,2,9,15,76
2025-12-26 00:13:31.208138,1,2,14,15,76
2025-12-26 00:13:34.523625,1,2,2,15,76
2025-12-26 00:13:37.380301,1,2,2,15,76
2025-12-26 00:13:40.240465,1,2,12,15,76
2025-12-26 00:13:43.096526,1,2,16,15,76
2025-12-26 00:13:45.906031,1,2,9,15,76
2025-12-26 00:13:49.772579,1,2,2,15,76
2025-12-26 00:13:53.076382,1,2,11,15,76
2025-12-26 00:13:55.940699,1,2,7,16,76
2025-12-26 00:13:58.793489,1,2,2,16,74
2025-12-26 00:14:01.705260,1,2,4,17,71
2025-12-26 00:14:04.517611,1,1,6,17,70
2025-12-26 00:14:08.329395,1,1,10,17,70
2025-12-26 00:14:12.195377,1,2,3,17,70
2025-12-26 00:14:15.542580,1,1,1,17,70
2025-12-26 00:14:18.406090,1,2,1,17,70
2025-12-26 00:14:21.714412,1,2,1,17,70
2025-12-26 00:14:24.524932,1,1,1,17,70
2025-12-26 00:14:27.384473,1,1,1,17,70
2025-12-26 00:14:30.343303,1,2,18,17,106
2025-12-26 00:14:34.257191,1,2,18,23,109
2025-12-26 00:14:37.115194,1,2,11,24,112
2025-12-26 00:14:39.972445,1,2,1,24,115
2025-12-26 00:14:43.786833,1,2,1,23,118
2025-12-26 00:14:47.102289,1,2,6,24,121
2025-12-26 00:14:50.908905,1,2,5,23,124
2025-12-26 00:14:53.811897,1,2,3,21,121
2025-12-26 00:14:57.724532,1,2,7,21,109
2025-12-26 00:15:00.567315,1,1,2,20,103
2025-12-26 00:15:03.445507,1,2,1,20,97
2025-12-26 00:15:07.253147,1,2,3,19,94
2025-12-26 00:15:10.161665,1,2,3,18,91
2025-12-26 00:15:12.926458,1,2,17,17,88
2025-12-26 00:15:16.833035,1,2,1,19,85
2025-12-26 00:15:19.743636,1,2,1,19,82
2025-12-26 00:15:23.654317,1,2,1,19,80
2025-12-26 00:15:26.426289,1,2,11,20,81
2025-12-26 00:15:29.822993,1,2,3,20,84
2025-12-26 00:15:33.737772,1,2,9,20,85
2025-12-26 00:15:36.544046,1,2,2,18,85
2025-12-26 00:15:39.404344,1,2,6,18,85
2025-12-26 00:15:43.261823,1,2,10,18,85
2025-12-26 00:15:46.573428,1,1,3,17,85
2025-12-26 00:15:49.980661,1,2,5,17,85
2025-12-26 00:15:53.297944,1,2,1,17,88
2025-12-26 00:15:56.100483,1,2,2,17,88
2025-12-26 00:16:01.461262,1,2,1,17,87
2025-12-26 00:16:04.325328,1,1,3,17,87
2025-12-26 00:16:07.181382,1,2,8,17,87
2025-12-26 00:16:11.092442,1,2,10,17,87
2025-12-26 00:16:14.905942,1,2,9,17,87
2025-12-26 00:16:18.773859,1,2,7,17,87
2025-12-26 00:16:21.582604,1,2,8,17,87
2025-12-26 00:16:24.434105,1,2,8,17,87
2025-12-26 00:16:28.344970,1,2,4,17,87
2025-12-26 00:16:31.752949,1,2,4,17,87
2025-12-26 00:16:34.564005,1,2,4,17,87
2025-12-26 00:16:38.378181,1,2,2,17,87
2025-12-26 00:16:42.239641,1,2,2,17,83
2025-12-26 00:16:46.001838,1,1,10,17,71
2025-12-26 00:16:49.853719,1,2,6,17,68
2025-12-26 00:16:53.311014,1,1,9,18,65
2025-12-26 00:16:56.121680,1,1,1,18,62
2025-12-26 00:16:59.981677,1,1,8,18,65
2025-12-26 00:17:02.892403,1,2,30,18,68
2025-12-26 00:17:06.249531,1,2,27,18,71
2025-12-26 00:17:10.012949,1,2,5,18,77
2025-12-26 00:17:13.417255,1,2,2,18,75
2025-12-26 00:17:16.327617,1,2,7,17,72
2025-12-26 00:17:19.187921,1,2,9,17,71
2025-12-26 00:17:22.000379,1,2,5,16,74
2025-12-26 00:17:25.870640,1,2,5,16,71
2025-12-26 00:17:29.166705,1,2,4,15,68
2025-12-26 00:17:33.132610,1,1,1,15,65
2025-12-26 00:17:37.439629,1,1,1,15,65
2025-12-26 00:17:40.347383,1,2,1,15,65
2025-12-26 00:17:43.208444,1,2,2,15,65
2025-12-26 00:17:46.066596,1,1,3,15,65
2025-12-26 00:17:49.877130,1,2,1,15,65
2025-12-26 00:17:52.792100,1,2,3,14,65
2025-12-26 00:17:55.600675,1,2,3,14,67
2025-12-26 00:17:59.455157,1,1,1,14,70
2025-12-26 00:18:02.367866,1,1,1,14,73
2025-12-26 00:18:05.184699,1,1,1,14,76
2025-12-26 00:18:08.988159,1,1,4,14,77
2025-12-26 00:18:11.898208,1,1,1,14,79
2025-12-26 00:18:15.811280,1,2,2,16,79
2025-12-26 00:18:18.620583,1,2,2,16,79
2025-12-26 00:18:21.480130,1,1,1,15,76
2025-12-26 00:18:25.355815,1,1,1,14,73
2025-12-26 00:18:29.351933,1,1,2,14,70
2025-12-26 00:18:32.159122,1,1,1,14,69
2025-12-26 00:18:36.971566,1,2,1,14,69
2025-12-26 00:18:40.833727,1,2,1,14,69
2025-12-26 00:18:43.643948,1,2,5,14,69
2025-12-26 00:18:47.555625,1,2,5,14,69
2025-12-26 00:18:50.920094,1,2,1,14,69
2025-12-26 00:18:54.272049,1,2,22,14,69
2025-12-26 00:18:58.030470,1,2,4,14,69
2025-12-26 00:19:01.893444,1,1,10,14,69
2025-12-26 00:19:05.204874,1,2,6,14,69
2025-12-26 00:19:09.021982,1,2,25,15,67
2025-12-26 00:19:11.925434,1,2,21,15,67
2025-12-26 00:19:15.837659,1,2,5,15,67
2025-12-26 00:19:18.647055,1,1,2,15,67
2025-12-26 00:19:21.550279,1,1,2,15,67
2025-12-26 00:19:25.371956,1,2,3,15,67
2025-12-26 00:19:28.671295,1,2,3,15,67
2025-12-26 00:19:32.035303,1,2,12,15,67
2025-12-26 00:19:34.938011,1,2,9,15,67
2025-12-26 00:19:37.850052,1,2,3,14,67
2025-12-26 00:19:40.660867,1,2,9,14,66
2025-12-26 00:19:44.467657,1,2,11,13,66
2025-12-26 00:19:48.330287,1,1,1,12,66
2025-12-26 00:19:51.687220,1,2,7,12,66
2025-12-26 00:19:54.497938,1,2,4,12,66
2025-12-26 00:20:00.538705,1,2,3,12,66
2025-12-26 00:20:01.266337,1,2,3,12,66
2025-12-26 00:20:04.079931,1,2,1,13,66
2025-12-26 00:20:07.933996,1,2,2,15,66
2025-12-26 00:20:10.892947,1,2,17,15,66
2025-12-26 00:20:14.204068,1,2,4,14,65
2025-12-26 00:20:18.063128,1,2,6,13,64
2025-12-26 00:20:20.974957,1,2,5,13,64
2025-12-26 00:20:24.335873,1,2,1,12,64
2025-12-26 00:20:28.093387,1,1,1,13,64
2025-12-26 00:20:31.503200,1,2,2,13,66
2025-12-26 00:20:34.413951,1,2,3,14,69
2025-12-26 00:20:37.273491,1,2,5,15,72
2025-12-26 00:20:40.135279,1,1,1,15,75
2025-12-26 00:20:43.451674,1,1,3,15,78
2025-12-26 00:20:46.306552,1,2,2,15,79
2025-12-26 00:20:49.066670,1,1,20,15,79
2025-12-26 00:20:52.976661,1,2,15,15,79
2025-12-26 00:20:55.889726,1,2,2,15,79
2025-12-26 00:20:58.695255,1,2,2,15,79
2025-12-26 00:21:02.504356,1,2,5,15,79
2025-12-26 00:21:06.386286,1,2,14,15,79
2025-12-26 00:21:09.873096,1,2,13,15,79
2025-12-26 00:21:12.684775,1,2,7,15,79
2025-12-26 00:21:15.544822,1,2,8,15,79
2025-12-26 00:21:19.402884,1,2,1,15,79
2025-12-26 00:21:22.713178,1,2,5,16,79
2025-12-26 00:21:26.521664,1,1,2,16,79
2025-12-26 00:21:29.432999,1,2,2,17,78
2025-12-26 00:21:32.273047,1,2,5,17,75
2025-12-26 00:21:37.558018,1,1,1,16,70
2025-12-26 00:21:40.464992,1,1,1,16,70
2025-12-26 00:21:43.329404,1,2,1,15,70
2025-12-26 00:21:47.235040,1,1,2,15,69
2025-12-26 00:21:50.695367,1,2,1,14,69
2025-12-26 00:21:53.553769,1,2,2,14,69
2025-12-26 00:21:56.465008,1,2,1,14,69
2025-12-26 00:21:59.278024,1,1,1,15,72
2025-12-26 00:22:03.644728,1,1,1,15,73
2025-12-26 00:22:08.078509,1,1,1,14,73
2025-12-26 00:22:11.456678,1,2,2,14,73
2025-12-26 00:22:14.266970,1,2,3,15,71
2025-12-26 00:22:18.132805,1,2,1,15,68
2025-12-26 00:22:21.036962,1,1,1,15,67
2025-12-26 00:22:24.398228,1,1,3,15,67
2025-12-26 00:22:27.755322,1,1,3,15,67
2025-12-26 00:22:30.565852,1,1,1,15,67
2025-12-26 00:22:34.493222,1,1,1,15,67
2025-12-26 00:22:37.336805,1,1,2,16,67
2025-12-26 00:22:40.193949,1,2,2,16,67
2025-12-26 00:22:44.012037,1,1,3,16,67
2025-12-26 00:22:47.464562,1,2,3,16,67
2025-12-26 00:22:50.273255,1,1,1,16,67
2025-12-26 00:22:55.084892,1,1,1,16,67
2025-12-26 00:22:58.493913,1,1,1,16,67
2025-12-26 00:23:01.353569,1,1,1,16,67
2025-12-26 00:23:04.163127,1,1,2,16,67
2025-12-26 00:23:07.622704,1,1,2,16,67
2025-12-26 00:23:10.482925,1,2,3,16,67
2025-12-26 00:23:13.350980,1,1,2,16,66
2025-12-26 00:23:16.156382,1,2,1,16,66
2025-12-26 00:23:20.019035,1,2,2,16,66
2025-12-26 00:23:23.325652,1,2,6,15,64
2025-12-26 00:23:26.180962,1,1,2,15,62
2025-12-26 00:23:29.041206,1,2,1,15,62
2025-12-26 00:23:31.952341,1,1,1,15,62
2025-12-26 00:23:34.764862,1,2,1,15,62
2025-12-26 00:23:38.571810,1,1,2,15,62
2025-12-26 00:23:42.433480,1,2,2,15,62
2025-12-26 00:23:45.943335,1,2,2,15,62
2025-12-26 00:23:48.761369,1,1,1,15,62
2025-12-26 00:23:51.660715,1,2,1,15,62
2025-12-26 00:23:55.472094,1,1,2,15,62
2025-12-26 00:23:58.785156,1,2,1,15,62
2025-12-26 00:24:03.100322,1,2,4,15,62
2025-12-26 00:24:06.499632,1,1,5,15,62
2025-12-26 00:24:09.364286,1,1,1,15,62
2025-12-26 00:24:12.172126,1,1,2,15,62
2025-12-26 00:24:15.086808,1,1,3,15,65
2025-12-26 00:24:18.443134,1,1,9,15,65
2025-12-26 00:24:22.206081,1,2,13,15,65
2025-12-26 00:24:26.019406,1,2,1,15,65
2025-12-26 00:24:29.321354,1,1,5,15,65
2025-12-26 00:24:33.130821,1,1,6,15,65
2025-12-26 00:24:37.489670,1,2,28,15,65
2025-12-26 00:24:40.801066,1,2,12,15,65
2025-12-26 00:24:44.606827,1,2,3,15,65
2025-12-26 00:24:47.516109,1,2,4,15,65
2025-12-26 00:24:50.325542,1,2,6,16,65
2025-12-26 00:24:55.146927,1,2,15,16,68
2025-12-26 00:24:59.000210,1,2,7,17,71
2025-12-26 00:25:01.808624,1,2,5,17,71
2025-12-26 00:25:05.668597,1,1,1,17,71
2025-12-26 00:25:08.552880,1,1,1,17,71
2025-12-26 00:25:11.338655,1,2,2,17,71
2025-12-26 00:25:15.156257,1,2,1,17,71
2025-12-26 00:25:19.510224,1,1,1,17,71
2025-12-26 00:25:23.367593,1,1,1,17,73
2025-12-26 00:25:27.181266,1,2,1,17,74
2025-12-26 00:25:30.091923,1,1,1,17,74
2025-12-26 00:25:34.014784,1,1,1,17,77
2025-12-26 00:25:36.807527,1,1,1,17,80
2025-12-26 00:25:39.668660,1,2,1,17,83
2025-12-26 00:25:43.528778,1,2,2,17,84
2025-12-26 00:25:46.841453,1,1,3,17,80
2025-12-26 00:25:50.647403,1,1,1,16,82
2025-12-26 00:25:53.558463,1,2,4,16,82
2025-12-26 00:25:56.368225,1,2,1,16,78
2025-12-26 00:26:00.275413,1,2,1,17,75
2025-12-26 00:26:03.136038,1,2,3,17,72
2025-12-26 00:26:06.498430,1,1,2,17,71
2025-12-26 00:26:10.006545,1,2,2,17,71
2025-12-26 00:26:12.832009,1,2,2,17,71
2025-12-26 00:26:15.729454,1,1,1,16,71
2025-12-26 00:26:19.533097,1,2,4,16,71
2025-12-26 00:26:22.846346,1,2,2,16,71
2025-12-26 00:26:27.167240,1,1,2,16,71
2025-12-26 00:26:31.513575,1,1,1,16,71
2025-12-26 00:26:34.823481,1,1,1,16,72
2025-12-26 00:26:38.631574,1,1,1,16,72
2025-12-26 00:26:42.504211,1,1,1,16,72
2025-12-26 00:26:46.253559,1,2,1,16,72
2025-12-26 00:26:50.119299,1,1,3,16,72
2025-12-26 00:26:53.423034,1,1,2,15,72
2025-12-26 00:26:56.237994,1,1,1,15,72
2025-12-26 00:26:59.143998,1,1,1,15,72
2025-12-26 00:27:02.054184,1,2,1,15,70
2025-12-26 00:27:04.859837,1,1,1,15,67
2025-12-26 00:27:09.171478,1,1,1,15,65
2025-12-26 00:27:14.236670,1,1,1,14,65
2025-12-26 00:27:17.139396,1,1,1,14,65
2025-12-26 00:27:20.048870,1,1,1,14,65
2025-12-26 00:27:22.861736,1,2,1,14,65
2025-12-26 00:27:26.677098,1,1,1,14,68
2025-12-26 00:27:30.528681,1,1,2,14,71
2025-12-26 00:27:33.885990,1,1,1,14,70
2025-12-26 00:27:36.701108,1,1,1,14,68
2025-12-26 00:27:40.605517,1,1,1,14,71
2025-12-26 00:27:43.467570,1,2,2,14,71
2025-12-26 00:27:46.282381,1,2,5,14,71
2025-12-26 00:27:50.138837,1,2,4,14,71
2025-12-26 00:27:53.443290,1,2,5,14,71
2025-12-26 00:27:57.455926,1,2,4,14,71
2025-12-26 00:28:00.314906,1,2,4,14,71
2025-12-26 00:28:03.179179,1,2,2,14,71
2025-12-26 00:28:06.533903,1,2,1,14,71
2025-12-26 00:28:10.347010,1,1,2,14,71
2025-12-26 00:28:14.203271,1,2,1,14,71
2025-12-26 00:28:17.616585,1,2,3,18,72
2025-12-26 00:28:20.424547,1,1,1,17,75
2025-12-26 00:28:24.331987,1,2,1,16,78
2025-12-26 00:28:27.200480,1,2,1,15,81
2025-12-26 00:28:30.554004,1,1,3,17,82
2025-12-26 00:28:34.912388,1,1,3,18,88
2025-12-26 00:28:37.771100,1,2,2,19,91
2025-12-26 00:28:41.082446,1,2,1,21,94
2025-12-26 00:28:43.891348,1,1,1,21,95
2025-12-26 00:28:47.799713,1,1,2,21,95
2025-12-26 00:28:50.661060,1,2,3,18,95
2025-12-26 00:28:53.519798,1,2,2,19,93
2025-12-26 00:28:56.278177,1,2,1,17,87
2025-12-26 00:28:59.198480,1,2,3,16,81
2025-12-26 00:29:02.111426,1,2,3,16,78
2025-12-26 00:29:04.908449,1,1,5,16,75
2025-12-26 00:29:08.716084,1,1,2,15,72
2025-12-26 00:29:12.578289,1,1,1,15,71
2025-12-26 00:29:15.937966,1,1,2,15,65
2025-12-26 00:29:18.755554,1,2,1,15,65
2025-12-26 00:29:22.659850,1,1,1,15,65
2025-12-26 00:29:25.520296,1,1,1,15,65
2025-12-26 00:29:28.391888,1,1,1,15,65
2025-12-26 00:29:32.186422,1,1,1,15,65
2025-12-26 00:29:35.097863,1,1,1,15,65
2025-12-26 00:29:37.903209,1,1,1,15,65
2025-12-26 00:29:41.762413,1,1,1,15,65
2025-12-26 00:29:44.672246,1,1,1,15,65
2025-12-26 00:29:47.480904,1,1,1,15,65
2025-12-26 00:29:51.291165,1,1,1,15,65
2025-12-26 00:29:54.253824,1,1,1,15,65
2025-12-26 00:29:58.663833,1,1,1,15,65
2025-12-26 00:30:01.528514,1,2,1,14,65
2025-12-26 00:30:04.387095,1,2,1,14,65
2025-12-26 00:30:08.199996,1,1,1,14,65
2025-12-26 00:30:11.502040,1,1,1,14,65
2025-12-26 00:30:14.317589,1,2,3,14,65
2025-12-26 00:30:17.225788,1,2,10,14,65
2025-12-26 00:30:20.131498,1,2,3,14,65
2025-12-26 00:30:22.938225,1,2,1,14,66
2025-12-26 00:30:26.757182,1,2,2,15,68
2025-12-26 00:30:30.618662,1,2,3,15,72
2025-12-26 00:30:33.921989,1,2,2,16,72
2025-12-26 00:30:36.787231,1,1,2,16,72
2025-12-26 00:30:40.693920,1,1,1,16,69
2025-12-26 00:30:43.552002,1,1,1,16,69
2025-12-26 00:30:46.358352,1,1,1,16,69
2025-12-26 00:30:50.225561,1,1,1,16,69
2025-12-26 00:30:53.529164,1,1,1,16,66
2025-12-26 00:30:56.391422,1,2,3,16,65
2025-12-26 00:30:59.248162,1,1,1,16,65
2025-12-26 00:31:02.158277,1,1,1,16,65
2025-12-26 00:31:05.469658,1,1,2,16,63
2025-12-26 00:31:08.279575,1,1,1,16,63
2025-12-26 00:31:11.685259,1,2,1,17,63
2025-12-26 00:31:14.496120,1,1,1,18,63
2025-12-26 00:31:19.306933,1,2,4,19,63
2025-12-26 00:31:22.719415,1,1,1,19,66
2025-12-26 00:31:25.576122,1,1,1,20,69
2025-12-26 00:31:28.387456,1,2,5,20,71
2025-12-26 00:31:33.249775,1,1,2,21,71
2025-12-26 00:31:36.612260,1,1,3,22,71
2025-12-26 00:31:40.369106,1,1,3,22,72
2025-12-26 00:31:44.229917,1,2,1,22,72
2025-12-26 00:31:47.535826,1,1,1,19,72
2025-12-26 00:31:51.356203,1,1,1,18,72
2025-12-26 00:31:54.259301,1,1,1,17,72
2025-12-26 00:31:58.167400,1,1,2,16,72
2025-12-26 00:32:00.975942,1,1,2,15,72
2025-12-26 00:32:03.846203,1,2,1,15,72
2025-12-26 00:32:07.698387,1,1,1,14,72
2025-12-26 00:32:11.508588,1,1,1,13,71
2025-12-26 00:32:15.822734,1,2,2,13,66
2025-12-26 00:32:19.677205,1,1,2,13,66
2025-12-26 00:32:22.990099,1,1,2,13,63
2025-12-26 00:32:27.300461,1,2,3,12,63
2025-12-26 00:32:30.657432,1,1,1,12,65
2025-12-26 00:32:34.415738,1,1,1,12,70
2025-12-26 00:32:38.827346,1,1,1,12,70
2025-12-26 00:32:41.739046,1,1,1,12,70
2025-12-26 00:32:44.548446,1,2,9,12,70
2025-12-26 00:32:48.406411,1,1,2,12,70
2025-12-26 00:32:51.325000,1,2,1,12,70
2025-12-26 00:32:55.280158,1,1,3,12,70
2025-12-26 00:32:58.194107,1,1,4,11,67
2025-12-26 00:33:01.006404,1,1,1,11,67
2025-12-26 00:33:03.858931,1,1,2,11,67
2025-12-26 00:33:07.716336,1,1,1,12,67
2025-12-26 00:33:11.027943,1,2,1,13,67
2025-12-26 00:33:14.388405,1,1,2,14,67
2025-12-26 00:33:17.295693,1,1,1,19,67
2025-12-26 00:33:20.204545,1,1,1,19,66
2025-12-26 00:33:23.013792,1,2,1,19,63
2025-12-26 00:33:27.324127,1,1,1,17,63
2025-12-26 00:33:30.685367,1,1,1,17,63
2025-12-26 00:33:34.047242,1,1,1,18,63
2025-12-26 00:33:36.851990,1,1,1,17,63
2025-12-26 00:33:40.764612,1,1,1,16,63
2025-12-26 00:33:43.624105,1,2,1,17,63
2025-12-26 00:33:46.483807,1,1,2,18,63
2025-12-26 00:33:50.292249,1,1,1,19,63
2025-12-26 00:33:54.304321,1,1,1,20,63
2025-12-26 00:33:58.217672,1,1,1,21,63
2025-12-26 00:34:01.034348,1,1,2,22,65
2025-12-26 00:34:03.887747,1,1,1,22,68
2025-12-26 00:34:07.745064,1,1,1,22,71
2025-12-26 00:34:11.057289,1,1,1,19,72
2025-12-26 00:34:14.412323,1,1,2,17,69
2025-12-26 00:34:17.322132,1,1,1,14,67
2025-12-26 00:34:20.241624,1,1,1,14,67
2025-12-26 00:34:23.049507,1,2,1,14,67
2025-12-26 00:34:26.849953,1,1,3,14,66
2025-12-26 00:34:30.713675,1,1,2,16,63
2025-12-26 00:34:34.071411,1,2,1,17,69
2025-12-26 00:34:36.932801,1,1,1,18,72
2025-12-26 00:34:40.788661,1,2,2,18,75
2025-12-26 00:34:43.649182,1,2,2,17,72
2025-12-26 00:34:46.463298,1,1,1,16,69
2025-12-26 00:34:50.319517,1,1,1,15,66
2025-12-26 00:34:54.346513,1,2,1,14,66
2025-12-26 00:34:57.646108,1,2,2,14,66
2025-12-26 00:35:00.452081,1,1,1,14,66
2025-12-26 00:35:03.362019,1,1,1,14,66
2025-12-26 00:35:06.726045,1,1,1,14,66
2025-12-26 00:35:10.530352,1,2,1,14,66
2025-12-26 00:35:14.344137,1,1,1,14,66
2025-12-26 00:35:17.250218,1,1,1,14,68
2025-12-26 00:35:20.062502,1,2,1,14,71
2025-12-26 00:35:23.919791,1,1,1,14,71
2025-12-26 00:35:26.832909,1,1,1,14,71
2025-12-26 00:35:29.638627,1,1,1,14,71
2025-12-26 00:35:33.055222,1,1,2,14,71
2025-12-26 00:35:35.908233,1,1,2,14,71
2025-12-26 00:35:38.821093,1,1,1,14,71
2025-12-26 00:35:41.627949,1,2,2,14,71
2025-12-26 00:35:45.444446,1,1,3,15,71
2025-12-26 00:35:50.901618,1,1,1,14,71
2025-12-26 00:35:55.358935,1,1,2,13,71
2025-12-26 00:35:58.271901,1,1,1,12,71
2025-12-26 00:36:01.086004,1,1,4,12,71
2025-12-26 00:36:03.939372,1,1,1,12,71
2025-12-26 00:36:07.801286,1,2,2,12,71
2025-12-26 00:36:11.110955,1,1,1,12,71
2025-12-26 00:36:13.970682,1,2,3,12,71
2025-12-26 00:36:17.280180,1,2,1,13,71
2025-12-26 00:36:20.088165,1,1,2,13,71
2025-12-26 00:36:23.960595,1,1,1,14,71
2025-12-26 00:36:26.859585,1,1,1,14,71
2025-12-26 00:36:29.674157,1,1,1,14,71
2025-12-26 00:36:32.477220,1,1,1,14,71
2025-12-26 00:36:35.390788,1,2,1,14,71
2025-12-26 00:36:38.298545,1,1,1,14,71
2025-12-26 00:36:41.108589,1,2,1,14,71
2025-12-26 00:36:44.918132,1,1,2,14,71
2025-12-26 00:36:48.779866,1,2,1,14,71
2025-12-26 00:36:51.695345,1,1,2,13,71
2025-12-26 00:36:54.509507,1,2,1,13,71
2025-12-26 00:36:57.406754,1,1,1,12,69
2025-12-26 00:37:00.766450,1,1,1,12,69
2025-12-26 00:37:04.526722,1,2,1,12,69
2025-12-26 00:37:09.038276,1,1,2,12,69
2025-12-26 00:37:13.401430,1,1,1,12,69
2025-12-26 00:37:16.761129,1,2,2,12,69
2025-12-26 00:37:19.579238,1,1,2,12,69
2025-12-26 00:37:22.889378,1,1,1,12,69
2025-12-26 00:37:25.746149,1,2,2,12,69
2025-12-26 00:37:28.504588,1,1,2,12,69
2025-12-26 00:37:32.364108,1,2,1,12,69
2025-12-26 00:37:35.672353,1,1,3,12,69
2025-12-26 00:37:39.487586,1,1,3,12,69
2025-12-26 00:37:43.348379,1,2,1,12,69
2025-12-26 00:37:47.155831,1,2,1,12,69
2025-12-26 00:37:50.521112,1,1,1,13,69
2025-12-26 00:37:53.427688,1,1,1,13,69
2025-12-26 00:37:56.336997,1,2,1,13,69
2025-12-26 00:37:59.649435,1,1,1,13,69
2025-12-26 00:38:02.457907,1,1,1,13,69
2025-12-26 00:38:06.870024,1,1,1,13,69
2025-12-26 00:38:10.231754,1,1,1,13,69
2025-12-26 00:38:13.038518,1,2,2,13,69
2025-12-26 00:38:16.903266,1,1,1,13,69
2025-12-26 00:38:19.762800,1,2,1,13,71
2025-12-26 00:38:23.669437,1,1,2,13,74
2025-12-26 00:38:28.151108,1,1,3,13,80
2025-12-26 00:38:31.040482,1,1,1,13,83
2025-12-26 00:38:34.901183,1,1,1,13,78
2025-12-26 00:38:37.781047,1,2,2,12,74
2025-12-26 00:38:40.621156,1,1,1,12,71
2025-12-26 00:38:43.481019,1,1,1,12,72
2025-12-26 00:38:46.894005,1,2,2,12,75
2025-12-26 00:38:49.761282,1,1,1,12,78
2025-12-26 00:38:52.567788,1,2,1,12,75
2025-12-26 00:38:56.423078,1,1,2,12,72
2025-12-26 00:38:59.732354,1,1,2,12,70
2025-12-26 00:39:02.542832,1,1,1,12,70
2025-12-26 00:39:05.457353,1,2,1,12,70
2025-12-26 00:39:08.365262,1,1,2,12,70
2025-12-26 00:39:11.173091,1,1,1,12,70
2025-12-26 00:39:15.483441,1,1,1,12,70
2025-12-26 00:39:21.458817,1,1,1,12,70
2025-12-26 00:39:24.807905,1,2,1,12,70
2025-12-26 00:39:28.568727,1,2,1,12,70
2025-12-26 00:39:32.436267,1,2,2,12,70
2025-12-26 00:39:35.747007,1,1,1,12,70
2025-12-26 00:39:39.547491,1,1,1,12,70
2025-12-26 00:39:44.458395,1,1,1,12,74
2025-12-26 00:39:47.369912,1,2,1,12,77
2025-12-26 00:39:50.182487,1,1,2,12,80
2025-12-26 00:39:54.040198,1,1,1,12,82
2025-12-26 00:39:56.949817,1,1,1,12,81
2025-12-26 00:39:59.760082,1,2,1,12,79
2025-12-26 00:40:03.770416,1,2,3,12,69
2025-12-26 00:40:06.579907,1,1,2,12,69
2025-12-26 00:40:09.492204,1,2,1,12,66
2025-12-26 00:40:12.851593,1,2,2,12,68
2025-12-26 00:40:15.667002,1,1,1,12,68
2025-12-26 00:40:18.520780,1,1,1,12,71
2025-12-26 00:40:23.433488,1,2,2,12,75
2025-12-26 00:40:26.743009,1,1,2,12,75
2025-12-26 00:40:30.652671,1,1,2,12,75
2025-12-26 00:40:33.515236,1,1,1,12,75
2025-12-26 00:40:36.880536,1,2,1,12,75
2025-12-26 00:40:40.182463,1,1,1,12,75
2025-12-26 00:40:43.045907,1,1,1,13,75
2025-12-26 00:40:46.953028,1,2,2,13,75
2025-12-26 00:40:49.815635,1,1,1,14,75
2025-12-26 00:40:52.623397,1,1,1,13,75
2025-12-26 00:40:56.484045,1,2,1,15,77
2025-12-26 00:41:00.444268,1,1,1,16,80
2025-12-26 00:41:03.807363,1,1,1,15,78
2025-12-26 00:41:06.671225,1,1,2,14,78
2025-12-26 00:41:09.987315,1,2,1,13,72
2025-12-26 00:41:12.842532,1,1,1,13,69
2025-12-26 00:41:15.693910,1,1,1,13,69
2025-12-26 00:41:18.557518,1,2,2,15,69
2025-12-26 00:41:22.964725,1,1,1,15,74
2025-12-26 00:41:25.929683,1,1,1,14,76
2025-12-26 00:41:28.690455,1,2,1,13,76
2025-12-26 00:41:32.493124,1,1,1,13,76
2025-12-26 00:41:35.453900,1,1,1,12,73
2025-12-26 00:41:38.768548,1,2,1,12,70
2025-12-26 00:41:42.622756,1,1,1,12,67
2025-12-26 00:41:45.539838,1,2,4,12,65
2025-12-26 00:41:48.896662,1,1,1,12,65
2025-12-26 00:41:52.657370,1,1,1,12,65
2025-12-26 00:41:56.515030,1,1,2,12,65
2025-12-26 00:41:59.425977,1,1,1,12,65
2025-12-26 00:42:02.736772,1,1,2,12,65
2025-12-26 00:42:05.551412,1,1,2,12,65
2025-12-26 00:42:08.475871,1,1,2,12,65
2025-12-26 00:42:11.284012,1,1,1,12,65
2025-12-26 00:42:14.172699,1,1,1,13,64
2025-12-26 00:42:16.985147,1,1,1,13,64
2025-12-26 00:42:20.345674,1,2,1,13,64
2025-12-26 00:42:23.102749,1,1,1,13,64
2025-12-26 00:42:26.012717,1,1,1,13,64
2025-12-26 00:42:28.876540,1,1,1,13,64
2025-12-26 00:42:32.286717,1,1,1,13,64
2025-12-26 00:42:35.640730,1,1,1,13,67
2025-12-26 00:42:38.555612,1,2,1,15,70
2025-12-26 00:42:41.483493,1,1,2,16,70
2025-12-26 00:42:44.271035,1,1,20,16,70
2025-12-26 00:42:48.131076,1,2,58,15,70
2025-12-26 00:42:50.990200,1,2,11,23,106
2025-12-26 00:42:53.800619,1,2,15,23,109
2025-12-26 00:42:57.620816,1,2,3,24,112
2025-12-26 00:43:01.983590,1,2,1,23,118
2025-12-26 00:43:05.281188,1,1,1,23,121
2025-12-26 00:43:09.087427,1,1,1,22,118
2025-12-26 00:43:12.449317,1,2,1,21,112
2025-12-26 00:43:15.284032,1,1,1,20,106
2025-12-26 00:43:18.166350,1,2,3,20,100
2025-12-26 00:43:21.029852,1,1,1,19,94
2025-12-26 00:43:23.837632,1,1,1,19,88
2025-12-26 00:43:27.647894,1,2,2,18,82
2025-12-26 00:43:31.477669,1,1,3,18,72
2025-12-26 00:43:34.268823,1,1,1,18,69
2025-12-26 00:43:37.186900,1,1,3,18,66
2025-12-26 00:43:41.038940,1,1,1,18,65
2025-12-26 00:43:43.903543,1,2,1,17,65
2025-12-26 00:43:46.705925,1,2,1,17,65
2025-12-26 00:43:50.519395,1,1,3,16,65
2025-12-26 00:43:53.825012,1,1,1,15,65
2025-12-26 00:43:57.637892,1,1,1,14,65
2025-12-26 00:44:01.501974,1,1,1,14,65
2025-12-26 00:44:04.310945,1,2,3,13,65
2025-12-26 00:44:07.730007,1,2,1,13,65
2025-12-26 00:44:11.606411,1,2,1,12,65
2025-12-26 00:44:14.488895,1,1,1,12,65
2025-12-26 00:44:17.299796,1,1,1,12,65
2025-12-26 00:44:21.608390,1,1,1,12,65
2025-12-26 00:44:24.971232,1,2,4,12,65
2025-12-26 00:44:29.433515,1,2,1,12,65
2025-12-26 00:44:32.694136,1,1,1,12,65
2025-12-26 00:44:35.600815,1,1,3,12,65
2025-12-26 00:44:38.509715,1,1,1,11,65
2025-12-26 00:44:41.318821,1,2,2,11,65
2025-12-26 00:44:45.129586,1,1,1,11,65
2025-12-26 00:44:48.804476,1,1,1,11,65
2025-12-26 00:44:51.959938,1,1,1,11,65
2025-12-26 00:44:54.714264,1,1,1,11,65
2025-12-26 00:44:57.625470,1,1,1,11,65
2025-12-26 00:45:00.981616,1,1,1,12,65
2025-12-26 00:45:04.739425,1,2,1,12,65
2025-12-26 00:45:07.598678,1,2,2,13,65
2025-12-26 00:45:10.967161,1,1,1,13,65
2025-12-26 00:45:13.720025,1,2,1,14,65
2025-12-26 00:45:17.632576,1,1,3,13,65
2025-12-26 00:45:20.542729,1,1,1,12,65
2025-12-26 00:45:25.003440,1,2,2,12,65
2025-12-26 00:45:27.912203,1,2,2,12,66
2025-12-26 00:45:30.771710,1,1,1,12,66
2025-12-26 00:45:33.636177,1,2,1,12,69
2025-12-26 00:45:36.992573,1,2,1,12,72
2025-12-26 00:45:40.754158,1,1,1,12,78
2025-12-26 00:45:43.670947,1,2,1,12,77
2025-12-26 00:45:47.075037,1,1,1,12,74
2025-12-26 00:45:49.933598,1,2,2,12,71
2025-12-26 00:45:52.745108,1,1,3,12,70
2025-12-26 00:45:56.601957,1,1,1,11,70
2025-12-26 00:45:59.912214,1,1,1,11,67
2025-12-26 00:46:03.724446,1,2,3,11,64
2025-12-26 00:46:06.635784,1,2,3,11,63
2025-12-26 00:46:10.544979,1,1,1,11,63
2025-12-26 00:46:13.353514,1,1,1,11,63
2025-12-26 00:46:16.214874,1,2,3,11,63
2025-12-26 00:46:20.072399,1,1,1,11,63
2025-12-26 00:46:23.532427,1,1,2,11,63
2025-12-26 00:46:26.341079,1,1,1,11,63
2025-12-26 00:46:30.203316,1,1,1,12,63
2025-12-26 00:46:33.112147,1,1,1,13,62
2025-12-26 00:46:35.928284,1,2,3,13,62
2025-12-26 00:46:40.233850,1,1,1,13,62
2025-12-26 00:46:44.091373,1,1,1,13,62
2025-12-26 00:46:47.556174,1,1,1,13,62
2025-12-26 00:46:50.361870,1,2,1,13,62
2025-12-26 00:46:54.270072,1,2,1,13,62
2025-12-26 00:46:57.130480,1,1,1,13,62
2025-12-26 00:46:59.948845,1,1,1,13,62
2025-12-26 00:47:03.751979,1,1,1,13,62
2025-12-26 00:47:06.662728,1,1,1,13,62
2025-12-26 00:47:09.972529,1,1,1,13,62
2025-12-26 00:47:12.830793,1,2,2,13,62
2025-12-26 00:47:16.148043,1,2,3,13,62
2025-12-26 00:47:19.011831,1,1,1,13,62
2025-12-26 00:47:22.360265,1,1,1,13,62
2025-12-26 00:47:25.227715,1,1,1,13,62
2025-12-26 00:47:29.136358,1,1,1,13,62
2025-12-26 00:47:32.001131,1,1,1,13,62
2025-12-26 00:47:34.801747,1,1,1,13,62
2025-12-26 00:47:38.665728,1,1,1,13,62
2025-12-26 00:47:43.671800,1,2,1,13,62
2025-12-26 00:47:46.588240,1,1,1,14,62
2025-12-26 00:47:49.391993,1,1,1,14,62
2025-12-26 00:47:52.250720,1,2,1,14,62
2025-12-26 00:47:56.109212,1,1,1,15,62
2025-12-26 00:47:59.020096,1,1,1,17,65
2025-12-26 00:48:01.779574,1,1,1,16,68
2025-12-26 00:48:05.699303,1,1,1,15,68
2025-12-26 00:48:08.606409,1,1,1,15,68
2025-12-26 00:48:11.413117,1,1,1,15,68
2025-12-26 00:48:15.259988,1,1,1,15,68
2025-12-26 00:48:19.083674,1,2,1,15,68
2025-12-26 00:48:21.996097,1,1,1,15,68
2025-12-26 00:48:24.802766,1,1,1,15,68
2025-12-26 00:48:27.717206,1,1,1,15,68
2025-12-26 00:48:31.084827,1,1,1,14,68
2025-12-26 00:48:34.839034,1,2,1,14,66
2025-12-26 00:48:39.259804,1,2,1,14,63
2025-12-26 00:48:42.155858,1,2,2,14,63
2025-12-26 00:48:44.959700,1,1,1,14,66
2025-12-26 00:48:48.871949,1,1,2,15,69
2025-12-26 00:48:51.737421,1,2,1,17,72
2025-12-26 00:48:55.091661,1,1,1,18,75
2025-12-26 00:48:59.052185,1,2,6,20,81
2025-12-26 00:49:01.816614,1,1,1,21,84
2025-12-26 00:49:05.731955,1,1,1,21,87
2025-12-26 00:49:08.630136,1,2,2,18,90
2025-12-26 00:49:11.442363,1,2,1,18,87
2025-12-26 00:49:15.248043,1,2,2,16,81
2025-12-26 00:49:18.728526,1,2,3,15,75
2025-12-26 00:49:22.615707,1,2,1,15,71
2025-12-26 00:49:25.427930,1,2,1,14,71
2025-12-26 00:49:28.340542,1,1,1,14,71
2025-12-26 00:49:32.142373,1,1,1,14,71
2025-12-26 00:49:35.453151,1,2,1,14,71
2025-12-26 00:49:39.282462,1,2,2,14,71
2025-12-26 00:49:42.175153,1,1,1,14,70
2025-12-26 00:49:44.983026,1,2,1,14,70
2025-12-26 00:49:48.891409,1,2,2,14,70
2025-12-26 00:49:51.752643,1,2,1,14,70
2025-12-26 00:49:55.114703,1,1,1,14,70
2025-12-26 00:49:58.486052,1,1,1,14,70
2025-12-26 00:50:02.288092,1,1,2,14,70
2025-12-26 00:50:05.207607,1,1,1,13,70
2025-12-26 00:50:08.051813,1,2,3,13,70
2025-12-26 00:50:10.911201,1,2,3,12,70
2025-12-26 00:50:14.730808,1,1,1,12,70
2025-12-26 00:50:18.733018,1,1,1,12,70
2025-12-26 00:50:22.643841,1,2,1,12,70
2025-12-26 00:50:25.452298,1,2,2,12,70
2025-12-26 00:50:28.313598,1,1,1,12,70
2025-12-26 00:50:32.172057,1,2,3,12,73
2025-12-26 00:50:35.480992,1,1,1,12,75
2025-12-26 00:50:38.840668,1,1,1,12,75
2025-12-26 00:50:41.772775,1,1,1,12,75
2025-12-26 00:50:44.662322,1,2,2,12,75
2025-12-26 00:50:47.471123,1,1,1,12,75
2025-12-26 00:50:51.286712,1,2,3,12,75
2025-12-26 00:50:55.140734,1,2,1,12,75
2025-12-26 00:50:58.500109,1,1,1,12,75
2025-12-26 00:51:01.315789,1,1,1,12,75
2025-12-26 00:51:05.220025,1,1,1,12,75
2025-12-26 00:51:08.090624,1,1,3,12,75
2025-12-26 00:51:10.902050,1,1,2,12,75
2025-12-26 00:51:14.750010,1,2,2,12,75
2025-12-26 00:51:19.171614,1,2,1,12,75
2025-12-26 00:51:22.068734,1,1,1,12,69
2025-12-26 00:51:24.879992,1,1,2,12,69
2025-12-26 00:51:27.791580,1,2,1,12,67
2025-12-26 00:51:31.149686,1,2,3,12,67
2025-12-26 00:51:34.911153,1,2,2,12,64
2025-12-26 00:51:39.321579,1,2,2,12,64
2025-12-26 00:51:42.240936,1,1,1,12,64
2025-12-26 00:51:46.691639,1,1,1,12,64
2025-12-26 00:51:49.500066,1,1,3,12,64
2025-12-26 00:51:52.363581,1,2,1,12,64
2025-12-26 00:51:56.244677,1,2,1,12,64
2025-12-26 00:51:59.129471,1,1,1,12,64
2025-12-26 00:52:02.493249,1,1,2,12,66
2025-12-26 00:52:06.400200,1,2,1,12,69
2025-12-26 00:52:09.713636,1,1,1,12,72
2025-12-26 00:52:12.518596,1,2,1,12,75
2025-12-26 00:52:15.443864,1,1,1,12,75
2025-12-26 00:52:18.788796,1,2,19,12,72
2025-12-26 00:52:22.698095,1,2,10,12,68
2025-12-26 00:52:25.507129,1,2,10,12,71
2025-12-26 00:52:28.367262,1,2,28,12,72
2025-12-26 00:52:32.225879,1,2,14,12,72
2025-12-26 00:52:35.536852,1,1,1,12,72
2025-12-26 00:52:38.910603,1,1,2,13,72
2025-12-26 00:52:41.809670,1,1,1,16,72
2025-12-26 00:52:46.720211,1,1,1,17,72
2025-12-26 00:52:49.531198,1,2,1,18,72
2025-12-26 00:52:52.435465,1,1,1,19,72
2025-12-26 00:52:56.245017,1,1,1,20,72
2025-12-26 00:52:59.111658,1,1,1,21,72
2025-12-26 00:53:01.920657,1,1,2,21,72
2025-12-26 00:53:05.826015,1,2,3,18,72
2025-12-26 00:53:08.735221,1,2,3,17,72
2025-12-26 00:53:11.546304,1,2,1,17,72
2025-12-26 00:53:15.361092,1,2,1,15,72
2025-12-26 00:53:18.774423,1,2,4,16,72
2025-12-26 00:53:22.125342,1,1,1,16,72
2025-12-26 00:53:24.944569,1,1,1,17,72
2025-12-26 00:53:27.851972,1,2,3,18,72
2025-12-26 00:53:31.203086,1,1,4,19,72
2025-12-26 00:53:35.019744,1,1,4,19,72
2025-12-26 00:53:37.823317,1,2,1,18,72
2025-12-26 00:53:40.739636,1,2,19,17,72
2025-12-26 00:53:44.155349,1,2,12,16,72
2025-12-26 00:53:46.953672,1,2,11,17,69
2025-12-26 00:53:50.814085,1,2,3,15,66
2025-12-26 00:53:54.124823,1,1,2,11,65
2025-12-26 00:53:56.996315,1,1,2,13,65
2025-12-26 00:53:59.842921,1,1,1,13,65
2025-12-26 00:54:02.752185,1,2,2,11,65
2025-12-26 00:54:05.564235,1,1,1,11,65
2025-12-26 00:54:09.870317,1,2,1,11,65
2025-12-26 00:54:13.232273,1,1,1,11,65
2025-12-26 00:54:16.741251,1,1,1,11,65
2025-12-26 00:54:19.550585,1,2,2,11,65
2025-12-26 00:54:22.472297,1,2,2,11,65
2025-12-26 00:54:26.282641,1,1,1,11,65
2025-12-26 00:54:29.577354,1,2,1,11,65
2025-12-26 00:54:33.398278,1,2,1,11,65
2025-12-26 00:54:36.295678,1,1,1,11,65
2025-12-26 00:54:39.105573,1,1,1,11,65
2025-12-26 00:54:43.928140,1,1,1,12,65
2025-12-26 00:54:47.331046,1,1,1,13,65
2025-12-26 00:54:50.189397,1,2,7,13,65
2025-12-26 00:54:53.000235,1,2,2,12,65
2025-12-26 00:54:56.818203,1,2,4,12,67
2025-12-26 00:55:00.125318,1,2,1,12,70
2025-12-26 00:55:03.929401,1,2,21,13,70
2025-12-26 00:55:08.287240,1,2,3,14,73
2025-12-26 00:55:11.598224,1,2,7,15,75
2025-12-26 00:55:15.925910,1,1,2,16,76
2025-12-26 00:55:20.267754,1,1,1,16,76
2025-12-26 00:55:24.131668,1,1,1,16,76
2025-12-26 00:55:28.489562,1,2,1,16,76
2025-12-26 00:55:32.300179,1,1,3,16,76
2025-12-26 00:55:35.615480,1,1,1,16,76
2025-12-26 00:55:39.416398,1,2,2,16,76
2025-12-26 00:55:42.327978,1,1,1,16,76
2025-12-26 00:55:45.136927,1,1,1,16,76
2025-12-26 00:55:49.948367,1,1,1,16,76
2025-12-26 00:55:53.810375,1,2,1,16,76
2025-12-26 00:55:56.616705,1,1,1,16,76
2025-12-26 00:56:00.476008,1,1,1,16,76
2025-12-26 00:56:03.340434,1,1,1,15,76
2025-12-26 00:56:06.147259,1,2,2,15,76
2025-12-26 00:56:09.971648,1,1,3,16,76
2025-12-26 00:56:13.818553,1,1,2,16,72
2025-12-26 00:56:16.627526,1,2,1,16,69
2025-12-26 00:56:19.537571,1,2,3,15,66
2025-12-26 00:56:23.896060,1,1,2,13,65
2025-12-26 00:56:26.807834,1,2,3,13,65
2025-12-26 00:56:29.614941,1,2,4,13,68
2025-12-26 00:56:33.924813,1,1,1,12,71
2025-12-26 00:56:37.291188,1,1,1,12,74
2025-12-26 00:56:41.045993,1,1,1,12,80
2025-12-26 00:56:44.854643,1,2,5,12,83
2025-12-26 00:56:48.210963,1,2,3,11,85
2025-12-26 00:56:51.975439,1,2,2,11,83
2025-12-26 00:56:55.841751,1,1,2,12,77
2025-12-26 00:56:58.647319,1,2,3,13,77
2025-12-26 00:57:01.513349,1,2,26,14,77
2025-12-26 00:57:05.363353,1,2,31,14,77
2025-12-26 00:57:08.224259,1,2,7,15,77
2025-12-26 00:57:11.036943,1,2,8,15,77
2025-12-26 00:57:14.916659,1,1,11,15,77
2025-12-26 00:57:18.204818,1,2,2,16,77
2025-12-26 00:57:22.513715,1,2,2,17,74
2025-12-26 00:57:26.321775,1,2,5,19,71
2025-12-26 00:57:29.637613,1,1,1,20,68
2025-12-26 00:57:33.945726,1,2,6,22,67
2025-12-26 00:57:37.302261,1,2,4,22,67
2025-12-26 00:57:41.060050,1,1,1,22,70
2025-12-26 00:57:44.921158,1,2,2,22,70
2025-12-26 00:57:48.430817,1,1,10,23,67
2025-12-26 00:57:52.847222,1,2,9,22,67
2025-12-26 00:57:55.650592,1,2,5,22,67
2025-12-26 00:57:58.509704,1,2,6,22,67
2025-12-26 00:58:02.368996,1,1,1,20,67
2025-12-26 00:58:05.681513,1,1,1,21,67
2025-12-26 00:58:09.049328,1,2,7,21,67
2025-12-26 00:58:11.955150,1,2,7,22,69
2025-12-26 00:58:14.858670,1,1,3,23,66
2025-12-26 00:58:17.686877,1,2,3,23,65
2025-12-26 00:58:21.483922,1,2,3,23,65
2025-12-26 00:58:25.336352,1,2,6,23,65
2025-12-26 00:58:29.298728,1,1,2,23,65
2025-12-26 00:58:32.106997,1,2,5,24,65
2025-12-26 00:58:35.973005,1,2,1,24,67
2025-12-26 00:58:38.888173,1,2,7,24,69
2025-12-26 00:58:41.887341,1,2,2,24,69
2025-12-26 00:58:44.697298,1,2,3,24,67
2025-12-26 00:58:47.559394,1,2,4,24,66
2025-12-26 00:58:50.421512,1,1,1,24,64
2025-12-26 00:58:53.290654,1,2,3,24,64
2025-12-26 00:58:56.086399,1,2,15,24,64
2025-12-26 00:58:59.997060,1,2,10,23,65
2025-12-26 00:59:02.925557,1,2,1,22,65
2025-12-26 00:59:06.215608,1,2,3,21,65
2025-12-26 00:59:10.029137,1,2,2,19,65
2025-12-26 00:59:14.389101,1,2,2,19,65
2025-12-26 00:59:17.695612,1,2,1,20,65
2025-12-26 00:59:21.512775,1,1,1,20,65
2025-12-26 00:59:25.377297,1,2,3,20,65
2025-12-26 00:59:28.674442,1,1,2,18,65
2025-12-26 00:59:31.542034,1,2,4,17,65
2025-12-26 00:59:35.448792,1,1,1,17,65
2025-12-26 00:59:38.346582,1,2,2,16,65
2025-12-26 00:59:41.164080,1,2,2,17,65
2025-12-26 00:59:44.971584,1,2,1,16,65
2025-12-26 00:59:48.433576,1,2,4,17,65
2025-12-26 00:59:51.244178,1,2,1,16,68
2025-12-26 00:59:55.152875,1,2,3,16,70
2025-12-26 00:59:58.015138,1,2,4,18,70
2025-12-26 01:00:01.378312,1,2,3,19,70
2025-12-26 01:00:05.131877,1,1,2,18,70
2025-12-26 01:00:08.545055,1,2,1,16,70
2025-12-26 01:00:11.451195,1,2,5,15,68
2025-12-26 01:00:14.313602,1,1,2,14,67
2025-12-26 01:00:17.128512,1,2,1,15,67
2025-12-26 01:00:20.978242,1,2,6,15,67
2025-12-26 01:00:24.297400,1,1,4,14,67
2025-12-26 01:00:28.102887,1,1,2,14,67
2025-12-26 01:00:31.007501,1,2,1,14,67
2025-12-26 01:00:34.928371,1,1,5,13,67
2025-12-26 01:00:37.731003,1,2,2,13,67
2025-12-26 01:00:40.636848,1,2,1,12,67
2025-12-26 01:00:44.450977,1,2,5,12,67
2025-12-26 01:00:47.909896,1,2,6,12,67
2025-12-26 01:00:50.719755,1,1,2,12,67
2025-12-26 01:00:54.584639,1,1,1,12,67
2025-12-26 01:00:57.492977,1,2,5,12,67
2025-12-26 01:01:00.298756,1,2,2,12,67
2025-12-26 01:01:04.111367,1,2,1,12,67
2025-12-26 01:01:07.026663,1,2,6,12,67
2025-12-26 01:01:10.936639,1,1,2,12,67
2025-12-26 01:01:13.750725,1,1,4,12,67
2025-12-26 01:01:16.608075,1,2,4,12,67
2025-12-26 01:01:20.459197,1,2,4,12,67
2025-12-26 01:01:23.768744,1,2,1,12,67
2025-12-26 01:01:26.626163,1,2,5,12,67
2025-12-26 01:01:29.491290,1,2,4,12,67
2025-12-26 01:01:32.347361,1,2,5,12,67
2025-12-26 01:01:35.154360,1,2,1,12,67
2025-12-26 01:01:39.015542,1,2,1,12,67
2025-12-26 01:01:42.323604,1,2,2,12,67
2025-12-26 01:01:45.132838,1,2,7,12,67
2025-12-26 01:01:48.043985,1,2,3,12,67
2025-12-26 01:01:50.952619,1,2,2,14,70
2025-12-26 01:01:53.760304,1,1,2,14,73
2025-12-26 01:01:58.073132,1,2,1,16,76
2025-12-26 01:02:01.431889,1,2,1,16,76
2025-12-26 01:02:05.190021,1,2,8,16,82
2025-12-26 01:02:09.003525,1,1,5,17,85
2025-12-26 01:02:12.309153,1,2,4,18,88
2025-12-26 01:02:16.118735,1,1,4,18,90
2025-12-26 01:02:19.996565,1,1,1,17,90
2025-12-26 01:02:22.794682,1,2,7,16,90
2025-12-26 01:02:26.152200,1,2,2,15,90
2025-12-26 01:02:30.065235,1,2,5,16,90
2025-12-26 01:02:32.967594,1,2,12,17,90
2025-12-26 01:02:35.777518,1,1,1,17,90
2025-12-26 01:02:40.086458,1,2,1,16,90
2025-12-26 01:02:43.449462,1,2,11,16,88
2025-12-26 01:02:47.204886,1,2,3,15,79
2025-12-26 01:02:51.015203,1,1,4,15,76
2025-12-26 01:02:54.332019,1,1,1,14,73
2025-12-26 01:02:58.138320,1,1,1,14,72
2025-12-26 01:03:02.496792,1,2,2,14,69
2025-12-26 01:03:05.806918,1,2,6,14,68
2025-12-26 01:03:09.613629,1,2,5,14,68
2025-12-26 01:03:12.524113,1,1,2,14,67
2025-12-26 01:03:15.335781,1,1,1,14,67
2025-12-26 01:03:20.648859,1,2,2,14,66
2025-12-26 01:03:23.569214,1,2,8,14,66
2025-12-26 01:03:26.421498,1,1,1,14,66
2025-12-26 01:03:29.827396,1,2,3,13,66
2025-12-26 01:03:32.689600,1,2,10,13,66
2025-12-26 01:03:35.546244,1,1,3,12,66
2025-12-26 01:03:38.409383,1,2,2,12,66
2025-12-26 01:03:41.216986,1,2,5,12,66
2025-12-26 01:03:45.074109,1,1,8,12,66
2025-12-26 01:03:48.383715,1,1,9,12,66
2025-12-26 01:03:51.194563,1,1,1,12,66
2025-12-26 01:03:54.104688,1,2,1,13,64
2025-12-26 01:03:57.014995,1,2,4,15,62
2025-12-26 01:03:59.819416,1,2,1,15,62
2025-12-26 01:04:04.142045,1,2,2,18,62
2025-12-26 01:04:07.491694,1,2,2,16,64
2025-12-26 01:04:11.000138,1,2,5,16,70
2025-12-26 01:04:13.812954,1,2,2,15,70
2025-12-26 01:04:16.724134,1,2,1,15,70
2025-12-26 01:04:20.532057,1,2,6,14,70
2025-12-26 01:04:23.848658,1,2,10,14,70
2025-12-26 01:04:28.150280,1,1,6,14,70
2025-12-26 01:04:32.513226,1,1,2,14,71
2025-12-26 01:04:35.823700,1,1,1,14,74
2025-12-26 01:04:39.629745,1,1,1,14,77
2025-12-26 01:04:43.491971,1,1,1,14,79
2025-12-26 01:04:47.250398,1,1,1,14,77
2025-12-26 01:04:51.110350,1,2,7,14,73
2025-12-26 01:04:54.024584,1,2,5,14,70
2025-12-26 01:04:56.825344,1,1,6,14,67
2025-12-26 01:05:00.684980,1,1,1,14,66
2025-12-26 01:05:03.597029,1,1,1,14,68
2025-12-26 01:05:06.403998,1,2,5,14,71
2025-12-26 01:05:10.219357,1,2,6,14,74
2025-12-26 01:05:15.224946,1,1,3,14,80
2025-12-26 01:05:18.146342,1,2,4,14,81
2025-12-26 01:05:21.045668,1,1,1,14,81
2025-12-26 01:05:23.857398,1,2,1,14,81
2025-12-26 01:05:28.170876,1,1,5,14,82
2025-12-26 01:05:31.529081,1,2,3,14,82
2025-12-26 01:05:35.040659,1,2,6,14,79
2025-12-26 01:05:37.846264,1,2,8,14,76
2025-12-26 01:05:40.706985,1,2,8,14,73
2025-12-26 01:05:44.566280,1,1,1,14,71
2025-12-26 01:05:47.877350,1,1,1,14,71
2025-12-26 01:05:51.693116,1,2,1,14,71
2025-12-26 01:05:54.596850,1,2,5,14,71
2025-12-26 01:05:57.406466,1,1,1,14,71
2025-12-26 01:06:02.216918,1,1,1,14,71
2025-12-26 01:06:06.079706,1,2,1,13,71
2025-12-26 01:06:08.891017,1,2,4,13,71
2025-12-26 01:06:13.298429,1,2,1,12,71
2025-12-26 01:06:16.609398,1,2,1,12,71
2025-12-26 01:06:19.466161,1,2,4,12,71
2025-12-26 01:06:22.274874,1,1,9,12,71
2025-12-26 01:06:25.187138,1,1,1,12,71
2025-12-26 01:06:29.118617,1,2,11,12,71
2025-12-26 01:06:32.109387,1,2,11,12,72
2025-12-26 01:06:35.466115,1,2,5,12,75
2025-12-26 01:06:38.334075,1,1,1,12,74
2025-12-26 01:06:42.191114,1,2,1,12,71
2025-12-26 01:06:45.096461,1,2,9,12,70
2025-12-26 01:06:47.908390,1,1,4,12,70
2025-12-26 01:06:51.720162,1,2,9,12,70
2025-12-26 01:06:54.625978,1,2,6,12,69
2025-12-26 01:06:57.432321,1,1,1,12,69
2025-12-26 01:07:02.252776,1,1,1,12,69
2025-12-26 01:07:06.103690,1,2,1,12,67
2025-12-26 01:07:08.913704,1,1,6,12,67
2025-12-26 01:07:13.324175,1,2,2,12,64
2025-12-26 01:07:16.633070,1,2,2,12,62
2025-12-26 01:07:19.494243,1,2,5,12,62
2025-12-26 01:07:22.350536,1,1,2,13,62
2025-12-26 01:07:25.216283,1,2,1,16,62
2025-12-26 01:07:29.124308,1,2,6,18,62
2025-12-26 01:07:31.937976,1,1,6,18,62
2025-12-26 01:07:34.741940,1,2,1,16,62
2025-12-26 01:07:38.599915,1,2,5,15,62
2025-12-26 01:07:41.910806,1,2,8,16,62
2025-12-26 01:07:45.720860,1,1,9,14,62
2025-12-26 01:07:49.579457,1,2,3,13,62
2025-12-26 01:07:53.342436,1,1,1,13,62
2025-12-26 01:07:57.151719,1,2,1,13,62
2025-12-26 01:08:00.458614,1,2,1,12,62
2025-12-26 01:08:04.267991,1,2,9,14,62
2025-12-26 01:08:08.130133,1,2,4,16,66
2025-12-26 01:08:10.940458,1,1,1,17,69
2025-12-26 01:08:15.451912,1,2,1,18,72
2025-12-26 01:08:19.364902,1,2,1,20,75
2025-12-26 01:08:22.221444,1,2,8,21,78
2025-12-26 01:08:25.587189,1,2,4,22,81
2025-12-26 01:08:29.389703,1,1,9,22,87
2025-12-26 01:08:33.200521,1,1,1,23,90
2025-12-26 01:08:37.563429,1,2,1,23,93
2025-12-26 01:08:40.372638,1,2,8,24,93
2025-12-26 01:08:43.232628,1,1,1,24,95
2025-12-26 01:08:47.143490,1,2,5,24,95
2025-12-26 01:08:49.949780,1,2,1,23,95
2025-12-26 01:08:52.808166,1,2,4,20,93
2025-12-26 01:08:55.719015,1,1,1,18,87
2025-12-26 01:08:59.138333,1,2,2,16,81
2025-12-26 01:09:01.937700,1,1,3,15,78
2025-12-26 01:09:04.796696,1,2,5,14,77
2025-12-26 01:09:08.658160,1,2,9,13,80
2025-12-26 01:09:11.967951,1,2,7,13,79
2025-12-26 01:09:15.775055,1,1,10,12,75
2025-12-26 01:09:18.688947,1,1,1,12,72
2025-12-26 01:09:21.506339,1,2,4,12,69
2025-12-26 01:09:25.404390,1,2,10,12,67
2025-12-26 01:09:28.268546,1,1,6,12,67
2025-12-26 01:09:31.624362,1,1,1,12,67
2025-12-26 01:09:36.485771,1,2,2,13,71
2025-12-26 01:09:39.945499,1,1,5,16,74
2025-12-26 01:09:42.807838,1,2,5,18,77
2025-12-26 01:09:45.716114,1,1,1,19,80
2025-12-26 01:09:48.525405,1,2,1,20,83
2025-12-26 01:09:52.335398,1,2,2,21,86
2025-12-26 01:09:57.245649,1,1,8,21,88
2025-12-26 01:10:00.160613,1,1,1,19,88
2025-12-26 01:10:02.969747,1,2,2,19,88
2025-12-26 01:10:06.876230,1,2,3,16,82
2025-12-26 01:10:09.740546,1,1,2,14,79
2025-12-26 01:10:12.557559,1,1,1,14,76
2025-12-26 01:10:16.012098,1,2,3,14,75
2025-12-26 01:10:18.868196,1,2,4,16,77
2025-12-26 01:10:21.726612,1,2,7,17,74
2025-12-26 01:10:24.534673,1,1,1,18,73
2025-12-26 01:10:28.346003,1,2,4,19,71
2025-12-26 01:10:32.208357,1,2,1,17,77
2025-12-26 01:10:36.168409,1,1,8,14,80
2025-12-26 01:10:38.977113,1,1,4,14,83
2025-12-26 01:10:42.834947,1,2,5,19,86
2025-12-26 01:10:45.747425,1,2,11,20,86
2025-12-26 01:10:48.566214,1,2,4,21,86
2025-12-26 01:10:52.915504,1,2,1,22,83
2025-12-26 01:10:57.325529,1,2,2,22,83
2025-12-26 01:11:00.734278,1,1,2,19,83
2025-12-26 01:11:03.552135,1,2,5,17,83
2025-12-26 01:11:07.409478,1,2,12,15,80
2025-12-26 01:11:10.313222,1,2,7,14,77
2025-12-26 01:11:13.675962,1,2,1,14,74
2025-12-26 01:11:17.032451,1,2,6,13,76
2025-12-26 01:11:19.845707,1,2,6,13,77
2025-12-26 01:11:23.761346,1,2,9,13,74
2025-12-26 01:11:26.609446,1,2,12,13,73
2025-12-26 01:11:29.438483,1,2,8,15,72
2025-12-26 01:11:33.289994,1,2,12,17,72
2025-12-26 01:11:36.239389,1,2,6,19,72
2025-12-26 01:11:39.548775,1,2,2,19,72
2025-12-26 01:11:43.407717,1,2,7,19,73
2025-12-26 01:11:46.319831,1,1,1,19,76
2025-12-26 01:11:49.681835,1,2,1,19,77
2025-12-26 01:11:53.436579,1,2,6,19,72
2025-12-26 01:11:56.346804,1,2,38,19,73
2025-12-26 01:11:59.757514,1,2,9,19,76
2025-12-26 01:12:02.622868,1,2,2,19,79
2025-12-26 01:12:05.478728,1,1,3,19,76
2025-12-26 01:12:08.803202,1,1,1,19,73
2025-12-26 01:12:11.647078,1,1,1,19,70
2025-12-26 01:12:15.058439,1,1,1,19,70
2025-12-26 01:12:17.867081,1,1,1,19,70
2025-12-26 01:12:20.778498,1,1,1,19,70
2025-12-26 01:12:23.634587,1,2,6,18,71
2025-12-26 01:12:26.444423,1,2,4,17,74
2025-12-26 01:12:30.353765,1,2,2,16,75
2025-12-26 01:12:34.814931,1,1,1,14,72
2025-12-26 01:12:38.228393,1,1,1,13,69
2025-12-26 01:12:41.541875,1,2,5,12,66
2025-12-26 01:12:44.348264,1,1,1,12,63
2025-12-26 01:12:47.255105,1,2,3,12,63
2025-12-26 01:12:50.070268,1,1,3,14,63
2025-12-26 01:12:53.435384,1,2,1,15,63
2025-12-26 01:12:57.291081,1,2,1,15,62
2025-12-26 01:13:00.596335,1,1,1,18,62
2025-12-26 01:13:04.406502,1,2,1,19,62
2025-12-26 01:13:08.765293,1,2,3,19,68
2025-12-26 01:13:12.092115,1,2,2,18,69
2025-12-26 01:13:14.884800,1,2,1,17,66
2025-12-26 01:13:17.794204,1,1,1,16,63
2025-12-26 01:13:20.653365,1,1,1,16,63
2025-12-26 01:13:23.467441,1,1,2,16,63
2025-12-26 01:13:27.347502,1,1,3,15,63
2025-12-26 01:13:30.632328,1,2,2,15,63
2025-12-26 01:13:34.493807,1,1,1,15,63
2025-12-26 01:13:37.353882,1,1,1,15,63
2025-12-26 01:13:41.262990,1,1,4,15,63
2025-12-26 01:13:44.576826,1,1,1,15,63
2025-12-26 01:13:47.386915,1,2,2,15,63
2025-12-26 01:13:50.297359,1,1,1,15,63
2025-12-26 01:13:54.104079,1,2,1,15,63
2025-12-26 01:13:56.920609,1,1,2,15,63
2025-12-26 01:13:59.831806,1,2,1,15,63
2025-12-26 01:14:02.684551,1,2,2,15,63
2025-12-26 01:14:05.501332,1,1,1,17,63
2025-12-26 01:14:09.355833,1,1,1,18,63
2025-12-26 01:14:12.810811,1,1,1,17,63
2025-12-26 01:14:15.621458,1,1,5,17,63
2025-12-26 01:14:20.434227,1,1,2,15,63
2025-12-26 01:14:24.295275,1,1,1,16,63
2025-12-26 01:14:27.104054,1,2,3,16,63
2025-12-26 01:14:31.012378,1,2,3,19,63
2025-12-26 01:14:34.383905,1,1,1,19,63
2025-12-26 01:14:37.738767,1,2,1,20,63
2025-12-26 01:14:41.491913,1,2,2,21,63
2025-12-26 01:14:45.354122,1,1,1,22,63
2025-12-26 01:14:48.859631,1,1,1,23,63
2025-12-26 01:14:52.474872,1,1,1,23,63
2025-12-26 01:14:55.384275,1,2,5,23,63
2025-12-26 01:14:59.295601,1,1,1,23,63
2025-12-26 01:15:02.109918,1,2,1,23,63
2025-12-26 01:15:05.015085,1,2,1,23,63
2025-12-26 01:15:08.823718,1,1,1,23,62
2025-12-26 01:15:14.382876,1,1,1,23,62
2025-12-26 01:15:17.293055,1,2,2,23,62
2025-12-26 01:15:20.102671,1,2,2,23,62
2025-12-26 01:15:23.013919,1,1,5,22,62
2025-12-26 01:15:26.834770,1,1,1,19,62
2025-12-26 01:15:30.133771,1,1,1,17,62
2025-12-26 01:15:34.441865,1,2,1,15,62
2025-12-26 01:15:37.851866,1,2,3,14,62
2025-12-26 01:15:40.709552,1,1,3,13,62
2025-12-26 01:15:43.570178,1,1,5,13,62
2025-12-26 01:15:46.440956,1,1,1,12,62
2025-12-26 01:15:49.791502,1,2,1,12,62
2025-12-26 01:15:53.559369,1,2,3,12,62
2025-12-26 01:15:56.407473,1,1,1,12,62
2025-12-26 01:15:59.316500,1,1,1,13,62
2025-12-26 01:16:02.133078,1,2,2,15,62
2025-12-26 01:16:05.045783,1,1,1,17,62
2025-12-26 01:16:08.845378,1,2,4,19,62
2025-12-26 01:16:12.157177,1,1,1,20,62
2025-12-26 01:16:15.015157,1,2,1,21,62
2025-12-26 01:16:17.877379,1,2,4,22,62
2025-12-26 01:16:20.736578,1,2,5,22,62
2025-12-26 01:16:23.547540,1,1,1,23,62
2025-12-26 01:16:27.413563,1,2,1,23,62
2025-12-26 01:16:30.779989,1,2,2,23,62
2025-12-26 01:16:34.124662,1,1,1,21,62
2025-12-26 01:16:37.038996,1,1,1,18,62
2025-12-26 01:16:40.347590,1,2,4,17,62
2025-12-26 01:16:43.158074,1,2,2,17,62
2025-12-26 01:16:46.068355,1,2,3,19,62
2025-12-26 01:16:50.077068,1,1,2,20,62
2025-12-26 01:16:54.441059,1,1,2,21,62
2025-12-26 01:16:57.356223,1,1,1,21,64
2025-12-26 01:17:00.161891,1,2,1,21,64
2025-12-26 01:17:04.464754,1,2,2,22,64
2025-12-26 01:17:07.834083,1,2,1,22,64
2025-12-26 01:17:11.187576,1,2,3,22,69
2025-12-26 01:17:14.045269,1,1,1,23,72
2025-12-26 01:17:17.355724,1,1,1,23,75
2025-12-26 01:17:20.169319,1,2,3,23,78
2025-12-26 01:17:23.076474,1,1,1,23,81
2025-12-26 01:17:27.487797,1,2,1,21,81
2025-12-26 01:17:30.900907,1,2,1,17,75
2025-12-26 01:17:33.705785,1,2,3,16,70
2025-12-26 01:17:38.516409,1,2,1,16,64
2025-12-26 01:17:41.928525,1,2,3,15,63
2025-12-26 01:17:44.796341,1,2,2,15,66
2025-12-26 01:17:47.647660,1,2,1,14,69
2025-12-26 01:17:50.470232,1,2,1,14,72
2025-12-26 01:17:53.818906,1,1,1,14,75
2025-12-26 01:17:56.578163,1,1,1,14,78
2025-12-26 01:18:00.487059,1,1,1,14,80
2025-12-26 01:18:03.399425,1,2,2,14,80
2025-12-26 01:18:09.410933,1,2,1,14,81
2025-12-26 01:18:13.274824,1,1,1,15,84
2025-12-26 01:18:16.031345,1,1,1,17,87
2025-12-26 01:18:18.942546,1,2,1,19,90
2025-12-26 01:18:21.749358,1,1,1,20,93
2025-12-26 01:18:25.610129,1,1,1,21,96
2025-12-26 01:18:29.020153,1,2,4,22,102
2025-12-26 01:18:32.381743,1,2,3,19,100
2025-12-26 01:18:35.194601,1,2,2,17,94
2025-12-26 01:18:39.107620,1,2,3,16,88
2025-12-26 01:18:41.964113,1,2,2,14,82
2025-12-26 01:18:44.820187,1,2,4,14,79
2025-12-26 01:18:48.741504,1,1,4,13,78
2025-12-26 01:18:52.200593,1,1,2,12,75
2025-12-26 01:18:55.050619,1,1,1,13,73
2025-12-26 01:18:57.961236,1,1,2,13,73
2025-12-26 01:19:00.778912,1,1,3,13,73
2025-12-26 01:19:04.578038,1,1,1,13,73
2025-12-26 01:19:09.595873,1,1,1,13,73
2025-12-26 01:19:12.502196,1,1,1,14,73
2025-12-26 01:19:15.410492,1,2,1,16,73
2025-12-26 01:19:18.220368,1,2,2,16,73
2025-12-26 01:19:22.528634,1,1,3,15,76
2025-12-26 01:19:25.889004,1,2,1,15,77
2025-12-26 01:19:29.255660,1,1,1,15,72
2025-12-26 01:19:32.110494,1,1,1,15,72
2025-12-26 01:19:35.971214,1,2,1,15,72
2025-12-26 01:19:38.829461,1,2,1,15,69
2025-12-26 01:19:41.637540,1,2,3,16,66
2025-12-26 01:19:45.503695,1,2,2,16,63
2025-12-26 01:19:48.408951,1,2,3,17,62
2025-12-26 01:19:51.216415,1,1,1,17,62
2025-12-26 01:19:55.075415,1,1,1,16,62
2025-12-26 01:19:57.988357,1,1,1,15,62
2025-12-26 01:20:00.796460,1,2,1,15,62
2025-12-26 01:20:05.163659,1,1,2,15,62
2025-12-26 01:20:09.570327,1,1,4,15,62
2025-12-26 01:20:13.028533,1,2,1,15,62
2025-12-26 01:20:17.437119,1,1,2,15,62
2025-12-26 01:20:20.251844,1,1,3,15,62
2025-12-26 01:20:23.108646,1,2,3,15,62
2025-12-26 01:20:26.966753,1,2,2,15,62
2025-12-26 01:20:31.428156,1,2,5,15,62
2025-12-26 01:20:34.238358,1,1,1,15,62
2025-12-26 01:20:37.098190,1,2,1,15,62
2025-12-26 01:20:40.014707,1,2,2,15,62
2025-12-26 01:20:42.820622,1,1,2,15,62
2025-12-26 01:20:47.284280,1,1,4,15,66
2025-12-26 01:20:50.539041,1,2,3,15,69
2025-12-26 01:20:53.451633,1,2,2,15,70
2025-12-26 01:20:56.257947,1,1,1,15,73
2025-12-26 01:20:59.168141,1,2,1,15,76
2025-12-26 01:21:02.978446,1,1,2,15,75
2025-12-26 01:21:06.989553,1,2,2,15,71
2025-12-26 01:21:09.810797,1,2,2,15,68
2025-12-26 01:21:14.610308,1,2,4,15,63
2025-12-26 01:21:18.026998,1,2,1,15,63
2025-12-26 01:21:20.880544,1,2,7,15,63
2025-12-26 01:21:23.744664,1,1,2,15,63
2025-12-26 01:21:27.002013,1,2,2,15,63
2025-12-26 01:21:29.862173,1,1,1,15,64
2025-12-26 01:21:32.676530,1,1,1,15,63
2025-12-26 01:21:36.597483,1,2,3,15,63
2025-12-26 01:21:39.490640,1,1,2,16,63
2025-12-26 01:21:42.300945,1,2,2,16,63
2025-12-26 01:21:45.112512,1,1,2,16,63
2025-12-26 01:21:48.022401,1,1,3,16,63
2025-12-26 01:21:50.879851,1,1,1,16,63
2025-12-26 01:21:53.741867,1,2,2,16,63
2025-12-26 01:21:57.547704,1,1,2,16,63
2025-12-26 01:22:00.856589,1,2,3,16,63
2025-12-26 01:22:03.666234,1,1,1,16,63
2025-12-26 01:22:06.574615,1,2,2,16,63
2025-12-26 01:22:09.487992,1,1,1,16,63
2025-12-26 01:22:12.299328,1,2,1,16,63
2025-12-26 01:22:16.605602,1,2,2,16,63
2025-12-26 01:22:19.968398,1,2,3,16,62
2025-12-26 01:22:23.479192,1,2,2,16,62
2025-12-26 01:22:26.285699,1,2,1,16,62
2025-12-26 01:22:29.145809,1,2,2,15,62
2025-12-26 01:22:33.005684,1,2,3,15,62
2025-12-26 01:22:36.320541,1,2,3,15,64
2025-12-26 01:22:40.135638,1,2,3,15,67
2025-12-26 01:22:43.033461,1,2,1,15,70
2025-12-26 01:22:45.853056,1,2,2,15,69
2025-12-26 01:22:49.701914,1,2,2,16,69
2025-12-26 01:22:52.612541,1,2,1,18,71
2025-12-26 01:22:55.973222,1,2,1,19,74
2025-12-26 01:22:59.731539,1,2,1,20,79
2025-12-26 01:23:03.239466,1,2,3,20,79
2025-12-26 01:23:06.048533,1,2,2,18,79
2025-12-26 01:23:08.907661,1,1,5,17,73
2025-12-26 01:23:11.782854,1,1,3,16,70
2025-12-26 01:23:15.577334,1,1,1,16,67
2025-12-26 01:23:18.887452,1,1,1,15,64
2025-12-26 01:23:22.705715,1,1,1,14,62
2025-12-26 01:23:25.608765,1,2,1,14,62
2025-12-26 01:23:29.516567,1,1,3,14,62
2025-12-26 01:23:32.330998,1,1,2,14,62
2025-12-26 01:23:35.195896,1,2,1,14,62
2025-12-26 01:23:39.045368,1,1,1,14,62
2025-12-26 01:23:41.954247,1,1,1,14,62
2025-12-26 01:23:44.780198,1,2,1,14,62
2025-12-26 01:23:48.626325,1,1,5,15,62
2025-12-26 01:23:51.535540,1,2,2,18,62
2025-12-26 01:23:54.343830,1,2,4,18,62
2025-12-26 01:23:58.651900,1,2,2,17,62
2025-12-26 01:24:02.012982,1,2,1,17,62
2025-12-26 01:24:05.523498,1,2,3,15,62
2025-12-26 01:24:08.332060,1,2,1,14,62
2025-12-26 01:24:11.199032,1,2,3,14,62
2025-12-26 01:24:15.052360,1,2,3,16,62
2025-12-26 01:24:18.359779,1,2,2,18,62
2025-12-26 01:24:22.169713,1,2,2,21,62
2025-12-26 01:24:25.079674,1,2,2,20,62
2025-12-26 01:24:27.889429,1,2,3,21,62
2025-12-26 01:24:31.748876,1,1,4,21,62
2025-12-26 01:24:34.657695,1,1,3,20,62
2025-12-26 01:24:38.018573,1,2,1,19,62
2025-12-26 01:24:41.778676,1,2,3,19,62
2025-12-26 01:24:44.643654,1,2,6,19,64
2025-12-26 01:24:47.545289,1,2,2,20,67
2025-12-26 01:24:50.368243,1,2,2,18,70
2025-12-26 01:24:53.267442,1,2,2,18,73
2025-12-26 01:24:57.072152,1,2,1,19,76
2025-12-26 01:25:00.383227,1,1,3,20,76
2025-12-26 01:25:03.741179,1,2,1,21,77
2025-12-26 01:25:06.654797,1,2,3,22,79
2025-12-26 01:25:09.561637,1,1,1,20,80
2025-12-26 01:25:12.373505,1,1,1,20,80
2025-12-26 01:25:16.681142,1,2,1,18,77
2025-12-26 01:25:19.996672,1,1,1,18,68
2025-12-26 01:25:23.812221,1,2,1,17,65
2025-12-26 01:25:27.613168,1,2,4,17,65
2025-12-26 01:25:30.922252,1,2,2,17,65
2025-12-26 01:25:34.732214,1,2,1,17,65
2025-12-26 01:25:38.594655,1,2,1,16,65
2025-12-26 01:25:41.405433,1,2,2,16,65
2025-12-26 01:25:44.213687,1,1,3,16,65
2025-12-26 01:25:48.125179,1,2,3,16,67
2025-12-26 01:25:50.983033,1,2,2,16,68
2025-12-26 01:25:53.796584,1,2,3,16,68
2025-12-26 01:25:57.653634,1,1,1,15,68
2025-12-26 01:26:00.963938,1,1,3,15,68
2025-12-26 01:26:03.822090,1,1,1,15,68
2025-12-26 01:26:06.689391,1,1,1,15,68
2025-12-26 01:26:09.595608,1,2,1,15,68
2025-12-26 01:26:12.404364,1,2,2,15,67
2025-12-26 01:26:16.226197,1,1,5,15,64
2025-12-26 01:26:20.073366,1,2,1,15,62
2025-12-26 01:26:24.740691,1,2,1,15,65
2025-12-26 01:26:28.141516,1,1,1,15,68
2025-12-26 01:26:30.958757,1,1,1,15,68
2025-12-26 01:26:34.761683,1,1,3,15,68
2025-12-26 01:26:39.143523,1,2,3,15,67
2025-12-26 01:26:42.434097,1,1,1,15,64
2025-12-26 01:26:46.243771,1,1,1,16,62
2025-12-26 01:26:49.160659,1,2,6,16,62
2025-12-26 01:26:51.969585,1,2,3,16,62
2025-12-26 01:26:57.272812,1,2,1,16,62
2025-12-26 01:27:00.181930,1,1,1,16,62
2025-12-26 01:27:05.147589,1,1,1,15,62
2025-12-26 01:27:08.453951,1,1,1,15,62
2025-12-26 01:27:11.264267,1,2,1,15,62
2025-12-26 01:27:15.133975,1,1,3,14,62
2025-12-26 01:27:18.435763,1,1,1,14,62
2025-12-26 01:27:22.744979,1,1,2,15,62
2025-12-26 01:27:28.159234,1,2,1,14,64
2025-12-26 01:27:31.516230,1,1,1,14,64
2025-12-26 01:27:34.277062,1,2,5,15,64
2025-12-26 01:27:37.185259,1,1,2,14,64
2025-12-26 01:27:40.000635,1,1,4,14,64
2025-12-26 01:27:43.861250,1,1,5,14,64
2025-12-26 01:27:46.767705,1,2,2,14,64
2025-12-26 01:27:51.124851,1,2,2,15,64
2025-12-26 01:27:54.432408,1,1,1,15,64
2025-12-26 01:27:58.242482,1,2,1,15,64
2025-12-26 01:28:02.102731,1,1,1,15,64
2025-12-26 01:28:05.863195,1,1,1,15,64
2025-12-26 01:28:09.722303,1,2,1,15,64
2025-12-26 01:28:13.636693,1,2,1,15,64
2025-12-26 01:28:16.442792,1,2,2,15,62
2025-12-26 01:28:19.305013,1,1,1,15,62
2025-12-26 01:28:22.222830,1,2,2,15,62
2025-12-26 01:28:25.021000,1,2,3,15,62
2025-12-26 01:28:29.884281,1,2,3,15,62
2025-12-26 01:28:33.793635,1,1,1,15,62
2025-12-26 01:28:37.204101,1,1,1,15,62
2025-12-26 01:28:40.026152,1,2,2,14,62
2025-12-26 01:28:43.873717,1,2,2,14,62
2025-12-26 01:28:46.784531,1,1,1,14,62
2025-12-26 01:28:51.193010,1,2,2,14,62
2025-12-26 01:28:54.052583,1,2,2,14,62
2025-12-26 01:28:56.867666,1,1,1,16,63
2025-12-26 01:29:00.787822,1,1,2,19,66
2025-12-26 01:29:03.685093,1,1,1,20,69
2025-12-26 01:29:06.998381,1,2,1,20,72
2025-12-26 01:29:11.859593,1,1,1,18,78
2025-12-26 01:29:15.713924,1,1,1,16,75
2025-12-26 01:29:19.026681,1,1,2,13,72
2025-12-26 01:29:23.387833,1,1,1,13,72
2025-12-26 01:29:26.247094,1,1,3,12,72
2025-12-26 01:29:29.556050,1,1,2,12,72
2025-12-26 01:29:32.916754,1,2,1,14,72
2025-12-26 01:29:36.774734,1,2,3,17,72
2025-12-26 01:29:39.687979,1,2,1,15,72
2025-12-26 01:29:42.500066,1,2,2,15,72
2025-12-26 01:29:46.306936,1,2,2,14,72
2025-12-26 01:29:49.764572,1,1,1,13,72
2025-12-26 01:29:54.179303,1,1,2,13,68
2025-12-26 01:29:57.087314,1,2,3,14,65
2025-12-26 01:29:59.948345,1,1,1,14,62
2025-12-26 01:30:03.763001,1,2,1,16,64
2025-12-26 01:30:07.069183,1,1,1,18,67
2025-12-26 01:30:09.930232,1,2,3,18,70
2025-12-26 01:30:12.788042,1,1,3,17,73
2025-12-26 01:30:15.696972,1,1,2,17,69
2025-12-26 01:30:18.515287,1,1,5,17,66
2025-12-26 01:30:22.318944,1,1,2,16,63
2025-12-26 01:30:26.188977,1,1,1,15,62
2025-12-26 01:30:29.693987,1,2,1,15,62
2025-12-26 01:30:33.000428,1,1,2,15,62
2025-12-26 01:30:35.816609,1,1,1,15,64
2025-12-26 01:30:38.728272,1,2,1,15,67
2025-12-26 01:30:42.036089,1,2,1,15,68
2025-12-26 01:30:45.338750,1,2,2,15,65
2025-12-26 01:30:48.249926,1,2,4,15,63
2025-12-26 01:30:51.568976,1,2,1,15,63
2025-12-26 01:30:54.368468,1,2,1,15,63
2025-12-26 01:30:57.278159,1,2,4,15,63
2025-12-26 01:31:00.135883,1,2,1,15,62
2025-12-26 01:31:02.997100,1,1,1,15,62
2025-12-26 01:31:05.817731,1,2,3,15,62
2025-12-26 01:31:08.718881,1,1,3,15,63
2025-12-26 01:31:11.525446,1,1,3,15,63
2025-12-26 01:31:14.435672,1,2,4,15,63
2025-12-26 01:31:18.295335,1,2,2,15,63
2025-12-26 01:31:21.155053,1,2,2,15,63
2025-12-26 01:31:23.915334,1,1,2,15,63
2025-12-26 01:31:27.780206,1,1,1,15,63
2025-12-26 01:31:31.090470,1,2,2,15,64
2025-12-26 01:31:35.395768,1,2,4,15,64
2025-12-26 01:31:39.264139,1,2,2,15,64
2025-12-26 01:31:42.184533,1,2,1,15,64
2025-12-26 01:31:44.928812,1,2,2,15,64
2025-12-26 01:31:48.833182,1,2,2,15,64
2025-12-26 01:31:51.743064,1,2,2,15,64
2025-12-26 01:31:54.555898,1,1,2,15,64
2025-12-26 01:31:58.364600,1,1,2,15,64
2025-12-26 01:32:03.825048,1,1,1,15,64
2025-12-26 01:32:06.738210,1,1,3,15,63
2025-12-26 01:32:09.545961,1,1,1,15,63
2025-12-26 01:32:13.412540,1,2,1,15,63
2025-12-26 01:32:16.313219,1,2,1,15,63
2025-12-26 01:32:19.121491,1,2,2,15,63
2025-12-26 01:32:22.933564,1,2,3,15,63
2025-12-26 01:32:25.842261,1,2,1,15,63
2025-12-26 01:32:29.754556,1,2,2,15,63
2025-12-26 01:32:32.562718,1,2,2,14,63
2025-12-26 01:32:35.471504,1,1,1,14,63
2025-12-26 01:32:39.311244,1,1,1,14,63
2025-12-26 01:32:42.191357,1,1,2,14,63
2025-12-26 01:32:44.999854,1,1,1,14,63
2025-12-26 01:32:48.859721,1,1,2,17,62
2025-12-26 01:32:51.773343,1,1,2,18,62
2025-12-26 01:32:54.583969,1,1,1,18,62
2025-12-26 01:32:58.397115,1,1,1,19,62
2025-12-26 01:33:01.355603,1,2,4,18,62
2025-12-26 01:33:05.766768,1,2,1,18,62
2025-12-26 01:33:08.570816,1,2,2,17,62
2025-12-26 01:33:11.446940,1,2,1,16,62
2025-12-26 01:33:15.300634,1,1,1,16,62
2025-12-26 01:33:19.101281,1,1,2,15,62
2025-12-26 01:33:22.912334,1,2,2,15,62
2025-12-26 01:33:26.774745,1,2,1,15,62
2025-12-26 01:33:30.082698,1,2,1,15,62
2025-12-26 01:33:32.899620,1,1,3,16,62
2025-12-26 01:33:36.205318,1,1,3,15,62
2025-12-26 01:33:39.020979,1,1,2,15,62
2025-12-26 01:33:42.890223,1,1,1,14,62
2025-12-26 01:33:45.784251,1,1,1,14,63
2025-12-26 01:33:48.596525,1,1,2,14,66
2025-12-26 01:33:52.906041,1,2,1,14,68
2025-12-26 01:33:56.264989,1,1,4,14,66
2025-12-26 01:34:00.031246,1,2,1,14,63
2025-12-26 01:34:03.336925,1,1,1,15,63
2025-12-26 01:34:06.646370,1,1,1,15,63
2025-12-26 01:34:09.506240,1,2,6,16,63
2025-12-26 01:34:12.372435,1,2,4,16,63
2025-12-26 01:34:15.228405,1,1,2,16,63
2025-12-26 01:34:18.992031,1,1,1,16,63
2025-12-26 01:34:21.897610,1,2,1,16,65
2025-12-26 01:34:24.808259,1,1,3,16,68
2025-12-26 01:34:27.618759,1,1,1,16,71
2025-12-26 01:34:31.481222,1,1,4,16,69
2025-12-26 01:34:34.890729,1,2,2,16,66
2025-12-26 01:34:38.249513,1,1,5,16,64
2025-12-26 01:34:42.009658,1,2,4,16,64
2025-12-26 01:34:45.870166,1,1,2,16,64
2025-12-26 01:34:49.210739,1,1,1,15,64
2025-12-26 01:34:53.545133,1,1,1,15,64
2025-12-26 01:34:58.024752,1,1,1,15,64
2025-12-26 01:35:00.922311,1,1,1,15,63
2025-12-26 01:35:03.824437,1,1,3,14,62
2025-12-26 01:35:06.639058,1,2,1,14,62
2025-12-26 01:35:10.943583,1,2,2,14,62
2025-12-26 01:35:14.333222,1,2,4,15,62
2025-12-26 01:35:17.615686,1,1,2,17,62
2025-12-26 01:35:20.471875,1,1,1,18,62
2025-12-26 01:35:25.383564,1,1,1,17,62
2025-12-26 01:35:28.192795,1,1,1,18,62
2025-12-26 01:35:33.508818,1,1,1,19,68
2025-12-26 01:35:36.421290,1,2,3,20,71
2025-12-26 01:35:39.831360,1,1,3,22,74
2025-12-26 01:35:42.635760,1,2,2,22,77
2025-12-26 01:35:46.452804,1,1,1,19,80
2025-12-26 01:35:50.303296,1,2,1,20,80
2025-12-26 01:35:54.067497,1,1,1,21,80
2025-12-26 01:35:57.925050,1,2,4,19,80
2025-12-26 01:36:00.837654,1,1,3,16,74
2025-12-26 01:36:03.644939,1,1,4,16,71
2025-12-26 01:36:07.505295,1,2,1,18,68
2025-12-26 01:36:10.413533,1,2,2,19,65
2025-12-26 01:36:13.233385,1,2,2,19,63
2025-12-26 01:36:17.034596,1,2,1,18,63
2025-12-26 01:36:19.953239,1,1,2,17,63
2025-12-26 01:36:23.852454,1,2,1,16,63
2025-12-26 01:36:26.667974,1,1,4,15,63
2025-12-26 01:36:29.547908,1,2,5,16,63
2025-12-26 01:36:33.389076,1,2,16,16,63
2025-12-26 01:36:36.700106,1,2,19,16,62
2025-12-26 01:36:39.511346,1,2,9,15,62
2025-12-26 01:36:42.418456,1,2,8,17,62
2025-12-26 01:36:45.271321,1,2,12,18,62
2025-12-26 01:36:48.109387,1,2,1,19,62
2025-12-26 01:36:51.941194,1,1,4,20,62
2025-12-26 01:36:55.247394,1,1,1,21,62
2025-12-26 01:36:58.107753,1,2,2,21,62
2025-12-26 01:37:01.418911,1,1,1,22,65
2025-12-26 01:37:04.227847,1,1,1,22,68
2025-12-26 01:37:08.111899,1,2,4,22,71
2025-12-26 01:37:10.996724,1,2,4,22,74
2025-12-26 01:37:14.362320,1,2,7,22,77
2025-12-26 01:37:17.664295,1,2,5,22,83
2025-12-26 01:37:20.525234,1,1,5,22,80
2025-12-26 01:37:24.450910,1,2,23,22,77
2025-12-26 01:37:27.292820,1,2,4,21,74
2025-12-26 01:37:30.103237,1,2,100,19,72
2025-12-26 01:37:33.962024,1,2,8,18,72
2025-12-26 01:37:36.878183,1,1,8,15,72
2025-12-26 01:37:39.682230,1,1,1,15,72
2025-12-26 01:37:43.545171,1,1,1,13,71
2025-12-26 01:37:46.456229,1,1,1,12,71
2025-12-26 01:37:49.260256,1,1,1,12,71
2025-12-26 01:37:53.573484,1,2,1,11,71
2025-12-26 01:37:56.430679,1,2,6,11,69
2025-12-26 01:37:59.288069,1,1,1,11,66
2025-12-26 01:38:02.097844,1,2,1,11,66
2025-12-26 01:38:05.009665,1,2,2,12,63
2025-12-26 01:38:08.369677,1,2,2,14,62
2025-12-26 01:38:12.139562,1,1,8,16,62
2025-12-26 01:38:15.537271,1,1,1,17,62
2025-12-26 01:38:18.446907,1,1,1,18,62
2025-12-26 01:38:21.307290,1,1,1,18,62
2025-12-26 01:38:24.119721,1,2,1,18,62
2025-12-26 01:38:27.976635,1,2,7,18,62
2025-12-26 01:38:31.285009,1,2,6,18,62
2025-12-26 01:38:35.251908,1,1,2,18,62
2025-12-26 01:38:38.706888,1,1,3,18,62
2025-12-26 01:38:41.565674,1,1,1,19,62
2025-12-26 01:38:45.426390,1,2,5,19,62
2025-12-26 01:38:48.772765,1,2,5,18,65
2025-12-26 01:38:52.554968,1,1,1,15,68
2025-12-26 01:38:55.954100,1,1,1,14,71
2025-12-26 01:38:59.313706,1,2,15,13,77
2025-12-26 01:39:02.172295,1,1,1,13,77
2025-12-26 01:39:05.034324,1,2,1,12,80
2025-12-26 01:39:08.394057,1,1,4,12,81
2025-12-26 01:39:12.157536,1,1,1,12,82
2025-12-26 01:39:15.070619,1,2,1,12,82
2025-12-26 01:39:18.975663,1,2,1,12,81
2025-12-26 01:39:22.284169,1,1,11,12,80
2025-12-26 01:39:27.097659,1,2,11,12,74
2025-12-26 01:39:30.965398,1,1,2,12,74
2025-12-26 01:39:33.767142,1,2,1,12,74
2025-12-26 01:39:36.573642,1,2,2,12,74
2025-12-26 01:39:39.482873,1,1,1,12,74
2025-12-26 01:39:42.344413,1,2,13,12,74
2025-12-26 01:39:45.154294,1,1,4,12,74
2025-12-26 01:39:49.064650,1,2,1,12,74
2025-12-26 01:39:51.974983,1,2,4,12,74
2025-12-26 01:39:55.304642,1,1,1,12,74
2025-12-26 01:39:59.595367,1,1,1,12,74
2025-12-26 01:40:03.452398,1,2,2,12,73
2025-12-26 01:40:06.764347,1,2,3,12,73
2025-12-26 01:40:11.078320,1,2,14,12,73
2025-12-26 01:40:14.443680,1,1,11,12,74
2025-12-26 01:40:18.391561,1,1,3,12,80
2025-12-26 01:40:21.209904,1,2,1,12,81
2025-12-26 01:40:25.068581,1,2,1,12,79
2025-12-26 01:40:27.971989,1,2,2,12,79
2025-12-26 01:40:30.827311,1,1,11,12,79
2025-12-26 01:40:34.590377,1,1,1,12,79
2025-12-26 01:40:37.547779,1,2,1,12,79
2025-12-26 01:40:41.959034,1,2,7,14,72
2025-12-26 01:40:44.767251,1,1,12,15,70
2025-12-26 01:40:47.676789,1,1,1,15,70
2025-12-26 01:40:51.488567,1,2,17,15,70
2025-12-26 01:40:54.797274,1,2,9,15,69
2025-12-26 01:40:58.165965,1,1,2,15,69
2025-12-26 01:41:01.070754,1,2,1,16,69
2025-12-26 01:41:03.976949,1,1,10,17,69
2025-12-26 01:41:06.789208,1,1,1,17,69
2025-12-26 01:41:10.605367,1,2,1,15,69
2025-12-26 01:41:14.458665,1,2,14,14,69
2025-12-26 01:41:18.919054,1,1,5,13,65
2025-12-26 01:41:22.177592,1,1,3,12,65
2025-12-26 01:41:25.089902,1,2,1,12,65
2025-12-26 01:41:27.998803,1,2,10,12,65
2025-12-26 01:41:30.810804,1,1,1,12,65
2025-12-26 01:41:35.125443,1,2,1,12,65
2025-12-26 01:41:38.527965,1,2,2,12,65
2025-12-26 01:41:41.388827,1,2,2,12,64
2025-12-26 01:41:44.247978,1,2,1,12,64
2025-12-26 01:41:47.107163,1,2,2,12,64
2025-12-26 01:41:50.466839,1,1,2,12,64
2025-12-26 01:41:54.225804,1,1,1,12,64
2025-12-26 01:41:57.735543,1,2,2,12,64
2025-12-26 01:42:00.543895,1,2,1,12,64
2025-12-26 01:42:03.417192,1,2,3,12,64
2025-12-26 01:42:06.215496,1,1,1,12,64
2025-12-26 01:42:10.074413,1,2,5,12,64
2025-12-26 01:42:13.384186,1,1,8,12,64
2025-12-26 01:42:17.297891,1,1,1,12,64
2025-12-26 01:42:20.705959,1,1,1,12,64
2025-12-26 01:42:24.563745,1,2,2,12,64
2025-12-26 01:42:27.424155,1,2,12,12,67
2025-12-26 01:42:30.282563,1,1,2,12,70
2025-12-26 01:42:34.093998,1,2,2,12,73
2025-12-26 01:42:37.003626,1,2,1,14,76
2025-12-26 01:42:39.811740,1,2,2,14,78
2025-12-26 01:42:43.670515,1,1,1,13,78
2025-12-26 01:42:46.591879,1,1,1,13,75
2025-12-26 01:42:49.393925,1,2,4,12,72
2025-12-26 01:42:53.200988,1,1,5,12,69
2025-12-26 01:42:56.111354,1,2,1,12,69
2025-12-26 01:43:00.030132,1,2,4,12,72
2025-12-26 01:43:02.832927,1,2,4,12,75
2025-12-26 01:43:05.743214,1,1,1,12,78
2025-12-26 01:43:09.550833,1,2,10,12,80
2025-12-26 01:43:12.863547,1,2,8,12,80
2025-12-26 01:43:15.670809,1,1,1,12,80
2025-12-26 01:43:18.581688,1,2,3,12,76
2025-12-26 01:43:21.441776,1,2,4,12,73
2025-12-26 01:43:24.249654,1,2,1,12,70
2025-12-26 01:43:28.120973,1,2,2,12,69
2025-12-26 01:43:31.421354,1,2,10,12,70
2025-12-26 01:43:34.289181,1,2,1,12,73
2025-12-26 01:43:37.137086,1,2,4,12,76
2025-12-26 01:43:40.047409,1,1,6,12,79
2025-12-26 01:43:42.858195,1,2,1,12,81
2025-12-26 01:43:46.677057,1,2,5,12,81
2025-12-26 01:43:50.526715,1,2,8,12,81
2025-12-26 01:43:54.487430,1,1,2,12,81
2025-12-26 01:43:57.295074,1,1,1,12,81
2025-12-26 01:44:01.159976,1,2,1,12,84
2025-12-26 01:44:04.068583,1,2,3,12,86
2025-12-26 01:44:06.893789,1,1,4,12,86
2025-12-26 01:44:11.191041,1,2,1,12,86
2025-12-26 01:44:15.143351,1,2,1,12,84
2025-12-26 01:44:18.557446,1,2,16,12,83
2025-12-26 01:44:21.468477,1,2,1,12,83
2025-12-26 01:44:24.279285,1,2,3,12,86
2025-12-26 01:44:28.134172,1,2,8,12,89
2025-12-26 01:44:31.464481,1,1,1,12,88
2025-12-26 01:44:35.302880,1,1,1,12,87
2025-12-26 01:44:38.162991,1,2,5,12,87
2025-12-26 01:44:42.075117,1,1,2,12,87
2025-12-26 01:44:44.882842,1,1,4,12,87
2025-12-26 01:44:47.747221,1,2,5,12,89
2025-12-26 01:44:51.604197,1,2,5,12,89
2025-12-26 01:44:54.868602,1,1,4,12,83
2025-12-26 01:44:59.171797,1,1,1,12,83
2025-12-26 01:45:02.531614,1,2,1,12,80
2025-12-26 01:45:06.303977,1,2,2,12,83
2025-12-26 01:45:10.152677,1,1,7,12,83
2025-12-26 01:45:13.466421,1,1,2,12,83
2025-12-26 01:45:17.319831,1,1,1,12,83
2025-12-26 01:45:20.180045,1,2,3,12,83
2025-12-26 01:45:24.592244,1,2,9,12,83
2025-12-26 01:45:27.507961,1,2,3,12,83
2025-12-26 01:45:30.370693,1,1,1,12,84
2025-12-26 01:45:34.186836,1,2,1,12,84
2025-12-26 01:45:37.680526,1,2,4,12,84
2025-12-26 01:45:42.092258,1,2,7,12,80
2025-12-26 01:45:44.899482,1,1,5,12,74
2025-12-26 01:45:47.813056,1,1,1,12,71
2025-12-26 01:45:51.628178,1,2,8,12,68
2025-12-26 01:45:54.932020,1,2,2,13,67
2025-12-26 01:45:58.339576,1,2,1,15,70
2025-12-26 01:46:01.654167,1,2,7,18,73
2025-12-26 01:46:04.459350,1,1,1,17,76
2025-12-26 01:46:08.368560,1,1,1,16,79
2025-12-26 01:46:11.230479,1,2,3,16,76
2025-12-26 01:46:14.590378,1,1,7,15,72
2025-12-26 01:46:18.549312,1,1,4,15,71
2025-12-26 01:46:21.310337,1,2,1,14,74
2025-12-26 01:46:25.220773,1,2,1,14,77
2025-12-26 01:46:28.129062,1,2,8,14,80
2025-12-26 01:46:30.939591,1,1,1,14,77
2025-12-26 01:46:35.247445,1,2,1,14,74
2025-12-26 01:46:38.707256,1,2,4,14,68
2025-12-26 01:46:42.569314,1,2,12,14,67
2025-12-26 01:46:45.329921,1,1,3,14,67
2025-12-26 01:46:49.247689,1,2,1,13,67
2025-12-26 01:46:52.151224,1,2,1,12,67
2025-12-26 01:46:54.958243,1,2,4,12,67
2025-12-26 01:46:58.320576,1,1,3,12,67
2025-12-26 01:47:01.228317,1,2,1,12,67
2025-12-26 01:47:04.136652,1,2,11,14,67
2025-12-26 01:47:06.958732,1,1,1,14,68
2025-12-26 01:47:10.757140,1,2,1,17,71
2025-12-26 01:47:14.615422,1,2,2,18,74
2025-12-26 01:47:18.574655,1,2,1,19,80
2025-12-26 01:47:21.385175,1,2,3,18,83
2025-12-26 01:47:25.247295,1,1,5,16,81
2025-12-26 01:47:28.156316,1,1,2,15,78
2025-12-26 01:47:30.966014,1,2,1,15,75
2025-12-26 01:47:34.775546,1,2,7,14,73
2025-12-26 01:47:38.181551,1,2,5,14,73
2025-12-26 01:47:41.544448,1,1,3,14,73
2025-12-26 01:47:44.351878,1,2,1,14,73
2025-12-26 01:47:47.262393,1,2,4,14,73
2025-12-26 01:47:50.622513,1,2,2,14,70
2025-12-26 01:47:54.380184,1,1,1,14,68
2025-12-26 01:47:57.295448,1,2,1,14,68
2025-12-26 01:48:01.201811,1,2,1,14,68
2025-12-26 01:48:04.510931,1,2,6,14,68
2025-12-26 01:48:09.322175,1,2,2,14,68
2025-12-26 01:48:13.185090,1,2,4,14,68
2025-12-26 01:48:15.995099,1,1,2,14,68
2025-12-26 01:48:18.855313,1,2,3,14,68
2025-12-26 01:48:21.720663,1,2,8,14,68
2025-12-26 01:48:24.570729,1,2,4,16,68
2025-12-26 01:48:27.431396,1,2,1,15,68
2025-12-26 01:48:31.292182,1,2,1,14,68
2025-12-26 01:48:34.199788,1,2,8,14,68
2025-12-26 01:48:38.163382,1,2,3,14,68
2025-12-26 01:48:40.973731,1,1,1,14,68
2025-12-26 01:48:43.844650,1,2,4,14,68
2025-12-26 01:48:46.742823,1,2,2,14,68
2025-12-26 01:48:49.551004,1,1,1,14,68
2025-12-26 01:48:53.869132,1,2,1,14,68
2025-12-26 01:48:57.670125,1,2,4,14,68
2025-12-26 01:49:00.985317,1,2,4,14,68
2025-12-26 01:49:05.290817,1,2,4,14,68
2025-12-26 01:49:08.665154,1,1,5,14,68
2025-12-26 01:49:12.409831,1,1,6,14,68
2025-12-26 01:49:16.270470,1,2,1,14,68
2025-12-26 01:49:19.539674,1,2,1,14,68
2025-12-26 01:49:23.342855,1,2,1,14,68
2025-12-26 01:49:27.246966,1,2,1,14,67
2025-12-26 01:49:30.012963,1,2,3,14,67
2025-12-26 01:49:32.922192,1,1,1,14,66
2025-12-26 01:49:36.781466,1,2,2,14,66
2025-12-26 01:49:40.192885,1,2,4,14,66
2025-12-26 01:49:43.008615,1,1,3,14,66
2025-12-26 01:49:47.309993,1,2,1,14,66
2025-12-26 01:49:50.671575,1,2,3,14,66
2025-12-26 01:49:54.429528,1,2,3,14,67
2025-12-26 01:49:58.296659,1,2,2,16,70
2025-12-26 01:50:01.210046,1,2,10,17,73
2025-12-26 01:50:04.012415,1,1,1,17,76
2025-12-26 01:50:07.918461,1,1,1,15,74
2025-12-26 01:50:10.780234,1,2,3,17,72
2025-12-26 01:50:13.590315,1,2,7,16,72
2025-12-26 01:50:18.445461,1,2,2,16,71
2025-12-26 01:50:21.856350,1,1,1,15,71
2025-12-26 01:50:24.766835,1,2,1,15,71
2025-12-26 01:50:27.632182,1,2,6,14,71
2025-12-26 01:50:30.509154,1,1,3,14,71
2025-12-26 01:50:34.295976,1,2,1,14,71
2025-12-26 01:50:37.606021,1,2,1,14,71
2025-12-26 01:50:41.514695,1,2,8,14,71
2025-12-26 01:50:44.325361,1,2,10,14,70
2025-12-26 01:50:48.239267,1,1,3,14,70
2025-12-26 01:50:51.043826,1,1,1,14,70
2025-12-26 01:50:53.905603,1,2,5,14,70
2025-12-26 01:50:57.768071,1,2,5,14,70
2025-12-26 01:51:00.638374,1,2,10,14,70
2025-12-26 01:51:03.483133,1,1,1,14,70
2025-12-26 01:51:07.347633,1,2,1,14,70
2025-12-26 01:51:10.260378,1,2,4,14,70
2025-12-26 01:51:13.062005,1,1,3,14,70
2025-12-26 01:51:17.372038,1,2,1,14,70
2025-12-26 01:51:21.233589,1,1,1,14,70
2025-12-26 01:51:24.045770,1,2,1,14,70
2025-12-26 01:51:26.908577,1,1,1,14,70
2025-12-26 01:51:30.813655,1,2,6,14,70
2025-12-26 01:51:33.670043,1,2,11,14,70
2025-12-26 01:51:36.482096,1,2,2,14,70
2025-12-26 01:51:40.298747,1,2,1,15,70
2025-12-26 01:51:43.611175,1,2,1,15,68
2025-12-26 01:51:47.919025,1,2,3,14,67
2025-12-26 01:51:51.794523,1,2,11,13,67
2025-12-26 01:51:55.083720,1,2,11,13,67
2025-12-26 01:51:59.392535,1,1,5,12,67
2025-12-26 01:52:02.806566,1,2,2,12,68
2025-12-26 01:52:05.664772,1,1,1,12,71
2025-12-26 01:52:08.522585,1,2,2,13,71
2025-12-26 01:52:11.380512,1,1,7,13,72
2025-12-26 01:52:14.740387,1,1,1,13,72
2025-12-26 01:52:18.553572,1,2,2,13,72
2025-12-26 01:52:21.358685,1,2,5,13,72
2025-12-26 01:52:24.267254,1,2,7,13,72
2025-12-26 01:52:27.076248,1,2,1,13,72
2025-12-26 01:52:29.986458,1,2,3,13,72
2025-12-26 01:52:33.797936,1,2,5,13,72
2025-12-26 01:52:37.111314,1,2,1,13,72
2025-12-26 01:52:40.464429,1,1,1,13,72
2025-12-26 01:52:43.375933,1,2,1,13,72
2025-12-26 01:52:46.296791,1,1,9,13,72
2025-12-26 01:52:49.095583,1,1,3,13,72
2025-12-26 01:52:53.406917,1,2,1,13,72
2025-12-26 01:52:56.764584,1,2,1,13,72
2025-12-26 01:53:00.125474,1,2,3,13,72
2025-12-26 01:53:02.936496,1,2,2,13,74
2025-12-26 01:53:06.846752,1,1,1,13,74
2025-12-26 01:53:09.707553,1,2,1,13,74
2025-12-26 01:53:12.522982,1,1,4,13,74
2025-12-26 01:53:16.380587,1,1,2,13,74
2025-12-26 01:53:19.286224,1,2,1,15,72
2025-12-26 01:53:22.097549,1,2,2,15,70
2025-12-26 01:53:25.957198,1,1,1,18,73
2025-12-26 01:53:28.869940,1,1,1,19,76
2025-12-26 01:53:31.680815,1,2,3,19,76
2025-12-26 01:53:35.484675,1,1,2,17,76
2025-12-26 01:53:38.394408,1,2,1,15,76
2025-12-26 01:53:42.316612,1,2,2,14,74
2025-12-26 01:53:45.129265,1,1,7,13,76
2025-12-26 01:53:48.028013,1,1,1,13,76
2025-12-26 01:53:51.832521,1,2,4,13,76
2025-12-26 01:53:55.154673,1,2,4,12,76
2025-12-26 01:53:57.952944,1,2,2,12,77
2025-12-26 01:54:00.862018,1,1,1,12,77
2025-12-26 01:54:03.724797,1,2,5,12,77
2025-12-26 01:54:06.531524,1,1,2,12,77
2025-12-26 01:54:10.398516,1,2,1,13,77
2025-12-26 01:54:13.702792,1,2,1,16,78
2025-12-26 01:54:16.561617,1,2,6,18,81
2025-12-26 01:54:19.419961,1,1,3,19,81
2025-12-26 01:54:22.332420,1,2,1,20,81
2025-12-26 01:54:25.144800,1,2,7,20,81
2025-12-26 01:54:28.975578,1,2,3,17,81
2025-12-26 01:54:32.822679,1,1,1,17,81
2025-12-26 01:54:36.319522,1,2,1,18,81
2025-12-26 01:54:39.129977,1,2,7,18,81
2025-12-26 01:54:41.992235,1,1,2,19,84
2025-12-26 01:54:45.882861,1,2,1,20,87
2025-12-26 01:54:49.240276,1,2,2,21,89
2025-12-26 01:54:52.967801,1,2,4,22,89
2025-12-26 01:54:55.875258,1,1,1,23,89
2025-12-26 01:54:58.701938,1,1,1,23,89
2025-12-26 01:55:02.546080,1,2,1,23,89
2025-12-26 01:55:05.455716,1,2,9,24,89
2025-12-26 01:55:08.817080,1,1,3,24,89
2025-12-26 01:55:12.587567,1,1,2,24,88
2025-12-26 01:55:16.389664,1,2,2,24,88
2025-12-26 01:55:19.693883,1,2,1,25,88
2025-12-26 01:55:24.058540,1,2,4,25,88
2025-12-26 01:55:27.871230,1,2,10,25,88
2025-12-26 01:55:31.181554,1,2,4,25,88
2025-12-26 01:55:34.984266,1,1,3,25,88
2025-12-26 01:55:38.347062,1,1,1,25,88
2025-12-26 01:55:41.154608,1,2,2,25,88
2025-12-26 01:55:44.012248,1,2,2,24,88
2025-12-26 01:55:46.926871,1,1,1,22,88
2025-12-26 01:55:49.732938,1,2,11,20,88
2025-12-26 01:55:53.542472,1,2,9,18,86
2025-12-26 01:55:56.456269,1,2,1,18,83
2025-12-26 01:56:00.361428,1,2,2,19,79
2025-12-26 01:56:03.177142,1,2,4,20,79
2025-12-26 01:56:06.031575,1,1,1,21,79
2025-12-26 01:56:09.890979,1,1,1,21,79
2025-12-26 01:56:13.202077,1,1,1,22,79
2025-12-26 01:56:16.613031,1,2,3,22,79
2025-12-26 01:56:19.920450,1,2,5,23,79
2025-12-26 01:56:22.732607,1,1,1,23,79
2025-12-26 01:56:26.644793,1,2,1,23,80
2025-12-26 01:56:29.507763,1,2,1,23,83
2025-12-26 01:56:32.862637,1,2,4,23,86
2025-12-26 01:56:36.375029,1,2,3,20,88
2025-12-26 01:56:39.180771,1,1,3,18,84
2025-12-26 01:56:42.041676,1,2,4,17,83
2025-12-26 01:56:45.900830,1,2,2,16,83
2025-12-26 01:56:49.211218,1,1,1,15,83
2025-12-26 01:56:53.019621,1,2,1,14,83
2025-12-26 01:56:55.933384,1,2,2,14,83
2025-12-26 01:56:58.741181,1,2,2,14,82
2025-12-26 01:57:03.553893,1,2,4,14,76
2025-12-26 01:57:06.959388,1,2,6,14,74
2025-12-26 01:57:09.820976,1,1,1,14,74
2025-12-26 01:57:12.681954,1,2,3,14,77
2025-12-26 01:57:15.491565,1,2,7,14,78
2025-12-26 01:57:18.401667,1,2,3,14,78
2025-12-26 01:57:21.212670,1,2,1,14,78
2025-12-26 01:57:24.072431,1,2,2,14,78
2025-12-26 01:57:27.931650,1,1,1,14,75
2025-12-26 01:57:31.239738,1,1,1,14,74
2025-12-26 01:57:34.099909,1,2,2,14,74
2025-12-26 01:57:36.968526,1,1,2,14,77
2025-12-26 01:57:39.818549,1,1,1,14,77
2025-12-26 01:57:42.678353,1,2,7,14,77
2025-12-26 01:57:46.498679,1,1,2,14,77
2025-12-26 01:57:53.134487,1,2,6,15,77
2025-12-26 01:57:54.808317,1,2,4,16,79
2025-12-26 01:57:57.672578,1,1,1,18,82
2025-12-26 01:58:01.530983,1,2,1,19,85
2025-12-26 01:58:04.440992,1,2,1,17,88
2025-12-26 01:58:07.247926,1,1,8,17,89
2025-12-26 01:58:11.063974,1,1,1,16,89
2025-12-26 01:58:13.966672,1,1,1,15,89
2025-12-26 01:58:16.775048,1,2,3,15,89
2025-12-26 01:58:20.684462,1,2,4,14,89
2025-12-26 01:58:23.547599,1,1,2,14,89
2025-12-26 01:58:26.907929,1,2,1,14,89
2025-12-26 01:58:31.372006,1,2,1,14,89
2025-12-26 01:58:34.681100,1,2,1,14,89
2025-12-26 01:58:37.548363,1,1,3,14,86
2025-12-26 01:58:40.446371,1,1,2,14,83
2025-12-26 01:58:43.256009,1,2,2,14,83
2025-12-26 01:58:47.062845,1,2,9,14,83
2025-12-26 01:58:50.923321,1,2,6,14,83
2025-12-26 01:58:54.433439,1,1,1,14,87
2025-12-26 01:58:57.241992,1,2,1,14,88
2025-12-26 01:59:00.151740,1,2,6,14,88
2025-12-26 01:59:03.964789,1,1,2,14,88
2025-12-26 01:59:07.272524,1,1,1,14,88
2025-12-26 01:59:11.583489,1,2,1,17,88
2025-12-26 01:59:14.994157,1,1,1,18,88
2025-12-26 01:59:17.853047,1,2,2,19,88
2025-12-26 01:59:20.658349,1,2,9,19,88
2025-12-26 01:59:23.569345,1,1,2,18,88
2025-12-26 01:59:26.928437,1,2,1,16,86
2025-12-26 01:59:30.708383,1,2,1,16,85
2025-12-26 01:59:33.546419,1,2,6,15,85
2025-12-26 01:59:36.459922,1,1,2,15,85
2025-12-26 01:59:39.270653,1,1,1,14,85
2025-12-26 01:59:42.131541,1,2,7,14,85
2025-12-26 01:59:45.995736,1,2,2,14,85
2025-12-26 01:59:49.299424,1,1,1,14,85
2025-12-26 01:59:52.164271,1,1,1,14,85
2025-12-26 01:59:55.020335,1,2,3,14,86
2025-12-26 01:59:57.888414,1,1,1,14,88
2025-12-26 02:00:00.688671,1,2,1,14,88
2025-12-26 02:00:04.549287,1,2,5,14,88
2025-12-26 02:00:07.856837,1,2,5,14,88
2025-12-26 02:00:10.716760,1,1,1,14,88
2025-12-26 02:00:13.577035,1,2,1,14,88
2025-12-26 02:00:16.496033,1,2,2,14,88
2025-12-26 02:00:19.303079,1,1,1,14,88
2025-12-26 02:00:23.103434,1,2,2,14,88
2025-12-26 02:00:26.966277,1,2,1,14,89
2025-12-26 02:00:30.487207,1,2,1,14,89
2025-12-26 02:00:33.282212,1,2,6,14,89
2025-12-26 02:00:36.143533,1,1,1,14,89
2025-12-26 02:00:40.004730,1,1,1,14,89
2025-12-26 02:00:43.314265,1,2,1,14,89
2025-12-26 02:00:47.123251,1,2,6,14,89
2025-12-26 02:00:50.033742,1,2,5,14,89
2025-12-26 02:00:52.846824,1,1,1,14,89
2025-12-26 02:00:58.165188,1,1,3,14,89
2025-12-26 02:01:01.075909,1,1,1,14,89
2025-12-26 02:01:03.925317,1,2,4,14,89
2025-12-26 02:01:07.847403,1,1,1,14,89
2025-12-26 02:01:11.297174,1,1,7,14,89
2025-12-26 02:01:14.204814,1,1,1,14,88
2025-12-26 02:01:17.075437,1,2,4,14,88
2025-12-26 02:01:19.876760,1,2,6,14,88
2025-12-26 02:01:23.686215,1,2,9,14,88
2025-12-26 02:01:26.607839,1,1,1,14,88
2025-12-26 02:01:30.507408,1,2,1,14,88
2025-12-26 02:01:33.317763,1,2,1,14,88
2025-12-26 02:01:36.230106,1,2,2,14,88
2025-12-26 02:01:40.037119,1,1,1,14,88
2025-12-26 02:01:43.345633,1,1,3,14,88
2025-12-26 02:01:46.704776,1,2,1,14,88
2025-12-26 02:01:49.618309,1,2,4,14,88
2025-12-26 02:01:52.523898,1,1,3,14,88
2025-12-26 02:01:55.334846,1,2,1,14,88
2025-12-26 02:01:59.145218,1,2,3,14,88
2025-12-26 02:02:03.005562,1,2,7,14,88
2025-12-26 02:02:06.962674,1,2,6,14,88
2025-12-26 02:02:09.774384,1,1,2,14,88
2025-12-26 02:02:13.631651,1,2,1,14,88
2025-12-26 02:02:16.550230,1,2,2,14,89
2025-12-26 02:02:19.352304,1,2,2,14,89
2025-12-26 02:02:23.173001,1,2,3,15,89
2025-12-26 02:02:26.570509,1,1,1,16,89
2025-12-26 02:02:29.940042,1,2,1,18,89
2025-12-26 02:02:32.796022,1,2,2,19,89
2025-12-26 02:02:35.651207,1,1,7,19,89
2025-12-26 02:02:39.010773,1,1,1,18,90
2025-12-26 02:02:42.821027,1,2,1,17,90
2025-12-26 02:02:46.179781,1,2,1,16,90
2025-12-26 02:02:49.089798,1,2,5,15,90
2025-12-26 02:02:51.948769,1,1,1,15,90
2025-12-26 02:02:54.828485,1,2,2,14,90
2025-12-26 02:02:58.621827,1,1,7,14,90
2025-12-26 02:03:01.927136,1,1,8,14,90
2025-12-26 02:03:05.887886,1,1,1,14,90
2025-12-26 02:03:09.349083,1,1,2,14,82
2025-12-26 02:03:12.258469,1,2,1,14,79
2025-12-26 02:03:16.067995,1,2,7,14,76
2025-12-26 02:03:19.378133,1,2,5,14,73
2025-12-26 02:03:23.185084,1,1,2,14,70
2025-12-26 02:03:26.596939,1,1,4,14,70
2025-12-26 02:03:29.960701,1,2,1,14,70
2025-12-26 02:03:32.813611,1,2,5,16,70
2025-12-26 02:03:35.674523,1,1,5,17,71
2025-12-26 02:03:39.034474,1,1,1,16,74
2025-12-26 02:03:42.798844,1,1,1,15,74
2025-12-26 02:03:46.804402,1,2,2,15,71
2025-12-26 02:03:50.113720,1,2,6,14,70
2025-12-26 02:03:52.921184,1,2,7,14,70
2025-12-26 02:03:58.234923,1,2,7,14,70
2025-12-26 02:04:01.150635,1,2,1,14,70
2025-12-26 02:04:04.004416,1,1,1,14,67
2025-12-26 02:04:07.412594,1,1,1,14,64
2025-12-26 02:04:10.227278,1,2,4,14,62
2025-12-26 02:04:13.137458,1,2,2,14,62
2025-12-26 02:04:15.995800,1,1,1,14,62
2025-12-26 02:04:18.850381,1,2,4,14,62
2025-12-26 02:04:22.660889,1,1,4,14,62
2025-12-26 02:04:26.004826,1,1,1,14,65
2025-12-26 02:04:28.781800,1,2,1,14,68
2025-12-26 02:04:31.687729,1,2,6,14,71
2025-12-26 02:04:34.598355,1,1,1,14,74
2025-12-26 02:04:37.407547,1,2,6,14,77
2025-12-26 02:04:41.717688,1,2,6,14,72
2025-12-26 02:04:45.081590,1,1,3,14,69
2025-12-26 02:04:48.640791,1,1,3,14,64
2025-12-26 02:04:51.400404,1,2,1,14,67
2025-12-26 02:04:54.314612,1,2,2,14,68
2025-12-26 02:04:58.117675,1,1,2,13,65
2025-12-26 02:05:01.430067,1,1,1,13,64
2025-12-26 02:05:05.237128,1,1,2,13,67
2025-12-26 02:05:08.203694,1,2,2,13,70
2025-12-26 02:05:12.611683,1,2,3,13,71
2025-12-26 02:05:15.416437,1,2,2,13,68
2025-12-26 02:05:18.282658,1,2,3,13,65
2025-12-26 02:05:22.150943,1,1,1,13,63
2025-12-26 02:05:25.446409,1,1,1,13,63
2025-12-26 02:05:28.303877,1,2,4,13,63
2025-12-26 02:05:31.165678,1,2,2,13,63
2025-12-26 02:05:34.043992,1,1,1,13,64
2025-12-26 02:05:36.884868,1,2,1,13,67
2025-12-26 02:05:40.695594,1,2,3,13,70
2025-12-26 02:05:43.654892,1,2,4,13,73
2025-12-26 02:05:46.966828,1,1,3,13,76
2025-12-26 02:05:50.825285,1,1,2,13,77
2025-12-26 02:05:53.733351,1,1,2,13,77
2025-12-26 02:05:57.092931,1,2,3,13,77
2025-12-26 02:06:00.856753,1,1,3,14,77
2025-12-26 02:06:04.712702,1,1,2,14,77
2025-12-26 02:06:07.620509,1,2,5,14,77
2025-12-26 02:06:10.439860,1,2,2,14,77
2025-12-26 02:06:14.340049,1,2,3,14,78
2025-12-26 02:06:17.199909,1,2,5,16,79
2025-12-26 02:06:20.007674,1,2,3,17,79
2025-12-26 02:06:23.818462,1,2,5,17,82
2025-12-26 02:06:26.730440,1,2,1,16,85
2025-12-26 02:06:30.641398,1,2,3,15,86
2025-12-26 02:06:33.456656,1,1,3,15,86
2025-12-26 02:06:36.364036,1,1,1,14,86
2025-12-26 02:06:40.169904,1,1,1,14,86
2025-12-26 02:06:43.479456,1,1,1,14,86
2025-12-26 02:06:46.338502,1,2,5,14,86
2025-12-26 02:06:49.203039,1,1,1,14,86
2025-12-26 02:06:52.059110,1,1,1,14,86
2025-12-26 02:06:54.916494,1,2,6,14,86
2025-12-26 02:06:58.726721,1,1,2,14,86
2025-12-26 02:07:02.037109,1,1,2,14,86
2025-12-26 02:07:04.847826,1,2,2,14,86
2025-12-26 02:07:07.813230,1,2,6,14,87
2025-12-26 02:07:11.215753,1,2,1,14,89
2025-12-26 02:07:14.024841,1,2,2,14,89
2025-12-26 02:07:18.384973,1,2,5,14,89
2025-12-26 02:07:22.195638,1,2,5,14,87
2025-12-26 02:07:25.103732,1,2,3,14,88
2025-12-26 02:07:27.867052,1,1,2,14,89
2025-12-26 02:07:31.773101,1,2,1,14,89
2025-12-26 02:07:34.686824,1,2,3,15,86
2025-12-26 02:07:37.494231,1,2,1,15,84
2025-12-26 02:07:41.802534,1,2,1,16,87
2025-12-26 02:07:45.221391,1,1,1,15,88
2025-12-26 02:07:48.073137,1,2,5,15,88
2025-12-26 02:07:50.888413,1,1,4,14,88
2025-12-26 02:07:53.798229,1,1,1,14,88
2025-12-26 02:07:57.150074,1,2,3,14,88
2025-12-26 02:08:00.908574,1,2,3,14,88
2025-12-26 02:08:03.819424,1,2,5,14,88
2025-12-26 02:08:07.683674,1,2,2,14,88
2025-12-26 02:08:10.488804,1,2,4,14,85
2025-12-26 02:08:14.349037,1,1,1,14,79
2025-12-26 02:08:17.260854,1,1,1,14,73
2025-12-26 02:08:20.072708,1,2,6,14,70
2025-12-26 02:08:22.878717,1,2,4,14,67
2025-12-26 02:08:25.796182,1,1,2,14,64
2025-12-26 02:08:28.700006,1,2,3,14,63
2025-12-26 02:08:31.507961,1,2,2,14,63
2025-12-26 02:08:35.318236,1,2,3,14,63
2025-12-26 02:08:39.177718,1,1,3,14,63
2025-12-26 02:08:43.139526,1,1,2,14,63
2025-12-26 02:08:45.949949,1,2,1,14,63
2025-12-26 02:08:49.808725,1,2,1,14,65
2025-12-26 02:08:52.723304,1,2,1,14,68
2025-12-26 02:08:55.527354,1,2,2,14,71
2025-12-26 02:08:59.336458,1,1,2,14,74
2025-12-26 02:09:02.248830,1,2,1,14,77
2025-12-26 02:09:05.053874,1,2,3,14,80
2025-12-26 02:09:09.875108,1,2,1,14,82
2025-12-26 02:09:13.733516,1,2,1,14,82
2025-12-26 02:09:16.537079,1,2,3,14,82
2025-12-26 02:09:20.396366,1,1,2,14,80
2025-12-26 02:09:23.256575,1,1,1,14,77
2025-12-26 02:09:26.074112,1,2,3,14,80
2025-12-26 02:09:29.876088,1,2,2,14,82
2025-12-26 02:09:33.736589,1,2,4,14,81
2025-12-26 02:09:36.550960,1,2,1,14,78
2025-12-26 02:09:39.958418,1,2,5,14,72
2025-12-26 02:09:43.266781,1,2,4,14,70
2025-12-26 02:09:46.127674,1,1,3,14,70
2025-12-26 02:09:48.990554,1,2,1,14,70
2025-12-26 02:09:52.800042,1,2,3,14,73
2025-12-26 02:09:56.109960,1,2,4,14,74
2025-12-26 02:10:00.467086,1,2,4,14,74
2025-12-26 02:10:04.791336,1,2,4,14,74
2025-12-26 02:10:08.089572,1,2,4,14,74
2025-12-26 02:10:11.897790,1,1,6,14,74
2025-12-26 02:10:15.761920,1,1,1,14,71
2025-12-26 02:10:18.566220,1,2,1,14,71
2025-12-26 02:10:21.933608,1,2,1,14,70
2025-12-26 02:10:25.839183,1,2,1,14,67
2025-12-26 02:10:28.758809,1,1,5,14,64
2025-12-26 02:10:31.559863,1,2,4,14,63
2025-12-26 02:10:35.367806,1,1,1,14,63
2025-12-26 02:10:39.232690,1,1,1,14,63
2025-12-26 02:10:43.189253,1,2,1,14,63
2025-12-26 02:10:46.007950,1,2,4,14,64
2025-12-26 02:10:49.856726,1,2,4,14,67
2025-12-26 02:10:52.789446,1,1,5,14,70
2025-12-26 02:10:55.581219,1,1,1,14,73
2025-12-26 02:10:59.396618,1,2,1,14,76
2025-12-26 02:11:02.851982,1,2,3,14,79
2025-12-26 02:11:06.756727,1,2,2,14,85
2025-12-26 02:11:09.566511,1,2,4,14,86
2025-12-26 02:11:12.427289,1,1,1,14,86
2025-12-26 02:11:16.290989,1,1,1,14,86
2025-12-26 02:11:19.597878,1,2,2,14,86
2025-12-26 02:11:22.465480,1,2,4,14,86
2025-12-26 02:11:25.320752,1,1,1,14,86
2025-12-26 02:11:28.176550,1,1,2,14,86
2025-12-26 02:11:30.984777,1,2,4,14,86
2025-12-26 02:11:34.845923,1,1,3,14,86
2025-12-26 02:11:38.705804,1,1,5,14,86
2025-12-26 02:11:41.966304,1,2,1,14,86
2025-12-26 02:11:44.878240,1,2,2,14,86
2025-12-26 02:11:48.797794,1,2,5,14,85
2025-12-26 02:11:51.595263,1,2,1,14,81
2025-12-26 02:11:54.454498,1,2,3,14,78
2025-12-26 02:11:58.317614,1,1,1,14,75
2025-12-26 02:12:01.175577,1,1,1,14,76
2025-12-26 02:12:04.034396,1,2,4,14,79
2025-12-26 02:12:07.900571,1,1,5,14,79
2025-12-26 02:12:10.803901,1,1,1,14,79
2025-12-26 02:12:13.614545,1,2,1,14,79
2025-12-26 02:12:17.922431,1,2,5,14,79
2025-12-26 02:12:22.285456,1,2,4,14,79
2025-12-26 02:12:25.595522,1,2,3,14,79
2025-12-26 02:12:29.906476,1,1,7,14,77
2025-12-26 02:12:33.262218,1,1,3,15,76
2025-12-26 02:12:37.022876,1,1,3,17,80
2025-12-26 02:12:40.891474,1,2,1,19,83
2025-12-26 02:12:43.791378,1,2,1,21,86
2025-12-26 02:12:46.602285,1,2,3,21,88
2025-12-26 02:12:50.464872,1,2,3,23,88
2025-12-26 02:12:53.371934,1,1,1,23,88
2025-12-26 02:12:56.179676,1,2,1,24,88
2025-12-26 02:13:00.498222,1,1,4,24,88
2025-12-26 02:13:03.356609,1,2,3,25,88
2025-12-26 02:13:07.212903,1,1,3,25,88
2025-12-26 02:13:10.099466,1,1,1,25,88
2025-12-26 02:13:13.932626,1,2,2,25,88
2025-12-26 02:13:16.875078,1,2,4,25,88
2025-12-26 02:13:19.650278,1,2,1,25,88
2025-12-26 02:13:22.519177,1,1,2,25,89
2025-12-26 02:13:25.409034,1,2,4,25,92
2025-12-26 02:13:28.227522,1,2,2,25,95
2025-12-26 02:13:31.092883,1,2,1,25,98
2025-12-26 02:13:34.907547,1,2,5,25,101
2025-12-26 02:13:38.218294,1,2,3,25,104
2025-12-26 02:13:41.015825,1,2,13,25,105
2025-12-26 02:13:43.925876,1,2,27,25,105
2025-12-26 02:13:46.837561,1,2,18,25,105
2025-12-26 02:13:49.653137,1,1,1,25,107
2025-12-26 02:13:53.455392,1,2,1,24,110
2025-12-26 02:13:57.316203,1,1,1,23,113
2025-12-26 02:14:01.278260,1,2,2,24,119
2025-12-26 02:14:04.635019,1,2,1,23,119
2025-12-26 02:14:08.497998,1,1,1,19,113
2025-12-26 02:14:11.405575,1,2,3,18,107
2025-12-26 02:14:14.214052,1,2,4,18,101
2025-12-26 02:14:18.024776,1,1,15,18,95
2025-12-26 02:14:20.936754,1,2,6,18,89
2025-12-26 02:14:24.847604,1,2,9,18,77
2025-12-26 02:14:27.657851,1,2,16,18,71
2025-12-26 02:14:30.567104,1,2,2,18,69
2025-12-26 02:14:33.875760,1,2,1,18,69
2025-12-26 02:14:36.683033,1,2,1,17,69
2025-12-26 02:14:39.558465,1,1,1,17,69
2025-12-26 02:14:43.408521,1,1,1,17,69
2025-12-26 02:14:46.261194,1,1,1,16,69
2025-12-26 02:14:49.146761,1,1,1,16,70
2025-12-26 02:14:52.930813,1,1,1,16,73
2025-12-26 02:14:56.238243,1,1,1,16,76
2025-12-26 02:15:00.200212,1,2,2,14,76
2025-12-26 02:15:04.064018,1,2,1,12,76
2025-12-26 02:15:07.970034,1,1,2,11,74
2025-12-26 02:15:10.878647,1,1,1,11,71
2025-12-26 02:15:13.688938,1,1,1,11,68
2025-12-26 02:15:17.496494,1,1,2,11,66
2025-12-26 02:15:20.457248,1,1,1,13,66
2025-12-26 02:15:25.381519,1,1,3,14,66
2025-12-26 02:15:28.279586,1,1,2,13,66
2025-12-26 02:15:31.088629,1,1,1,13,66
2025-12-26 02:15:34.970469,1,1,3,12,66
2025-12-26 02:15:38.274952,1,1,2,13,69
2025-12-26 02:15:42.219191,1,1,1,13,72
2025-12-26 02:15:46.032167,1,1,1,12,67
2025-12-26 02:15:49.438583,1,1,1,13,65
2025-12-26 02:15:52.298431,1,1,1,13,65
2025-12-26 02:15:55.158305,1,1,2,13,65
2025-12-26 02:15:58.966866,1,1,1,13,66
2025-12-26 02:16:02.981418,1,1,1,15,69
2025-12-26 02:16:06.892511,1,1,1,17,74
2025-12-26 02:16:09.719552,1,1,1,18,77
2025-12-26 02:16:12.555959,1,2,2,19,80
2025-12-26 02:16:16.415420,1,1,1,21,83
2025-12-26 02:16:19.729756,1,1,1,22,86
2025-12-26 02:16:23.538286,1,2,1,21,89
2025-12-26 02:16:26.448369,1,2,3,19,92
2025-12-26 02:16:29.259468,1,1,1,18,91
2025-12-26 02:16:34.621954,1,1,3,18,80
2025-12-26 02:16:37.485975,1,1,1,20,83
2025-12-26 02:16:40.338128,1,2,3,21,85
2025-12-26 02:16:43.105197,1,2,3,22,84
2025-12-26 02:16:47.055719,1,1,1,22,84
2025-12-26 02:16:50.478150,1,2,3,22,78
2025-12-26 02:16:53.274852,1,1,1,21,75
2025-12-26 02:16:58.088327,1,2,2,20,70
2025-12-26 02:17:01.508613,1,1,4,20,73
2025-12-26 02:17:05.410376,1,1,1,19,70
2025-12-26 02:17:09.371482,1,1,1,19,70
2025-12-26 02:17:13.178922,1,1,1,19,70
2025-12-26 02:17:16.988397,1,1,1,19,70
2025-12-26 02:17:20.296750,1,1,1,18,70
2025-12-26 02:17:24.111771,1,1,1,16,70
2025-12-26 02:17:27.018579,1,2,1,17,70
2025-12-26 02:17:30.931190,1,1,1,17,70
2025-12-26 02:17:33.749419,1,1,1,16,70
2025-12-26 02:17:36.599739,1,2,3,15,67
2025-12-26 02:17:40.458021,1,2,2,15,64
2025-12-26 02:17:43.768817,1,2,2,14,62
2025-12-26 02:17:46.576989,1,1,1,14,62
2025-12-26 02:17:49.487657,1,2,1,14,62
2025-12-26 02:17:52.347196,1,2,1,14,62
2025-12-26 02:17:55.210001,1,2,1,14,62
2025-12-26 02:17:59.016737,1,2,1,14,62
2025-12-26 02:18:02.381488,1,2,4,14,62
2025-12-26 02:18:05.134233,1,1,1,14,62
2025-12-26 02:18:08.047757,1,2,1,14,62
2025-12-26 02:18:10.955223,1,2,6,14,62
2025-12-26 02:18:13.765587,1,1,1,14,62
2025-12-26 02:18:18.084451,1,2,1,14,62
2025-12-26 02:18:21.435004,1,2,3,14,62
2025-12-26 02:18:24.945432,1,1,1,14,62
2025-12-26 02:18:27.755621,1,1,1,13,62
2025-12-26 02:18:30.616480,1,2,1,13,62
2025-12-26 02:18:34.471908,1,1,1,13,62
2025-12-26 02:18:37.782357,1,2,3,12,62
2025-12-26 02:18:42.098412,1,2,4,12,62
2025-12-26 02:18:46.510817,1,2,1,12,62
2025-12-26 02:18:49.371707,1,1,1,12,62
2025-12-26 02:18:52.171769,1,2,1,12,62
2025-12-26 02:18:56.084940,1,1,1,13,62
2025-12-26 02:18:58.993111,1,2,1,14,62
2025-12-26 02:19:01.804414,1,1,2,14,62
2025-12-26 02:19:04.610407,1,1,1,14,62
2025-12-26 02:19:07.519466,1,2,2,14,62
2025-12-26 02:19:10.381027,1,1,1,14,62
2025-12-26 02:19:13.190904,1,2,2,14,62
2025-12-26 02:19:17.048866,1,1,1,14,62
2025-12-26 02:19:20.359385,1,1,1,14,62
2025-12-26 02:19:23.221688,1,1,1,14,62
2025-12-26 02:19:26.079350,1,1,1,14,62
2025-12-26 02:19:28.993204,1,2,1,14,62
2025-12-26 02:19:31.798137,1,1,2,14,64
2025-12-26 02:19:35.627980,1,1,1,15,67
2025-12-26 02:19:39.468699,1,1,1,16,70
2025-12-26 02:19:42.985422,1,1,1,18,70
2025-12-26 02:19:45.819569,1,2,1,17,67
2025-12-26 02:19:48.712787,1,2,4,19,66
2025-12-26 02:19:52.521224,1,2,1,17,63
2025-12-26 02:19:55.821339,1,1,1,16,63
2025-12-26 02:19:59.178338,1,2,1,15,63
2025-12-26 02:20:02.089771,1,1,1,13,63
2025-12-26 02:20:05.000953,1,1,1,13,63
2025-12-26 02:20:07.809536,1,1,2,13,63
2025-12-26 02:20:12.117810,1,1,1,12,63
2025-12-26 02:20:15.439049,1,1,1,12,63
2025-12-26 02:20:19.441629,1,1,1,12,63
2025-12-26 02:20:22.257807,1,1,2,12,63
2025-12-26 02:20:25.574153,1,1,1,12,63
2025-12-26 02:20:28.421627,1,1,1,12,63
2025-12-26 02:20:31.280508,1,1,2,12,63
2025-12-26 02:20:35.107040,1,1,1,12,63
2025-12-26 02:20:38.002023,1,1,1,12,63
2025-12-26 02:20:40.810987,1,1,3,12,63
2025-12-26 02:20:44.673500,1,1,2,12,63
2025-12-26 02:20:47.583698,1,1,1,12,63
2025-12-26 02:20:50.390546,1,1,1,13,63
2025-12-26 02:20:54.199434,1,1,1,13,63
2025-12-26 02:20:58.190359,1,1,1,13,64
2025-12-26 02:21:01.573793,1,2,3,13,67
2025-12-26 02:21:04.483816,1,1,1,13,70
2025-12-26 02:21:07.243599,1,2,1,13,73
2025-12-26 02:21:11.107812,1,1,1,13,76
2025-12-26 02:21:15.115364,1,1,2,13,79
2025-12-26 02:21:18.428332,1,1,1,13,84
2025-12-26 02:21:21.238761,1,2,1,13,84
2025-12-26 02:21:24.147515,1,1,2,13,84
2025-12-26 02:21:27.506002,1,1,1,13,84
2025-12-26 02:21:31.267403,1,1,1,13,83
2025-12-26 02:21:36.129659,1,1,1,13,78
2025-12-26 02:21:39.488672,1,2,1,13,72
2025-12-26 02:21:43.253257,1,2,1,13,70
2025-12-26 02:21:47.109755,1,1,2,12,73
2025-12-26 02:21:50.424584,1,1,2,12,76
2025-12-26 02:21:54.231485,1,1,2,12,79
2025-12-26 02:21:57.153513,1,2,1,12,75
2025-12-26 02:22:01.053285,1,2,2,12,69
2025-12-26 02:22:03.862309,1,1,4,12,68
2025-12-26 02:22:06.802800,1,1,1,12,68
2025-12-26 02:22:10.581976,1,1,1,12,68
2025-12-26 02:22:13.453972,1,2,2,12,68
2025-12-26 02:22:16.311884,1,1,1,12,68
2025-12-26 02:22:20.164514,1,1,1,12,68
2025-12-26 02:22:23.524190,1,2,1,13,68
2025-12-26 02:22:26.285310,1,1,2,13,68
2025-12-26 02:22:29.215758,1,1,1,13,68
2025-12-26 02:22:32.607541,1,1,2,13,68
2025-12-26 02:22:35.435174,1,2,2,13,68
2025-12-26 02:22:40.726679,1,1,4,12,67
2025-12-26 02:22:43.637253,1,1,2,12,67
2025-12-26 02:22:46.516227,1,1,1,12,67
2025-12-26 02:22:50.409168,1,2,1,12,67
2025-12-26 02:22:54.216118,1,2,2,12,67
2025-12-26 02:22:58.577458,1,2,1,12,67
2025-12-26 02:23:01.890136,1,2,2,12,67
2025-12-26 02:23:05.719088,1,1,4,13,67
2025-12-26 02:23:09.561085,1,2,2,13,67
2025-12-26 02:23:13.515084,1,1,2,13,67
2025-12-26 02:23:16.327799,1,1,1,13,67
2025-12-26 02:23:20.183612,1,2,1,13,67
2025-12-26 02:23:23.096026,1,2,2,13,67
2025-12-26 02:23:25.904406,1,1,1,13,67
2025-12-26 02:23:30.212911,1,1,1,13,67
2025-12-26 02:23:34.126117,1,1,1,13,67
2025-12-26 02:23:37.491609,1,1,1,13,67
2025-12-26 02:23:40.342203,1,2,2,13,67
2025-12-26 02:23:43.655297,1,1,1,13,67
2025-12-26 02:23:46.535439,1,1,2,13,67
2025-12-26 02:23:49.370690,1,1,2,13,67
2025-12-26 02:23:52.233625,1,1,1,13,67
2025-12-26 02:23:56.096655,1,1,1,13,67
2025-12-26 02:23:58.900067,1,2,1,13,67
2025-12-26 02:24:02.763781,1,2,2,13,66
2025-12-26 02:24:05.676806,1,1,2,13,66
2025-12-26 02:24:08.478853,1,1,1,13,66
2025-12-26 02:24:13.140409,1,1,1,13,66
2025-12-26 02:24:16.504854,1,1,1,13,65
2025-12-26 02:24:19.308575,1,1,1,13,65
2025-12-26 02:24:23.168717,1,2,1,13,65
2025-12-26 02:24:26.478117,1,1,1,13,65
2025-12-26 02:24:30.288447,1,1,1,13,65
2025-12-26 02:24:35.209674,1,1,1,13,65
2025-12-26 02:24:38.114619,1,1,1,13,65
2025-12-26 02:24:41.420898,1,1,2,13,65
2025-12-26 02:24:44.235024,1,1,1,13,65
2025-12-26 02:24:47.143721,1,2,1,13,65
2025-12-26 02:24:49.953829,1,2,2,13,66
2025-12-26 02:24:52.812458,1,1,1,13,69
2025-12-26 02:24:55.669565,1,1,1,13,71
2025-12-26 02:24:58.530264,1,1,3,13,71
2025-12-26 02:25:01.389216,1,1,1,13,71
2025-12-26 02:25:05.204630,1,2,1,13,68
2025-12-26 02:25:08.507629,1,2,1,13,65
2025-12-26 02:25:11.367985,1,1,1,13,62
2025-12-26 02:25:14.677531,1,1,1,13,62
2025-12-26 02:25:17.486320,1,2,1,13,62
2025-12-26 02:25:21.402783,1,2,1,13,62
2025-12-26 02:25:24.270389,1,1,2,13,62
2025-12-26 02:25:28.169666,1,1,1,13,62
2025-12-26 02:25:31.528371,1,2,1,13,62
2025-12-26 02:25:34.386904,1,2,2,13,62
2025-12-26 02:25:37.705979,1,2,1,12,62
2025-12-26 02:25:40.557683,1,2,1,12,63
2025-12-26 02:25:43.419093,1,1,3,12,66
2025-12-26 02:25:46.730201,1,1,3,12,69
2025-12-26 02:25:50.141100,1,2,3,12,72
2025-12-26 02:25:52.953456,1,1,1,12,75
2025-12-26 02:25:56.863555,1,1,1,12,73
2025-12-26 02:26:00.172737,1,1,1,12,70
2025-12-26 02:26:02.979217,1,2,2,12,67
2025-12-26 02:26:06.390771,1,1,1,12,65
2025-12-26 02:26:10.849018,1,2,1,12,65
2025-12-26 02:26:13.709321,1,1,3,12,64
2025-12-26 02:26:17.020363,1,2,1,12,64
2025-12-26 02:26:19.878584,1,1,1,12,64
2025-12-26 02:26:22.763480,1,1,3,12,62
2025-12-26 02:26:28.249047,1,2,1,12,62
2025-12-26 02:26:31.564751,1,1,1,12,63
2025-12-26 02:26:34.368165,1,2,1,12,66
2025-12-26 02:26:38.282965,1,1,1,12,69
2025-12-26 02:26:41.190479,1,1,1,12,71
2025-12-26 02:26:43.996889,1,1,3,12,70
2025-12-26 02:26:47.358656,1,1,1,12,71
2025-12-26 02:26:50.275254,1,1,1,12,68
2025-12-26 02:26:53.180285,1,1,2,12,65
2025-12-26 02:26:55.992483,1,1,1,12,63
2025-12-26 02:26:59.816409,1,2,1,12,63
2025-12-26 02:27:03.658812,1,2,1,12,63
2025-12-26 02:27:07.017202,1,2,1,12,63
2025-12-26 02:27:09.889360,1,1,1,12,62
2025-12-26 02:27:13.209429,1,1,2,12,62
2025-12-26 02:27:15.999659,1,1,1,12,62
2025-12-26 02:27:18.908576,1,1,1,12,62
2025-12-26 02:27:22.718968,1,1,1,12,62
2025-12-26 02:27:25.627963,1,1,1,12,62
2025-12-26 02:27:28.436458,1,1,1,12,62
2025-12-26 02:27:32.299754,1,1,2,12,62
2025-12-26 02:27:35.217255,1,1,1,12,62
2025-12-26 02:27:38.018224,1,1,1,12,62
2025-12-26 02:27:41.826736,1,1,2,13,62
2025-12-26 02:27:44.735250,1,1,1,13,64
2025-12-26 02:27:47.550359,1,1,1,13,64
2025-12-26 02:27:51.411829,1,1,2,13,64
2025-12-26 02:27:54.319899,1,1,1,13,64
2025-12-26 02:27:57.673480,1,1,2,13,64
2025-12-26 02:28:01.433937,1,1,1,13,67
2025-12-26 02:28:04.294211,1,2,1,13,70
2025-12-26 02:28:07.205861,1,1,1,13,73
2025-12-26 02:28:10.011735,1,1,1,13,76
2025-12-26 02:28:12.921856,1,2,1,13,79
2025-12-26 02:28:16.732129,1,1,1,13,79
2025-12-26 02:28:20.042996,1,1,1,13,79
2025-12-26 02:28:23.400257,1,1,3,13,79
2025-12-26 02:28:26.317617,1,1,1,13,76
2025-12-26 02:28:29.224939,1,1,1,13,74
2025-12-26 02:28:32.036267,1,1,1,13,74
2025-12-26 02:28:35.840016,1,2,1,13,74
2025-12-26 02:28:39.701409,1,1,1,13,74
2025-12-26 02:28:43.069643,1,1,1,13,74
2025-12-26 02:28:45.875245,1,1,1,12,74
2025-12-26 02:28:49.784162,1,1,1,12,74
2025-12-26 02:28:52.648176,1,1,1,12,74
2025-12-26 02:28:55.450219,1,2,1,12,72
2025-12-26 02:28:59.310321,1,1,1,12,72
2025-12-26 02:29:02.220732,1,1,1,12,72
2025-12-26 02:29:05.068337,1,1,2,12,72
2025-12-26 02:29:08.942863,1,2,1,12,72
2025-12-26 02:29:11.842187,1,2,2,12,72
2025-12-26 02:29:14.629669,1,1,1,12,72
2025-12-26 02:29:18.419790,1,1,1,12,72
2025-12-26 02:29:21.337954,1,1,2,12,72
2025-12-26 02:29:25.238884,1,1,2,12,75
2025-12-26 02:29:28.049554,1,1,1,12,75
2025-12-26 02:29:30.963814,1,1,1,12,75
2025-12-26 02:29:34.811021,1,1,1,12,75
2025-12-26 02:29:38.081050,1,1,2,12,75
2025-12-26 02:29:40.887073,1,1,1,13,75
2025-12-26 02:29:43.800776,1,1,1,13,75
2025-12-26 02:29:46.656462,1,1,2,13,75
2025-12-26 02:29:49.468095,1,1,3,13,75
2025-12-26 02:29:53.328155,1,1,1,13,75
2025-12-26 02:29:56.638211,1,1,1,13,75
2025-12-26 02:30:00.648735,1,1,1,13,75
2025-12-26 02:30:03.506851,1,1,2,13,75
2025-12-26 02:30:06.367458,1,1,1,13,75
2025-12-26 02:30:09.728062,1,1,2,13,72
2025-12-26 02:30:13.535496,1,1,1,13,67
2025-12-26 02:30:18.502855,1,2,1,13,67
2025-12-26 02:30:22.408625,1,1,1,13,67
2025-12-26 02:30:26.274067,1,1,1,13,66
2025-12-26 02:30:29.081757,1,1,2,13,66
2025-12-26 02:30:32.987723,1,1,2,13,66
2025-12-26 02:30:35.849450,1,1,1,13,66
2025-12-26 02:30:39.757655,1,1,1,13,66
2025-12-26 02:30:42.682300,1,1,2,13,66
2025-12-26 02:30:45.525777,1,1,1,13,66
2025-12-26 02:30:48.836237,1,1,1,13,66
2025-12-26 02:30:51.695911,1,2,2,13,66
2025-12-26 02:30:54.503830,1,1,1,13,66
2025-12-26 02:30:57.416635,1,1,1,13,66
2025-12-26 02:31:01.826541,1,2,3,13,66
2025-12-26 02:31:04.685810,1,1,1,13,66
2025-12-26 02:31:07.496375,1,1,1,13,66
2025-12-26 02:31:11.356060,1,2,1,13,66
2025-12-26 02:31:14.682767,1,1,1,12,66
2025-12-26 02:31:18.477996,1,1,1,12,66
2025-12-26 02:31:21.387503,1,1,1,12,66
2025-12-26 02:31:25.299271,1,1,1,12,66
2025-12-26 02:31:28.610008,1,2,1,12,66
2025-12-26 02:31:31.419337,1,2,2,12,66
2025-12-26 02:31:34.333795,1,1,5,12,66
2025-12-26 02:31:37.735612,1,2,8,13,66
2025-12-26 02:31:40.501295,1,2,10,13,66
2025-12-26 02:31:44.406945,1,2,25,13,66
2025-12-26 02:31:47.315819,1,2,12,14,66
2025-12-26 02:31:50.125118,1,2,25,14,66
2025-12-26 02:31:53.936823,1,2,3,15,66
2025-12-26 02:31:57.394725,1,2,4,14,66
2025-12-26 02:32:01.304100,1,2,1,14,72
2025-12-26 02:32:04.120972,1,1,1,13,74
2025-12-26 02:32:07.034559,1,2,4,13,73
2025-12-26 02:32:10.833175,1,2,1,13,72
2025-12-26 02:32:14.140730,1,1,1,13,69
2025-12-26 02:32:17.952266,1,1,6,14,66
2025-12-26 02:32:20.861719,1,2,3,15,63
2025-12-26 02:32:23.674303,1,1,1,15,63
2025-12-26 02:32:28.486143,1,1,2,15,64
2025-12-26 02:32:31.895724,1,2,1,15,64
2025-12-26 02:32:34.751414,1,2,2,15,64
2025-12-26 02:32:38.688034,1,2,1,15,64
2025-12-26 02:32:42.471907,1,2,2,17,64
2025-12-26 02:32:46.843503,1,2,1,17,65
2025-12-26 02:32:50.142233,1,1,1,16,65
2025-12-26 02:32:53.957490,1,2,6,14,65
2025-12-26 02:32:57.811495,1,1,1,13,65
2025-12-26 02:33:02.282432,1,1,1,12,69
2025-12-26 02:33:05.541598,1,2,1,11,70
2025-12-26 02:33:08.441575,1,2,2,11,70
2025-12-26 02:33:11.351319,1,1,1,11,69
2025-12-26 02:33:14.160427,1,2,1,11,67
2025-12-26 02:33:18.484985,1,1,4,11,67
2025-12-26 02:33:23.432537,1,2,2,11,67
2025-12-26 02:33:26.339577,1,2,2,12,67
2025-12-26 02:33:29.149637,1,2,1,12,67
2025-12-26 02:33:33.014559,1,1,1,14,67
2025-12-26 02:33:35.918720,1,2,2,14,67
2025-12-26 02:33:38.727397,1,1,1,14,69
2025-12-26 02:33:42.190887,1,2,1,13,72
2025-12-26 02:33:44.998911,1,2,4,13,72
2025-12-26 02:33:47.908050,1,2,3,13,69
2025-12-26 02:33:50.719008,1,1,1,14,66
2025-12-26 02:33:55.028583,1,1,1,14,66
2025-12-26 02:33:58.904180,1,1,1,14,66
2025-12-26 02:34:01.800898,1,1,1,14,66
2025-12-26 02:34:04.619133,1,2,4,14,66
2025-12-26 02:34:08.469364,1,2,1,14,66
2025-12-26 02:34:11.380870,1,2,1,14,66
2025-12-26 02:34:14.191935,1,2,2,14,66
2025-12-26 02:34:18.498354,1,2,1,14,66
2025-12-26 02:34:22.858522,1,2,2,14,66
2025-12-26 02:34:26.170996,1,2,4,14,65
2025-12-26 02:34:29.981244,1,2,2,14,63
2025-12-26 02:34:33.837240,1,2,3,14,63
2025-12-26 02:34:37.594943,1,1,2,14,63
2025-12-26 02:34:41.464588,1,2,1,14,63
2025-12-26 02:34:44.966050,1,2,1,14,63
2025-12-26 02:34:49.375082,1,1,4,14,63
2025-12-26 02:34:52.185501,1,1,4,14,63
2025-12-26 02:34:55.100117,1,1,1,14,63
2025-12-26 02:34:58.905870,1,2,1,15,63
2025-12-26 02:35:02.217244,1,1,2,14,63
2025-12-26 02:35:05.677112,1,2,1,14,63
2025-12-26 02:35:08.489750,1,2,5,14,63
2025-12-26 02:35:11.397555,1,1,4,14,63
2025-12-26 02:35:14.208410,1,2,2,14,63
2025-12-26 02:35:18.023732,1,2,2,14,63
2025-12-26 02:35:21.878459,1,2,1,14,63
2025-12-26 02:35:26.398539,1,1,1,14,63
2025-12-26 02:35:29.195111,1,1,1,14,63
2025-12-26 02:35:33.055875,1,1,1,14,63
2025-12-26 02:35:35.979938,1,2,4,14,63
2025-12-26 02:35:38.774527,1,1,1,14,63
2025-12-26 02:35:43.085682,1,2,2,14,63
2025-12-26 02:35:45.944811,1,2,5,14,63
2025-12-26 02:35:48.812993,1,1,1,16,63
2025-12-26 02:35:51.615724,1,2,1,15,63
2025-12-26 02:35:55.130172,1,1,1,13,63
2025-12-26 02:35:58.935301,1,2,2,13,63
2025-12-26 02:36:02.247185,1,1,1,12,63
2025-12-26 02:36:05.063322,1,1,1,12,63
2025-12-26 02:36:07.966426,1,2,2,11,63
2025-12-26 02:36:10.828216,1,2,6,11,63
2025-12-26 02:36:13.684849,1,1,1,11,63
2025-12-26 02:36:17.509513,1,2,1,11,63
2025-12-26 02:36:20.804791,1,2,2,11,63
2025-12-26 02:36:23.667543,1,1,2,11,63
2025-12-26 02:36:26.524822,1,1,2,14,66
2025-12-26 02:36:29.436014,1,2,1,17,69
2025-12-26 02:36:32.247067,1,2,2,17,71
2025-12-26 02:36:36.553900,1,1,1,20,71
2025-12-26 02:36:39.913579,1,1,1,21,72
2025-12-26 02:36:43.926105,1,2,3,22,76
2025-12-26 02:36:46.833845,1,2,3,22,76
2025-12-26 02:36:49.652300,1,2,9,22,76
2025-12-26 02:36:53.508419,1,2,28,23,76
2025-12-26 02:36:56.820666,1,2,4,17,76
2025-12-26 02:37:00.620794,1,1,1,16,76
2025-12-26 02:37:04.540190,1,1,1,15,76
2025-12-26 02:37:07.443772,1,1,1,14,76
2025-12-26 02:37:10.252616,1,1,1,13,76
2025-12-26 02:37:13.112883,1,1,1,12,76
2025-12-26 02:37:16.975447,1,1,1,12,74
2025-12-26 02:37:19.892881,1,1,1,11,74
2025-12-26 02:37:22.640974,1,1,1,11,72
2025-12-26 02:37:26.559084,1,1,1,11,69
2025-12-26 02:37:29.462445,1,1,1,11,69
2025-12-26 02:37:32.284980,1,1,1,11,69
2025-12-26 02:37:36.079023,1,2,1,11,69
2025-12-26 02:37:39.500078,1,1,1,11,69
2025-12-26 02:37:42.848570,1,1,1,11,69
2025-12-26 02:37:45.655860,1,1,1,11,69
2025-12-26 02:37:48.570542,1,1,1,12,69
2025-12-26 02:37:51.926696,1,1,1,14,67
2025-12-26 02:37:56.287166,1,1,1,16,67
2025-12-26 02:38:00.098419,1,1,1,16,66
2025-12-26 02:38:03.004505,1,1,1,17,66
2025-12-26 02:38:05.819851,1,1,1,18,66
2025-12-26 02:38:09.677054,1,1,1,19,66
2025-12-26 02:38:12.591951,1,1,1,20,66
2025-12-26 02:38:15.946847,1,2,1,21,64
2025-12-26 02:38:19.755380,1,1,2,21,62
2025-12-26 02:38:22.573405,1,1,1,22,62
2025-12-26 02:38:25.475058,1,2,1,22,62
2025-12-26 02:38:28.286794,1,1,1,23,62
2025-12-26 02:38:31.164347,1,1,1,23,62
2025-12-26 02:38:35.006815,1,1,1,23,62
2025-12-26 02:38:38.314403,1,1,1,23,62
2025-12-26 02:38:41.123886,1,1,1,23,62
2025-12-26 02:38:44.031366,1,1,1,23,62
2025-12-26 02:38:46.890494,1,1,1,23,62
2025-12-26 02:38:49.700190,1,1,2,21,62
2025-12-26 02:38:53.562037,1,1,1,20,62
2025-12-26 02:38:56.869434,1,1,1,21,62
2025-12-26 02:38:59.678061,1,1,1,22,62
2025-12-26 02:39:02.590899,1,1,1,22,62
2025-12-26 02:39:05.499815,1,1,1,22,62
2025-12-26 02:39:08.317236,1,1,1,22,62
2025-12-26 02:39:12.127536,1,1,1,23,62
2025-12-26 02:39:15.979103,1,1,1,21,62
2025-12-26 02:39:19.337755,1,1,1,18,62
2025-12-26 02:39:22.149053,1,1,2,16,62
2025-12-26 02:39:26.054207,1,1,1,15,62
2025-12-26 02:39:28.917265,1,1,1,16,62
2025-12-26 02:39:31.726516,1,1,1,17,62
2025-12-26 02:39:35.587718,1,1,1,18,62
2025-12-26 02:39:38.507694,1,1,1,15,62
2025-12-26 02:39:41.308152,1,1,2,15,62
2025-12-26 02:39:45.166409,1,1,1,13,62
2025-12-26 02:39:48.075845,1,1,1,13,62
2025-12-26 02:39:50.889513,1,1,2,12,62
2025-12-26 02:39:54.696923,1,1,1,14,62
2025-12-26 02:39:57.604089,1,1,1,17,62
2025-12-26 02:40:01.522292,1,1,1,19,62
2025-12-26 02:40:04.321406,1,1,1,19,62
2025-12-26 02:40:07.182777,1,1,1,17,62
2025-12-26 02:40:11.041894,1,1,1,15,62
2025-12-26 02:40:14.351159,1,1,1,14,62
2025-12-26 02:40:17.712552,1,1,1,14,62
2025-12-26 02:40:20.620349,1,1,1,13,62
2025-12-26 02:40:23.527548,1,1,1,12,62
2025-12-26 02:40:26.338814,1,1,1,12,62
2025-12-26 02:40:30.147104,1,1,1,12,62
2025-12-26 02:40:34.007710,1,1,1,12,62
2025-12-26 02:40:37.774394,1,1,1,12,62
2025-12-26 02:40:41.576094,1,1,1,12,62
2025-12-26 02:40:44.884495,1,1,1,12,62
2025-12-26 02:40:48.695325,1,2,1,12,62
2025-12-26 02:40:53.056598,1,1,1,12,62
2025-12-26 02:40:56.364057,1,1,1,12,62
2025-12-26 02:41:00.176784,1,1,1,12,62
2025-12-26 02:41:03.082547,1,1,1,12,62
2025-12-26 02:41:05.891394,1,1,1,12,62
2025-12-26 02:41:09.754459,1,1,1,12,62
2025-12-26 02:41:12.675899,1,1,1,12,62
2025-12-26 02:41:16.022600,1,1,1,12,62
2025-12-26 02:41:19.782108,1,1,1,12,62
2025-12-26 02:41:22.689316,1,1,1,12,62
2025-12-26 02:41:26.100755,1,1,1,12,62
2025-12-26 02:41:28.962730,1,1,1,12,62
2025-12-26 02:41:31.771328,1,1,1,12,62
2025-12-26 02:41:35.642957,1,1,1,12,62
2025-12-26 02:41:38.940576,1,1,1,13,62
2025-12-26 02:41:42.398685,1,1,1,13,62
2025-12-26 02:41:45.207324,1,1,1,14,64
2025-12-26 02:41:48.117431,1,1,1,13,65
2025-12-26 02:41:50.928277,1,1,1,13,63
2025-12-26 02:41:54.735964,1,1,1,13,62
2025-12-26 02:41:59.098078,1,1,1,13,62
2025-12-26 02:42:02.011783,1,1,1,13,62
2025-12-26 02:42:04.828984,1,1,1,13,62
2025-12-26 02:42:08.679480,1,1,1,13,62
2025-12-26 02:42:11.583627,1,1,1,13,62
2025-12-26 02:42:14.392475,1,1,1,13,62
2025-12-26 02:42:18.201142,1,1,1,13,62
2025-12-26 02:42:22.062198,1,1,1,13,62
2025-12-26 02:42:25.573312,1,1,1,13,62
2025-12-26 02:42:28.382942,1,1,1,13,62
2025-12-26 02:42:31.242507,1,1,1,13,62
2025-12-26 02:42:35.098794,1,1,1,13,62
2025-12-26 02:42:38.412774,1,1,1,13,62
2025-12-26 02:42:42.717738,1,1,1,14,62
2025-12-26 02:42:47.080007,1,1,1,16,64
2025-12-26 02:42:50.391431,1,1,1,16,67
2025-12-26 02:42:54.198035,1,1,1,16,68
2025-12-26 02:42:58.057016,1,1,1,15,65
2025-12-26 02:43:01.817368,1,1,1,15,63
2025-12-26 02:43:05.678361,1,1,1,15,63
2025-12-26 02:43:08.636466,1,1,1,15,63
2025-12-26 02:43:11.945435,1,1,1,15,63
2025-12-26 02:43:15.803486,1,1,1,15,62
2025-12-26 02:43:18.713025,1,1,1,15,62
2025-12-26 02:43:22.097961,1,1,1,15,62
2025-12-26 02:43:25.831825,1,1,1,15,62
2025-12-26 02:43:29.693067,1,1,1,15,62
2025-12-26 02:43:32.604389,1,1,1,15,62
2025-12-26 02:43:35.412940,1,1,1,15,62
2025-12-26 02:43:39.270187,1,1,1,15,62
2025-12-26 02:43:42.179787,1,1,1,14,62
2025-12-26 02:43:44.986639,1,1,1,14,62
2025-12-26 02:43:48.798177,1,1,1,14,62
2025-12-26 02:43:51.710786,1,1,1,14,62
2025-12-26 02:43:55.619288,1,1,1,14,63
2025-12-26 02:43:58.427969,1,1,1,16,65
2025-12-26 02:44:01.336311,1,1,1,17,68
2025-12-26 02:44:05.144608,1,1,1,19,71
2025-12-26 02:44:08.452896,1,1,1,19,74
2025-12-26 02:44:11.815808,1,1,1,20,77
2025-12-26 02:44:14.725210,1,1,1,22,79
2025-12-26 02:44:17.631955,1,1,1,21,79
2025-12-26 02:44:20.441586,1,1,1,21,79
2025-12-26 02:44:24.249622,1,1,1,17,78
2025-12-26 02:44:28.111495,1,1,1,15,74
2025-12-26 02:44:32.970932,1,1,2,14,68
2025-12-26 02:44:36.435691,1,1,2,17,65
2025-12-26 02:44:39.290489,1,1,1,17,62
2025-12-26 02:44:42.198306,1,1,1,16,62
2025-12-26 02:44:45.006530,1,2,1,15,62
2025-12-26 02:44:48.832689,1,1,1,15,62
2025-12-26 02:44:52.682275,1,1,1,15,62
2025-12-26 02:44:56.038491,1,1,1,14,62
2025-12-26 02:44:58.849178,1,1,1,14,62
2025-12-26 02:45:02.760977,1,1,1,14,62
2025-12-26 02:45:05.667797,1,1,1,14,62
2025-12-26 02:45:08.481265,1,1,1,14,62
2025-12-26 02:45:12.284727,1,2,1,14,62
2025-12-26 02:45:15.194167,1,1,1,14,62
2025-12-26 02:45:18.004039,1,1,1,14,62
2025-12-26 02:45:21.869131,1,1,1,14,62
2025-12-26 02:45:24.781013,1,1,1,14,62
2025-12-26 02:45:28.133716,1,1,1,14,62
2025-12-26 02:45:31.895115,1,1,1,14,62
2025-12-26 02:45:35.708160,1,1,1,14,62
2025-12-26 02:45:39.018869,1,1,1,14,62
2025-12-26 02:45:42.820116,1,1,1,14,62
2025-12-26 02:45:47.181935,1,1,1,14,62
2025-12-26 02:45:50.489001,1,2,1,14,62
2025-12-26 02:45:54.311109,1,1,1,14,62
2025-12-26 02:45:57.257925,1,1,1,14,62
2025-12-26 02:46:01.669727,1,1,1,14,62
2025-12-26 02:46:04.481159,1,1,1,14,62
2025-12-26 02:46:07.335654,1,1,1,14,62
2025-12-26 02:46:11.198179,1,1,1,14,62
2025-12-26 02:46:14.527316,1,2,1,14,62
2025-12-26 02:46:18.314611,1,1,1,14,62
2025-12-26 02:46:21.222919,1,1,1,14,62
2025-12-26 02:46:24.037587,1,1,1,14,62
2025-12-26 02:46:27.889854,1,1,1,14,62
2025-12-26 02:46:30.803142,1,1,1,14,62
2025-12-26 02:46:34.179287,1,1,1,14,62
2025-12-26 02:46:37.925520,1,1,1,14,62
2025-12-26 02:46:41.733320,1,1,1,14,62
2025-12-26 02:46:45.041934,1,1,1,15,62
2025-12-26 02:46:48.850462,1,1,1,15,62
2025-12-26 02:46:53.209147,1,1,1,15,62
2025-12-26 02:46:56.519321,1,1,1,15,62
2025-12-26 02:47:00.330868,1,1,1,15,62
2025-12-26 02:47:03.286926,1,1,1,15,62
2025-12-26 02:47:07.697259,1,1,1,15,62
2025-12-26 02:47:10.508053,1,1,1,15,62
2025-12-26 02:47:13.366864,1,1,1,15,62
2025-12-26 02:47:17.251633,1,1,2,15,62
2025-12-26 02:47:20.536617,1,1,1,15,62
2025-12-26 02:47:23.545533,1,1,1,15,62
2025-12-26 02:47:26.364753,1,1,1,15,62
2025-12-26 02:47:29.266017,1,1,1,15,62
2025-12-26 02:47:32.124088,1,1,1,15,62
2025-12-26 02:47:34.931868,1,1,1,15,62
2025-12-26 02:47:38.843180,1,1,1,15,62
2025-12-26 02:47:41.756152,1,1,1,14,62
2025-12-26 02:47:45.062493,1,1,1,15,62
2025-12-26 02:47:48.923573,1,1,1,15,63
2025-12-26 02:47:51.839855,1,1,1,15,63
2025-12-26 02:47:55.767889,1,1,1,14,63
2025-12-26 02:47:58.551753,1,1,1,14,63
2025-12-26 02:48:01.562626,1,1,1,14,63
2025-12-26 02:48:04.370492,1,1,1,14,63
2025-12-26 02:48:08.280757,1,1,1,15,63
2025-12-26 02:48:11.140631,1,1,1,16,63
2025-12-26 02:48:13.950286,1,1,1,16,63
2025-12-26 02:48:17.809735,1,1,2,16,64
2025-12-26 02:48:21.119881,1,1,1,16,64
2025-12-26 02:48:23.927078,1,1,1,16,64
2025-12-26 02:48:26.837069,1,1,1,16,64
2025-12-26 02:48:29.748063,1,1,1,15,64
2025-12-26 02:48:32.559453,1,1,1,15,64
2025-12-26 02:48:36.365349,1,1,1,15,64
2025-12-26 02:48:40.225186,1,1,1,14,64
2025-12-26 02:48:43.737999,1,1,1,14,64
2025-12-26 02:48:46.542504,1,1,1,14,64
2025-12-26 02:48:49.411168,1,1,1,14,64
2025-12-26 02:48:53.265824,1,2,4,14,64
2025-12-26 02:48:56.583527,1,2,1,14,64
2025-12-26 02:49:00.381930,1,2,26,14,64
2025-12-26 02:49:03.293358,1,2,10,15,66
2025-12-26 02:49:06.100873,1,2,2,14,67
2025-12-26 02:49:09.958893,1,2,3,14,67
2025-12-26 02:49:12.877523,1,2,2,14,67
2025-12-26 02:49:16.229482,1,2,2,14,67
2025-12-26 02:49:19.993726,1,1,1,14,67
2025-12-26 02:49:24.449198,1,1,2,14,67
2025-12-26 02:49:27.310990,1,1,1,14,67
2025-12-26 02:49:30.121092,1,2,3,14,67
2025-12-26 02:49:35.433043,1,1,1,14,67
2025-12-26 02:49:38.341598,1,2,4,14,67
2025-12-26 02:49:41.201270,1,1,2,14,67
2025-12-26 02:49:44.009234,1,1,5,14,67
2025-12-26 02:49:48.871777,1,1,3,14,67
2025-12-26 02:49:52.230721,1,1,3,14,67
2025-12-26 02:49:55.991490,1,2,1,14,67
2025-12-26 02:49:59.870643,1,2,3,13,67
2025-12-26 02:50:03.178057,1,1,3,12,69
2025-12-26 02:50:06.569623,1,2,1,12,71
2025-12-26 02:50:09.432902,1,2,2,12,71
2025-12-26 02:50:12.341923,1,2,2,11,68
2025-12-26 02:50:15.168656,1,1,1,11,65
2025-12-26 02:50:18.962426,1,2,2,11,62
2025-12-26 02:50:23.324605,1,2,2,11,62
2025-12-26 02:50:26.180091,1,2,1,11,65
2025-12-26 02:50:28.991429,1,1,1,12,68
2025-12-26 02:50:32.902563,1,2,1,14,70
2025-12-26 02:50:35.811179,1,1,2,13,70
2025-12-26 02:50:38.623365,1,1,2,13,70
2025-12-26 02:50:42.941753,1,1,1,12,70
2025-12-26 02:50:47.289002,1,1,1,12,69
2025-12-26 02:50:50.598058,1,2,1,12,69
2025-12-26 02:50:54.908101,1,1,1,12,70
2025-12-26 02:50:58.268846,1,2,3,12,70
2025-12-26 02:51:02.028870,1,1,1,14,70
2025-12-26 02:51:05.890561,1,1,2,16,72
2025-12-26 02:51:08.806423,1,1,1,19,75
2025-12-26 02:51:11.611446,1,2,1,19,78
2025-12-26 02:51:15.516287,1,1,1,16,81
2025-12-26 02:51:18.378967,1,1,2,17,80
2025-12-26 02:51:21.185241,1,1,1,18,77
2025-12-26 02:51:24.997561,1,1,3,18,74
2025-12-26 02:51:27.908500,1,1,1,16,71
2025-12-26 02:51:31.816888,1,1,1,15,67
2025-12-26 02:51:34.624775,1,1,1,14,67
2025-12-26 02:51:37.483430,1,1,1,16,68
2025-12-26 02:51:41.343114,1,1,1,17,71
2025-12-26 02:51:44.652005,1,1,1,18,74
2025-12-26 02:51:49.069830,1,1,1,20,77
2025-12-26 02:51:52.371888,1,1,1,20,83
2025-12-26 02:51:55.265482,1,1,1,18,83
2025-12-26 02:51:58.040066,1,1,2,19,83
2025-12-26 02:52:00.949453,1,1,1,20,83
2025-12-26 02:52:04.308516,1,1,1,19,83
2025-12-26 02:52:09.167919,1,2,1,18,81
2025-12-26 02:52:13.230302,1,1,3,18,71
2025-12-26 02:52:16.087705,1,2,1,17,71
2025-12-26 02:52:18.948710,1,1,4,17,68
2025-12-26 02:52:22.318578,1,1,1,16,65
2025-12-26 02:52:26.070886,1,2,2,16,63
2025-12-26 02:52:30.081854,1,1,5,15,63
2025-12-26 02:52:33.409185,1,2,2,14,63
2025-12-26 02:52:36.198749,1,1,1,13,63
2025-12-26 02:52:41.015968,1,1,1,13,62
2025-12-26 02:52:44.421001,1,1,1,12,62
2025-12-26 02:52:47.279052,1,2,2,12,62
2025-12-26 02:52:50.689047,1,1,1,12,62
2025-12-26 02:52:53.499083,1,1,1,12,62
2025-12-26 02:52:56.408055,1,1,1,12,62
2025-12-26 02:52:59.269546,1,2,1,12,62
2025-12-26 02:53:02.084924,1,1,1,12,62
2025-12-26 02:53:05.938315,1,1,1,12,62
2025-12-26 02:53:09.405510,1,2,2,14,62
2025-12-26 02:53:12.221266,1,2,2,15,62
2025-12-26 02:53:17.521458,1,2,1,14,62
2025-12-26 02:53:20.430930,1,1,1,14,62
2025-12-26 02:53:23.291780,1,1,1,14,62
2025-12-26 02:53:26.149975,1,2,2,14,62
2025-12-26 02:53:28.963140,1,1,1,14,62
2025-12-26 02:53:31.873229,1,2,1,14,62
2025-12-26 02:53:34.682091,1,1,4,14,62
2025-12-26 02:53:37.541085,1,1,1,14,62
2025-12-26 02:53:41.402170,1,1,1,14,62
2025-12-26 02:53:45.211107,1,1,1,14,62
2025-12-26 02:53:49.024619,1,1,1,16,64
2025-12-26 02:53:53.386151,1,1,1,18,70
2025-12-26 02:53:56.699212,1,1,1,19,73
2025-12-26 02:54:00.504479,1,2,1,18,76
2025-12-26 02:54:04.362960,1,1,1,17,79
2025-12-26 02:54:08.132265,1,1,1,16,69
2025-12-26 02:54:10.977052,1,1,1,15,66
2025-12-26 02:54:13.887442,1,2,1,15,63
2025-12-26 02:54:16.698587,1,2,1,15,62
2025-12-26 02:54:19.555319,1,2,4,14,62
2025-12-26 02:54:23.415523,1,2,4,14,62
2025-12-26 02:54:26.726489,1,2,1,15,62
2025-12-26 02:54:29.586281,1,2,2,15,62
2025-12-26 02:54:32.452669,1,1,1,15,62
2025-12-26 02:54:35.304554,1,1,1,16,62
2025-12-26 02:54:38.164786,1,2,3,16,63
2025-12-26 02:54:41.973877,1,1,3,16,66
2025-12-26 02:54:45.293480,1,2,10,16,69
2025-12-26 02:54:48.844453,1,2,12,16,70
2025-12-26 02:54:51.551101,1,2,27,15,72
2025-12-26 02:54:54.462026,1,2,9,16,75
2025-12-26 02:54:57.271402,1,2,8,16,76
2025-12-26 02:55:01.080813,1,2,1,16,76
2025-12-26 02:55:05.441224,1,2,5,15,74
2025-12-26 02:55:08.349139,1,1,1,15,71
2025-12-26 02:55:11.159313,1,2,2,14,70
2025-12-26 02:55:15.019377,1,1,2,14,70
2025-12-26 02:55:17.928017,1,1,1,13,70
2025-12-26 02:55:20.737664,1,2,2,13,70
2025-12-26 02:55:25.054900,1,1,1,12,70
2025-12-26 02:55:29.558638,1,1,1,12,70
2025-12-26 02:55:32.466183,1,1,1,12,70
2025-12-26 02:55:35.329997,1,1,1,13,70
2025-12-26 02:55:38.186758,1,1,1,15,70
2025-12-26 02:55:41.995484,1,1,1,17,70
2025-12-26 02:55:45.304436,1,1,1,16,70
2025-12-26 02:55:49.768976,1,2,1,15,66
2025-12-26 02:55:53.026596,1,2,2,16,64
2025-12-26 02:55:55.938040,1,1,1,18,64
2025-12-26 02:55:58.746106,1,1,2,19,64
2025-12-26 02:56:01.605109,1,1,2,17,64
2025-12-26 02:56:05.469803,1,1,1,15,64
2025-12-26 02:56:08.378564,1,1,1,14,64
2025-12-26 02:56:11.182164,1,2,1,14,64
2025-12-26 02:56:15.042530,1,1,1,13,64
2025-12-26 02:56:17.972208,1,1,3,13,64
2025-12-26 02:56:20.762565,1,1,1,13,64
2025-12-26 02:56:24.571953,1,1,1,13,64
2025-12-26 02:56:27.983536,1,1,1,13,64
2025-12-26 02:56:31.342674,1,2,2,13,64
2025-12-26 02:56:34.150955,1,1,3,13,64
2025-12-26 02:56:37.063020,1,1,1,13,64
2025-12-26 02:56:40.423159,1,1,1,13,64
2025-12-26 02:56:44.179767,1,1,1,14,64
2025-12-26 02:56:48.040363,1,1,1,14,64
2025-12-26 02:56:50.949991,1,2,1,14,64
2025-12-26 02:56:53.764439,1,1,1,14,64
2025-12-26 02:56:57.669441,1,1,1,14,64
2025-12-26 02:57:00.528498,1,1,1,14,64
2025-12-26 02:57:03.346637,1,2,3,14,64
2025-12-26 02:57:07.648388,1,1,1,14,64
2025-12-26 02:57:11.457434,1,1,1,16,65
2025-12-26 02:57:14.770969,1,1,1,17,68
2025-12-26 02:57:18.578106,1,2,3,15,70
2025-12-26 02:57:22.439084,1,1,1,15,70
2025-12-26 02:57:26.196239,1,1,1,15,70
2025-12-26 02:57:30.059672,1,1,1,15,70
2025-12-26 02:57:32.977618,1,1,1,13,70
2025-12-26 02:57:35.776401,1,1,3,13,70
2025-12-26 02:57:39.637142,1,1,1,12,70
2025-12-26 02:57:42.546118,1,1,1,12,70
2025-12-26 02:57:45.354252,1,2,3,12,70
2025-12-26 02:57:49.671462,1,2,2,12,70
2025-12-26 02:57:52.527185,1,2,2,12,70
2025-12-26 02:57:55.384535,1,1,1,12,70
2025-12-26 02:57:58.246447,1,1,1,13,70
2025-12-26 02:58:01.103816,1,1,1,13,70
2025-12-26 02:58:04.463980,1,2,1,14,70
2025-12-26 02:58:08.221656,1,2,1,14,70
2025-12-26 02:58:11.081358,1,2,2,14,70
2025-12-26 02:58:13.991947,1,1,2,14,68
2025-12-26 02:58:16.800922,1,1,1,14,65
2025-12-26 02:58:19.710906,1,1,1,14,63
2025-12-26 02:58:23.523097,1,1,1,14,63
2025-12-26 02:58:26.831457,1,1,1,15,63
2025-12-26 02:58:30.845592,1,1,2,15,63
2025-12-26 02:58:33.701339,1,1,1,15,63
2025-12-26 02:58:36.580698,1,2,2,15,63
2025-12-26 02:58:39.372770,1,2,2,15,63
2025-12-26 02:58:43.731205,1,1,1,16,63
2025-12-26 02:58:47.540788,1,1,1,16,63
2025-12-26 02:58:50.402864,1,1,1,17,63
2025-12-26 02:58:53.211877,1,1,1,17,63
2025-12-26 02:58:57.120179,1,1,2,17,63
2025-12-26 02:59:00.030006,1,1,1,17,63
2025-12-26 02:59:02.843210,1,1,2,17,63
2025-12-26 02:59:07.147298,1,1,1,18,63
2025-12-26 02:59:11.506507,1,1,1,18,63
2025-12-26 02:59:14.824641,1,1,1,18,63
2025-12-26 02:59:19.127899,1,1,1,18,63
2025-12-26 02:59:22.487929,1,2,1,18,63
2025-12-26 02:59:26.247500,1,1,1,18,69
2025-12-26 02:59:30.107707,1,2,1,17,66
2025-12-26 02:59:33.017574,1,1,3,17,66
2025-12-26 02:59:35.827320,1,1,1,17,64
2025-12-26 02:59:39.736426,1,1,1,16,64
2025-12-26 02:59:42.597702,1,2,2,15,64
2025-12-26 02:59:45.404560,1,2,4,15,64
2025-12-26 02:59:49.765289,1,1,2,16,64
2025-12-26 02:59:54.077792,1,1,2,16,64
2025-12-26 02:59:57.386348,1,2,4,16,64
2025-12-26 03:00:01.696790,1,2,1,16,65
2025-12-26 03:00:05.559343,1,1,1,16,68
2025-12-26 03:00:08.866903,1,1,1,16,69
2025-12-26 03:00:12.681329,1,1,1,16,69
2025-12-26 03:00:15.587367,1,1,1,16,69
2025-12-26 03:00:18.398159,1,1,1,16,69
2025-12-26 03:00:22.255806,1,2,1,16,72
2025-12-26 03:00:25.167458,1,2,1,15,75
2025-12-26 03:00:28.530115,1,2,2,15,78
2025-12-26 03:00:32.286447,1,1,2,15,77
2025-12-26 03:00:36.848790,1,2,2,15,78
2025-12-26 03:00:39.759309,1,2,2,15,81
2025-12-26 03:00:42.618632,1,2,6,15,84
2025-12-26 03:00:45.426644,1,2,3,16,86
2025-12-26 03:00:49.240750,1,1,1,17,86
2025-12-26 03:00:55.801190,1,2,2,19,83
2025-12-26 03:00:59.710752,1,2,1,19,80
2025-12-26 03:01:02.622312,1,1,1,20,77
2025-12-26 03:01:05.479989,1,2,2,21,74
2025-12-26 03:01:08.291510,1,1,1,21,72
2025-12-26 03:01:12.150460,1,1,1,21,72
2025-12-26 03:01:15.660786,1,1,1,22,70
2025-12-26 03:01:20.077049,1,1,1,22,69
2025-12-26 03:01:22.880818,1,2,1,22,69
2025-12-26 03:01:25.791842,1,2,2,20,69
2025-12-26 03:01:29.602158,1,1,1,18,69
2025-12-26 03:01:32.914196,1,2,2,17,68
2025-12-26 03:01:36.275032,1,1,2,16,67
2025-12-26 03:01:39.180109,1,1,1,16,67
2025-12-26 03:01:42.442209,1,1,1,15,67
2025-12-26 03:01:46.348341,1,1,1,15,67
2025-12-26 03:01:50.809056,1,1,1,15,71
2025-12-26 03:01:54.120560,1,1,3,15,74
2025-12-26 03:01:57.482786,1,1,1,15,77
2025-12-26 03:02:00.339325,1,2,2,15,79
2025-12-26 03:02:03.199773,1,2,2,15,80
2025-12-26 03:02:06.111805,1,2,1,15,76
2025-12-26 03:02:08.917105,1,1,2,15,72
2025-12-26 03:02:12.739592,1,1,1,15,69
2025-12-26 03:02:16.086009,1,1,1,15,67
2025-12-26 03:02:18.896991,1,2,1,15,67
2025-12-26 03:02:21.764338,1,2,1,15,67
2025-12-26 03:02:24.676935,1,1,1,15,67
2025-12-26 03:02:27.475636,1,1,1,15,67
2025-12-26 03:02:31.289842,1,1,1,15,67
2025-12-26 03:02:34.196099,1,1,5,15,67
2025-12-26 03:02:38.105347,1,1,1,15,71
2025-12-26 03:02:40.914251,1,2,1,15,72
2025-12-26 03:02:43.826638,1,2,1,15,69
2025-12-26 03:02:47.634880,1,1,1,15,69
2025-12-26 03:02:50.945382,1,1,1,15,69
2025-12-26 03:02:54.314949,1,2,1,16,69
2025-12-26 03:02:57.209977,1,1,2,15,69
2025-12-26 03:03:00.118582,1,2,3,15,69
2025-12-26 03:03:02.928535,1,1,1,15,72
2025-12-26 03:03:06.739103,1,1,1,14,72
2025-12-26 03:03:10.596833,1,1,1,16,72
2025-12-26 03:03:14.371289,1,2,1,17,76
2025-12-26 03:03:18.167139,1,1,1,18,79
2025-12-26 03:03:21.475995,1,1,1,20,82
2025-12-26 03:03:25.795427,1,1,1,21,88
2025-12-26 03:03:29.658205,1,1,1,19,91
2025-12-26 03:03:32.963721,1,1,1,18,88
2025-12-26 03:03:36.767039,1,2,4,16,85
2025-12-26 03:03:39.686114,1,2,3,15,83
2025-12-26 03:03:42.485108,1,1,1,15,81
2025-12-26 03:03:46.345583,1,1,2,14,81
2025-12-26 03:03:49.256003,1,1,1,14,81
2025-12-26 03:03:52.614902,1,2,1,14,78
2025-12-26 03:03:56.376978,1,1,2,14,72
2025-12-26 03:04:00.339325,1,1,2,14,72
2025-12-26 03:04:03.245810,1,1,2,14,72
2025-12-26 03:04:06.159702,1,1,1,14,72
2025-12-26 03:04:08.965509,1,2,1,14,72
2025-12-26 03:04:13.276954,1,1,3,14,72
2025-12-26 03:04:16.635670,1,1,1,14,72
2025-12-26 03:04:20.144771,1,1,1,14,71
2025-12-26 03:04:22.953580,1,2,1,14,71
2025-12-26 03:04:25.819197,1,1,1,14,71
2025-12-26 03:04:29.673004,1,2,1,14,71
2025-12-26 03:04:32.983764,1,2,1,14,71
2025-12-26 03:04:36.793539,1,2,1,14,71
2025-12-26 03:04:39.700257,1,1,2,15,71
2025-12-26 03:04:42.523711,1,2,2,16,72
2025-12-26 03:04:46.421866,1,1,2,15,75
2025-12-26 03:04:49.305055,1,1,1,15,75
2025-12-26 03:04:52.646985,1,1,1,14,72
2025-12-26 03:04:56.400532,1,1,1,14,66
2025-12-26 03:04:59.262084,1,1,1,14,66
2025-12-26 03:05:02.171657,1,1,1,14,66
2025-12-26 03:05:04.980948,1,2,1,14,66
2025-12-26 03:05:07.842564,1,1,1,14,66
2025-12-26 03:05:11.701125,1,1,1,15,66
2025-12-26 03:05:15.022802,1,2,1,15,66
2025-12-26 03:05:17.818578,1,1,1,17,66
2025-12-26 03:05:20.729632,1,1,1,16,66
2025-12-26 03:05:23.600478,1,1,1,15,66
2025-12-26 03:05:26.452195,1,1,1,15,66
2025-12-26 03:05:30.260561,1,1,1,17,66
2025-12-26 03:05:33.226435,1,1,1,20,66
2025-12-26 03:05:36.581540,1,2,1,21,66
2025-12-26 03:05:39.391620,1,2,1,22,66
2025-12-26 03:05:42.302731,1,1,1,22,66
2025-12-26 03:05:45.213895,1,2,1,23,66
2025-12-26 03:05:48.021275,1,1,1,23,66
2025-12-26 03:05:50.859928,1,2,3,21,66
2025-12-26 03:05:53.742002,1,1,3,20,66
2025-12-26 03:05:56.604993,1,1,3,19,68
2025-12-26 03:05:59.409951,1,2,4,18,71
2025-12-26 03:06:03.323751,1,2,1,17,74
2025-12-26 03:06:06.232466,1,1,1,17,77
2025-12-26 03:06:09.590472,1,1,3,17,78
2025-12-26 03:06:12.398628,1,1,1,17,76
2025-12-26 03:06:15.324943,1,2,1,17,73
2025-12-26 03:06:18.220587,1,2,3,17,70
2025-12-26 03:06:21.030016,1,1,1,17,67
2025-12-26 03:06:24.842091,1,1,1,17,67
2025-12-26 03:06:27.750855,1,2,2,18,67
2025-12-26 03:06:30.560117,1,2,3,20,68
2025-12-26 03:06:34.420831,1,1,2,21,71
2025-12-26 03:06:37.332401,1,2,1,21,74
2025-12-26 03:06:40.691564,1,2,1,22,77
2025-12-26 03:06:45.154466,1,1,2,23,82
2025-12-26 03:06:48.414344,1,1,1,24,84
2025-12-26 03:06:51.323753,1,1,1,25,87
2025-12-26 03:06:54.233282,1,2,1,25,90
2025-12-26 03:06:57.043381,1,1,1,25,93
2025-12-26 03:07:00.855070,1,2,1,21,96
2025-12-26 03:07:03.763463,1,1,1,22,99
2025-12-26 03:07:06.581600,1,1,1,22,102
2025-12-26 03:07:11.933175,1,1,2,19,102
2025-12-26 03:07:14.799740,1,2,1,18,96
2025-12-26 03:07:17.651573,1,1,1,17,90
2025-12-26 03:07:20.459875,1,1,1,16,84
2025-12-26 03:07:23.369628,1,1,3,15,79
2025-12-26 03:07:26.780841,1,2,1,15,76
2025-12-26 03:07:29.643311,1,2,3,14,72
2025-12-26 03:07:32.449520,1,1,1,14,69
2025-12-26 03:07:36.309844,1,2,1,14,66
2025-12-26 03:07:39.618427,1,1,1,14,63
2025-12-26 03:07:43.078668,1,2,1,14,62
2025-12-26 03:07:45.942057,1,2,1,14,62
2025-12-26 03:07:48.796106,1,1,1,14,62
2025-12-26 03:07:51.605023,1,1,1,14,62
2025-12-26 03:07:55.915820,1,1,1,15,62
2025-12-26 03:07:59.776401,1,1,1,14,62
2025-12-26 03:08:03.085002,1,1,1,14,62
2025-12-26 03:08:05.896898,1,1,1,14,62
2025-12-26 03:08:08.805371,1,1,3,14,62
2025-12-26 03:08:11.669314,1,1,2,14,62
2025-12-26 03:08:14.530337,1,1,3,14,62
2025-12-26 03:08:18.338548,1,2,1,14,62
2025-12-26 03:08:21.797538,1,1,1,14,62
2025-12-26 03:08:24.605571,1,2,1,14,62
2025-12-26 03:08:29.968756,1,1,1,14,62
2025-12-26 03:08:32.827933,1,1,1,14,62
2025-12-26 03:08:35.685982,1,2,1,14,62
2025-12-26 03:08:38.549449,1,2,2,14,62
2025-12-26 03:08:41.904564,1,1,1,14,62
2025-12-26 03:08:44.815232,1,1,2,15,62
2025-12-26 03:08:47.677016,1,2,3,16,62
2025-12-26 03:08:50.536034,1,1,1,16,65
2025-12-26 03:08:54.366464,1,1,2,17,66
2025-12-26 03:08:57.654185,1,1,2,16,66
2025-12-26 03:09:01.114189,1,1,2,15,66
2025-12-26 03:09:03.974781,1,1,2,15,66
2025-12-26 03:09:07.286042,1,1,2,15,66
2025-12-26 03:09:10.095207,1,1,2,15,66
2025-12-26 03:09:13.007183,1,2,5,15,66
2025-12-26 03:09:15.863932,1,2,2,15,66
2025-12-26 03:09:19.278756,1,2,1,15,66
2025-12-26 03:09:22.084381,1,2,3,15,66
2025-12-26 03:09:24.999256,1,1,1,15,66
2025-12-26 03:09:27.863012,1,1,1,15,66
2025-12-26 03:09:30.662283,1,2,1,15,66
2025-12-26 03:09:34.521763,1,1,3,15,67
2025-12-26 03:09:37.433617,1,1,1,15,69
2025-12-26 03:09:41.294231,1,1,1,15,69
2025-12-26 03:09:44.103813,1,1,2,15,69
2025-12-26 03:09:46.966798,1,2,2,15,69
2025-12-26 03:09:50.874955,1,2,2,15,69
2025-12-26 03:09:54.685905,1,1,1,15,69
2025-12-26 03:09:57.497912,1,1,1,15,69
2025-12-26 03:10:00.404271,1,2,2,15,69
2025-12-26 03:10:03.314033,1,2,2,15,69
2025-12-26 03:10:06.133658,1,1,1,15,69
2025-12-26 03:10:09.983038,1,2,3,15,69
2025-12-26 03:10:13.391569,1,1,1,14,69
2025-12-26 03:10:16.764417,1,2,2,14,69
2025-12-26 03:10:20.512651,1,2,2,16,69
2025-12-26 03:10:24.411702,1,2,1,15,69
2025-12-26 03:10:27.680371,1,1,3,15,69
2025-12-26 03:10:31.496371,1,1,1,14,69
2025-12-26 03:10:36.455644,1,1,1,14,69
2025-12-26 03:10:39.863067,1,2,2,13,69
2025-12-26 03:10:42.696342,1,2,2,12,69
2025-12-26 03:10:46.539582,1,2,5,12,69
2025-12-26 03:10:49.446625,1,2,24,12,69
2025-12-26 03:10:52.802960,1,2,7,12,71
2025-12-26 03:10:56.776434,1,2,1,12,74
2025-12-26 03:10:59.523658,1,1,4,12,74
2025-12-26 03:11:03.433780,1,2,1,16,74
2025-12-26 03:11:06.343585,1,2,10,17,74
2025-12-26 03:11:09.152404,1,2,1,17,75
2025-12-26 03:11:12.962145,1,2,4,19,78
2025-12-26 03:11:15.921942,1,1,1,19,77
2025-12-26 03:11:20.330512,1,1,1,20,76
2025-12-26 03:11:23.150081,1,2,1,20,76
2025-12-26 03:11:26.003260,1,2,8,20,76
2025-12-26 03:11:29.860881,1,1,1,20,76
2025-12-26 03:11:33.170716,1,1,1,20,76
2025-12-26 03:11:36.581676,1,1,1,20,76
2025-12-26 03:11:39.891172,1,2,5,20,76
2025-12-26 03:11:42.702299,1,1,1,21,76
2025-12-26 03:11:46.562089,1,1,8,18,76
2025-12-26 03:11:49.473870,1,1,7,17,78
2025-12-26 03:11:52.832027,1,2,1,15,81
2025-12-26 03:11:56.342157,1,1,1,16,82
2025-12-26 03:11:59.152584,1,2,1,18,82
2025-12-26 03:12:02.012757,1,2,12,19,84
2025-12-26 03:12:05.873191,1,2,4,20,85
2025-12-26 03:12:09.182878,1,2,3,20,85
2025-12-26 03:12:13.491242,1,2,8,18,85
2025-12-26 03:12:17.851487,1,2,6,18,88
2025-12-26 03:12:21.162743,1,2,4,17,88
2025-12-26 03:12:24.974086,1,2,1,17,82
2025-12-26 03:12:28.832212,1,2,1,16,78
2025-12-26 03:12:32.591468,1,2,1,16,71
2025-12-26 03:12:37.505662,1,2,6,16,68
2025-12-26 03:12:41.868477,1,2,8,16,67
2025-12-26 03:12:45.169468,1,2,12,16,67
2025-12-26 03:12:49.489820,1,1,11,16,67
2025-12-26 03:12:52.839200,1,1,1,17,67
2025-12-26 03:12:56.601462,1,1,1,19,73
2025-12-26 03:13:00.458247,1,2,5,20,76
2025-12-26 03:13:03.426194,1,2,1,18,79
2025-12-26 03:13:06.737789,1,2,13,16,82
2025-12-26 03:13:10.638326,1,2,8,15,82
2025-12-26 03:13:13.508472,1,1,4,14,82
2025-12-26 03:13:16.859061,1,1,5,15,82
2025-12-26 03:13:20.616743,1,2,18,15,83
2025-12-26 03:13:23.528249,1,2,14,15,86
2025-12-26 03:13:26.940014,1,2,1,15,88
2025-12-26 03:13:29.798900,1,2,8,15,88
2025-12-26 03:13:32.607945,1,1,1,15,86
2025-12-26 03:13:36.468772,1,1,2,15,84
2025-12-26 03:13:39.776536,1,1,1,15,84
2025-12-26 03:13:43.637768,1,2,4,15,84
2025-12-26 03:13:46.946075,1,1,1,15,80
2025-12-26 03:13:49.808324,1,2,6,15,75
2025-12-26 03:13:52.615974,1,2,1,15,75
2025-12-26 03:13:55.525042,1,2,7,15,72
2025-12-26 03:13:58.887069,1,1,8,15,69
2025-12-26 03:14:02.643137,1,1,1,15,66
2025-12-26 03:14:06.454538,1,2,1,15,66
2025-12-26 03:14:09.766068,1,2,10,15,64
2025-12-26 03:14:13.573871,1,2,2,16,63
2025-12-26 03:14:17.936756,1,2,1,17,62
2025-12-26 03:14:21.242038,1,1,1,18,62
2025-12-26 03:14:24.652360,1,2,1,16,62
2025-12-26 03:14:27.978665,1,2,11,14,62
2025-12-26 03:14:30.772321,1,2,3,13,62
2025-12-26 03:14:35.658817,1,2,2,13,62
2025-12-26 03:14:39.545625,1,2,7,12,62
2025-12-26 03:14:42.454127,1,2,2,12,62
2025-12-26 03:14:45.812372,1,2,2,12,62
2025-12-26 03:14:48.758810,1,2,2,12,62
2025-12-26 03:14:51.529246,1,2,10,12,62
2025-12-26 03:14:54.445649,1,1,2,12,62
2025-12-26 03:14:57.250411,1,2,1,12,62
2025-12-26 03:15:01.058856,1,2,3,13,62
2025-12-26 03:15:04.470232,1,1,6,13,62
2025-12-26 03:15:07.828723,1,1,1,13,62
2025-12-26 03:15:10.637766,1,2,5,13,62
2025-12-26 03:15:13.553599,1,1,1,13,62
2025-12-26 03:15:16.910623,1,2,1,13,62
2025-12-26 03:15:20.669615,1,2,4,13,62
2025-12-26 03:15:23.586569,1,1,5,13,63
2025-12-26 03:15:27.998376,1,1,1,14,66
2025-12-26 03:15:30.798896,1,1,2,14,69
2025-12-26 03:15:34.660000,1,2,9,13,72
2025-12-26 03:15:37.569141,1,1,6,13,69
2025-12-26 03:15:40.947139,1,2,1,12,66
2025-12-26 03:15:44.695407,1,2,1,12,72
2025-12-26 03:15:48.497539,1,2,8,12,75
2025-12-26 03:15:51.807967,1,2,4,12,78
2025-12-26 03:15:55.618581,1,2,5,12,78
2025-12-26 03:15:59.484033,1,1,6,12,81
2025-12-26 03:16:02.289561,1,2,1,12,82
2025-12-26 03:16:05.111134,1,2,7,12,80
2025-12-26 03:16:09.014365,1,2,1,12,77
2025-12-26 03:16:12.321718,1,1,1,12,73
2025-12-26 03:16:15.182010,1,2,5,12,70
2025-12-26 03:16:18.058946,1,2,8,13,67
2025-12-26 03:16:20.897440,1,1,1,13,66
2025-12-26 03:16:24.259737,1,2,5,13,66
2025-12-26 03:16:28.171028,1,2,4,13,66
2025-12-26 03:16:31.026320,1,1,1,13,66
2025-12-26 03:16:33.833684,1,2,5,13,68
2025-12-26 03:16:37.644871,1,1,4,12,68
2025-12-26 03:16:42.005018,1,2,1,12,67
2025-12-26 03:16:44.913012,1,2,2,12,64
2025-12-26 03:16:47.722666,1,1,1,12,62
2025-12-26 03:16:51.581720,1,2,1,15,62
2025-12-26 03:16:54.493199,1,2,1,14,62
2025-12-26 03:16:57.309206,1,1,5,14,62
2025-12-26 03:17:01.611711,1,1,1,13,65
2025-12-26 03:17:04.521675,1,2,1,13,68
2025-12-26 03:17:07.878660,1,2,8,12,74
2025-12-26 03:17:10.738010,1,2,3,12,74
2025-12-26 03:17:13.598702,1,1,1,13,77
2025-12-26 03:17:16.960052,1,2,5,13,79
2025-12-26 03:17:20.721764,1,2,6,13,70
2025-12-26 03:17:24.578803,1,1,1,15,68
2025-12-26 03:17:27.489190,1,2,2,18,68
2025-12-26 03:17:30.301505,1,2,2,18,68
2025-12-26 03:17:34.160846,1,1,6,16,69
2025-12-26 03:17:37.068745,1,2,5,14,72
2025-12-26 03:17:39.878634,1,1,1,14,74
2025-12-26 03:17:43.689335,1,2,2,14,74
2025-12-26 03:17:46.603555,1,2,9,14,74
2025-12-26 03:17:50.519554,1,1,6,14,74
2025-12-26 03:17:53.319174,1,1,2,14,74
2025-12-26 03:17:56.231384,1,2,8,14,74
2025-12-26 03:18:00.045943,1,2,5,14,74
2025-12-26 03:18:02.950702,1,1,2,14,74
2025-12-26 03:18:05.708371,1,2,4,14,74
2025-12-26 03:18:09.621150,1,2,3,14,74
2025-12-26 03:18:12.536597,1,1,5,14,74
2025-12-26 03:18:15.341190,1,2,1,14,74
2025-12-26 03:18:19.661283,1,2,7,14,74
2025-12-26 03:18:24.010063,1,2,1,14,78
2025-12-26 03:18:27.340596,1,2,6,14,78
2025-12-26 03:18:31.628059,1,2,2,14,78
2025-12-26 03:18:34.994917,1,2,10,14,74
2025-12-26 03:18:38.749788,1,1,1,14,68
2025-12-26 03:18:42.618858,1,2,1,14,67
2025-12-26 03:18:45.919610,1,2,1,14,67
2025-12-26 03:18:48.726158,1,2,5,14,67
2025-12-26 03:18:51.659699,1,1,5,14,70
2025-12-26 03:18:54.547213,1,2,1,14,73
2025-12-26 03:18:57.357831,1,2,4,14,75
2025-12-26 03:19:01.668125,1,1,4,14,75
2025-12-26 03:19:06.728586,1,2,4,14,74
2025-12-26 03:19:09.638961,1,1,6,14,71
2025-12-26 03:19:12.550706,1,1,4,14,69
2025-12-26 03:19:15.357442,1,2,1,14,72
2025-12-26 03:19:19.674754,1,2,8,14,75
2025-12-26 03:19:23.027379,1,2,2,14,77
2025-12-26 03:19:26.985073,1,1,6,14,73
2025-12-26 03:19:29.796085,1,2,1,14,72
2025-12-26 03:19:33.665822,1,2,1,14,72
2025-12-26 03:19:36.566529,1,2,2,14,72
2025-12-26 03:19:39.376991,1,2,1,14,72
2025-12-26 03:19:43.187023,1,1,1,14,72
2025-12-26 03:19:46.647676,1,2,2,14,72
2025-12-26 03:19:50.553305,1,2,7,14,72
2025-12-26 03:19:53.362293,1,2,2,14,72
2025-12-26 03:19:56.221868,1,1,1,14,72
2025-12-26 03:20:00.083878,1,2,4,14,72
2025-12-26 03:20:03.390609,1,2,5,14,72
2025-12-26 03:20:06.855802,1,2,3,14,73
2025-12-26 03:20:09.661444,1,1,1,14,74
2025-12-26 03:20:12.571701,1,2,4,14,72
2025-12-26 03:20:15.378943,1,1,6,14,72
2025-12-26 03:20:19.690651,1,2,1,14,72
2025-12-26 03:20:23.049656,1,2,2,14,72
2025-12-26 03:20:26.814701,1,2,9,14,72
2025-12-26 03:20:30.619526,1,1,6,14,72
2025-12-26 03:20:33.929079,1,1,1,13,73
2025-12-26 03:20:38.240694,1,2,1,12,79
2025-12-26 03:20:42.097367,1,2,6,12,82
2025-12-26 03:20:45.408737,1,2,6,12,85
2025-12-26 03:20:49.216624,1,2,4,12,86
2025-12-26 03:20:52.126088,1,2,3,12,82
2025-12-26 03:20:54.935357,1,1,1,12,77
2025-12-26 03:21:00.247428,1,2,1,12,71
2025-12-26 03:21:03.155198,1,2,5,12,69
2025-12-26 03:21:06.028143,1,1,1,13,69
2025-12-26 03:21:08.825627,1,2,5,12,69
2025-12-26 03:21:11.694330,1,1,6,12,69
2025-12-26 03:21:14.604635,1,2,2,12,69
2025-12-26 03:21:17.405090,1,2,6,12,69
2025-12-26 03:21:20.274005,1,1,1,12,69
2025-12-26 03:21:24.129874,1,1,1,12,69
2025-12-26 03:21:27.485780,1,2,1,13,69
2025-12-26 03:21:30.294216,1,2,5,13,69
2025-12-26 03:21:33.154786,1,1,1,13,69
2025-12-26 03:21:36.015753,1,2,3,13,69
2025-12-26 03:21:38.824160,1,2,8,13,69
2025-12-26 03:21:42.685470,1,2,2,13,69
2025-12-26 03:21:45.994813,1,1,1,13,69
2025-12-26 03:21:48.858610,1,2,7,13,69
2025-12-26 03:21:51.713665,1,1,1,13,69
2025-12-26 03:21:54.625408,1,2,1,13,69
2025-12-26 03:21:57.434619,1,1,5,13,71
2025-12-26 03:22:01.242954,1,1,1,13,74
2025-12-26 03:22:04.652278,1,1,1,13,77
2025-12-26 03:22:08.010898,1,2,2,13,83
2025-12-26 03:22:10.818731,1,1,3,12,83
2025-12-26 03:22:13.729942,1,2,1,12,86
2025-12-26 03:22:17.089955,1,2,7,12,86
2025-12-26 03:22:20.849370,1,2,8,12,79
2025-12-26 03:22:24.709783,1,1,1,12,76
2025-12-26 03:22:27.626860,1,1,1,12,74
2025-12-26 03:22:30.938186,1,2,8,12,74
2025-12-26 03:22:33.739285,1,2,4,12,74
2025-12-26 03:22:36.649423,1,1,1,12,75
2025-12-26 03:22:39.460533,1,2,11,12,75
2025-12-26 03:22:42.818991,1,2,4,12,75
2025-12-26 03:22:45.729502,1,1,1,12,72
2025-12-26 03:22:48.640378,1,2,1,12,69
2025-12-26 03:22:51.461012,1,2,7,12,69
2025-12-26 03:22:55.259635,1,1,5,13,69
2025-12-26 03:22:59.118991,1,1,1,13,69
2025-12-26 03:23:02.878703,1,1,1,13,69
2025-12-26 03:23:06.687929,1,2,3,13,69
2025-12-26 03:23:09.997722,1,2,4,13,69
2025-12-26 03:23:13.810115,1,2,4,13,69
2025-12-26 03:23:17.671363,1,1,5,13,69
2025-12-26 03:23:20.480852,1,1,1,13,69
2025-12-26 03:23:23.341431,1,2,10,13,69
2025-12-26 03:23:27.205084,1,2,5,13,69
2025-12-26 03:23:30.060427,1,2,6,13,69
2025-12-26 03:23:32.920263,1,2,1,12,69
2025-12-26 03:23:36.729426,1,2,4,12,69
2025-12-26 03:23:40.050650,1,2,4,13,69
2025-12-26 03:23:42.850401,1,1,7,13,69
2025-12-26 03:23:45.758699,1,2,1,13,71
2025-12-26 03:23:48.669361,1,2,8,13,71
2025-12-26 03:23:51.477322,1,1,6,13,71
2025-12-26 03:23:55.288758,1,1,1,13,71
2025-12-26 03:23:59.151313,1,2,1,13,68
2025-12-26 03:24:02.905893,1,2,5,13,66
2025-12-26 03:24:06.718655,1,1,9,13,66
2025-12-26 03:24:10.024880,1,2,4,13,68
2025-12-26 03:24:13.837239,1,1,4,13,69
2025-12-26 03:24:18.193770,1,1,1,13,69
2025-12-26 03:24:21.503336,1,1,1,13,69
2025-12-26 03:24:24.913434,1,2,4,13,69
2025-12-26 03:24:28.224542,1,2,5,12,69
2025-12-26 03:24:32.149356,1,1,1,12,69
2025-12-26 03:24:34.945588,1,2,5,12,69
2025-12-26 03:24:37.805713,1,1,5,12,69
2025-12-26 03:24:41.167436,1,1,1,12,69
2025-12-26 03:24:45.146720,1,2,1,12,69
2025-12-26 03:24:47.891120,1,2,9,12,69
2025-12-26 03:24:51.800232,1,1,6,12,69
2025-12-26 03:24:54.705873,1,1,1,12,69
2025-12-26 03:24:57.512284,1,2,2,12,69
2025-12-26 03:25:01.823342,1,2,7,12,69
2025-12-26 03:25:05.694765,1,2,11,12,71
2025-12-26 03:25:08.493804,1,1,7,12,71
2025-12-26 03:25:11.359564,1,2,2,12,71
2025-12-26 03:25:15.265102,1,2,4,12,72
2025-12-26 03:25:18.122914,1,2,7,12,72
2025-12-26 03:25:20.986771,1,2,1,12,72
2025-12-26 03:25:23.843362,1,2,1,12,72
2025-12-26 03:25:28.256280,1,2,2,12,72
2025-12-26 03:25:32.713182,1,2,3,12,72
2025-12-26 03:25:35.530012,1,2,5,13,72
2025-12-26 03:25:38.381097,1,1,1,13,72
2025-12-26 03:25:42.240093,1,2,3,13,72
2025-12-26 03:25:45.552828,1,2,8,13,72
2025-12-26 03:25:48.360712,1,2,8,13,72
2025-12-26 03:25:51.277348,1,1,1,13,72
2025-12-26 03:25:54.131442,1,2,5,13,75
2025-12-26 03:25:56.940837,1,1,6,13,77
2025-12-26 03:26:00.800725,1,2,1,13,77
2025-12-26 03:26:04.259645,1,1,1,13,75
2025-12-26 03:26:07.077363,1,2,4,13,72
2025-12-26 03:26:10.932735,1,2,6,13,69
2025-12-26 03:26:13.841705,1,1,5,13,69
2025-12-26 03:26:17.204371,1,2,1,13,67
2025-12-26 03:26:20.959804,1,2,1,13,67
2025-12-26 03:26:23.818863,1,2,6,13,67
2025-12-26 03:26:26.727677,1,1,1,13,67
2025-12-26 03:26:30.659321,1,2,1,13,67
2025-12-26 03:26:33.950711,1,2,4,13,67
2025-12-26 03:26:36.869029,1,2,7,13,67
2025-12-26 03:26:39.795632,1,1,4,13,67
2025-12-26 03:26:43.081594,1,2,1,13,67
2025-12-26 03:26:48.391155,1,1,1,13,67
2025-12-26 03:26:51.303862,1,1,1,13,68
2025-12-26 03:26:54.162108,1,2,7,13,71
2025-12-26 03:26:56.973960,1,1,6,13,74
2025-12-26 03:27:00.383326,1,2,1,13,77
2025-12-26 03:27:03.293042,1,2,1,13,77
2025-12-26 03:27:06.154803,1,2,2,13,77
2025-12-26 03:27:08.960747,1,1,1,13,77
2025-12-26 03:27:12.844418,1,2,1,13,77
2025-12-26 03:27:16.129444,1,2,2,13,77
2025-12-26 03:27:20.092236,1,2,6,13,77
2025-12-26 03:27:23.552854,1,2,5,13,77
2025-12-26 03:27:26.411668,1,1,1,13,77
2025-12-26 03:27:30.270615,1,1,1,13,77
2025-12-26 03:27:33.582709,1,1,1,13,77
2025-12-26 03:27:37.392776,1,2,4,13,76
2025-12-26 03:27:40.799921,1,2,6,13,73
2025-12-26 03:27:44.159344,1,1,5,13,71
2025-12-26 03:27:46.968824,1,2,1,13,71
2025-12-26 03:27:49.879472,1,2,9,13,71
2025-12-26 03:27:53.243252,1,1,4,13,71
2025-12-26 03:27:57.001111,1,1,1,13,71
2025-12-26 03:28:00.819613,1,2,1,13,72
2025-12-26 03:28:04.131138,1,2,1,13,75
2025-12-26 03:28:07.930222,1,2,1,13,77
2025-12-26 03:28:12.307316,1,2,3,13,77
2025-12-26 03:28:15.600670,1,2,4,13,77
2025-12-26 03:28:19.913699,1,1,4,13,79
2025-12-26 03:28:23.371459,1,1,1,13,79
2025-12-26 03:28:26.779816,1,1,1,13,79
2025-12-26 03:28:30.192592,1,2,6,13,79
2025-12-26 03:28:32.999958,1,1,6,13,79
2025-12-26 03:28:36.863379,1,2,1,13,79
2025-12-26 03:28:40.168781,1,2,2,13,79
2025-12-26 03:28:42.979375,1,2,4,13,79
2025-12-26 03:28:45.892129,1,1,1,13,79
2025-12-26 03:28:48.799316,1,2,1,13,79
2025-12-26 03:28:51.610183,1,2,4,13,79
2025-12-26 03:28:55.418895,1,1,6,12,79
2025-12-26 03:28:59.279669,1,1,4,12,79
2025-12-26 03:29:02.805122,1,1,2,12,79
2025-12-26 03:29:05.601327,1,2,1,12,79
2025-12-26 03:29:08.509707,1,2,8,12,79
2025-12-26 03:29:12.317623,1,1,1,12,79
2025-12-26 03:29:15.632524,1,1,1,13,79
2025-12-26 03:29:19.937384,1,2,1,13,79
2025-12-26 03:29:23.798551,1,1,1,13,79
2025-12-26 03:29:26.607184,1,2,7,13,79
2025-12-26 03:29:29.467384,1,1,1,13,79
2025-12-26 03:29:33.382008,1,1,2,13,81
2025-12-26 03:29:36.239011,1,2,4,13,84
2025-12-26 03:29:39.048054,1,1,6,13,87
2025-12-26 03:29:41.906526,1,1,1,13,88
2025-12-26 03:29:44.816079,1,2,1,13,88
2025-12-26 03:29:47.632686,1,2,8,13,88
2025-12-26 03:29:50.536592,1,2,3,13,88
2025-12-26 03:29:54.343628,1,1,1,13,88
2025-12-26 03:29:57.653958,1,1,1,13,88
2025-12-26 03:30:00.512926,1,2,5,13,85
2025-12-26 03:30:03.374219,1,2,8,13,86
2025-12-26 03:30:06.232041,1,1,1,13,88
2025-12-26 03:30:09.042428,1,2,1,13,88
2025-12-26 03:30:12.903664,1,2,5,13,88
2025-12-26 03:30:16.213196,1,1,5,13,88
2025-12-26 03:30:19.075577,1,1,2,13,87
2025-12-26 03:30:21.931674,1,2,1,13,84
2025-12-26 03:30:24.842780,1,1,5,13,81
2025-12-26 03:30:27.653980,1,2,1,13,81
2025-12-26 03:30:31.964118,1,2,1,13,81
2025-12-26 03:30:35.319986,1,2,7,13,81
2025-12-26 03:30:38.634405,1,2,6,13,81
2025-12-26 03:30:41.487819,1,1,1,13,81
2025-12-26 03:30:45.398598,1,1,1,13,81
2025-12-26 03:30:48.259629,1,2,7,13,81
2025-12-26 03:30:51.066616,1,1,8,13,81
2025-12-26 03:30:54.926701,1,2,1,13,81
2025-12-26 03:30:57.888422,1,2,2,13,81
2025-12-26 03:31:01.197394,1,1,3,13,81
2025-12-26 03:31:06.509442,1,2,5,13,81
2025-12-26 03:31:09.416740,1,2,7,13,81
2025-12-26 03:31:12.278882,1,1,2,13,81
2025-12-26 03:31:15.086695,1,2,5,13,81
2025-12-26 03:31:17.994967,1,2,2,13,81
2025-12-26 03:31:21.406971,1,1,1,13,81
2025-12-26 03:31:24.273762,1,2,1,13,81
2025-12-26 03:31:27.125375,1,2,7,13,81
2025-12-26 03:31:30.937878,1,1,6,13,81
2025-12-26 03:31:34.245288,1,1,3,13,81
2025-12-26 03:31:37.058758,1,2,2,13,81
2025-12-26 03:31:39.963580,1,2,10,13,81
2025-12-26 03:31:42.880699,1,1,7,13,81
2025-12-26 03:31:45.685856,1,1,1,13,81
2025-12-26 03:31:49.494326,1,2,8,13,81
2025-12-26 03:31:53.353366,1,2,5,13,81
2025-12-26 03:31:56.867743,1,1,4,13,81
2025-12-26 03:31:59.674473,1,1,1,13,81
2025-12-26 03:32:02.537490,1,2,7,13,79
2025-12-26 03:32:06.400253,1,1,1,13,76
2025-12-26 03:32:09.702726,1,1,1,13,76
2025-12-26 03:32:14.021659,1,1,1,13,76
2025-12-26 03:32:17.420702,1,1,1,13,76
2025-12-26 03:32:20.279593,1,2,8,13,76
2025-12-26 03:32:23.141874,1,1,3,13,76
2025-12-26 03:32:26.000869,1,2,1,12,76
2025-12-26 03:32:29.362779,1,2,6,12,76
2025-12-26 03:32:33.121372,1,2,1,12,78
2025-12-26 03:32:36.030239,1,2,8,12,81
2025-12-26 03:32:39.942576,1,1,4,13,83
2025-12-26 03:32:43.254840,1,1,1,13,83
2025-12-26 03:32:47.109465,1,2,1,13,81
2025-12-26 03:32:50.019481,1,2,6,13,84
2025-12-26 03:32:53.388586,1,1,3,13,85
2025-12-26 03:32:56.892064,1,1,2,13,84
2025-12-26 03:32:59.700757,1,2,1,13,81
2025-12-26 03:33:02.559536,1,2,6,13,81
2025-12-26 03:33:06.419062,1,1,1,13,81
2025-12-26 03:33:09.730130,1,1,1,13,81
2025-12-26 03:33:14.038835,1,1,1,13,81
2025-12-26 03:33:17.901186,1,1,1,13,81
2025-12-26 03:33:20.711451,1,2,6,13,81
2025-12-26 03:33:23.571037,1,1,2,13,81
2025-12-26 03:33:27.480785,1,1,1,13,81
2025-12-26 03:33:30.345203,1,2,1,13,81
2025-12-26 03:33:34.152238,1,2,3,13,81
2025-12-26 03:33:37.015283,1,1,3,13,81
2025-12-26 03:33:39.923641,1,1,1,13,81
2025-12-26 03:33:42.739901,1,2,2,13,81
2025-12-26 03:33:46.596795,1,2,7,13,81
2025-12-26 03:33:49.505798,1,1,1,13,81
2025-12-26 03:33:54.465029,1,1,2,13,81
2025-12-26 03:33:57.322359,1,2,1,13,81
2025-12-26 03:34:00.131111,1,2,1,13,80
2025-12-26 03:34:04.041381,1,2,2,13,80
2025-12-26 03:34:06.950777,1,1,3,13,77
2025-12-26 03:34:09.760131,1,1,1,13,77
2025-12-26 03:34:13.570330,1,2,1,13,74
2025-12-26 03:34:16.477929,1,2,8,13,71
2025-12-26 03:34:19.294831,1,1,1,13,71
2025-12-26 03:34:24.600062,1,2,1,13,71
2025-12-26 03:34:27.509880,1,1,1,13,71
2025-12-26 03:34:30.370273,1,2,4,13,72
2025-12-26 03:34:34.184642,1,1,1,13,75
2025-12-26 03:34:37.038542,1,2,2,13,78
2025-12-26 03:34:39.949342,1,2,6,13,81
2025-12-26 03:34:42.759820,1,1,1,13,81
2025-12-26 03:34:46.673471,1,1,1,12,78
2025-12-26 03:34:49.574490,1,2,8,12,78
2025-12-26 03:34:54.090348,1,2,4,12,82
2025-12-26 03:34:57.503067,1,2,5,12,82
2025-12-26 03:35:00.359281,1,1,2,12,82
2025-12-26 03:35:03.217693,1,2,1,12,82
2025-12-26 03:35:07.027691,1,1,1,12,82
2025-12-26 03:35:10.337694,1,1,5,12,82
2025-12-26 03:35:14.197233,1,1,1,12,82
2025-12-26 03:35:17.059232,1,2,1,12,82
2025-12-26 03:35:20.965739,1,2,4,12,82
2025-12-26 03:35:24.274800,1,1,3,12,82
2025-12-26 03:35:27.686324,1,1,1,12,84
2025-12-26 03:35:30.544743,1,2,1,12,87
2025-12-26 03:35:35.557502,1,2,6,12,81
2025-12-26 03:35:38.976313,1,2,4,12,77
2025-12-26 03:35:41.778235,1,1,5,12,74
2025-12-26 03:35:44.686193,1,2,1,12,72
2025-12-26 03:35:48.503415,1,2,3,12,72
2025-12-26 03:35:51.827003,1,2,4,12,72
2025-12-26 03:35:55.216887,1,1,1,12,74
2025-12-26 03:35:58.527939,1,2,1,12,74
2025-12-26 03:36:01.337179,1,2,4,12,71
2025-12-26 03:36:06.647383,1,2,7,12,69
2025-12-26 03:36:09.564614,1,2,5,12,72
2025-12-26 03:36:12.423026,1,1,1,12,74
2025-12-26 03:36:15.225013,1,2,4,12,74
2025-12-26 03:36:19.036116,1,1,5,12,74
2025-12-26 03:36:22.345270,1,1,4,12,74
2025-12-26 03:36:26.157411,1,1,6,12,74
2025-12-26 03:36:30.515588,1,2,1,12,74
2025-12-26 03:36:33.824226,1,1,1,12,74
2025-12-26 03:36:36.636223,1,2,6,12,74
2025-12-26 03:36:39.544675,1,1,5,12,74
2025-12-26 03:36:42.408540,1,1,2,13,74
2025-12-26 03:36:45.301587,1,2,7,13,74
2025-12-26 03:36:49.073531,1,1,5,13,74
2025-12-26 03:36:52.385140,1,1,1,13,74
2025-12-26 03:36:55.194017,1,2,2,13,74
2025-12-26 03:36:58.103290,1,2,9,13,74
2025-12-26 03:37:01.014315,1,1,4,13,74
2025-12-26 03:37:03.822676,1,2,1,13,74
2025-12-26 03:37:07.631908,1,2,5,13,74
2025-12-26 03:37:11.492436,1,2,7,13,76
2025-12-26 03:37:15.249134,1,2,8,13,77
2025-12-26 03:37:19.061490,1,1,5,13,77
2025-12-26 03:37:22.369333,1,1,2,13,77
2025-12-26 03:37:26.184263,1,2,4,13,77
2025-12-26 03:37:30.042670,1,1,1,13,77
2025-12-26 03:37:32.854450,1,2,6,13,77
2025-12-26 03:37:35.663467,1,2,4,13,77
2025-12-26 03:37:39.571473,1,2,1,13,78
2025-12-26 03:37:42.431544,1,2,3,13,81
2025-12-26 03:37:45.241571,1,1,8,13,79
2025-12-26 03:37:49.101289,1,1,1,13,76
2025-12-26 03:37:52.409448,1,1,1,13,73
2025-12-26 03:37:55.271208,1,2,6,13,71
2025-12-26 03:37:58.139700,1,2,8,13,72
2025-12-26 03:38:01.039458,1,2,4,13,73
2025-12-26 03:38:03.847957,1,2,2,13,73
2025-12-26 03:38:07.661678,1,2,6,13,72
2025-12-26 03:38:11.526443,1,2,6,13,72
2025-12-26 03:38:15.480706,1,1,5,13,72
2025-12-26 03:38:18.291981,1,1,1,13,72
2025-12-26 03:38:22.156258,1,2,1,13,72
2025-12-26 03:38:25.057153,1,2,6,13,72
2025-12-26 03:38:27.868604,1,1,6,13,72
2025-12-26 03:38:32.174897,1,2,1,13,72
2025-12-26 03:38:36.136506,1,2,2,13,71
2025-12-26 03:38:39.053806,1,2,1,13,71
2025-12-26 03:38:41.854454,1,1,4,13,71
2025-12-26 03:38:44.778912,1,1,1,13,71
2025-12-26 03:38:48.572122,1,2,5,13,71
2025-12-26 03:38:51.898369,1,2,8,13,72
2025-12-26 03:38:55.246439,1,2,5,13,71
2025-12-26 03:38:58.153349,1,1,4,13,72
2025-12-26 03:39:01.063636,1,2,1,13,72
2025-12-26 03:39:03.874927,1,2,6,13,75
2025-12-26 03:39:08.180999,1,1,4,13,76
2025-12-26 03:39:11.543974,1,1,4,13,76
2025-12-26 03:39:15.502590,1,1,6,13,76
2025-12-26 03:39:18.263493,1,2,1,13,76
2025-12-26 03:39:22.178654,1,2,1,13,76
2025-12-26 03:39:25.094430,1,2,5,13,76
2025-12-26 03:39:27.891536,1,1,5,13,76
2025-12-26 03:39:31.706323,1,1,1,13,76
2025-12-26 03:39:35.112710,1,1,1,13,76
2025-12-26 03:39:38.473857,1,2,5,13,76
2025-12-26 03:39:41.291694,1,1,4,13,76
2025-12-26 03:39:44.191434,1,1,1,13,76
2025-12-26 03:39:47.550982,1,2,1,13,76
2025-12-26 03:39:51.310558,1,2,2,13,75
2025-12-26 03:39:54.718443,1,2,7,13,72
2025-12-26 03:39:57.630508,1,2,5,13,71
2025-12-26 03:40:00.491461,1,1,1,13,70
2025-12-26 03:40:03.354018,1,2,2,13,70
2025-12-26 03:40:07.157995,1,1,4,13,70
2025-12-26 03:40:10.467309,1,2,6,13,70
2025-12-26 03:40:14.430667,1,1,1,13,70
2025-12-26 03:40:18.739889,1,1,1,13,70
2025-12-26 03:40:21.649639,1,2,2,13,70
2025-12-26 03:40:24.511018,1,2,5,13,70
2025-12-26 03:40:27.372765,1,1,1,13,70
2025-12-26 03:40:31.179661,1,2,2,13,70
2025-12-26 03:40:34.090871,1,2,1,13,70
2025-12-26 03:40:36.906773,1,1,5,13,70
2025-12-26 03:40:40.765862,1,1,1,13,72
2025-12-26 03:40:43.669478,1,1,2,13,75
2025-12-26 03:40:46.480751,1,2,4,13,75
2025-12-26 03:40:50.288388,1,1,6,13,75
2025-12-26 03:40:53.199897,1,2,1,13,75
2025-12-26 03:40:57.110831,1,2,5,13,75
2025-12-26 03:40:59.918134,1,2,4,13,75
2025-12-26 03:41:02.829079,1,1,1,13,75
2025-12-26 03:41:06.647210,1,2,8,13,75
2025-12-26 03:41:09.948739,1,2,4,12,75
2025-12-26 03:41:12.757274,1,1,2,12,75
2025-12-26 03:41:15.673098,1,1,1,12,75
2025-12-26 03:41:18.530913,1,2,4,12,75
2025-12-26 03:41:21.337289,1,1,4,12,75
2025-12-26 03:41:25.197859,1,2,1,12,77
2025-12-26 03:41:28.504814,1,1,1,12,80
2025-12-26 03:41:31.372901,1,2,2,13,82
2025-12-26 03:41:34.224581,1,2,6,13,82
2025-12-26 03:41:37.135479,1,1,1,13,82
2025-12-26 03:41:39.943377,1,2,1,13,82
2025-12-26 03:41:44.253792,1,2,5,13,82
2025-12-26 03:41:47.614729,1,1,4,13,82
2025-12-26 03:41:52.274160,1,1,5,13,82
2025-12-26 03:41:55.687038,1,2,5,13,82
2025-12-26 03:41:58.493666,1,1,1,13,82
2025-12-26 03:42:02.851683,1,2,1,13,82
2025-12-26 03:42:06.661989,1,2,3,13,82
2025-12-26 03:42:09.971801,1,2,8,13,82
2025-12-26 03:42:13.331628,1,2,4,13,82
2025-12-26 03:42:16.240401,1,1,1,13,84
2025-12-26 03:42:19.152475,1,2,3,13,84
2025-12-26 03:42:21.960867,1,2,6,13,84
2025-12-26 03:42:25.771427,1,1,3,13,84
2025-12-26 03:42:29.626879,1,2,1,13,84
2025-12-26 03:42:34.089687,1,2,1,13,84
2025-12-26 03:42:37.409556,1,2,1,13,84
2025-12-26 03:42:40.257325,1,2,3,13,84
2025-12-26 03:42:43.166513,1,2,5,13,84
2025-12-26 03:42:45.995622,1,1,1,13,84
2025-12-26 03:42:49.784460,1,2,2,13,84
2025-12-26 03:42:53.644211,1,2,8,13,84
2025-12-26 03:42:57.654630,1,2,4,13,86
2025-12-26 03:43:00.963375,1,2,4,13,88
2025-12-26 03:43:04.884946,1,2,3,13,88
2025-12-26 03:43:07.734103,1,1,1,13,88
2025-12-26 03:43:10.540867,1,2,5,13,88
2025-12-26 03:43:14.353676,1,2,5,13,88
2025-12-26 03:43:17.271789,1,1,6,13,88
2025-12-26 03:43:21.184682,1,2,1,13,88
2025-12-26 03:43:23.984431,1,2,3,13,88
2025-12-26 03:43:26.842586,1,2,6,13,88
2025-12-26 03:43:30.702654,1,1,1,13,88
2025-12-26 03:43:35.017910,1,1,1,13,88
2025-12-26 03:43:37.824631,1,2,3,13,88
2025-12-26 03:43:40.733780,1,2,5,13,88
2025-12-26 03:43:43.543261,1,1,1,13,88
2025-12-26 03:43:48.356664,1,2,1,13,88
2025-12-26 03:43:52.217360,1,2,3,13,88
2025-12-26 03:43:55.526156,1,2,4,13,88
2025-12-26 03:44:00.339159,1,2,6,13,82
2025-12-26 03:44:04.200020,1,2,5,12,77
2025-12-26 03:44:07.010475,1,1,1,12,74
2025-12-26 03:44:10.928174,1,2,2,12,71
2025-12-26 03:44:13.785412,1,2,9,12,69
2025-12-26 03:44:17.186865,1,1,3,12,69
2025-12-26 03:44:19.997282,1,1,1,12,69
2025-12-26 03:44:22.914276,1,2,9,12,69
2025-12-26 03:44:25.768258,1,2,4,12,69
2025-12-26 03:44:28.576642,1,1,1,12,69
2025-12-26 03:44:32.937488,1,2,2,12,69
2025-12-26 03:44:37.247543,1,2,2,12,69
2025-12-26 03:44:40.555399,1,2,3,13,69
2025-12-26 03:44:44.367256,1,2,5,13,69
2025-12-26 03:44:48.253695,1,1,3,13,69
2025-12-26 03:44:51.039657,1,1,1,13,69
2025-12-26 03:44:54.449605,1,2,5,13,69
2025-12-26 03:44:57.758203,1,2,5,13,69
2025-12-26 03:45:00.619298,1,1,1,13,69
2025-12-26 03:45:03.478851,1,2,5,13,69
2025-12-26 03:45:07.294104,1,2,9,13,69
2025-12-26 03:45:10.597325,1,1,7,14,69
2025-12-26 03:45:14.462356,1,1,5,14,69
2025-12-26 03:45:17.316420,1,2,1,14,69
2025-12-26 03:45:21.230707,1,2,3,13,72
2025-12-26 03:45:24.037783,1,2,7,13,75
2025-12-26 03:45:26.953313,1,1,1,12,72
2025-12-26 03:45:30.756633,1,2,4,12,69
2025-12-26 03:45:33.666715,1,2,9,12,69
2025-12-26 03:45:36.426597,1,1,3,12,69
2025-12-26 03:45:40.335644,1,2,1,13,69
2025-12-26 03:45:43.247718,1,2,1,13,69
2025-12-26 03:45:46.056270,1,1,5,13,69
2025-12-26 03:45:49.863818,1,2,1,13,69
2025-12-26 03:45:53.724658,1,1,1,12,69
2025-12-26 03:45:57.233083,1,2,1,12,69
2025-12-26 03:46:00.040079,1,2,6,12,69
2025-12-26 03:46:02.951440,1,1,1,12,69
2025-12-26 03:46:06.763020,1,2,3,12,69
2025-12-26 03:46:10.071446,1,2,6,12,69
2025-12-26 03:46:14.380432,1,2,5,12,70
2025-12-26 03:46:17.791146,1,2,6,12,76
2025-12-26 03:46:20.653849,1,1,1,12,79
2025-12-26 03:46:23.508737,1,2,5,12,79
2025-12-26 03:46:26.368618,1,1,4,12,82
2025-12-26 03:46:29.727882,1,2,1,12,85
2025-12-26 03:46:33.540251,1,2,1,12,89
2025-12-26 03:46:36.347491,1,2,4,13,89
2025-12-26 03:46:39.257948,1,1,5,13,89
2025-12-26 03:46:42.072265,1,2,1,13,89
2025-12-26 03:46:44.937132,1,2,5,13,83
2025-12-26 03:46:48.796762,1,1,1,13,78
2025-12-26 03:46:52.098667,1,1,4,13,75
2025-12-26 03:46:54.962524,1,2,2,13,72
2025-12-26 03:46:57.817339,1,2,9,13,69
2025-12-26 03:47:00.677753,1,2,4,13,69
2025-12-26 03:47:03.536942,1,2,2,13,69
2025-12-26 03:47:07.346429,1,2,6,13,69
2025-12-26 03:47:10.655445,1,1,7,13,69
2025-12-26 03:47:13.614979,1,1,1,13,67
2025-12-26 03:47:17.473835,1,2,4,13,67
2025-12-26 03:47:20.385525,1,2,1,13,67
2025-12-26 03:47:23.747109,1,2,10,13,67
2025-12-26 03:47:27.506336,1,1,8,13,64
2025-12-26 03:47:31.364683,1,2,1,13,64
2025-12-26 03:47:34.273546,1,2,1,13,64
2025-12-26 03:47:37.090685,1,2,2,13,64
2025-12-26 03:47:40.996435,1,2,4,13,64
2025-12-26 03:47:43.854999,1,2,4,13,64
2025-12-26 03:47:46.663397,1,1,1,13,64
2025-12-26 03:47:50.975147,1,2,3,13,64
2025-12-26 03:47:53.834184,1,2,3,13,64
2025-12-26 03:47:56.702311,1,1,1,13,64
2025-12-26 03:47:59.550515,1,2,2,13,64
2025-12-26 03:48:02.412176,1,2,10,13,65
2025-12-26 03:48:05.776735,1,1,5,13,68
2025-12-26 03:48:09.541883,1,1,5,13,68
2025-12-26 03:48:13.341136,1,2,1,13,68
2025-12-26 03:48:16.652011,1,2,3,13,68
2025-12-26 03:48:21.011722,1,2,4,13,69
2025-12-26 03:48:26.249718,1,2,5,13,71
2025-12-26 03:48:28.132030,1,2,4,13,71
2025-12-26 03:48:31.938846,1,2,5,13,71
2025-12-26 03:48:34.849595,1,2,2,13,73
2025-12-26 03:48:37.660117,1,2,5,13,76
2025-12-26 03:48:41.526667,1,2,6,13,75
2025-12-26 03:48:44.432153,1,1,5,13,72
2025-12-26 03:48:47.789180,1,2,1,13,69
2025-12-26 03:48:51.551020,1,2,10,13,69
2025-12-26 03:48:54.406564,1,2,6,13,69
2025-12-26 03:48:57.318606,1,1,1,13,69
2025-12-26 03:49:00.130686,1,2,5,13,69
2025-12-26 03:49:02.989169,1,2,3,13,69
2025-12-26 03:49:06.847361,1,2,1,13,69
2025-12-26 03:49:10.157001,1,2,3,13,69
2025-12-26 03:49:13.017312,1,2,8,13,69
2025-12-26 03:49:15.877606,1,1,3,13,69
2025-12-26 03:49:18.736802,1,2,2,13,69
2025-12-26 03:49:21.555191,1,2,8,13,69
2025-12-26 03:49:25.412016,1,1,1,13,69
2025-12-26 03:49:28.719601,1,2,1,13,69
2025-12-26 03:49:31.573996,1,2,4,12,69
2025-12-26 03:49:34.488257,1,1,2,12,67
2025-12-26 03:49:37.345513,1,1,1,12,67
2025-12-26 03:49:40.157254,1,2,12,12,67
2025-12-26 03:49:43.963076,1,1,2,12,67
2025-12-26 03:49:47.822912,1,1,5,12,67
2025-12-26 03:49:53.334725,1,2,1,12,66
2025-12-26 03:49:56.143521,1,1,5,12,69
2025-12-26 03:49:59.004224,1,1,2,12,69
2025-12-26 03:50:01.917179,1,2,6,12,69
2025-12-26 03:50:04.722645,1,1,1,12,69
2025-12-26 03:50:09.085106,1,2,3,12,69
2025-12-26 03:50:13.399150,1,2,3,12,67
2025-12-26 03:50:17.260380,1,2,6,12,66
2025-12-26 03:50:20.015345,1,1,1,12,66
2025-12-26 03:50:22.923004,1,2,2,12,67
2025-12-26 03:50:25.732334,1,2,13,12,70
2025-12-26 03:50:30.545989,1,2,4,12,70
2025-12-26 03:50:34.454482,1,1,4,12,70
2025-12-26 03:50:37.365051,1,2,4,12,70
2025-12-26 03:50:40.173022,1,2,1,12,70
2025-12-26 03:50:44.484063,1,2,3,12,70
2025-12-26 03:50:47.841268,1,2,2,12,71
2025-12-26 03:50:51.600262,1,2,5,12,70
2025-12-26 03:50:54.460895,1,1,5,12,69
2025-12-26 03:50:57.373776,1,2,1,13,67
2025-12-26 03:51:00.182091,1,2,8,13,64
2025-12-26 03:51:03.043941,1,1,2,13,62
2025-12-26 03:51:06.899726,1,2,2,13,62
2025-12-26 03:51:10.715397,1,2,2,13,62
2025-12-26 03:51:14.171920,1,2,1,13,62
2025-12-26 03:51:17.031357,1,2,4,13,62
2025-12-26 03:51:19.942890,1,1,1,13,62
2025-12-26 03:51:22.750556,1,2,3,13,62
2025-12-26 03:51:26.561602,1,2,4,13,62
2025-12-26 03:51:31.473483,1,2,9,13,62
2025-12-26 03:51:34.384765,1,2,3,13,62
2025-12-26 03:51:37.193432,1,1,2,13,62
2025-12-26 03:51:41.108153,1,2,4,13,62
2025-12-26 03:51:43.962293,1,2,2,13,62
2025-12-26 03:51:46.778104,1,1,1,13,62
2025-12-26 03:51:50.731522,1,2,4,13,62
2025-12-26 03:51:55.091864,1,2,1,13,62
2025-12-26 03:51:57.952441,1,2,4,13,62
2025-12-26 03:52:00.813142,1,1,1,13,62
2025-12-26 03:52:03.671461,1,2,1,13,62
2025-12-26 03:52:07.483313,1,2,4,13,62
2025-12-26 03:52:10.943455,1,2,3,12,62
2025-12-26 03:52:13.752585,1,1,1,12,62
2025-12-26 03:52:17.612084,1,2,2,12,62
2025-12-26 03:52:20.522670,1,2,7,12,62
2025-12-26 03:52:23.882305,1,1,6,12,62
2025-12-26 03:52:27.644622,1,1,1,12,62
2025-12-26 03:52:31.453985,1,2,3,12,62
2025-12-26 03:52:34.784854,1,2,2,12,62
2025-12-26 03:52:39.122834,1,2,4,12,67
2025-12-26 03:52:42.932762,1,2,7,12,70
2025-12-26 03:52:46.242972,1,2,4,12,73
2025-12-26 03:52:50.053540,1,1,4,12,76
2025-12-26 03:52:53.412657,1,1,6,13,79
2025-12-26 03:52:56.221879,1,2,1,13,82
2025-12-26 03:52:59.130854,1,2,11,13,85
2025-12-26 03:53:01.992202,1,2,7,13,85
2025-12-26 03:53:04.798430,1,1,1,13,85
2025-12-26 03:53:09.160362,1,2,3,13,85
2025-12-26 03:53:13.471151,1,2,3,13,85
2025-12-26 03:53:16.435751,1,2,4,13,84
2025-12-26 03:53:19.239254,1,1,7,13,81
2025-12-26 03:53:23.100401,1,1,1,13,78
2025-12-26 03:53:26.010408,1,2,4,13,76
2025-12-26 03:53:28.817203,1,2,4,13,79
2025-12-26 03:53:32.225986,1,1,1,13,81
2025-12-26 03:53:35.137956,1,2,3,13,81
2025-12-26 03:53:37.998143,1,2,10,13,81
2025-12-26 03:53:40.806743,1,1,1,13,81
2025-12-26 03:53:45.122053,1,2,1,13,75
2025-12-26 03:53:48.974711,1,2,5,13,72
2025-12-26 03:53:51.885753,1,2,3,13,69
2025-12-26 03:53:54.647547,1,1,7,13,67
2025-12-26 03:53:58.555613,1,2,1,13,67
2025-12-26 03:54:01.468171,1,2,4,13,67
2025-12-26 03:54:04.273673,1,2,4,13,67
2025-12-26 03:54:08.085395,1,2,1,13,67
2025-12-26 03:54:11.543890,1,2,5,13,67
2025-12-26 03:54:15.456253,1,2,3,13,67
2025-12-26 03:54:18.271883,1,2,7,12,67
2025-12-26 03:54:21.123367,1,2,3,12,67
2025-12-26 03:54:24.984367,1,1,1,12,67
2025-12-26 03:54:28.296458,1,2,2,13,68
2025-12-26 03:54:31.663666,1,2,8,13,71
2025-12-26 03:54:34.567109,1,2,6,13,74
2025-12-26 03:54:37.477303,1,1,3,13,75
2025-12-26 03:54:40.285582,1,2,1,13,75
2025-12-26 03:54:44.594074,1,2,7,13,75
2025-12-26 03:54:47.967075,1,2,5,13,72
2025-12-26 03:54:51.464408,1,1,4,13,69
2025-12-26 03:54:54.272185,1,2,1,13,67
2025-12-26 03:54:57.134089,1,2,5,13,67
2025-12-26 03:55:00.992221,1,1,1,13,67
2025-12-26 03:55:04.303435,1,2,3,13,67
2025-12-26 03:55:08.610819,1,2,4,13,67
2025-12-26 03:55:12.972145,1,2,7,13,67
2025-12-26 03:55:15.881647,1,2,5,13,67
2025-12-26 03:55:18.690895,1,1,5,12,67
2025-12-26 03:55:22.600810,1,2,6,12,67
2025-12-26 03:55:25.510838,1,2,1,12,67
2025-12-26 03:55:28.321685,1,2,6,12,67
2025-12-26 03:55:31.141108,1,1,1,12,67
2025-12-26 03:55:34.042045,1,2,5,12,67
2025-12-26 03:55:36.906127,1,2,6,13,67
2025-12-26 03:55:39.710254,1,1,6,13,67
2025-12-26 03:55:43.567878,1,2,1,13,67
2025-12-26 03:55:46.878113,1,2,1,13,67
2025-12-26 03:55:50.338146,1,2,4,13,67
2025-12-26 03:55:53.149482,1,2,4,13,67
2025-12-26 03:55:56.057353,1,2,1,13,67
2025-12-26 03:55:58.876867,1,2,6,13,67
2025-12-26 03:56:02.675800,1,2,7,13,67
2025-12-26 03:56:06.567136,1,1,2,13,67
2025-12-26 03:56:09.899622,1,2,1,13,67
2025-12-26 03:56:12.758745,1,2,3,13,67
2025-12-26 03:56:16.628710,1,2,3,13,67
2025-12-26 03:56:19.529120,1,1,7,13,67
2025-12-26 03:56:22.337703,1,2,1,13,67
2025-12-26 03:56:26.646236,1,2,3,13,67
2025-12-26 03:56:31.023436,1,2,9,13,67
2025-12-26 03:56:34.316208,1,2,6,13,67
2025-12-26 03:56:38.626435,1,1,2,13,67
2025-12-26 03:56:41.988364,1,1,6,13,67
2025-12-26 03:56:45.749773,1,2,1,13,67
2025-12-26 03:56:49.620424,1,2,1,13,67
2025-12-26 03:56:52.518665,1,2,1,13,67
2025-12-26 03:56:55.327971,1,2,7,13,67
2025-12-26 03:56:59.187048,1,2,4,13,67
2025-12-26 03:57:02.096644,1,1,1,13,70
2025-12-26 03:57:04.909494,1,2,10,13,72
2025-12-26 03:57:08.721004,1,2,3,13,72
2025-12-26 03:57:11.637267,1,2,1,13,72
2025-12-26 03:57:15.538807,1,2,5,13,78
2025-12-26 03:57:18.348205,1,2,4,13,81
2025-12-26 03:57:21.218044,1,1,1,13,81
2025-12-26 03:57:25.067891,1,2,4,13,81
2025-12-26 03:57:28.379997,1,2,2,13,81
2025-12-26 03:57:31.187513,1,2,4,13,79
2025-12-26 03:57:34.096490,1,1,1,13,79
2025-12-26 03:57:36.957658,1,2,4,12,79
2025-12-26 03:57:39.763524,1,1,4,12,79
2025-12-26 03:57:43.629082,1,2,1,12,79
2025-12-26 03:57:46.933211,1,2,1,12,79
2025-12-26 03:57:49.806224,1,2,3,12,79
2025-12-26 03:57:52.651576,1,1,2,12,76
2025-12-26 03:57:55.562740,1,2,1,12,73
2025-12-26 03:57:58.375710,1,2,8,12,73
2025-12-26 03:58:02.185382,1,1,3,12,73
2025-12-26 03:58:06.040753,1,1,4,12,73
2025-12-26 03:58:09.550063,1,1,7,13,73
2025-12-26 03:58:12.361177,1,2,1,13,73
2025-12-26 03:58:15.271331,1,2,5,13,73
2025-12-26 03:58:19.080543,1,1,1,13,73
2025-12-26 03:58:22.389784,1,1,1,13,73
2025-12-26 03:58:26.698858,1,2,2,13,73
2025-12-26 03:58:31.063788,1,2,5,13,73
2025-12-26 03:58:34.369283,1,2,4,13,73
2025-12-26 03:58:38.683934,1,2,3,13,73
2025-12-26 03:58:42.041279,1,1,4,13,70
2025-12-26 03:58:45.801229,1,1,1,13,66
2025-12-26 03:58:49.660980,1,2,2,13,66
2025-12-26 03:58:52.567553,1,2,5,12,66
2025-12-26 03:58:55.377662,1,1,5,12,66
2025-12-26 03:58:59.237448,1,1,1,12,66
2025-12-26 03:59:02.147262,1,2,6,12,66
2025-12-26 03:59:04.956391,1,2,5,12,66
2025-12-26 03:59:08.777334,1,1,7,12,66
2025-12-26 03:59:11.728346,1,2,1,12,66
2025-12-26 03:59:16.136871,1,2,4,12,66
2025-12-26 03:59:18.995575,1,2,4,12,66
2025-12-26 03:59:21.805625,1,1,7,12,66
2025-12-26 03:59:25.667875,1,2,1,12,66
2025-12-26 03:59:28.974786,1,2,4,12,66
2025-12-26 03:59:31.785498,1,2,4,12,66
2025-12-26 03:59:34.694392,1,2,1,12,66
2025-12-26 03:59:37.629290,1,2,4,12,69
2025-12-26 03:59:40.416023,1,1,4,12,72
2025-12-26 03:59:44.222023,1,2,1,12,75
2025-12-26 03:59:48.083581,1,2,1,12,76
2025-12-26 03:59:52.043600,1,2,1,12,76
2025-12-26 03:59:54.805061,1,2,6,12,76
2025-12-26 03:59:58.711894,1,1,10,12,73
2025-12-26 04:00:01.622027,1,1,1,12,70
2025-12-26 04:00:04.432683,1,2,5,12,69
2025-12-26 04:00:08.243294,1,1,4,12,69
2025-12-26 04:00:13.259979,1,1,1,12,69
2025-12-26 04:00:13.967059,1,2,6,12,69
2025-12-26 04:00:18.778526,1,2,2,12,69
2025-12-26 04:00:22.634805,1,2,4,12,70
2025-12-26 04:00:25.444133,1,2,5,12,73
2025-12-26 04:00:29.302940,1,1,1,12,75
2025-12-26 04:00:32.164352,1,2,4,12,78
2025-12-26 04:00:34.973783,1,2,4,12,78
2025-12-26 04:00:38.797101,1,1,3,12,78
2025-12-26 04:00:43.141356,1,1,1,12,72
2025-12-26 04:00:46.453701,1,1,1,12,71
2025-12-26 04:00:50.762333,1,2,2,12,71
2025-12-26 04:00:55.122027,1,2,4,12,71
2025-12-26 04:00:58.431550,1,2,7,13,74
2025-12-26 04:01:02.248445,1,1,3,12,77
2025-12-26 04:01:06.100766,1,1,4,12,80
2025-12-26 04:01:09.866030,1,1,1,12,83
2025-12-26 04:01:13.723152,1,2,2,12,83
2025-12-26 04:01:16.633769,1,2,3,12,84
2025-12-26 04:01:19.442141,1,2,6,12,84
2025-12-26 04:01:23.299673,1,2,4,12,84
2025-12-26 04:01:26.209899,1,1,1,12,84
2025-12-26 04:01:29.023605,1,2,5,12,84
2025-12-26 04:01:32.830273,1,2,16,12,84
2025-12-26 04:01:35.741027,1,1,9,12,84
2025-12-26 04:01:39.655060,1,2,2,12,88
2025-12-26 04:01:42.459726,1,2,6,12,89
2025-12-26 04:01:45.330965,1,2,5,13,89
2025-12-26 04:01:49.181052,1,2,1,13,89
2025-12-26 04:01:52.494738,1,2,4,13,89
2025-12-26 04:01:55.297351,1,2,3,13,89
2025-12-26 04:01:58.207746,1,1,1,13,89
2025-12-26 04:02:01.070770,1,2,4,13,89
2025-12-26 04:02:03.887779,1,2,2,13,89
2025-12-26 04:02:07.775110,1,2,1,13,89
2025-12-26 04:02:11.046369,1,2,1,13,89
2025-12-26 04:02:13.920063,1,2,1,13,89
2025-12-26 04:02:16.764394,1,1,4,13,89
2025-12-26 04:02:19.675549,1,2,1,12,89
2025-12-26 04:02:22.487380,1,2,10,12,89
2025-12-26 04:02:26.795195,1,2,3,12,88
2025-12-26 04:02:30.157535,1,1,3,12,85
2025-12-26 04:02:33.665863,1,1,4,12,86
2025-12-26 04:02:36.476565,1,2,3,12,86
2025-12-26 04:02:39.336684,1,2,5,13,86
2025-12-26 04:02:43.197247,1,1,1,13,86
2025-12-26 04:02:46.508149,1,1,4,13,86
2025-12-26 04:02:50.814665,1,2,3,13,86
2025-12-26 04:02:55.176619,1,2,4,13,86
2025-12-26 04:02:58.491165,1,2,5,13,86
2025-12-26 04:03:02.793125,1,2,2,13,86
2025-12-26 04:03:06.157847,1,2,7,13,88
2025-12-26 04:03:09.912863,1,2,10,13,89
2025-12-26 04:03:13.773908,1,2,22,13,89
2025-12-26 04:03:16.681868,1,2,18,24,108
2025-12-26 04:03:19.491411,1,2,4,24,111
2025-12-26 04:03:23.399531,1,2,2,23,114
2025-12-26 04:03:26.264797,1,2,3,23,117
2025-12-26 04:03:29.069522,1,1,1,24,120
2025-12-26 04:03:32.881692,1,1,1,23,123
2025-12-26 04:03:35.790682,1,1,6,20,117
2025-12-26 04:03:39.700431,1,2,1,19,106
2025-12-26 04:03:42.508150,1,2,1,18,103
2025-12-26 04:03:45.418876,1,1,2,17,100
2025-12-26 04:03:49.228568,1,2,1,16,98
2025-12-26 04:03:52.537891,1,2,5,16,94
2025-12-26 04:03:55.897738,1,2,5,16,88
2025-12-26 04:03:58.806987,1,1,2,15,85
2025-12-26 04:04:01.717051,1,2,3,15,79
2025-12-26 04:04:04.542888,1,1,5,15,75
2025-12-26 04:04:08.836141,1,1,2,15,72
2025-12-26 04:04:12.201336,1,2,1,15,69
2025-12-26 04:04:15.557989,1,2,5,14,67
2025-12-26 04:04:18.369228,1,2,4,13,67
2025-12-26 04:04:22.279660,1,1,1,13,67
2025-12-26 04:04:25.137724,1,1,1,13,67
2025-12-26 04:04:28.009241,1,2,3,13,69
2025-12-26 04:04:31.809836,1,2,1,13,72
2025-12-26 04:04:35.114198,1,2,2,13,75
2025-12-26 04:04:37.973910,1,1,1,13,77
2025-12-26 04:04:40.835062,1,1,1,13,75
2025-12-26 04:04:43.743629,1,2,4,13,72
2025-12-26 04:04:46.551134,1,1,3,13,72
2025-12-26 04:04:50.860146,1,2,2,13,74
2025-12-26 04:04:53.773659,1,2,1,13,74
2025-12-26 04:04:57.133510,1,2,3,13,69
2025-12-26 04:04:59.940265,1,1,1,13,69
2025-12-26 04:05:02.853824,1,1,2,13,66
2025-12-26 04:05:06.209903,1,1,1,13,64
2025-12-26 04:05:10.020064,1,1,2,12,64
2025-12-26 04:05:13.386321,1,1,2,12,64
2025-12-26 04:05:16.289084,1,2,1,11,64
2025-12-26 04:05:19.151367,1,1,2,11,64
2025-12-26 04:05:22.012062,1,1,1,13,64
2025-12-26 04:05:25.820329,1,2,2,15,66
2025-12-26 04:05:30.275502,1,1,1,18,72
2025-12-26 04:05:33.542518,1,2,2,19,75
2025-12-26 04:05:36.452998,1,1,1,20,78
2025-12-26 04:05:40.311178,1,1,1,21,81
2025-12-26 04:05:43.175700,1,2,2,21,84
2025-12-26 04:05:45.980931,1,2,1,22,86
2025-12-26 04:05:49.843233,1,1,1,22,86
2025-12-26 04:05:52.758285,1,2,2,23,86
2025-12-26 04:05:55.576361,1,2,1,23,89
2025-12-26 04:05:59.428999,1,1,4,24,92
2025-12-26 04:06:02.334033,1,1,1,24,95
2025-12-26 04:06:05.141924,1,1,3,24,97
2025-12-26 04:06:08.950330,1,2,1,20,97
2025-12-26 04:06:11.863275,1,1,1,19,97
2025-12-26 04:06:15.769956,1,1,1,19,88
2025-12-26 04:06:18.579171,1,2,1,20,85
2025-12-26 04:06:21.489976,1,1,1,21,87
2025-12-26 04:06:25.300322,1,2,2,22,90
2025-12-26 04:06:28.610359,1,2,4,22,93
2025-12-26 04:06:31.469127,1,1,1,22,90
2025-12-26 04:06:34.334557,1,1,1,23,84
2025-12-26 04:06:37.193657,1,2,2,23,78
2025-12-26 04:06:40.049964,1,1,1,23,75
2025-12-26 04:06:43.863817,1,1,1,23,72
2025-12-26 04:06:47.181408,1,1,1,23,74
2025-12-26 04:06:50.026603,1,1,2,23,77
2025-12-26 04:06:52.889366,1,2,2,23,78
2025-12-26 04:06:55.801795,1,2,1,24,78
2025-12-26 04:06:58.607419,1,1,2,24,74
2025-12-26 04:07:02.916725,1,2,2,24,71
2025-12-26 04:07:06.276850,1,1,1,24,68
2025-12-26 04:07:09.787083,1,1,1,24,67
2025-12-26 04:07:12.598449,1,1,2,21,67
2025-12-26 04:07:15.516139,1,1,1,19,67
2025-12-26 04:07:19.316508,1,2,1,19,67
2025-12-26 04:07:22.624577,1,2,1,20,70
2025-12-26 04:07:26.434318,1,1,2,19,73
2025-12-26 04:07:29.344194,1,1,1,17,76
2025-12-26 04:07:32.155979,1,1,1,16,75
2025-12-26 04:07:36.966670,1,2,1,14,69
2025-12-26 04:07:40.828736,1,1,1,13,66
2025-12-26 04:07:43.637332,1,2,2,13,64
2025-12-26 04:07:47.004665,1,1,1,13,64
2025-12-26 04:07:49.912038,1,2,1,14,64
2025-12-26 04:07:52.819386,1,1,1,16,65
2025-12-26 04:07:55.627791,1,2,2,16,68
2025-12-26 04:07:59.489056,1,1,1,18,71
2025-12-26 04:08:02.397721,1,2,2,19,74
2025-12-26 04:08:06.259082,1,1,1,20,80
2025-12-26 04:08:09.019269,1,2,2,21,80
2025-12-26 04:08:11.934021,1,1,3,22,83
2025-12-26 04:08:15.840237,1,1,1,22,89
2025-12-26 04:08:18.649972,1,1,1,23,92
2025-12-26 04:08:21.509593,1,2,2,23,95
2025-12-26 04:08:24.370887,1,2,3,23,98
2025-12-26 04:08:27.229409,1,1,1,24,101
2025-12-26 04:08:30.070199,1,1,1,24,101
2025-12-26 04:08:32.954368,1,2,2,24,98
2025-12-26 04:08:36.312480,1,1,1,24,92
2025-12-26 04:08:40.068889,1,1,1,24,80
2025-12-26 04:08:42.927098,1,1,1,24,74
2025-12-26 04:08:45.839142,1,2,1,24,70
2025-12-26 04:08:48.646885,1,1,1,24,67
2025-12-26 04:08:51.508166,1,2,3,24,64
2025-12-26 04:08:55.366777,1,1,2,24,63
2025-12-26 04:08:58.677854,1,1,1,23,63
2025-12-26 04:09:01.498489,1,2,1,23,63
2025-12-26 04:09:04.403378,1,1,1,23,63
2025-12-26 04:09:07.705027,1,2,1,23,63
2025-12-26 04:09:10.515327,1,2,3,23,63
2025-12-26 04:09:13.423347,1,1,1,23,63
2025-12-26 04:09:16.290653,1,1,1,23,63
2025-12-26 04:09:19.091857,1,2,1,23,63
2025-12-26 04:09:22.952004,1,2,1,23,63
2025-12-26 04:09:25.862019,1,2,1,23,63
2025-12-26 04:09:28.671972,1,2,4,23,63
2025-12-26 04:09:32.979076,1,1,1,23,63
2025-12-26 04:09:36.345241,1,1,1,23,63
2025-12-26 04:09:40.299306,1,2,1,23,63
2025-12-26 04:09:43.111482,1,2,1,23,63
2025-12-26 04:09:46.969277,1,2,3,23,63
2025-12-26 04:09:49.878252,1,1,1,23,63
2025-12-26 04:09:52.692069,1,1,2,23,63
2025-12-26 04:09:56.497879,1,1,1,23,62
2025-12-26 04:09:59.456716,1,1,1,23,62
2025-12-26 04:10:03.866544,1,1,1,23,62
2025-12-26 04:10:06.676374,1,1,2,24,62
2025-12-26 04:10:09.550402,1,1,1,24,62
2025-12-26 04:10:13.402356,1,2,1,24,62
2025-12-26 04:10:16.721228,1,1,1,24,62
2025-12-26 04:10:20.067513,1,2,1,24,62
2025-12-26 04:10:22.978645,1,1,2,24,62
2025-12-26 04:10:25.888722,1,1,1,24,62
2025-12-26 04:10:28.697371,1,2,1,24,62
2025-12-26 04:10:33.016216,1,1,1,24,62
2025-12-26 04:10:36.368732,1,1,1,24,62
2025-12-26 04:10:39.675990,1,1,1,24,62
2025-12-26 04:10:42.540678,1,1,1,24,62
2025-12-26 04:10:46.445090,1,1,1,24,62
2025-12-26 04:10:49.321008,1,1,2,24,62
2025-12-26 04:10:52.117901,1,1,1,24,62
2025-12-26 04:10:55.974059,1,1,1,24,62
2025-12-26 04:10:59.433717,1,1,1,24,62
2025-12-26 04:11:02.244458,1,2,2,24,62
2025-12-26 04:11:06.153258,1,1,1,24,64
2025-12-26 04:11:09.017205,1,1,2,24,65
2025-12-26 04:11:12.373518,1,1,3,24,65
2025-12-26 04:11:16.135209,1,1,1,24,65
2025-12-26 04:11:19.944099,1,2,1,24,65
2025-12-26 04:11:23.253450,1,1,3,24,65
2025-12-26 04:11:27.062732,1,2,1,24,65
2025-12-26 04:11:31.420137,1,1,2,24,65
2025-12-26 04:11:34.730730,1,2,1,24,65
2025-12-26 04:11:38.540551,1,2,1,24,68
2025-12-26 04:11:41.500365,1,1,1,24,69
2025-12-26 04:11:45.912063,1,1,1,24,69
2025-12-26 04:11:48.719693,1,1,1,24,70
2025-12-26 04:11:51.579395,1,1,1,24,70
2025-12-26 04:11:55.437787,1,1,1,23,68
2025-12-26 04:11:58.749885,1,1,1,23,65
2025-12-26 04:12:02.161932,1,1,1,23,65
2025-12-26 04:12:05.469290,1,2,2,23,66
2025-12-26 04:12:08.312113,1,1,1,23,69
2025-12-26 04:12:13.641180,1,1,1,23,63
2025-12-26 04:12:16.505334,1,1,1,23,63
2025-12-26 04:12:19.364556,1,1,2,23,63
2025-12-26 04:12:22.729450,1,1,1,23,63
2025-12-26 04:12:26.532800,1,2,1,23,63
2025-12-26 04:12:30.390265,1,1,1,23,63
2025-12-26 04:12:34.147477,1,1,1,24,63
2025-12-26 04:12:38.009656,1,1,1,24,63
2025-12-26 04:12:41.317054,1,1,1,24,63
2025-12-26 04:12:45.181198,1,2,1,24,63
2025-12-26 04:12:48.488619,1,1,2,24,66
2025-12-26 04:12:51.362548,1,1,1,24,69
2025-12-26 04:12:54.161266,1,1,1,24,69
2025-12-26 04:12:57.065284,1,2,2,24,72
2025-12-26 04:13:00.436327,1,2,1,24,75
2025-12-26 04:13:03.785394,1,1,1,23,81
2025-12-26 04:13:07.646617,1,1,1,23,84
2025-12-26 04:13:10.520105,1,2,2,23,87
2025-12-26 04:13:13.364301,1,1,1,23,90
2025-12-26 04:13:16.178689,1,1,1,22,90
2025-12-26 04:13:20.034021,1,1,1,22,90
2025-12-26 04:13:23.992545,1,1,1,23,90
2025-12-26 04:13:27.352931,1,1,1,23,90
2025-12-26 04:13:30.163534,1,1,2,23,90
2025-12-26 04:13:33.074061,1,1,1,23,90
2025-12-26 04:13:36.432668,1,1,1,23,90
2025-12-26 04:13:40.197522,1,1,2,23,90
2025-12-26 04:13:43.602409,1,1,2,23,90
2025-12-26 04:13:46.517694,1,1,1,23,90
2025-12-26 04:13:49.374401,1,2,2,23,90
2025-12-26 04:13:52.185268,1,2,3,23,90
2025-12-26 04:13:56.040842,1,1,2,23,90
2025-12-26 04:13:59.356655,1,1,1,23,90
2025-12-26 04:14:03.158639,1,1,1,23,90
2025-12-26 04:14:06.076387,1,1,2,23,90
2025-12-26 04:14:09.981326,1,1,1,23,90
2025-12-26 04:14:12.789188,1,2,2,23,90
2025-12-26 04:14:15.701807,1,1,1,24,90
2025-12-26 04:14:19.509593,1,1,1,24,90
2025-12-26 04:14:22.818598,1,1,2,24,90
2025-12-26 04:14:25.633196,1,2,1,24,90
2025-12-26 04:14:28.547634,1,1,2,24,88
2025-12-26 04:14:31.400997,1,1,1,21,88
2025-12-26 04:14:34.208311,1,1,1,18,88
2025-12-26 04:14:38.070401,1,1,2,16,88
2025-12-26 04:14:41.462523,1,2,2,15,88
2025-12-26 04:14:44.185775,1,1,1,16,88
2025-12-26 04:14:47.096617,1,1,2,18,90
2025-12-26 04:14:50.006219,1,1,1,19,93
2025-12-26 04:14:52.811028,1,2,1,19,96
2025-12-26 04:14:56.628125,1,2,2,21,99
2025-12-26 04:15:00.481412,1,2,3,21,99
2025-12-26 04:15:04.343271,1,1,1,22,94
2025-12-26 04:15:08.266030,1,1,1,23,91
2025-12-26 04:15:11.124957,1,1,1,23,88
2025-12-26 04:15:14.024521,1,1,2,24,85
2025-12-26 04:15:16.834909,1,1,1,24,85
2025-12-26 04:15:21.142297,1,2,1,24,85
2025-12-26 04:15:25.511684,1,1,1,24,85
2025-12-26 04:15:29.312193,1,2,5,24,85
2025-12-26 04:15:32.125046,1,2,1,22,85
2025-12-26 04:15:35.035223,1,1,1,19,85
2025-12-26 04:15:37.842395,1,2,1,19,85
2025-12-26 04:15:41.751671,1,2,2,17,85
2025-12-26 04:15:45.123614,1,2,2,19,85
2025-12-26 04:15:48.477465,1,2,1,17,85
2025-12-26 04:15:52.284320,1,1,3,16,85
2025-12-26 04:15:56.098574,1,1,1,15,85
2025-12-26 04:15:59.402903,1,1,1,14,85
2025-12-26 04:16:04.263621,1,2,1,13,85
2025-12-26 04:16:07.577026,1,2,1,15,85
2025-12-26 04:16:10.432894,1,2,5,16,85
2025-12-26 04:16:13.243760,1,1,1,18,85
2025-12-26 04:16:17.152397,1,2,1,20,85
2025-12-26 04:16:20.067132,1,2,1,21,85
2025-12-26 04:16:25.074217,1,2,3,21,85
2025-12-26 04:16:28.434550,1,1,3,21,85
2025-12-26 04:16:31.243293,1,1,1,21,83
2025-12-26 04:16:35.152539,1,1,3,22,80
2025-12-26 04:16:38.099796,1,1,1,23,78
2025-12-26 04:16:40.873251,1,2,1,23,78
2025-12-26 04:16:44.234994,1,2,1,20,78
2025-12-26 04:16:47.142658,1,2,1,21,78
2025-12-26 04:16:50.051959,1,2,1,21,78
2025-12-26 04:16:52.876262,1,2,1,21,78
2025-12-26 04:16:56.671418,1,1,3,22,77
2025-12-26 04:17:00.531241,1,2,4,22,74
2025-12-26 04:17:03.894890,1,1,2,21,74
2025-12-26 04:17:06.750458,1,1,1,22,74
2025-12-26 04:17:10.609431,1,2,3,22,74
2025-12-26 04:17:13.472596,1,2,4,22,73
2025-12-26 04:17:16.279512,1,1,2,21,70
2025-12-26 04:17:20.138042,1,1,1,19,70
2025-12-26 04:17:23.098354,1,2,1,17,70
2025-12-26 04:17:26.407136,1,1,2,16,70
2025-12-26 04:17:31.235128,1,1,1,17,70
2025-12-26 04:17:35.080593,1,2,1,18,70
2025-12-26 04:17:37.893250,1,2,2,18,70
2025-12-26 04:17:41.762671,1,2,3,16,70
2025-12-26 04:17:45.163270,1,1,1,18,70
2025-12-26 04:17:48.521458,1,1,3,20,70
2025-12-26 04:17:52.282594,1,1,1,21,69
2025-12-26 04:17:56.140918,1,1,1,22,69
2025-12-26 04:17:59.450644,1,1,2,22,69
2025-12-26 04:18:03.258861,1,1,2,23,69
2025-12-26 04:18:08.272115,1,2,2,23,69
2025-12-26 04:18:11.182347,1,2,4,23,71
2025-12-26 04:18:14.093980,1,1,1,22,71
2025-12-26 04:18:16.898997,1,2,1,22,71
2025-12-26 04:18:20.708751,1,2,1,19,69
2025-12-26 04:18:24.568521,1,2,1,18,69
2025-12-26 04:18:27.927073,1,2,1,16,67
2025-12-26 04:18:30.747133,1,1,1,16,67
2025-12-26 04:18:34.652218,1,2,3,15,67
2025-12-26 04:18:37.514948,1,2,3,15,67
2025-12-26 04:18:40.317151,1,1,1,14,67
2025-12-26 04:18:44.177503,1,2,2,15,67
2025-12-26 04:18:47.135314,1,1,2,16,67
2025-12-26 04:18:50.446900,1,2,3,16,67
2025-12-26 04:18:55.259362,1,2,2,16,67
2025-12-26 04:18:59.117617,1,2,2,17,67
2025-12-26 04:19:02.378395,1,2,1,17,67
2025-12-26 04:19:05.238234,1,1,2,17,67
2025-12-26 04:19:08.650340,1,2,6,16,64
2025-12-26 04:19:11.455717,1,2,5,16,64
2025-12-26 04:19:15.818321,1,2,2,15,63
2025-12-26 04:19:19.628184,1,2,1,15,63
2025-12-26 04:19:22.937748,1,2,2,15,63
2025-12-26 04:19:27.247612,1,2,5,15,63
2025-12-26 04:19:31.157694,1,1,3,15,66
2025-12-26 04:19:34.522897,1,2,1,16,68
2025-12-26 04:19:37.375305,1,2,6,17,68
2025-12-26 04:19:41.236175,1,2,1,18,68
2025-12-26 04:19:44.144244,1,2,10,18,68
2025-12-26 04:19:46.986337,1,2,1,18,68
2025-12-26 04:19:50.463589,1,2,2,17,71
2025-12-26 04:19:54.371177,1,1,1,16,72
2025-12-26 04:19:57.233146,1,2,1,16,72
2025-12-26 04:20:00.594857,1,2,5,16,72
2025-12-26 04:20:04.362445,1,2,4,16,72
2025-12-26 04:20:08.217341,1,1,1,16,72
2025-12-26 04:20:11.571181,1,1,1,16,72
2025-12-26 04:20:14.378819,1,2,8,16,74
2025-12-26 04:20:17.242581,1,1,2,16,75
2025-12-26 04:20:20.150807,1,2,3,16,75
2025-12-26 04:20:22.961455,1,1,1,16,75
2025-12-26 04:20:26.768017,1,2,1,16,75
2025-12-26 04:20:30.628452,1,1,2,16,75
2025-12-26 04:20:34.145001,1,1,2,16,75
2025-12-26 04:20:36.948626,1,2,1,16,75
2025-12-26 04:20:39.859842,1,1,1,15,75
2025-12-26 04:20:43.685527,1,1,1,15,73
2025-12-26 04:20:46.993818,1,2,1,15,70
2025-12-26 04:20:51.287811,1,2,1,14,70
2025-12-26 04:20:55.653009,1,1,2,15,70
2025-12-26 04:20:58.959958,1,2,1,15,70
2025-12-26 04:21:02.766466,1,1,1,15,70
2025-12-26 04:21:06.629808,1,2,25,15,70
2025-12-26 04:21:10.384505,1,2,4,15,70
2025-12-26 04:21:14.244434,1,2,6,15,70
2025-12-26 04:21:17.153896,1,2,2,16,70
2025-12-26 04:21:19.968123,1,1,1,16,70
2025-12-26 04:21:23.873642,1,1,1,16,70
2025-12-26 04:21:26.737289,1,2,4,16,70
2025-12-26 04:21:29.542991,1,1,1,16,70
2025-12-26 04:21:33.355028,1,2,2,16,69
2025-12-26 04:21:36.263680,1,2,21,16,66
2025-12-26 04:21:40.183747,1,2,41,16,65
2025-12-26 04:21:42.983464,1,2,5,17,65
2025-12-26 04:21:45.846450,1,1,1,17,68
2025-12-26 04:21:49.708028,1,2,3,17,70
2025-12-26 04:21:53.017996,1,1,1,18,70
2025-12-26 04:21:55.820806,1,1,1,18,70
2025-12-26 04:21:58.732588,1,2,2,18,70
2025-12-26 04:22:01.590096,1,1,1,18,70
2025-12-26 04:22:04.451007,1,1,5,18,70
2025-12-26 04:22:08.270476,1,1,2,18,70
2025-12-26 04:22:11.569047,1,1,3,18,70
2025-12-26 04:22:14.379883,1,2,1,18,70
2025-12-26 04:22:17.291787,1,2,3,18,70
2025-12-26 04:22:20.200483,1,1,3,18,70
2025-12-26 04:22:23.008904,1,2,1,18,70
2025-12-26 04:22:26.820718,1,2,3,18,70
2025-12-26 04:22:30.679870,1,1,3,18,70
2025-12-26 04:22:35.345023,1,2,1,16,70
2025-12-26 04:22:38.750860,1,1,1,15,70
2025-12-26 04:22:41.559318,1,1,1,15,70
2025-12-26 04:22:45.867531,1,2,1,14,70
2025-12-26 04:22:49.731575,1,2,1,14,70
2025-12-26 04:22:53.038535,1,1,3,14,70
2025-12-26 04:22:55.850792,1,1,1,14,70
2025-12-26 04:22:58.760092,1,2,7,14,70
2025-12-26 04:23:01.624238,1,1,1,14,67
2025-12-26 04:23:04.445132,1,1,2,14,67
2025-12-26 04:23:08.297155,1,2,1,14,67
2025-12-26 04:23:11.596312,1,2,1,13,67
2025-12-26 04:23:14.456444,1,1,4,13,67
2025-12-26 04:23:17.317215,1,1,1,13,67
2025-12-26 04:23:20.226550,1,2,1,13,67
2025-12-26 04:23:23.040676,1,2,4,13,67
2025-12-26 04:23:27.350640,1,1,2,13,67
2025-12-26 04:23:30.715973,1,1,4,13,67
2025-12-26 04:23:34.217425,1,2,4,13,67
2025-12-26 04:23:37.031038,1,2,4,13,67
2025-12-26 04:23:39.884553,1,1,5,13,67
2025-12-26 04:23:43.743946,1,2,5,13,67
2025-12-26 04:23:47.053757,1,1,2,13,67
2025-12-26 04:23:50.864710,1,1,1,13,67
2025-12-26 04:23:53.775467,1,2,4,13,67
2025-12-26 04:23:56.582662,1,1,1,13,67
2025-12-26 04:24:00.441559,1,2,1,13,69
2025-12-26 04:24:03.367330,1,2,5,13,72
2025-12-26 04:24:06.711388,1,1,1,13,75
2025-12-26 04:24:10.475531,1,2,1,12,81
2025-12-26 04:24:13.329641,1,2,3,12,82
2025-12-26 04:24:16.239786,1,1,1,11,76
2025-12-26 04:24:19.055028,1,2,3,11,71
2025-12-26 04:24:21.961214,1,1,1,11,68
2025-12-26 04:24:25.768466,1,2,2,11,65
2025-12-26 04:24:29.078294,1,1,1,11,63
2025-12-26 04:24:32.446789,1,2,1,11,63
2025-12-26 04:24:35.380734,1,1,1,11,63
2025-12-26 04:24:38.257141,1,1,1,11,63
2025-12-26 04:24:41.074445,1,1,1,11,63
2025-12-26 04:24:45.376524,1,1,1,11,63
2025-12-26 04:24:48.766242,1,2,3,11,63
2025-12-26 04:24:52.700641,1,1,4,14,63
2025-12-26 04:24:55.508693,1,1,1,13,63
2025-12-26 04:24:59.369465,1,2,1,11,63
2025-12-26 04:25:02.275692,1,2,5,11,63
2025-12-26 04:25:05.092527,1,1,1,11,63
2025-12-26 04:25:08.895301,1,1,3,11,63
2025-12-26 04:25:12.353194,1,1,1,11,63
2025-12-26 04:25:16.266981,1,2,1,11,63
2025-12-26 04:25:21.286116,1,2,2,11,64
2025-12-26 04:25:21.934205,1,2,4,11,64
2025-12-26 04:25:25.795208,1,1,2,11,64
2025-12-26 04:25:29.658360,1,1,1,11,63
2025-12-26 04:25:32.474537,1,2,1,12,63
2025-12-26 04:25:35.379487,1,2,1,15,63
2025-12-26 04:25:38.292673,1,1,1,16,64
2025-12-26 04:25:41.096377,1,2,1,16,67
2025-12-26 04:25:44.919028,1,2,1,17,67
2025-12-26 04:25:48.772334,1,2,2,15,67
2025-12-26 04:25:52.724321,1,1,5,13,69
2025-12-26 04:25:55.486375,1,1,1,12,72
2025-12-26 04:25:59.395728,1,2,1,11,72
2025-12-26 04:26:02.307207,1,1,5,11,72
2025-12-26 04:26:05.115288,1,1,5,11,72
2025-12-26 04:26:09.422795,1,2,1,11,72
2025-12-26 04:26:12.833575,1,2,6,11,72
2025-12-26 04:26:15.715997,1,2,1,11,72
2025-12-26 04:26:18.504038,1,2,23,11,72
2025-12-26 04:26:21.413513,1,2,16,11,72
2025-12-26 04:26:24.773510,1,2,31,11,72
2025-12-26 04:26:28.531671,1,2,29,11,106
2025-12-26 04:26:32.392589,1,2,5,24,109
2025-12-26 04:26:35.303359,1,1,6,24,112
2025-12-26 04:26:38.115421,1,1,1,24,115
2025-12-26 04:26:42.019335,1,2,3,24,118
2025-12-26 04:26:44.881223,1,1,1,21,118
2025-12-26 04:26:47.687759,1,2,1,19,112
2025-12-26 04:26:51.146736,1,2,4,18,106
2025-12-26 04:26:54.959087,1,1,1,19,94
2025-12-26 04:26:58.867701,1,2,5,19,88
2025-12-26 04:27:01.726715,1,2,10,20,85
2025-12-26 04:27:04.535919,1,2,1,20,82
2025-12-26 04:27:08.397544,1,2,3,20,79
2025-12-26 04:27:11.358800,1,1,1,20,78
2025-12-26 04:27:14.672267,1,1,3,20,78
2025-12-26 04:27:19.485465,1,1,1,21,73
2025-12-26 04:27:24.441641,1,2,1,21,73
2025-12-26 04:27:28.352952,1,1,1,20,74
2025-12-26 04:27:31.161870,1,1,1,21,76
2025-12-26 04:27:34.571635,1,2,1,21,76
2025-12-26 04:27:38.381630,1,1,1,20,76
2025-12-26 04:27:41.694015,1,1,1,19,76
2025-12-26 04:27:45.500615,1,1,1,18,76
2025-12-26 04:27:49.860805,1,2,2,18,76
2025-12-26 04:27:53.172625,1,1,1,18,76
2025-12-26 04:27:55.987789,1,1,1,19,76
2025-12-26 04:27:58.890124,1,2,1,18,76
2025-12-26 04:28:01.748835,1,1,1,19,73
2025-12-26 04:28:04.560881,1,2,1,19,70
2025-12-26 04:28:08.419808,1,1,4,19,67
2025-12-26 04:28:11.729611,1,1,4,17,67
2025-12-26 04:28:14.587057,1,1,1,15,70
2025-12-26 04:28:17.449964,1,2,1,14,73
2025-12-26 04:28:20.363660,1,2,1,13,76
2025-12-26 04:28:23.169583,1,1,2,13,79
2025-12-26 04:28:26.981351,1,1,1,12,81
2025-12-26 04:28:30.840700,1,2,2,12,81
2025-12-26 04:28:34.346579,1,1,2,11,76
2025-12-26 04:28:37.158218,1,1,1,11,74
2025-12-26 04:28:40.015908,1,2,3,11,74
2025-12-26 04:28:43.874450,1,1,1,11,74
2025-12-26 04:28:47.182488,1,1,1,11,74
2025-12-26 04:28:50.992437,1,2,4,12,74
2025-12-26 04:28:53.902284,1,1,1,12,74
2025-12-26 04:28:56.718211,1,1,1,13,74
2025-12-26 04:29:01.525460,1,2,1,12,74
2025-12-26 04:29:05.383689,1,1,1,11,74
2025-12-26 04:29:08.201794,1,1,3,11,73
2025-12-26 04:29:12.057207,1,1,1,11,70
2025-12-26 04:29:14.912851,1,2,4,11,70
2025-12-26 04:29:17.722678,1,1,1,11,70
2025-12-26 04:29:21.535447,1,2,1,11,70
2025-12-26 04:29:25.891029,1,2,3,11,70
2025-12-26 04:29:29.202332,1,2,3,11,70
2025-12-26 04:29:33.013924,1,1,3,11,73
2025-12-26 04:29:36.825237,1,1,1,11,74
2025-12-26 04:29:40.631838,1,2,1,11,73
2025-12-26 04:29:44.440264,1,2,3,11,71
2025-12-26 04:29:47.759388,1,1,2,11,71
2025-12-26 04:29:52.063936,1,1,1,11,71
2025-12-26 04:29:55.922065,1,2,1,11,71
2025-12-26 04:29:59.382884,1,2,11,11,71
2025-12-26 04:30:02.189675,1,2,1,11,71
2025-12-26 04:30:06.098548,1,2,2,11,71
2025-12-26 04:30:09.409903,1,1,1,11,71
2025-12-26 04:30:12.217948,1,2,4,11,73
2025-12-26 04:30:15.079610,1,1,1,11,76
2025-12-26 04:30:18.496209,1,1,1,11,76
2025-12-26 04:30:22.397947,1,2,1,11,76
2025-12-26 04:30:25.210461,1,2,1,11,74
2025-12-26 04:30:28.116648,1,1,1,11,70
2025-12-26 04:30:31.926453,1,2,5,11,67
2025-12-26 04:30:35.237022,1,2,3,11,64
2025-12-26 04:30:38.593864,1,1,1,11,62
2025-12-26 04:30:41.509643,1,2,4,11,62
2025-12-26 04:30:44.413724,1,1,1,12,62
2025-12-26 04:30:47.227154,1,2,4,12,62
2025-12-26 04:30:51.533227,1,1,3,13,62
2025-12-26 04:30:54.900880,1,2,1,12,62
2025-12-26 04:30:59.654576,1,1,1,11,62
2025-12-26 04:31:02.516168,1,1,1,11,62
2025-12-26 04:31:05.426306,1,2,1,11,62
2025-12-26 04:31:08.236926,1,1,3,11,62
2025-12-26 04:31:12.143422,1,1,1,13,62
2025-12-26 04:31:15.008343,1,2,4,12,62
2025-12-26 04:31:18.866126,1,1,2,11,62
2025-12-26 04:31:21.625032,1,2,1,11,62
2025-12-26 04:31:24.535777,1,2,2,11,62
2025-12-26 04:31:28.444196,1,1,1,11,62
2025-12-26 04:31:31.254458,1,2,1,11,62
2025-12-26 04:31:34.119014,1,1,2,11,62
2025-12-26 04:31:36.973973,1,1,2,11,62
2025-12-26 04:31:39.833277,1,2,2,11,62
2025-12-26 04:31:42.643415,1,1,1,11,62
2025-12-26 04:31:45.551123,1,2,3,11,62
2025-12-26 04:31:48.918011,1,1,1,11,62
2025-12-26 04:31:52.668962,1,1,1,11,62
2025-12-26 04:31:55.579585,1,1,2,11,62
2025-12-26 04:31:59.440725,1,1,1,11,62
2025-12-26 04:32:02.249548,1,1,1,11,62
2025-12-26 04:32:06.158698,1,2,3,11,62
2025-12-26 04:32:09.019216,1,1,1,11,62
2025-12-26 04:32:11.828522,1,2,2,11,62
2025-12-26 04:32:16.286959,1,1,1,11,62
2025-12-26 04:32:19.551353,1,1,1,11,62
2025-12-26 04:32:22.460453,1,2,2,11,62
2025-12-26 04:32:25.270984,1,1,1,11,62
2025-12-26 04:32:28.128805,1,2,3,11,62
2025-12-26 04:32:31.988622,1,2,2,11,62
2025-12-26 04:32:34.900202,1,1,1,11,62
2025-12-26 04:32:37.665124,1,2,1,11,62
2025-12-26 04:32:41.578783,1,1,2,11,62
2025-12-26 04:32:44.485085,1,1,1,11,62
2025-12-26 04:32:47.288150,1,2,1,11,62
2025-12-26 04:32:51.599820,1,1,1,11,62
2025-12-26 04:32:55.958657,1,1,1,11,62
2025-12-26 04:32:59.269087,1,1,1,11,62
2025-12-26 04:33:03.078069,1,2,1,11,62
2025-12-26 04:33:06.938637,1,2,1,11,62
2025-12-26 04:33:10.699355,1,1,3,11,62
2025-12-26 04:33:14.558797,1,2,1,11,62
2025-12-26 04:33:17.467513,1,1,1,11,62
2025-12-26 04:33:20.284700,1,1,1,11,62
2025-12-26 04:33:24.138897,1,1,2,11,62
2025-12-26 04:33:27.047512,1,1,1,11,62
2025-12-26 04:33:29.858887,1,2,14,11,62
2025-12-26 04:33:33.666449,1,1,2,13,62
2025-12-26 04:33:37.579122,1,2,3,14,62
2025-12-26 04:33:40.491240,1,2,1,14,62
2025-12-26 04:33:43.298101,1,2,19,13,62
2025-12-26 04:33:46.157481,1,2,17,13,62
2025-12-26 04:33:50.016409,1,2,100,12,107
2025-12-26 04:33:53.337211,1,2,1,23,110
2025-12-26 04:33:57.299544,1,2,3,24,113
2025-12-26 04:34:00.147960,1,1,1,24,116
2025-12-26 04:34:03.055273,1,1,1,23,119
2025-12-26 04:34:05.867455,1,2,4,20,116
2025-12-26 04:34:09.676518,1,2,2,17,110
2025-12-26 04:34:14.035750,1,2,4,16,98
2025-12-26 04:34:16.945180,1,2,4,15,92
2025-12-26 04:34:19.705800,1,1,3,14,86
2025-12-26 04:34:23.613424,1,2,1,13,80
2025-12-26 04:34:26.523853,1,2,2,13,77
2025-12-26 04:34:29.336717,1,2,4,13,72
2025-12-26 04:34:33.142893,1,1,3,14,69
2025-12-26 04:34:36.548955,1,1,3,14,70
2025-12-26 04:34:39.907912,1,2,1,14,76
2025-12-26 04:34:42.716643,1,2,3,16,76
2025-12-26 04:34:45.632245,1,1,2,16,77
2025-12-26 04:34:49.075909,1,2,2,15,77
2025-12-26 04:34:52.747535,1,2,5,15,72
2025-12-26 04:34:55.654349,1,2,8,15,72
2025-12-26 04:35:01.066136,1,1,2,14,72
2025-12-26 04:35:03.928983,1,1,3,14,72
2025-12-26 04:35:06.734057,1,2,1,14,72
2025-12-26 04:35:09.646350,1,2,5,15,72
2025-12-26 04:35:13.003923,1,2,1,16,72
2025-12-26 04:35:16.765931,1,2,2,14,72
2025-12-26 04:35:19.632923,1,2,3,14,72
2025-12-26 04:35:22.542154,1,1,3,13,72
2025-12-26 04:35:25.346023,1,2,1,13,72
2025-12-26 04:35:28.253563,1,2,4,12,69
2025-12-26 04:35:32.063408,1,1,3,12,66
2025-12-26 04:35:35.379702,1,2,2,12,64
2025-12-26 04:35:38.182661,1,2,3,12,64
2025-12-26 04:35:41.095252,1,1,1,12,64
2025-12-26 04:35:43.954161,1,2,3,12,64
2025-12-26 04:35:46.764106,1,1,7,12,64
2025-12-26 04:35:50.624231,1,1,1,12,64
2025-12-26 04:35:53.937040,1,2,1,12,64
2025-12-26 04:35:56.741677,1,2,4,12,64
2025-12-26 04:35:59.651746,1,2,3,12,64
2025-12-26 04:36:02.561792,1,2,11,12,64
2025-12-26 04:36:05.375795,1,1,1,12,64
2025-12-26 04:36:09.193371,1,2,1,12,64
2025-12-26 04:36:12.590877,1,2,5,12,64
2025-12-26 04:36:15.963330,1,1,5,12,68
2025-12-26 04:36:18.762727,1,2,1,12,68
2025-12-26 04:36:21.671973,1,2,3,12,71
2025-12-26 04:36:25.032250,1,1,1,12,74
2025-12-26 04:36:28.793997,1,2,3,12,78
2025-12-26 04:36:31.651419,1,2,5,14,78
2025-12-26 04:36:34.562775,1,1,1,16,75
2025-12-26 04:36:37.372047,1,2,1,18,72
2025-12-26 04:36:40.232115,1,2,6,20,69
2025-12-26 04:36:44.092270,1,1,1,21,68
2025-12-26 04:36:47.402343,1,2,6,21,71
2025-12-26 04:36:50.260609,1,2,4,21,74
2025-12-26 04:36:53.121138,1,1,1,22,77
2025-12-26 04:36:55.980515,1,2,5,19,80
2025-12-26 04:36:58.820273,1,1,2,17,80
2025-12-26 04:37:02.651704,1,2,1,15,77
2025-12-26 04:37:05.958819,1,2,1,14,74
2025-12-26 04:37:08.770989,1,2,7,13,71
2025-12-26 04:37:11.678083,1,2,1,13,70
2025-12-26 04:37:14.591816,1,2,5,12,68
2025-12-26 04:37:17.403249,1,2,3,12,65
2025-12-26 04:37:21.210299,1,1,1,12,64
2025-12-26 04:37:25.067403,1,1,1,12,64
2025-12-26 04:37:29.030591,1,2,1,12,64
2025-12-26 04:37:31.786407,1,2,6,12,65
2025-12-26 04:37:35.696116,1,1,8,12,68
2025-12-26 04:37:38.608713,1,1,1,12,68
2025-12-26 04:37:41.416727,1,2,6,12,68
2025-12-26 04:37:45.726262,1,1,2,12,69
2025-12-26 04:37:50.085195,1,1,2,12,75
2025-12-26 04:37:53.396743,1,1,1,12,78
2025-12-26 04:37:57.209269,1,1,1,12,79
2025-12-26 04:38:01.065754,1,2,1,12,79
2025-12-26 04:38:04.825143,1,2,1,12,79
2025-12-26 04:38:08.683895,1,2,5,12,79
2025-12-26 04:38:12.014491,1,1,4,12,79
2025-12-26 04:38:14.855189,1,1,1,12,79
2025-12-26 04:38:17.710549,1,2,5,12,79
2025-12-26 04:38:20.624215,1,1,3,12,78
2025-12-26 04:38:23.432050,1,2,1,12,74
2025-12-26 04:38:27.738653,1,2,10,12,71
2025-12-26 04:38:31.103050,1,2,3,12,68
2025-12-26 04:38:34.608954,1,1,5,12,65
2025-12-26 04:38:37.418959,1,2,1,12,65
2025-12-26 04:38:40.328873,1,2,4,12,65
2025-12-26 04:38:44.137650,1,1,1,12,65
2025-12-26 04:38:47.446889,1,1,1,12,65
2025-12-26 04:38:51.254810,1,2,7,12,65
2025-12-26 04:38:54.174833,1,2,3,12,65
2025-12-26 04:38:56.981676,1,1,1,12,65
2025-12-26 04:39:00.836055,1,1,1,12,65
2025-12-26 04:39:03.745988,1,2,5,12,65
2025-12-26 04:39:07.103829,1,1,2,12,65
2025-12-26 04:39:10.865321,1,1,5,12,69
2025-12-26 04:39:13.723167,1,2,1,12,66
2025-12-26 04:39:16.632523,1,2,3,12,66
2025-12-26 04:39:19.443695,1,2,4,12,64
2025-12-26 04:39:22.352419,1,1,1,12,62
2025-12-26 04:39:26.160824,1,2,7,12,62
2025-12-26 04:39:29.470710,1,1,1,12,62
2025-12-26 04:39:32.832039,1,2,3,12,62
2025-12-26 04:39:35.740689,1,1,1,13,62
2025-12-26 04:39:38.650302,1,2,3,13,62
2025-12-26 04:39:41.460129,1,2,1,13,62
2025-12-26 04:39:45.271393,1,1,2,13,62
2025-12-26 04:39:49.135632,1,2,1,13,64
2025-12-26 04:39:52.891721,1,2,8,13,64
2025-12-26 04:39:56.698557,1,1,2,13,64
2025-12-26 04:40:00.008128,1,1,4,13,64
2025-12-26 04:40:04.320223,1,1,1,13,64
2025-12-26 04:40:08.175431,1,2,1,13,64
2025-12-26 04:40:11.485695,1,2,4,12,64
2025-12-26 04:40:15.796293,1,2,9,12,64
2025-12-26 04:40:20.155807,1,1,3,12,64
2025-12-26 04:40:23.467686,1,1,3,12,64
2025-12-26 04:40:27.273761,1,1,1,12,62
2025-12-26 04:40:31.133077,1,2,1,12,62
2025-12-26 04:40:34.891665,1,2,1,12,62
2025-12-26 04:40:38.751393,1,2,5,12,64
2025-12-26 04:40:41.661990,1,1,3,12,67
2025-12-26 04:40:44.473486,1,2,1,12,70
2025-12-26 04:40:48.331983,1,2,3,12,73
2025-12-26 04:40:51.242062,1,2,2,12,76
2025-12-26 04:40:54.050937,1,2,1,12,79
2025-12-26 04:40:58.415502,1,2,1,12,85
2025-12-26 04:41:02.722326,1,2,3,12,85
2025-12-26 04:41:06.031609,1,2,2,12,85
2025-12-26 04:41:10.346610,1,2,3,12,85
2025-12-26 04:41:14.205255,1,2,3,12,85
2025-12-26 04:41:17.513428,1,2,5,12,85
2025-12-26 04:41:21.821460,1,1,1,13,88
2025-12-26 04:41:26.180828,1,1,1,13,90
2025-12-26 04:41:29.493976,1,1,1,13,87
2025-12-26 04:41:33.800457,1,2,1,15,84
2025-12-26 04:41:37.164878,1,2,2,17,87
2025-12-26 04:41:40.969291,1,1,4,18,93
2025-12-26 04:41:44.787513,1,1,2,19,96
2025-12-26 04:41:48.088614,1,1,1,19,94
2025-12-26 04:41:50.897390,1,2,1,17,94
2025-12-26 04:41:53.810067,1,2,2,16,94
2025-12-26 04:41:56.721248,1,2,2,16,90
2025-12-26 04:41:59.526506,1,2,4,16,87
2025-12-26 04:42:03.336827,1,2,9,15,82
2025-12-26 04:42:06.797670,1,1,2,14,76
2025-12-26 04:42:10.711587,1,1,3,14,70
2025-12-26 04:42:13.517342,1,1,1,14,71
2025-12-26 04:42:16.383346,1,2,4,14,74
2025-12-26 04:42:20.238936,1,2,3,14,74
2025-12-26 04:42:23.563668,1,1,1,14,74
2025-12-26 04:42:26.908131,1,2,1,13,74
2025-12-26 04:42:29.820899,1,2,5,13,74
2025-12-26 04:42:32.728996,1,1,5,12,74
2025-12-26 04:42:35.540606,1,2,1,12,74
2025-12-26 04:42:39.847628,1,2,8,12,75
2025-12-26 04:42:43.211627,1,1,1,12,78
2025-12-26 04:42:46.716953,1,1,1,12,81
2025-12-26 04:42:49.532301,1,2,1,12,81
2025-12-26 04:42:52.887874,1,2,5,12,81
2025-12-26 04:42:56.748208,1,1,3,12,81
2025-12-26 04:42:59.558587,1,2,2,12,81
2025-12-26 04:43:05.302884,1,2,4,12,81
2025-12-26 04:43:06.278979,1,2,3,12,81
2025-12-26 04:43:09.087212,1,2,1,12,81
2025-12-26 04:43:12.997127,1,2,5,12,81
2025-12-26 04:43:15.856211,1,2,2,12,81
2025-12-26 04:43:19.214953,1,1,1,12,81
2025-12-26 04:43:23.025908,1,2,1,12,81
2025-12-26 04:43:25.838508,1,2,4,12,81
2025-12-26 04:43:28.764504,1,1,3,12,81
2025-12-26 04:43:31.552249,1,2,1,12,81
2025-12-26 04:43:34.413505,1,1,3,12,84
2025-12-26 04:43:38.272803,1,2,1,12,87
2025-12-26 04:43:41.581203,1,2,5,12,87
2025-12-26 04:43:44.939982,1,2,6,12,87
2025-12-26 04:43:47.850455,1,1,1,12,87
2025-12-26 04:43:51.159474,1,2,4,12,87
2025-12-26 04:43:53.969107,1,1,4,12,87
2025-12-26 04:43:56.879726,1,2,1,12,87
2025-12-26 04:43:59.791194,1,2,8,12,87
2025-12-26 04:44:03.150018,1,1,1,13,87
2025-12-26 04:44:05.959289,1,2,1,14,87
2025-12-26 04:44:08.869509,1,1,4,15,87
2025-12-26 04:44:11.777980,1,1,1,15,87
2025-12-26 04:44:14.594697,1,2,5,15,86
2025-12-26 04:44:18.447759,1,2,1,16,83
2025-12-26 04:44:21.310707,1,1,1,18,80
2025-12-26 04:44:24.122153,1,2,3,20,77
2025-12-26 04:44:27.930653,1,2,3,21,77
2025-12-26 04:44:31.790931,1,1,1,19,77
2025-12-26 04:44:34.600300,1,2,1,17,79
2025-12-26 04:44:37.458415,1,2,8,16,79
2025-12-26 04:44:41.321741,1,1,1,14,79
2025-12-26 04:44:44.181189,1,1,1,14,80
2025-12-26 04:44:47.043967,1,2,3,13,83
2025-12-26 04:44:50.849811,1,1,3,13,83
2025-12-26 04:44:54.159626,1,1,1,12,83
2025-12-26 04:44:57.970228,1,1,1,12,83
2025-12-26 04:45:00.881172,1,2,1,12,83
2025-12-26 04:45:04.790863,1,2,5,12,83
2025-12-26 04:45:07.619828,1,1,2,12,83
2025-12-26 04:45:10.461496,1,2,3,12,83
2025-12-26 04:45:14.317098,1,2,2,12,83
2025-12-26 04:45:17.631046,1,2,3,12,83
2025-12-26 04:45:20.449481,1,1,3,12,83
2025-12-26 04:45:23.347923,1,2,5,12,83
2025-12-26 04:45:26.205328,1,2,2,12,83
2025-12-26 04:45:29.067733,1,2,1,12,83
2025-12-26 04:45:32.879411,1,2,2,12,86
2025-12-26 04:45:36.185824,1,1,3,12,89
2025-12-26 04:45:39.045826,1,1,3,12,83
2025-12-26 04:45:41.904725,1,2,4,12,80
2025-12-26 04:45:44.814233,1,2,3,12,77
2025-12-26 04:45:47.642162,1,1,3,12,74
2025-12-26 04:45:51.935786,1,2,1,12,71
2025-12-26 04:45:55.294167,1,2,5,12,69
2025-12-26 04:45:58.804770,1,2,5,12,74
2025-12-26 04:46:01.611392,1,1,1,12,77
2025-12-26 04:46:04.523705,1,2,3,12,80
2025-12-26 04:46:08.334227,1,2,3,12,83
2025-12-26 04:46:11.642141,1,1,1,12,86
2025-12-26 04:46:15.952214,1,2,1,12,86
2025-12-26 04:46:19.362733,1,1,1,12,86
2025-12-26 04:46:22.220135,1,2,5,12,86
2025-12-26 04:46:25.091152,1,1,1,12,86
2025-12-26 04:46:27.941970,1,2,2,12,82
2025-12-26 04:46:31.300522,1,1,1,12,79
2025-12-26 04:46:35.059234,1,2,1,12,73
2025-12-26 04:46:38.872720,1,2,4,12,73
2025-12-26 04:46:42.179847,1,1,2,12,73
2025-12-26 04:46:45.990498,1,2,6,12,73
2025-12-26 04:46:49.852662,1,1,2,12,71
2025-12-26 04:46:52.661929,1,2,1,12,71
2025-12-26 04:46:56.074630,1,2,5,12,71
2025-12-26 04:46:59.382504,1,2,3,12,71
2025-12-26 04:47:02.239911,1,1,1,12,71
2025-12-26 04:47:05.099004,1,2,3,12,71
2025-12-26 04:47:08.910815,1,1,3,12,71
2025-12-26 04:47:12.220283,1,1,1,12,71
2025-12-26 04:47:17.180807,1,2,1,12,71
2025-12-26 04:47:21.041285,1,2,1,12,71
2025-12-26 04:47:23.949991,1,2,3,12,71
2025-12-26 04:47:26.860962,1,1,3,12,71
2025-12-26 04:47:29.670781,1,2,1,12,71
2025-12-26 04:47:33.479289,1,1,4,12,71
2025-12-26 04:47:36.895764,1,2,7,12,71
2025-12-26 04:47:40.250226,1,1,1,12,71
2025-12-26 04:47:43.059560,1,2,3,12,71
2025-12-26 04:47:45.973930,1,2,2,12,71
2025-12-26 04:47:49.330747,1,2,1,12,71
2025-12-26 04:47:52.089607,1,2,3,12,71
2025-12-26 04:47:55.498147,1,1,2,12,71
2025-12-26 04:47:59.407725,1,2,1,12,71
2025-12-26 04:48:02.275658,1,2,3,12,71
2025-12-26 04:48:05.080502,1,1,1,12,71
2025-12-26 04:48:08.940106,1,1,1,12,71
2025-12-26 04:48:12.245823,1,2,1,12,71
2025-12-26 04:48:16.110358,1,2,8,12,71
2025-12-26 04:48:19.418548,1,1,2,12,71
2025-12-26 04:48:22.276493,1,1,1,12,71
2025-12-26 04:48:25.137774,1,2,4,12,71
2025-12-26 04:48:28.000451,1,1,4,12,71
2025-12-26 04:48:31.355640,1,2,1,12,71
2025-12-26 04:48:35.116693,1,2,4,12,71
2025-12-26 04:48:38.925605,1,1,1,12,73
2025-12-26 04:48:42.235775,1,2,2,12,74
2025-12-26 04:48:46.544532,1,1,1,12,73
2025-12-26 04:48:50.405205,1,2,1,12,73
2025-12-26 04:48:53.714032,1,2,4,12,73
2025-12-26 04:48:58.025117,1,2,4,12,72
2025-12-26 04:49:02.384372,1,2,1,12,66
2025-12-26 04:49:05.693506,1,2,2,12,63
2025-12-26 04:49:09.503625,1,2,2,12,63
2025-12-26 04:49:13.361401,1,2,3,12,63
2025-12-26 04:49:17.121396,1,2,1,12,63
2025-12-26 04:49:20.991881,1,1,2,12,63
2025-12-26 04:49:23.892896,1,1,4,12,64
2025-12-26 04:49:26.703028,1,1,1,12,64
2025-12-26 04:49:30.562125,1,2,2,12,66
2025-12-26 04:49:33.473352,1,1,3,12,69
2025-12-26 04:49:36.280562,1,1,1,12,72
2025-12-26 04:49:40.592935,1,2,3,12,68
2025-12-26 04:49:44.398904,1,1,2,12,67
2025-12-26 04:49:47.717114,1,2,2,12,67
2025-12-26 04:49:51.543761,1,1,1,12,69
2025-12-26 04:49:55.380087,1,2,1,12,72
2025-12-26 04:49:59.199914,1,2,3,12,73
2025-12-26 04:50:02.997464,1,2,7,12,73
2025-12-26 04:50:06.458410,1,2,9,12,73
2025-12-26 04:50:09.268382,1,2,3,12,73
2025-12-26 04:50:13.182756,1,1,1,12,73
2025-12-26 04:50:16.045163,1,2,2,12,73
2025-12-26 04:50:19.402915,1,1,2,12,73
2025-12-26 04:50:23.157652,1,1,1,12,77
2025-12-26 04:50:26.017848,1,2,1,12,77
2025-12-26 04:50:28.929381,1,2,3,12,80
2025-12-26 04:50:31.741484,1,1,1,12,83
2025-12-26 04:50:34.648039,1,1,1,12,86
2025-12-26 04:50:38.458448,1,1,1,12,89
2025-12-26 04:50:41.768433,1,1,1,12,90
2025-12-26 04:50:44.615953,1,2,3,12,90
2025-12-26 04:50:47.942922,1,1,1,12,89
2025-12-26 04:50:50.745786,1,2,1,12,86
2025-12-26 04:50:54.606340,1,2,3,12,80
2025-12-26 04:50:57.516422,1,1,1,12,78
2025-12-26 04:51:00.338035,1,2,3,12,78
2025-12-26 04:51:03.136206,1,1,2,12,78
2025-12-26 04:51:06.046845,1,2,1,14,78
2025-12-26 04:51:08.977786,1,2,7,15,78
2025-12-26 04:51:11.768718,1,1,1,15,78
2025-12-26 04:51:16.075783,1,2,1,14,78
2025-12-26 04:51:19.434532,1,2,2,14,78
2025-12-26 04:51:22.942852,1,2,2,15,78
2025-12-26 04:51:25.753361,1,1,1,14,78
2025-12-26 04:51:28.663724,1,2,7,16,78
2025-12-26 04:51:32.478684,1,1,1,18,78
2025-12-26 04:51:35.784005,1,1,2,18,78
2025-12-26 04:51:40.103890,1,2,2,17,78
2025-12-26 04:51:44.461404,1,2,5,15,78
2025-12-26 04:51:47.761213,1,2,7,14,78
2025-12-26 04:51:51.571197,1,2,11,13,78
2025-12-26 04:51:55.429902,1,2,5,13,78
2025-12-26 04:51:59.193065,1,2,33,12,75
2025-12-26 04:52:03.048992,1,2,20,12,72
2025-12-26 04:52:05.958274,1,2,4,15,69
2025-12-26 04:52:08.770565,1,2,5,15,66
2025-12-26 04:52:12.636520,1,2,2,17,66
2025-12-26 04:52:15.546507,1,1,1,18,66
2025-12-26 04:52:18.346990,1,2,1,19,66
2025-12-26 04:52:22.656846,1,2,7,20,70
2025-12-26 04:52:25.566794,1,2,1,21,73
2025-12-26 04:52:28.979780,1,2,2,22,76
2025-12-26 04:52:31.788031,1,2,3,22,79
2025-12-26 04:52:34.646405,1,1,4,23,82
2025-12-26 04:52:38.506015,1,2,4,23,85
2025-12-26 04:52:41.815689,1,1,3,23,88
2025-12-26 04:52:45.175307,1,2,5,19,91
2025-12-26 04:52:48.092931,1,1,2,15,87
2025-12-26 04:52:50.999234,1,2,4,13,81
2025-12-26 04:52:53.804759,1,2,3,13,75
2025-12-26 04:52:58.115541,1,2,3,14,72
2025-12-26 04:53:01.476631,1,1,4,14,69
2025-12-26 04:53:05.457400,1,1,4,14,68
2025-12-26 04:53:08.249215,1,2,1,14,68
2025-12-26 04:53:12.106078,1,1,1,14,68
2025-12-26 04:53:15.025762,1,1,3,14,68
2025-12-26 04:53:17.826924,1,2,17,14,68
2025-12-26 04:53:21.633846,1,2,13,14,68
2025-12-26 04:53:24.546657,1,2,11,14,68
2025-12-26 04:53:27.352057,1,2,49,23,68
2025-12-26 04:53:31.212832,1,2,2,24,108
2025-12-26 04:53:34.121757,1,1,1,24,111
2025-12-26 04:53:37.482575,1,1,1,23,114
2025-12-26 04:53:41.240323,1,1,1,23,120
2025-12-26 04:53:44.149093,1,1,1,23,120
2025-12-26 04:53:48.111085,1,2,2,23,114
2025-12-26 04:53:51.021338,1,1,1,23,108
2025-12-26 04:53:53.834470,1,1,3,23,104
2025-12-26 04:53:57.640354,1,1,1,24,101
2025-12-26 04:54:01.500739,1,1,1,24,98
2025-12-26 04:54:05.460952,1,1,1,24,97
2025-12-26 04:54:08.272222,1,1,1,24,97
2025-12-26 04:54:12.129480,1,1,1,24,97
2025-12-26 04:54:15.040881,1,2,1,24,92
2025-12-26 04:54:17.848462,1,1,1,24,86
2025-12-26 04:54:21.657094,1,1,1,23,80
2025-12-26 04:54:24.622612,1,1,2,23,74
2025-12-26 04:54:29.037640,1,1,1,22,68
2025-12-26 04:54:31.837074,1,1,1,22,65
2025-12-26 04:54:34.707394,1,1,3,22,65
2025-12-26 04:54:38.571612,1,1,1,22,65
2025-12-26 04:54:41.870181,1,1,1,22,65
2025-12-26 04:54:45.679219,1,2,1,19,65
2025-12-26 04:54:48.664257,1,1,1,17,65
2025-12-26 04:54:51.393755,1,1,1,15,68
2025-12-26 04:54:55.252525,1,1,1,17,71
2025-12-26 04:54:58.162312,1,1,1,17,71
2025-12-26 04:55:01.522843,1,2,1,16,74
2025-12-26 04:55:05.294473,1,1,1,15,73
2025-12-26 04:55:09.098078,1,1,1,14,70
2025-12-26 04:55:12.403298,1,1,1,12,67
2025-12-26 04:55:16.235394,1,1,1,12,67
2025-12-26 04:55:21.173394,1,2,1,11,67
2025-12-26 04:55:24.087930,1,1,1,11,65
2025-12-26 04:55:26.899192,1,1,1,11,65
2025-12-26 04:55:31.254246,1,2,1,11,65
2025-12-26 04:55:34.163844,1,1,1,11,65
2025-12-26 04:55:37.522960,1,1,1,11,65
2025-12-26 04:55:41.284817,1,2,1,11,65
2025-12-26 04:55:45.144397,1,1,1,11,65
2025-12-26 04:55:48.454490,1,1,1,11,65
2025-12-26 04:55:51.262716,1,1,1,11,65
2025-12-26 04:55:54.171800,1,1,1,11,65
2025-12-26 04:55:57.081875,1,1,1,11,65
2025-12-26 04:56:00.391701,1,1,1,11,65
2025-12-26 04:56:03.204245,1,1,1,11,67
2025-12-26 04:56:06.662166,1,1,1,11,70
2025-12-26 04:56:11.072363,1,1,1,11,76
2025-12-26 04:56:13.880789,1,1,1,11,79
2025-12-26 04:56:16.791654,1,1,1,11,82
2025-12-26 04:56:20.604255,1,1,1,11,83
2025-12-26 04:56:23.910827,1,1,2,11,83
2025-12-26 04:56:27.269873,1,1,1,11,81
2025-12-26 04:56:30.179394,1,1,1,11,75
2025-12-26 04:56:33.090120,1,1,1,11,71
2025-12-26 04:56:35.898285,1,1,1,11,68
2025-12-26 04:56:39.709009,1,1,1,12,65
2025-12-26 04:56:43.566408,1,1,1,14,64
2025-12-26 04:56:47.326390,1,1,1,16,67
2025-12-26 04:56:51.144538,1,1,1,17,70
2025-12-26 04:56:54.452184,1,1,1,20,73
2025-12-26 04:56:58.258594,1,1,1,21,76
2025-12-26 04:57:02.623866,1,1,1,22,82
2025-12-26 04:57:05.933406,1,1,1,22,83
2025-12-26 04:57:09.743277,1,1,1,23,77
2025-12-26 04:57:12.695640,1,1,1,23,72
2025-12-26 04:57:17.101738,1,1,2,23,67
2025-12-26 04:57:19.912558,1,1,1,23,68
2025-12-26 04:57:22.770253,1,2,2,24,68
2025-12-26 04:57:26.628613,1,1,1,24,68
2025-12-26 04:57:29.939351,1,1,1,24,68
2025-12-26 04:57:33.748073,1,2,1,24,68
2025-12-26 04:57:36.658655,1,1,1,24,68
2025-12-26 04:57:39.466683,1,1,1,24,68
2025-12-26 04:57:43.326639,1,1,1,24,68
2025-12-26 04:57:46.240301,1,1,1,24,68
2025-12-26 04:57:49.618353,1,1,1,24,68
2025-12-26 04:57:53.356213,1,1,1,24,68
2025-12-26 04:57:57.273845,1,1,1,24,68
2025-12-26 04:58:00.674995,1,1,1,24,68
2025-12-26 04:58:03.488015,1,2,1,24,68
2025-12-26 04:58:08.828107,1,1,2,24,68
2025-12-26 04:58:11.708375,1,1,1,23,68
2025-12-26 04:58:17.172034,1,1,1,23,68
2025-12-26 04:58:20.528663,1,1,1,23,68
2025-12-26 04:58:23.339505,1,1,1,23,68
2025-12-26 04:58:27.198273,1,1,1,23,68
2025-12-26 04:58:30.509739,1,1,1,23,68
2025-12-26 04:58:34.319697,1,1,1,23,68
2025-12-26 04:58:37.278762,1,1,1,23,67
2025-12-26 04:58:42.643118,1,1,1,23,64
2025-12-26 04:58:45.951313,1,1,1,23,64
2025-12-26 04:58:48.812034,1,1,1,23,64
2025-12-26 04:58:51.722432,1,1,1,23,64
2025-12-26 04:58:54.532198,1,1,1,23,64
2025-12-26 04:58:57.344550,1,2,1,23,64
2025-12-26 04:59:00.250459,1,1,1,23,64
2025-12-26 04:59:03.615918,1,1,1,23,67
2025-12-26 04:59:06.376757,1,1,1,21,70
2025-12-26 04:59:09.281390,1,1,1,19,73
2025-12-26 04:59:12.206495,1,2,1,17,76
2025-12-26 04:59:15.499424,1,1,1,15,79
2025-12-26 04:59:19.366531,1,1,1,14,82
2025-12-26 04:59:22.271378,1,2,1,13,84
2025-12-26 04:59:25.626962,1,1,1,15,81
2025-12-26 04:59:29.386286,1,1,1,15,78
2025-12-26 04:59:33.245738,1,1,1,14,78
2025-12-26 04:59:36.168968,1,1,1,13,78
2025-12-26 04:59:38.966817,1,1,1,13,78
2025-12-26 04:59:42.833505,1,1,1,12,78
2025-12-26 04:59:45.736505,1,2,2,11,78
2025-12-26 04:59:48.550679,1,1,1,11,78
2025-12-26 04:59:52.361590,1,1,1,11,78
2025-12-26 04:59:55.292980,1,1,1,11,78
2025-12-26 04:59:59.175011,1,1,1,11,78
2025-12-26 05:00:01.985180,1,1,1,11,79
2025-12-26 05:00:04.895245,1,1,1,11,82
2025-12-26 05:00:08.705906,1,1,1,11,85
2025-12-26 05:00:12.013767,1,1,1,11,86
2025-12-26 05:00:14.828855,1,1,1,11,86
2025-12-26 05:00:17.735724,1,1,1,11,86
2025-12-26 05:00:20.593088,1,2,2,11,86
2025-12-26 05:00:23.412474,1,1,1,11,84
2025-12-26 05:00:27.264345,1,1,1,11,79
2025-12-26 05:00:30.572009,1,1,1,11,76
2025-12-26 05:00:33.382455,1,1,1,13,73
2025-12-26 05:00:36.291119,1,1,1,14,70
2025-12-26 05:00:39.204004,1,1,2,13,70
2025-12-26 05:00:42.012770,1,1,1,13,70
2025-12-26 05:00:45.824171,1,2,1,12,70
2025-12-26 05:00:49.684949,1,1,1,12,70
2025-12-26 05:00:53.190783,1,1,1,12,70
2025-12-26 05:00:56.001495,1,1,1,12,70
2025-12-26 05:00:58.861993,1,1,1,12,70
2025-12-26 05:01:02.720839,1,1,1,12,71
2025-12-26 05:01:06.029622,1,1,1,12,74
2025-12-26 05:01:09.839886,1,1,1,16,77
2025-12-26 05:01:12.747763,1,1,1,18,80
2025-12-26 05:01:15.562292,1,2,1,16,83
2025-12-26 05:01:19.418381,1,1,1,15,84
2025-12-26 05:01:22.337235,1,1,1,14,82
2025-12-26 05:01:25.688591,1,1,1,13,78
2025-12-26 05:01:29.454401,1,1,1,12,70
2025-12-26 05:01:32.362827,1,1,1,12,67
2025-12-26 05:01:35.767554,1,1,1,11,66
2025-12-26 05:01:38.624638,1,1,1,11,66
2025-12-26 05:01:41.434038,1,1,1,11,66
2025-12-26 05:01:45.299037,1,1,1,11,66
2025-12-26 05:01:48.604429,1,1,1,13,66
2025-12-26 05:01:52.062374,1,1,1,13,66
2025-12-26 05:01:54.874757,1,1,1,12,66
2025-12-26 05:01:57.786407,1,1,1,12,66
2025-12-26 05:02:00.591102,1,1,1,12,66
2025-12-26 05:02:04.409241,1,1,1,12,66
2025-12-26 05:02:08.762298,1,1,1,12,66
2025-12-26 05:02:11.675629,1,1,2,12,66
2025-12-26 05:02:14.436760,1,1,1,12,66
2025-12-26 05:02:18.349151,1,1,1,12,66
2025-12-26 05:02:21.253427,1,1,1,12,67
2025-12-26 05:02:24.061411,1,1,1,12,67
2025-12-26 05:02:27.869508,1,1,1,12,67
2025-12-26 05:02:30.831038,1,1,1,12,67
2025-12-26 05:02:35.241073,1,1,1,12,67
2025-12-26 05:02:38.048974,1,1,1,11,67
2025-12-26 05:02:40.911590,1,1,1,11,67
2025-12-26 05:02:44.769520,1,1,1,11,67
2025-12-26 05:02:48.080201,1,1,1,11,70
2025-12-26 05:02:51.440748,1,1,1,11,72
2025-12-26 05:02:54.347422,1,1,1,11,72
2025-12-26 05:02:57.256940,1,1,1,11,72
2025-12-26 05:03:00.073701,1,1,1,11,72
2025-12-26 05:03:03.876785,1,1,1,11,74
2025-12-26 05:03:07.737071,1,1,1,11,75
2025-12-26 05:03:11.446838,1,2,1,11,73
2025-12-26 05:03:15.408419,1,1,1,11,70
2025-12-26 05:03:18.819643,1,1,1,11,67
2025-12-26 05:03:21.627419,1,1,1,11,67
2025-12-26 05:03:26.441287,1,1,1,11,67
2025-12-26 05:03:29.847242,1,1,1,13,67
2025-12-26 05:03:33.309898,1,1,1,12,67
2025-12-26 05:03:36.618196,1,1,1,12,67
2025-12-26 05:03:40.428150,1,1,1,12,67
2025-12-26 05:03:44.786390,1,1,1,12,67
2025-12-26 05:03:48.096551,1,1,1,12,67
2025-12-26 05:03:51.910575,1,1,1,12,67
2025-12-26 05:03:54.872005,1,1,1,12,67
2025-12-26 05:03:59.327757,1,1,1,12,66
2025-12-26 05:04:02.687872,1,1,1,12,63
2025-12-26 05:04:05.500384,1,1,2,12,62
2025-12-26 05:04:09.358777,1,1,1,12,62
2025-12-26 05:04:12.666599,1,1,1,12,63
2025-12-26 05:04:16.126875,1,1,1,15,66
2025-12-26 05:04:18.938570,1,1,1,16,69
2025-12-26 05:04:21.853240,1,1,1,17,66
2025-12-26 05:04:24.655383,1,1,1,19,63
2025-12-26 05:04:28.468418,1,1,1,19,62
2025-12-26 05:04:32.824794,1,1,1,20,62
2025-12-26 05:04:35.732535,1,1,1,20,62
2025-12-26 05:04:38.494814,1,1,1,21,62
2025-12-26 05:04:42.405499,1,1,1,22,65
2025-12-26 05:04:45.324555,1,1,1,20,68
2025-12-26 05:04:48.175708,1,1,1,20,71
2025-12-26 05:04:51.945748,1,1,1,16,68
2025-12-26 05:04:54.893707,1,1,1,15,65
2025-12-26 05:04:59.304548,1,1,1,14,63
2025-12-26 05:05:02.113399,1,1,1,13,63
2025-12-26 05:05:04.973552,1,1,1,13,63
2025-12-26 05:05:08.835159,1,1,1,16,63
2025-12-26 05:05:12.142381,1,1,1,18,63
2025-12-26 05:05:15.952355,1,1,1,20,63
2025-12-26 05:05:18.860704,1,2,1,21,63
2025-12-26 05:05:21.672017,1,1,1,22,62
2025-12-26 05:05:26.489638,1,1,1,22,62
2025-12-26 05:05:30.894134,1,1,1,23,62
2025-12-26 05:05:33.704781,1,1,1,23,62
2025-12-26 05:05:36.520339,1,1,1,23,62
2025-12-26 05:05:39.423665,1,1,1,23,62
2025-12-26 05:05:42.337936,1,1,1,21,62
2025-12-26 05:05:45.143015,1,1,1,21,62
2025-12-26 05:05:49.002081,1,1,1,17,62
2025-12-26 05:05:51.911072,1,1,1,15,62
2025-12-26 05:05:55.774335,1,1,1,14,62
2025-12-26 05:05:59.541831,1,1,1,13,62
2025-12-26 05:06:03.401599,1,1,1,13,62
2025-12-26 05:06:06.703159,1,1,1,12,62
2025-12-26 05:06:10.511112,1,1,1,12,62
2025-12-26 05:06:14.869298,1,1,1,14,62
2025-12-26 05:06:17.804418,1,1,1,15,62
2025-12-26 05:06:20.537089,1,1,1,16,62
2025-12-26 05:06:24.446347,1,1,1,14,62
2025-12-26 05:06:27.356600,1,1,7,13,62
2025-12-26 05:06:30.184100,1,2,1,13,62
2025-12-26 05:06:33.975550,1,2,9,18,62
2025-12-26 05:06:36.937337,1,2,8,18,62
2025-12-26 05:06:41.346162,1,2,16,16,62
2025-12-26 05:06:44.154938,1,2,5,15,62
2025-12-26 05:06:47.017989,1,2,2,14,64
2025-12-26 05:06:50.873541,1,2,2,13,67
2025-12-26 05:06:54.185927,1,1,4,13,67
2025-12-26 05:06:57.990901,1,1,1,12,67
2025-12-26 05:07:00.902018,1,1,1,12,68
2025-12-26 05:07:03.712743,1,2,7,12,68
2025-12-26 05:07:07.576254,1,2,4,12,68
2025-12-26 05:07:10.481975,1,1,1,12,68
2025-12-26 05:07:13.846561,1,1,1,12,65
2025-12-26 05:07:17.601687,1,2,2,12,63
2025-12-26 05:07:20.912008,1,2,4,12,63
2025-12-26 05:07:23.773193,1,1,1,12,63
2025-12-26 05:07:26.635893,1,2,3,12,64
2025-12-26 05:07:30.494492,1,1,3,12,67
2025-12-26 05:07:33.410692,1,1,1,12,69
2025-12-26 05:07:36.762489,1,2,1,12,69
2025-12-26 05:07:39.573395,1,1,1,12,69
2025-12-26 05:07:42.480777,1,1,1,12,69
2025-12-26 05:07:45.392869,1,2,1,12,69
2025-12-26 05:07:48.224125,1,2,1,12,69
2025-12-26 05:07:52.010563,1,1,1,12,69
2025-12-26 05:07:55.422882,1,2,2,12,69
2025-12-26 05:07:58.783203,1,1,4,12,69
2025-12-26 05:08:01.643684,1,1,1,12,69
2025-12-26 05:08:04.511409,1,2,2,12,69
2025-12-26 05:08:07.868082,1,1,1,12,69
2025-12-26 05:08:11.629799,1,1,1,12,69
2025-12-26 05:08:15.477390,1,1,2,15,69
2025-12-26 05:08:18.392020,1,1,4,19,69
2025-12-26 05:08:21.208410,1,1,1,19,69
2025-12-26 05:08:25.064877,1,2,4,21,69
2025-12-26 05:08:27.971864,1,1,1,22,67
2025-12-26 05:08:30.776452,1,1,1,22,66
2025-12-26 05:08:35.089251,1,1,4,23,66
2025-12-26 05:08:38.895807,1,1,1,22,66
2025-12-26 05:08:42.204239,1,1,1,22,66
2025-12-26 05:08:46.013508,1,2,1,23,64
2025-12-26 05:08:49.875362,1,2,3,23,64
2025-12-26 05:08:53.639643,1,1,1,23,64
2025-12-26 05:08:57.492541,1,2,1,23,64
2025-12-26 05:09:00.404212,1,2,3,23,66
2025-12-26 05:09:03.214383,1,1,1,23,69
2025-12-26 05:09:07.086580,1,1,1,23,69
2025-12-26 05:09:09.989390,1,2,3,23,69
2025-12-26 05:09:12.793750,1,2,2,23,69
2025-12-26 05:09:17.104752,1,2,4,23,69
2025-12-26 05:09:20.912230,1,1,1,23,69
2025-12-26 05:09:24.221680,1,1,1,23,69
2025-12-26 05:09:28.034503,1,2,1,23,69
2025-12-26 05:09:31.893125,1,1,4,23,66
2025-12-26 05:09:35.661679,1,1,2,23,66
2025-12-26 05:09:39.514448,1,1,1,23,66
2025-12-26 05:09:42.422240,1,2,1,23,68
2025-12-26 05:09:45.235694,1,1,1,23,70
2025-12-26 05:09:49.090502,1,1,1,21,70
2025-12-26 05:09:52.002256,1,1,1,18,73
2025-12-26 05:09:54.809767,1,1,1,16,76
2025-12-26 05:09:58.620827,1,2,1,15,74
2025-12-26 05:10:01.532121,1,1,2,13,72
2025-12-26 05:10:05.442197,1,1,1,13,72
2025-12-26 05:10:08.260299,1,2,1,12,75
2025-12-26 05:10:11.160157,1,1,1,12,76
2025-12-26 05:10:14.970401,1,2,1,11,76
2025-12-26 05:10:18.278815,1,1,2,11,76
2025-12-26 05:10:21.140108,1,1,1,11,76
2025-12-26 05:10:24.008789,1,2,1,11,76
2025-12-26 05:10:26.859284,1,1,1,11,76
2025-12-26 05:10:29.669016,1,2,1,11,76
2025-12-26 05:10:33.531389,1,1,1,11,74
2025-12-26 05:10:36.839113,1,1,1,11,71
2025-12-26 05:10:39.649559,1,1,1,11,68
2025-12-26 05:10:42.557753,1,1,1,11,66
2025-12-26 05:10:45.470291,1,1,1,11,66
2025-12-26 05:10:48.277336,1,2,1,11,66
2025-12-26 05:10:52.087694,1,2,1,11,66
2025-12-26 05:10:55.947535,1,2,1,11,66
2025-12-26 05:10:59.456362,1,2,3,12,66
2025-12-26 05:11:02.265782,1,2,5,12,66
2025-12-26 05:11:05.127166,1,2,17,12,66
2025-12-26 05:11:08.984966,1,2,16,13,66
2025-12-26 05:11:12.293591,1,2,10,13,66
2025-12-26 05:11:16.602094,1,2,1,12,66
2025-12-26 05:11:21.016711,1,1,1,12,67
2025-12-26 05:11:23.874533,1,1,1,12,70
2025-12-26 05:11:26.682809,1,1,1,13,73
2025-12-26 05:11:30.593429,1,1,1,14,76
2025-12-26 05:11:33.503771,1,1,1,14,78
2025-12-26 05:11:36.312996,1,1,1,14,78
2025-12-26 05:11:39.172102,1,1,1,14,78
2025-12-26 05:11:42.041512,1,1,1,15,78
2025-12-26 05:11:44.892396,1,1,1,15,79
2025-12-26 05:11:47.713991,1,1,1,15,82
2025-12-26 05:11:51.564202,1,1,1,15,85
2025-12-26 05:11:55.378337,1,1,1,15,87
2025-12-26 05:11:58.131579,1,1,1,15,83
2025-12-26 05:12:01.042448,1,1,1,15,79
2025-12-26 05:12:03.858234,1,1,1,15,75
2025-12-26 05:12:07.762030,1,1,2,16,77
2025-12-26 05:12:10.624288,1,1,1,17,77
2025-12-26 05:12:13.981121,1,1,1,16,77
2025-12-26 05:12:17.489956,1,1,1,16,75
2025-12-26 05:12:20.314708,1,1,1,15,72
2025-12-26 05:12:23.158514,1,1,1,14,69
2025-12-26 05:12:27.018167,1,1,1,13,66
2025-12-26 05:12:30.325725,1,2,1,13,64
2025-12-26 05:12:34.134987,1,1,1,15,64
2025-12-26 05:12:37.095473,1,1,1,17,64
2025-12-26 05:12:41.512206,1,1,2,15,63
2025-12-26 05:12:44.315224,1,1,1,15,63
2025-12-26 05:12:47.176133,1,1,1,13,63
2025-12-26 05:12:51.037926,1,1,1,13,63
2025-12-26 05:12:54.345306,1,1,1,12,63
2025-12-26 05:12:57.704388,1,1,1,15,63
2025-12-26 05:13:00.615949,1,1,1,18,63
2025-12-26 05:13:03.549860,1,1,1,19,63
2025-12-26 05:13:06.334599,1,1,1,19,63
2025-12-26 05:13:10.142606,1,1,1,20,63
2025-12-26 05:13:14.002598,1,1,1,20,63
2025-12-26 05:13:17.963162,1,1,1,21,63
2025-12-26 05:13:20.773092,1,1,2,21,63
2025-12-26 05:13:24.632757,1,1,1,21,66
2025-12-26 05:13:27.544910,1,1,1,20,69
2025-12-26 05:13:30.352914,1,1,1,20,72
2025-12-26 05:13:34.161047,1,1,1,21,75
2025-12-26 05:13:37.122619,1,1,1,21,78
2025-12-26 05:13:41.531977,1,1,1,21,79
2025-12-26 05:13:44.340376,1,1,1,20,77
2025-12-26 05:13:47.200647,1,2,1,20,72
2025-12-26 05:13:51.061428,1,1,1,20,69
2025-12-26 05:13:54.370458,1,1,1,21,67
2025-12-26 05:13:58.182227,1,1,1,21,65
2025-12-26 05:14:01.090954,1,1,1,21,65
2025-12-26 05:14:03.897731,1,1,1,21,65
2025-12-26 05:14:07.809455,1,1,1,22,65
2025-12-26 05:14:10.668388,1,1,1,22,65
2025-12-26 05:14:13.982397,1,2,1,22,65
2025-12-26 05:14:17.343140,1,1,1,22,65
2025-12-26 05:14:20.199250,1,1,1,22,65
2025-12-26 05:14:24.114612,1,2,2,23,65
2025-12-26 05:14:26.969808,1,1,1,23,65
2025-12-26 05:14:29.781210,1,1,1,23,65
2025-12-26 05:14:33.649511,1,1,1,23,65
2025-12-26 05:14:37.555013,1,1,1,23,65
2025-12-26 05:14:40.360875,1,1,1,23,64
2025-12-26 05:14:43.222176,1,1,1,23,64
2025-12-26 05:14:46.130918,1,1,1,23,66
2025-12-26 05:14:49.069851,1,1,2,22,68
2025-12-26 05:14:52.756234,1,1,1,22,68
2025-12-26 05:14:55.711736,1,1,1,22,68
2025-12-26 05:15:00.131598,1,1,1,22,68
2025-12-26 05:15:02.984742,1,1,1,22,68
2025-12-26 05:15:05.795671,1,1,1,22,67
2025-12-26 05:15:09.650893,1,1,1,22,65
2025-12-26 05:15:15.115837,1,1,1,22,70
2025-12-26 05:15:17.990081,1,1,1,22,73
2025-12-26 05:15:20.783092,1,1,1,22,75
2025-12-26 05:15:24.692603,1,1,1,21,75
2025-12-26 05:15:27.608768,1,1,1,21,75
2025-12-26 05:15:31.513142,1,1,2,21,75
2025-12-26 05:15:34.822765,1,1,1,21,76
2025-12-26 05:15:38.682194,1,1,1,21,82
2025-12-26 05:15:41.590156,1,1,1,20,82
2025-12-26 05:15:44.410248,1,1,1,20,82
2025-12-26 05:15:47.261996,1,1,1,21,82
2025-12-26 05:15:51.120999,1,1,1,20,82
2025-12-26 05:15:54.031544,1,1,1,18,82
2025-12-26 05:15:56.792710,1,2,1,19,80
2025-12-26 05:16:00.710301,1,1,1,21,77
2025-12-26 05:16:03.609600,1,1,1,22,74
2025-12-26 05:16:06.421047,1,1,1,22,71
2025-12-26 05:16:10.229047,1,1,1,19,70
2025-12-26 05:16:13.189701,1,1,1,16,70
2025-12-26 05:16:17.601623,1,1,1,16,73
2025-12-26 05:16:20.416005,1,1,1,14,76
2025-12-26 05:16:23.270744,1,2,3,16,75
2025-12-26 05:16:27.130948,1,1,1,17,73
2025-12-26 05:16:30.440248,1,1,1,18,70
2025-12-26 05:16:33.800507,1,1,2,19,67
2025-12-26 05:16:36.708900,1,1,1,21,64
2025-12-26 05:16:39.620177,1,1,1,21,63
2025-12-26 05:16:42.427910,1,1,1,21,63
2025-12-26 05:16:46.237635,1,1,1,22,63
2025-12-26 05:16:50.107512,1,1,1,22,64
2025-12-26 05:16:53.458336,1,1,1,23,70
2025-12-26 05:16:56.317349,1,1,1,23,73
2025-12-26 05:17:00.178580,1,1,1,22,74
2025-12-26 05:17:03.035673,1,1,1,23,74
2025-12-26 05:17:05.844245,1,1,1,22,74
2025-12-26 05:17:09.708857,1,1,1,21,74
2025-12-26 05:17:13.717985,1,1,1,17,74
2025-12-26 05:17:17.627105,1,1,1,15,73
2025-12-26 05:17:20.433805,1,1,1,14,70
2025-12-26 05:17:23.295002,1,1,1,13,68
2025-12-26 05:17:27.151475,1,1,3,13,68
2025-12-26 05:17:30.461667,1,1,1,13,67
2025-12-26 05:17:34.273008,1,1,1,12,67
2025-12-26 05:17:37.179323,1,1,1,14,67
2025-12-26 05:17:40.006031,1,1,1,16,68
2025-12-26 05:17:43.869424,1,1,2,17,71
2025-12-26 05:17:46.761592,1,1,1,18,74
2025-12-26 05:17:50.120884,1,1,1,19,77
2025-12-26 05:17:53.878341,1,2,1,20,83
2025-12-26 05:17:57.704274,1,1,1,21,85
2025-12-26 05:18:00.997940,1,1,1,22,85
2025-12-26 05:18:04.808136,1,1,1,22,85
2025-12-26 05:18:09.169042,1,1,1,22,76
2025-12-26 05:18:12.477014,1,1,1,22,74
2025-12-26 05:18:16.286326,1,1,1,20,74
2025-12-26 05:18:19.201764,1,1,1,18,72
2025-12-26 05:18:22.005320,1,1,1,17,69
2025-12-26 05:18:25.865173,1,1,1,17,69
2025-12-26 05:18:28.778881,1,2,1,17,69
2025-12-26 05:18:32.139379,1,1,2,16,69
2025-12-26 05:18:36.497267,1,1,1,16,69
2025-12-26 05:18:39.306335,1,1,1,16,69
2025-12-26 05:18:42.214668,1,1,1,16,66
2025-12-26 05:18:45.075694,1,1,1,17,65
2025-12-26 05:18:47.955633,1,1,3,16,65
2025-12-26 05:18:51.746144,1,1,1,16,65
2025-12-26 05:18:55.053079,1,1,4,16,65
2025-12-26 05:18:57.861801,1,1,1,16,65
2025-12-26 05:19:01.323398,1,1,1,16,65
2025-12-26 05:19:04.271951,1,1,1,16,65
2025-12-26 05:19:07.041383,1,1,1,16,63
2025-12-26 05:19:10.852780,1,1,1,16,62
2025-12-26 05:19:14.714182,1,1,1,16,62
2025-12-26 05:19:18.073187,1,1,1,16,63
2025-12-26 05:19:20.883568,1,1,1,16,63
2025-12-26 05:19:24.791913,1,1,1,16,63
2025-12-26 05:19:27.703569,1,1,1,16,63
2025-12-26 05:19:30.513929,1,1,1,16,63
2025-12-26 05:19:34.831154,1,1,1,15,63
2025-12-26 05:19:38.832957,1,1,1,15,63
2025-12-26 05:19:42.246463,1,1,1,15,63
2025-12-26 05:19:45.103213,1,1,1,15,63
2025-12-26 05:19:47.915475,1,2,12,16,63
2025-12-26 05:19:51.781637,1,1,1,16,63
2025-12-26 05:19:55.134464,1,1,1,16,63
2025-12-26 05:19:57.896511,1,2,5,16,63
2025-12-26 05:20:00.801408,1,2,18,16,63
2025-12-26 05:20:03.710609,1,2,15,16,66
2025-12-26 05:20:06.521979,1,2,21,16,69
2025-12-26 05:20:10.332937,1,2,5,13,70
2025-12-26 05:20:14.188575,1,2,1,15,67
2025-12-26 05:20:19.700647,1,1,3,16,71
2025-12-26 05:20:22.508273,1,1,1,19,74
2025-12-26 05:20:25.419098,1,2,8,20,77
2025-12-26 05:20:28.281150,1,2,5,21,80
2025-12-26 05:20:31.089183,1,1,1,22,83
2025-12-26 05:20:34.901024,1,2,3,23,86
2025-12-26 05:20:37.811315,1,1,4,24,88
2025-12-26 05:20:41.723036,1,2,1,24,87
2025-12-26 05:20:44.531301,1,2,6,25,87
2025-12-26 05:20:47.444462,1,2,4,25,87
2025-12-26 05:20:51.251889,1,1,1,22,87
2025-12-26 05:20:55.263875,1,1,1,17,83
2025-12-26 05:20:58.075684,1,1,3,15,77
2025-12-26 05:21:03.386472,1,1,3,14,68
2025-12-26 05:21:06.294047,1,2,3,16,65
2025-12-26 05:21:09.154661,1,1,1,18,65
2025-12-26 05:21:11.967658,1,2,1,16,65
2025-12-26 05:21:14.872171,1,2,5,15,65
2025-12-26 05:21:18.736179,1,2,1,13,65
2025-12-26 05:21:21.542832,1,2,1,13,65
2025-12-26 05:21:25.450315,1,1,2,12,65
2025-12-26 05:21:28.312851,1,2,3,12,65
2025-12-26 05:21:31.121325,1,2,4,12,65
2025-12-26 05:21:34.979778,1,2,4,15,65
2025-12-26 05:21:37.840967,1,1,2,17,64
2025-12-26 05:21:41.749582,1,2,1,18,63
2025-12-26 05:21:44.557400,1,2,1,20,63
2025-12-26 05:21:47.469783,1,2,2,20,64
2025-12-26 05:21:51.281587,1,1,1,21,67
2025-12-26 05:21:54.189936,1,1,1,19,68
2025-12-26 05:21:56.949581,1,1,6,17,68
2025-12-26 05:22:00.858180,1,1,1,16,68
2025-12-26 05:22:03.770222,1,2,1,16,68
2025-12-26 05:22:06.579728,1,2,2,16,68
2025-12-26 05:22:10.888836,1,1,1,15,68
2025-12-26 05:22:14.298271,1,2,1,17,68
2025-12-26 05:22:17.159298,1,1,4,18,71
2025-12-26 05:22:20.017318,1,2,1,19,71
2025-12-26 05:22:22.877131,1,2,1,19,73
2025-12-26 05:22:26.247737,1,2,4,20,71
2025-12-26 05:22:30.000265,1,1,1,21,69
2025-12-26 05:22:32.859603,1,2,2,22,72
2025-12-26 05:22:35.769076,1,2,6,22,75
2025-12-26 05:22:38.577032,1,2,1,22,78
2025-12-26 05:22:41.448723,1,1,1,21,81
2025-12-26 05:22:45.303403,1,1,1,20,81
2025-12-26 05:22:48.614076,1,2,2,19,77
2025-12-26 05:22:51.417650,1,2,2,18,74
2025-12-26 05:22:54.326395,1,1,1,18,71
2025-12-26 05:22:57.185537,1,2,5,17,70
2025-12-26 05:22:59.994642,1,1,1,17,70
2025-12-26 05:23:03.869963,1,2,1,17,70
2025-12-26 05:23:07.165729,1,2,3,16,68
2025-12-26 05:23:10.622669,1,2,1,15,67
2025-12-26 05:23:13.431868,1,1,1,15,67
2025-12-26 05:23:16.342476,1,1,1,15,67
2025-12-26 05:23:19.152959,1,1,1,17,67
2025-12-26 05:23:22.966776,1,2,1,16,67
2025-12-26 05:23:27.321967,1,2,2,15,67
2025-12-26 05:23:30.783024,1,2,3,17,67
2025-12-26 05:23:33.592035,1,2,1,17,67
2025-12-26 05:23:37.500592,1,1,1,19,67
2025-12-26 05:23:40.365582,1,2,3,18,67
2025-12-26 05:23:43.170467,1,2,5,16,67
2025-12-26 05:23:47.481494,1,2,1,16,67
2025-12-26 05:23:50.341012,1,2,1,15,67
2025-12-26 05:23:53.209207,1,2,1,16,70
2025-12-26 05:23:56.057948,1,1,4,17,70
2025-12-26 05:23:58.927215,1,1,1,19,73
2025-12-26 05:24:02.277620,1,2,4,18,75
2025-12-26 05:24:06.090154,1,1,5,18,75
2025-12-26 05:24:09.549745,1,2,2,18,75
2025-12-26 05:24:12.355509,1,1,3,19,75
2025-12-26 05:24:15.217456,1,1,1,20,72
2025-12-26 05:24:18.086476,1,1,4,21,70
2025-12-26 05:24:21.887948,1,1,2,21,70
2025-12-26 05:24:25.194324,1,2,1,22,67
2025-12-26 05:24:28.656213,1,1,1,22,66
2025-12-26 05:24:32.015924,1,1,3,23,64
2025-12-26 05:24:34.926219,1,2,1,23,64
2025-12-26 05:24:38.285345,1,2,3,23,64
2025-12-26 05:24:42.046003,1,1,3,23,64
2025-12-26 05:24:45.903238,1,1,5,24,64
2025-12-26 05:24:48.883448,1,2,14,18,64
2025-12-26 05:24:52.172592,1,2,13,16,64
2025-12-26 05:24:56.031629,1,2,3,24,106
2025-12-26 05:24:58.943866,1,1,2,23,109
2025-12-26 05:25:02.302430,1,2,3,23,112
2025-12-26 05:25:06.060207,1,2,1,23,118
2025-12-26 05:25:09.922000,1,1,2,23,121
2025-12-26 05:25:12.843132,1,1,1,21,115
2025-12-26 05:25:15.641003,1,1,1,21,109
2025-12-26 05:25:19.500015,1,2,1,18,104
2025-12-26 05:25:22.417009,1,1,1,18,101
2025-12-26 05:25:25.217107,1,1,1,18,98
2025-12-26 05:25:30.080225,1,1,2,18,90
2025-12-26 05:25:33.390210,1,1,2,16,86
2025-12-26 05:25:36.249598,1,1,1,13,83
2025-12-26 05:25:39.057229,1,2,2,12,80
2025-12-26 05:25:42.973685,1,1,1,11,78
2025-12-26 05:25:45.879937,1,1,2,12,78
2025-12-26 05:25:48.686629,1,1,2,12,78
2025-12-26 05:25:51.551121,1,1,1,13,78
2025-12-26 05:25:54.407331,1,1,1,13,76
2025-12-26 05:25:57.268311,1,2,3,13,73
2025-12-26 05:26:00.124912,1,1,1,13,73
2025-12-26 05:26:03.935011,1,1,3,13,73
2025-12-26 05:26:07.241939,1,2,1,13,70
2025-12-26 05:26:10.056146,1,2,1,13,67
2025-12-26 05:26:12.967288,1,1,1,13,64
2025-12-26 05:26:15.872791,1,1,1,13,63
2025-12-26 05:26:18.682794,1,2,1,13,63
2025-12-26 05:26:22.490895,1,1,1,13,63
2025-12-26 05:26:26.351640,1,2,1,13,63
2025-12-26 05:26:31.013840,1,2,1,13,63
2025-12-26 05:26:34.422058,1,1,2,13,63
2025-12-26 05:26:37.236929,1,1,1,14,63
2025-12-26 05:26:41.041056,1,1,1,14,63
2025-12-26 05:26:45.400337,1,2,2,15,63
2025-12-26 05:26:48.710366,1,2,3,15,63
2025-12-26 05:26:52.070826,1,2,3,18,65
2025-12-26 05:26:54.980500,1,1,2,19,68
2025-12-26 05:26:57.890324,1,1,2,18,71
2025-12-26 05:27:00.706024,1,2,1,18,74
2025-12-26 05:27:04.512167,1,2,1,16,73
2025-12-26 05:27:08.372376,1,2,1,16,70
2025-12-26 05:27:11.679339,1,1,2,16,65
2025-12-26 05:27:14.589946,1,2,1,16,65
2025-12-26 05:27:18.448151,1,1,2,16,65
2025-12-26 05:27:21.307546,1,2,2,17,65
2025-12-26 05:27:24.165401,1,1,2,19,68
2025-12-26 05:27:27.976895,1,1,1,20,71
2025-12-26 05:27:31.437846,1,2,1,21,74
2025-12-26 05:27:34.247712,1,1,1,22,77
2025-12-26 05:27:38.104965,1,1,1,22,75
2025-12-26 05:27:41.022779,1,2,2,20,71
2025-12-26 05:27:44.380171,1,1,1,20,68
2025-12-26 05:27:48.138131,1,1,1,20,64
2025-12-26 05:27:51.000971,1,1,1,21,62
2025-12-26 05:27:53.909883,1,2,3,21,62
2025-12-26 05:27:56.721064,1,1,2,22,62
2025-12-26 05:27:59.603911,1,2,2,22,63
2025-12-26 05:28:03.436251,1,1,1,22,66
2025-12-26 05:28:06.746890,1,2,3,22,69
2025-12-26 05:28:09.556045,1,2,1,22,69
2025-12-26 05:28:12.467912,1,1,1,21,70
2025-12-26 05:28:15.324713,1,1,1,21,70
2025-12-26 05:28:18.221105,1,1,1,20,70
2025-12-26 05:28:21.995690,1,1,1,20,70
2025-12-26 05:28:25.303805,1,1,1,19,70
2025-12-26 05:28:28.112365,1,2,1,18,70
2025-12-26 05:28:31.023901,1,1,1,19,70
2025-12-26 05:28:33.943892,1,2,2,18,70
2025-12-26 05:28:36.742043,1,2,2,18,70
2025-12-26 05:28:40.549298,1,1,3,17,70
2025-12-26 05:28:44.417364,1,1,1,17,70
2025-12-26 05:28:47.773687,1,2,2,17,70
2025-12-26 05:28:50.635747,1,2,2,17,70
2025-12-26 05:28:54.496897,1,1,1,17,70
2025-12-26 05:28:57.352977,1,2,1,16,70
2025-12-26 05:29:00.209911,1,1,2,16,72
2025-12-26 05:29:04.026494,1,1,3,16,75
2025-12-26 05:29:08.431331,1,1,1,16,76
2025-12-26 05:29:11.347224,1,1,1,15,81
2025-12-26 05:29:14.198757,1,2,2,15,81
2025-12-26 05:29:17.059622,1,1,1,15,84
2025-12-26 05:29:20.421371,1,2,1,15,84
2025-12-26 05:29:24.182903,1,1,2,15,84
2025-12-26 05:29:27.039982,1,1,2,15,78
2025-12-26 05:29:29.950613,1,2,1,15,73
2025-12-26 05:29:32.763862,1,2,1,15,70
2025-12-26 05:29:35.679308,1,2,1,15,67
2025-12-26 05:29:39.478078,1,2,2,15,64
2025-12-26 05:29:42.788236,1,1,1,15,64
2025-12-26 05:29:45.595685,1,2,1,15,64
2025-12-26 05:29:48.504263,1,1,1,17,64
2025-12-26 05:29:51.364609,1,1,1,17,64
2025-12-26 05:29:54.174787,1,1,1,17,66
2025-12-26 05:29:58.036237,1,1,1,17,67
2025-12-26 05:30:01.343326,1,1,2,17,67
2025-12-26 05:30:04.760135,1,2,1,17,67
2025-12-26 05:30:07.670272,1,2,1,17,67
2025-12-26 05:30:10.523143,1,1,1,17,67
2025-12-26 05:30:13.338260,1,1,1,17,67
2025-12-26 05:30:17.143283,1,2,1,16,67
2025-12-26 05:30:21.005413,1,2,1,16,73
2025-12-26 05:30:24.374771,1,1,1,17,75
2025-12-26 05:30:27.178412,1,1,1,17,75
2025-12-26 05:30:31.085212,1,2,1,16,75
2025-12-26 05:30:33.993946,1,2,2,16,77
2025-12-26 05:30:37.311617,1,1,2,16,80
2025-12-26 05:30:40.124577,1,2,1,14,83
2025-12-26 05:30:43.522601,1,2,4,13,83
2025-12-26 05:30:46.332134,1,1,1,13,85
2025-12-26 05:30:51.647115,1,1,2,12,86
2025-12-26 05:30:54.555278,1,2,3,12,86
2025-12-26 05:30:57.412672,1,1,1,12,86
2025-12-26 05:31:00.223367,1,1,4,12,84
2025-12-26 05:31:04.035524,1,2,1,12,78
2025-12-26 05:31:07.343239,1,1,3,15,73
2025-12-26 05:31:11.672859,1,1,2,14,67
2025-12-26 05:31:15.513736,1,1,1,13,65
2025-12-26 05:31:18.821461,1,1,1,12,65
2025-12-26 05:31:22.630270,1,2,2,11,64
2025-12-26 05:31:25.551240,1,1,1,11,62
2025-12-26 05:31:28.350892,1,2,4,11,62
2025-12-26 05:31:33.667112,1,1,1,11,62
2025-12-26 05:31:36.584979,1,1,1,11,62
2025-12-26 05:31:39.432268,1,2,4,11,64
2025-12-26 05:31:42.445368,1,2,3,11,67
2025-12-26 05:31:45.202644,1,1,1,11,70
2025-12-26 05:31:49.112600,1,2,2,11,73
2025-12-26 05:31:52.022713,1,1,2,12,75
2025-12-26 05:31:54.837582,1,1,1,12,75
2025-12-26 05:31:59.141592,1,1,1,13,75
2025-12-26 05:32:03.109432,1,1,1,15,76
2025-12-26 05:32:06.016181,1,1,1,16,79
2025-12-26 05:32:08.819829,1,2,4,16,82
2025-12-26 05:32:11.732844,1,2,3,16,84
2025-12-26 05:32:15.554495,1,1,1,16,84
2025-12-26 05:32:18.848604,1,1,1,16,78
2025-12-26 05:32:23.156568,1,1,1,16,73
2025-12-26 05:32:27.166907,1,1,1,16,67
2025-12-26 05:32:30.578436,1,1,1,16,65
2025-12-26 05:32:33.443615,1,2,2,16,65
2025-12-26 05:32:36.299480,1,1,2,16,65
2025-12-26 05:32:40.108739,1,1,1,16,65
2025-12-26 05:32:43.422788,1,1,1,16,65
2025-12-26 05:32:46.286665,1,2,4,16,65
2025-12-26 05:32:49.138231,1,1,1,16,65
2025-12-26 05:32:52.508437,1,2,2,16,65
2025-12-26 05:32:55.269779,1,2,2,15,65
2025-12-26 05:32:58.169884,1,2,4,15,65
2025-12-26 05:33:04.196296,1,1,1,14,65
2025-12-26 05:33:07.591911,1,1,1,14,65
2025-12-26 05:33:10.399842,1,1,1,14,65
2025-12-26 05:33:15.213479,1,2,1,14,65
2025-12-26 05:33:18.623456,1,2,3,14,63
2025-12-26 05:33:21.982177,1,2,1,15,63
2025-12-26 05:33:25.340791,1,2,1,16,63
2025-12-26 05:33:28.151036,1,1,1,16,63
2025-12-26 05:33:31.081941,1,1,1,16,63
2025-12-26 05:33:33.869231,1,2,3,16,63
2025-12-26 05:33:37.729340,1,2,2,16,63
2025-12-26 05:33:40.639697,1,1,1,16,65
2025-12-26 05:33:44.549732,1,1,2,16,68
2025-12-26 05:33:47.859815,1,2,2,16,74
2025-12-26 05:33:50.771894,1,1,1,16,77
2025-12-26 05:33:54.082932,1,2,3,16,80
2025-12-26 05:33:56.889339,1,1,3,16,83
2025-12-26 05:33:59.750199,1,2,3,16,86
2025-12-26 05:34:03.208775,1,1,2,16,86
2025-12-26 05:34:06.669036,1,1,1,16,86
2025-12-26 05:34:10.091256,1,1,3,16,86
2025-12-26 05:34:12.890071,1,2,1,16,85
2025-12-26 05:34:17.198708,1,1,2,16,84
2025-12-26 05:34:20.589188,1,1,3,16,84
2025-12-26 05:34:24.372287,1,2,2,16,85
2025-12-26 05:34:28.298069,1,1,1,16,85
2025-12-26 05:34:31.200867,1,2,1,16,85
2025-12-26 05:34:34.100311,1,2,1,17,87
2025-12-26 05:34:36.909152,1,1,3,17,90
2025-12-26 05:34:40.718953,1,1,1,17,90
2025-12-26 05:34:43.634763,1,1,1,17,90
2025-12-26 05:34:46.439214,1,1,1,17,90
2025-12-26 05:34:50.301477,1,1,1,17,90
2025-12-26 05:34:53.211088,1,1,1,17,90
2025-12-26 05:34:56.569908,1,2,1,17,89
2025-12-26 05:35:00.330918,1,1,1,17,80
2025-12-26 05:35:04.155451,1,1,1,17,77
2025-12-26 05:35:07.457752,1,2,1,17,74
2025-12-26 05:35:11.811222,1,1,1,17,74
2025-12-26 05:35:15.122526,1,1,1,17,74
2025-12-26 05:35:17.929215,1,2,1,18,74
2025-12-26 05:35:21.891363,1,1,1,19,74
2025-12-26 05:35:25.752222,1,1,1,18,74
2025-12-26 05:35:28.661217,1,2,1,18,74
2025-12-26 05:35:31.479101,1,2,3,18,74
2025-12-26 05:35:35.836195,1,2,1,18,72
2025-12-26 05:35:39.643840,1,2,1,20,69
2025-12-26 05:35:42.953478,1,2,3,19,66
2025-12-26 05:35:45.762729,1,1,2,19,68
2025-12-26 05:35:48.672117,1,1,2,18,71
2025-12-26 05:35:51.984547,1,1,2,18,74
2025-12-26 05:35:54.844044,1,2,2,18,76
2025-12-26 05:35:57.704201,1,2,3,18,73
2025-12-26 05:36:01.113322,1,2,5,18,70
2025-12-26 05:36:04.421876,1,2,1,18,67
2025-12-26 05:36:07.237683,1,2,2,18,67
2025-12-26 05:36:10.152845,1,2,3,18,67
2025-12-26 05:36:12.949610,1,2,1,18,67
2025-12-26 05:36:16.769883,1,1,1,18,67
2025-12-26 05:36:19.670756,1,2,3,18,67
2025-12-26 05:36:22.479895,1,1,1,18,67
2025-12-26 05:36:27.799187,1,2,3,18,73
2025-12-26 05:36:30.705471,1,1,2,17,76
2025-12-26 05:36:33.560806,1,1,1,17,79
2025-12-26 05:36:37.474768,1,1,4,17,82
2025-12-26 05:36:42.334967,1,1,1,19,84
2025-12-26 05:36:46.200838,1,2,1,18,80
2025-12-26 05:36:49.506005,1,2,1,16,77
2025-12-26 05:36:53.314768,1,2,1,16,74
2025-12-26 05:36:57.675220,1,2,3,15,73
2025-12-26 05:37:01.186551,1,2,3,15,76
2025-12-26 05:37:04.498177,1,2,2,15,79
2025-12-26 05:37:08.420595,1,2,2,15,82
2025-12-26 05:37:11.264343,1,1,2,14,79
2025-12-26 05:37:14.627196,1,2,19,14,75
2025-12-26 05:37:18.384795,1,2,7,14,77
2025-12-26 05:37:21.292352,1,2,19,14,80
2025-12-26 05:37:24.702907,1,2,3,14,83
2025-12-26 05:37:27.562773,1,2,1,13,85
2025-12-26 05:37:30.375109,1,2,1,12,81
2025-12-26 05:37:34.243277,1,1,2,11,75
2025-12-26 05:37:37.543143,1,1,1,11,71
2025-12-26 05:37:41.401808,1,2,2,11,68
2025-12-26 05:37:44.259937,1,1,1,11,65
2025-12-26 05:37:48.173149,1,2,1,11,64
2025-12-26 05:37:50.980092,1,2,2,11,64
2025-12-26 05:37:53.841066,1,1,1,11,64
2025-12-26 05:37:57.700610,1,2,1,11,64
2025-12-26 05:38:01.211503,1,2,1,11,64
2025-12-26 05:38:04.522090,1,1,1,11,64
2025-12-26 05:38:09.831657,1,1,1,11,64
2025-12-26 05:38:12.741416,1,1,1,11,64
2025-12-26 05:38:15.599977,1,1,1,11,64
2025-12-26 05:38:18.411610,1,1,1,11,64
2025-12-26 05:38:21.270267,1,2,3,11,64
2025-12-26 05:38:24.193627,1,1,1,11,64
2025-12-26 05:38:26.989369,1,2,3,11,64
2025-12-26 05:38:29.860148,1,1,1,11,64
2025-12-26 05:38:33.716089,1,1,4,11,64
2025-12-26 05:38:37.021320,1,2,3,11,64
2025-12-26 05:38:39.829497,1,1,1,11,64
2025-12-26 05:38:42.738390,1,2,3,11,64
2025-12-26 05:38:45.598820,1,1,1,13,64
2025-12-26 05:38:48.459414,1,1,3,14,64
2025-12-26 05:38:52.268374,1,1,1,17,64
2025-12-26 05:38:55.579205,1,1,1,19,64
2025-12-26 05:38:58.436947,1,2,2,17,64
2025-12-26 05:39:01.323853,1,1,1,15,64
2025-12-26 05:39:04.207000,1,2,1,14,64
2025-12-26 05:39:07.017730,1,2,5,14,64
2025-12-26 05:39:10.826975,1,1,1,12,64
2025-12-26 05:39:14.686235,1,2,1,12,64
2025-12-26 05:39:17.994825,1,1,4,11,64
2025-12-26 05:39:20.857575,1,1,1,11,64
2025-12-26 05:39:24.765344,1,1,5,11,64
2025-12-26 05:39:27.624192,1,2,2,11,64
2025-12-26 05:39:30.486073,1,1,1,11,64
2025-12-26 05:39:34.293353,1,1,1,11,64
2025-12-26 05:39:37.756962,1,1,1,11,64
2025-12-26 05:39:40.562465,1,1,2,11,64
2025-12-26 05:39:44.422121,1,1,1,12,64
2025-12-26 05:39:47.332753,1,2,3,15,64
2025-12-26 05:39:50.693550,1,1,1,17,64
2025-12-26 05:39:54.451227,1,2,22,19,64
2025-12-26 05:39:57.364074,1,2,18,18,106
2025-12-26 05:40:00.770052,1,2,32,24,109
2025-12-26 05:40:03.628744,1,2,5,24,112
2025-12-26 05:40:06.438926,1,1,5,24,115
2025-12-26 05:40:10.305926,1,1,1,24,118
2025-12-26 05:40:13.616740,1,2,2,22,121
2025-12-26 05:40:17.075422,1,1,1,20,115
2025-12-26 05:40:19.882421,1,2,4,19,109
2025-12-26 05:40:22.790526,1,2,1,17,103
2025-12-26 05:40:25.598188,1,1,1,17,97
2025-12-26 05:40:29.957123,1,1,2,16,85
2025-12-26 05:40:33.772012,1,1,1,16,80
2025-12-26 05:40:36.677550,1,1,1,17,77
2025-12-26 05:40:39.484245,1,2,5,17,74
2025-12-26 05:40:43.347439,1,1,2,16,72
2025-12-26 05:40:46.275512,1,1,1,15,72
2025-12-26 05:40:49.065248,1,1,2,15,72
2025-12-26 05:40:52.876404,1,2,1,14,72
2025-12-26 05:40:56.732635,1,1,1,13,72
2025-12-26 05:41:00.244937,1,2,1,16,72
2025-12-26 05:41:03.051739,1,1,2,18,72
2025-12-26 05:41:05.918300,1,1,1,19,72
2025-12-26 05:41:09.779004,1,2,4,18,69
2025-12-26 05:41:13.090592,1,1,1,16,68
2025-12-26 05:41:16.888582,1,1,1,13,71
2025-12-26 05:41:19.803149,1,1,1,13,74
2025-12-26 05:41:22.610034,1,1,1,12,76
2025-12-26 05:41:27.970168,1,1,1,12,76
2025-12-26 05:41:30.831070,1,1,1,11,76
2025-12-26 05:41:33.691310,1,1,1,11,76
2025-12-26 05:41:37.501658,1,2,1,11,76
2025-12-26 05:41:40.361956,1,2,1,11,76
2025-12-26 05:41:43.270562,1,2,2,11,76
2025-12-26 05:41:46.087249,1,1,1,11,76
2025-12-26 05:41:49.945425,1,2,4,11,76
2025-12-26 05:41:52.887463,1,2,2,11,75
2025-12-26 05:41:56.714431,1,1,1,11,74
2025-12-26 05:41:59.476000,1,1,1,11,74
2025-12-26 05:42:02.385422,1,2,1,11,72
2025-12-26 05:42:06.291564,1,1,1,11,72
2025-12-26 05:42:09.105051,1,1,1,11,72
2025-12-26 05:42:11.961471,1,1,1,11,72
2025-12-26 05:42:15.368456,1,1,1,11,72
2025-12-26 05:42:18.279706,1,1,1,11,72
2025-12-26 05:42:21.552530,1,2,2,11,72
2025-12-26 05:42:25.398338,1,1,5,11,72
2025-12-26 05:42:28.309733,1,1,1,11,72
2025-12-26 05:42:31.118968,1,2,1,11,72
2025-12-26 05:42:35.425219,1,1,3,11,72
2025-12-26 05:42:38.835825,1,2,4,11,77
2025-12-26 05:42:41.707276,1,1,1,11,77
2025-12-26 05:42:44.503431,1,2,1,11,77
2025-12-26 05:42:47.413359,1,2,1,11,77
2025-12-26 05:42:50.772466,1,1,1,11,77
2025-12-26 05:42:54.534020,1,2,3,11,77
2025-12-26 05:42:58.341797,1,1,1,11,77
2025-12-26 05:43:01.651274,1,1,1,11,77
2025-12-26 05:43:05.463009,1,1,1,11,77
2025-12-26 05:43:09.328101,1,1,1,11,77
2025-12-26 05:43:12.138540,1,1,4,11,77
2025-12-26 05:43:15.051178,1,1,1,11,77
2025-12-26 05:43:19.404512,1,1,5,11,77
2025-12-26 05:43:22.312490,1,1,3,11,77
2025-12-26 05:43:25.121703,1,2,1,11,77
2025-12-26 05:43:28.933973,1,1,1,13,77
2025-12-26 05:43:32.790182,1,2,2,14,77
2025-12-26 05:43:36.552806,1,2,5,14,77
2025-12-26 05:43:39.957922,1,1,1,14,77
2025-12-26 05:43:42.867230,1,1,1,14,77
2025-12-26 05:43:45.730502,1,2,4,14,77
2025-12-26 05:43:48.541546,1,1,1,14,77
2025-12-26 05:43:52.412220,1,2,2,14,77
2025-12-26 05:43:55.716621,1,1,1,14,77
2025-12-26 05:43:59.667655,1,1,1,14,77
2025-12-26 05:44:03.976423,1,2,4,14,75
2025-12-26 05:44:06.888316,1,1,2,14,75
2025-12-26 05:44:09.746098,1,2,3,14,74
2025-12-26 05:44:12.561237,1,1,1,14,73
2025-12-26 05:44:16.419186,1,2,1,14,70
2025-12-26 05:44:19.728319,1,2,1,13,69
2025-12-26 05:44:22.603417,1,2,4,12,69
2025-12-26 05:44:25.460370,1,1,5,12,71
2025-12-26 05:44:28.359016,1,1,1,12,74
2025-12-26 05:44:31.167617,1,2,2,12,77
2025-12-26 05:44:35.476781,1,1,3,13,80
2025-12-26 05:44:39.337935,1,2,2,15,82
2025-12-26 05:44:42.162526,1,2,5,17,85
2025-12-26 05:44:45.066961,1,1,1,19,88
2025-12-26 05:44:48.919063,1,2,8,17,91
2025-12-26 05:44:51.778239,1,2,2,16,85
2025-12-26 05:44:54.637557,1,1,1,15,80
2025-12-26 05:44:57.442500,1,2,1,15,77
2025-12-26 05:45:00.356346,1,1,4,15,74
2025-12-26 05:45:03.163083,1,1,1,14,72
2025-12-26 05:45:06.072773,1,2,3,14,71
2025-12-26 05:45:09.890315,1,1,1,14,70
2025-12-26 05:45:13.191579,1,1,1,14,70
2025-12-26 05:45:16.051747,1,2,3,15,68
2025-12-26 05:45:18.920071,1,1,1,16,65
2025-12-26 05:45:22.371577,1,1,1,18,62
2025-12-26 05:45:25.180504,1,1,1,18,64
2025-12-26 05:45:28.990014,1,1,1,16,67
2025-12-26 05:45:33.904122,1,1,1,15,68
2025-12-26 05:45:36.815145,1,1,1,14,65
2025-12-26 05:45:39.620384,1,2,1,13,62
2025-12-26 05:45:43.481003,1,2,1,12,62
2025-12-26 05:45:46.390195,1,2,3,12,62
2025-12-26 05:45:49.206179,1,2,4,12,62
2025-12-26 05:45:53.010764,1,2,5,13,62
2025-12-26 05:45:55.920694,1,1,1,14,62
2025-12-26 05:45:58.731109,1,1,1,14,62
2025-12-26 05:46:04.048054,1,2,1,15,62
2025-12-26 05:46:06.953454,1,2,2,15,62
2025-12-26 05:46:09.810829,1,2,5,15,62
2025-12-26 05:46:12.626413,1,1,1,15,62
2025-12-26 05:46:15.480920,1,2,2,15,62
2025-12-26 05:46:18.391749,1,1,1,16,62
2025-12-26 05:46:22.202654,1,1,1,16,62
2025-12-26 05:46:26.060303,1,1,1,16,62
2025-12-26 05:46:28.983102,1,2,3,15,63
2025-12-26 05:46:32.831553,1,1,4,14,69
2025-12-26 05:46:35.639697,1,1,1,14,69
2025-12-26 05:46:38.502413,1,1,2,15,72
2025-12-26 05:46:42.410520,1,2,1,16,78
2025-12-26 05:46:45.220973,1,1,1,15,81
2025-12-26 05:46:48.130416,1,1,1,14,81
2025-12-26 05:46:52.042606,1,2,1,13,81
2025-12-26 05:46:54.949307,1,1,1,13,81
2025-12-26 05:46:57.810587,1,1,1,12,81
2025-12-26 05:47:00.669623,1,2,4,12,81
2025-12-26 05:47:03.980766,1,2,2,12,81
2025-12-26 05:47:07.339432,1,2,3,13,81
2025-12-26 05:47:10.650982,1,1,1,14,81
2025-12-26 05:47:13.962325,1,1,1,14,81
2025-12-26 05:47:16.768422,1,2,2,14,81
2025-12-26 05:47:22.084417,1,1,5,15,86
2025-12-26 05:47:24.991120,1,2,2,15,89
2025-12-26 05:47:27.851232,1,1,1,16,89
2025-12-26 05:47:30.659979,1,1,6,16,86
2025-12-26 05:47:34.479904,1,1,1,15,86
2025-12-26 05:47:37.780284,1,1,1,14,80
2025-12-26 05:47:42.090551,1,1,1,14,72
2025-12-26 05:47:45.950001,1,1,1,14,69
2025-12-26 05:47:49.258916,1,1,1,14,66
2025-12-26 05:47:52.674285,1,1,1,14,66
2025-12-26 05:47:55.979370,1,1,1,14,67
2025-12-26 05:47:58.787283,1,2,3,13,70
2025-12-26 05:48:04.155155,1,1,1,13,70
2025-12-26 05:48:07.010551,1,2,3,13,70
2025-12-26 05:48:09.870886,1,1,2,13,70
2025-12-26 05:48:12.679947,1,2,3,14,70
2025-12-26 05:48:16.490079,1,1,4,15,70
2025-12-26 05:48:21.368742,1,2,1,16,70
2025-12-26 05:48:23.111584,1,1,1,17,70
2025-12-26 05:48:26.020710,1,1,1,17,70
2025-12-26 05:48:30.482640,1,1,1,18,70
2025-12-26 05:48:33.846113,1,1,1,19,70
2025-12-26 05:48:36.703596,1,2,2,20,71
2025-12-26 05:48:40.514443,1,1,1,20,74
2025-12-26 05:48:43.825403,1,1,1,21,76
2025-12-26 05:48:47.639805,1,1,1,21,75
2025-12-26 05:48:52.697602,1,1,3,22,70
2025-12-26 05:48:56.010278,1,1,1,22,70
2025-12-26 05:48:58.819217,1,1,1,23,70
2025-12-26 05:49:04.129100,1,1,3,23,71
2025-12-26 05:49:07.039111,1,1,1,23,74
2025-12-26 05:49:09.897987,1,2,1,24,77
2025-12-26 05:49:12.707404,1,2,1,22,80
2025-12-26 05:49:16.519895,1,1,5,20,81
2025-12-26 05:49:19.825246,1,2,1,17,81
2025-12-26 05:49:24.137441,1,2,1,17,76
2025-12-26 05:49:28.007427,1,1,1,16,74
2025-12-26 05:49:31.309253,1,1,1,16,74
2025-12-26 05:49:35.279625,1,2,1,16,74
2025-12-26 05:49:38.177435,1,2,6,16,74
2025-12-26 05:49:41.040069,1,2,3,16,74
2025-12-26 05:49:43.848591,1,2,2,16,74
2025-12-26 05:49:47.658597,1,2,1,16,74
2025-12-26 05:49:52.018368,1,1,3,16,74
2025-12-26 05:49:54.878445,1,2,3,16,74
2025-12-26 05:49:57.694369,1,1,2,16,74
2025-12-26 05:50:01.598451,1,2,1,16,74
2025-12-26 05:50:04.510450,1,2,4,16,74
2025-12-26 05:50:07.319513,1,2,2,16,74
2025-12-26 05:50:10.685998,1,2,1,16,74
2025-12-26 05:50:13.587757,1,1,2,16,74
2025-12-26 05:50:16.498981,1,2,1,16,71
2025-12-26 05:50:19.859418,1,2,6,16,68
2025-12-26 05:50:24.172446,1,1,5,16,65
2025-12-26 05:50:28.030701,1,2,2,16,65
2025-12-26 05:50:30.891253,1,2,3,16,65
2025-12-26 05:50:33.700846,1,1,2,16,65
2025-12-26 05:50:37.610599,1,1,2,15,65
2025-12-26 05:50:40.520751,1,2,6,15,64
2025-12-26 05:50:43.837520,1,1,2,15,64
2025-12-26 05:50:46.641547,1,1,3,15,64
2025-12-26 05:50:50.048742,1,2,3,15,64
2025-12-26 05:50:52.859841,1,2,4,15,63
2025-12-26 05:50:56.720401,1,1,2,15,63
2025-12-26 05:50:59.630198,1,1,2,15,63
2025-12-26 05:51:02.990728,1,1,3,15,63
2025-12-26 05:51:07.453266,1,2,3,15,63
2025-12-26 05:51:10.712707,1,2,2,16,63
2025-12-26 05:51:13.620971,1,2,2,16,63
2025-12-26 05:51:16.536560,1,2,2,16,62
2025-12-26 05:51:19.341887,1,1,2,16,62
2025-12-26 05:51:23.151156,1,2,4,17,62
2025-12-26 05:51:28.062128,1,2,3,17,62
2025-12-26 05:51:30.921748,1,2,5,17,62
2025-12-26 05:51:33.783621,1,2,3,17,62
2025-12-26 05:51:37.641776,1,1,3,17,62
2025-12-26 05:51:40.552522,1,2,1,17,62
2025-12-26 05:51:43.366208,1,1,2,17,62
2025-12-26 05:51:46.220779,1,2,2,17,62
2025-12-26 05:51:49.081993,1,1,1,17,62
2025-12-26 05:51:51.948379,1,1,1,17,62
2025-12-26 05:51:54.800049,1,2,2,17,62
2025-12-26 05:51:58.610014,1,2,2,17,62
2025-12-26 05:52:01.919521,1,2,4,17,63
2025-12-26 05:52:05.381162,1,2,2,17,66
2025-12-26 05:52:08.242287,1,1,1,17,69
2025-12-26 05:52:11.097368,1,2,3,16,69
2025-12-26 05:52:13.906509,1,1,1,16,69
2025-12-26 05:52:17.720515,1,1,1,15,69
2025-12-26 05:52:21.579333,1,1,4,15,65
2025-12-26 05:52:25.388356,1,1,2,15,65
2025-12-26 05:52:28.248760,1,1,1,15,65
2025-12-26 05:52:31.107561,1,1,1,15,65
2025-12-26 05:52:33.975307,1,1,1,15,65
2025-12-26 05:52:36.778404,1,2,2,15,65
2025-12-26 05:52:40.638372,1,1,1,14,65
2025-12-26 05:52:43.548741,1,2,1,12,65
2025-12-26 05:52:46.858029,1,2,1,12,65
2025-12-26 05:52:49.669310,1,2,7,11,65
2025-12-26 05:52:52.577837,1,2,22,11,65
2025-12-26 05:52:55.393625,1,2,20,11,65
2025-12-26 05:52:59.194969,1,2,31,24,106
2025-12-26 05:53:02.104494,1,2,15,24,109
2025-12-26 05:53:04.927313,1,2,5,24,112
2025-12-26 05:53:08.783267,1,2,5,23,115
2025-12-26 05:53:11.684897,1,2,7,23,118
2025-12-26 05:53:15.045586,1,2,1,23,121
2025-12-26 05:53:18.805618,1,2,1,20,109
2025-12-26 05:53:21.663889,1,2,5,18,103
2025-12-26 05:53:24.574431,1,1,1,17,97
2025-12-26 05:53:27.381941,1,2,2,16,94
2025-12-26 05:53:30.293396,1,1,1,15,91
2025-12-26 05:53:34.102919,1,2,10,15,88
2025-12-26 05:53:37.413536,1,2,14,14,86
2025-12-26 05:53:40.221237,1,2,27,14,86
2025-12-26 05:53:43.133558,1,2,4,14,86
2025-12-26 05:53:45.992271,1,2,1,14,86
2025-12-26 05:53:48.807526,1,1,2,14,88
2025-12-26 05:53:52.668412,1,1,1,14,88
2025-12-26 05:53:55.976017,1,1,1,16,86
2025-12-26 05:53:58.780394,1,2,2,17,86
2025-12-26 05:54:02.291867,1,1,5,18,86
2025-12-26 05:54:05.155554,1,2,6,19,86
2025-12-26 05:54:07.960191,1,2,1,20,86
2025-12-26 05:54:12.269917,1,1,1,20,86
2025-12-26 05:54:16.129821,1,1,1,21,86
2025-12-26 05:54:18.992022,1,2,1,21,86
2025-12-26 05:54:21.805072,1,1,2,21,86
2025-12-26 05:54:25.726513,1,2,1,21,80
2025-12-26 05:54:28.636270,1,2,1,21,75
2025-12-26 05:54:31.432540,1,2,3,21,72
2025-12-26 05:54:35.240590,1,1,3,17,69
2025-12-26 05:54:38.151172,1,1,1,16,67
2025-12-26 05:54:40.959710,1,2,8,14,67
2025-12-26 05:54:45.771287,1,1,5,14,68
2025-12-26 05:54:49.205419,1,1,1,13,68
2025-12-26 05:54:52.040159,1,1,1,13,68
2025-12-26 05:54:55.454172,1,1,1,12,68
2025-12-26 05:54:58.308692,1,2,3,12,68
2025-12-26 05:55:01.170991,1,1,1,12,68
2025-12-26 05:55:04.038646,1,2,2,12,68
2025-12-26 05:55:06.838972,1,1,1,12,68
2025-12-26 05:55:10.697411,1,2,2,12,68
2025-12-26 05:55:14.007785,1,1,2,12,67
2025-12-26 05:55:16.816350,1,1,1,12,64
2025-12-26 05:55:19.726503,1,1,4,14,67
2025-12-26 05:55:22.635654,1,1,1,14,68
2025-12-26 05:55:25.453003,1,1,1,14,68
2025-12-26 05:55:29.755894,1,2,1,16,68
2025-12-26 05:55:33.219095,1,1,1,17,69
2025-12-26 05:55:36.633710,1,1,1,18,72
2025-12-26 05:55:39.438611,1,2,1,19,75
2025-12-26 05:55:42.347007,1,2,1,20,78
2025-12-26 05:55:46.168804,1,2,5,21,80
2025-12-26 05:55:49.465122,1,2,1,21,80
2025-12-26 05:55:53.278231,1,1,1,22,80
2025-12-26 05:55:56.184513,1,1,1,23,80
2025-12-26 05:55:58.997649,1,2,6,23,83
2025-12-26 05:56:02.902872,1,2,4,23,84
2025-12-26 05:56:05.774733,1,1,1,23,83
2025-12-26 05:56:09.121849,1,2,1,24,83
2025-12-26 05:56:12.941602,1,1,4,24,83
2025-12-26 05:56:15.742621,1,2,1,24,83
2025-12-26 05:56:18.652418,1,2,1,24,83
2025-12-26 05:56:21.461434,1,2,1,24,81
2025-12-26 05:56:24.370659,1,1,1,24,78
2025-12-26 05:56:28.181065,1,1,1,24,76
2025-12-26 05:56:31.490442,1,1,1,24,76
2025-12-26 05:56:34.304712,1,2,3,24,74
2025-12-26 05:56:37.211338,1,2,3,24,74
2025-12-26 05:56:40.071267,1,1,1,24,74
2025-12-26 05:56:42.931501,1,2,2,24,74
2025-12-26 05:56:46.742405,1,1,2,22,74
2025-12-26 05:56:49.700752,1,1,1,18,74
2025-12-26 05:56:53.012819,1,2,1,17,74
2025-12-26 05:56:57.822153,1,1,1,17,74
2025-12-26 05:57:01.707177,1,1,2,16,73
2025-12-26 05:57:04.497340,1,1,2,16,71
2025-12-26 05:57:08.352212,1,2,4,17,71
2025-12-26 05:57:11.261671,1,1,1,18,72
2025-12-26 05:57:15.122094,1,2,1,20,75
2025-12-26 05:57:18.884721,1,2,1,21,81
2025-12-26 05:57:22.744294,1,1,10,21,84
2025-12-26 05:57:26.052162,1,1,3,23,87
2025-12-26 05:57:30.413153,1,1,1,23,89
2025-12-26 05:57:34.823033,1,1,1,20,89
2025-12-26 05:57:38.233745,1,2,3,16,83
2025-12-26 05:57:41.041588,1,1,1,16,78
2025-12-26 05:57:46.354793,1,1,1,16,72
2025-12-26 05:57:49.265721,1,1,1,16,70
2025-12-26 05:57:52.133110,1,2,5,16,70
2025-12-26 05:57:54.897845,1,1,3,16,70
2025-12-26 05:57:58.745304,1,1,1,16,70
2025-12-26 05:58:02.066566,1,1,1,15,70
2025-12-26 05:58:05.863176,1,2,1,15,70
2025-12-26 05:58:09.727193,1,2,1,17,72
2025-12-26 05:58:12.535331,1,1,2,19,75
2025-12-26 05:58:15.401119,1,1,1,20,78
2025-12-26 05:58:19.259781,1,1,2,18,81
2025-12-26 05:58:22.116041,1,1,2,17,78
2025-12-26 05:58:24.924082,1,2,2,16,75
2025-12-26 05:58:28.792604,1,1,2,15,73
2025-12-26 05:58:32.096311,1,1,5,15,73
2025-12-26 05:58:34.902331,1,2,1,14,73
2025-12-26 05:58:37.812239,1,2,12,14,73
2025-12-26 05:58:40.721481,1,1,3,14,73
2025-12-26 05:58:43.541349,1,2,1,14,73
2025-12-26 05:58:47.841661,1,2,3,17,75
2025-12-26 05:58:51.200985,1,2,3,18,78
2025-12-26 05:58:54.712677,1,2,15,19,84
2025-12-26 05:58:57.520476,1,1,3,20,87
2025-12-26 05:59:00.381097,1,2,4,21,85
2025-12-26 05:59:04.241002,1,2,3,22,80
2025-12-26 05:59:07.551922,1,2,3,22,77
2025-12-26 05:59:11.361882,1,1,1,24,76
2025-12-26 05:59:14.278208,1,1,1,24,77
2025-12-26 05:59:17.081515,1,2,5,25,77
2025-12-26 05:59:21.893885,1,2,1,25,77
2025-12-26 05:59:25.752015,1,2,1,25,77
2025-12-26 05:59:28.564854,1,1,1,25,77
2025-12-26 05:59:31.922284,1,2,4,25,77
2025-12-26 05:59:34.833674,1,1,1,20,77
2025-12-26 05:59:37.742615,1,1,1,19,72
2025-12-26 05:59:42.379165,1,2,1,19,69
2025-12-26 05:59:44.411087,1,2,4,21,70
2025-12-26 05:59:47.321571,1,2,5,20,73
2025-12-26 05:59:50.780694,1,2,7,19,76
2025-12-26 05:59:54.139311,1,2,20,18,70
2025-12-26 05:59:56.950566,1,2,15,17,70
2025-12-26 05:59:59.861299,1,1,4,16,67
2025-12-26 06:00:03.221166,1,1,1,16,64
2025-12-26 06:00:06.981784,1,2,6,15,63
2025-12-26 06:00:09.894260,1,1,2,15,63
2025-12-26 06:00:13.751881,1,1,1,15,66
2025-12-26 06:00:16.562614,1,2,3,15,69
2025-12-26 06:00:20.420085,1,1,1,15,72
2025-12-26 06:00:23.330816,1,1,1,15,75
2025-12-26 06:00:26.141646,1,1,1,15,78
2025-12-26 06:00:30.151943,1,1,1,15,78
2025-12-26 06:00:33.016526,1,2,6,13,78
2025-12-26 06:00:35.873926,1,1,1,12,78
2025-12-26 06:00:39.189939,1,2,1,12,78
2025-12-26 06:00:41.997412,1,1,2,12,78
2025-12-26 06:00:44.911993,1,1,1,15,78
2025-12-26 06:00:48.817599,1,2,1,16,82
2025-12-26 06:00:52.174348,1,1,2,18,82
2025-12-26 06:00:55.034793,1,1,1,19,78
2025-12-26 06:00:59.887982,1,1,1,20,74
2025-12-26 06:01:02.164967,1,2,4,22,71
2025-12-26 06:01:06.129835,1,1,1,22,68
2025-12-26 06:01:09.574960,1,1,1,21,67
2025-12-26 06:01:12.435451,1,2,1,19,67
2025-12-26 06:01:16.297960,1,2,2,17,67
2025-12-26 06:01:19.606477,1,1,1,15,67
2025-12-26 06:01:23.418291,1,1,1,14,67
2025-12-26 06:01:26.326986,1,1,1,13,65
2025-12-26 06:01:29.134173,1,2,2,13,62
2025-12-26 06:01:34.447784,1,2,6,12,62
2025-12-26 06:01:37.360280,1,1,1,12,62
2025-12-26 06:01:40.218428,1,1,1,12,62
2025-12-26 06:01:43.075243,1,2,3,12,62
2025-12-26 06:01:45.887100,1,1,1,12,62
2025-12-26 06:01:48.797425,1,1,1,12,62
2025-12-26 06:01:51.605455,1,1,2,12,62
2025-12-26 06:01:54.467266,1,2,2,12,62
2025-12-26 06:01:58.326110,1,1,1,12,62
2025-12-26 06:02:01.635068,1,1,1,14,62
2025-12-26 06:02:04.443956,1,2,6,14,62
2025-12-26 06:02:07.353252,1,1,1,14,62
2025-12-26 06:02:10.216191,1,1,1,14,62
2025-12-26 06:02:13.024117,1,1,2,14,62
2025-12-26 06:02:16.884282,1,1,1,14,62
2025-12-26 06:02:20.196517,1,1,1,14,62
2025-12-26 06:02:23.048224,1,1,5,14,62
2025-12-26 06:02:25.907928,1,1,1,14,62
2025-12-26 06:02:28.817997,1,1,1,14,62
2025-12-26 06:02:31.627163,1,1,1,14,62
2025-12-26 06:02:35.436701,1,1,2,14,62
2025-12-26 06:02:39.299452,1,1,1,14,62
2025-12-26 06:02:42.655647,1,1,1,13,62
2025-12-26 06:02:45.516450,1,2,3,13,62
2025-12-26 06:02:49.378052,1,1,1,12,62
2025-12-26 06:02:52.235037,1,1,1,12,62
2025-12-26 06:02:55.094097,1,1,1,12,62
2025-12-26 06:02:58.902597,1,1,1,12,62
2025-12-26 06:03:01.863671,1,1,1,12,62
2025-12-26 06:03:05.172304,1,1,1,12,62
2025-12-26 06:03:09.032929,1,2,1,12,62
2025-12-26 06:03:11.943678,1,1,1,12,62
2025-12-26 06:03:15.301990,1,1,1,12,62
2025-12-26 06:03:19.069807,1,2,1,12,62
2025-12-26 06:03:21.982201,1,1,2,12,62
2025-12-26 06:03:25.838075,1,1,2,12,64
2025-12-26 06:03:28.641366,1,1,1,12,67
2025-12-26 06:03:32.500455,1,2,4,12,70
2025-12-26 06:03:35.411348,1,1,1,12,73
2025-12-26 06:03:38.218288,1,1,1,12,76
2025-12-26 06:03:42.031325,1,2,1,12,77
2025-12-26 06:03:44.946923,1,1,5,12,75
2025-12-26 06:03:48.851196,1,1,2,12,69
2025-12-26 06:03:51.660536,1,1,1,12,66
2025-12-26 06:03:54.520998,1,1,3,12,66
2025-12-26 06:03:58.380144,1,1,1,12,66
2025-12-26 06:04:01.288977,1,1,1,12,66
2025-12-26 06:04:04.100522,1,2,6,12,66
2025-12-26 06:04:07.960408,1,1,1,12,66
2025-12-26 06:04:11.370970,1,1,1,12,66
2025-12-26 06:04:14.680071,1,1,1,12,66
2025-12-26 06:04:17.539483,1,1,1,12,66
2025-12-26 06:04:20.399066,1,1,1,12,66
2025-12-26 06:04:23.209397,1,1,1,12,66
2025-12-26 06:04:27.087248,1,2,3,12,66
2025-12-26 06:04:29.978336,1,1,1,12,66
2025-12-26 06:04:33.339052,1,2,1,12,65
2025-12-26 06:04:37.099866,1,2,1,12,65
2025-12-26 06:04:40.907903,1,1,1,12,65
2025-12-26 06:04:44.217549,1,1,1,12,65
2025-12-26 06:04:48.113451,1,1,1,12,65
2025-12-26 06:04:52.387216,1,2,1,12,65
2025-12-26 06:04:55.703807,1,2,9,12,65
2025-12-26 06:04:59.507813,1,2,10,14,65
2025-12-26 06:05:02.925970,1,1,4,15,65
2025-12-26 06:05:06.277745,1,1,1,16,65
2025-12-26 06:05:09.090367,1,2,1,18,65
2025-12-26 06:05:11.996773,1,1,2,17,65
2025-12-26 06:05:15.360012,1,1,1,17,65
2025-12-26 06:05:19.117341,1,2,1,17,66
2025-12-26 06:05:22.028556,1,1,1,16,69
2025-12-26 06:05:25.886087,1,1,1,14,72
2025-12-26 06:05:28.703723,1,2,1,14,75
2025-12-26 06:05:32.607493,1,2,2,12,75
2025-12-26 06:05:35.467090,1,1,1,12,75
2025-12-26 06:05:38.276710,1,1,1,11,75
2025-12-26 06:05:42.241294,1,1,1,11,72
2025-12-26 06:05:46.045068,1,1,1,15,71
2025-12-26 06:05:49.456049,1,1,1,17,71
2025-12-26 06:05:52.317603,1,2,3,19,71
2025-12-26 06:05:55.123813,1,1,1,20,71
2025-12-26 06:05:58.984867,1,1,1,21,71
2025-12-26 06:06:02.293862,1,1,1,22,71
2025-12-26 06:06:05.104028,1,1,1,23,71
2025-12-26 06:06:08.012561,1,2,1,23,70
2025-12-26 06:06:10.923409,1,1,2,23,67
2025-12-26 06:06:13.736945,1,1,1,23,67
2025-12-26 06:06:17.540906,1,1,1,23,67
2025-12-26 06:06:20.502240,1,1,1,23,67
2025-12-26 06:06:24.912046,1,2,1,20,67
2025-12-26 06:06:27.721076,1,1,3,19,67
2025-12-26 06:06:30.582502,1,1,1,20,67
2025-12-26 06:06:34.441608,1,1,1,21,67
2025-12-26 06:06:37.750125,1,2,1,21,67
2025-12-26 06:06:41.165219,1,1,1,22,70
2025-12-26 06:06:44.470842,1,1,1,23,73
2025-12-26 06:06:47.282999,1,1,1,23,76
2025-12-26 06:06:51.146414,1,1,1,24,79
2025-12-26 06:06:54.047136,1,1,1,24,82
2025-12-26 06:06:57.409197,1,2,1,24,85
2025-12-26 06:07:01.372909,1,1,2,25,87
2025-12-26 06:07:04.137803,1,1,1,24,87
2025-12-26 06:07:08.041833,1,1,1,18,87
2025-12-26 06:07:10.948654,1,1,1,19,87
2025-12-26 06:07:13.756245,1,1,1,19,87
2025-12-26 06:07:17.566235,1,1,1,20,87
2025-12-26 06:07:20.976432,1,2,1,21,81
2025-12-26 06:07:24.335979,1,1,4,19,72
2025-12-26 06:07:27.145784,1,1,1,19,72
2025-12-26 06:07:30.066107,1,1,1,20,74
2025-12-26 06:07:33.414894,1,1,1,21,77
2025-12-26 06:07:37.174363,1,2,1,20,79
2025-12-26 06:07:41.033316,1,1,1,18,79
2025-12-26 06:07:43.946411,1,1,1,15,79
2025-12-26 06:07:46.767139,1,1,1,15,77
2025-12-26 06:07:50.620807,1,1,1,13,78
2025-12-26 06:07:53.524268,1,1,1,14,79
2025-12-26 06:07:56.333767,1,1,1,15,78
2025-12-26 06:08:00.143799,1,1,1,17,81
2025-12-26 06:08:03.053425,1,1,1,16,84
2025-12-26 06:08:06.961987,1,1,1,15,82
2025-12-26 06:08:09.771846,1,1,3,15,80
2025-12-26 06:08:12.631573,1,1,1,14,74
2025-12-26 06:08:16.492501,1,1,1,14,70
2025-12-26 06:08:19.400971,1,1,1,14,67
2025-12-26 06:08:22.161011,1,1,1,14,64
2025-12-26 06:08:26.073962,1,1,1,15,62
2025-12-26 06:08:28.981381,1,1,1,16,62
2025-12-26 06:08:31.791080,1,1,2,16,62
2025-12-26 06:08:35.605560,1,1,1,17,62
2025-12-26 06:08:39.459595,1,1,1,17,62
2025-12-26 06:08:42.967389,1,1,2,17,68
2025-12-26 06:08:45.784926,1,1,3,17,71
2025-12-26 06:08:48.639352,1,1,1,17,74
2025-12-26 06:08:52.498854,1,1,1,17,77
2025-12-26 06:08:55.808194,1,1,1,16,80
2025-12-26 06:08:59.622770,1,1,1,16,81
2025-12-26 06:09:02.527863,1,1,1,17,78
2025-12-26 06:09:05.333596,1,1,1,16,77
2025-12-26 06:09:09.196938,1,1,1,16,77
2025-12-26 06:09:12.104310,1,1,3,16,77
2025-12-26 06:09:15.464559,1,1,1,16,75
2025-12-26 06:09:19.223215,1,1,1,16,71
2025-12-26 06:09:23.131313,1,1,1,16,71
2025-12-26 06:09:26.541674,1,1,1,16,70
2025-12-26 06:09:29.350495,1,1,1,16,70
2025-12-26 06:09:33.261007,1,1,3,16,70
2025-12-26 06:09:36.120659,1,1,1,16,69
2025-12-26 06:09:39.482030,1,2,1,15,67
2025-12-26 06:09:43.442410,1,2,1,15,64
2025-12-26 06:09:46.217516,1,1,2,15,64
2025-12-26 06:09:50.113811,1,1,1,14,64
2025-12-26 06:09:53.023113,1,1,1,13,64
2025-12-26 06:09:55.829087,1,1,1,13,64
2025-12-26 06:10:00.140021,1,1,1,12,64
2025-12-26 06:10:05.205404,1,1,1,12,64
2025-12-26 06:10:08.110078,1,1,1,12,64
2025-12-26 06:10:11.020569,1,1,1,12,64
2025-12-26 06:10:13.832862,1,1,1,12,62
2025-12-26 06:10:18.137278,1,1,1,12,62
2025-12-26 06:10:21.497402,1,1,1,12,62
2025-12-26 06:10:25.258877,1,1,1,12,62
2025-12-26 06:10:29.070346,1,1,1,13,62
2025-12-26 06:10:32.377320,1,1,1,14,62
2025-12-26 06:10:36.185735,1,1,3,15,64
2025-12-26 06:10:40.546004,1,1,2,15,65
2025-12-26 06:10:43.857932,1,1,1,15,65
2025-12-26 06:10:48.166232,1,1,1,15,65
2025-12-26 06:10:52.525166,1,1,1,16,62
2025-12-26 06:10:55.835186,1,1,1,16,62
2025-12-26 06:10:59.653753,1,1,4,16,62
2025-12-26 06:11:03.504473,1,1,1,16,62
2025-12-26 06:11:07.265385,1,1,2,16,62
2025-12-26 06:11:11.123362,1,1,1,16,62
2025-12-26 06:11:14.032499,1,1,1,16,62
2025-12-26 06:11:16.854020,1,1,1,16,62
2025-12-26 06:11:20.749892,1,1,1,16,62
2025-12-26 06:11:23.615397,1,1,1,16,62
2025-12-26 06:11:26.419405,1,1,1,16,62
2025-12-26 06:11:30.228815,1,1,1,16,62
2025-12-26 06:11:35.240350,1,1,1,16,62
2025-12-26 06:11:38.151635,1,1,1,16,62
2025-12-26 06:11:41.060309,1,1,1,16,62
2025-12-26 06:11:43.872981,1,2,1,16,62
2025-12-26 06:11:47.679128,1,1,1,16,62
2025-12-26 06:11:51.538424,1,2,3,16,62
2025-12-26 06:11:55.499117,1,1,3,16,62
2025-12-26 06:11:58.268077,1,1,1,16,62
2025-12-26 06:12:02.168665,1,1,1,16,62
2025-12-26 06:12:05.078656,1,1,1,16,62
2025-12-26 06:12:07.887645,1,1,1,16,62
2025-12-26 06:12:11.697076,1,1,1,16,62
2025-12-26 06:12:14.657269,1,1,1,16,62
2025-12-26 06:12:19.082344,1,1,1,16,62
2025-12-26 06:12:21.875985,1,1,1,16,62
2025-12-26 06:12:24.738316,1,1,1,16,62
2025-12-26 06:12:28.598211,1,2,2,16,62
2025-12-26 06:12:31.911379,1,1,1,16,62
2025-12-26 06:12:35.264419,1,1,1,16,62
2025-12-26 06:12:38.175127,1,1,1,16,62
2025-12-26 06:12:41.084749,1,1,1,16,62
2025-12-26 06:12:43.892627,1,1,1,16,62
2025-12-26 06:12:47.703697,1,1,1,16,62
2025-12-26 06:12:51.569496,1,1,1,16,62
2025-12-26 06:12:54.920281,1,1,1,16,62
2025-12-26 06:12:57.732627,1,1,1,16,62
2025-12-26 06:13:01.652216,1,1,1,16,62
2025-12-26 06:13:04.499987,1,1,1,17,62
2025-12-26 06:13:07.309216,1,1,1,17,62
2025-12-26 06:13:11.170890,1,2,1,17,62
2025-12-26 06:13:14.477115,1,1,1,17,64
2025-12-26 06:13:17.287396,1,1,1,17,65
2025-12-26 06:13:20.195824,1,1,1,17,65
2025-12-26 06:13:23.106983,1,1,1,17,65
2025-12-26 06:13:25.916925,1,1,1,17,65
2025-12-26 06:13:29.723557,1,2,1,17,65
2025-12-26 06:13:33.583422,1,1,1,17,65
2025-12-26 06:13:36.892623,1,1,1,17,65
2025-12-26 06:13:39.754288,1,1,1,17,65
2025-12-26 06:13:43.662855,1,1,1,17,65
2025-12-26 06:13:46.522800,1,1,1,17,65
2025-12-26 06:13:49.384464,1,1,2,17,65
2025-12-26 06:13:53.191577,1,1,1,17,65
2025-12-26 06:13:56.149532,1,1,1,17,65
2025-12-26 06:13:59.461925,1,1,1,17,65
2025-12-26 06:14:03.371050,1,1,2,17,65
2025-12-26 06:14:06.241872,1,1,1,17,62
2025-12-26 06:14:09.597656,1,1,1,17,62
2025-12-26 06:14:13.347847,1,1,1,17,62
2025-12-26 06:14:16.310192,1,1,1,17,62
2025-12-26 06:14:20.216601,1,1,1,16,62
2025-12-26 06:14:23.126448,1,1,1,16,62
2025-12-26 06:14:25.935641,1,1,1,16,62
2025-12-26 06:14:29.744889,1,1,1,16,62
2025-12-26 06:14:33.605489,1,2,1,15,62
2025-12-26 06:14:37.363934,1,1,1,15,62
2025-12-26 06:14:41.182542,1,1,2,15,62
2025-12-26 06:14:44.485829,1,1,4,14,62
2025-12-26 06:14:48.882733,1,1,2,14,62
2025-12-26 06:14:52.651846,1,2,1,14,62
2025-12-26 06:14:55.960900,1,1,1,14,62
2025-12-26 06:15:00.270389,1,1,1,14,62
2025-12-26 06:15:04.632152,1,1,1,14,62
2025-12-26 06:15:07.945603,1,1,1,14,62
2025-12-26 06:15:11.756251,1,2,2,14,62
2025-12-26 06:15:15.611353,1,1,3,14,62
2025-12-26 06:15:19.425256,1,1,3,14,62
2025-12-26 06:15:23.231612,1,1,1,14,62
2025-12-26 06:15:26.139490,1,1,1,14,62
2025-12-26 06:15:28.950205,1,1,1,14,62
2025-12-26 06:15:32.808940,1,1,1,14,62
2025-12-26 06:15:35.727146,1,1,1,14,62
2025-12-26 06:15:38.527783,1,1,1,14,62
2025-12-26 06:15:42.352893,1,2,1,14,62
2025-12-26 06:15:45.297690,1,1,1,14,62
2025-12-26 06:15:49.705424,1,1,2,14,62
2025-12-26 06:15:52.570360,1,2,2,14,62
2025-12-26 06:15:55.377647,1,1,1,14,62
2025-12-26 06:16:01.397770,1,1,1,14,62
2025-12-26 06:16:02.548337,1,1,1,14,62
2025-12-26 06:16:06.004405,1,1,2,14,62
2025-12-26 06:16:08.866134,1,1,1,15,62
2025-12-26 06:16:11.725878,1,1,1,15,62
2025-12-26 06:16:14.532955,1,1,1,16,62
2025-12-26 06:16:18.852746,1,1,2,16,62
2025-12-26 06:16:22.701155,1,1,1,16,62
2025-12-26 06:16:26.010944,1,1,1,16,62
2025-12-26 06:16:28.820986,1,1,1,16,62
2025-12-26 06:16:31.732439,1,1,1,16,62
2025-12-26 06:16:34.598129,1,1,1,17,62
2025-12-26 06:16:37.399023,1,1,1,17,62
2025-12-26 06:16:41.259861,1,1,1,17,62
2025-12-26 06:16:44.568992,1,1,1,17,62
2025-12-26 06:16:47.377906,1,2,1,17,62
2025-12-26 06:16:50.291118,1,2,4,17,62
2025-12-26 06:16:53.198701,1,2,2,16,62
2025-12-26 06:16:56.006803,1,1,1,16,62
2025-12-26 06:16:59.816706,1,2,1,15,62
2025-12-26 06:17:03.678173,1,2,2,15,62
2025-12-26 06:17:07.188652,1,1,2,15,63
2025-12-26 06:17:09.997194,1,1,1,15,63
2025-12-26 06:17:12.906801,1,1,1,15,63
2025-12-26 06:17:16.721609,1,1,1,15,63
2025-12-26 06:17:20.026125,1,1,1,14,63
2025-12-26 06:17:24.333748,1,2,1,18,63
2025-12-26 06:17:27.744240,1,1,1,19,63
2025-12-26 06:17:30.614525,1,2,2,20,63
2025-12-26 06:17:33.461943,1,1,1,20,63
2025-12-26 06:17:36.323063,1,1,1,21,63
2025-12-26 06:17:39.682211,1,1,2,21,63
2025-12-26 06:17:43.452318,1,1,1,19,63
2025-12-26 06:17:46.351926,1,1,1,18,63
2025-12-26 06:17:50.262657,1,2,1,15,63
2025-12-26 06:17:53.576512,1,1,1,14,63
2025-12-26 06:17:57.429928,1,1,1,13,63
2025-12-26 06:18:00.340803,1,1,1,13,63
2025-12-26 06:18:03.704908,1,1,1,12,63
2025-12-26 06:18:07.060898,1,1,1,12,63
2025-12-26 06:18:09.917403,1,1,2,12,63
2025-12-26 06:18:13.777466,1,2,4,12,63
2025-12-26 06:18:16.636728,1,2,8,14,63
2025-12-26 06:18:19.448128,1,2,13,15,63
2025-12-26 06:18:24.407024,1,2,34,14,63
2025-12-26 06:18:27.666817,1,2,2,16,66
2025-12-26 06:18:30.427587,1,2,4,15,66
2025-12-26 06:18:33.337433,1,1,1,14,69
2025-12-26 06:18:37.247888,1,1,2,13,72
2025-12-26 06:18:40.057475,1,2,5,13,72
2025-12-26 06:18:42.967962,1,1,1,12,72
2025-12-26 06:18:47.279132,1,2,1,12,72
2025-12-26 06:18:50.589823,1,2,2,16,72
2025-12-26 06:18:54.897788,1,2,4,18,72
2025-12-26 06:18:58.771744,1,1,1,20,72
2025-12-26 06:19:02.066104,1,1,1,17,72
2025-12-26 06:19:06.381830,1,1,1,15,72
2025-12-26 06:19:10.240985,1,2,1,17,72
2025-12-26 06:19:13.049376,1,2,2,18,72
2025-12-26 06:19:15.961076,1,1,1,20,72
2025-12-26 06:19:19.820385,1,2,2,21,75
2025-12-26 06:19:22.691298,1,2,5,22,78
2025-12-26 06:19:25.539006,1,1,4,22,78
2025-12-26 06:19:28.351072,1,1,1,22,78
2025-12-26 06:19:31.262963,1,2,1,23,78
2025-12-26 06:19:34.067410,1,2,1,23,78
2025-12-26 06:19:36.977812,1,2,6,23,72
2025-12-26 06:19:40.797961,1,2,4,23,69
2025-12-26 06:19:44.105165,1,2,2,23,66
2025-12-26 06:19:46.908460,1,1,1,24,69
2025-12-26 06:19:49.815145,1,2,5,24,72
2025-12-26 06:19:52.676986,1,2,5,23,75
2025-12-26 06:19:55.534669,1,1,6,22,78
2025-12-26 06:19:59.345643,1,1,2,22,72
2025-12-26 06:20:02.653841,1,2,2,23,69
2025-12-26 06:20:05.514573,1,1,5,24,70
2025-12-26 06:20:08.378616,1,1,2,24,73
2025-12-26 06:20:11.290121,1,1,1,25,76
2025-12-26 06:20:14.094716,1,1,2,25,79
2025-12-26 06:20:17.909738,1,1,2,25,82
2025-12-26 06:20:21.769515,1,2,1,25,85
2025-12-26 06:20:25.273430,1,2,1,25,79
2025-12-26 06:20:28.083260,1,2,2,25,76
2025-12-26 06:20:30.995628,1,1,1,21,73
2025-12-26 06:20:34.800051,1,2,1,19,70
2025-12-26 06:20:38.111452,1,2,1,19,70
2025-12-26 06:20:41.921733,1,1,1,21,70
2025-12-26 06:20:45.330995,1,1,1,21,70
2025-12-26 06:20:48.688680,1,1,2,21,71
2025-12-26 06:20:51.498701,1,2,1,22,71
2025-12-26 06:20:54.408680,1,2,4,22,72
2025-12-26 06:20:57.770364,1,1,2,23,74
2025-12-26 06:21:01.541258,1,1,1,19,72
2025-12-26 06:21:04.437958,1,2,2,17,69
2025-12-26 06:21:08.296903,1,1,1,16,66
2025-12-26 06:21:11.108206,1,1,1,16,63
2025-12-26 06:21:14.972823,1,1,1,18,62
2025-12-26 06:21:17.876396,1,2,2,18,62
2025-12-26 06:21:20.686047,1,1,1,18,62
2025-12-26 06:21:24.146012,1,2,1,19,62
2025-12-26 06:21:26.955163,1,2,2,20,62
2025-12-26 06:21:29.865568,1,2,3,21,62
2025-12-26 06:21:32.674202,1,1,1,21,62
2025-12-26 06:21:36.492387,1,2,1,22,62
2025-12-26 06:21:40.843619,1,1,2,22,62
2025-12-26 06:21:44.360153,1,2,3,23,62
2025-12-26 06:21:47.668251,1,1,1,23,62
2025-12-26 06:21:51.576760,1,1,1,23,62
2025-12-26 06:21:54.440865,1,2,1,23,62
2025-12-26 06:21:57.796680,1,1,2,24,62
2025-12-26 06:22:01.554343,1,1,1,24,68
2025-12-26 06:22:04.415164,1,1,2,24,71
2025-12-26 06:22:07.325526,1,1,1,24,74
2025-12-26 06:22:10.133261,1,2,2,24,75
2025-12-26 06:22:12.994934,1,1,1,24,75
2025-12-26 06:22:16.852439,1,1,1,24,75
2025-12-26 06:22:20.163663,1,2,6,24,75
2025-12-26 06:22:23.021417,1,1,2,23,75
2025-12-26 06:22:25.886834,1,1,1,23,75
2025-12-26 06:22:28.743023,1,2,1,23,75
2025-12-26 06:22:31.549553,1,2,1,23,75
2025-12-26 06:22:35.409429,1,2,1,23,75
2025-12-26 06:22:38.724331,1,1,1,23,76
2025-12-26 06:22:42.178975,1,1,1,23,78
2025-12-26 06:22:45.039686,1,2,1,23,78
2025-12-26 06:22:47.897842,1,1,1,23,78
2025-12-26 06:22:50.705548,1,1,6,23,79
2025-12-26 06:22:54.516972,1,1,2,23,82
2025-12-26 06:22:58.875887,1,2,4,23,82
2025-12-26 06:23:01.786500,1,2,36,21,80
2025-12-26 06:23:04.546416,1,2,30,19,80
2025-12-26 06:23:08.456341,1,2,17,23,108
2025-12-26 06:23:11.370062,1,2,1,23,111
2025-12-26 06:23:14.177100,1,1,1,23,114
2025-12-26 06:23:17.985728,1,1,1,23,117
2025-12-26 06:23:20.944827,1,1,1,24,120
2025-12-26 06:23:25.354889,1,1,1,24,120
2025-12-26 06:23:28.163838,1,1,1,21,114
2025-12-26 06:23:31.023513,1,1,1,19,108
2025-12-26 06:23:34.882233,1,1,1,19,102
2025-12-26 06:23:38.193941,1,1,1,20,96
2025-12-26 06:23:42.001913,1,1,1,17,90
2025-12-26 06:23:44.914460,1,1,1,18,87
2025-12-26 06:23:47.729286,1,1,1,17,83
2025-12-26 06:23:51.578946,1,1,1,16,77
2025-12-26 06:23:54.490756,1,1,1,15,72
2025-12-26 06:23:57.852248,1,1,1,16,69
2025-12-26 06:24:01.606873,1,1,1,16,65
2025-12-26 06:24:05.417487,1,1,1,17,65
2025-12-26 06:24:08.727506,1,1,1,18,63
2025-12-26 06:24:12.540871,1,1,1,17,62
2025-12-26 06:24:16.895023,1,1,1,16,62
2025-12-26 06:24:20.206011,1,1,1,15,62
2025-12-26 06:24:24.015025,1,1,1,14,62
2025-12-26 06:24:26.977960,1,1,1,14,62
2025-12-26 06:24:31.383011,1,1,1,14,62
2025-12-26 06:24:34.193021,1,1,1,14,62
2025-12-26 06:24:37.051311,1,1,1,14,62
2025-12-26 06:24:40.909836,1,1,1,14,62
2025-12-26 06:24:44.220691,1,1,1,13,62
2025-12-26 06:24:48.071197,1,1,1,12,62
2025-12-26 06:24:50.938332,1,1,1,12,62
2025-12-26 06:24:53.754970,1,1,1,12,62
2025-12-26 06:24:57.611142,1,1,1,12,62
2025-12-26 06:25:00.526819,1,1,1,12,62
2025-12-26 06:25:03.878346,1,1,1,11,62
2025-12-26 06:25:07.636405,1,1,1,11,62
2025-12-26 06:25:11.447074,1,1,1,11,62
2025-12-26 06:25:14.756388,1,1,1,11,62
2025-12-26 06:25:18.575425,1,1,1,11,62
2025-12-26 06:25:22.923880,1,1,1,11,62
2025-12-26 06:25:26.233803,1,1,1,11,62
2025-12-26 06:25:30.044354,1,1,1,12,62
2025-12-26 06:25:34.003878,1,1,1,13,62
2025-12-26 06:25:37.415837,1,1,1,13,64
2025-12-26 06:25:40.225509,1,1,1,12,67
2025-12-26 06:25:43.082528,1,1,1,12,70
2025-12-26 06:25:46.949639,1,1,1,12,71
2025-12-26 06:25:50.260691,1,1,1,11,72
2025-12-26 06:25:53.611786,1,1,1,11,72
2025-12-26 06:25:56.523778,1,1,1,11,72
2025-12-26 06:25:59.931533,1,1,1,11,72
2025-12-26 06:26:02.788469,1,1,1,11,72
2025-12-26 06:26:06.599859,1,1,1,11,72
2025-12-26 06:26:10.958896,1,1,1,11,72
2025-12-26 06:26:14.268018,1,1,1,11,72
2025-12-26 06:26:17.080213,1,1,1,11,72
2025-12-26 06:26:19.990097,1,1,1,11,72
2025-12-26 06:26:22.856828,1,1,1,11,72
2025-12-26 06:26:25.661001,1,1,1,11,72
2025-12-26 06:26:29.518767,1,1,1,11,72
2025-12-26 06:26:32.835680,1,1,1,11,72
2025-12-26 06:26:35.635247,1,1,1,11,72
2025-12-26 06:26:38.545487,1,1,1,11,72
2025-12-26 06:26:41.454801,1,1,1,11,72
2025-12-26 06:26:44.264533,1,1,1,11,72
2025-12-26 06:26:48.072639,1,1,1,11,70
2025-12-26 06:26:51.931291,1,1,1,11,67
2025-12-26 06:26:55.240543,1,1,1,11,63
2025-12-26 06:26:58.101984,1,1,1,11,63
2025-12-26 06:27:02.013461,1,1,1,11,63
2025-12-26 06:27:04.870163,1,1,1,11,63
2025-12-26 06:27:07.680537,1,1,1,11,63
2025-12-26 06:27:11.542235,1,1,1,12,63
2025-12-26 06:27:14.450518,1,1,1,13,63
2025-12-26 06:27:17.266735,1,1,1,13,63
2025-12-26 06:27:21.120441,1,1,1,13,63
2025-12-26 06:27:24.030241,1,1,1,12,63
2025-12-26 06:27:26.835381,1,1,1,12,63
2025-12-26 06:27:30.646578,1,1,1,13,63
2025-12-26 06:27:33.616248,1,1,1,13,63
2025-12-26 06:27:38.018691,1,1,1,13,63
2025-12-26 06:27:40.874954,1,1,1,13,63
2025-12-26 06:27:43.687736,1,1,1,13,63
2025-12-26 06:27:47.544295,1,1,1,12,63
2025-12-26 06:27:50.857100,1,1,1,12,63
2025-12-26 06:27:54.313713,1,1,1,12,63
2025-12-26 06:27:57.129512,1,1,1,12,63
2025-12-26 06:28:00.032330,1,1,1,12,63
2025-12-26 06:28:02.840520,1,1,1,12,63
2025-12-26 06:28:06.650297,1,1,1,12,63
2025-12-26 06:28:11.010942,1,1,1,12,66
2025-12-26 06:28:14.320771,1,1,1,12,69
2025-12-26 06:28:17.128651,1,1,1,13,69
2025-12-26 06:28:20.043307,1,1,1,15,69
2025-12-26 06:28:22.899403,1,1,1,17,69
2025-12-26 06:28:25.708120,1,1,1,18,69
2025-12-26 06:28:29.570529,1,1,1,19,69
2025-12-26 06:28:32.876995,1,1,1,20,69
2025-12-26 06:28:35.686720,1,1,1,21,69
2025-12-26 06:28:38.619972,1,1,1,22,69
2025-12-26 06:28:41.505720,1,1,1,22,69
2025-12-26 06:28:44.313460,1,1,1,22,69
2025-12-26 06:28:48.122433,1,1,1,23,69
2025-12-26 06:28:51.982936,1,1,1,23,70
2025-12-26 06:28:55.340116,1,1,1,23,74
2025-12-26 06:28:58.163613,1,1,1,23,77
2025-12-26 06:29:02.060302,1,1,1,24,78
2025-12-26 06:29:04.928943,1,1,1,24,81
2025-12-26 06:29:07.730068,1,1,1,24,83
2025-12-26 06:29:11.589404,1,1,1,24,83
2025-12-26 06:29:14.550031,1,1,1,22,83
2025-12-26 06:29:17.858950,1,1,1,22,79
2025-12-26 06:29:21.716594,1,1,1,22,73
2025-12-26 06:29:24.627865,1,1,1,21,69
2025-12-26 06:29:28.004215,1,1,1,20,66
2025-12-26 06:29:31.745952,1,1,1,18,62
2025-12-26 06:29:35.614570,1,1,1,18,62
2025-12-26 06:29:38.516210,1,1,1,16,62
2025-12-26 06:29:41.335849,1,1,1,16,62
2025-12-26 06:29:45.185431,1,1,1,16,62
2025-12-26 06:29:48.094302,1,1,1,16,62
2025-12-26 06:29:50.900176,1,1,1,16,63
2025-12-26 06:29:54.711858,1,1,1,16,66
2025-12-26 06:29:57.624432,1,1,1,16,69
2025-12-26 06:30:01.531112,1,1,1,18,65
2025-12-26 06:30:04.340979,1,1,1,19,63
2025-12-26 06:30:07.209997,1,1,1,20,63
2025-12-26 06:30:11.067819,1,1,1,21,63
2025-12-26 06:30:14.380236,1,1,1,21,64
2025-12-26 06:30:17.179001,1,1,1,22,67
2025-12-26 06:30:20.088836,1,1,1,22,69
2025-12-26 06:30:22.949015,1,1,1,22,69
2025-12-26 06:30:25.757231,1,1,1,23,69
2025-12-26 06:30:29.618348,1,1,1,23,69
2025-12-26 06:30:32.926563,1,1,1,23,69
2025-12-26 06:30:36.343293,1,1,1,23,66
2025-12-26 06:30:39.196546,1,1,1,23,63
2025-12-26 06:30:42.110550,1,1,1,24,63
2025-12-26 06:30:44.914129,1,1,1,24,66
2025-12-26 06:30:48.731929,1,1,1,25,69
2025-12-26 06:30:53.084265,1,1,1,25,75
2025-12-26 06:30:56.000029,1,1,1,25,78
2025-12-26 06:30:58.753176,1,1,1,25,81
2025-12-26 06:31:02.663443,1,1,1,25,84
2025-12-26 06:31:05.572630,1,1,1,25,84
2025-12-26 06:31:08.379942,1,1,1,25,84
2025-12-26 06:31:12.190770,1,1,1,25,84
2025-12-26 06:31:16.061170,1,1,1,25,84
2025-12-26 06:31:19.560769,1,1,1,25,84
2025-12-26 06:31:22.369841,1,1,1,25,82
2025-12-26 06:31:25.240633,1,1,1,25,78
2025-12-26 06:31:29.100529,1,1,1,25,78
2025-12-26 06:31:32.401147,1,1,1,25,74
2025-12-26 06:31:35.759870,1,1,1,25,72
2025-12-26 06:31:38.671668,1,1,1,25,69
2025-12-26 06:31:41.579662,1,1,1,25,68
2025-12-26 06:31:44.387119,1,1,1,25,69
2025-12-26 06:31:48.197287,1,1,1,24,69
2025-12-26 06:31:52.057511,1,1,1,24,69
2025-12-26 06:31:55.818713,1,1,1,24,67
2025-12-26 06:31:59.678364,1,1,1,24,66
2025-12-26 06:32:02.591495,1,1,1,24,66
2025-12-26 06:32:05.396880,1,1,1,24,66
2025-12-26 06:32:09.256485,1,1,1,24,66
2025-12-26 06:32:12.170801,1,1,1,24,66
2025-12-26 06:32:14.973303,1,1,1,24,66
2025-12-26 06:32:17.784616,1,1,1,24,66
2025-12-26 06:32:20.691980,1,1,1,24,65
2025-12-26 06:32:23.601826,1,1,1,24,64
2025-12-26 06:32:26.418987,1,1,1,24,62
2025-12-26 06:32:30.220814,1,1,1,24,62
2025-12-26 06:32:34.080811,1,1,1,24,62
2025-12-26 06:32:37.390719,1,1,1,24,62
2025-12-26 06:32:40.250354,1,1,1,24,62
2025-12-26 06:32:44.159080,1,1,1,24,62
2025-12-26 06:32:47.034571,1,1,1,24,62
2025-12-26 06:32:49.829114,1,1,1,24,62
2025-12-26 06:32:53.688947,1,1,1,24,62
2025-12-26 06:32:57.146423,1,1,1,24,62
2025-12-26 06:32:59.968059,1,1,1,24,62
2025-12-26 06:33:03.822638,1,1,1,24,62
2025-12-26 06:33:06.735782,1,1,1,24,62
2025-12-26 06:33:10.087460,1,1,1,24,62
2025-12-26 06:33:13.846751,1,1,1,24,62
2025-12-26 06:33:17.707418,1,1,1,24,62
2025-12-26 06:33:20.667160,1,1,1,25,62
2025-12-26 06:33:23.981665,1,1,1,25,64
2025-12-26 06:33:28.787772,1,1,1,25,70
2025-12-26 06:33:32.196635,1,1,1,25,73
2025-12-26 06:33:35.056879,1,1,1,25,76
2025-12-26 06:33:38.418865,1,1,1,25,79
2025-12-26 06:33:42.228157,1,1,1,25,82
2025-12-26 06:33:46.097552,1,1,1,25,85
2025-12-26 06:33:49.846296,1,1,1,25,91
2025-12-26 06:33:53.707862,1,1,1,25,94
2025-12-26 06:33:57.016249,1,1,1,25,97
2025-12-26 06:34:01.082946,1,1,1,25,103
2025-12-26 06:34:03.835986,1,1,1,25,103
2025-12-26 06:34:06.762416,1,1,1,25,104
2025-12-26 06:34:10.107415,1,1,1,25,104
2025-12-26 06:34:13.865608,1,1,1,25,104
2025-12-26 06:34:17.731991,1,1,1,25,104
2025-12-26 06:34:20.687527,1,1,1,25,104
2025-12-26 06:34:23.995806,1,1,1,25,104
2025-12-26 06:34:28.807032,1,1,1,25,104
2025-12-26 06:34:32.217476,1,1,1,25,101
2025-12-26 06:34:35.076486,1,1,1,24,95
2025-12-26 06:34:37.885064,1,1,1,22,89
2025-12-26 06:34:41.796344,1,1,1,19,83
2025-12-26 06:34:45.204059,1,1,1,15,77
2025-12-26 06:34:48.038539,1,1,1,14,74
2025-12-26 06:34:51.873392,1,1,1,13,74
2025-12-26 06:34:54.784050,1,1,1,12,74
2025-12-26 06:34:58.142768,1,1,1,12,74
2025-12-26 06:35:01.465530,1,1,1,11,74
2025-12-26 06:35:04.362634,1,1,1,11,74
2025-12-26 06:35:08.221570,1,2,15,11,73
2025-12-26 06:35:11.082550,1,2,37,11,73
2025-12-26 06:35:13.890183,1,2,34,11,73
2025-12-26 06:35:17.752604,1,2,50,14,107
2025-12-26 06:35:20.708827,1,2,13,23,110
2025-12-26 06:35:24.019739,1,2,2,23,113
2025-12-26 06:35:27.879745,1,2,3,23,116
2025-12-26 06:35:30.792103,1,1,1,23,119
2025-12-26 06:35:34.701368,1,1,2,23,110
2025-12-26 06:35:37.512573,1,2,3,23,104
