Timestamp,Presence,Movement,MovingRange,BreathingRate,HeartRate
2025-12-12 00:34:18.175572,1,2,3,19,100
2025-12-12 00:34:21.546911,1,2,4,18,99
2025-12-12 00:34:24.891873,1,2,13,18,91
2025-12-12 00:34:27.705046,1,2,20,18,88
2025-12-12 00:34:31.610030,1,2,5,18,85
2025-12-12 00:34:34.469149,1,2,12,18,85
2025-12-12 00:34:37.331054,1,2,1,18,85
2025-12-12 00:34:41.138699,1,2,5,18,85
2025-12-12 00:34:44.500161,1,1,9,17,85
2025-12-12 00:34:49.075650,1,2,4,17,85
2025-12-12 00:34:50.168422,1,1,4,16,85
2025-12-12 00:34:53.076411,1,2,2,16,85
2025-12-12 00:34:55.886047,1,2,1,16,81
2025-12-12 00:35:00.194514,1,2,8,16,75
2025-12-12 00:35:03.556943,1,2,6,16,70
2025-12-12 00:35:06.864950,1,2,2,16,70
2025-12-12 00:35:09.772977,1,2,8,16,70
2025-12-12 00:35:13.634282,1,2,2,15,70
2025-12-12 00:35:16.493647,1,2,3,15,70
2025-12-12 00:35:19.303200,1,2,2,15,68
2025-12-12 00:35:23.162592,1,1,6,15,70
2025-12-12 00:35:26.083808,1,1,6,15,69
2025-12-12 00:35:28.882922,1,2,1,15,72
2025-12-12 00:35:32.740913,1,2,3,15,72
2025-12-12 00:35:35.661114,1,2,9,15,69
2025-12-12 00:35:38.459315,1,2,1,15,66
2025-12-12 00:35:42.268615,1,2,1,15,63
2025-12-12 00:35:47.282426,1,2,3,15,69
2025-12-12 00:35:50.189782,1,2,3,15,72
2025-12-12 00:35:53.099809,1,2,5,15,75
2025-12-12 00:35:55.910863,1,2,4,15,78
2025-12-12 00:35:59.719183,1,1,4,15,81
2025-12-12 00:36:03.583327,1,2,3,15,84
2025-12-12 00:36:06.941413,1,2,5,15,86
2025-12-12 00:36:09.749466,1,2,3,15,86
2025-12-12 00:36:13.659427,1,2,8,15,86
2025-12-12 00:36:16.516511,1,2,15,15,86
2025-12-12 00:36:19.325124,1,2,12,15,86
2025-12-12 00:36:23.197912,1,2,20,15,86
2025-12-12 00:36:26.143435,1,2,5,15,86
2025-12-12 00:36:29.455035,1,1,1,15,86
2025-12-12 00:36:34.266065,1,2,2,15,86
2025-12-12 00:36:37.674965,1,2,9,15,86
2025-12-12 00:36:40.536117,1,1,1,15,86
2025-12-12 00:36:43.344291,1,2,1,15,86
2025-12-12 00:36:46.258235,1,1,16,15,86
2025-12-12 00:36:49.665039,1,1,1,16,86
2025-12-12 00:36:52.528309,1,1,1,16,86
2025-12-12 00:36:55.367707,1,2,1,17,86
2025-12-12 00:36:59.197226,1,2,1,17,86
2025-12-12 00:37:02.501843,1,1,1,16,86
2025-12-12 00:37:07.914442,1,2,1,15,87
2025-12-12 00:37:12.224653,1,2,1,17,84
2025-12-12 00:37:15.598355,1,2,1,17,78
2025-12-12 00:37:19.347197,1,1,1,16,71
2025-12-12 00:37:23.205432,1,2,2,16,68
2025-12-12 00:37:26.513776,1,2,1,16,67
2025-12-12 00:37:30.973900,1,2,5,15,66
2025-12-12 00:37:33.835886,1,1,1,15,66
2025-12-12 00:37:37.694644,1,2,4,15,66
2025-12-12 00:37:40.556110,1,2,4,15,66
2025-12-12 00:37:43.362868,1,1,5,15,66
2025-12-12 00:37:47.222542,1,1,3,15,66
2025-12-12 00:37:51.233709,1,1,2,15,64
2025-12-12 00:37:55.147313,1,1,5,15,62
2025-12-12 00:37:57.957018,1,2,3,15,62
2025-12-12 00:38:00.864773,1,1,1,15,62
2025-12-12 00:38:04.672507,1,2,9,15,62
2025-12-12 00:38:07.987376,1,2,12,15,62
2025-12-12 00:38:11.393378,1,2,10,15,64
2025-12-12 00:38:14.718705,1,2,1,15,67
2025-12-12 00:38:17.512241,1,2,5,15,70
2025-12-12 00:38:21.371837,1,2,10,15,73
2025-12-12 00:38:24.283971,1,2,4,15,76
2025-12-12 00:38:27.643011,1,2,2,15,79
2025-12-12 00:38:32.310218,1,2,2,15,85
2025-12-12 00:38:35.720616,1,2,3,15,86
2025-12-12 00:38:38.525114,1,1,2,15,86
2025-12-12 00:38:42.843200,1,1,4,15,74
2025-12-12 00:38:46.690035,1,1,1,15,70
2025-12-12 00:38:50.000860,1,1,1,15,67
2025-12-12 00:38:53.364118,1,2,1,16,64
2025-12-12 00:38:56.276263,1,1,1,16,62
2025-12-12 00:38:59.190641,1,1,1,16,62
2025-12-12 00:39:02.006362,1,1,2,16,62
2025-12-12 00:39:06.302629,1,1,1,17,62
2025-12-12 00:39:09.658108,1,1,1,18,62
2025-12-12 00:39:13.026674,1,1,1,18,62
2025-12-12 00:39:15.835556,1,2,1,17,62
2025-12-12 00:39:19.735665,1,1,1,17,62
2025-12-12 00:39:22.600614,1,2,1,16,62
2025-12-12 00:39:25.455641,1,1,2,15,62
2025-12-12 00:39:29.277779,1,1,2,15,62
2025-12-12 00:39:32.228064,1,1,1,16,62
2025-12-12 00:39:35.536952,1,1,1,16,62
2025-12-12 00:39:40.347398,1,1,2,17,62
2025-12-12 00:39:43.756925,1,1,1,17,62
2025-12-12 00:39:46.617745,1,1,1,17,62
2025-12-12 00:39:49.442385,1,1,1,17,62
2025-12-12 00:39:52.336433,1,2,4,17,62
2025-12-12 00:39:55.747037,1,2,4,17,62
2025-12-12 00:39:58.605950,1,2,17,17,62
2025-12-12 00:40:01.469119,1,2,1,17,62
2025-12-12 00:40:05.275027,1,2,2,17,62
2025-12-12 00:40:09.686016,1,2,10,17,62
2025-12-12 00:40:13.046562,1,2,2,17,62
2025-12-12 00:40:15.855097,1,1,1,16,62
2025-12-12 00:40:19.766316,1,1,1,16,62
2025-12-12 00:40:23.125324,1,1,1,16,62
2025-12-12 00:40:25.883012,1,2,9,16,62
2025-12-12 00:40:28.795049,1,1,1,16,62
2025-12-12 00:40:32.257477,1,1,1,16,62
2025-12-12 00:40:35.566378,1,1,6,16,62
2025-12-12 00:40:39.422324,1,2,15,16,62
2025-12-12 00:40:42.342816,1,2,1,16,62
2025-12-12 00:40:45.693511,1,2,1,16,62
2025-12-12 00:40:49.453035,1,2,3,16,62
2025-12-12 00:40:52.962585,1,1,2,16,62
2025-12-12 00:40:56.872021,1,2,3,16,62
2025-12-12 00:40:59.788250,1,2,1,15,62
2025-12-12 00:41:02.595544,1,1,1,15,62
2025-12-12 00:41:06.401860,1,1,1,15,65
2025-12-12 00:41:10.262643,1,2,1,15,68
2025-12-12 00:41:13.674137,1,2,4,15,68
2025-12-12 00:41:16.429893,1,2,4,15,68
2025-12-12 00:41:20.339840,1,1,1,15,68
2025-12-12 00:41:23.253181,1,1,3,15,71
2025-12-12 00:41:26.061065,1,2,3,15,74
2025-12-12 00:41:29.868992,1,2,1,15,77
2025-12-12 00:41:32.828071,1,2,12,15,77
2025-12-12 00:41:37.255430,1,2,5,15,77
2025-12-12 00:41:40.049713,1,2,2,15,77
2025-12-12 00:41:42.912049,1,2,5,15,77
2025-12-12 00:41:46.769739,1,1,5,16,77
2025-12-12 00:41:50.083499,1,2,2,16,77
2025-12-12 00:41:53.439841,1,2,4,17,78
2025-12-12 00:41:56.350875,1,2,1,17,79
2025-12-12 00:41:59.261162,1,2,2,17,79
2025-12-12 00:42:02.078104,1,1,1,17,79
2025-12-12 00:42:05.880485,1,1,1,17,79
2025-12-12 00:42:09.740415,1,2,1,17,79
2025-12-12 00:42:13.498653,1,2,1,17,74
2025-12-12 00:42:17.312686,1,1,1,17,73
2025-12-12 00:42:20.618607,1,2,2,17,73
2025-12-12 00:42:24.929483,1,2,5,17,72
2025-12-12 00:42:28.790229,1,2,5,17,72
2025-12-12 00:42:32.097035,1,2,3,17,72
2025-12-12 00:42:35.456963,1,1,3,17,72
2025-12-12 00:42:38.368088,1,1,1,17,74
2025-12-12 00:42:41.281333,1,1,1,17,77
2025-12-12 00:42:44.087249,1,1,1,17,80
2025-12-12 00:42:48.403757,1,1,2,16,83
2025-12-12 00:42:51.763111,1,1,3,16,85
2025-12-12 00:42:55.518652,1,1,1,16,85
2025-12-12 00:42:59.328092,1,1,1,16,85
2025-12-12 00:43:02.636156,1,1,1,15,85
2025-12-12 00:43:06.446167,1,2,1,15,85
2025-12-12 00:43:10.806036,1,1,2,15,85
2025-12-12 00:43:14.118060,1,2,2,15,85
2025-12-12 00:43:17.490105,1,1,1,15,85
2025-12-12 00:43:20.385833,1,2,3,15,85
2025-12-12 00:43:23.298548,1,2,2,15,85
2025-12-12 00:43:26.115303,1,1,2,15,85
2025-12-12 00:43:30.415457,1,2,1,15,85
2025-12-12 00:43:33.781135,1,2,1,15,85
2025-12-12 00:43:37.139639,1,2,1,15,85
2025-12-12 00:43:40.500345,1,1,2,15,85
2025-12-12 00:43:44.410030,1,1,3,14,85
2025-12-12 00:43:47.316499,1,1,1,14,85
2025-12-12 00:43:50.127872,1,1,2,14,85
2025-12-12 00:43:54.435808,1,2,1,14,85
2025-12-12 00:43:58.299922,1,1,1,14,85
2025-12-12 00:44:01.107848,1,2,2,14,85
2025-12-12 00:44:03.966939,1,1,1,14,85
2025-12-12 00:44:07.881693,1,1,1,14,85
2025-12-12 00:44:10.746338,1,2,2,14,85
2025-12-12 00:44:13.553237,1,1,14,14,85
2025-12-12 00:44:17.363974,1,2,2,14,85
2025-12-12 00:44:20.666626,1,2,1,14,85
2025-12-12 00:44:25.027057,1,2,2,14,85
2025-12-12 00:44:28.836248,1,1,2,14,85
2025-12-12 00:44:32.157075,1,2,1,14,85
2025-12-12 00:44:35.955107,1,2,17,14,85
2025-12-12 00:44:38.868924,1,2,22,14,85
2025-12-12 00:44:41.672728,1,2,21,14,85
2025-12-12 00:44:45.534634,1,2,1,14,81
2025-12-12 00:44:48.448354,1,2,2,14,76
2025-12-12 00:44:51.806348,1,2,3,14,73
2025-12-12 00:44:55.564224,1,2,1,14,67
2025-12-12 00:44:58.422200,1,2,10,14,68
2025-12-12 00:45:01.333447,1,2,2,14,68
2025-12-12 00:45:04.159681,1,1,1,16,68
2025-12-12 00:45:07.051251,1,1,1,16,67
2025-12-12 00:45:10.868400,1,2,2,15,64
2025-12-12 00:45:14.170036,1,1,1,14,63
2025-12-12 00:45:17.530453,1,1,1,14,63
2025-12-12 00:45:20.443235,1,1,1,13,63
2025-12-12 00:45:23.369105,1,1,1,15,63
2025-12-12 00:45:26.161415,1,1,1,15,63
2025-12-12 00:45:29.968141,1,1,1,15,63
2025-12-12 00:45:33.831545,1,1,1,17,65
2025-12-12 00:45:37.789319,1,1,1,17,71
2025-12-12 00:45:41.149140,1,1,1,16,74
2025-12-12 00:45:45.060936,1,2,3,15,77
2025-12-12 00:45:47.917818,1,1,1,14,77
2025-12-12 00:45:50.727702,1,2,3,12,77
2025-12-12 00:45:55.038305,1,2,2,13,77
2025-12-12 00:45:58.451433,1,1,1,15,78
2025-12-12 00:46:01.358327,1,1,2,16,76
2025-12-12 00:46:04.170914,1,2,1,16,76
2025-12-12 00:46:07.048352,1,2,4,16,76
2025-12-12 00:46:10.889782,1,1,1,15,72
2025-12-12 00:46:14.215552,1,1,1,15,72
2025-12-12 00:46:17.013240,1,1,1,15,75
2025-12-12 00:46:19.918469,1,1,1,14,78
2025-12-12 00:46:22.777825,1,1,1,14,81
2025-12-12 00:46:25.588720,1,1,1,14,84
2025-12-12 00:46:29.447373,1,2,23,14,84
2025-12-12 00:46:32.755642,1,2,6,14,84
2025-12-12 00:46:36.717294,1,2,3,14,82
2025-12-12 00:46:40.526361,1,2,6,14,78
2025-12-12 00:46:43.944251,1,1,1,15,79
2025-12-12 00:46:46.795679,1,1,1,15,79
2025-12-12 00:46:49.656003,1,2,4,16,79
2025-12-12 00:46:53.471182,1,1,1,16,79
2025-12-12 00:46:56.377839,1,1,1,16,79
2025-12-12 00:46:59.184987,1,1,1,16,79
2025-12-12 00:47:03.049720,1,2,2,16,77
2025-12-12 00:47:05.957767,1,1,1,16,77
2025-12-12 00:47:08.764058,1,1,1,16,79
2025-12-12 00:47:13.124123,1,1,3,16,79
2025-12-12 00:47:17.451568,1,1,1,16,79
2025-12-12 00:47:20.745968,1,1,1,16,73
2025-12-12 00:47:24.556070,1,1,1,16,69
2025-12-12 00:47:28.417547,1,1,1,16,66
2025-12-12 00:47:31.227979,1,2,6,16,66
2025-12-12 00:47:34.136207,1,1,1,16,66
2025-12-12 00:47:38.499175,1,1,5,14,66
2025-12-12 00:47:41.411193,1,1,1,13,67
2025-12-12 00:47:44.218952,1,2,1,13,70
2025-12-12 00:47:48.025517,1,1,2,13,70
2025-12-12 00:47:51.886564,1,2,3,13,70
2025-12-12 00:47:55.695491,1,1,2,13,70
2025-12-12 00:47:58.504718,1,1,1,14,70
2025-12-12 00:48:01.422279,1,1,1,14,72
2025-12-12 00:48:04.225349,1,1,5,14,74
2025-12-12 00:48:07.085025,1,1,1,14,74
2025-12-12 00:48:10.945783,1,1,1,14,74
2025-12-12 00:48:14.757133,1,2,1,14,74
2025-12-12 00:48:18.572447,1,2,1,14,74
2025-12-12 00:48:22.927171,1,1,1,14,79
2025-12-12 00:48:26.246313,1,1,1,14,82
2025-12-12 00:48:30.044201,1,1,1,14,85
2025-12-12 00:48:33.904701,1,1,1,14,83
2025-12-12 00:48:37.669410,1,1,2,14,80
2025-12-12 00:48:41.474962,1,2,5,14,80
2025-12-12 00:48:44.787148,1,2,4,14,80
2025-12-12 00:48:48.604826,1,2,1,14,78
2025-12-12 00:48:52.952721,1,1,1,15,73
2025-12-12 00:48:56.263195,1,1,1,17,76
2025-12-12 00:49:00.572310,1,1,1,19,79
2025-12-12 00:49:04.942998,1,1,1,19,83
2025-12-12 00:49:08.243873,1,1,1,19,83
2025-12-12 00:49:12.053754,1,1,1,18,80
2025-12-12 00:49:15.912637,1,1,1,18,77
2025-12-12 00:49:19.672266,1,1,1,18,73
2025-12-12 00:49:23.530377,1,1,1,18,73
2025-12-12 00:49:26.441910,1,1,4,18,73
2025-12-12 00:49:29.250723,1,1,1,18,73
2025-12-12 00:49:33.127523,1,1,1,16,72
2025-12-12 00:49:36.019407,1,1,1,15,72
2025-12-12 00:49:38.828969,1,1,1,15,72
2025-12-12 00:49:42.636671,1,1,1,14,72
2025-12-12 00:49:45.603208,1,1,1,14,72
2025-12-12 00:49:50.007548,1,1,2,15,72
2025-12-12 00:49:52.869343,1,1,1,17,71
2025-12-12 00:49:55.679026,1,1,2,17,71
2025-12-12 00:49:59.536187,1,2,1,17,71
2025-12-12 00:50:02.848393,1,2,4,17,71
2025-12-12 00:50:06.704490,1,2,1,17,71
2025-12-12 00:50:09.569537,1,1,3,17,71
2025-12-12 00:50:13.477097,1,2,2,16,71
2025-12-12 00:50:16.287640,1,1,1,17,71
2025-12-12 00:50:19.145924,1,2,2,18,71
2025-12-12 00:50:23.003751,1,1,2,18,71
2025-12-12 00:50:25.912521,1,1,1,18,71
2025-12-12 00:50:28.726770,1,2,1,17,71
2025-12-12 00:50:32.583020,1,1,2,17,71
2025-12-12 00:50:35.494738,1,2,1,17,71
2025-12-12 00:50:38.302930,1,1,2,17,71
2025-12-12 00:50:42.613499,1,1,1,17,71
2025-12-12 00:50:45.971600,1,1,1,17,71
2025-12-12 00:50:49.480461,1,1,1,17,71
2025-12-12 00:50:52.290502,1,1,1,16,69
2025-12-12 00:50:55.200585,1,1,1,16,67
2025-12-12 00:50:59.012025,1,1,1,16,67
2025-12-12 00:51:02.319398,1,1,1,16,67
2025-12-12 00:51:06.629343,1,1,1,14,67
2025-12-12 00:51:10.638975,1,1,1,13,67
2025-12-12 00:51:14.051270,1,1,2,13,67
2025-12-12 00:51:16.924910,1,1,1,12,67
2025-12-12 00:51:19.722311,1,1,2,12,67
2025-12-12 00:51:23.579275,1,1,1,12,67
2025-12-12 00:51:26.890548,1,2,1,12,67
2025-12-12 00:51:29.695759,1,1,1,12,67
2025-12-12 00:51:32.607993,1,1,3,12,67
2025-12-12 00:51:35.531033,1,1,2,12,67
2025-12-12 00:51:38.326763,1,1,2,12,67
2025-12-12 00:51:42.637177,1,1,1,14,67
2025-12-12 00:51:45.997919,1,1,1,15,67
2025-12-12 00:51:49.510153,1,1,1,16,67
2025-12-12 00:51:52.331048,1,2,5,17,68
2025-12-12 00:51:55.238494,1,2,2,18,69
2025-12-12 00:51:59.051271,1,1,1,19,70
2025-12-12 00:52:02.345131,1,1,1,20,70
2025-12-12 00:52:06.654876,1,2,1,21,70
2025-12-12 00:52:11.022806,1,1,1,22,70
2025-12-12 00:52:14.324235,1,2,1,22,70
2025-12-12 00:52:18.135546,1,2,1,23,70
2025-12-12 00:52:21.993399,1,1,2,23,70
2025-12-12 00:52:25.764801,1,1,1,23,70
2025-12-12 00:52:29.613964,1,2,1,23,69
2025-12-12 00:52:32.522109,1,2,3,21,69
2025-12-12 00:52:35.333887,1,1,1,21,69
2025-12-12 00:52:39.194631,1,1,1,19,69
2025-12-12 00:52:42.106443,1,2,5,18,69
2025-12-12 00:52:44.911944,1,2,1,18,69
2025-12-12 00:52:49.223940,1,1,1,16,71
2025-12-12 00:52:53.234082,1,1,1,15,72
2025-12-12 00:52:56.098865,1,1,1,14,72
2025-12-12 00:52:58.956943,1,2,2,13,73
2025-12-12 00:53:01.818009,1,1,1,13,74
2025-12-12 00:53:05.625694,1,2,1,13,77
2025-12-12 00:53:09.636638,1,2,3,12,78
2025-12-12 00:53:14.049992,1,1,5,12,82
2025-12-12 00:53:16.978572,1,1,2,12,82
2025-12-12 00:53:19.845357,1,2,1,12,79
2025-12-12 00:53:23.634006,1,1,2,12,76
2025-12-12 00:53:26.936997,1,1,1,12,73
2025-12-12 00:53:30.348396,1,1,1,12,72
2025-12-12 00:53:33.207412,1,1,3,12,72
2025-12-12 00:53:36.118474,1,1,1,12,72
2025-12-12 00:53:38.926153,1,1,1,12,74
2025-12-12 00:53:43.302495,1,1,2,12,75
2025-12-12 00:53:47.096330,1,1,1,12,75
2025-12-12 00:53:50.007835,1,1,1,12,75
2025-12-12 00:53:52.764861,1,1,1,12,70
2025-12-12 00:53:56.675068,1,1,2,12,67
2025-12-12 00:53:59.584040,1,1,1,14,68
2025-12-12 00:54:02.393445,1,2,1,14,71
2025-12-12 00:54:06.203143,1,1,4,18,74
2025-12-12 00:54:09.714141,1,1,1,16,77
2025-12-12 00:54:14.126240,1,1,1,15,77
2025-12-12 00:54:16.980391,1,1,1,14,74
2025-12-12 00:54:19.870128,1,2,5,13,71
2025-12-12 00:54:23.651403,1,1,1,13,70
2025-12-12 00:54:26.960439,1,1,1,12,72
2025-12-12 00:54:30.771532,1,1,1,12,75
2025-12-12 00:54:33.682423,1,1,3,12,78
2025-12-12 00:54:37.595483,1,1,1,12,78
2025-12-12 00:54:40.399685,1,1,1,12,78
2025-12-12 00:54:43.258184,1,2,4,12,76
2025-12-12 00:54:47.118426,1,1,1,12,76
2025-12-12 00:54:50.426511,1,1,1,12,76
2025-12-12 00:54:53.286268,1,2,4,12,76
2025-12-12 00:54:56.147732,1,1,1,12,76
2025-12-12 00:54:59.011112,1,1,1,12,76
2025-12-12 00:55:01.866262,1,1,4,12,76
2025-12-12 00:55:05.177677,1,1,1,12,76
2025-12-12 00:55:08.038740,1,1,1,12,76
2025-12-12 00:55:10.795476,1,1,3,12,75
2025-12-12 00:55:14.709332,1,1,3,12,72
2025-12-12 00:55:17.614374,1,1,1,12,71
2025-12-12 00:55:20.426449,1,2,1,12,71
2025-12-12 00:55:24.233280,1,2,3,12,71
2025-12-12 00:55:28.104031,1,2,4,12,71
2025-12-12 00:55:31.603351,1,1,3,12,71
2025-12-12 00:55:34.414811,1,1,1,12,71
2025-12-12 00:55:37.274249,1,2,5,13,71
2025-12-12 00:55:41.149441,1,1,1,13,71
2025-12-12 00:55:44.445198,1,1,1,13,68
2025-12-12 00:55:48.760095,1,1,1,13,66
2025-12-12 00:55:52.164332,1,1,1,13,66
2025-12-12 00:55:55.025706,1,2,2,13,66
2025-12-12 00:55:57.835687,1,1,1,13,66
2025-12-12 00:56:00.742791,1,2,1,13,66
2025-12-12 00:56:04.102048,1,1,1,13,66
2025-12-12 00:56:07.911797,1,1,1,14,66
2025-12-12 00:56:10.731942,1,1,1,14,66
2025-12-12 00:56:13.630730,1,1,1,13,66
2025-12-12 00:56:16.440927,1,1,2,13,66
2025-12-12 00:56:19.307086,1,1,1,12,66
2025-12-12 00:56:23.158707,1,2,3,12,66
2025-12-12 00:56:26.469637,1,1,1,12,66
2025-12-12 00:56:29.285983,1,1,1,12,66
2025-12-12 00:56:32.189405,1,1,1,12,66
2025-12-12 00:56:35.050981,1,2,2,12,66
2025-12-12 00:56:37.912072,1,1,1,13,66
2025-12-12 00:56:41.719348,1,1,1,13,66
2025-12-12 00:56:45.080687,1,1,1,13,66
2025-12-12 00:56:47.887064,1,1,1,13,66
2025-12-12 00:56:52.352848,1,1,1,13,66
2025-12-12 00:56:56.232039,1,1,1,13,66
2025-12-12 00:56:59.531771,1,1,1,13,66
2025-12-12 00:57:02.377343,1,1,1,15,66
2025-12-12 00:57:05.743999,1,1,1,14,66
2025-12-12 00:57:08.650631,1,2,1,13,66
2025-12-12 00:57:11.459577,1,2,2,13,67
2025-12-12 00:57:15.368890,1,1,1,12,70
2025-12-12 00:57:18.683341,1,1,1,12,70
2025-12-12 00:57:21.493181,1,2,1,12,70
2025-12-12 00:57:24.899666,1,1,1,12,70
2025-12-12 00:57:28.208000,1,1,1,12,70
2025-12-12 00:57:31.066069,1,1,1,12,70
2025-12-12 00:57:33.925999,1,1,1,12,70
2025-12-12 00:57:36.785450,1,1,1,12,70
2025-12-12 00:57:40.148958,1,2,1,12,70
2025-12-12 00:57:44.007727,1,1,1,12,70
2025-12-12 00:57:47.928211,1,1,1,12,70
2025-12-12 00:57:50.780142,1,1,1,12,70
2025-12-12 00:57:54.136784,1,2,3,12,71
2025-12-12 00:57:56.947543,1,1,1,12,74
2025-12-12 00:57:59.813706,1,2,1,12,77
2025-12-12 00:58:03.718111,1,2,1,12,80
2025-12-12 00:58:07.084181,1,1,1,12,86
2025-12-12 00:58:09.886178,1,1,1,12,86
2025-12-12 00:58:12.819876,1,2,4,12,84
2025-12-12 00:58:16.155775,1,1,1,12,80
2025-12-12 00:58:19.914448,1,1,1,12,78
2025-12-12 00:58:22.825661,1,2,1,12,81
2025-12-12 00:58:26.235737,1,2,2,12,84
2025-12-12 00:58:29.096907,1,1,1,12,82
2025-12-12 00:58:31.904312,1,1,1,12,81
2025-12-12 00:58:35.785310,1,1,4,12,81
2025-12-12 00:58:39.115244,1,1,1,12,84
2025-12-12 00:58:42.936318,1,1,1,12,85
2025-12-12 00:58:46.246439,1,1,1,12,83
2025-12-12 00:58:49.102419,1,2,3,12,83
2025-12-12 00:58:51.962422,1,1,1,12,83
2025-12-12 00:58:54.837486,1,2,1,12,83
2025-12-12 00:58:58.181999,1,2,6,12,83
2025-12-12 00:59:02.141780,1,1,3,12,78
2025-12-12 00:59:04.956857,1,1,1,12,75
2025-12-12 00:59:08.813948,1,1,1,12,72
2025-12-12 00:59:11.726822,1,2,1,12,71
2025-12-12 00:59:14.531597,1,1,3,12,71
2025-12-12 00:59:18.839493,1,1,1,12,71
2025-12-12 00:59:22.703368,1,1,1,12,77
2025-12-12 00:59:25.511433,1,2,1,12,80
2025-12-12 00:59:28.454232,1,1,1,12,81
2025-12-12 00:59:32.384079,1,1,1,12,76
2025-12-12 00:59:35.289043,1,2,10,12,73
2025-12-12 00:59:38.146339,1,2,4,12,70
2025-12-12 00:59:42.056792,1,2,42,12,67
2025-12-12 00:59:45.916244,1,2,15,23,100
2025-12-12 00:59:48.828983,1,2,5,23,100
2025-12-12 00:59:52.188353,1,1,30,24,100
2025-12-12 00:59:55.950032,1,2,7,24,100
2025-12-12 00:59:59.816271,1,2,1,23,100
2025-12-12 01:00:03.818533,1,2,2,22,100
2025-12-12 01:00:07.729609,1,2,1,21,100
2025-12-12 01:00:10.538585,1,2,15,20,98
2025-12-12 01:00:13.449551,1,2,6,20,92
2025-12-12 01:00:17.264946,1,2,20,19,86
2025-12-12 01:00:20.574035,1,2,3,19,83
2025-12-12 01:00:23.928437,1,2,7,19,86
2025-12-12 01:00:26.839095,1,2,11,19,89
2025-12-12 01:00:29.751096,1,1,2,19,90
2025-12-12 01:00:32.556869,1,2,21,19,90
2025-12-12 01:00:36.370700,1,2,4,19,90
2025-12-12 01:00:40.226210,1,2,2,19,90
2025-12-12 01:00:43.986142,1,2,18,18,85
2025-12-12 01:00:47.804522,1,2,14,15,85
2025-12-12 01:00:51.103598,1,2,19,14,85
2025-12-12 01:00:54.915929,1,1,7,14,87
2025-12-12 01:00:59.273251,1,2,6,14,89
2025-12-12 01:01:02.584519,1,2,4,14,89
2025-12-12 01:01:06.393618,1,2,7,14,86
2025-12-12 01:01:09.320475,1,2,24,14,85
2025-12-12 01:01:12.115045,1,1,1,14,84
2025-12-12 01:01:15.972170,1,2,1,14,84
2025-12-12 01:01:18.882688,1,2,19,14,85
2025-12-12 01:01:22.272435,1,2,4,14,88
2025-12-12 01:01:27.811762,1,2,3,16,90
2025-12-12 01:01:31.167136,1,2,1,17,91
2025-12-12 01:01:34.013560,1,2,12,16,91
2025-12-12 01:01:36.890425,1,2,1,15,87
2025-12-12 01:01:40.243509,1,2,5,14,81
2025-12-12 01:01:44.023891,1,2,2,13,70
2025-12-12 01:01:46.961513,1,2,1,13,67
2025-12-12 01:01:50.871331,1,1,4,12,64
2025-12-12 01:01:53.783844,1,1,1,12,62
2025-12-12 01:01:56.590036,1,2,12,12,62
2025-12-12 01:02:00.400090,1,1,14,12,62
2025-12-12 01:02:04.258032,1,1,18,12,62
2025-12-12 01:02:08.017884,1,1,9,12,62
2025-12-12 01:02:11.827493,1,2,1,12,62
2025-12-12 01:02:15.140540,1,2,7,12,62
2025-12-12 01:02:18.957365,1,2,3,12,62
2025-12-12 01:02:22.808611,1,1,17,12,62
2025-12-12 01:02:25.624566,1,1,1,12,62
2025-12-12 01:02:28.527846,1,2,14,12,63
2025-12-12 01:02:32.889202,1,2,14,12,66
2025-12-12 01:02:35.798003,1,2,4,12,69
2025-12-12 01:02:38.607487,1,2,14,12,72
2025-12-12 01:02:42.436625,1,2,14,12,75
2025-12-12 01:02:46.279310,1,1,14,12,78
2025-12-12 01:02:50.035582,1,1,2,12,81
2025-12-12 01:02:53.545566,1,2,3,12,81
2025-12-12 01:02:57.514789,1,2,3,12,81
2025-12-12 01:03:00.365066,1,2,9,12,81
2025-12-12 01:03:03.178951,1,1,1,12,81
2025-12-12 01:03:06.984258,1,2,1,12,79
2025-12-12 01:03:11.343398,1,2,8,12,69
2025-12-12 01:03:14.253329,1,2,18,12,66
2025-12-12 01:03:17.063966,1,2,4,12,63
2025-12-12 01:03:20.925875,1,2,1,12,62
2025-12-12 01:03:23.832540,1,2,8,12,62
2025-12-12 01:03:26.643298,1,1,16,12,62
2025-12-12 01:03:30.961164,1,2,1,12,62
2025-12-12 01:03:34.412415,1,2,2,12,62
2025-12-12 01:03:37.821968,1,2,18,12,62
2025-12-12 01:03:40.631927,1,2,4,12,62
2025-12-12 01:03:43.543009,1,2,7,12,62
2025-12-12 01:03:47.351827,1,2,16,12,62
2025-12-12 01:03:50.661895,1,2,10,12,62
2025-12-12 01:03:54.019050,1,1,19,12,62
2025-12-12 01:03:56.930590,1,1,1,12,62
2025-12-12 01:03:59.841152,1,2,3,12,62
2025-12-12 01:04:02.653427,1,2,1,12,62
2025-12-12 01:04:06.463699,1,2,1,12,62
2025-12-12 01:04:10.319433,1,2,5,12,62
2025-12-12 01:04:14.076912,1,2,17,12,66
2025-12-12 01:04:17.886937,1,1,1,15,69
2025-12-12 01:04:21.196937,1,2,1,19,72
2025-12-12 01:04:25.509175,1,2,1,20,78
2025-12-12 01:04:29.368937,1,2,6,21,81
2025-12-12 01:04:32.678098,1,2,14,22,82
2025-12-12 01:04:37.187626,1,1,1,20,82
2025-12-12 01:04:40.998721,1,1,16,18,82
2025-12-12 01:04:44.408046,1,2,4,16,82
2025-12-12 01:04:47.266773,1,2,3,15,82
2025-12-12 01:04:50.076380,1,2,13,14,82
2025-12-12 01:04:53.935557,1,1,11,13,82
2025-12-12 01:04:59.397912,1,1,18,12,82
2025-12-12 01:05:02.255609,1,2,11,12,82
2025-12-12 01:05:05.073431,1,2,1,12,82
2025-12-12 01:05:08.977583,1,2,2,13,82
2025-12-12 01:05:11.885619,1,2,1,13,82
2025-12-12 01:05:14.696114,1,1,4,13,78
2025-12-12 01:05:18.105227,1,2,16,13,74
2025-12-12 01:05:20.965305,1,2,17,13,71
2025-12-12 01:05:23.878991,1,2,3,13,68
2025-12-12 01:05:26.689366,1,2,10,13,67
2025-12-12 01:05:30.493683,1,2,6,13,66
2025-12-12 01:05:34.354625,1,1,16,13,68
2025-12-12 01:05:38.816832,1,1,1,14,74
2025-12-12 01:05:42.078261,1,1,3,16,77
2025-12-12 01:05:44.983469,1,2,16,15,80
2025-12-12 01:05:47.906141,1,2,1,14,82
2025-12-12 01:05:50.709378,1,2,2,14,81
2025-12-12 01:05:55.016366,1,2,12,13,76
2025-12-12 01:05:58.474014,1,1,2,12,69
2025-12-12 01:06:01.884221,1,1,2,12,66
2025-12-12 01:06:04.695089,1,2,3,12,65
2025-12-12 01:06:07.555708,1,2,5,13,62
2025-12-12 01:06:11.414274,1,2,2,16,62
2025-12-12 01:06:14.724219,1,2,9,18,62
2025-12-12 01:06:18.082535,1,2,7,19,62
2025-12-12 01:06:21.001147,1,1,1,21,62
2025-12-12 01:06:23.904200,1,2,3,22,62
2025-12-12 01:06:26.713923,1,2,6,22,62
2025-12-12 01:06:30.521653,1,2,2,20,62
2025-12-12 01:06:34.382499,1,2,1,18,62
2025-12-12 01:06:37.742819,1,2,18,16,62
2025-12-12 01:06:40.550669,1,2,8,15,62
2025-12-12 01:06:44.469021,1,2,5,14,62
2025-12-12 01:06:47.319904,1,2,25,13,62
2025-12-12 01:06:50.138361,1,2,6,14,62
2025-12-12 01:06:53.991140,1,2,35,16,62
2025-12-12 01:06:58.398497,1,2,1,18,62
2025-12-12 01:07:01.442729,1,1,2,17,62
2025-12-12 01:07:04.117210,1,1,1,17,62
2025-12-12 01:07:07.027631,1,1,3,17,62
2025-12-12 01:07:10.389338,1,1,1,17,62
2025-12-12 01:07:14.146417,1,2,2,17,62
2025-12-12 01:07:18.012852,1,1,1,16,62
2025-12-12 01:07:20.922640,1,1,1,16,62
2025-12-12 01:07:23.727959,1,1,1,16,62
2025-12-12 01:07:27.585497,1,1,1,16,62
2025-12-12 01:07:30.949658,1,1,2,16,62
2025-12-12 01:07:33.753847,1,1,1,16,62
2025-12-12 01:07:36.612568,1,1,2,16,62
2025-12-12 01:07:39.474582,1,1,1,16,62
2025-12-12 01:07:42.289196,1,1,1,16,62
2025-12-12 01:07:46.145600,1,2,12,16,62
2025-12-12 01:07:49.053625,1,2,4,17,62
2025-12-12 01:07:52.412636,1,2,1,16,62
2025-12-12 01:07:56.222245,1,2,1,14,67
2025-12-12 01:07:59.038055,1,1,1,14,68
2025-12-12 01:08:01.945897,1,1,2,13,65
2025-12-12 01:08:04.752012,1,1,1,13,63
2025-12-12 01:08:07.611774,1,1,1,13,63
2025-12-12 01:08:11.474828,1,2,20,13,64
2025-12-12 01:08:14.784660,1,2,3,13,67
2025-12-12 01:08:17.588173,1,1,1,13,68
2025-12-12 01:08:20.501009,1,1,1,13,68
2025-12-12 01:08:23.359277,1,1,1,14,68
2025-12-12 01:08:26.218132,1,1,1,14,66
2025-12-12 01:08:30.034701,1,2,4,14,66
2025-12-12 01:08:33.344817,1,1,3,14,66
2025-12-12 01:08:36.147615,1,2,1,14,66
2025-12-12 01:08:39.057483,1,1,2,14,66
2025-12-12 01:08:41.969063,1,1,1,14,66
2025-12-12 01:08:44.775960,1,2,1,14,66
2025-12-12 01:08:48.586578,1,2,1,15,66
2025-12-12 01:08:52.446523,1,1,2,16,66
2025-12-12 01:08:55.953844,1,1,1,17,66
2025-12-12 01:08:58.767082,1,1,1,18,66
2025-12-12 01:09:01.632321,1,2,2,18,66
2025-12-12 01:09:05.491247,1,2,1,17,65
2025-12-12 01:09:08.793593,1,1,2,16,65
2025-12-12 01:09:13.103047,1,1,1,15,66
2025-12-12 01:09:17.463263,1,2,15,14,67
2025-12-12 01:09:20.773562,1,2,38,14,67
2025-12-12 01:09:24.583566,1,2,1,14,67
2025-12-12 01:09:28.479224,1,1,1,14,65
2025-12-12 01:09:32.223070,1,1,1,14,62
2025-12-12 01:09:36.065473,1,1,1,14,62
2025-12-12 01:09:38.974249,1,1,1,14,62
2025-12-12 01:09:41.784110,1,1,1,14,62
2025-12-12 01:09:45.641894,1,1,1,14,62
2025-12-12 01:09:48.558787,1,1,1,14,62
2025-12-12 01:09:51.360102,1,1,1,14,62
2025-12-12 01:09:55.173880,1,1,1,13,62
2025-12-12 01:09:58.130886,1,1,1,16,64
2025-12-12 01:10:02.543282,1,1,1,16,70
2025-12-12 01:10:05.399688,1,1,1,16,73
2025-12-12 01:10:08.259801,1,1,1,17,76
2025-12-12 01:10:12.068852,1,1,1,19,79
2025-12-12 01:10:15.377950,1,1,1,21,82
2025-12-12 01:10:19.192102,1,1,1,20,82
2025-12-12 01:10:22.100883,1,1,1,20,81
2025-12-12 01:10:25.411655,1,2,1,20,79
2025-12-12 01:10:28.271874,1,1,2,18,79
2025-12-12 01:10:31.139968,1,1,1,16,79
2025-12-12 01:10:34.495359,1,1,1,18,79
2025-12-12 01:10:38.002189,1,1,1,17,79
2025-12-12 01:10:40.811662,1,1,1,17,79
2025-12-12 01:10:43.672849,1,1,1,19,79
2025-12-12 01:10:47.529629,1,1,1,20,79
2025-12-12 01:10:50.840907,1,1,1,19,79
2025-12-12 01:10:54.649267,1,1,1,16,79
2025-12-12 01:10:57.608060,1,1,1,14,79
2025-12-12 01:11:02.022200,1,1,1,13,79
2025-12-12 01:11:04.829845,1,1,1,12,79
2025-12-12 01:11:07.689289,1,1,1,12,79
2025-12-12 01:11:11.550247,1,2,7,11,79
2025-12-12 01:11:14.859626,1,1,1,11,79
2025-12-12 01:11:17.673252,1,2,1,11,79
2025-12-12 01:11:20.587492,1,1,1,11,79
2025-12-12 01:11:23.441805,1,1,1,13,79
2025-12-12 01:11:26.247258,1,1,1,14,79
2025-12-12 01:11:30.119955,1,1,1,13,76
2025-12-12 01:11:33.418084,1,1,1,12,73
2025-12-12 01:11:36.226045,1,1,1,12,70
2025-12-12 01:11:39.135513,1,1,1,12,67
2025-12-12 01:11:42.052443,1,1,1,13,67
2025-12-12 01:11:44.854019,1,1,1,13,66
2025-12-12 01:11:48.663063,1,1,1,15,63
2025-12-12 01:11:52.526617,1,1,2,16,62
2025-12-12 01:11:55.833738,1,1,1,16,62
2025-12-12 01:11:58.691737,1,1,1,17,62
2025-12-12 01:12:02.602745,1,1,1,16,62
2025-12-12 01:12:05.460082,1,1,1,17,62
2025-12-12 01:12:08.270219,1,1,1,17,62
2025-12-12 01:12:12.130626,1,1,1,15,62
2025-12-12 01:12:15.098050,1,1,1,16,62
2025-12-12 01:12:18.399920,1,1,1,14,62
2025-12-12 01:12:22.260563,1,1,3,13,62
2025-12-12 01:12:25.168967,1,1,1,13,62
2025-12-12 01:12:28.541201,1,1,1,12,62
2025-12-12 01:12:32.286702,1,1,1,12,64
2025-12-12 01:12:35.245340,1,1,1,11,64
2025-12-12 01:12:39.189201,1,1,1,11,64
2025-12-12 01:12:42.068266,1,1,1,11,64
2025-12-12 01:12:44.878286,1,1,1,11,64
2025-12-12 01:12:48.686919,1,1,1,11,64
2025-12-12 01:12:52.557363,1,1,1,11,64
2025-12-12 01:12:56.306023,1,1,1,11,64
2025-12-12 01:12:59.164521,1,1,1,11,64
2025-12-12 01:13:02.075498,1,1,1,11,66
2025-12-12 01:13:04.886033,1,1,1,11,69
2025-12-12 01:13:07.742480,1,1,1,11,72
2025-12-12 01:13:11.601019,1,1,1,13,72
2025-12-12 01:13:14.913472,1,1,1,16,72
2025-12-12 01:13:17.721539,1,1,1,18,69
2025-12-12 01:13:20.630936,1,1,1,19,67
2025-12-12 01:13:23.491106,1,1,1,19,67
2025-12-12 01:13:26.300662,1,1,1,17,67
2025-12-12 01:13:30.160558,1,1,1,16,67
2025-12-12 01:13:33.471658,1,1,1,14,68
2025-12-12 01:13:36.285462,1,1,1,13,71
2025-12-12 01:13:39.189313,1,1,1,13,74
2025-12-12 01:13:42.113220,1,1,1,12,77
2025-12-12 01:13:44.909955,1,1,1,12,77
2025-12-12 01:13:48.723383,1,1,1,12,74
2025-12-12 01:13:52.579508,1,1,1,12,71
2025-12-12 01:13:56.086340,1,1,1,12,66
2025-12-12 01:13:58.898771,1,1,1,12,66
2025-12-12 01:14:01.757550,1,1,1,12,66
2025-12-12 01:14:05.616463,1,1,1,12,65
2025-12-12 01:14:08.925109,1,1,1,12,64
2025-12-12 01:14:12.744419,1,1,1,12,64
2025-12-12 01:14:15.692914,1,1,1,12,64
2025-12-12 01:14:20.104988,1,1,1,12,64
2025-12-12 01:14:22.925737,1,1,1,12,64
2025-12-12 01:14:25.772137,1,1,1,12,64
2025-12-12 01:14:29.631151,1,1,1,12,64
2025-12-12 01:14:32.940944,1,1,1,12,64
2025-12-12 01:14:36.302262,1,1,1,12,64
2025-12-12 01:14:39.211403,1,1,1,12,64
2025-12-12 01:14:42.123484,1,1,1,12,64
2025-12-12 01:14:44.932323,1,1,1,12,64
2025-12-12 01:14:48.743923,1,1,1,12,64
2025-12-12 01:14:52.604607,1,1,1,12,64
2025-12-12 01:14:55.957459,1,1,1,12,64
2025-12-12 01:14:58.766339,1,1,1,12,64
2025-12-12 01:15:02.687812,1,1,1,12,64
2025-12-12 01:15:05.535854,1,1,1,12,64
2025-12-12 01:15:08.343765,1,1,1,12,64
2025-12-12 01:15:12.214218,1,1,1,12,64
2025-12-12 01:15:15.512741,1,1,1,12,64
2025-12-12 01:15:18.324133,1,1,1,12,64
2025-12-12 01:15:21.232161,1,1,1,12,64
2025-12-12 01:15:24.141082,1,1,1,12,64
2025-12-12 01:15:26.958576,1,1,1,12,64
2025-12-12 01:15:30.765961,1,1,1,12,64
2025-12-12 01:15:34.619797,1,1,1,12,64
2025-12-12 01:15:37.989509,1,1,1,12,64
2025-12-12 01:15:40.788842,1,1,2,12,63
2025-12-12 01:15:44.696942,1,1,1,12,63
2025-12-12 01:15:47.558133,1,1,1,12,63
2025-12-12 01:15:50.367543,1,1,1,12,63
2025-12-12 01:15:54.227666,1,1,1,12,63
2025-12-12 01:15:57.186540,1,1,1,12,63
2025-12-12 01:16:00.494763,1,1,1,12,63
2025-12-12 01:16:04.355135,1,1,1,12,63
2025-12-12 01:16:07.263660,1,1,1,12,63
2025-12-12 01:16:10.624182,1,1,1,12,63
2025-12-12 01:16:14.384241,1,1,1,12,63
2025-12-12 01:16:18.242275,1,1,1,12,63
2025-12-12 01:16:21.152123,1,1,1,12,63
2025-12-12 01:16:23.962080,1,1,1,12,63
2025-12-12 01:16:27.821138,1,1,1,12,62
2025-12-12 01:16:30.735545,1,1,1,12,62
2025-12-12 01:16:33.538680,1,1,1,12,62
2025-12-12 01:16:37.348846,1,1,1,12,62
2025-12-12 01:16:40.260475,1,1,1,12,62
2025-12-12 01:16:44.173722,1,1,1,12,62
2025-12-12 01:16:46.976962,1,1,1,12,62
2025-12-12 01:16:49.842618,1,1,1,12,62
2025-12-12 01:16:53.696179,1,1,1,12,62
2025-12-12 01:16:57.006098,1,1,1,12,62
2025-12-12 01:17:00.432677,1,1,1,12,62
2025-12-12 01:17:03.276342,1,1,1,12,62
2025-12-12 01:17:06.186571,1,1,1,12,62
2025-12-12 01:17:08.994519,1,1,1,12,62
2025-12-12 01:17:12.807842,1,1,1,12,62
2025-12-12 01:17:16.667669,1,1,1,12,62
2025-12-12 01:17:20.033845,1,1,1,12,62
2025-12-12 01:17:22.834504,1,1,1,12,62
2025-12-12 01:17:26.744229,1,1,1,12,62
2025-12-12 01:17:29.602287,1,1,1,12,62
2025-12-12 01:17:32.411975,1,1,1,12,62
2025-12-12 01:17:36.272589,1,1,1,12,62
2025-12-12 01:17:39.233007,1,1,1,12,62
2025-12-12 01:17:42.544886,1,1,1,12,62
2025-12-12 01:17:46.402386,1,1,1,12,62
2025-12-12 01:17:49.314525,1,1,1,12,62
2025-12-12 01:17:52.670663,1,1,1,12,62
2025-12-12 01:17:56.444353,1,1,1,12,62
2025-12-12 01:17:59.346036,1,1,1,12,62
2025-12-12 01:18:02.748382,1,1,1,12,62
2025-12-12 01:18:05.606253,1,1,1,12,62
2025-12-12 01:18:08.416191,1,1,1,13,62
2025-12-12 01:18:12.280225,1,1,1,13,62
2025-12-12 01:18:15.585423,1,1,1,13,62
2025-12-12 01:18:19.400056,1,1,1,13,62
2025-12-12 01:18:22.306271,1,1,1,13,62
2025-12-12 01:18:26.221536,1,1,1,13,62
2025-12-12 01:18:29.024923,1,1,1,12,62
2025-12-12 01:18:31.886829,1,1,1,12,62
2025-12-12 01:18:35.750616,1,1,1,12,62
2025-12-12 01:18:39.083209,1,1,1,12,62
2025-12-12 01:18:41.864610,1,1,1,12,62
2025-12-12 01:18:44.773600,1,1,1,12,62
2025-12-12 01:18:47.633969,1,1,1,12,62
2025-12-12 01:18:50.459708,1,1,1,12,62
2025-12-12 01:18:54.303457,1,1,1,12,62
2025-12-12 01:18:57.665112,1,1,1,12,62
2025-12-12 01:19:00.430781,1,1,1,12,62
2025-12-12 01:19:03.330772,1,1,1,12,62
2025-12-12 01:19:06.245681,1,1,1,12,62
2025-12-12 01:19:09.050293,1,1,1,12,62
2025-12-12 01:19:12.857916,1,1,1,12,62
2025-12-12 01:19:16.720059,1,1,1,12,62
2025-12-12 01:19:20.035739,1,1,1,12,62
2025-12-12 01:19:22.886923,1,1,1,12,62
2025-12-12 01:19:26.799139,1,1,1,12,62
2025-12-12 01:19:29.656331,1,2,1,12,62
2025-12-12 01:19:32.466619,1,1,1,12,62
2025-12-12 01:19:36.324702,1,1,1,12,62
2025-12-12 01:19:39.286042,1,1,1,12,62
2025-12-12 01:19:42.593216,1,1,1,12,62
2025-12-12 01:19:46.454647,1,1,1,12,62
2025-12-12 01:19:49.368356,1,1,1,12,62
2025-12-12 01:19:52.728709,1,1,1,12,62
2025-12-12 01:19:56.486450,1,1,1,12,62
2025-12-12 01:19:59.391144,1,1,1,12,62
2025-12-12 01:20:02.801274,1,1,1,12,62
2025-12-12 01:20:05.663120,1,1,1,12,62
2025-12-12 01:20:08.520754,1,1,1,12,62
2025-12-12 01:20:12.331499,1,1,1,12,62
2025-12-12 01:20:15.639074,1,1,1,12,62
2025-12-12 01:20:19.453118,1,1,1,12,62
2025-12-12 01:20:22.359600,1,1,1,12,62
2025-12-12 01:20:26.274798,1,1,1,12,62
2025-12-12 01:20:29.080335,1,1,1,12,62
2025-12-12 01:20:31.945647,1,1,1,12,62
2025-12-12 01:20:35.798419,1,1,1,12,62
2025-12-12 01:20:39.108955,1,1,1,12,62
2025-12-12 01:20:41.916393,1,1,1,12,62
2025-12-12 01:20:44.829453,1,1,1,12,62
2025-12-12 01:20:47.686311,1,1,1,12,62
2025-12-12 01:20:50.497513,1,1,1,12,62
2025-12-12 01:20:54.358496,1,1,1,12,62
2025-12-12 01:20:57.667874,1,1,1,12,62
2025-12-12 01:21:00.478592,1,1,1,12,62
2025-12-12 01:21:03.385012,1,1,1,12,62
2025-12-12 01:21:06.295411,1,1,1,12,62
2025-12-12 01:21:09.103311,1,1,1,12,62
2025-12-12 01:21:12.911379,1,1,1,12,62
2025-12-12 01:21:16.780133,1,1,1,12,62
2025-12-12 01:21:20.282855,1,1,1,12,62
2025-12-12 01:21:23.090595,1,1,1,12,62
2025-12-12 01:21:25.951316,1,1,1,13,62
2025-12-12 01:21:29.809439,1,1,1,16,62
2025-12-12 01:21:33.119911,1,1,1,18,62
2025-12-12 01:21:36.936429,1,1,1,20,62
2025-12-12 01:21:39.889215,1,1,1,18,62
2025-12-12 01:21:44.299156,1,1,1,16,62
2025-12-12 01:21:47.110358,1,1,1,15,62
2025-12-12 01:21:49.967348,1,1,1,14,62
2025-12-12 01:21:53.826922,1,1,1,13,62
2025-12-12 01:21:57.149798,1,1,1,13,62
2025-12-12 01:22:00.494705,1,1,1,12,62
2025-12-12 01:22:03.424519,1,1,1,13,62
2025-12-12 01:22:06.315128,1,1,1,15,62
2025-12-12 01:22:09.127310,1,1,1,15,64
2025-12-12 01:22:12.932629,1,1,1,14,67
2025-12-12 01:22:16.791822,1,1,1,14,68
2025-12-12 01:22:20.551780,1,1,1,14,68
2025-12-12 01:22:24.361839,1,1,1,16,68
2025-12-12 01:22:27.670004,1,1,1,14,68
2025-12-12 01:22:31.484638,1,1,1,13,68
2025-12-12 01:22:35.839518,1,1,1,13,66
2025-12-12 01:22:39.157614,1,1,1,12,65
2025-12-12 01:22:42.961679,1,1,1,12,65
2025-12-12 01:22:45.870583,1,1,1,12,65
2025-12-12 01:22:48.680066,1,1,1,12,65
2025-12-12 01:22:53.491058,1,1,1,12,65
2025-12-12 01:22:56.902171,1,1,1,12,64
2025-12-12 01:22:59.762887,1,1,1,12,63
2025-12-12 01:23:04.173928,1,1,1,12,63
2025-12-12 01:23:06.983614,1,1,1,12,63
2025-12-12 01:23:09.892748,1,1,1,12,63
2025-12-12 01:23:12.708060,1,1,1,12,63
2025-12-12 01:23:16.560963,1,1,1,12,63
2025-12-12 01:23:19.475376,1,1,1,12,63
2025-12-12 01:23:23.883476,1,1,1,12,63
2025-12-12 01:23:26.744013,1,1,1,12,63
2025-12-12 01:23:29.551258,1,1,1,12,63
2025-12-12 01:23:33.500684,1,1,1,12,63
2025-12-12 01:23:36.370540,1,1,1,12,63
2025-12-12 01:23:39.180529,1,1,1,12,63
2025-12-12 01:23:43.088978,1,1,1,12,63
2025-12-12 01:23:46.450500,1,1,1,12,63
2025-12-12 01:23:50.359880,1,1,1,12,63
2025-12-12 01:23:53.172693,1,1,1,12,63
2025-12-12 01:23:56.034860,1,1,1,12,63
2025-12-12 01:23:59.888860,1,1,1,12,63
2025-12-12 01:24:03.703824,1,1,1,14,63
2025-12-12 01:24:07.558346,1,1,1,18,63
2025-12-12 01:24:10.478713,1,1,1,20,63
2025-12-12 01:24:14.389456,1,1,1,18,63
2025-12-12 01:24:17.187396,1,2,1,17,63
2025-12-12 01:24:20.048828,1,1,1,15,63
2025-12-12 01:24:24.467726,1,1,1,14,63
2025-12-12 01:24:27.369902,1,1,1,13,63
2025-12-12 01:24:30.179561,1,1,1,13,63
2025-12-12 01:24:34.052245,1,1,1,12,63
2025-12-12 01:24:36.961286,1,1,1,12,63
2025-12-12 01:24:39.758782,1,1,1,12,63
2025-12-12 01:24:43.570373,1,1,1,12,63
2025-12-12 01:24:46.481569,1,1,1,12,63
2025-12-12 01:24:50.392741,1,1,1,12,63
2025-12-12 01:24:53.208193,1,1,1,12,63
2025-12-12 01:24:56.059915,1,1,1,12,63
2025-12-12 01:24:59.917133,1,1,1,12,63
2025-12-12 01:25:02.826735,1,1,1,12,62
2025-12-12 01:25:06.187033,1,1,1,12,62
2025-12-12 01:25:10.046937,1,1,1,12,62
2025-12-12 01:25:12.956058,1,1,1,12,62
2025-12-12 01:25:15.768774,1,2,21,12,62
2025-12-12 01:25:19.575754,1,2,14,13,62
2025-12-12 01:25:22.533796,1,2,17,15,64
2025-12-12 01:25:26.948210,1,2,13,16,70
2025-12-12 01:25:29.803427,1,2,4,17,73
2025-12-12 01:25:32.663758,1,2,1,19,76
2025-12-12 01:25:36.480353,1,1,1,20,79
2025-12-12 01:25:39.782916,1,1,1,22,82
2025-12-12 01:25:43.600738,1,2,1,23,85
2025-12-12 01:25:46.507460,1,2,2,23,88
2025-12-12 01:25:50.413535,1,2,1,24,89
2025-12-12 01:25:53.220621,1,1,1,24,89
2025-12-12 01:25:56.082900,1,1,1,25,89
2025-12-12 01:25:59.941232,1,2,23,25,89
2025-12-12 01:26:04.903447,1,2,1,25,89
2025-12-12 01:26:07.810605,1,1,1,25,89
2025-12-12 01:26:10.627325,1,1,4,23,89
2025-12-12 01:26:13.532584,1,1,4,22,89
2025-12-12 01:26:16.891280,1,2,1,19,89
2025-12-12 01:26:20.649835,1,2,4,18,80
2025-12-12 01:26:24.509566,1,2,7,17,78
2025-12-12 01:26:27.419493,1,2,3,15,78
2025-12-12 01:26:30.226822,1,2,7,15,77
2025-12-12 01:26:34.086724,1,2,18,15,74
2025-12-12 01:26:37.009787,1,1,1,16,71
2025-12-12 01:26:39.806186,1,2,2,16,70
2025-12-12 01:26:43.615759,1,2,2,15,70
2025-12-12 01:26:47.426346,1,1,4,14,70
2025-12-12 01:26:50.237258,1,2,1,13,70
2025-12-12 01:26:53.168097,1,2,2,13,67
2025-12-12 01:26:57.007641,1,2,1,12,66
2025-12-12 01:26:59.868065,1,2,10,12,69
2025-12-12 01:27:03.777417,1,2,4,12,72
2025-12-12 01:27:07.244002,1,2,1,12,75
2025-12-12 01:27:10.148037,1,2,5,12,78
2025-12-12 01:27:13.011679,1,2,4,12,80
2025-12-12 01:27:15.819711,1,1,1,13,82
2025-12-12 01:27:19.679374,1,2,1,13,78
2025-12-12 01:27:22.601147,1,2,11,14,75
2025-12-12 01:27:26.452544,1,2,9,14,70
2025-12-12 01:27:29.260452,1,2,1,14,70
2025-12-12 01:27:32.169970,1,2,13,14,70
2025-12-12 01:27:35.981763,1,2,4,14,70
2025-12-12 01:27:39.290535,1,1,1,14,70
2025-12-12 01:27:42.099107,1,2,1,14,70
2025-12-12 01:27:45.008282,1,2,8,14,70
2025-12-12 01:27:47.881673,1,1,1,14,70
2025-12-12 01:27:50.728595,1,2,1,14,70
2025-12-12 01:27:54.545108,1,2,6,14,70
2025-12-12 01:27:57.850156,1,1,1,14,70
2025-12-12 01:28:00.656498,1,1,1,14,70
2025-12-12 01:28:03.573383,1,2,3,13,70
2025-12-12 01:28:06.479564,1,1,2,13,70
2025-12-12 01:28:09.291062,1,2,11,13,67
2025-12-12 01:28:13.109269,1,2,11,12,64
2025-12-12 01:28:16.956161,1,2,3,12,64
2025-12-12 01:28:20.468808,1,2,12,12,64
2025-12-12 01:28:23.275547,1,2,1,12,64
2025-12-12 01:28:26.185944,1,1,1,13,64
2025-12-12 01:28:29.999562,1,2,13,14,64
2025-12-12 01:28:33.303909,1,1,1,14,64
2025-12-12 01:28:37.114269,1,1,1,14,63
2025-12-12 01:28:40.023144,1,1,1,14,63
2025-12-12 01:28:42.831500,1,1,1,14,63
2025-12-12 01:28:46.697025,1,1,1,16,63
2025-12-12 01:28:49.603817,1,2,1,16,63
2025-12-12 01:28:52.981771,1,1,1,16,64
2025-12-12 01:28:56.722660,1,1,1,16,69
2025-12-12 01:28:59.631192,1,1,1,16,67
2025-12-12 01:29:03.041408,1,1,1,16,67
2025-12-12 01:29:05.900396,1,1,1,16,67
2025-12-12 01:29:08.707839,1,1,1,17,67
2025-12-12 01:29:12.570082,1,1,1,17,67
2025-12-12 01:29:15.877397,1,1,2,19,67
2025-12-12 01:29:19.689075,1,1,1,20,67
2025-12-12 01:29:22.601307,1,1,1,21,67
2025-12-12 01:29:25.909774,1,2,1,21,68
2025-12-12 01:29:28.771930,1,1,1,22,68
2025-12-12 01:29:31.630224,1,1,1,22,71
2025-12-12 01:29:35.001512,1,1,1,23,74
2025-12-12 01:29:38.349043,1,1,1,23,77
2025-12-12 01:29:41.713051,1,1,1,23,76
2025-12-12 01:29:45.619144,1,1,1,21,76
2025-12-12 01:29:48.535112,1,1,1,19,76
2025-12-12 01:29:51.337716,1,1,1,19,76
2025-12-12 01:29:55.148931,1,1,1,15,76
2025-12-12 01:29:58.081450,1,1,1,14,76
2025-12-12 01:30:00.868653,1,1,1,14,76
2025-12-12 01:30:06.178686,1,1,1,13,76
2025-12-12 01:30:10.092598,1,1,1,17,76
2025-12-12 01:30:12.906059,1,1,1,17,76
2025-12-12 01:30:17.720695,1,1,1,16,76
2025-12-12 01:30:21.523348,1,1,1,14,72
2025-12-12 01:30:24.336837,1,1,1,14,69
2025-12-12 01:30:28.203277,1,1,2,13,66
2025-12-12 01:30:31.100377,1,1,1,13,63
2025-12-12 01:30:33.909497,1,1,1,13,62
2025-12-12 01:30:37.746197,1,1,1,13,62
2025-12-12 01:30:40.630545,1,1,1,14,62
2025-12-12 01:30:44.539883,1,1,1,15,62
2025-12-12 01:30:47.348178,1,1,2,14,62
2025-12-12 01:30:50.208568,1,1,1,14,62
2025-12-12 01:30:54.067218,1,1,1,13,62
2025-12-12 01:30:57.377242,1,2,1,12,62
2025-12-12 01:31:00.203712,1,1,1,12,62
2025-12-12 01:31:03.095585,1,1,1,14,62
2025-12-12 01:31:05.955224,1,2,2,16,62
2025-12-12 01:31:08.766814,1,1,1,17,62
2025-12-12 01:31:12.624889,1,1,1,15,62
2025-12-12 01:31:15.936704,1,1,1,14,63
2025-12-12 01:31:18.742103,1,1,1,13,66
2025-12-12 01:31:21.653998,1,1,1,13,69
2025-12-12 01:31:24.564082,1,2,1,13,72
2025-12-12 01:31:27.379969,1,1,1,13,75
2025-12-12 01:31:31.182939,1,1,1,13,78
2025-12-12 01:31:35.049260,1,1,1,12,81
2025-12-12 01:31:38.398867,1,1,1,12,87
2025-12-12 01:31:41.217467,1,1,1,12,89
2025-12-12 01:31:45.125252,1,1,1,12,89
2025-12-12 01:31:47.979190,1,1,1,14,89
2025-12-12 01:31:50.788906,1,2,1,15,89
2025-12-12 01:31:54.648198,1,1,1,17,89
2025-12-12 01:31:57.610379,1,1,1,19,89
2025-12-12 01:32:00.925709,1,1,1,18,89
2025-12-12 01:32:04.777578,1,1,1,18,89
2025-12-12 01:32:07.687850,1,1,1,17,83
2025-12-12 01:32:11.047615,1,1,1,16,77
2025-12-12 01:32:14.806576,1,1,1,15,77
2025-12-12 01:32:17.717003,1,1,1,15,76
2025-12-12 01:32:21.124000,1,1,4,14,73
2025-12-12 01:32:23.985890,1,2,23,14,70
2025-12-12 01:32:26.800447,1,2,21,15,67
2025-12-12 01:32:30.656411,1,2,14,15,67
2025-12-12 01:32:33.970979,1,2,2,16,66
2025-12-12 01:32:37.785356,1,1,1,18,65
2025-12-12 01:32:40.686120,1,1,2,19,65
2025-12-12 01:32:44.593564,1,2,5,19,65
2025-12-12 01:32:47.402111,1,2,9,20,65
2025-12-12 01:32:50.313775,1,2,1,20,65
2025-12-12 01:32:54.134246,1,1,1,21,67
2025-12-12 01:32:57.434719,1,1,1,22,70
2025-12-12 01:33:00.243981,1,1,1,23,73
2025-12-12 01:33:03.151901,1,1,1,22,76
2025-12-12 01:33:06.010334,1,1,1,22,79
2025-12-12 01:33:08.826444,1,1,1,22,82
2025-12-12 01:33:12.682023,1,1,1,22,85
2025-12-12 01:33:15.988447,1,1,1,21,88
2025-12-12 01:33:18.799132,1,2,5,21,88
2025-12-12 01:33:21.707834,1,2,1,22,88
2025-12-12 01:33:24.617034,1,1,1,22,88
2025-12-12 01:33:27.438491,1,2,1,22,88
2025-12-12 01:33:31.736576,1,2,20,22,88
2025-12-12 01:33:35.111202,1,1,1,22,88
2025-12-12 01:33:38.605876,1,2,2,23,90
2025-12-12 01:33:41.426923,1,2,13,21,90
2025-12-12 01:33:44.286668,1,1,1,22,90
2025-12-12 01:33:48.135505,1,1,1,22,86
2025-12-12 01:33:51.448839,1,1,1,22,81
2025-12-12 01:33:55.253791,1,2,3,19,76
2025-12-12 01:33:58.167396,1,2,7,17,72
2025-12-12 01:34:00.974973,1,2,6,16,69
2025-12-12 01:34:05.805901,1,2,11,15,64
2025-12-12 01:34:09.197036,1,2,10,14,64
2025-12-12 01:34:12.054959,1,2,18,14,64
2025-12-12 01:34:14.867961,1,2,30,13,64
2025-12-12 01:34:18.828020,1,2,49,13,65
2025-12-12 01:34:21.751996,1,2,18,13,68
2025-12-12 01:34:24.641877,1,2,1,13,69
2025-12-12 01:34:27.454764,1,2,13,13,69
2025-12-12 01:34:31.760860,1,2,3,13,69
2025-12-12 01:34:35.122448,1,2,1,13,69
2025-12-12 01:34:38.431791,1,1,1,12,69
2025-12-12 01:34:41.300475,1,1,5,12,69
2025-12-12 01:34:45.201457,1,2,1,12,69
2025-12-12 01:34:48.084582,1,2,8,14,69
2025-12-12 01:34:50.870510,1,1,3,15,69
2025-12-12 01:34:54.732957,1,2,11,17,69
2025-12-12 01:34:57.641388,1,2,18,16,69
2025-12-12 01:35:00.453403,1,1,12,16,69
2025-12-12 01:35:04.358815,1,1,1,16,69
2025-12-12 01:35:07.220672,1,2,14,17,69
2025-12-12 01:35:10.029123,1,2,9,17,69
2025-12-12 01:35:14.343745,1,1,1,17,69
2025-12-12 01:35:18.151863,1,2,9,15,69
2025-12-12 01:35:21.458801,1,2,13,16,69
2025-12-12 01:35:25.268063,1,1,16,17,69
2025-12-12 01:35:29.129220,1,1,7,18,68
2025-12-12 01:35:32.898845,1,1,1,16,66
2025-12-12 01:35:36.748725,1,2,15,15,66
2025-12-12 01:35:39.658318,1,2,11,14,66
2025-12-12 01:35:42.467463,1,1,10,14,66
2025-12-12 01:35:47.288132,1,1,9,15,66
2025-12-12 01:35:50.689694,1,1,7,16,66
2025-12-12 01:35:53.497503,1,2,13,18,66
2025-12-12 01:35:56.359341,1,2,10,17,66
2025-12-12 01:36:00.771650,1,1,8,14,67
2025-12-12 01:36:03.682309,1,2,1,14,69
2025-12-12 01:36:06.492423,1,2,2,14,72
2025-12-12 01:36:10.350674,1,2,8,13,74
2025-12-12 01:36:13.264532,1,2,1,12,74
2025-12-12 01:36:18.221572,1,2,7,13,74
2025-12-12 01:36:21.082565,1,2,8,14,74
2025-12-12 01:36:23.890975,1,1,4,13,74
2025-12-12 01:36:27.803512,1,2,1,12,74
2025-12-12 01:36:30.711273,1,2,7,12,74
2025-12-12 01:36:33.519097,1,2,11,12,73
2025-12-12 01:36:37.328249,1,1,7,12,70
2025-12-12 01:36:40.240017,1,2,2,12,69
2025-12-12 01:36:43.048633,1,2,6,12,69
2025-12-12 01:36:46.906218,1,2,15,12,69
2025-12-12 01:36:49.820195,1,1,11,12,69
2025-12-12 01:36:53.177087,1,2,39,12,69
2025-12-12 01:36:56.935232,1,2,12,13,69
2025-12-12 01:37:00.898272,1,2,15,13,69
2025-12-12 01:37:04.056370,1,2,6,17,70
2025-12-12 01:37:08.365157,1,1,1,18,76
2025-12-12 01:37:12.227108,1,1,1,19,79
2025-12-12 01:37:15.536696,1,1,1,21,82
2025-12-12 01:37:19.354215,1,1,1,22,85
2025-12-12 01:37:22.255561,1,2,1,23,88
2025-12-12 01:37:25.066370,1,1,1,24,89
2025-12-12 01:37:28.925116,1,1,1,24,89
2025-12-12 01:37:31.838310,1,1,1,25,89
2025-12-12 01:37:35.195267,1,1,1,25,91
2025-12-12 01:37:38.953147,1,1,1,25,97
2025-12-12 01:37:42.763688,1,1,1,25,100
2025-12-12 01:37:46.073973,1,1,1,25,100
2025-12-12 01:37:49.893151,1,1,1,25,98
2025-12-12 01:37:54.243801,1,1,1,25,95
2025-12-12 01:37:57.564860,1,1,1,24,92
2025-12-12 01:38:01.361685,1,1,1,19,86
2025-12-12 01:38:04.270490,1,1,1,18,81
2025-12-12 01:38:07.082751,1,1,1,16,78
2025-12-12 01:38:10.939742,1,1,1,15,75
2025-12-12 01:38:13.869541,1,1,1,14,73
2025-12-12 01:38:17.210529,1,1,1,14,73
2025-12-12 01:38:20.972644,1,1,1,14,70
2025-12-12 01:38:23.878709,1,1,1,13,70
2025-12-12 01:38:27.294895,1,1,1,13,70
2025-12-12 01:38:30.147151,1,1,1,13,70
2025-12-12 01:38:32.968220,1,1,1,13,70
2025-12-12 01:38:36.820977,1,1,1,12,70
2025-12-12 01:38:40.127370,1,1,1,12,70
2025-12-12 01:38:43.588310,1,1,1,12,70
2025-12-12 01:38:46.396394,1,1,1,12,70
2025-12-12 01:38:49.305551,1,1,1,12,70
2025-12-12 01:38:52.114247,1,1,1,11,68
2025-12-12 01:38:55.936593,1,1,1,11,67
2025-12-12 01:39:00.284010,1,1,1,11,65
2025-12-12 01:39:03.195437,1,1,1,11,65
2025-12-12 01:39:05.956698,1,1,1,11,65
2025-12-12 01:39:09.868618,1,1,1,13,65
2025-12-12 01:39:12.772873,1,1,1,16,65
2025-12-12 01:39:15.580997,1,1,1,16,65
2025-12-12 01:39:19.411955,1,1,1,16,65
2025-12-12 01:39:23.249769,1,1,1,14,65
2025-12-12 01:39:26.764000,1,1,1,13,65
2025-12-12 01:39:29.569176,1,1,1,13,65
2025-12-12 01:39:32.432192,1,1,1,12,64
2025-12-12 01:39:36.290418,1,1,1,12,62
2025-12-12 01:39:39.607265,1,1,1,11,62
2025-12-12 01:39:43.407496,1,1,1,11,62
2025-12-12 01:39:46.316909,1,1,1,11,62
2025-12-12 01:39:49.126166,1,1,1,11,62
2025-12-12 01:39:52.986571,1,1,1,11,62
2025-12-12 01:39:55.900536,1,1,1,11,62
2025-12-12 01:39:59.254143,1,1,1,11,62
2025-12-12 01:40:03.014526,1,1,1,11,62
2025-12-12 01:40:06.874544,1,1,1,11,62
2025-12-12 01:40:11.191038,1,1,1,11,62
2025-12-12 01:40:13.995072,1,1,1,11,62
2025-12-12 01:40:16.906117,1,1,1,11,62
2025-12-12 01:40:20.817196,1,1,1,11,62
2025-12-12 01:40:23.624101,1,1,1,11,62
2025-12-12 01:40:26.435226,1,1,1,11,62
2025-12-12 01:40:30.298664,1,1,1,11,62
2025-12-12 01:40:33.606023,1,1,1,11,64
2025-12-12 01:40:37.413193,1,1,1,11,67
2025-12-12 01:40:41.274622,1,1,1,13,70
2025-12-12 01:40:45.034641,1,1,1,14,76
2025-12-12 01:40:48.842593,1,1,1,14,79
2025-12-12 01:40:52.153324,1,1,1,14,82
2025-12-12 01:40:55.963022,1,1,1,14,84
2025-12-12 01:41:00.320607,1,1,1,14,84
2025-12-12 01:41:03.634214,1,1,1,15,84
2025-12-12 01:41:07.441585,1,1,1,18,84
2025-12-12 01:41:10.405868,1,1,1,19,80
2025-12-12 01:41:14.810541,1,1,1,19,72
2025-12-12 01:41:17.620372,1,1,1,20,69
2025-12-12 01:41:20.481534,1,1,1,21,67
2025-12-12 01:41:24.338964,1,1,1,21,67
2025-12-12 01:41:27.649633,1,1,1,22,67
2025-12-12 01:41:31.457874,1,1,1,23,69
2025-12-12 01:41:34.371119,1,1,1,23,72
2025-12-12 01:41:37.175179,1,1,1,24,75
2025-12-12 01:41:41.034832,1,1,1,24,78
2025-12-12 01:41:43.944671,1,1,1,24,81
2025-12-12 01:41:47.304718,1,1,1,25,82
2025-12-12 01:41:51.064690,1,1,1,25,82
2025-12-12 01:41:54.876514,1,1,1,25,82
2025-12-12 01:41:58.183242,1,1,1,25,82
2025-12-12 01:42:02.000971,1,1,1,25,82
2025-12-12 01:42:06.351296,1,1,1,25,82
2025-12-12 01:42:09.663264,1,1,1,25,82
2025-12-12 01:42:13.522451,1,1,1,24,80
2025-12-12 01:42:16.430959,1,1,1,24,75
2025-12-12 01:42:20.841971,1,1,1,24,69
2025-12-12 01:42:23.653250,1,1,1,24,66
2025-12-12 01:42:26.518920,1,1,1,23,66
2025-12-12 01:42:30.377042,1,1,1,23,66
2025-12-12 01:42:33.678956,1,1,1,23,66
2025-12-12 01:42:37.062056,1,1,1,21,66
2025-12-12 01:42:39.949456,1,1,1,16,66
2025-12-12 01:42:42.858367,1,1,1,15,65
2025-12-12 01:42:45.668004,1,1,1,15,65
2025-12-12 01:42:49.474141,1,1,1,13,65
2025-12-12 01:42:53.335351,1,1,1,13,65
2025-12-12 01:42:57.096772,1,1,1,13,62
2025-12-12 01:43:00.903586,1,1,1,13,62
2025-12-12 01:43:04.213173,1,1,1,13,62
2025-12-12 01:43:08.023883,1,1,1,13,62
2025-12-12 01:43:12.381825,1,1,1,13,62
2025-12-12 01:43:15.691272,1,1,1,13,62
2025-12-12 01:43:19.501783,1,1,1,13,62
2025-12-12 01:43:22.459088,1,1,1,13,62
2025-12-12 01:43:26.869426,1,1,1,13,62
2025-12-12 01:43:29.680415,1,1,1,13,62
2025-12-12 01:43:32.538546,1,1,1,13,62
2025-12-12 01:43:36.405153,1,1,1,13,62
2025-12-12 01:43:39.707791,1,1,1,12,62
2025-12-12 01:43:43.068151,1,1,1,12,62
2025-12-12 01:43:45.978188,1,1,1,11,62
2025-12-12 01:43:48.886708,1,1,1,11,63
2025-12-12 01:43:51.705018,1,1,1,11,63
2025-12-12 01:43:55.507959,1,1,1,11,63
2025-12-12 01:43:59.365123,1,1,1,11,63
2025-12-12 01:44:02.724837,1,1,1,11,63
2025-12-12 01:44:05.534435,1,1,1,11,63
2025-12-12 01:44:09.445165,1,1,1,11,63
2025-12-12 01:44:12.313250,1,1,1,11,63
2025-12-12 01:44:15.115879,1,1,1,11,64
2025-12-12 01:44:18.972844,1,1,1,11,64
2025-12-12 01:44:22.295532,1,1,1,11,64
2025-12-12 01:44:25.090397,1,1,1,11,64
2025-12-12 01:44:28.016901,1,1,1,11,64
2025-12-12 01:44:30.909368,1,1,1,11,64
2025-12-12 01:44:33.717977,1,1,1,11,64
2025-12-12 01:44:37.538617,1,1,1,11,64
2025-12-12 01:44:41.386917,1,1,1,11,63
2025-12-12 01:44:44.697265,1,1,1,11,63
2025-12-12 01:44:47.595874,1,1,1,11,63
2025-12-12 01:44:51.467762,1,1,1,14,66
2025-12-12 01:44:54.324806,1,1,1,14,69
2025-12-12 01:44:57.132840,1,1,1,15,71
2025-12-12 01:45:00.995474,1,1,1,14,68
2025-12-12 01:45:03.953661,1,1,1,14,65
2025-12-12 01:45:07.262889,1,1,1,14,63
2025-12-12 01:45:11.122012,1,1,1,14,63
2025-12-12 01:45:14.030852,1,1,1,14,63
2025-12-12 01:45:17.392958,1,1,1,14,63
2025-12-12 01:45:21.150845,1,1,1,14,63
2025-12-12 01:45:25.009866,1,1,1,14,63
2025-12-12 01:45:27.920678,1,1,1,14,63
2025-12-12 01:45:30.729421,1,1,1,14,63
2025-12-12 01:45:34.590377,1,1,1,16,63
2025-12-12 01:45:37.499658,1,1,1,18,64
2025-12-12 01:45:40.305664,1,1,1,18,66
2025-12-12 01:45:44.115295,1,1,1,18,67
2025-12-12 01:45:47.026324,1,1,1,18,67
2025-12-12 01:45:50.937247,1,1,1,18,67
2025-12-12 01:45:53.743100,1,1,1,18,67
2025-12-12 01:45:56.605820,1,1,1,18,67
2025-12-12 01:46:00.463334,1,1,1,18,67
2025-12-12 01:46:03.774910,1,1,1,18,67
2025-12-12 01:46:07.131571,1,1,1,18,67
2025-12-12 01:46:10.040653,1,1,1,18,67
2025-12-12 01:46:12.950890,1,1,1,18,67
2025-12-12 01:46:15.760953,1,1,1,18,67
2025-12-12 01:46:19.567728,1,1,1,18,67
2025-12-12 01:46:23.450413,1,1,1,18,67
2025-12-12 01:46:27.189886,1,1,1,17,66
2025-12-12 01:46:30.997921,1,1,1,17,63
2025-12-12 01:46:34.305960,1,1,1,16,63
2025-12-12 01:46:38.133797,1,1,1,15,63
2025-12-12 01:46:42.478983,1,1,1,14,63
2025-12-12 01:46:45.799618,1,1,1,13,63
2025-12-12 01:46:49.594606,1,1,1,12,63
2025-12-12 01:46:52.509380,1,1,1,12,63
2025-12-12 01:46:55.314623,1,1,1,12,63
2025-12-12 01:46:59.193585,1,1,1,12,62
2025-12-12 01:47:02.270003,1,1,1,12,62
2025-12-12 01:47:05.451348,1,1,1,12,62
2025-12-12 01:47:09.202488,1,1,1,12,62
2025-12-12 01:47:12.711812,1,1,1,12,62
2025-12-12 01:47:15.524569,1,1,1,12,62
2025-12-12 01:47:18.379820,1,1,1,13,62
2025-12-12 01:47:21.196274,1,1,1,13,62
2025-12-12 01:47:25.052625,1,1,1,13,62
2025-12-12 01:47:28.377018,1,1,1,13,62
2025-12-12 01:47:31.819872,1,1,1,13,62
2025-12-12 01:47:34.629893,1,1,1,13,64
2025-12-12 01:47:37.537816,1,1,1,13,65
2025-12-12 01:47:40.347671,1,1,1,13,65
2025-12-12 01:47:44.156444,1,1,1,13,65
2025-12-12 01:47:48.517610,1,1,1,15,66
2025-12-12 01:47:51.423647,1,1,1,17,69
2025-12-12 01:47:54.184838,1,2,1,17,72
2025-12-12 01:47:58.097372,1,1,1,15,71
2025-12-12 01:48:01.003556,1,1,1,17,68
2025-12-12 01:48:03.812413,1,1,1,17,65
2025-12-12 01:48:07.623184,1,1,1,18,63
2025-12-12 01:48:11.484151,1,1,1,16,62
2025-12-12 01:48:15.006407,1,1,1,16,62
2025-12-12 01:48:17.803499,1,1,1,17,62
2025-12-12 01:48:20.661568,1,1,1,19,62
2025-12-12 01:48:24.522378,1,1,1,18,65
2025-12-12 01:48:27.832629,1,1,1,17,68
2025-12-12 01:48:31.651686,1,1,1,16,65
2025-12-12 01:48:34.552014,1,1,1,17,64
2025-12-12 01:48:37.358855,1,1,1,19,67
2025-12-12 01:48:41.220060,1,1,1,20,70
2025-12-12 01:48:44.129349,1,1,1,20,73
2025-12-12 01:48:47.487408,1,1,1,21,76
2025-12-12 01:48:51.254373,1,1,2,22,82
2025-12-12 01:48:54.156409,1,1,1,22,82
2025-12-12 01:48:57.566281,1,1,1,23,82
2025-12-12 01:49:00.424368,1,1,1,23,82
2025-12-12 01:49:03.242258,1,1,1,23,82
2025-12-12 01:49:07.099508,1,1,1,24,82
2025-12-12 01:49:10.403101,1,1,1,24,82
2025-12-12 01:49:13.889259,1,1,1,24,82
2025-12-12 01:49:16.718421,1,1,1,25,82
2025-12-12 01:49:19.594994,1,1,1,24,82
2025-12-12 01:49:22.397069,1,1,1,23,82
2025-12-12 01:49:26.201870,1,1,1,20,76
2025-12-12 01:49:30.561386,1,1,1,20,69
2025-12-12 01:49:34.871181,1,1,1,19,66
2025-12-12 01:49:37.685631,1,1,1,17,64
2025-12-12 01:49:40.595456,1,1,1,16,64
2025-12-12 01:49:43.408550,1,1,1,16,64
2025-12-12 01:49:47.258686,1,1,1,15,64
2025-12-12 01:49:50.170144,1,1,1,15,64
2025-12-12 01:49:55.132443,1,1,1,17,64
2025-12-12 01:49:58.090332,1,1,1,19,64
2025-12-12 01:50:01.402233,1,1,1,17,65
2025-12-12 01:50:06.216082,1,1,1,16,69
2025-12-12 01:50:10.626649,1,1,1,19,66
2025-12-12 01:50:13.435647,1,1,1,20,63
2025-12-12 01:50:18.247527,1,1,1,21,63
2025-12-12 01:50:22.161099,1,1,1,22,63
2025-12-12 01:50:25.070311,1,1,1,20,63
2025-12-12 01:50:27.875092,1,1,1,20,63
2025-12-12 01:50:31.684522,1,1,1,22,63
2025-12-12 01:50:35.547379,1,1,1,22,63
2025-12-12 01:50:39.554966,1,1,1,19,63
2025-12-12 01:50:43.065635,1,1,1,15,63
2025-12-12 01:50:45.873114,1,1,1,15,63
2025-12-12 01:50:49.685284,1,1,1,14,63
2025-12-12 01:50:53.541655,1,1,1,14,63
2025-12-12 01:50:57.302138,1,2,1,14,63
2025-12-12 01:51:01.165543,1,1,1,14,63
2025-12-12 01:51:04.071359,1,1,1,14,63
2025-12-12 01:51:06.884514,1,1,1,14,63
2025-12-12 01:51:10.741455,1,1,1,14,63
2025-12-12 01:51:13.660416,1,1,1,14,63
2025-12-12 01:51:16.459414,1,2,2,14,63
2025-12-12 01:51:20.270319,1,1,1,14,63
2025-12-12 01:51:23.182503,1,1,1,14,63
2025-12-12 01:51:27.110014,1,1,1,14,63
2025-12-12 01:51:29.903184,1,1,1,14,63
2025-12-12 01:51:32.768595,1,1,1,14,63
2025-12-12 01:51:36.620011,1,1,2,14,63
2025-12-12 01:51:39.528928,1,1,1,14,63
2025-12-12 01:51:42.287798,1,1,1,14,63
2025-12-12 01:51:46.204661,1,1,1,13,63
2025-12-12 01:51:49.110517,1,1,1,12,63
2025-12-12 01:51:51.918027,1,1,1,12,63
2025-12-12 01:51:55.729005,1,1,1,12,63
2025-12-12 01:51:58.703660,1,1,1,12,63
2025-12-12 01:52:03.096440,1,1,1,12,62
2025-12-12 01:52:05.916834,1,1,1,12,62
2025-12-12 01:52:08.816799,1,1,1,12,62
2025-12-12 01:52:12.624665,1,1,1,12,62
2025-12-12 01:52:15.935133,1,1,1,12,62
2025-12-12 01:52:19.295767,1,1,1,13,64
2025-12-12 01:52:22.204535,1,1,1,13,64
2025-12-12 01:52:25.114216,1,1,1,13,64
2025-12-12 01:52:27.923670,1,1,1,13,64
2025-12-12 01:52:31.741420,1,1,1,13,64
2025-12-12 01:52:35.611442,1,1,1,13,64
2025-12-12 01:52:39.351862,1,1,1,13,64
2025-12-12 01:52:43.160108,1,1,1,13,64
2025-12-12 01:52:46.468551,1,1,1,13,64
2025-12-12 01:52:50.280128,1,1,1,13,64
2025-12-12 01:52:54.638850,1,1,1,13,64
2025-12-12 01:52:57.952808,1,1,1,13,64
2025-12-12 01:53:01.756537,1,1,1,13,64
2025-12-12 01:53:04.665923,1,1,1,13,64
2025-12-12 01:53:07.476892,1,1,1,13,64
2025-12-12 01:53:12.287076,1,1,1,13,64
2025-12-12 01:53:15.697106,1,1,1,13,64
2025-12-12 01:53:18.556515,1,1,1,13,64
2025-12-12 01:53:21.370113,1,1,1,13,64
2025-12-12 01:53:24.774807,1,1,2,13,64
2025-12-12 01:53:27.688042,1,1,1,13,64
2025-12-12 01:53:30.553495,1,1,1,13,64
2025-12-12 01:53:33.354161,1,1,1,12,64
2025-12-12 01:53:37.219164,1,1,1,12,64
2025-12-12 01:53:40.522730,1,1,2,12,64
2025-12-12 01:53:43.985195,1,1,1,12,64
2025-12-12 01:53:46.793209,1,1,1,12,64
2025-12-12 01:53:49.702509,1,1,1,12,64
2025-12-12 01:53:52.510002,1,1,1,12,64
2025-12-12 01:53:56.320400,1,1,1,13,64
2025-12-12 01:54:00.680565,1,1,2,15,64
2025-12-12 01:54:04.694185,1,1,1,19,64
2025-12-12 01:54:07.498971,1,1,1,19,64
2025-12-12 01:54:11.360699,1,1,1,20,64
2025-12-12 01:54:14.273903,1,1,3,20,64
2025-12-12 01:54:17.629291,1,1,1,21,64
2025-12-12 01:54:21.387434,1,1,2,21,64
2025-12-12 01:54:24.349251,1,1,2,21,64
2025-12-12 01:54:28.257195,1,1,1,21,64
2025-12-12 01:54:31.167329,1,1,1,21,64
2025-12-12 01:54:33.980032,1,2,1,21,64
2025-12-12 01:54:37.787802,1,1,2,20,64
2025-12-12 01:54:41.645532,1,1,1,20,64
2025-12-12 01:54:45.411832,1,1,1,18,64
2025-12-12 01:54:48.268792,1,1,1,17,65
2025-12-12 01:54:51.174985,1,1,1,16,65
2025-12-12 01:54:53.986392,1,1,1,15,65
2025-12-12 01:54:56.844187,1,1,1,15,65
2025-12-12 01:55:00.707885,1,1,1,14,65
2025-12-12 01:55:04.013815,1,1,1,14,65
2025-12-12 01:55:06.828330,1,2,1,14,65
2025-12-12 01:55:09.732819,1,2,1,14,65
2025-12-12 01:55:12.591944,1,1,1,14,65
2025-12-12 01:55:15.400655,1,1,1,14,65
2025-12-12 01:55:19.266316,1,1,1,14,65
2025-12-12 01:55:22.575229,1,1,1,14,65
2025-12-12 01:55:25.378705,1,1,1,14,65
2025-12-12 01:55:28.294065,1,1,3,14,65
2025-12-12 01:55:31.196557,1,1,1,14,65
2025-12-12 01:55:34.004532,1,1,1,14,64
2025-12-12 01:55:37.815480,1,1,1,14,62
2025-12-12 01:55:41.680534,1,1,1,15,62
2025-12-12 01:55:45.033658,1,1,1,15,62
2025-12-12 01:55:47.844275,1,1,1,15,62
2025-12-12 01:55:51.752281,1,1,1,15,62
2025-12-12 01:55:54.612491,1,1,1,15,62
2025-12-12 01:55:57.420986,1,1,1,15,62
2025-12-12 01:56:01.283024,1,2,1,15,62
2025-12-12 01:56:04.641374,1,1,1,15,62
2025-12-12 01:56:07.580946,1,1,2,15,62
2025-12-12 01:56:12.866840,1,2,2,15,62
2025-12-12 01:56:15.771819,1,1,1,15,62
2025-12-12 01:56:18.629433,1,1,1,15,62
2025-12-12 01:56:21.441031,1,1,1,14,62
2025-12-12 01:56:25.301026,1,1,1,14,62
2025-12-12 01:56:28.213828,1,1,1,14,63
2025-12-12 01:56:31.022138,1,1,1,14,63
2025-12-12 01:56:34.886130,1,1,1,14,63
2025-12-12 01:56:37.809450,1,1,1,14,63
2025-12-12 01:56:40.599874,1,1,1,13,63
2025-12-12 01:56:44.411382,1,1,1,13,63
2025-12-12 01:56:47.327650,1,2,1,13,63
2025-12-12 01:56:51.229236,1,1,1,12,62
2025-12-12 01:56:54.037620,1,1,1,12,62
2025-12-12 01:56:56.896862,1,1,1,12,62
2025-12-12 01:57:00.821299,1,1,1,14,62
2025-12-12 01:57:04.079292,1,1,1,14,62
2025-12-12 01:57:06.875038,1,1,1,16,62
2025-12-12 01:57:09.785932,1,1,1,16,62
2025-12-12 01:57:12.646337,1,1,1,18,62
2025-12-12 01:57:15.453382,1,1,1,19,62
2025-12-12 01:57:19.317325,1,1,2,20,62
2025-12-12 01:57:22.623225,1,1,1,19,62
2025-12-12 01:57:25.431798,1,1,1,17,62
2025-12-12 01:57:28.341586,1,1,1,15,62
2025-12-12 01:57:31.285893,1,1,1,14,62
2025-12-12 01:57:34.060152,1,1,1,14,62
2025-12-12 01:57:38.368176,1,1,1,13,62
2025-12-12 01:57:41.730472,1,1,1,13,62
2025-12-12 01:57:45.088122,1,1,1,12,62
2025-12-12 01:57:47.911476,1,1,1,12,62
2025-12-12 01:57:51.807408,1,1,1,12,62
2025-12-12 01:57:54.691759,1,1,1,11,62
2025-12-12 01:57:57.477054,1,1,1,11,62
2025-12-12 01:58:01.338095,1,2,1,11,62
2025-12-12 01:58:04.305872,1,1,1,11,62
2025-12-12 01:58:07.256228,1,1,1,11,62
2025-12-12 01:58:10.076487,1,1,1,11,62
2025-12-12 01:58:13.874219,1,2,1,11,62
2025-12-12 01:58:17.733896,1,1,1,12,62
2025-12-12 01:58:21.494861,1,1,1,12,62
2025-12-12 01:58:24.405472,1,1,1,13,62
2025-12-12 01:58:27.821978,1,1,1,14,62
2025-12-12 01:58:30.675307,1,1,1,13,62
2025-12-12 01:58:33.485518,1,1,1,13,62
2025-12-12 01:58:37.351949,1,1,1,13,62
2025-12-12 01:58:40.659918,1,1,1,13,62
2025-12-12 01:58:44.484982,1,1,1,13,62
2025-12-12 01:58:47.387010,1,1,1,13,62
2025-12-12 01:58:51.282596,1,1,1,13,62
2025-12-12 01:58:54.091827,1,2,1,13,62
2025-12-12 01:58:56.952135,1,2,2,14,62
2025-12-12 01:59:00.812377,1,1,1,14,62
2025-12-12 01:59:04.119761,1,1,1,14,62
2025-12-12 01:59:06.982020,1,1,1,14,62
2025-12-12 01:59:09.849144,1,1,1,14,62
2025-12-12 01:59:12.699249,1,1,1,14,62
2025-12-12 01:59:15.564695,1,1,1,14,62
2025-12-12 01:59:19.368210,1,1,1,14,62
2025-12-12 01:59:22.677108,1,1,1,14,62
2025-12-12 01:59:25.536161,1,1,1,15,62
2025-12-12 01:59:28.396328,1,1,1,15,62
2025-12-12 01:59:31.307508,1,1,1,15,62
2025-12-12 01:59:34.115265,1,1,1,15,62
2025-12-12 01:59:38.424737,1,2,1,15,62
2025-12-12 01:59:41.785563,1,2,1,15,62
2025-12-12 01:59:45.301308,1,1,1,15,62
2025-12-12 01:59:48.110654,1,2,1,15,62
2025-12-12 01:59:50.965914,1,1,1,15,62
2025-12-12 01:59:54.832082,1,1,1,15,64
2025-12-12 01:59:58.140335,1,1,1,15,67
2025-12-12 02:00:01.945560,1,1,1,15,70
2025-12-12 02:00:04.904336,1,1,1,15,73
2025-12-12 02:00:07.667215,1,1,1,15,74
2025-12-12 02:00:12.976030,1,1,1,15,69
2025-12-12 02:00:15.886246,1,1,1,14,69
2025-12-12 02:00:18.745093,1,1,1,14,69
2025-12-12 02:00:22.654968,1,1,1,14,69
2025-12-12 02:00:26.113817,1,1,1,14,67
2025-12-12 02:00:28.998748,1,1,1,14,67
2025-12-12 02:00:31.885686,1,1,1,14,67
2025-12-12 02:00:34.707785,1,1,1,14,67
2025-12-12 02:00:39.007433,1,1,1,14,67
2025-12-12 02:00:41.925851,1,2,2,14,67
2025-12-12 02:00:45.334764,1,1,2,14,67
2025-12-12 02:00:48.136702,1,1,1,15,67
2025-12-12 02:00:50.995958,1,1,1,16,67
2025-12-12 02:00:54.853869,1,1,1,16,67
2025-12-12 02:00:58.163686,1,1,1,17,67
2025-12-12 02:01:01.522108,1,1,1,17,67
2025-12-12 02:01:04.433298,1,1,1,18,67
2025-12-12 02:01:07.346420,1,1,1,18,67
2025-12-12 02:01:10.150371,1,1,1,18,67
2025-12-12 02:01:13.961733,1,1,2,18,67
2025-12-12 02:01:17.835387,1,2,1,18,67
2025-12-12 02:01:21.579454,1,1,1,18,67
2025-12-12 02:01:25.390044,1,1,1,17,67
2025-12-12 02:01:28.697838,1,1,2,17,67
2025-12-12 02:01:32.514004,1,1,1,17,67
2025-12-12 02:01:36.867006,1,1,1,17,67
2025-12-12 02:01:40.183225,1,1,1,17,64
2025-12-12 02:01:43.988183,1,1,1,18,62
2025-12-12 02:01:46.895164,1,1,2,19,62
2025-12-12 02:01:49.703647,1,1,1,19,62
2025-12-12 02:01:54.517060,1,1,1,18,62
2025-12-12 02:01:57.924739,1,1,1,18,64
2025-12-12 02:02:00.786284,1,1,1,19,67
2025-12-12 02:02:03.595250,1,1,1,19,68
2025-12-12 02:02:06.468220,1,1,1,20,68
2025-12-12 02:02:09.366680,1,1,1,20,68
2025-12-12 02:02:12.172574,1,2,1,21,68
2025-12-12 02:02:15.031556,1,1,1,21,68
2025-12-12 02:02:18.898723,1,1,1,21,68
2025-12-12 02:02:22.203555,1,1,1,21,68
2025-12-12 02:02:25.612489,1,2,2,21,68
2025-12-12 02:02:28.946666,1,1,2,22,68
2025-12-12 02:02:31.731933,1,1,1,21,68
2025-12-12 02:02:36.543524,1,2,1,22,68
2025-12-12 02:02:39.952959,1,1,1,22,68
2025-12-12 02:02:42.811342,1,1,1,23,68
2025-12-12 02:02:46.170688,1,1,1,23,68
2025-12-12 02:02:50.586057,1,1,1,23,68
2025-12-12 02:02:53.489697,1,1,1,23,68
2025-12-12 02:02:57.399965,1,1,1,22,68
2025-12-12 02:03:00.231356,1,1,1,22,68
2025-12-12 02:03:03.069437,1,1,1,20,68
2025-12-12 02:03:07.479022,1,1,1,20,69
2025-12-12 02:03:10.388828,1,1,1,18,72
2025-12-12 02:03:13.201517,1,1,1,18,75
2025-12-12 02:03:17.057217,1,1,1,16,78
2025-12-12 02:03:19.967567,1,1,1,15,78
2025-12-12 02:03:22.779053,1,1,1,16,78
2025-12-12 02:03:27.737750,1,1,1,18,78
2025-12-12 02:03:32.198749,1,1,1,16,78
2025-12-12 02:03:35.058000,1,1,1,14,78
2025-12-12 02:03:38.014620,1,1,1,13,76
2025-12-12 02:03:40.777311,1,1,1,13,72
2025-12-12 02:03:44.591870,1,1,1,12,69
2025-12-12 02:03:47.548145,1,1,1,12,66
2025-12-12 02:03:52.909097,1,1,2,11,66
2025-12-12 02:03:56.220455,1,2,25,11,66
2025-12-12 02:03:59.079403,1,2,7,11,66
2025-12-12 02:04:01.988613,1,2,7,11,66
2025-12-12 02:04:04.803868,1,2,1,11,68
2025-12-12 02:04:08.706783,1,2,5,12,71
2025-12-12 02:04:11.517436,1,1,1,13,74
2025-12-12 02:04:15.443047,1,1,1,14,79
2025-12-12 02:04:18.237659,1,2,1,14,79
2025-12-12 02:04:21.095134,1,2,3,15,80
2025-12-12 02:04:24.956903,1,1,1,15,83
2025-12-12 02:04:28.436499,1,2,3,15,86
2025-12-12 02:04:31.225255,1,1,1,15,88
2025-12-12 02:04:35.137748,1,1,1,15,88
2025-12-12 02:04:38.001237,1,1,3,15,87
2025-12-12 02:04:40.804687,1,1,1,15,81
2025-12-12 02:04:45.676353,1,2,1,15,75
2025-12-12 02:04:48.427115,1,2,1,15,75
2025-12-12 02:04:51.241504,1,1,1,15,78
2025-12-12 02:04:54.125324,1,2,2,15,79
2025-12-12 02:04:58.006783,1,1,1,13,79
2025-12-12 02:05:00.865223,1,1,1,13,79
2025-12-12 02:05:03.684869,1,1,1,12,76
2025-12-12 02:05:08.536281,1,1,1,11,73
2025-12-12 02:05:11.908729,1,1,1,11,70
2025-12-12 02:05:15.662795,1,1,1,11,67
2025-12-12 02:05:19.530921,1,1,1,11,67
2025-12-12 02:05:22.824832,1,1,1,11,67
2025-12-12 02:05:26.635293,1,1,1,11,67
2025-12-12 02:05:29.546013,1,1,1,11,69
2025-12-12 02:05:33.453911,1,1,1,11,75
2025-12-12 02:05:36.265215,1,1,1,11,77
2025-12-12 02:05:39.172422,1,2,4,11,74
2025-12-12 02:05:42.981530,1,1,1,11,73
2025-12-12 02:05:46.291789,1,1,1,11,73
2025-12-12 02:05:49.652067,1,1,1,11,72
2025-12-12 02:05:52.561515,1,1,4,11,69
2025-12-12 02:05:55.471160,1,1,1,11,66
2025-12-12 02:05:58.290983,1,2,1,11,63
2025-12-12 02:06:02.603076,1,1,1,11,63
2025-12-12 02:06:05.952528,1,2,1,12,63
2025-12-12 02:06:09.260592,1,1,1,11,68
2025-12-12 02:06:12.170177,1,1,1,14,71
2025-12-12 02:06:16.031048,1,2,2,16,71
2025-12-12 02:06:18.891803,1,2,2,18,71
2025-12-12 02:06:21.697666,1,2,7,19,71
2025-12-12 02:06:25.558279,1,2,11,19,69
2025-12-12 02:06:28.522001,1,2,10,20,66
2025-12-12 02:06:31.827547,1,2,2,19,69
2025-12-12 02:06:36.638629,1,1,2,18,72
2025-12-12 02:06:40.500826,1,1,3,17,72
2025-12-12 02:06:43.309773,1,1,2,17,72
2025-12-12 02:06:47.218605,1,2,4,17,75
2025-12-12 02:06:50.578504,1,2,1,17,78
2025-12-12 02:06:53.943754,1,1,2,17,81
2025-12-12 02:06:57.704500,1,1,1,17,81
2025-12-12 02:07:01.600716,1,2,1,17,75
2025-12-12 02:07:04.879060,1,1,2,16,71
2025-12-12 02:07:09.175599,1,1,1,16,65
2025-12-12 02:07:12.087710,1,2,2,16,64
2025-12-12 02:07:15.501050,1,2,2,16,64
2025-12-12 02:07:18.304887,1,1,1,16,64
2025-12-12 02:07:21.216921,1,2,5,16,64
2025-12-12 02:07:25.025346,1,1,1,16,64
2025-12-12 02:07:28.336857,1,1,1,18,64
2025-12-12 02:07:31.745881,1,2,1,16,64
2025-12-12 02:07:35.061182,1,2,5,13,64
2025-12-12 02:07:37.864152,1,2,2,13,64
2025-12-12 02:07:41.729698,1,2,6,12,64
2025-12-12 02:07:44.635418,1,2,28,12,64
2025-12-12 02:07:47.993757,1,2,22,13,64
2025-12-12 02:07:51.956741,1,2,1,24,100
2025-12-12 02:07:54.726091,1,1,6,24,100
2025-12-12 02:07:58.625719,1,2,2,23,100
2025-12-12 02:08:01.937622,1,2,1,23,100
2025-12-12 02:08:04.752308,1,1,5,23,100
2025-12-12 02:08:07.655504,1,2,1,23,100
2025-12-12 02:08:11.066364,1,1,2,23,100
2025-12-12 02:08:13.876801,1,2,1,23,100
2025-12-12 02:08:18.687363,1,2,1,22,92
2025-12-12 02:08:22.548105,1,2,7,17,86
2025-12-12 02:08:25.361284,1,2,2,17,82
2025-12-12 02:08:29.220750,1,2,4,14,79
2025-12-12 02:08:32.078902,1,2,4,13,76
2025-12-12 02:08:34.887624,1,2,1,12,74
2025-12-12 02:08:39.248518,1,2,8,12,69
2025-12-12 02:08:43.058829,1,2,9,12,67
2025-12-12 02:08:46.368345,1,1,2,11,67
2025-12-12 02:08:50.176828,1,1,1,11,67
2025-12-12 02:08:53.089425,1,2,6,11,67
2025-12-12 02:08:55.897038,1,1,2,11,66
2025-12-12 02:08:59.805873,1,2,2,11,66
2025-12-12 02:09:02.666865,1,2,2,11,66
2025-12-12 02:09:06.031115,1,1,3,11,66
2025-12-12 02:09:09.386647,1,2,2,11,66
2025-12-12 02:09:12.248552,1,2,7,11,66
2025-12-12 02:09:16.106140,1,2,2,11,66
2025-12-12 02:09:18.965427,1,2,5,11,66
2025-12-12 02:09:21.776303,1,2,2,11,66
2025-12-12 02:09:25.633772,1,2,9,11,66
2025-12-12 02:09:28.946918,1,2,2,11,66
2025-12-12 02:09:31.801375,1,1,1,11,66
2025-12-12 02:09:34.665408,1,2,9,11,66
2025-12-12 02:09:37.580110,1,2,6,11,66
2025-12-12 02:09:40.382177,1,1,3,11,66
2025-12-12 02:09:44.689791,1,2,1,11,66
2025-12-12 02:09:48.060286,1,2,2,11,66
2025-12-12 02:09:51.560253,1,2,8,11,66
2025-12-12 02:09:54.370606,1,1,8,12,66
2025-12-12 02:09:57.231524,1,2,7,12,66
2025-12-12 02:10:01.088464,1,2,5,12,66
2025-12-12 02:10:04.398822,1,2,10,12,66
2025-12-12 02:10:08.207371,1,1,1,12,66
2025-12-12 02:10:13.068834,1,2,1,12,70
2025-12-12 02:10:16.378912,1,2,5,12,72
2025-12-12 02:10:20.187248,1,2,8,12,73
2025-12-12 02:10:24.046447,1,2,1,12,74
2025-12-12 02:10:27.811622,1,1,9,12,76
2025-12-12 02:10:31.673512,1,2,1,12,77
2025-12-12 02:10:34.580559,1,2,5,12,77
2025-12-12 02:10:37.389174,1,1,4,12,77
2025-12-12 02:10:41.296576,1,2,1,12,77
2025-12-12 02:10:44.154736,1,2,10,12,77
2025-12-12 02:10:46.979484,1,2,12,12,77
2025-12-12 02:10:51.276414,1,2,1,12,77
2025-12-12 02:10:54.736924,1,2,11,12,80
2025-12-12 02:10:58.693418,1,2,5,12,83
2025-12-12 02:11:01.605388,1,2,1,12,86
2025-12-12 02:11:04.412468,1,1,2,12,89
2025-12-12 02:11:08.726987,1,2,2,12,90
2025-12-12 02:11:12.083831,1,2,1,12,84
2025-12-12 02:11:15.841478,1,2,11,12,78
2025-12-12 02:11:19.652737,1,2,9,12,75
2025-12-12 02:11:22.965668,1,1,11,12,72
2025-12-12 02:11:27.272642,1,1,1,11,70
2025-12-12 02:11:31.146727,1,2,4,12,70
2025-12-12 02:11:34.445553,1,2,10,12,70
2025-12-12 02:11:38.251190,1,1,11,12,70
2025-12-12 02:11:41.165467,1,1,1,12,70
2025-12-12 02:11:43.970852,1,2,9,11,70
2025-12-12 02:11:48.782923,1,2,12,12,71
2025-12-12 02:11:52.643784,1,2,5,18,74
2025-12-12 02:11:55.452195,1,2,3,18,75
2025-12-12 02:11:58.863772,1,2,6,19,75
2025-12-12 02:12:02.173148,1,2,6,21,75
2025-12-12 02:12:04.982980,1,1,1,22,75
2025-12-12 02:12:08.791751,1,2,3,22,75
2025-12-12 02:12:12.653893,1,2,6,20,75
2025-12-12 02:12:15.461359,1,1,11,18,74
2025-12-12 02:12:18.871386,1,2,5,16,71
2025-12-12 02:12:22.191924,1,2,6,15,71
2025-12-12 02:12:25.040901,1,1,1,14,71
2025-12-12 02:12:27.868583,1,2,8,13,71
2025-12-12 02:12:31.717750,1,2,11,13,71
2025-12-12 02:12:35.020658,1,2,2,12,71
2025-12-12 02:12:38.882002,1,1,1,12,71
2025-12-12 02:12:41.739980,1,1,6,12,71
2025-12-12 02:12:45.652160,1,1,10,12,74
2025-12-12 02:12:48.459383,1,2,1,13,74
2025-12-12 02:12:51.371056,1,2,3,16,74
2025-12-12 02:12:55.177027,1,1,2,18,74
2025-12-12 02:12:59.189927,1,1,1,21,74
2025-12-12 02:13:02.003053,1,2,13,21,74
2025-12-12 02:13:05.858260,1,2,13,21,74
2025-12-12 02:13:08.767946,1,2,13,21,72
2025-12-12 02:13:12.135344,1,2,3,22,69
2025-12-12 02:13:15.889315,1,2,1,22,67
2025-12-12 02:13:18.799051,1,1,5,20,67
2025-12-12 02:13:22.207325,1,1,1,18,67
2025-12-12 02:13:25.069927,1,2,8,16,67
2025-12-12 02:13:27.876120,1,2,11,15,67
2025-12-12 02:13:31.736306,1,2,2,14,67
2025-12-12 02:13:35.047753,1,2,6,13,66
2025-12-12 02:13:38.906201,1,2,4,12,65
2025-12-12 02:13:42.215802,1,2,3,12,65
2025-12-12 02:13:45.073313,1,1,1,12,65
2025-12-12 02:13:47.933390,1,2,12,12,65
2025-12-12 02:13:50.796024,1,1,6,12,64
2025-12-12 02:13:54.167189,1,2,1,12,64
2025-12-12 02:13:57.513618,1,2,6,12,64
2025-12-12 02:14:00.321229,1,2,4,12,64
2025-12-12 02:14:04.230333,1,2,2,12,64
2025-12-12 02:14:07.093974,1,2,1,12,65
2025-12-12 02:14:09.949546,1,2,6,12,67
2025-12-12 02:14:13.760891,1,2,5,12,67
2025-12-12 02:14:17.069021,1,2,15,12,67
2025-12-12 02:14:19.887559,1,2,1,12,67
2025-12-12 02:14:22.788453,1,2,1,13,67
2025-12-12 02:14:25.701265,1,2,3,13,67
2025-12-12 02:14:28.512642,1,2,9,13,67
2025-12-12 02:14:32.330052,1,2,13,13,67
2025-12-12 02:14:37.230849,1,1,1,12,67
2025-12-12 02:14:40.090194,1,1,1,12,67
2025-12-12 02:14:42.915916,1,2,9,12,67
2025-12-12 02:14:46.809282,1,2,4,12,64
2025-12-12 02:14:49.719933,1,1,2,12,63
2025-12-12 02:14:52.538312,1,2,12,12,63
2025-12-12 02:14:56.040768,1,2,5,12,63
2025-12-12 02:15:00.853851,1,2,10,12,63
2025-12-12 02:15:04.718376,1,1,5,12,63
2025-12-12 02:15:07.522330,1,2,3,12,63
2025-12-12 02:15:11.381464,1,2,6,12,63
2025-12-12 02:15:14.300405,1,2,1,12,63
2025-12-12 02:15:18.155846,1,2,9,12,63
2025-12-12 02:15:20.963451,1,2,1,12,63
2025-12-12 02:15:23.828600,1,1,5,12,63
2025-12-12 02:15:27.768859,1,1,6,12,63
2025-12-12 02:15:30.547479,1,1,1,12,63
2025-12-12 02:15:33.953902,1,2,10,12,63
2025-12-12 02:15:37.290606,1,2,1,12,63
2025-12-12 02:15:40.124786,1,1,1,12,63
2025-12-12 02:15:42.985867,1,2,3,12,63
2025-12-12 02:15:46.845685,1,2,2,12,63
2025-12-12 02:15:49.755030,1,2,4,12,63
2025-12-12 02:15:54.216977,1,1,1,12,63
2025-12-12 02:15:57.123427,1,1,3,12,63
2025-12-12 02:15:59.935426,1,2,8,12,63
2025-12-12 02:16:02.851223,1,2,10,12,62
2025-12-12 02:16:06.203408,1,2,1,12,62
2025-12-12 02:16:09.960658,1,2,10,12,62
2025-12-12 02:16:13.849348,1,2,5,12,62
2025-12-12 02:16:16.732559,1,1,18,12,62
2025-12-12 02:16:19.541782,1,2,3,12,62
2025-12-12 02:16:23.452690,1,2,9,12,62
2025-12-12 02:16:26.312313,1,2,12,12,62
2025-12-12 02:16:29.153972,1,1,1,12,62
2025-12-12 02:16:33.084308,1,2,11,12,62
2025-12-12 02:16:36.545896,1,2,10,12,62
2025-12-12 02:16:39.403601,1,2,6,12,62
2025-12-12 02:16:43.279534,1,2,1,12,62
2025-12-12 02:16:46.571638,1,2,1,12,62
2025-12-12 02:16:50.880332,1,2,10,12,62
2025-12-12 02:16:54.799969,1,2,10,12,62
2025-12-12 02:16:58.154369,1,1,7,12,62
2025-12-12 02:17:01.022109,1,2,4,12,62
2025-12-12 02:17:04.874662,1,2,10,12,62
2025-12-12 02:17:07.784119,1,1,3,12,62
2025-12-12 02:17:10.593642,1,2,1,12,62
2025-12-12 02:17:13.952794,1,1,10,12,62
2025-12-12 02:17:16.859729,1,2,2,12,62
2025-12-12 02:17:19.777820,1,2,7,13,62
2025-12-12 02:17:22.580207,1,1,2,13,62
2025-12-12 02:17:26.398214,1,2,3,15,62
2025-12-12 02:17:30.248708,1,2,7,15,62
2025-12-12 02:17:34.709385,1,1,4,14,62
2025-12-12 02:17:38.018587,1,1,11,12,62
2025-12-12 02:17:40.888645,1,2,1,12,62
2025-12-12 02:17:43.790261,1,2,12,11,62
2025-12-12 02:17:46.603527,1,1,3,11,62
2025-12-12 02:17:50.408389,1,2,3,11,62
2025-12-12 02:17:53.869013,1,2,3,11,62
2025-12-12 02:17:57.778611,1,2,7,11,62
2025-12-12 02:18:00.588638,1,2,4,11,62
2025-12-12 02:18:03.449217,1,1,2,11,62
2025-12-12 02:18:07.307105,1,2,6,11,62
2025-12-12 02:18:10.618552,1,2,11,12,62
2025-12-12 02:18:13.975387,1,2,8,12,62
2025-12-12 02:18:16.887351,1,2,11,13,62
2025-12-12 02:18:19.798393,1,2,1,13,62
2025-12-12 02:18:22.608923,1,2,2,13,62
2025-12-12 02:18:26.418232,1,1,6,13,62
2025-12-12 02:18:30.277283,1,2,1,13,62
2025-12-12 02:18:33.637845,1,2,6,13,62
2025-12-12 02:18:36.448685,1,2,3,13,62
2025-12-12 02:18:40.357728,1,1,7,13,62
2025-12-12 02:18:43.220950,1,2,7,13,62
2025-12-12 02:18:46.035734,1,2,1,13,62
2025-12-12 02:18:49.896663,1,1,1,13,62
2025-12-12 02:18:53.349302,1,1,1,13,62
2025-12-12 02:18:56.156558,1,2,8,13,62
2025-12-12 02:19:00.067688,1,1,2,13,65
2025-12-12 02:19:02.927699,1,2,1,13,68
2025-12-12 02:19:06.287681,1,1,5,13,68
2025-12-12 02:19:10.052480,1,1,1,15,68
2025-12-12 02:19:13.856771,1,2,1,15,68
2025-12-12 02:19:17.166485,1,2,8,15,68
2025-12-12 02:19:20.978323,1,1,1,16,69
2025-12-12 02:19:24.837713,1,1,5,18,72
2025-12-12 02:19:27.648466,1,1,1,19,72
2025-12-12 02:19:30.506336,1,2,7,20,75
2025-12-12 02:19:33.366496,1,1,2,21,78
2025-12-12 02:19:36.226986,1,1,1,21,81
2025-12-12 02:19:39.039834,1,2,3,22,81
2025-12-12 02:19:41.947565,1,1,3,22,84
2025-12-12 02:19:45.859205,1,2,1,22,89
2025-12-12 02:19:50.316993,1,2,2,19,89
2025-12-12 02:19:54.283307,1,1,1,16,88
2025-12-12 02:19:58.087536,1,2,1,15,86
2025-12-12 02:20:01.897587,1,2,4,16,86
2025-12-12 02:20:05.206961,1,1,4,15,84
2025-12-12 02:20:09.016996,1,1,7,15,84
2025-12-12 02:20:12.979616,1,1,8,14,84
2025-12-12 02:20:16.392930,1,1,1,14,83
2025-12-12 02:20:19.247833,1,2,4,14,78
2025-12-12 02:20:22.057821,1,1,6,14,75
2025-12-12 02:20:25.920999,1,2,1,14,72
2025-12-12 02:20:29.265013,1,2,1,16,69
2025-12-12 02:20:32.689606,1,2,12,18,72
2025-12-12 02:20:35.498202,1,1,1,19,75
2025-12-12 02:20:38.407349,1,1,1,20,78
2025-12-12 02:20:41.215879,1,2,1,21,81
2025-12-12 02:20:45.027227,1,2,6,21,84
2025-12-12 02:20:49.391318,1,1,1,22,90
2025-12-12 02:20:53.698012,1,1,1,23,92
2025-12-12 02:20:56.511137,1,1,1,23,92
2025-12-12 02:20:59.416926,1,2,6,20,92
2025-12-12 02:21:02.229325,1,1,1,18,92
2025-12-12 02:21:06.086276,1,2,1,16,87
2025-12-12 02:21:08.995643,1,2,8,15,81
2025-12-12 02:21:14.058962,1,2,7,14,72
2025-12-12 02:21:16.968635,1,1,8,13,69
2025-12-12 02:21:19.883597,1,1,1,12,66
2025-12-12 02:21:22.688365,1,2,2,12,66
2025-12-12 02:21:26.997696,1,1,7,12,66
2025-12-12 02:21:30.364859,1,1,5,12,66
2025-12-12 02:21:33.867896,1,1,3,12,66
2025-12-12 02:21:36.675182,1,2,1,12,66
2025-12-12 02:21:39.587315,1,2,10,12,69
2025-12-12 02:21:43.397189,1,1,1,14,72
2025-12-12 02:21:46.706264,1,1,1,16,75
2025-12-12 02:21:51.014681,1,2,5,18,78
2025-12-12 02:21:56.075826,1,2,2,19,84
2025-12-12 02:21:58.998659,1,2,12,17,86
2025-12-12 02:22:01.898017,1,1,6,16,84
2025-12-12 02:22:04.707319,1,2,1,16,79
2025-12-12 02:22:08.514684,1,2,2,14,76
2025-12-12 02:22:12.375266,1,2,12,13,73
2025-12-12 02:22:16.140298,1,2,7,13,70
2025-12-12 02:22:19.947746,1,1,1,12,70
2025-12-12 02:22:23.254039,1,1,1,16,70
2025-12-12 02:22:27.065100,1,2,1,16,73
2025-12-12 02:22:30.925692,1,2,1,17,79
2025-12-12 02:22:33.738470,1,2,3,18,82
2025-12-12 02:22:36.596313,1,1,1,19,85
2025-12-12 02:22:40.460769,1,2,11,20,87
2025-12-12 02:22:43.317715,1,1,5,21,85
2025-12-12 02:22:46.129630,1,2,7,22,86
2025-12-12 02:22:49.982813,1,1,1,22,89
2025-12-12 02:22:53.296848,1,2,1,23,89
2025-12-12 02:22:57.253066,1,2,6,23,89
2025-12-12 02:23:00.715083,1,1,2,21,89
2025-12-12 02:23:03.571872,1,2,3,19,83
2025-12-12 02:23:07.441197,1,2,1,17,77
2025-12-12 02:23:10.746607,1,1,1,16,74
2025-12-12 02:23:15.052424,1,2,1,15,71
2025-12-12 02:23:18.925746,1,1,1,15,67
2025-12-12 02:23:21.722387,1,2,8,14,67
2025-12-12 02:23:24.582981,1,1,1,14,67
2025-12-12 02:23:28.496481,1,1,1,14,67
2025-12-12 02:23:31.354374,1,2,1,14,67
2025-12-12 02:23:34.212710,1,1,1,14,67
2025-12-12 02:23:37.027850,1,2,1,14,67
2025-12-12 02:23:39.930966,1,1,8,14,67
2025-12-12 02:23:42.745456,1,1,2,14,67
2025-12-12 02:23:45.649577,1,2,6,14,67
2025-12-12 02:23:49.458924,1,1,1,14,67
2025-12-12 02:23:52.769919,1,1,1,13,67
2025-12-12 02:23:56.130456,1,2,1,12,67
2025-12-12 02:23:59.050328,1,2,5,12,67
2025-12-12 02:24:01.961278,1,1,1,12,67
2025-12-12 02:24:04.762989,1,2,1,12,67
2025-12-12 02:24:09.074518,1,2,3,12,67
2025-12-12 02:24:12.430398,1,1,7,13,67
2025-12-12 02:24:15.940964,1,1,3,15,67
2025-12-12 02:24:18.751243,1,2,1,16,67
2025-12-12 02:24:21.625095,1,2,6,17,67
2025-12-12 02:24:25.468476,1,1,1,17,66
2025-12-12 02:24:28.802401,1,1,2,17,66
2025-12-12 02:24:32.588617,1,2,1,18,66
2025-12-12 02:24:35.498881,1,2,5,16,66
2025-12-12 02:24:38.310506,1,1,1,15,66
2025-12-12 02:24:42.169471,1,2,1,14,66
2025-12-12 02:24:45.078822,1,2,4,13,66
2025-12-12 02:24:48.440939,1,1,9,13,66
2025-12-12 02:24:52.199409,1,1,5,13,66
2025-12-12 02:24:56.010134,1,2,1,12,66
2025-12-12 02:24:59.319407,1,2,1,12,66
2025-12-12 02:25:03.131499,1,2,2,14,66
2025-12-12 02:25:06.992177,1,2,1,14,66
2025-12-12 02:25:09.800540,1,2,3,14,66
2025-12-12 02:25:13.212387,1,1,1,14,66
2025-12-12 02:25:16.521780,1,2,2,14,66
2025-12-12 02:25:19.380691,1,2,7,14,66
2025-12-12 02:25:22.241620,1,1,1,14,66
2025-12-12 02:25:26.051909,1,2,2,14,66
2025-12-12 02:25:29.368041,1,2,1,14,66
2025-12-12 02:25:33.331929,1,2,9,14,66
2025-12-12 02:25:37.637315,1,2,1,14,66
2025-12-12 02:25:40.560621,1,2,3,14,66
2025-12-12 02:25:43.402964,1,2,5,14,66
2025-12-12 02:25:46.210507,1,2,1,14,66
2025-12-12 02:25:50.069170,1,2,12,14,68
2025-12-12 02:25:54.079162,1,2,7,14,71
2025-12-12 02:25:57.991798,1,1,6,14,77
2025-12-12 02:26:00.802071,1,1,1,14,80
2025-12-12 02:26:03.663949,1,2,4,14,83
2025-12-12 02:26:07.522778,1,2,8,14,86
2025-12-12 02:26:10.832227,1,2,3,14,88
2025-12-12 02:26:13.639061,1,1,1,14,88
2025-12-12 02:26:16.552535,1,2,3,14,88
2025-12-12 02:26:19.407999,1,2,5,14,88
2025-12-12 02:26:23.710511,1,2,1,14,88
2025-12-12 02:26:26.078638,1,2,2,15,88
2025-12-12 02:26:29.386480,1,2,9,18,88
2025-12-12 02:26:33.298405,1,1,2,19,89
2025-12-12 02:26:36.109812,1,1,1,20,92
2025-12-12 02:26:40.019213,1,2,2,21,95
2025-12-12 02:26:42.831771,1,2,7,21,95
2025-12-12 02:26:45.686203,1,1,1,22,95
2025-12-12 02:26:49.547950,1,2,2,23,95
2025-12-12 02:26:52.458376,1,2,12,23,95
2025-12-12 02:26:55.216733,1,1,4,20,95
2025-12-12 02:26:59.128834,1,2,1,16,93
2025-12-12 02:27:02.053227,1,2,3,15,93
2025-12-12 02:27:04.849898,1,2,4,15,93
2025-12-12 02:27:08.654184,1,1,4,13,93
2025-12-12 02:27:12.475402,1,1,3,13,93
2025-12-12 02:27:16.231749,1,1,1,12,93
2025-12-12 02:27:20.086185,1,2,2,14,93
2025-12-12 02:27:23.394497,1,2,3,17,93
2025-12-12 02:27:27.713456,1,2,12,18,93
2025-12-12 02:27:31.564014,1,1,1,17,93
2025-12-12 02:27:34.873972,1,1,1,16,93
2025-12-12 02:27:37.743637,1,2,3,15,93
2025-12-12 02:27:40.596744,1,2,9,15,93
2025-12-12 02:27:43.454328,1,2,1,15,93
2025-12-12 02:27:46.332403,1,2,1,16,95
2025-12-12 02:27:50.140230,1,2,4,18,98
2025-12-12 02:27:53.582829,1,2,6,20,100
2025-12-12 02:27:56.395173,1,1,1,21,100
2025-12-12 02:28:00.302368,1,1,1,21,100
2025-12-12 02:28:03.178087,1,2,1,22,100
2025-12-12 02:28:06.524865,1,2,5,22,98
2025-12-12 02:28:10.285366,1,1,5,21,98
2025-12-12 02:28:14.092486,1,2,1,19,98
2025-12-12 02:28:17.403199,1,2,3,16,98
2025-12-12 02:28:21.213279,1,2,9,16,98
2025-12-12 02:28:25.081237,1,1,8,16,98
2025-12-12 02:28:27.882911,1,1,1,17,98
2025-12-12 02:28:30.801567,1,2,1,19,98
2025-12-12 02:28:35.156754,1,1,4,17,98
2025-12-12 02:28:38.063141,1,1,8,15,98
2025-12-12 02:28:40.872862,1,1,1,15,98
2025-12-12 02:28:45.181406,1,2,3,14,98
2025-12-12 02:28:48.541958,1,2,3,13,98
2025-12-12 02:28:52.304291,1,2,8,13,93
2025-12-12 02:28:56.112853,1,1,9,12,90
2025-12-12 02:28:59.421199,1,1,2,12,88
2025-12-12 02:29:03.783981,1,1,1,13,78
2025-12-12 02:29:07.591900,1,2,2,13,75
2025-12-12 02:29:10.906423,1,2,4,13,74
2025-12-12 02:29:15.213014,1,2,10,13,77
2025-12-12 02:29:20.273889,1,2,2,13,83
2025-12-12 02:29:23.182619,1,2,1,13,79
2025-12-12 02:29:26.090374,1,2,7,13,76
2025-12-12 02:29:28.912666,1,1,1,13,73
2025-12-12 02:29:32.709141,1,2,1,13,72
2025-12-12 02:29:36.570644,1,2,8,13,72
2025-12-12 02:29:39.929854,1,2,5,13,72
2025-12-12 02:29:42.809447,1,1,1,13,72
2025-12-12 02:29:46.650732,1,2,6,13,74
2025-12-12 02:29:49.510595,1,2,1,13,77
2025-12-12 02:29:52.370029,1,1,1,13,80
2025-12-12 02:29:56.179136,1,2,2,13,82
2025-12-12 02:29:59.638161,1,2,6,16,82
2025-12-12 02:30:02.447559,1,2,4,16,82
2025-12-12 02:30:06.359612,1,1,1,15,82
2025-12-12 02:30:09.221432,1,2,2,14,82
2025-12-12 02:30:13.129635,1,2,1,13,82
2025-12-12 02:30:15.940151,1,2,6,13,82
2025-12-12 02:30:18.800242,1,1,1,12,82
2025-12-12 02:30:22.659174,1,2,3,12,82
2025-12-12 02:30:25.519493,1,2,4,12,79
2025-12-12 02:30:28.326980,1,1,7,12,77
2025-12-12 02:30:32.191301,1,1,1,12,77
2025-12-12 02:30:37.714750,1,2,1,12,77
2025-12-12 02:30:38.318133,1,2,11,13,77
2025-12-12 02:30:41.221295,1,1,1,13,77
2025-12-12 02:30:44.128771,1,2,1,13,77
2025-12-12 02:30:46.935390,1,2,4,13,77
2025-12-12 02:30:50.749890,1,1,1,13,77
2025-12-12 02:30:54.604074,1,2,1,13,77
2025-12-12 02:30:58.564826,1,2,1,14,79
2025-12-12 02:31:01.328145,1,2,7,14,79
2025-12-12 02:31:05.243469,1,1,9,13,79
2025-12-12 02:31:08.144588,1,1,1,13,79
2025-12-12 02:31:10.953505,1,2,2,13,82
2025-12-12 02:31:14.761253,1,1,9,12,84
2025-12-12 02:31:18.171095,1,1,4,12,84
2025-12-12 02:31:21.531262,1,2,1,12,84
2025-12-12 02:31:24.340382,1,2,8,12,84
2025-12-12 02:31:27.264885,1,1,1,12,84
2025-12-12 02:31:30.612423,1,2,1,12,84
2025-12-12 02:31:34.371473,1,2,7,12,85
2025-12-12 02:31:37.281228,1,2,9,12,85
2025-12-12 02:31:41.190681,1,1,5,12,85
2025-12-12 02:31:44.500465,1,2,1,12,85
2025-12-12 02:31:49.311259,1,2,1,12,85
2025-12-12 02:31:53.175976,1,2,1,12,85
2025-12-12 02:31:55.984164,1,2,4,12,85
2025-12-12 02:31:58.845193,1,1,1,12,85
2025-12-12 02:32:01.703688,1,1,3,12,85
2025-12-12 02:32:04.562667,1,2,8,12,85
2025-12-12 02:32:07.421491,1,1,1,12,85
2025-12-12 02:32:11.294452,1,2,1,12,85
2025-12-12 02:32:14.192867,1,1,3,12,85
2025-12-12 02:32:17.501785,1,1,8,12,85
2025-12-12 02:32:21.321611,1,1,5,12,85
2025-12-12 02:32:25.674098,1,1,1,13,85
2025-12-12 02:32:28.982957,1,1,1,14,88
2025-12-12 02:32:33.293471,1,2,2,14,90
2025-12-12 02:32:36.649391,1,2,3,14,90
2025-12-12 02:32:40.608439,1,2,11,14,90
2025-12-12 02:32:43.368480,1,1,4,14,90
2025-12-12 02:32:47.282421,1,2,3,14,90
2025-12-12 02:32:50.191282,1,2,1,14,90
2025-12-12 02:32:53.000533,1,2,9,14,90
2025-12-12 02:32:56.811958,1,1,5,15,90
2025-12-12 02:32:59.719973,1,1,2,15,90
2025-12-12 02:33:02.528296,1,2,1,14,90
2025-12-12 02:33:07.840574,1,2,1,14,90
2025-12-12 02:33:10.750393,1,2,2,14,90
2025-12-12 02:33:13.608811,1,2,8,14,90
2025-12-12 02:33:16.468816,1,2,1,14,90
2025-12-12 02:33:19.283807,1,2,1,14,90
2025-12-12 02:33:22.188924,1,1,10,14,90
2025-12-12 02:33:24.998892,1,1,1,14,90
2025-12-12 02:33:27.907478,1,2,5,14,90
2025-12-12 02:33:31.724260,1,1,1,14,90
2025-12-12 02:33:35.027519,1,2,1,14,90
2025-12-12 02:33:37.887305,1,2,15,14,88
2025-12-12 02:33:40.745890,1,2,5,14,82
2025-12-12 02:33:43.613996,1,1,1,14,79
2025-12-12 02:33:46.451982,1,2,10,15,78
2025-12-12 02:33:50.279097,1,1,5,14,81
2025-12-12 02:33:53.587035,1,2,1,13,84
2025-12-12 02:33:56.394000,1,2,2,12,86
2025-12-12 02:33:59.304465,1,2,7,12,86
2025-12-12 02:34:02.213372,1,1,1,12,86
2025-12-12 02:34:05.022620,1,2,10,12,86
2025-12-12 02:34:08.834068,1,2,9,12,86
2025-12-12 02:34:12.692878,1,2,4,12,86
2025-12-12 02:34:16.604695,1,1,1,12,86
2025-12-12 02:34:19.462817,1,2,1,12,86
2025-12-12 02:34:23.321689,1,2,4,12,86
2025-12-12 02:34:26.241577,1,2,8,12,86
2025-12-12 02:34:29.041240,1,1,1,12,82
2025-12-12 02:34:32.853495,1,2,4,12,78
2025-12-12 02:34:36.258324,1,2,1,12,75
2025-12-12 02:34:39.619920,1,2,5,12,71
2025-12-12 02:34:42.478767,1,2,1,12,71
2025-12-12 02:34:45.339120,1,2,3,12,74
2025-12-12 02:34:48.699505,1,1,7,12,77
2025-12-12 02:34:52.462292,1,1,4,12,73
2025-12-12 02:34:56.269108,1,2,1,12,72
2025-12-12 02:34:59.608114,1,2,1,12,72
2025-12-12 02:35:03.940434,1,2,2,12,74
2025-12-12 02:35:07.750801,1,1,3,12,77
2025-12-12 02:35:11.084533,1,2,9,13,80
2025-12-12 02:35:14.868741,1,1,7,13,83
2025-12-12 02:35:17.827735,1,2,1,13,86
2025-12-12 02:35:22.237916,1,2,1,13,89
2025-12-12 02:35:25.047033,1,2,11,13,89
2025-12-12 02:35:27.918303,1,2,5,13,89
2025-12-12 02:35:31.770724,1,1,1,13,89
2025-12-12 02:35:35.079387,1,1,2,13,89
2025-12-12 02:35:38.487006,1,2,6,13,89
2025-12-12 02:35:41.797509,1,2,8,13,89
2025-12-12 02:35:44.607134,1,1,1,13,89
2025-12-12 02:35:48.467341,1,2,1,13,89
2025-12-12 02:35:51.376795,1,2,3,13,89
2025-12-12 02:35:54.737629,1,1,8,13,90
2025-12-12 02:35:58.700093,1,1,6,15,90
2025-12-12 02:36:01.457246,1,2,1,16,92
2025-12-12 02:36:05.370652,1,2,1,19,92
2025-12-12 02:36:08.281480,1,2,4,20,92
2025-12-12 02:36:11.086289,1,1,7,20,92
2025-12-12 02:36:14.901667,1,1,1,19,92
2025-12-12 02:36:17.811039,1,2,2,18,92
2025-12-12 02:36:20.615724,1,2,5,17,92
2025-12-12 02:36:25.437008,1,2,4,16,92
2025-12-12 02:36:29.348466,1,2,13,15,92
2025-12-12 02:36:32.100091,1,1,1,15,92
2025-12-12 02:36:36.005969,1,2,1,14,92
2025-12-12 02:36:39.371287,1,2,2,14,92
2025-12-12 02:36:42.727840,1,2,4,14,92
2025-12-12 02:36:46.497919,1,1,5,14,92
2025-12-12 02:36:50.346839,1,2,1,14,92
2025-12-12 02:36:54.209252,1,2,1,14,92
2025-12-12 02:36:57.522059,1,2,8,14,92
2025-12-12 02:37:00.901788,1,2,8,14,92
2025-12-12 02:37:03.687378,1,1,1,15,92
2025-12-12 02:37:06.546615,1,2,4,16,92
2025-12-12 02:37:09.406686,1,1,6,18,95
2025-12-12 02:37:12.766236,1,2,1,19,98
2025-12-12 02:37:16.530837,1,2,4,17,100
2025-12-12 02:37:19.385736,1,2,8,15,98
2025-12-12 02:37:22.293563,1,1,6,14,92
2025-12-12 02:37:25.103520,1,2,1,14,86
2025-12-12 02:37:28.016538,1,2,7,13,80
2025-12-12 02:37:31.822662,1,1,1,13,76
2025-12-12 02:37:35.136210,1,1,1,12,76
2025-12-12 02:37:37.992337,1,2,8,12,76
2025-12-12 02:37:40.861272,1,2,7,12,76
2025-12-12 02:37:43.716092,1,1,1,12,76
2025-12-12 02:37:46.573382,1,2,3,12,76
2025-12-12 02:37:49.882122,1,2,7,14,78
2025-12-12 02:37:52.751938,1,1,1,16,81
2025-12-12 02:37:55.551264,1,2,2,17,84
2025-12-12 02:37:59.410545,1,2,2,16,87
2025-12-12 02:38:02.321628,1,2,8,15,88
2025-12-12 02:38:05.131182,1,1,1,15,85
2025-12-12 02:38:09.441143,1,2,2,14,82
2025-12-12 02:38:12.800721,1,2,3,14,80
2025-12-12 02:38:16.310636,1,2,14,14,80
2025-12-12 02:38:19.129266,1,1,5,14,80
2025-12-12 02:38:21.978554,1,2,2,14,80
2025-12-12 02:38:25.838876,1,2,7,14,80
2025-12-12 02:38:29.151682,1,2,6,14,80
2025-12-12 02:38:32.958858,1,1,4,14,80
2025-12-12 02:38:35.868731,1,1,1,14,79
2025-12-12 02:38:38.688153,1,2,10,16,76
2025-12-12 02:38:43.994290,1,2,3,17,80
2025-12-12 02:38:46.900730,1,2,6,18,83
2025-12-12 02:38:49.759173,1,1,1,19,86
2025-12-12 02:38:53.677253,1,2,4,20,89
2025-12-12 02:38:57.131668,1,2,6,22,91
2025-12-12 02:38:59.991267,1,1,1,22,92
2025-12-12 02:39:02.900049,1,2,2,23,95
2025-12-12 02:39:05.708696,1,2,7,22,98
2025-12-12 02:39:09.520438,1,1,8,19,100
2025-12-12 02:39:12.979161,1,1,1,17,97
2025-12-12 02:39:16.888662,1,1,1,15,97
2025-12-12 02:39:19.746626,1,2,4,14,97
2025-12-12 02:39:22.556483,1,1,9,14,97
2025-12-12 02:39:26.416815,1,1,1,13,94
2025-12-12 02:39:29.725646,1,2,1,12,91
2025-12-12 02:39:33.537389,1,2,3,13,88
2025-12-12 02:39:36.446612,1,2,9,12,85
2025-12-12 02:39:40.357160,1,1,1,12,84
2025-12-12 02:39:43.167423,1,2,1,13,87
2025-12-12 02:39:46.077988,1,2,8,13,90
2025-12-12 02:39:49.887027,1,1,1,13,90
2025-12-12 02:39:52.794891,1,1,1,13,88
2025-12-12 02:39:55.554797,1,2,12,13,85
2025-12-12 02:39:59.465519,1,1,7,12,82
2025-12-12 02:40:02.375683,1,1,6,12,81
2025-12-12 02:40:05.185498,1,2,1,12,83
2025-12-12 02:40:08.996466,1,2,2,12,82
2025-12-12 02:40:13.455019,1,2,10,12,81
2025-12-12 02:40:16.366372,1,1,6,12,80
2025-12-12 02:40:19.175395,1,2,1,13,80
2025-12-12 02:40:22.085607,1,2,9,14,80
2025-12-12 02:40:25.896185,1,2,1,15,83
2025-12-12 02:40:29.245223,1,1,1,16,86
2025-12-12 02:40:32.575127,1,2,1,18,89
2025-12-12 02:40:35.481265,1,2,4,19,92
2025-12-12 02:40:38.416220,1,1,6,20,95
2025-12-12 02:40:41.203259,1,2,1,20,95
2025-12-12 02:40:45.004630,1,2,3,22,95
2025-12-12 02:40:48.867644,1,2,1,22,95
2025-12-12 02:40:52.376525,1,2,3,21,95
2025-12-12 02:40:55.193132,1,1,5,20,95
2025-12-12 02:40:58.096644,1,2,3,19,95
2025-12-12 02:41:01.907355,1,2,8,20,95
2025-12-12 02:41:05.230320,1,2,4,21,95
2025-12-12 02:41:09.026227,1,1,1,19,95
2025-12-12 02:41:11.935199,1,2,1,18,95
2025-12-12 02:41:14.742656,1,2,7,17,91
2025-12-12 02:41:20.055132,1,2,3,16,83
2025-12-12 02:41:22.983166,1,2,7,15,77
2025-12-12 02:41:25.824897,1,1,1,15,71
2025-12-12 02:41:28.684477,1,2,2,14,68
2025-12-12 02:41:31.494811,1,2,1,14,65
2025-12-12 02:41:34.406743,1,1,1,14,64
2025-12-12 02:41:37.222741,1,2,11,14,66
2025-12-12 02:41:40.075488,1,2,4,14,69
2025-12-12 02:41:43.947353,1,1,1,14,72
2025-12-12 02:41:48.246402,1,1,1,14,73
2025-12-12 02:41:51.105871,1,1,1,14,73
2025-12-12 02:41:53.966958,1,2,6,14,73
2025-12-12 02:41:56.773672,1,2,7,14,73
2025-12-12 02:42:01.586291,1,2,11,14,75
2025-12-12 02:42:05.449691,1,2,7,14,75
2025-12-12 02:42:08.834122,1,1,1,14,75
2025-12-12 02:42:11.685467,1,2,1,14,75
2025-12-12 02:42:14.533029,1,2,3,14,75
2025-12-12 02:42:17.443445,1,1,10,14,75
2025-12-12 02:42:20.251255,1,2,1,14,75
2025-12-12 02:42:24.160132,1,1,1,14,75
2025-12-12 02:42:27.519893,1,2,3,14,73
2025-12-12 02:42:30.881755,1,1,4,14,70
2025-12-12 02:42:34.691233,1,2,1,14,65
2025-12-12 02:42:38.500205,1,2,3,14,65
2025-12-12 02:42:41.817499,1,2,2,14,65
2025-12-12 02:42:46.631997,1,2,5,14,65
2025-12-12 02:42:49.531892,1,2,7,14,65
2025-12-12 02:42:52.445310,1,1,4,14,65
2025-12-12 02:42:55.250516,1,2,3,14,67
2025-12-12 02:42:58.111321,1,2,5,14,70
2025-12-12 02:43:01.971006,1,1,1,13,73
2025-12-12 02:43:05.679067,1,1,1,13,74
2025-12-12 02:43:08.539517,1,2,1,16,76
2025-12-12 02:43:11.452377,1,2,5,17,79
2025-12-12 02:43:14.260747,1,2,2,17,82
2025-12-12 02:43:18.179701,1,1,1,19,85
2025-12-12 02:43:21.029326,1,2,9,19,88
2025-12-12 02:43:25.991960,1,1,8,19,94
2025-12-12 02:43:28.861630,1,2,6,19,97
2025-12-12 02:43:31.658487,1,2,1,20,100
2025-12-12 02:43:35.569605,1,2,2,21,100
2025-12-12 02:43:38.479881,1,2,5,22,100
2025-12-12 02:43:41.287061,1,1,1,22,100
2025-12-12 02:43:45.198369,1,2,2,23,100
2025-12-12 02:43:48.566641,1,2,3,23,100
2025-12-12 02:43:52.467700,1,1,9,24,100
2025-12-12 02:43:55.282740,1,1,4,24,100
2025-12-12 02:43:58.187655,1,2,3,24,100
2025-12-12 02:44:01.996505,1,2,3,24,100
2025-12-12 02:44:05.304891,1,2,34,23,100
2025-12-12 02:44:08.116843,1,2,6,24,100
2025-12-12 02:44:11.022331,1,2,4,21,100
2025-12-12 02:44:13.883388,1,2,8,19,100
2025-12-12 02:44:16.741743,1,2,6,17,94
2025-12-12 02:44:20.562046,1,2,3,16,88
2025-12-12 02:44:23.864058,1,2,6,14,85
2025-12-12 02:44:26.669685,1,2,13,14,82
2025-12-12 02:44:29.577995,1,2,7,14,78
2025-12-12 02:44:32.490577,1,2,2,14,75
2025-12-12 02:44:35.300154,1,2,3,14,72
2025-12-12 02:44:39.106970,1,2,5,14,69
2025-12-12 02:44:42.970505,1,2,2,14,69
2025-12-12 02:44:46.328279,1,2,9,14,66
2025-12-12 02:44:49.137814,1,1,1,14,65
2025-12-12 02:44:53.047296,1,2,3,14,65
2025-12-12 02:44:55.905734,1,1,1,14,65
2025-12-12 02:44:58.768988,1,2,13,14,65
2025-12-12 02:45:02.575239,1,1,9,14,64
2025-12-12 02:45:06.035794,1,1,1,14,62
2025-12-12 02:45:08.846987,1,2,2,14,62
2025-12-12 02:45:14.160752,1,2,1,14,62
2025-12-12 02:45:17.071862,1,2,9,14,62
2025-12-12 02:45:19.929056,1,1,1,15,62
2025-12-12 02:45:22.789310,1,2,9,15,62
2025-12-12 02:45:25.596264,1,2,6,15,62
2025-12-12 02:45:28.509343,1,1,6,15,62
2025-12-12 02:45:31.318698,1,2,1,15,62
2025-12-12 02:45:34.227231,1,2,7,15,62
2025-12-12 02:45:38.036552,1,1,1,15,63
2025-12-12 02:45:41.347484,1,1,1,15,63
2025-12-12 02:45:44.156313,1,2,13,14,65
2025-12-12 02:45:47.065437,1,1,4,14,68
2025-12-12 02:45:49.924932,1,2,1,13,71
2025-12-12 02:45:52.732614,1,2,14,13,74
2025-12-12 02:45:56.593401,1,1,12,12,77
2025-12-12 02:45:59.904367,1,1,1,12,80
2025-12-12 02:46:02.714259,1,2,3,12,81
2025-12-12 02:46:05.621224,1,2,11,12,78
2025-12-12 02:46:08.532935,1,1,1,12,72
2025-12-12 02:46:11.345575,1,2,11,12,69
2025-12-12 02:46:15.155043,1,2,9,12,66
2025-12-12 02:46:19.035147,1,2,1,12,63
2025-12-12 02:46:22.524557,1,2,10,12,63
2025-12-12 02:46:25.332110,1,2,6,12,63
2025-12-12 02:46:28.193780,1,2,55,12,63
2025-12-12 02:46:32.050155,1,2,35,12,63
2025-12-12 02:46:35.359791,1,2,8,12,63
2025-12-12 02:46:39.670143,1,2,2,12,63
2025-12-12 02:46:43.080383,1,2,4,12,63
2025-12-12 02:46:45.938185,1,1,1,12,63
2025-12-12 02:46:48.753683,1,2,1,12,63
2025-12-12 02:46:51.658432,1,1,6,12,65
2025-12-12 02:46:55.020800,1,2,1,12,68
2025-12-12 02:46:58.781100,1,1,1,12,74
2025-12-12 02:47:02.192640,1,2,8,12,77
2025-12-12 02:47:05.097554,1,1,1,12,79
2025-12-12 02:47:07.956759,1,1,1,12,79
2025-12-12 02:47:10.765353,1,1,8,12,79
2025-12-12 02:47:14.627807,1,1,1,12,79
2025-12-12 02:47:17.934859,1,2,1,12,81
2025-12-12 02:47:22.593574,1,2,4,12,81
2025-12-12 02:47:25.953228,1,1,11,12,80
2025-12-12 02:47:28.763315,1,1,1,12,81
2025-12-12 02:47:32.623699,1,2,1,12,81
2025-12-12 02:47:35.933933,1,1,4,14,81
2025-12-12 02:47:40.242683,1,1,1,17,81
2025-12-12 02:47:43.163481,1,2,3,18,81
2025-12-12 02:47:46.562539,1,2,9,19,81
2025-12-12 02:47:49.373666,1,1,1,17,83
2025-12-12 02:47:52.284786,1,2,7,15,83
2025-12-12 02:47:56.091413,1,1,1,17,83
2025-12-12 02:47:59.400391,1,1,1,19,83
2025-12-12 02:48:02.811446,1,2,8,20,83
2025-12-12 02:48:06.120981,1,2,4,21,83
2025-12-12 02:48:08.941097,1,1,1,19,83
2025-12-12 02:48:13.742640,1,1,1,17,83
2025-12-12 02:48:17.153892,1,2,5,15,82
2025-12-12 02:48:20.021182,1,1,1,14,79
2025-12-12 02:48:24.424987,1,2,3,13,76
2025-12-12 02:48:27.234966,1,2,5,12,76
2025-12-12 02:48:30.143568,1,2,19,11,76
2025-12-12 02:48:32.953682,1,2,22,11,76
2025-12-12 02:48:36.812114,1,2,14,12,76
2025-12-12 02:48:39.725788,1,2,3,13,76
2025-12-12 02:48:45.137667,1,1,3,12,76
2025-12-12 02:48:47.944838,1,1,1,12,76
2025-12-12 02:48:51.754835,1,2,1,13,76
2025-12-12 02:48:56.115174,1,1,1,13,76
2025-12-12 02:48:59.427854,1,1,1,14,76
2025-12-12 02:49:03.733482,1,1,2,14,76
2025-12-12 02:49:08.092878,1,1,1,14,76
2025-12-12 02:49:11.404481,1,1,1,14,76
2025-12-12 02:49:15.712226,1,1,1,14,76
2025-12-12 02:49:19.073350,1,1,1,13,76
2025-12-12 02:49:22.882946,1,1,2,15,76
2025-12-12 02:49:26.693372,1,1,1,15,76
2025-12-12 02:49:30.153398,1,1,1,16,76
2025-12-12 02:49:32.960829,1,1,1,17,76
2025-12-12 02:49:36.821254,1,1,1,17,76
2025-12-12 02:49:39.734531,1,1,1,17,76
2025-12-12 02:49:43.092830,1,1,1,17,73
2025-12-12 02:49:46.849873,1,1,1,17,67
2025-12-12 02:49:49.758977,1,1,1,17,64
2025-12-12 02:49:53.169470,1,1,1,17,62
2025-12-12 02:49:56.027966,1,1,1,17,62
2025-12-12 02:49:58.838045,1,1,1,17,62
2025-12-12 02:50:02.698727,1,1,1,17,62
2025-12-12 02:50:06.010877,1,1,1,15,62
2025-12-12 02:50:10.869710,1,1,1,14,62
2025-12-12 02:50:14.186675,1,1,1,13,62
2025-12-12 02:50:17.038469,1,1,1,12,63
2025-12-12 02:50:19.858010,1,1,1,12,65
2025-12-12 02:50:23.757404,1,1,1,11,65
2025-12-12 02:50:26.666617,1,1,1,11,65
2025-12-12 02:50:30.029115,1,1,1,11,63
2025-12-12 02:50:32.844261,1,1,1,11,63
2025-12-12 02:50:35.748438,1,1,1,11,63
2025-12-12 02:50:38.654871,1,1,1,11,62
2025-12-12 02:50:41.465747,1,1,1,11,62
2025-12-12 02:50:45.275345,1,2,1,15,62
2025-12-12 02:50:48.764981,1,1,1,16,62
2025-12-12 02:50:52.651954,1,1,1,17,62
2025-12-12 02:50:55.453806,1,1,1,18,62
2025-12-12 02:50:58.326784,1,1,2,19,62
2025-12-12 02:51:02.171543,1,1,1,19,62
2025-12-12 02:51:05.484090,1,1,1,20,62
2025-12-12 02:51:08.841295,1,1,1,20,62
2025-12-12 02:51:11.762627,1,1,1,20,62
2025-12-12 02:51:14.660895,1,1,1,20,63
2025-12-12 02:51:17.468571,1,1,1,20,66
2025-12-12 02:51:21.277739,1,1,1,20,69
2025-12-12 02:51:25.137759,1,1,1,20,70
2025-12-12 02:51:28.902752,1,2,1,21,64
2025-12-12 02:51:32.708432,1,1,1,21,64
2025-12-12 02:51:36.015635,1,1,1,22,64
2025-12-12 02:51:39.826653,1,1,2,22,64
2025-12-12 02:51:43.688468,1,1,1,21,64
2025-12-12 02:51:46.497520,1,1,1,21,64
2025-12-12 02:51:49.367481,1,1,1,20,64
2025-12-12 02:51:53.224363,1,1,1,18,67
2025-12-12 02:51:56.073795,1,1,1,20,68
2025-12-12 02:51:58.884796,1,1,1,21,68
2025-12-12 02:52:02.751538,1,1,4,21,68
2025-12-12 02:52:06.051222,1,2,9,19,70
2025-12-12 02:52:09.864211,1,2,2,17,73
2025-12-12 02:52:12.773392,1,2,6,17,74
2025-12-12 02:52:16.682618,1,2,10,17,68
2025-12-12 02:52:19.492581,1,2,13,15,65
2025-12-12 02:52:22.352088,1,2,8,14,63
2025-12-12 02:52:26.212331,1,1,2,13,63
2025-12-12 02:52:29.533884,1,2,1,12,63
2025-12-12 02:52:32.883822,1,1,3,11,63
2025-12-12 02:52:35.790897,1,1,3,11,63
2025-12-12 02:52:38.702521,1,2,2,11,66
2025-12-12 02:52:41.511914,1,1,1,11,69
2025-12-12 02:52:45.820632,1,2,1,11,69
2025-12-12 02:52:49.178897,1,2,1,11,68
2025-12-12 02:52:52.938805,1,2,7,11,63
2025-12-12 02:52:56.749096,1,2,7,11,63
2025-12-12 02:53:00.058372,1,2,16,11,63
2025-12-12 02:53:03.870063,1,1,8,11,63
2025-12-12 02:53:08.242713,1,1,2,11,63
2025-12-12 02:53:11.540013,1,2,9,11,63
2025-12-12 02:53:14.900622,1,1,8,12,66
2025-12-12 02:53:17.809312,1,2,1,12,68
2025-12-12 02:53:20.718995,1,1,15,12,68
2025-12-12 02:53:23.529824,1,2,2,12,68
2025-12-12 02:53:27.337938,1,2,1,12,68
2025-12-12 02:53:31.202218,1,2,15,12,68
2025-12-12 02:53:35.059426,1,1,1,12,68
2025-12-12 02:53:38.990405,1,1,1,12,68
2025-12-12 02:53:41.829697,1,2,7,12,68
2025-12-12 02:53:44.746335,1,1,6,13,68
2025-12-12 02:53:47.550583,1,2,2,13,68
2025-12-12 02:53:51.358156,1,1,9,12,69
2025-12-12 02:53:54.719173,1,1,2,12,70
2025-12-12 02:53:57.530097,1,2,7,11,70
2025-12-12 02:54:00.396836,1,1,1,11,72
2025-12-12 02:54:03.309530,1,2,5,11,75
2025-12-12 02:54:06.111442,1,2,5,11,78
2025-12-12 02:54:10.415459,1,1,1,11,77
2025-12-12 02:54:13.825337,1,2,36,11,77
2025-12-12 02:54:16.736623,1,1,12,11,77
2025-12-12 02:54:19.547839,1,2,2,11,77
2025-12-12 02:54:22.404431,1,2,9,11,77
2025-12-12 02:54:26.266841,1,2,1,11,74
2025-12-12 02:54:29.601701,1,1,1,11,71
2025-12-12 02:54:32.982899,1,2,11,11,71
2025-12-12 02:54:36.843941,1,2,7,11,71
2025-12-12 02:54:40.755025,1,1,3,11,75
2025-12-12 02:54:43.564633,1,1,12,12,78
2025-12-12 02:54:46.472882,1,2,1,15,80
2025-12-12 02:54:50.283827,1,2,9,14,75
2025-12-12 02:54:53.192319,1,2,3,14,72
2025-12-12 02:54:56.005003,1,1,1,14,70
2025-12-12 02:54:59.861249,1,2,1,14,73
2025-12-12 02:55:02.771327,1,2,1,14,76
2025-12-12 02:55:05.582330,1,1,1,14,72
2025-12-12 02:55:09.890117,1,2,1,14,69
2025-12-12 02:55:13.359171,1,2,3,14,64
2025-12-12 02:55:16.769727,1,2,5,14,64
2025-12-12 02:55:19.571576,1,1,1,14,64
2025-12-12 02:55:22.482738,1,2,5,14,67
2025-12-12 02:55:26.290644,1,1,1,14,68
2025-12-12 02:55:29.628127,1,1,1,13,69
2025-12-12 02:55:33.011152,1,2,3,13,72
2025-12-12 02:55:36.321430,1,2,14,15,71
2025-12-12 02:55:39.131132,1,1,1,18,68
2025-12-12 02:55:43.942908,1,2,1,19,67
2025-12-12 02:55:47.355420,1,2,7,20,67
2025-12-12 02:55:50.219959,1,2,1,21,67
2025-12-12 02:55:53.030728,1,2,15,22,67
2025-12-12 02:55:56.833009,1,1,4,21,67
2025-12-12 02:56:00.140835,1,2,1,16,67
2025-12-12 02:56:03.952310,1,2,1,15,67
2025-12-12 02:56:07.814831,1,2,11,13,69
2025-12-12 02:56:10.623659,1,1,6,13,72
2025-12-12 02:56:13.483637,1,1,1,12,75
2025-12-12 02:56:17.342427,1,2,1,12,78
2025-12-12 02:56:20.210719,1,2,14,12,81
2025-12-12 02:56:23.067107,1,1,1,15,83
2025-12-12 02:56:26.872330,1,2,12,17,83
2025-12-12 02:56:30.184271,1,1,7,20,83
2025-12-12 02:56:33.071591,1,1,1,20,83
2025-12-12 02:56:35.903533,1,1,2,20,83
2025-12-12 02:56:38.828002,1,1,6,18,83
2025-12-12 02:56:41.622949,1,2,1,18,83
2025-12-12 02:56:45.933051,1,2,2,15,83
2025-12-12 02:56:49.843698,1,2,9,14,83
2025-12-12 02:56:53.203407,1,1,1,13,83
2025-12-12 02:56:56.015321,1,2,1,13,83
2025-12-12 02:56:59.923354,1,2,7,12,83
2025-12-12 02:57:02.834623,1,1,13,15,83
2025-12-12 02:57:05.645181,1,2,1,15,83
2025-12-12 02:57:09.003807,1,2,3,17,83
2025-12-12 02:57:11.914148,1,1,8,17,82
2025-12-12 02:57:14.826279,1,2,1,16,80
2025-12-12 02:57:17.635435,1,2,15,16,82
2025-12-12 02:57:21.443548,1,1,1,14,84
2025-12-12 02:57:25.304712,1,2,2,13,84
2025-12-12 02:57:29.673272,1,2,1,13,84
2025-12-12 02:57:32.525969,1,2,20,12,84
2025-12-12 02:57:35.383870,1,2,10,12,84
2025-12-12 02:57:38.241926,1,2,1,14,84
2025-12-12 02:57:41.101839,1,2,8,15,84
2025-12-12 02:57:44.914388,1,1,8,16,84
2025-12-12 02:57:48.220333,1,2,1,14,84
2025-12-12 02:57:51.080285,1,2,3,13,84
2025-12-12 02:57:53.941578,1,2,14,13,85
2025-12-12 02:57:56.860726,1,1,2,12,83
2025-12-12 02:57:59.661120,1,2,1,12,83
2025-12-12 02:58:03.467971,1,2,2,14,78
2025-12-12 02:58:06.879582,1,1,3,16,78
2025-12-12 02:58:10.253657,1,2,8,17,84
2025-12-12 02:58:13.046647,1,2,1,18,84
2025-12-12 02:58:15.957537,1,2,14,19,87
2025-12-12 02:58:19.318758,1,1,9,20,90
2025-12-12 02:58:23.125651,1,1,10,21,95
2025-12-12 02:58:26.485169,1,2,1,20,95
2025-12-12 02:58:29.396378,1,1,1,20,91
2025-12-12 02:58:32.255558,1,2,6,19,87
2025-12-12 02:58:35.064461,1,1,9,18,81
2025-12-12 02:58:38.926141,1,2,1,17,78
2025-12-12 02:58:42.235069,1,1,2,15,75
2025-12-12 02:58:46.196998,1,2,5,15,73
2025-12-12 02:58:50.007172,1,2,1,14,73
2025-12-12 02:58:53.876897,1,2,1,14,73
2025-12-12 02:58:56.680518,1,2,17,14,73
2025-12-12 02:59:00.537071,1,1,1,14,73
2025-12-12 02:59:03.445493,1,2,3,14,73
2025-12-12 02:59:08.006921,1,2,8,14,73
2025-12-12 02:59:11.417520,1,2,15,14,73
2025-12-12 02:59:14.275099,1,1,2,14,73
2025-12-12 02:59:17.150286,1,2,8,14,73
2025-12-12 02:59:20.946509,1,1,7,14,71
2025-12-12 02:59:24.255168,1,2,1,13,68
2025-12-12 02:59:27.122696,1,2,1,13,66
2025-12-12 02:59:29.974602,1,1,10,12,63
2025-12-12 02:59:32.889376,1,2,1,12,63
2025-12-12 02:59:35.695809,1,2,4,12,63
2025-12-12 02:59:39.515793,1,1,6,12,63
2025-12-12 02:59:43.367210,1,1,1,13,63
2025-12-12 02:59:46.876189,1,2,1,16,63
2025-12-12 02:59:49.684188,1,2,10,18,66
2025-12-12 02:59:52.549608,1,1,1,19,67
2025-12-12 02:59:56.404401,1,2,22,21,67
2025-12-12 02:59:59.715447,1,2,4,19,67
2025-12-12 03:00:04.021288,1,2,5,16,66
2025-12-12 03:00:07.885000,1,2,31,14,66
2025-12-12 03:00:12.243972,1,1,15,13,66
2025-12-12 03:00:16.557026,1,2,24,13,66
2025-12-12 03:00:20.416742,1,2,7,12,66
2025-12-12 03:00:23.726496,1,2,3,12,66
2025-12-12 03:00:27.538104,1,1,1,13,69
2025-12-12 03:00:30.454962,1,2,1,13,72
2025-12-12 03:00:33.254971,1,2,2,13,75
2025-12-12 03:00:38.660719,1,1,1,13,76
2025-12-12 03:00:41.479566,1,2,26,13,72
2025-12-12 03:00:44.338113,1,2,10,13,69
2025-12-12 03:00:48.357623,1,1,7,13,66
2025-12-12 03:00:51.160837,1,2,1,13,65
2025-12-12 03:00:54.014911,1,2,33,13,67
2025-12-12 03:00:56.929146,1,1,7,13,70
2025-12-12 03:00:59.737859,1,1,12,13,73
2025-12-12 03:01:04.046848,1,2,2,13,76
2025-12-12 03:01:07.505476,1,2,6,13,82
2025-12-12 03:01:10.915836,1,2,16,13,84
2025-12-12 03:01:13.726630,1,2,1,13,84
2025-12-12 03:01:16.592962,1,2,19,13,84
2025-12-12 03:01:20.456741,1,2,13,13,84
2025-12-12 03:01:23.762682,1,1,1,13,84
2025-12-12 03:01:27.222264,1,2,4,13,80
2025-12-12 03:01:30.054334,1,2,4,13,77
2025-12-12 03:01:32.934450,1,1,1,13,74
2025-12-12 03:01:35.746476,1,2,23,13,72
2025-12-12 03:01:39.562115,1,2,15,13,72
2025-12-12 03:01:43.424270,1,2,3,13,72
2025-12-12 03:01:47.374617,1,1,10,12,72
2025-12-12 03:01:50.186264,1,2,3,12,72
2025-12-12 03:01:54.046389,1,2,1,12,72
2025-12-12 03:01:56.954965,1,2,6,12,72
2025-12-12 03:01:59.767536,1,2,1,12,72
2025-12-12 03:02:04.073539,1,2,2,12,72
2025-12-12 03:02:08.035415,1,2,7,12,72
2025-12-12 03:02:10.945958,1,2,7,12,72
2025-12-12 03:02:13.755858,1,2,1,12,72
2025-12-12 03:02:16.615595,1,1,3,12,71
2025-12-12 03:02:20.473910,1,1,1,12,68
2025-12-12 03:02:23.799052,1,2,9,12,65
2025-12-12 03:02:27.142648,1,2,1,12,68
2025-12-12 03:02:30.057612,1,2,5,13,70
2025-12-12 03:02:32.963768,1,2,2,13,70
2025-12-12 03:02:36.274733,1,2,1,13,70
2025-12-12 03:02:39.083743,1,2,4,13,70
2025-12-12 03:02:41.996787,1,2,5,13,70
2025-12-12 03:02:45.304895,1,2,1,13,70
2025-12-12 03:02:50.117394,1,1,8,13,70
2025-12-12 03:02:53.526161,1,2,1,13,70
2025-12-12 03:02:56.386158,1,2,6,13,70
2025-12-12 03:02:59.195716,1,2,3,13,70
2025-12-12 03:03:03.058387,1,1,7,13,70
2025-12-12 03:03:05.965464,1,1,7,13,70
2025-12-12 03:03:08.777064,1,2,1,13,70
2025-12-12 03:03:12.687477,1,1,1,14,70
2025-12-12 03:03:15.555873,1,2,4,14,70
2025-12-12 03:03:18.355031,1,2,19,14,69
2025-12-12 03:03:22.164666,1,1,15,14,66
2025-12-12 03:03:25.077813,1,2,1,14,63
2025-12-12 03:03:28.988274,1,2,1,14,63
2025-12-12 03:03:31.793959,1,1,4,14,63
2025-12-12 03:03:34.654936,1,1,3,14,63
2025-12-12 03:03:38.517872,1,2,30,14,63
2025-12-12 03:03:42.030053,1,1,1,14,63
2025-12-12 03:03:45.334136,1,2,3,14,63
2025-12-12 03:03:49.197824,1,1,8,14,63
2025-12-12 03:03:52.119250,1,2,3,14,63
2025-12-12 03:03:55.469223,1,2,24,14,63
2025-12-12 03:03:59.272329,1,2,1,14,63
2025-12-12 03:04:02.134533,1,1,5,14,63
2025-12-12 03:04:05.550957,1,2,29,14,63
2025-12-12 03:04:08.401385,1,2,4,14,63
2025-12-12 03:04:11.213333,1,2,13,14,65
2025-12-12 03:04:15.073775,1,2,1,15,68
2025-12-12 03:04:18.382197,1,2,38,14,71
2025-12-12 03:04:22.841792,1,2,18,13,75
2025-12-12 03:04:26.103043,1,2,1,13,75
2025-12-12 03:04:29.012557,1,2,1,12,75
2025-12-12 03:04:31.822869,1,2,1,12,75
2025-12-12 03:04:34.738429,1,1,10,12,75
2025-12-12 03:04:38.542417,1,1,2,12,75
2025-12-12 03:04:42.005560,1,1,1,13,75
2025-12-12 03:04:44.813392,1,2,1,13,75
2025-12-12 03:04:48.721365,1,2,3,13,75
2025-12-12 03:04:51.582206,1,2,35,13,75
2025-12-12 03:04:54.394534,1,2,34,13,75
2025-12-12 03:04:58.203409,1,2,10,13,73
2025-12-12 03:05:01.114146,1,2,19,13,70
2025-12-12 03:05:05.022171,1,2,21,13,66
2025-12-12 03:05:07.834345,1,2,4,13,66
2025-12-12 03:05:10.744597,1,2,1,14,66
2025-12-12 03:05:14.554360,1,2,8,14,66
2025-12-12 03:05:17.893102,1,2,1,15,66
2025-12-12 03:05:20.672019,1,1,1,15,66
2025-12-12 03:05:23.582650,1,2,14,14,66
2025-12-12 03:05:26.454321,1,2,7,14,66
2025-12-12 03:05:29.301389,1,1,1,14,66
2025-12-12 03:05:33.111081,1,1,3,14,66
2025-12-12 03:05:36.421474,1,1,7,15,66
2025-12-12 03:05:39.230531,1,1,11,16,66
2025-12-12 03:05:42.139159,1,2,1,15,67
2025-12-12 03:05:45.054783,1,2,1,14,70
2025-12-12 03:05:47.859514,1,2,8,14,72
2025-12-12 03:05:51.674134,1,2,4,14,72
2025-12-12 03:05:55.528644,1,1,1,14,72
2025-12-12 03:05:58.887738,1,2,16,16,72
2025-12-12 03:06:01.696124,1,2,6,17,72
2025-12-12 03:06:05.608920,1,1,1,17,72
2025-12-12 03:06:08.466778,1,2,18,18,72
2025-12-12 03:06:11.276523,1,1,4,17,72
2025-12-12 03:06:15.139304,1,2,1,16,72
2025-12-12 03:06:18.066261,1,1,1,16,72
2025-12-12 03:06:20.857405,1,2,7,16,72
2025-12-12 03:06:24.766795,1,2,3,14,72
2025-12-12 03:06:27.626831,1,2,1,13,72
2025-12-12 03:06:30.436101,1,2,4,13,70
2025-12-12 03:06:34.801930,1,2,4,13,67
2025-12-12 03:06:39.107624,1,2,1,12,68
2025-12-12 03:06:42.417820,1,2,6,12,71
2025-12-12 03:06:46.232655,1,2,5,12,74
2025-12-12 03:06:50.585191,1,1,1,12,71
2025-12-12 03:06:53.902767,1,1,1,13,73
2025-12-12 03:06:58.207626,1,2,8,14,76
2025-12-12 03:07:01.679627,1,2,19,14,73
2025-12-12 03:07:04.476187,1,1,4,14,70
2025-12-12 03:07:07.281791,1,2,1,14,70
2025-12-12 03:07:10.192699,1,2,5,14,69
2025-12-12 03:07:13.562228,1,1,6,14,69
2025-12-12 03:07:17.311714,1,2,2,15,69
2025-12-12 03:07:20.172054,1,2,2,15,69
2025-12-12 03:07:23.080816,1,2,1,16,69
2025-12-12 03:07:25.895582,1,2,3,16,69
2025-12-12 03:07:28.751927,1,1,1,16,69
2025-12-12 03:07:32.610930,1,2,2,16,69
2025-12-12 03:07:35.921152,1,2,3,15,68
2025-12-12 03:07:39.330465,1,2,3,15,65
2025-12-12 03:07:42.641445,1,2,3,14,63
2025-12-12 03:07:45.451450,1,2,8,14,63
2025-12-12 03:07:49.359337,1,2,1,14,63
2025-12-12 03:07:52.219020,1,2,12,14,65
2025-12-12 03:07:55.577220,1,2,3,14,65
2025-12-12 03:07:58.937889,1,2,10,14,65
2025-12-12 03:08:01.798005,1,1,1,14,65
2025-12-12 03:08:05.657475,1,2,13,14,66
2025-12-12 03:08:08.515729,1,2,5,14,69
2025-12-12 03:08:11.375016,1,2,14,14,72
2025-12-12 03:08:15.187015,1,2,17,14,75
2025-12-12 03:08:18.494846,1,2,4,14,78
2025-12-12 03:08:21.305185,1,2,3,14,81
2025-12-12 03:08:24.215038,1,2,1,14,84
2025-12-12 03:08:27.127056,1,1,14,14,85
2025-12-12 03:08:29.933275,1,2,4,14,85
2025-12-12 03:08:33.794362,1,2,12,14,85
2025-12-12 03:08:36.751798,1,2,20,15,85
2025-12-12 03:08:39.662092,1,2,3,16,85
2025-12-12 03:08:42.480908,1,1,1,16,85
2025-12-12 03:08:46.784240,1,2,15,16,85
2025-12-12 03:08:50.642686,1,1,1,17,85
2025-12-12 03:08:53.954867,1,1,9,17,85
2025-12-12 03:08:57.365287,1,2,2,17,85
2025-12-12 03:09:00.675763,1,1,9,17,85
2025-12-12 03:09:03.483663,1,2,1,17,85
2025-12-12 03:09:07.394288,1,2,1,17,85
2025-12-12 03:09:10.259318,1,2,10,17,85
2025-12-12 03:09:13.614125,1,1,6,17,85
2025-12-12 03:09:16.926930,1,2,2,17,85
2025-12-12 03:09:19.804942,1,1,1,17,83
2025-12-12 03:09:23.693401,1,2,11,17,83
2025-12-12 03:09:26.552262,1,1,3,16,83
2025-12-12 03:09:29.418330,1,2,37,16,85
2025-12-12 03:09:33.221612,1,2,1,16,88
2025-12-12 03:09:36.682655,1,2,1,16,88
2025-12-12 03:09:39.492416,1,2,2,16,87
2025-12-12 03:09:44.813021,1,2,1,16,83
2025-12-12 03:09:47.715252,1,2,14,16,84
2025-12-12 03:09:50.586849,1,2,2,15,87
2025-12-12 03:09:53.432675,1,1,1,15,89
2025-12-12 03:09:56.243460,1,2,16,15,89
2025-12-12 03:09:59.169748,1,2,1,15,89
2025-12-12 03:10:01.961719,1,1,8,15,89
2025-12-12 03:10:04.822164,1,1,1,15,89
2025-12-12 03:10:08.681976,1,1,1,15,89
2025-12-12 03:10:12.542313,1,2,12,14,86
2025-12-12 03:10:15.352172,1,1,1,14,84
2025-12-12 03:10:18.266877,1,2,3,14,84
2025-12-12 03:10:21.174908,1,2,1,14,84
2025-12-12 03:10:23.984768,1,2,1,14,84
2025-12-12 03:10:27.794181,1,2,1,14,84
2025-12-12 03:10:31.261248,1,2,1,14,84
2025-12-12 03:10:35.165820,1,2,1,15,84
2025-12-12 03:10:38.010360,1,2,3,15,84
2025-12-12 03:10:40.885028,1,2,7,16,84
2025-12-12 03:10:44.695484,1,2,17,16,84
2025-12-12 03:10:48.003918,1,2,20,16,84
2025-12-12 03:10:51.470791,1,2,3,17,84
2025-12-12 03:10:54.273910,1,2,1,16,84
2025-12-12 03:10:57.184655,1,2,39,16,84
2025-12-12 03:10:59.992793,1,2,9,16,84
2025-12-12 03:11:03.800388,1,2,12,15,84
2025-12-12 03:11:07.661705,1,2,5,15,84
2025-12-12 03:11:11.021718,1,2,8,15,84
2025-12-12 03:11:13.833291,1,1,1,15,84
2025-12-12 03:11:17.739282,1,2,20,15,79
2025-12-12 03:11:20.600297,1,2,30,15,76
2025-12-12 03:11:23.409685,1,2,3,15,73
2025-12-12 03:11:27.269235,1,2,20,15,71
2025-12-12 03:11:30.229744,1,2,12,15,71
2025-12-12 03:11:33.538351,1,2,2,15,71
2025-12-12 03:11:37.448750,1,2,3,15,69
2025-12-12 03:11:40.314290,1,2,4,15,69
2025-12-12 03:11:43.676674,1,1,16,15,69
2025-12-12 03:11:47.429917,1,1,1,15,69
2025-12-12 03:11:50.388187,1,2,5,15,69
2025-12-12 03:11:54.296897,1,2,2,15,69
2025-12-12 03:11:57.212410,1,2,10,15,69
2025-12-12 03:12:00.017048,1,2,11,15,69
2025-12-12 03:12:03.825595,1,2,13,15,69
2025-12-12 03:12:07.698088,1,2,4,15,69
2025-12-12 03:12:11.046796,1,1,1,15,69
2025-12-12 03:12:13.916312,1,2,6,15,69
2025-12-12 03:12:17.762640,1,1,1,15,69
2025-12-12 03:12:20.624887,1,2,5,15,69
2025-12-12 03:12:23.492252,1,1,1,15,69
2025-12-12 03:12:27.299631,1,1,4,15,69
2025-12-12 03:12:30.606949,1,1,2,16,71
2025-12-12 03:12:33.412493,1,2,1,16,73
2025-12-12 03:12:36.320322,1,1,1,16,73
2025-12-12 03:12:39.230646,1,2,2,16,70
2025-12-12 03:12:42.046427,1,2,5,16,67
2025-12-12 03:12:45.852597,1,2,6,16,65
2025-12-12 03:12:49.733064,1,2,1,16,65
2025-12-12 03:12:53.468267,1,2,2,16,65
2025-12-12 03:12:57.287928,1,1,1,16,65
2025-12-12 03:13:00.586360,1,1,1,16,67
2025-12-12 03:13:04.899652,1,1,1,16,67
2025-12-12 03:13:08.756347,1,1,1,16,67
2025-12-12 03:13:12.071788,1,1,1,16,67
2025-12-12 03:13:15.426986,1,2,1,16,67
2025-12-12 03:13:18.335477,1,1,2,16,67
2025-12-12 03:13:21.244291,1,2,15,16,68
2025-12-12 03:13:24.054910,1,2,5,16,69
2025-12-12 03:13:27.864438,1,2,2,16,69
2025-12-12 03:13:31.728643,1,2,15,16,69
2025-12-12 03:13:35.484536,1,2,1,17,71
2025-12-12 03:13:39.294665,1,1,1,17,74
2025-12-12 03:13:42.602981,1,1,2,18,75
2025-12-12 03:13:46.416060,1,1,1,20,75
2025-12-12 03:13:50.774503,1,1,1,20,75
2025-12-12 03:13:54.083527,1,1,1,20,75
2025-12-12 03:13:57.891036,1,1,1,18,76
2025-12-12 03:14:00.800834,1,2,5,18,76
2025-12-12 03:14:03.609696,1,1,1,18,76
2025-12-12 03:14:07.467976,1,2,1,19,76
2025-12-12 03:14:10.386999,1,1,2,19,76
2025-12-12 03:14:13.739422,1,1,1,20,71
2025-12-12 03:14:17.560971,1,1,1,19,65
2025-12-12 03:14:20.409109,1,1,1,18,64
2025-12-12 03:14:23.828128,1,2,2,17,67
2025-12-12 03:14:26.677331,1,1,1,17,67
2025-12-12 03:14:29.487316,1,1,4,17,67
2025-12-12 03:14:33.347714,1,1,1,17,70
2025-12-12 03:14:36.663765,1,1,1,18,70
2025-12-12 03:14:39.518040,1,1,1,18,70
2025-12-12 03:14:42.376209,1,2,1,18,70
2025-12-12 03:14:45.286880,1,1,2,18,70
2025-12-12 03:14:48.095230,1,1,1,18,70
2025-12-12 03:14:51.907621,1,1,4,17,70
2025-12-12 03:14:55.765007,1,1,2,17,70
2025-12-12 03:14:59.280578,1,1,1,18,70
2025-12-12 03:15:02.083381,1,1,1,20,70
2025-12-12 03:15:04.992708,1,1,1,19,73
2025-12-12 03:15:08.826724,1,1,1,17,74
2025-12-12 03:15:12.117886,1,1,1,15,71
2025-12-12 03:15:16.421392,1,1,3,13,71
2025-12-12 03:15:19.880181,1,1,1,12,71
2025-12-12 03:15:23.331160,1,1,1,12,71
2025-12-12 03:15:26.101444,1,1,1,11,69
2025-12-12 03:15:28.959665,1,1,1,11,67
2025-12-12 03:15:32.820038,1,1,1,11,67
2025-12-12 03:15:36.141436,1,1,1,11,67
2025-12-12 03:15:39.493309,1,1,1,11,67
2025-12-12 03:15:42.404105,1,1,2,14,67
2025-12-12 03:15:45.311692,1,1,1,15,67
2025-12-12 03:15:48.121722,1,1,5,15,65
2025-12-12 03:15:51.930014,1,1,1,13,65
2025-12-12 03:15:55.788343,1,1,1,12,65
2025-12-12 03:15:59.765700,1,2,1,13,65
2025-12-12 03:16:02.559226,1,1,1,12,65
2025-12-12 03:16:06.418522,1,1,1,11,65
2025-12-12 03:16:09.328989,1,2,1,11,65
2025-12-12 03:16:12.140488,1,1,1,11,62
2025-12-12 03:16:15.945756,1,1,1,11,62
2025-12-12 03:16:18.905509,1,1,1,11,62
2025-12-12 03:16:23.317268,1,1,1,11,62
2025-12-12 03:16:26.124854,1,1,1,11,62
2025-12-12 03:16:28.986393,1,1,1,11,62
2025-12-12 03:16:32.847148,1,1,1,11,62
2025-12-12 03:16:36.166855,1,1,1,11,62
2025-12-12 03:16:39.964751,1,1,1,11,62
2025-12-12 03:16:42.873858,1,2,1,11,62
2025-12-12 03:16:45.684879,1,1,1,11,62
2025-12-12 03:16:50.495379,1,1,1,11,62
2025-12-12 03:16:53.904427,1,1,1,11,62
2025-12-12 03:16:56.769358,1,1,1,11,62
2025-12-12 03:17:00.191060,1,1,1,11,62
2025-12-12 03:17:02.984647,1,1,1,11,62
2025-12-12 03:17:05.894067,1,1,1,11,63
2025-12-12 03:17:08.753055,1,1,1,11,64
2025-12-12 03:17:11.613581,1,1,1,11,64
2025-12-12 03:17:15.423868,1,1,1,12,64
2025-12-12 03:17:19.383332,1,1,1,17,62
2025-12-12 03:17:22.744660,1,1,1,19,64
2025-12-12 03:17:25.551056,1,1,1,20,64
2025-12-12 03:17:28.460947,1,1,1,21,67
2025-12-12 03:17:31.819930,1,1,1,22,70
2025-12-12 03:17:35.580378,1,1,1,22,71
2025-12-12 03:17:39.440152,1,1,1,23,71
2025-12-12 03:17:42.351331,1,2,1,23,72
2025-12-12 03:17:45.159234,1,1,1,23,75
2025-12-12 03:17:49.022349,1,1,1,23,76
2025-12-12 03:17:51.931812,1,1,2,23,74
2025-12-12 03:17:54.738784,1,1,1,23,72
2025-12-12 03:17:58.549089,1,1,1,23,72
2025-12-12 03:18:01.457666,1,1,2,23,72
2025-12-12 03:18:05.368354,1,1,1,23,72
2025-12-12 03:18:08.175607,1,1,1,23,75
2025-12-12 03:18:11.041397,1,1,1,23,77
2025-12-12 03:18:14.895202,1,1,1,23,77
2025-12-12 03:18:18.204650,1,1,1,22,77
2025-12-12 03:18:21.015589,1,1,1,21,77
2025-12-12 03:18:23.925904,1,1,1,22,79
2025-12-12 03:18:26.784371,1,1,2,22,81
2025-12-12 03:18:29.608470,1,1,1,22,84
2025-12-12 03:18:33.455347,1,1,1,22,86
2025-12-12 03:18:36.763882,1,1,1,22,86
2025-12-12 03:18:39.623280,1,1,1,23,86
2025-12-12 03:18:42.482862,1,1,1,23,86
2025-12-12 03:18:45.419651,1,1,1,23,86
2025-12-12 03:18:48.202157,1,1,1,23,86
2025-12-12 03:18:52.013308,1,2,1,24,86
2025-12-12 03:18:55.869585,1,1,1,24,86
2025-12-12 03:18:59.180491,1,1,1,24,84
2025-12-12 03:19:02.039594,1,1,1,25,87
2025-12-12 03:19:05.949029,1,2,2,25,87
2025-12-12 03:19:08.823440,1,1,2,25,85
2025-12-12 03:19:11.616558,1,1,1,25,83
2025-12-12 03:19:15.476896,1,1,1,25,80
2025-12-12 03:19:18.792257,1,1,1,25,77
2025-12-12 03:19:21.595317,1,1,1,25,77
2025-12-12 03:19:24.505707,1,1,1,25,75
2025-12-12 03:19:27.418988,1,1,1,25,72
2025-12-12 03:19:30.226468,1,1,1,25,69
2025-12-12 03:19:34.034284,1,2,1,24,66
2025-12-12 03:19:37.000311,1,1,1,24,65
2025-12-12 03:19:41.403304,1,1,1,24,65
2025-12-12 03:19:44.213555,1,1,1,24,65
2025-12-12 03:19:47.071814,1,1,1,24,65
2025-12-12 03:19:50.931663,1,1,1,24,65
2025-12-12 03:19:54.240730,1,1,1,23,65
2025-12-12 03:19:58.051151,1,1,1,22,65
2025-12-12 03:20:00.960623,1,1,1,21,65
2025-12-12 03:20:03.768470,1,1,1,21,65
2025-12-12 03:20:07.678293,1,1,1,20,65
2025-12-12 03:20:10.538997,1,1,1,20,66
2025-12-12 03:20:13.921309,1,1,1,19,69
2025-12-12 03:20:17.661081,1,1,1,19,69
2025-12-12 03:20:21.468837,1,1,1,19,69
2025-12-12 03:20:24.776434,1,1,1,20,69
2025-12-12 03:20:28.587444,1,1,1,20,69
2025-12-12 03:20:32.956589,1,1,1,21,73
2025-12-12 03:20:36.256596,1,1,1,21,76
2025-12-12 03:20:40.067403,1,1,1,22,79
2025-12-12 03:20:43.024530,1,1,1,22,81
2025-12-12 03:20:47.433407,1,1,1,22,81
2025-12-12 03:20:50.243454,1,1,1,23,81
2025-12-12 03:20:53.102298,1,1,1,23,81
2025-12-12 03:20:56.979145,1,1,1,23,81
2025-12-12 03:21:00.272740,1,1,1,24,81
2025-12-12 03:21:03.632028,1,1,1,24,81
2025-12-12 03:21:06.541290,1,1,1,24,81
2025-12-12 03:21:09.449453,1,1,1,23,81
2025-12-12 03:21:12.261405,1,1,2,23,81
2025-12-12 03:21:16.069236,1,1,2,23,81
2025-12-12 03:21:19.929686,1,1,1,24,83
2025-12-12 03:21:23.689131,1,1,1,24,89
2025-12-12 03:21:27.497506,1,1,1,24,92
2025-12-12 03:21:30.808373,1,1,1,24,95
2025-12-12 03:21:34.616943,1,1,1,25,98
2025-12-12 03:21:38.977173,1,1,1,25,100
2025-12-12 03:21:42.287011,1,1,1,25,100
2025-12-12 03:21:46.104413,1,1,1,25,100
2025-12-12 03:21:49.004259,1,1,1,25,100
2025-12-12 03:21:51.813454,1,1,1,25,100
2025-12-12 03:21:55.673831,1,1,1,25,100
2025-12-12 03:21:58.584821,1,2,1,25,95
2025-12-12 03:22:01.946819,1,1,1,22,92
2025-12-12 03:22:05.703512,1,1,1,19,84
2025-12-12 03:22:08.563050,1,1,2,17,78
2025-12-12 03:22:11.471680,1,1,1,16,75
2025-12-12 03:22:14.281901,1,2,1,15,72
2025-12-12 03:22:17.190641,1,1,1,14,69
2025-12-12 03:22:21.000957,1,1,1,13,67
2025-12-12 03:22:24.311671,1,1,1,13,64
2025-12-12 03:22:27.668675,1,1,1,12,62
2025-12-12 03:22:30.578826,1,1,1,12,62
2025-12-12 03:22:33.487459,1,1,1,12,62
2025-12-12 03:22:36.297104,1,1,1,12,62
2025-12-12 03:22:40.105129,1,1,1,12,62
2025-12-12 03:22:43.965334,1,1,1,12,62
2025-12-12 03:22:47.325382,1,1,1,12,62
2025-12-12 03:22:50.134726,1,1,1,12,62
2025-12-12 03:22:54.051535,1,1,1,12,62
2025-12-12 03:22:56.904915,1,1,1,13,62
2025-12-12 03:22:59.715878,1,1,1,14,64
2025-12-12 03:23:03.572899,1,1,1,16,67
2025-12-12 03:23:06.882486,1,1,1,18,70
2025-12-12 03:23:09.692853,1,1,1,19,73
2025-12-12 03:23:12.603764,1,1,2,20,76
2025-12-12 03:23:15.521364,1,1,1,21,79
2025-12-12 03:23:18.321450,1,1,1,21,82
2025-12-12 03:23:22.129056,1,1,1,20,85
2025-12-12 03:23:25.989360,1,1,1,16,86
2025-12-12 03:23:29.299278,1,1,2,14,80
2025-12-12 03:23:32.160135,1,1,1,12,77
2025-12-12 03:23:36.067805,1,1,1,11,77
2025-12-12 03:23:38.927183,1,2,1,11,76
2025-12-12 03:23:41.737460,1,1,1,11,74
2025-12-12 03:23:45.598054,1,1,1,11,74
2025-12-12 03:23:48.507990,1,1,1,11,74
2025-12-12 03:23:51.317423,1,1,1,11,71
2025-12-12 03:23:55.182124,1,1,1,12,68
2025-12-12 03:23:58.088244,1,1,1,13,65
2025-12-12 03:24:00.897821,1,1,1,14,62
2025-12-12 03:24:04.710114,1,1,1,14,62
2025-12-12 03:24:07.619774,1,1,2,15,62
2025-12-12 03:24:11.528508,1,1,1,15,62
2025-12-12 03:24:14.337235,1,1,1,16,62
2025-12-12 03:24:17.198770,1,1,1,17,62
2025-12-12 03:24:21.057798,1,1,1,18,62
2025-12-12 03:24:24.365975,1,1,1,19,65
2025-12-12 03:24:27.175987,1,1,1,20,68
2025-12-12 03:24:30.084095,1,2,1,21,71
2025-12-12 03:24:32.944516,1,1,1,22,74
2025-12-12 03:24:35.755107,1,1,1,22,77
2025-12-12 03:24:39.614227,1,1,1,23,79
2025-12-12 03:24:42.921982,1,1,1,23,79
2025-12-12 03:24:45.730614,1,1,1,24,79
2025-12-12 03:24:48.641068,1,1,1,24,79
2025-12-12 03:24:51.554511,1,1,1,24,79
2025-12-12 03:24:54.361693,1,1,2,24,79
2025-12-12 03:24:58.171177,1,1,1,25,79
2025-12-12 03:25:02.032851,1,1,1,25,79
2025-12-12 03:25:05.542231,1,2,1,25,79
2025-12-12 03:25:08.349941,1,1,1,25,79
2025-12-12 03:25:11.260867,1,1,1,25,79
2025-12-12 03:25:15.071438,1,1,1,25,79
2025-12-12 03:25:18.381675,1,1,1,25,79
2025-12-12 03:25:22.692226,1,1,1,25,73
2025-12-12 03:25:26.699969,1,1,1,23,67
2025-12-12 03:25:30.109664,1,1,1,22,64
2025-12-12 03:25:32.982608,1,2,1,19,63
2025-12-12 03:25:35.782441,1,1,1,17,63
2025-12-12 03:25:39.641266,1,1,1,16,63
2025-12-12 03:25:42.951503,1,1,1,14,63
2025-12-12 03:25:45.760153,1,1,1,14,63
2025-12-12 03:25:48.669686,1,1,1,14,63
2025-12-12 03:25:51.582120,1,1,1,13,63
2025-12-12 03:25:54.390864,1,1,1,13,63
2025-12-12 03:25:58.216862,1,1,1,12,63
2025-12-12 03:26:02.057887,1,2,1,12,63
2025-12-12 03:26:05.569341,1,1,1,12,63
2025-12-12 03:26:08.376538,1,1,1,12,63
2025-12-12 03:26:11.238957,1,1,1,12,63
2025-12-12 03:26:15.097609,1,1,1,12,63
2025-12-12 03:26:18.428369,1,1,1,13,63
2025-12-12 03:26:22.722943,1,1,1,15,63
2025-12-12 03:26:26.578025,1,1,1,17,63
2025-12-12 03:26:29.386056,1,1,1,18,63
2025-12-12 03:26:32.250407,1,1,1,19,63
2025-12-12 03:26:36.158137,1,1,1,20,63
2025-12-12 03:26:39.021094,1,1,1,20,63
2025-12-12 03:26:41.823755,1,1,1,21,63
2025-12-12 03:26:44.732999,1,1,1,21,63
2025-12-12 03:26:48.141074,1,1,1,22,63
2025-12-12 03:26:51.005322,1,1,1,22,63
2025-12-12 03:26:53.809866,1,1,1,23,63
2025-12-12 03:26:57.671761,1,2,1,23,63
2025-12-12 03:27:01.004307,1,1,1,23,63
2025-12-12 03:27:04.442186,1,1,1,23,63
2025-12-12 03:27:07.251163,1,1,1,24,63
2025-12-12 03:27:10.161171,1,1,1,24,63
2025-12-12 03:27:12.971388,1,1,1,24,63
2025-12-12 03:27:16.782028,1,1,1,24,63
2025-12-12 03:27:21.139204,1,2,2,24,63
2025-12-12 03:27:24.051660,1,1,1,24,63
2025-12-12 03:27:27.408009,1,1,1,24,63
2025-12-12 03:27:31.270723,1,1,1,24,63
2025-12-12 03:27:34.179481,1,2,2,24,63
2025-12-12 03:27:36.988732,1,1,1,24,63
2025-12-12 03:27:41.348126,1,1,1,24,63
2025-12-12 03:27:45.762942,1,1,1,24,63
2025-12-12 03:27:49.175237,1,1,1,24,63
2025-12-12 03:27:51.980498,1,2,1,24,63
2025-12-12 03:27:55.838999,1,1,1,24,63
2025-12-12 03:27:58.751029,1,1,1,24,63
2025-12-12 03:28:02.129836,1,1,1,23,63
2025-12-12 03:28:06.069763,1,2,1,21,63
2025-12-12 03:28:08.879112,1,1,1,20,63
2025-12-12 03:28:12.738743,1,1,1,16,63
2025-12-12 03:28:15.650451,1,2,1,15,63
2025-12-12 03:28:18.457584,1,1,1,15,63
2025-12-12 03:28:22.768225,1,2,1,13,63
2025-12-12 03:28:26.630060,1,1,1,13,63
2025-12-12 03:28:29.438980,1,1,1,13,63
2025-12-12 03:28:32.301394,1,1,1,12,63
2025-12-12 03:28:36.209660,1,1,2,12,63
2025-12-12 03:28:39.067452,1,1,1,12,63
2025-12-12 03:28:41.878307,1,1,1,12,62
2025-12-12 03:28:44.752277,1,2,1,12,62
2025-12-12 03:28:47.647768,1,1,2,12,62
2025-12-12 03:28:50.457397,1,1,1,12,62
2025-12-12 03:28:53.367631,1,2,1,13,62
2025-12-12 03:28:57.177344,1,1,1,14,63
2025-12-12 03:29:00.487326,1,1,1,15,66
2025-12-12 03:29:03.299223,1,1,1,17,67
2025-12-12 03:29:06.212259,1,1,1,18,68
2025-12-12 03:29:09.065867,1,1,1,19,71
2025-12-12 03:29:11.875599,1,1,1,20,74
2025-12-12 03:29:15.734764,1,1,1,21,77
2025-12-12 03:29:19.043734,1,1,1,22,80
2025-12-12 03:29:22.852658,1,2,1,22,83
2025-12-12 03:29:25.764043,1,1,1,23,83
2025-12-12 03:29:29.674066,1,1,1,23,79
2025-12-12 03:29:32.483047,1,1,1,23,82
2025-12-12 03:29:35.346988,1,2,1,23,84
2025-12-12 03:29:39.203977,1,1,1,24,84
2025-12-12 03:29:42.110824,1,1,1,24,84
2025-12-12 03:29:44.870761,1,1,1,24,84
2025-12-12 03:29:48.780456,1,1,1,25,84
2025-12-12 03:29:51.692589,1,1,1,22,84
2025-12-12 03:29:54.501754,1,2,1,22,84
2025-12-12 03:29:58.309531,1,1,1,19,84
2025-12-12 03:30:01.771301,1,1,1,17,78
2025-12-12 03:30:05.680955,1,1,1,15,71
2025-12-12 03:30:08.488656,1,1,1,14,68
2025-12-12 03:30:11.401568,1,1,1,14,66
2025-12-12 03:30:15.209823,1,1,1,13,66
2025-12-12 03:30:18.520125,1,1,1,13,66
2025-12-12 03:30:21.901362,1,2,2,12,66
2025-12-12 03:30:25.291156,1,1,1,13,66
2025-12-12 03:30:29.700660,1,1,1,12,66
2025-12-12 03:30:32.510179,1,1,1,12,65
2025-12-12 03:30:35.418242,1,1,1,13,65
2025-12-12 03:30:39.229127,1,1,1,14,65
2025-12-12 03:30:42.138120,1,1,1,14,65
2025-12-12 03:30:44.905870,1,1,2,15,65
2025-12-12 03:30:48.812866,1,1,1,17,65
2025-12-12 03:30:51.722521,1,1,1,17,64
2025-12-12 03:30:54.527218,1,2,1,17,64
2025-12-12 03:30:58.835652,1,1,2,19,64
2025-12-12 03:31:02.293956,1,1,1,20,64
2025-12-12 03:31:05.755273,1,1,1,20,64
2025-12-12 03:31:09.120378,1,1,1,21,64
2025-12-12 03:31:11.926506,1,1,1,22,64
2025-12-12 03:31:15.794321,1,1,1,22,64
2025-12-12 03:31:19.095139,1,1,1,19,64
2025-12-12 03:31:22.554339,1,1,1,17,66
2025-12-12 03:31:25.364111,1,1,1,15,68
2025-12-12 03:31:28.274409,1,1,1,14,68
2025-12-12 03:31:31.090050,1,1,1,13,68
2025-12-12 03:31:34.891409,1,1,1,13,68
2025-12-12 03:31:38.762245,1,1,1,13,68
2025-12-12 03:31:42.162841,1,1,1,12,68
2025-12-12 03:31:44.974970,1,1,1,12,68
2025-12-12 03:31:48.832818,1,1,1,12,68
2025-12-12 03:31:51.742160,1,1,1,13,69
2025-12-12 03:31:54.552606,1,1,1,13,72
2025-12-12 03:31:58.360576,1,1,1,13,75
2025-12-12 03:32:01.322320,1,1,1,13,78
2025-12-12 03:32:05.732239,1,1,1,15,84
2025-12-12 03:32:09.039675,1,2,1,16,85
2025-12-12 03:32:11.853553,1,1,1,18,85
2025-12-12 03:32:14.760335,1,1,1,19,85
2025-12-12 03:32:17.568689,1,1,1,20,85
2025-12-12 03:32:20.946229,1,1,1,20,85
2025-12-12 03:32:24.840149,1,2,1,21,85
2025-12-12 03:32:27.749353,1,1,1,22,85
2025-12-12 03:32:30.558172,1,1,1,22,85
2025-12-12 03:32:34.366441,1,1,1,23,85
2025-12-12 03:32:38.243659,1,1,1,23,85
2025-12-12 03:32:41.986874,1,1,1,23,81
2025-12-12 03:32:45.845786,1,1,1,23,81
2025-12-12 03:32:48.758548,1,1,1,24,81
2025-12-12 03:32:51.565812,1,1,1,24,81
2025-12-12 03:32:55.426931,1,1,1,25,81
2025-12-12 03:32:58.335780,1,1,1,25,81
2025-12-12 03:33:03.299708,1,1,1,25,81
2025-12-12 03:33:06.154905,1,1,1,25,81
2025-12-12 03:33:08.980541,1,1,1,25,82
2025-12-12 03:33:12.875247,1,1,1,25,85
2025-12-12 03:33:15.786657,1,1,1,25,86
2025-12-12 03:33:18.595494,1,1,1,25,86
2025-12-12 03:33:23.010134,1,1,1,25,86
2025-12-12 03:33:26.868478,1,1,1,25,86
2025-12-12 03:33:29.779759,1,1,1,25,86
2025-12-12 03:33:32.582602,1,1,1,25,86
2025-12-12 03:33:35.442420,1,1,1,25,86
2025-12-12 03:33:39.303866,1,1,1,25,86
2025-12-12 03:33:42.613855,1,1,1,25,86
2025-12-12 03:33:45.428053,1,1,1,25,86
2025-12-12 03:33:48.332811,1,1,1,25,86
2025-12-12 03:33:51.198319,1,1,1,25,86
2025-12-12 03:33:54.050945,1,1,1,25,86
2025-12-12 03:33:57.859613,1,1,1,25,86
2025-12-12 03:34:01.171516,1,1,1,25,86
2025-12-12 03:34:03.982346,1,1,1,25,87
2025-12-12 03:34:06.893080,1,1,1,25,88
2025-12-12 03:34:09.799077,1,1,1,25,88
2025-12-12 03:34:12.608642,1,1,1,25,88
2025-12-12 03:34:16.425013,1,1,1,25,88
2025-12-12 03:34:20.279812,1,1,1,25,88
2025-12-12 03:34:24.297331,1,1,1,25,88
2025-12-12 03:34:27.799889,1,2,2,25,88
2025-12-12 03:34:30.610451,1,1,1,25,88
2025-12-12 03:34:34.418141,1,1,1,19,88
2025-12-12 03:34:38.276175,1,1,1,17,87
2025-12-12 03:34:42.037534,1,1,1,15,81
2025-12-12 03:34:45.902554,1,1,2,14,81
2025-12-12 03:34:48.818142,1,1,1,13,81
2025-12-12 03:34:51.616913,1,1,1,13,81
2025-12-12 03:34:55.475445,1,1,1,12,81
2025-12-12 03:34:58.394743,1,1,1,12,81
2025-12-12 03:35:01.193689,1,1,1,12,80
2025-12-12 03:35:04.004615,1,1,2,12,77
2025-12-12 03:35:06.914572,1,1,1,12,76
2025-12-12 03:35:09.824405,1,2,1,12,79
2025-12-12 03:35:12.633096,1,1,1,12,82
2025-12-12 03:35:16.449557,1,1,1,12,85
2025-12-12 03:35:20.307870,1,1,1,12,86
2025-12-12 03:35:23.813706,1,1,1,12,84
2025-12-12 03:35:26.624221,1,1,1,12,80
2025-12-12 03:35:29.484933,1,1,1,12,77
2025-12-12 03:35:33.341653,1,1,1,12,74
2025-12-12 03:35:36.651871,1,1,2,12,75
2025-12-12 03:35:40.461036,1,1,1,12,75
2025-12-12 03:35:43.370670,1,1,1,12,74
2025-12-12 03:35:46.182650,1,2,1,12,71
2025-12-12 03:35:50.039176,1,1,1,12,68
2025-12-12 03:35:52.950141,1,1,1,12,65
2025-12-12 03:35:56.315376,1,1,1,12,64
2025-12-12 03:36:00.069444,1,1,1,12,64
2025-12-12 03:36:02.978764,1,1,1,12,64
2025-12-12 03:36:06.387976,1,1,1,14,65
2025-12-12 03:36:09.249418,1,1,1,15,68
2025-12-12 03:36:12.057767,1,1,1,17,71
2025-12-12 03:36:15.919420,1,1,1,18,74
2025-12-12 03:36:19.229571,1,1,1,20,77
2025-12-12 03:36:22.037275,1,1,1,21,80
2025-12-12 03:36:24.946894,1,1,1,21,83
2025-12-12 03:36:27.857090,1,1,1,22,86
2025-12-12 03:36:31.178367,1,2,1,22,89
2025-12-12 03:36:33.979920,1,1,1,21,92
2025-12-12 03:36:36.884919,1,1,1,18,92
2025-12-12 03:36:40.243495,1,1,1,16,88
2025-12-12 03:36:43.123185,1,1,1,15,82
2025-12-12 03:36:45.973353,1,1,1,14,76
2025-12-12 03:36:48.874576,1,1,1,14,71
2025-12-12 03:36:51.688044,1,1,1,14,68
2025-12-12 03:36:55.541363,1,1,1,17,71
2025-12-12 03:36:58.452334,1,1,1,18,74
2025-12-12 03:37:02.315254,1,1,1,19,77
2025-12-12 03:37:06.076430,1,1,1,20,83
2025-12-12 03:37:09.930145,1,1,1,21,86
2025-12-12 03:37:13.243042,1,1,1,22,89
2025-12-12 03:37:17.051155,1,1,1,23,92
2025-12-12 03:37:20.013732,1,1,1,23,92
2025-12-12 03:37:24.422404,1,1,1,23,92
2025-12-12 03:37:27.290018,1,1,1,24,92
2025-12-12 03:37:30.089485,1,1,1,24,92
2025-12-12 03:37:33.952342,1,1,1,24,92
2025-12-12 03:37:37.263844,1,1,1,25,92
2025-12-12 03:37:40.725507,1,1,1,25,92
2025-12-12 03:37:44.079747,1,1,1,25,92
2025-12-12 03:37:46.990370,1,1,1,25,92
2025-12-12 03:37:50.351881,1,1,1,25,92
2025-12-12 03:37:54.114044,1,1,1,25,92
2025-12-12 03:37:57.969060,1,1,1,25,92
2025-12-12 03:38:00.929980,1,1,1,23,92
2025-12-12 03:38:04.238560,1,1,2,22,92
2025-12-12 03:38:09.051515,1,1,1,22,92
2025-12-12 03:38:12.463754,1,1,1,22,92
2025-12-12 03:38:15.318668,1,1,1,22,92
2025-12-12 03:38:18.128908,1,1,1,23,92
2025-12-12 03:38:21.037952,1,1,1,23,90
2025-12-12 03:38:24.484516,1,2,1,23,88
2025-12-12 03:38:27.312214,1,1,1,23,88
2025-12-12 03:38:30.115975,1,1,1,24,88
2025-12-12 03:38:33.976738,1,1,1,22,88
2025-12-12 03:38:37.286124,1,1,1,22,88
2025-12-12 03:38:40.747101,1,1,1,20,88
2025-12-12 03:38:43.556166,1,2,2,21,88
2025-12-12 03:38:46.468640,1,1,1,20,88
2025-12-12 03:38:49.286777,1,1,1,21,91
2025-12-12 03:38:53.085983,1,1,1,22,91
2025-12-12 03:38:57.443592,1,1,1,22,91
2025-12-12 03:39:00.356378,1,1,1,23,91
2025-12-12 03:39:03.112536,1,1,1,23,91
2025-12-12 03:39:07.023805,1,1,1,24,91
2025-12-12 03:39:09.933324,1,1,2,24,91
2025-12-12 03:39:12.741512,1,1,1,24,91
2025-12-12 03:39:16.550732,1,1,1,25,91
2025-12-12 03:39:20.412269,1,1,1,25,91
2025-12-12 03:39:23.922295,1,1,1,25,91
2025-12-12 03:39:26.729563,1,1,1,25,90
2025-12-12 03:39:29.589867,1,1,1,25,88
2025-12-12 03:39:33.448902,1,1,2,25,89
2025-12-12 03:39:36.759360,1,2,1,25,92
2025-12-12 03:39:40.568324,1,1,1,25,92
2025-12-12 03:39:43.477567,1,1,1,25,92
2025-12-12 03:39:46.288123,1,1,1,25,93
2025-12-12 03:39:50.147302,1,1,1,25,93
2025-12-12 03:39:53.058293,1,1,1,25,93
2025-12-12 03:39:56.417867,1,2,1,24,93
2025-12-12 03:40:00.228081,1,1,2,22,90
2025-12-12 03:40:03.037934,1,1,1,21,86
2025-12-12 03:40:05.946247,1,1,1,19,80
2025-12-12 03:40:08.769686,1,1,1,17,74
2025-12-12 03:40:11.665046,1,1,1,15,71
2025-12-12 03:40:15.478380,1,1,1,14,68
2025-12-12 03:40:18.785574,1,1,1,14,65
2025-12-12 03:40:21.593409,1,1,1,13,64
2025-12-12 03:40:24.517232,1,2,2,13,64
2025-12-12 03:40:27.362193,1,1,1,12,64
2025-12-12 03:40:30.171805,1,1,1,12,64
2025-12-12 03:40:34.035969,1,1,1,12,64
2025-12-12 03:40:37.341848,1,1,1,12,64
2025-12-12 03:40:40.202960,1,1,1,12,64
2025-12-12 03:40:43.063249,1,2,1,12,64
2025-12-12 03:40:45.972525,1,1,2,12,64
2025-12-12 03:40:48.790233,1,1,1,12,64
2025-12-12 03:40:52.589475,1,1,1,12,64
2025-12-12 03:40:56.451106,1,1,1,12,64
2025-12-12 03:40:59.759262,1,1,1,13,64
2025-12-12 03:41:02.669893,1,1,1,15,67
2025-12-12 03:41:06.528605,1,2,15,16,70
2025-12-12 03:41:09.389800,1,2,5,18,73
2025-12-12 03:41:12.196791,1,2,8,19,76
2025-12-12 03:41:16.055903,1,2,21,20,79
2025-12-12 03:41:19.017891,1,2,7,21,82
2025-12-12 03:41:22.326500,1,2,6,21,85
2025-12-12 03:41:26.184226,1,2,3,22,88
2025-12-12 03:41:29.095048,1,2,4,23,88
2025-12-12 03:41:32.455358,1,2,2,23,88
2025-12-12 03:41:36.215604,1,1,1,22,85
2025-12-12 03:41:40.223477,1,1,2,20,84
2025-12-12 03:41:43.537969,1,2,10,18,81
2025-12-12 03:41:46.342793,1,1,1,17,78
2025-12-12 03:41:51.168074,1,1,9,16,78
2025-12-12 03:41:54.565148,1,2,3,16,78
2025-12-12 03:41:57.426420,1,2,17,15,78
2025-12-12 03:42:00.839466,1,2,8,15,78
2025-12-12 03:42:03.690923,1,2,2,15,78
2025-12-12 03:42:06.554354,1,2,6,14,78
2025-12-12 03:42:09.411507,1,2,12,14,78
2025-12-12 03:42:12.269784,1,2,1,14,78
2025-12-12 03:42:16.080876,1,2,4,14,78
2025-12-12 03:42:19.442553,1,2,5,14,78
2025-12-12 03:42:22.200573,1,1,8,14,78
2025-12-12 03:42:25.140549,1,2,32,14,78
2025-12-12 03:42:28.017281,1,2,22,14,78
2025-12-12 03:42:30.828653,1,2,2,14,78
2025-12-12 03:42:35.136558,1,2,1,14,78
2025-12-12 03:42:38.497711,1,2,1,14,78
2025-12-12 03:42:42.009386,1,2,10,14,78
2025-12-12 03:42:44.817971,1,1,1,13,78
2025-12-12 03:42:47.729076,1,2,5,13,78
2025-12-12 03:42:51.537212,1,1,1,12,75
2025-12-12 03:42:54.848193,1,2,4,12,72
2025-12-12 03:42:59.155391,1,1,8,12,71
2025-12-12 03:43:03.516044,1,1,1,12,71
2025-12-12 03:43:06.826891,1,1,1,11,71
2025-12-12 03:43:11.135179,1,2,3,13,71
2025-12-12 03:43:14.498860,1,2,6,15,71
2025-12-12 03:43:18.268258,1,1,10,15,71
2025-12-12 03:43:22.122341,1,1,1,14,71
2025-12-12 03:43:25.026882,1,2,1,12,71
2025-12-12 03:43:27.836473,1,1,9,12,71
2025-12-12 03:43:31.743664,1,1,1,11,71
2025-12-12 03:43:34.603018,1,2,2,11,71
2025-12-12 03:43:37.409443,1,2,4,11,71
2025-12-12 03:43:41.223978,1,1,1,11,71
2025-12-12 03:43:46.232370,1,2,1,11,71
2025-12-12 03:43:49.143173,1,2,11,11,71
2025-12-12 03:43:52.053862,1,1,10,11,71
2025-12-12 03:43:54.870929,1,1,1,11,73
2025-12-12 03:43:58.671118,1,2,8,13,76
2025-12-12 03:44:02.539940,1,1,11,13,77
2025-12-12 03:44:05.891268,1,1,1,13,74
2025-12-12 03:44:08.750972,1,2,8,16,74
2025-12-12 03:44:12.636408,1,1,1,17,74
2025-12-12 03:44:15.469720,1,1,1,19,75
2025-12-12 03:44:19.278262,1,2,4,20,77
2025-12-12 03:44:22.202245,1,1,1,21,77
2025-12-12 03:44:26.054482,1,1,1,20,77
2025-12-12 03:44:28.859562,1,2,7,18,77
2025-12-12 03:44:31.767675,1,1,1,16,77
2025-12-12 03:44:34.629189,1,2,11,14,77
2025-12-12 03:44:37.437034,1,2,12,13,77
2025-12-12 03:44:41.749582,1,1,1,12,77
2025-12-12 03:44:45.158635,1,1,1,12,77
2025-12-12 03:44:48.068180,1,1,2,12,76
2025-12-12 03:44:50.876111,1,1,9,11,76
2025-12-12 03:44:53.738121,1,1,1,11,76
2025-12-12 03:44:57.601238,1,2,7,13,76
2025-12-12 03:45:00.908538,1,2,3,14,76
2025-12-12 03:45:03.767964,1,1,1,14,76
2025-12-12 03:45:06.630309,1,2,16,13,76
2025-12-12 03:45:09.488735,1,1,1,13,76
2025-12-12 03:45:12.306734,1,2,1,12,76
2025-12-12 03:45:16.161900,1,1,11,12,77
2025-12-12 03:45:19.476489,1,1,1,12,80
2025-12-12 03:45:22.275398,1,2,1,12,81
2025-12-12 03:45:25.188679,1,1,14,12,81
2025-12-12 03:45:28.096759,1,1,1,12,81
2025-12-12 03:45:30.909221,1,2,1,12,83
2025-12-12 03:45:35.215541,1,1,13,13,83
2025-12-12 03:45:38.573917,1,1,1,16,83
2025-12-12 03:45:42.536015,1,1,1,16,83
2025-12-12 03:45:45.343721,1,2,17,18,83
2025-12-12 03:45:49.204322,1,1,12,20,83
2025-12-12 03:45:52.112599,1,1,1,21,83
2025-12-12 03:45:54.924583,1,2,11,21,83
2025-12-12 03:45:58.742478,1,1,1,22,83
2025-12-12 03:46:01.643277,1,1,1,23,83
2025-12-12 03:46:04.451790,1,2,11,23,82
2025-12-12 03:46:08.361829,1,1,1,23,80
2025-12-12 03:46:11.226793,1,2,1,23,80
2025-12-12 03:46:14.583880,1,2,6,22,80
2025-12-12 03:46:18.341315,1,1,9,19,80
2025-12-12 03:46:22.151996,1,2,1,17,77
2025-12-12 03:46:25.461290,1,2,1,15,74
2025-12-12 03:46:29.774769,1,2,17,16,73
2025-12-12 03:46:33.635374,1,1,1,18,74
2025-12-12 03:46:36.945121,1,1,1,20,74
2025-12-12 03:46:41.251509,1,2,1,21,73
2025-12-12 03:46:44.710074,1,1,1,22,68
2025-12-12 03:46:48.163303,1,1,6,22,65
2025-12-12 03:46:50.929473,1,1,1,23,63
2025-12-12 03:46:53.838980,1,2,8,23,63
2025-12-12 03:46:57.664980,1,1,1,23,63
2025-12-12 03:47:01.045019,1,1,1,23,63
2025-12-12 03:47:04.366586,1,2,13,23,63
2025-12-12 03:47:07.676891,1,1,1,22,63
2025-12-12 03:47:10.498827,1,1,1,19,63
2025-12-12 03:47:15.349774,1,2,1,17,66
2025-12-12 03:47:19.261859,1,1,15,14,69
2025-12-12 03:47:22.169485,1,1,8,13,72
2025-12-12 03:47:25.478950,1,2,1,12,75
2025-12-12 03:47:29.289908,1,2,1,12,78
2025-12-12 03:47:33.651211,1,2,9,11,82
2025-12-12 03:47:36.958199,1,2,4,11,81
2025-12-12 03:47:41.281296,1,1,1,15,81
2025-12-12 03:47:44.628125,1,2,1,15,81
2025-12-12 03:47:47.989139,1,2,8,14,81
2025-12-12 03:47:50.849115,1,1,1,13,81
2025-12-12 03:47:54.707230,1,2,9,13,81
2025-12-12 03:47:57.568074,1,2,1,13,81
2025-12-12 03:48:00.377010,1,1,1,13,81
2025-12-12 03:48:04.236851,1,2,6,16,81
2025-12-12 03:48:08.245205,1,2,6,20,81
2025-12-12 03:48:12.160126,1,1,9,21,81
2025-12-12 03:48:15.468106,1,1,1,21,81
2025-12-12 03:48:18.275311,1,2,1,20,81
2025-12-12 03:48:21.185550,1,2,19,18,81
2025-12-12 03:48:23.995378,1,2,26,20,81
2025-12-12 03:48:26.803693,1,2,22,21,81
2025-12-12 03:48:30.722213,1,2,35,22,81
2025-12-12 03:48:33.572492,1,2,11,20,81
2025-12-12 03:48:36.433112,1,1,1,18,75
2025-12-12 03:48:40.242539,1,2,1,16,70
2025-12-12 03:48:43.551654,1,2,1,14,67
2025-12-12 03:48:47.012272,1,1,1,13,64
2025-12-12 03:48:49.822363,1,2,4,15,62
2025-12-12 03:48:52.735092,1,1,1,14,62
2025-12-12 03:48:55.539324,1,2,3,14,62
2025-12-12 03:48:59.861902,1,1,1,14,62
2025-12-12 03:49:03.713649,1,1,1,14,62
2025-12-12 03:49:07.225031,1,1,1,15,64
2025-12-12 03:49:10.531794,1,2,12,17,67
2025-12-12 03:49:15.342705,1,2,1,16,73
2025-12-12 03:49:18.753330,1,1,2,15,76
2025-12-12 03:49:21.615567,1,1,1,15,79
2025-12-12 03:49:24.421798,1,2,5,15,79
2025-12-12 03:49:27.932310,1,1,1,15,79
2025-12-12 03:49:30.751703,1,2,11,14,80
2025-12-12 03:49:33.601040,1,1,1,13,80
2025-12-12 03:49:36.482361,1,2,3,13,74
2025-12-12 03:49:40.271487,1,1,1,14,71
2025-12-12 03:49:43.580791,1,1,1,17,72
2025-12-12 03:49:46.992336,1,2,2,18,75
2025-12-12 03:49:49.849465,1,1,1,19,78
2025-12-12 03:49:52.761966,1,2,9,19,79
2025-12-12 03:49:55.569630,1,1,1,19,79
2025-12-12 03:49:59.389700,1,1,1,20,79
2025-12-12 03:50:03.242980,1,1,2,20,79
2025-12-12 03:50:06.608376,1,1,1,19,79
2025-12-12 03:50:09.413469,1,2,1,17,79
2025-12-12 03:50:13.881590,1,1,4,14,79
2025-12-12 03:50:16.788057,1,1,1,16,79
2025-12-12 03:50:19.592110,1,1,1,15,79
2025-12-12 03:50:23.403721,1,2,1,14,75
2025-12-12 03:50:26.315059,1,1,8,13,75
2025-12-12 03:50:30.241869,1,1,1,12,79
2025-12-12 03:50:33.031402,1,2,1,12,79
2025-12-12 03:50:35.891775,1,2,2,11,79
2025-12-12 03:50:39.751119,1,1,1,11,82
2025-12-12 03:50:43.564717,1,2,9,11,83
2025-12-12 03:50:47.022118,1,2,1,11,83
2025-12-12 03:50:49.886340,1,1,1,11,79
2025-12-12 03:50:52.793718,1,1,1,11,74
2025-12-12 03:50:55.603598,1,1,1,11,71
2025-12-12 03:50:59.919492,1,1,1,11,69
2025-12-12 03:51:02.779009,1,1,1,11,69
2025-12-12 03:51:05.634165,1,2,2,15,69
2025-12-12 03:51:08.494159,1,1,1,15,69
2025-12-12 03:51:11.355908,1,2,6,15,69
2025-12-12 03:51:14.715221,1,1,3,15,69
2025-12-12 03:51:18.474554,1,1,2,17,69
2025-12-12 03:51:22.285402,1,2,1,19,69
2025-12-12 03:51:25.594608,1,2,2,19,69
2025-12-12 03:51:29.915049,1,1,15,17,69
2025-12-12 03:51:33.761654,1,1,1,15,69
2025-12-12 03:51:37.073170,1,1,3,14,69
2025-12-12 03:51:41.382935,1,2,1,13,69
2025-12-12 03:51:44.793022,1,2,2,13,69
2025-12-12 03:51:47.650524,1,2,2,12,69
2025-12-12 03:51:50.461718,1,1,1,12,69
2025-12-12 03:51:53.372365,1,2,2,12,69
2025-12-12 03:51:56.736791,1,1,1,12,69
2025-12-12 03:52:00.490110,1,1,1,12,74
2025-12-12 03:52:03.910694,1,2,2,12,77
2025-12-12 03:52:06.810025,1,2,4,12,78
2025-12-12 03:52:09.671436,1,1,1,12,75
2025-12-12 03:52:12.531083,1,2,3,12,72
2025-12-12 03:52:15.839565,1,1,1,12,75
2025-12-12 03:52:18.701180,1,2,2,12,78
2025-12-12 03:52:21.469336,1,1,2,12,81
2025-12-12 03:52:25.372215,1,1,1,12,80
2025-12-12 03:52:28.283515,1,2,1,13,77
2025-12-12 03:52:31.089618,1,2,5,13,74
2025-12-12 03:52:34.898079,1,2,12,18,73
2025-12-12 03:52:38.759953,1,2,1,18,76
2025-12-12 03:52:43.125165,1,1,3,20,76
2025-12-12 03:52:45.980916,1,1,1,17,76
2025-12-12 03:52:48.837494,1,2,9,15,75
2025-12-12 03:52:51.697452,1,2,3,14,74
2025-12-12 03:52:54.516570,1,2,1,13,74
2025-12-12 03:52:58.371021,1,2,11,12,74
2025-12-12 03:53:01.284838,1,1,2,12,74
2025-12-12 03:53:04.090236,1,1,1,12,74
2025-12-12 03:53:07.955234,1,2,10,14,74
2025-12-12 03:53:10.871656,1,2,2,15,74
2025-12-12 03:53:13.668378,1,1,1,17,74
2025-12-12 03:53:17.975904,1,2,7,17,74
2025-12-12 03:53:20.842809,1,2,5,15,74
2025-12-12 03:53:23.695020,1,1,1,14,75
2025-12-12 03:53:26.555855,1,2,2,14,75
2025-12-12 03:53:29.416415,1,1,3,13,78
2025-12-12 03:53:32.775311,1,1,1,13,81
2025-12-12 03:53:36.534935,1,2,1,12,87
2025-12-12 03:53:39.395319,1,2,1,12,89
2025-12-12 03:53:42.308282,1,1,1,12,89
2025-12-12 03:53:45.123072,1,2,8,12,89
2025-12-12 03:53:47.977365,1,1,1,12,89
2025-12-12 03:53:51.837495,1,1,1,12,87
2025-12-12 03:53:55.146077,1,2,4,12,84
2025-12-12 03:53:58.004522,1,1,1,12,81
2025-12-12 03:54:00.866517,1,1,1,12,78
2025-12-12 03:54:03.727678,1,2,1,12,77
2025-12-12 03:54:06.585256,1,1,2,12,77
2025-12-12 03:54:10.413796,1,2,1,12,77
2025-12-12 03:54:14.437383,1,2,11,12,77
2025-12-12 03:54:18.316131,1,1,3,12,77
2025-12-12 03:54:21.127347,1,1,1,12,77
2025-12-12 03:54:23.987856,1,2,6,12,77
2025-12-12 03:54:27.846092,1,1,1,12,77
2025-12-12 03:54:31.155673,1,1,1,12,77
2025-12-12 03:54:34.515259,1,2,1,12,77
2025-12-12 03:54:37.426457,1,2,10,15,77
2025-12-12 03:54:40.344729,1,1,1,17,77
2025-12-12 03:54:43.144816,1,2,1,17,77
2025-12-12 03:54:47.456397,1,1,3,15,77
2025-12-12 03:54:50.816098,1,1,4,14,77
2025-12-12 03:54:54.776929,1,1,5,13,77
2025-12-12 03:54:57.534437,1,2,1,13,77
2025-12-12 03:55:01.445504,1,2,2,12,77
2025-12-12 03:55:04.356983,1,1,4,12,77
2025-12-12 03:55:07.169065,1,1,1,12,77
2025-12-12 03:55:10.985673,1,2,2,12,77
2025-12-12 03:55:13.889939,1,2,3,12,77
2025-12-12 03:55:16.696517,1,1,1,12,77
2025-12-12 03:55:22.007525,1,1,2,12,77
2025-12-12 03:55:24.918808,1,1,1,12,77
2025-12-12 03:55:27.777928,1,2,11,12,77
2025-12-12 03:55:31.700593,1,1,1,12,77
2025-12-12 03:55:35.147610,1,1,4,12,77
2025-12-12 03:55:38.007182,1,1,1,12,77
2025-12-12 03:55:40.919142,1,2,4,12,77
2025-12-12 03:55:43.728864,1,1,1,12,77
2025-12-12 03:55:48.036056,1,2,12,12,77
2025-12-12 03:55:51.896049,1,1,1,12,77
2025-12-12 03:55:54.756055,1,1,1,12,77
2025-12-12 03:55:57.568150,1,1,3,12,77
2025-12-12 03:56:01.509141,1,1,1,12,77
2025-12-12 03:56:04.386015,1,2,1,12,77
2025-12-12 03:56:07.196075,1,2,4,12,75
2025-12-12 03:56:10.556014,1,1,1,13,75
2025-12-12 03:56:13.467752,1,2,10,12,75
2025-12-12 03:56:16.376574,1,1,1,11,75
2025-12-12 03:56:19.189912,1,2,1,11,75
2025-12-12 03:56:23.494741,1,2,2,11,75
2025-12-12 03:56:26.865858,1,1,5,11,75
2025-12-12 03:56:31.316491,1,1,4,11,75
2025-12-12 03:56:34.580469,1,1,1,11,75
2025-12-12 03:56:37.500473,1,2,1,11,75
2025-12-12 03:56:40.397005,1,1,4,11,75
2025-12-12 03:56:43.205000,1,1,1,11,75
2025-12-12 03:56:47.014751,1,2,8,11,75
2025-12-12 03:56:50.424486,1,2,13,11,75
2025-12-12 03:56:53.790973,1,1,1,11,75
2025-12-12 03:56:56.594662,1,2,1,11,75
2025-12-12 03:56:59.504710,1,1,6,11,75
2025-12-12 03:57:02.865384,1,2,1,11,77
2025-12-12 03:57:06.676633,1,1,3,11,79
2025-12-12 03:57:09.534011,1,1,4,11,79
2025-12-12 03:57:13.398559,1,1,1,11,79
2025-12-12 03:57:16.205690,1,2,1,11,79
2025-12-12 03:57:20.126088,1,2,4,11,79
2025-12-12 03:57:22.975292,1,1,1,15,79
2025-12-12 03:57:25.813457,1,2,6,17,79
2025-12-12 03:57:29.193493,1,2,4,19,79
2025-12-12 03:57:32.102112,1,1,1,20,79
2025-12-12 03:57:34.962850,1,2,7,21,79
2025-12-12 03:57:37.772281,1,2,3,22,79
2025-12-12 03:57:42.083682,1,1,1,22,79
2025-12-12 03:57:45.946082,1,1,1,23,79
2025-12-12 03:57:48.853727,1,1,1,21,79
2025-12-12 03:57:51.614180,1,1,6,18,79
2025-12-12 03:57:55.523149,1,2,1,15,79
2025-12-12 03:57:58.435516,1,2,1,14,79
2025-12-12 03:58:01.243411,1,1,4,14,79
2025-12-12 03:58:05.552040,1,1,1,13,79
2025-12-12 03:58:08.962650,1,1,1,12,79
2025-12-12 03:58:11.822341,1,2,4,12,81
2025-12-12 03:58:14.680859,1,1,1,12,81
2025-12-12 03:58:17.541932,1,2,6,12,81
2025-12-12 03:58:20.901208,1,1,4,12,78
2025-12-12 03:58:24.674756,1,1,1,12,77
2025-12-12 03:58:28.473414,1,2,6,12,77
2025-12-12 03:58:31.781410,1,2,3,16,77
2025-12-12 03:58:35.603839,1,1,5,18,77
2025-12-12 03:58:39.949681,1,1,1,19,78
2025-12-12 03:58:43.272711,1,1,1,20,79
2025-12-12 03:58:47.569422,1,2,4,22,79
2025-12-12 03:58:52.628881,1,2,2,22,79
2025-12-12 03:58:55.543524,1,2,10,20,79
2025-12-12 03:58:58.467564,1,2,13,21,79
2025-12-12 03:59:01.261250,1,2,10,21,79
2025-12-12 03:59:05.069886,1,2,8,22,79
2025-12-12 03:59:08.931128,1,2,2,19,79
2025-12-12 03:59:12.298275,1,2,3,18,79
2025-12-12 03:59:15.148689,1,2,1,18,81
2025-12-12 03:59:19.009170,1,2,6,18,81
2025-12-12 03:59:21.876582,1,2,1,18,81
2025-12-12 03:59:24.676832,1,1,7,18,80
2025-12-12 03:59:28.537623,1,1,1,19,79
2025-12-12 03:59:31.849269,1,2,1,19,79
2025-12-12 03:59:34.656298,1,2,5,18,79
2025-12-12 03:59:37.567489,1,1,1,17,79
2025-12-12 03:59:40.478853,1,2,1,16,79
2025-12-12 03:59:43.285636,1,2,1,16,79
2025-12-12 03:59:47.096904,1,2,1,19,79
2025-12-12 03:59:50.026194,1,2,3,20,79
2025-12-12 03:59:52.815658,1,2,1,19,79
2025-12-12 03:59:56.680732,1,1,1,18,77
2025-12-12 03:59:59.585393,1,2,6,17,74
2025-12-12 04:00:02.944149,1,2,6,16,74
2025-12-12 04:00:06.752612,1,1,3,15,74
2025-12-12 04:00:10.112859,1,2,1,17,75
2025-12-12 04:00:14.036571,1,2,2,18,78
2025-12-12 04:00:16.836133,1,2,3,18,81
2025-12-12 04:00:21.646279,1,2,1,17,81
2025-12-12 04:00:25.054047,1,2,3,16,79
2025-12-12 04:00:28.412369,1,1,1,16,79
2025-12-12 04:00:31.722028,1,2,4,15,79
2025-12-12 04:00:35.031969,1,2,8,16,79
2025-12-12 04:00:37.843798,1,1,1,16,79
2025-12-12 04:00:41.651925,1,1,1,16,79
2025-12-12 04:00:46.016827,1,2,5,16,70
2025-12-12 04:00:49.322274,1,1,1,16,67
2025-12-12 04:00:52.682666,1,2,1,16,64
2025-12-12 04:00:55.596691,1,2,5,16,62
2025-12-12 04:00:58.501523,1,1,1,15,62
2025-12-12 04:01:01.311949,1,2,4,15,62
2025-12-12 04:01:05.130064,1,1,1,14,62
2025-12-12 04:01:09.030611,1,1,1,13,62
2025-12-12 04:01:11.941817,1,2,7,12,62
2025-12-12 04:01:14.698535,1,1,3,12,62
2025-12-12 04:01:17.627601,1,2,1,12,62
2025-12-12 04:01:20.970415,1,1,3,11,64
2025-12-12 04:01:24.729546,1,1,5,11,70
2025-12-12 04:01:28.593412,1,1,1,11,72
2025-12-12 04:01:31.897981,1,2,1,11,69
2025-12-12 04:01:34.760144,1,2,2,11,70
2025-12-12 04:01:37.617038,1,1,1,12,73
2025-12-12 04:01:40.526165,1,2,1,14,76
2025-12-12 04:01:43.335814,1,2,5,14,79
2025-12-12 04:01:47.151788,1,2,1,14,82
2025-12-12 04:01:51.003308,1,2,1,13,85
2025-12-12 04:01:54.512529,1,2,3,13,86
2025-12-12 04:01:58.817689,1,1,1,12,85
2025-12-12 04:02:00.183385,1,2,2,12,83
2025-12-12 04:02:04.042227,1,1,1,12,83
2025-12-12 04:02:07.351220,1,1,1,12,83
2025-12-12 04:02:11.163241,1,2,4,12,83
2025-12-12 04:02:14.068820,1,2,10,13,83
2025-12-12 04:02:16.890215,1,2,11,16,83
2025-12-12 04:02:20.739176,1,2,11,14,83
2025-12-12 04:02:23.648889,1,1,1,13,85
2025-12-12 04:02:27.006922,1,2,5,13,85
2025-12-12 04:02:30.766538,1,2,2,12,85
2025-12-12 04:02:33.676190,1,1,11,12,85
2025-12-12 04:02:37.085458,1,1,1,14,86
2025-12-12 04:02:39.945515,1,1,3,15,86
2025-12-12 04:02:42.755557,1,2,1,17,86
2025-12-12 04:02:46.615741,1,1,3,18,86
2025-12-12 04:02:49.923435,1,1,1,19,86
2025-12-12 04:02:53.785122,1,2,2,19,86
2025-12-12 04:02:57.092789,1,2,6,19,86
2025-12-12 04:02:59.952684,1,1,1,19,86
2025-12-12 04:03:02.760527,1,2,2,17,86
2025-12-12 04:03:05.676381,1,1,1,16,86
2025-12-12 04:03:09.034329,1,1,6,16,85
2025-12-12 04:03:12.992655,1,1,1,16,83
2025-12-12 04:03:15.754052,1,1,1,14,83
2025-12-12 04:03:19.667083,1,2,1,15,83
2025-12-12 04:03:22.573690,1,1,1,17,83
2025-12-12 04:03:25.382609,1,1,1,17,83
2025-12-12 04:03:29.194856,1,1,10,20,79
2025-12-12 04:03:32.151685,1,1,1,17,76
2025-12-12 04:03:36.561535,1,1,1,19,72
2025-12-12 04:03:39.370398,1,2,1,20,72
2025-12-12 04:03:42.279557,1,2,3,20,72
2025-12-12 04:03:46.091017,1,1,1,21,72
2025-12-12 04:03:49.437689,1,2,9,20,72
2025-12-12 04:03:52.759802,1,1,4,19,72
2025-12-12 04:03:55.669409,1,1,1,18,72
2025-12-12 04:03:58.586900,1,2,1,18,72
2025-12-12 04:04:01.391549,1,1,1,18,72
2025-12-12 04:04:05.199219,1,2,1,17,72
2025-12-12 04:04:09.059473,1,2,9,15,72
2025-12-12 04:04:13.020681,1,1,4,14,72
2025-12-12 04:04:15.790550,1,2,1,13,72
2025-12-12 04:04:19.693029,1,2,1,15,70
2025-12-12 04:04:22.600435,1,1,1,17,70
2025-12-12 04:04:25.409037,1,1,1,17,70
2025-12-12 04:04:29.219755,1,1,5,20,70
2025-12-12 04:04:32.130912,1,1,1,17,70
2025-12-12 04:04:34.939176,1,1,1,15,70
2025-12-12 04:04:38.798503,1,2,5,14,70
2025-12-12 04:04:41.708484,1,1,1,13,70
2025-12-12 04:04:45.074499,1,2,1,12,70
2025-12-12 04:04:48.879022,1,1,2,12,71
2025-12-12 04:04:51.697382,1,1,4,11,71
2025-12-12 04:04:54.600114,1,1,1,12,74
2025-12-12 04:04:58.822244,1,2,1,13,75
2025-12-12 04:05:00.268801,1,1,1,16,75
2025-12-12 04:05:04.136854,1,2,8,18,75
2025-12-12 04:05:07.439081,1,2,4,19,75
2025-12-12 04:05:10.348116,1,1,1,21,75
2025-12-12 04:05:13.155424,1,2,1,21,75
2025-12-12 04:05:16.015842,1,1,1,22,75
2025-12-12 04:05:18.875611,1,2,5,19,75
2025-12-12 04:05:22.686678,1,1,6,17,74
2025-12-12 04:05:25.996465,1,1,1,14,73
2025-12-12 04:05:28.823402,1,2,1,13,73
2025-12-12 04:05:31.736752,1,2,3,12,73
2025-12-12 04:05:34.625092,1,1,1,12,73
2025-12-12 04:05:37.439908,1,1,1,12,73
2025-12-12 04:05:41.243140,1,1,5,12,73
2025-12-12 04:05:45.116154,1,1,1,13,73
2025-12-12 04:05:49.064057,1,1,1,15,73
2025-12-12 04:05:51.830250,1,2,1,16,73
2025-12-12 04:05:55.735225,1,1,2,17,73
2025-12-12 04:05:58.645785,1,2,1,17,73
2025-12-12 04:06:01.455109,1,1,2,17,73
2025-12-12 04:06:05.266028,1,1,1,20,74
2025-12-12 04:06:08.174054,1,2,4,21,77
2025-12-12 04:06:10.982269,1,1,2,22,80
2025-12-12 04:06:16.293211,1,1,2,21,77
2025-12-12 04:06:19.205174,1,1,1,18,77
2025-12-12 04:06:22.063963,1,2,1,16,77
2025-12-12 04:06:24.924266,1,1,1,17,78
2025-12-12 04:06:27.733710,1,2,5,16,79
2025-12-12 04:06:30.644109,1,1,4,18,79
2025-12-12 04:06:33.453110,1,2,1,19,79
2025-12-12 04:06:36.361264,1,2,4,20,79
2025-12-12 04:06:40.173064,1,1,1,21,79
2025-12-12 04:06:43.487543,1,2,1,18,79
2025-12-12 04:06:46.347564,1,2,4,16,79
2025-12-12 04:06:49.199620,1,1,1,14,79
2025-12-12 04:06:52.060392,1,2,2,13,79
2025-12-12 04:06:54.922541,1,1,1,13,77
2025-12-12 04:06:58.729313,1,2,5,13,74
2025-12-12 04:07:02.054785,1,2,4,16,73
2025-12-12 04:07:04.847246,1,1,1,16,73
2025-12-12 04:07:07.757692,1,2,8,14,75
2025-12-12 04:07:10.669757,1,1,1,13,77
2025-12-12 04:07:13.482097,1,2,1,13,75
2025-12-12 04:07:17.287326,1,1,5,12,73
2025-12-12 04:07:21.151253,1,1,1,12,73
2025-12-12 04:07:25.155438,1,1,1,15,73
2025-12-12 04:07:28.465882,1,2,9,17,73
2025-12-12 04:07:32.374866,1,2,5,19,73
2025-12-12 04:07:35.235201,1,1,1,20,73
2025-12-12 04:07:38.044744,1,2,8,21,73
2025-12-12 04:07:42.355820,1,1,2,21,76
2025-12-12 04:07:45.215211,1,1,1,22,79
2025-12-12 04:07:48.073781,1,2,3,22,79
2025-12-12 04:07:50.895267,1,1,1,22,79
2025-12-12 04:07:53.796040,1,2,3,22,79
2025-12-12 04:07:57.155256,1,1,1,22,79
2025-12-12 04:08:00.914163,1,1,1,22,76
2025-12-12 04:08:04.728149,1,2,1,22,76
2025-12-12 04:08:08.036420,1,2,8,18,76
2025-12-12 04:08:12.392049,1,1,1,16,76
2025-12-12 04:08:16.203029,1,1,1,14,76
2025-12-12 04:08:19.513620,1,2,1,14,73
2025-12-12 04:08:23.824300,1,2,4,16,70
2025-12-12 04:08:27.684413,1,2,4,18,70
2025-12-12 04:08:30.493124,1,1,1,19,70
2025-12-12 04:08:33.405608,1,2,4,16,70
2025-12-12 04:08:37.262445,1,1,1,15,70
2025-12-12 04:08:40.123860,1,1,1,14,70
2025-12-12 04:08:42.939540,1,2,1,13,70
2025-12-12 04:08:45.792797,1,1,1,12,70
2025-12-12 04:08:48.703423,1,1,1,12,70
2025-12-12 04:08:51.513393,1,1,1,11,70
2025-12-12 04:08:54.372835,1,2,5,11,70
2025-12-12 04:08:58.232050,1,2,5,11,70
2025-12-12 04:09:01.552908,1,1,1,13,70
2025-12-12 04:09:04.352832,1,1,1,12,70
2025-12-12 04:09:07.710907,1,1,4,13,70
2025-12-12 04:09:10.521044,1,2,2,13,70
2025-12-12 04:09:14.381176,1,2,8,15,70
2025-12-12 04:09:17.288992,1,1,2,17,70
2025-12-12 04:09:20.100388,1,1,1,18,70
2025-12-12 04:09:23.907772,1,2,1,20,70
2025-12-12 04:09:26.829891,1,1,5,20,70
2025-12-12 04:09:30.737045,1,1,4,20,70
2025-12-12 04:09:33.539777,1,1,1,17,70
2025-12-12 04:09:36.449045,1,2,1,19,70
2025-12-12 04:09:40.258478,1,1,1,18,70
2025-12-12 04:09:43.118043,1,1,1,17,69
2025-12-12 04:09:45.978850,1,2,5,16,70
2025-12-12 04:09:49.836769,1,1,1,14,67
2025-12-12 04:09:52.746202,1,1,1,13,65
2025-12-12 04:09:55.563393,1,2,2,13,65
2025-12-12 04:09:59.865301,1,1,1,12,65
2025-12-12 04:10:03.775048,1,1,1,12,65
2025-12-12 04:10:06.747641,1,2,1,12,65
2025-12-12 04:10:09.544004,1,1,3,12,65
2025-12-12 04:10:12.457773,1,1,1,12,65
2025-12-12 04:10:16.266293,1,2,8,12,65
2025-12-12 04:10:19.575407,1,2,2,12,63
2025-12-12 04:10:22.387307,1,1,1,12,62
2025-12-12 04:10:25.293546,1,1,2,12,62
2025-12-12 04:10:28.156056,1,2,2,12,62
2025-12-12 04:10:30.969558,1,2,1,12,62
2025-12-12 04:10:34.824150,1,1,3,12,62
2025-12-12 04:10:38.193046,1,1,1,12,62
2025-12-12 04:10:40.994936,1,2,5,12,62
2025-12-12 04:10:43.855781,1,1,1,11,65
2025-12-12 04:10:46.764381,1,1,1,11,68
2025-12-12 04:10:49.575475,1,2,1,11,69
2025-12-12 04:10:53.883405,1,2,1,11,69
2025-12-12 04:10:57.252103,1,1,1,11,67
2025-12-12 04:11:00.752768,1,1,1,11,69
2025-12-12 04:11:03.563043,1,2,4,11,69
2025-12-12 04:11:06.472924,1,1,1,11,69
2025-12-12 04:11:10.281310,1,2,4,11,69
2025-12-12 04:11:13.593605,1,2,3,14,69
2025-12-12 04:11:17.899400,1,1,1,17,69
2025-12-12 04:11:22.259520,1,1,1,18,69
2025-12-12 04:11:25.572468,1,1,1,20,69
2025-12-12 04:11:29.882285,1,2,1,17,69
2025-12-12 04:11:33.239148,1,1,1,15,69
2025-12-12 04:11:37.000520,1,2,2,14,69
2025-12-12 04:11:40.871728,1,2,5,14,69
2025-12-12 04:11:43.768460,1,1,1,13,69
2025-12-12 04:11:46.577225,1,2,1,13,69
2025-12-12 04:11:50.485798,1,2,2,12,69
2025-12-12 04:11:53.346777,1,2,6,12,69
2025-12-12 04:11:56.158690,1,1,1,12,69
2025-12-12 04:11:59.966885,1,1,1,12,70
2025-12-12 04:12:04.978977,1,2,2,12,75
2025-12-12 04:12:07.889127,1,2,7,12,75
2025-12-12 04:12:10.799066,1,1,2,12,75
2025-12-12 04:12:13.607788,1,2,1,12,75
2025-12-12 04:12:17.417862,1,2,6,12,75
2025-12-12 04:12:21.281046,1,2,1,13,75
2025-12-12 04:12:25.238137,1,2,2,15,76
2025-12-12 04:12:28.046600,1,1,4,16,76
2025-12-12 04:12:31.906896,1,2,2,18,76
2025-12-12 04:12:34.817226,1,2,1,17,76
2025-12-12 04:12:37.627843,1,2,2,17,75
2025-12-12 04:12:41.936256,1,2,6,15,72
2025-12-12 04:12:45.948447,1,1,1,15,68
2025-12-12 04:12:49.814440,1,2,3,14,67
2025-12-12 04:12:52.617023,1,1,2,14,67
2025-12-12 04:12:56.475013,1,1,2,16,67
2025-12-12 04:12:59.383977,1,1,1,15,67
2025-12-12 04:13:02.200473,1,2,3,15,66
2025-12-12 04:13:06.156524,1,2,6,14,63
2025-12-12 04:13:09.623762,1,1,2,14,63
2025-12-12 04:13:12.527750,1,2,4,15,63
2025-12-12 04:13:16.335107,1,1,1,16,65
2025-12-12 04:13:19.646926,1,2,1,17,68
2025-12-12 04:13:23.952841,1,1,4,17,71
2025-12-12 04:13:28.915134,1,2,1,15,73
2025-12-12 04:13:31.825262,1,1,2,18,70
2025-12-12 04:13:34.633343,1,1,6,18,69
2025-12-12 04:13:38.492098,1,2,5,20,67
2025-12-12 04:13:41.405707,1,1,3,20,67
2025-12-12 04:13:44.215178,1,2,4,20,67
2025-12-12 04:13:47.673122,1,1,5,19,67
2025-12-12 04:13:50.534028,1,2,4,19,67
2025-12-12 04:13:53.392391,1,2,6,18,67
2025-12-12 04:13:56.207721,1,2,7,18,67
2025-12-12 04:14:00.563209,1,2,1,17,67
2025-12-12 04:14:04.374503,1,2,3,17,67
2025-12-12 04:14:07.282581,1,2,4,17,67
2025-12-12 04:14:10.093860,1,2,1,17,67
2025-12-12 04:14:13.954148,1,1,4,17,68
2025-12-12 04:14:16.862156,1,2,2,17,71
2025-12-12 04:14:19.680090,1,1,1,17,72
2025-12-12 04:14:23.480717,1,2,1,17,72
2025-12-12 04:14:26.394917,1,2,7,17,72
2025-12-12 04:14:29.202449,1,2,1,17,72
2025-12-12 04:14:34.023210,1,2,6,17,72
2025-12-12 04:14:37.875568,1,1,1,19,72
2025-12-12 04:14:40.684021,1,1,6,19,75
2025-12-12 04:14:45.103776,1,1,1,21,78
2025-12-12 04:14:49.113541,1,2,1,21,79
2025-12-12 04:14:52.922850,1,1,3,19,77
2025-12-12 04:14:56.223237,1,2,2,17,72
2025-12-12 04:15:00.597508,1,2,8,16,66
2025-12-12 04:15:04.393902,1,1,1,16,64
2025-12-12 04:15:07.703570,1,2,1,16,64
2025-12-12 04:15:10.563873,1,2,2,16,64
2025-12-12 04:15:13.423141,1,2,2,16,64
2025-12-12 04:15:17.334536,1,2,1,16,66
2025-12-12 04:15:19.092189,1,1,4,16,69
2025-12-12 04:15:22.961421,1,2,1,16,69
2025-12-12 04:15:26.263514,1,2,5,16,69
2025-12-12 04:15:29.142643,1,2,1,16,70
2025-12-12 04:15:31.983348,1,2,1,16,70
2025-12-12 04:15:34.894580,1,2,1,16,70
2025-12-12 04:15:37.708237,1,1,6,16,70
2025-12-12 04:15:41.513612,1,1,1,16,70
2025-12-12 04:15:44.922984,1,2,3,16,70
2025-12-12 04:15:48.283493,1,2,7,16,70
2025-12-12 04:15:51.102520,1,1,1,16,70
2025-12-12 04:15:54.005979,1,1,1,16,70
2025-12-12 04:15:57.408530,1,1,2,16,70
2025-12-12 04:16:01.150492,1,2,3,16,70
2025-12-12 04:16:04.033259,1,1,3,16,70
2025-12-12 04:16:07.896899,1,2,11,15,70
2025-12-12 04:16:10.708199,1,2,1,15,68
2025-12-12 04:16:14.613482,1,1,1,15,65
2025-12-12 04:16:17.473645,1,1,1,15,62
2025-12-12 04:16:20.289191,1,2,10,15,62
2025-12-12 04:16:23.148025,1,1,1,15,62
2025-12-12 04:16:26.001210,1,1,2,15,62
2025-12-12 04:16:28.915417,1,1,2,15,62
2025-12-12 04:16:31.721860,1,2,1,15,62
2025-12-12 04:16:36.030841,1,2,3,15,62
2025-12-12 04:16:39.390011,1,1,1,15,62
2025-12-12 04:16:42.700866,1,1,1,15,62
2025-12-12 04:16:45.609405,1,2,1,15,62
2025-12-12 04:16:49.475522,1,2,4,15,62
2025-12-12 04:16:52.351931,1,1,1,15,62
2025-12-12 04:16:55.189413,1,2,7,16,62
2025-12-12 04:16:59.000068,1,1,2,15,62
2025-12-12 04:17:02.538171,1,1,1,13,62
2025-12-12 04:17:06.920011,1,2,1,13,62
2025-12-12 04:17:09.729034,1,2,1,12,62
2025-12-12 04:17:12.638525,1,2,6,12,62
2025-12-12 04:17:16.451620,1,1,1,12,62
2025-12-12 04:17:20.836927,1,1,1,12,62
2025-12-12 04:17:22.567138,1,2,9,12,62
2025-12-12 04:17:25.476516,1,2,3,12,62
2025-12-12 04:17:28.336454,1,2,7,12,64
2025-12-12 04:17:31.148123,1,1,7,12,67
2025-12-12 04:17:35.006647,1,2,6,12,67
2025-12-12 04:17:38.315059,1,2,2,12,67
2025-12-12 04:17:42.228976,1,1,1,12,67
2025-12-12 04:17:45.037040,1,2,1,12,67
2025-12-12 04:17:48.948454,1,2,1,12,69
2025-12-12 04:17:51.763718,1,1,2,13,69
2025-12-12 04:17:54.665230,1,2,1,13,69
2025-12-12 04:17:58.474522,1,2,6,13,69
2025-12-12 04:18:01.887309,1,2,1,13,69
2025-12-12 04:18:05.196547,1,2,1,13,69
2025-12-12 04:18:08.056478,1,1,9,13,69
2025-12-12 04:18:10.968192,1,2,3,14,69
2025-12-12 04:18:13.777567,1,1,3,14,67
2025-12-12 04:18:17.591533,1,2,1,15,67
2025-12-12 04:18:20.497598,1,2,5,15,67
2025-12-12 04:18:23.305800,1,1,1,15,66
2025-12-12 04:18:28.668127,1,2,2,15,65
2025-12-12 04:18:31.529606,1,2,1,15,65
2025-12-12 04:18:34.389360,1,2,5,15,65
2025-12-12 04:18:38.197664,1,1,1,15,65
2025-12-12 04:18:41.059830,1,2,1,15,65
2025-12-12 04:18:43.972129,1,1,1,15,65
2025-12-12 04:18:46.780571,1,2,1,15,65
2025-12-12 04:18:52.090735,1,1,2,15,65
2025-12-12 04:18:55.002274,1,2,8,15,63
2025-12-12 04:18:58.361682,1,1,2,15,63
2025-12-12 04:19:01.173221,1,2,1,15,63
2025-12-12 04:19:05.033177,1,2,4,15,63
2025-12-12 04:19:08.341990,1,1,3,15,63
2025-12-12 04:19:12.152335,1,1,1,14,63
2025-12-12 04:19:16.013705,1,1,1,13,63
2025-12-12 04:19:19.372981,1,2,1,13,63
2025-12-12 04:19:22.186094,1,2,1,12,63
2025-12-12 04:19:26.097420,1,1,1,12,63
2025-12-12 04:19:29.003875,1,2,6,12,63
2025-12-12 04:19:31.810230,1,2,1,12,63
2025-12-12 04:19:35.619881,1,2,1,12,63
2025-12-12 04:19:38.534305,1,2,9,12,63
2025-12-12 04:19:41.339360,1,2,3,12,63
2025-12-12 04:19:46.151924,1,2,1,12,63
2025-12-12 04:19:50.020865,1,2,3,13,63
2025-12-12 04:19:52.826673,1,2,5,13,63
2025-12-12 04:19:56.681438,1,1,1,14,63
2025-12-12 04:19:59.541281,1,2,5,14,63
2025-12-12 04:20:02.347805,1,2,3,14,64
2025-12-12 04:20:06.658256,1,1,1,14,65
2025-12-12 04:20:10.517456,1,2,2,14,65
2025-12-12 04:20:14.378021,1,2,3,14,65
2025-12-12 04:20:18.189238,1,2,1,13,65
2025-12-12 04:20:21.102557,1,2,3,13,65
2025-12-12 04:20:25.013114,1,1,3,12,65
2025-12-12 04:20:27.820699,1,1,1,12,68
2025-12-12 04:20:30.680364,1,2,5,12,71
2025-12-12 04:20:34.539777,1,1,1,12,74
2025-12-12 04:20:38.553557,1,1,1,12,77
2025-12-12 04:20:41.361596,1,1,1,12,79
2025-12-12 04:20:46.672806,1,1,2,12,79
2025-12-12 04:20:49.581608,1,1,1,12,79
2025-12-12 04:20:52.442170,1,1,1,12,79
2025-12-12 04:20:55.301021,1,2,3,12,79
2025-12-12 04:20:58.760326,1,1,1,12,79
2025-12-12 04:21:02.720699,1,1,1,13,79
2025-12-12 04:21:05.582600,1,1,1,13,79
2025-12-12 04:21:08.391986,1,1,1,13,79
2025-12-12 04:21:12.205458,1,2,1,13,79
2025-12-12 04:21:16.066858,1,2,8,13,78
2025-12-12 04:21:21.022957,1,1,3,12,75
2025-12-12 04:21:23.833421,1,1,5,11,74
2025-12-12 04:21:26.742877,1,2,3,11,71
2025-12-12 04:21:29.603432,1,2,1,11,71
2025-12-12 04:21:32.415423,1,1,1,11,71
2025-12-12 04:21:36.223237,1,2,1,11,71
2025-12-12 04:21:39.133048,1,2,1,11,70
2025-12-12 04:21:43.045430,1,1,1,12,70
2025-12-12 04:21:45.852899,1,1,3,14,70
2025-12-12 04:21:48.713564,1,1,1,13,70
2025-12-12 04:21:52.573529,1,1,1,13,70
2025-12-12 04:21:55.881094,1,2,6,12,70
2025-12-12 04:21:58.740781,1,2,2,12,70
2025-12-12 04:22:01.600885,1,2,4,12,70
2025-12-12 04:22:04.461602,1,2,4,12,71
2025-12-12 04:22:07.322371,1,2,1,12,74
2025-12-12 04:22:11.136410,1,2,1,12,77
2025-12-12 04:22:14.441860,1,2,1,13,78
2025-12-12 04:22:17.299793,1,2,6,13,78
2025-12-12 04:22:20.173435,1,2,6,14,72
2025-12-12 04:22:23.071548,1,2,3,14,69
2025-12-12 04:22:25.878752,1,2,5,14,66
2025-12-12 04:22:30.187336,1,1,2,15,65
2025-12-12 04:22:33.556906,1,1,4,15,68
2025-12-12 04:22:37.058764,1,1,5,15,70
2025-12-12 04:22:39.868949,1,1,1,15,70
2025-12-12 04:22:42.778911,1,1,1,15,70
2025-12-12 04:22:46.587922,1,2,4,15,70
2025-12-12 04:22:49.898515,1,2,1,15,72
2025-12-12 04:22:53.708568,1,2,1,15,75
2025-12-12 04:22:56.616093,1,2,4,15,75
2025-12-12 04:22:59.427108,1,2,5,15,75
2025-12-12 04:23:03.289238,1,1,8,15,75
2025-12-12 04:23:06.201657,1,2,1,15,75
2025-12-12 04:23:09.556699,1,2,2,15,76
2025-12-12 04:23:13.316596,1,1,3,15,76
2025-12-12 04:23:17.728238,1,2,5,15,77
2025-12-12 04:23:20.636694,1,1,1,15,79
2025-12-12 04:23:23.447379,1,2,4,15,78
2025-12-12 04:23:27.309218,1,2,3,16,75
2025-12-12 04:23:30.218547,1,1,1,15,73
2025-12-12 04:23:33.127638,1,2,1,15,73
2025-12-12 04:23:36.484745,1,2,3,14,73
2025-12-12 04:23:39.345940,1,1,1,14,73
2025-12-12 04:23:42.205222,1,2,5,14,73
2025-12-12 04:23:45.564063,1,1,3,13,73
2025-12-12 04:23:50.845244,1,1,1,13,73
2025-12-12 04:23:53.184327,1,2,4,12,73
2025-12-12 04:23:56.094450,1,2,5,12,73
2025-12-12 04:23:58.905066,1,2,3,12,73
2025-12-12 04:24:02.813687,1,1,3,12,73
2025-12-12 04:24:05.673869,1,2,4,12,73
2025-12-12 04:24:08.483387,1,2,3,12,73
2025-12-12 04:24:12.293472,1,1,2,12,73
2025-12-12 04:24:15.214125,1,1,4,12,73
2025-12-12 04:24:19.118397,1,1,5,11,73
2025-12-12 04:24:21.923121,1,1,3,13,73
2025-12-12 04:24:24.841787,1,2,2,14,73
2025-12-12 04:24:28.644173,1,2,2,14,73
2025-12-12 04:24:32.155446,1,1,1,15,73
2025-12-12 04:24:35.464658,1,1,1,16,76
2025-12-12 04:24:39.376704,1,2,1,16,79
2025-12-12 04:24:42.237454,1,2,1,16,82
2025-12-12 04:24:45.598791,1,2,1,16,83
2025-12-12 04:24:49.419401,1,2,1,16,83
2025-12-12 04:24:52.217861,1,1,4,16,83
2025-12-12 04:24:55.125485,1,1,6,16,83
2025-12-12 04:24:57.950598,1,2,2,16,83
2025-12-12 04:25:00.846628,1,1,2,16,80
2025-12-12 04:25:04.660709,1,2,3,16,77
2025-12-12 04:25:07.968179,1,2,4,16,74
2025-12-12 04:25:11.823298,1,1,1,16,71
2025-12-12 04:25:15.683980,1,1,1,16,65
2025-12-12 04:25:19.002930,1,1,1,15,65
2025-12-12 04:25:21.854922,1,1,2,15,65
2025-12-12 04:25:25.166499,1,2,3,15,65
2025-12-12 04:25:27.975263,1,1,1,14,65
2025-12-12 04:25:30.836418,1,2,3,14,65
2025-12-12 04:25:34.649450,1,2,3,14,67
2025-12-12 04:25:37.958438,1,2,3,14,67
2025-12-12 04:25:42.269509,1,2,1,14,67
2025-12-12 04:25:45.626215,1,1,8,14,67
2025-12-12 04:25:50.489904,1,2,1,14,67
2025-12-12 04:25:54.300084,1,1,1,14,67
2025-12-12 04:25:58.259911,1,1,2,14,67
2025-12-12 04:26:01.172631,1,1,3,14,67
2025-12-12 04:26:03.977899,1,2,5,14,67
2025-12-12 04:26:06.888120,1,2,1,14,67
2025-12-12 04:26:11.300646,1,2,8,13,65
2025-12-12 04:26:14.710482,1,2,1,13,65
2025-12-12 04:26:17.519496,1,2,6,14,65
2025-12-12 04:26:22.831546,1,2,3,14,65
2025-12-12 04:26:25.741892,1,1,1,15,65
2025-12-12 04:26:28.603629,1,1,1,15,67
2025-12-12 04:26:31.960291,1,2,5,16,70
2025-12-12 04:26:36.272065,1,2,1,16,73
2025-12-12 04:26:39.632807,1,2,1,16,73
2025-12-12 04:26:43.393401,1,2,1,16,73
2025-12-12 04:26:47.251554,1,1,4,16,73
2025-12-12 04:26:50.560909,1,1,3,16,76
2025-12-12 04:26:53.419634,1,1,5,16,76
2025-12-12 04:26:56.282341,1,2,1,16,76
2025-12-12 04:26:59.189828,1,2,1,16,76
2025-12-12 04:27:02.073610,1,2,1,16,76
2025-12-12 04:27:06.308557,1,2,1,16,76
2025-12-12 04:27:09.667817,1,2,4,16,76
2025-12-12 04:27:15.180151,1,2,1,16,76
2025-12-12 04:27:17.989168,1,2,5,16,76
2025-12-12 04:27:20.849333,1,1,1,16,76
2025-12-12 04:27:23.758934,1,1,1,16,76
2025-12-12 04:27:26.565820,1,2,2,16,76
2025-12-12 04:27:30.376362,1,1,3,16,76
2025-12-12 04:27:33.289284,1,2,1,16,76
2025-12-12 04:27:37.198326,1,2,2,16,76
2025-12-12 04:27:40.007147,1,1,1,16,76
2025-12-12 04:27:42.917220,1,1,1,16,76
2025-12-12 04:27:46.727827,1,2,7,16,76
2025-12-12 04:27:50.036184,1,1,2,16,76
2025-12-12 04:27:52.846026,1,2,3,15,76
2025-12-12 04:27:55.756001,1,2,8,15,76
2025-12-12 04:27:59.668514,1,1,5,17,74
2025-12-12 04:28:02.475463,1,1,4,16,71
2025-12-12 04:28:05.335476,1,2,6,16,68
2025-12-12 04:28:08.246101,1,2,5,16,66
2025-12-12 04:28:11.603393,1,1,4,16,65
2025-12-12 04:28:14.464396,1,2,4,17,65
2025-12-12 04:28:17.324973,1,2,1,17,65
2025-12-12 04:28:20.235696,1,2,2,17,65
2025-12-12 04:28:23.045239,1,2,6,17,68
2025-12-12 04:28:26.903045,1,2,1,17,71
2025-12-12 04:28:29.764467,1,2,7,17,73
2025-12-12 04:28:32.573401,1,1,1,17,73
2025-12-12 04:28:36.383534,1,2,4,17,73
2025-12-12 04:28:40.745896,1,2,4,17,71
2025-12-12 04:28:44.053465,1,2,2,17,71
2025-12-12 04:28:48.365958,1,2,1,17,71
2025-12-12 04:28:52.731232,1,2,3,17,74
2025-12-12 04:28:56.040197,1,2,4,17,77
2025-12-12 04:29:00.343008,1,1,1,17,78
2025-12-12 04:29:03.701869,1,2,1,17,77
2025-12-12 04:29:07.460673,1,1,1,16,77
2025-12-12 04:29:11.321802,1,1,5,15,77
2025-12-12 04:29:14.233662,1,2,1,13,77
2025-12-12 04:29:17.043914,1,2,2,13,76
2025-12-12 04:29:20.899332,1,2,5,12,73
2025-12-12 04:29:23.811518,1,2,5,12,70
2025-12-12 04:29:26.619255,1,2,17,12,70
2025-12-12 04:29:30.427627,1,2,7,11,70
2025-12-12 04:29:33.340993,1,2,3,11,70
2025-12-12 04:29:37.248338,1,2,1,11,70
2025-12-12 04:29:40.055684,1,1,11,11,70
2025-12-12 04:29:42.914813,1,2,5,11,70
2025-12-12 04:29:46.773932,1,1,1,11,70
2025-12-12 04:29:50.084801,1,2,2,11,70
2025-12-12 04:29:54.494399,1,2,19,14,70
2025-12-12 04:29:58.953808,1,2,9,15,70
2025-12-12 04:30:01.815274,1,1,1,17,67
2025-12-12 04:30:04.682249,1,2,18,18,64
2025-12-12 04:30:07.484988,1,1,11,19,64
2025-12-12 04:30:11.344259,1,2,1,19,64
2025-12-12 04:30:15.306494,1,2,1,19,64
2025-12-12 04:30:18.665381,1,2,10,19,64
2025-12-12 04:30:21.474854,1,2,2,18,64
2025-12-12 04:30:24.388270,1,2,18,18,64
2025-12-12 04:30:27.743418,1,1,1,19,64
2025-12-12 04:30:31.506347,1,2,5,18,64
2025-12-12 04:30:36.528803,1,2,8,15,64
2025-12-12 04:30:39.826854,1,2,10,14,64
2025-12-12 04:30:42.684272,1,1,1,13,64
2025-12-12 04:30:45.496201,1,2,21,12,64
2025-12-12 04:30:48.408407,1,1,1,12,64
2025-12-12 04:30:51.765984,1,2,14,11,64
2025-12-12 04:30:55.074981,1,1,10,11,64
2025-12-12 04:30:57.943109,1,2,3,11,64
2025-12-12 04:31:01.844286,1,2,13,11,64
2025-12-12 04:31:04.703001,1,1,6,12,64
2025-12-12 04:31:07.512829,1,2,1,14,66
2025-12-12 04:31:11.373686,1,2,3,16,69
2025-12-12 04:31:14.838238,1,1,9,16,69
2025-12-12 04:31:17.640604,1,1,1,14,67
2025-12-12 04:31:23.004784,1,2,2,13,67
2025-12-12 04:31:25.865132,1,2,9,13,67
2025-12-12 04:31:28.725085,1,1,1,12,68
2025-12-12 04:31:31.532346,1,1,9,12,68
2025-12-12 04:31:34.392393,1,1,1,11,70
2025-12-12 04:31:37.305179,1,2,19,11,73
2025-12-12 04:31:40.114917,1,1,1,11,76
2025-12-12 04:31:43.023889,1,2,20,11,77
2025-12-12 04:31:46.835523,1,2,13,11,77
2025-12-12 04:31:50.147290,1,1,1,11,77
2025-12-12 04:31:52.952981,1,2,20,11,77
2025-12-12 04:31:55.864340,1,2,7,11,77
2025-12-12 04:31:58.724932,1,1,2,11,77
2025-12-12 04:32:01.534325,1,2,3,11,77
2025-12-12 04:32:05.394275,1,1,13,11,77
2025-12-12 04:32:08.704429,1,1,7,11,78
2025-12-12 04:32:11.565357,1,2,1,11,81
2025-12-12 04:32:14.423714,1,2,8,11,84
2025-12-12 04:32:17.333668,1,2,1,11,85
2025-12-12 04:32:20.142193,1,2,9,11,85
2025-12-12 04:32:23.950170,1,1,2,11,85
2025-12-12 04:32:27.360716,1,2,1,11,85
2025-12-12 04:32:30.720238,1,2,15,11,79
2025-12-12 04:32:33.582164,1,2,3,11,79
2025-12-12 04:32:36.440532,1,2,6,11,77
2025-12-12 04:32:39.811860,1,1,8,11,77
2025-12-12 04:32:43.559884,1,2,8,11,77
2025-12-12 04:32:46.472641,1,1,2,13,76
2025-12-12 04:32:49.881203,1,2,2,12,73
2025-12-12 04:32:52.740346,1,2,16,12,70
2025-12-12 04:32:55.551364,1,1,10,12,70
2025-12-12 04:32:59.409685,1,2,1,12,73
2025-12-12 04:33:02.733814,1,2,1,12,76
2025-12-12 04:33:06.182776,1,2,18,12,79
2025-12-12 04:33:09.038653,1,1,1,12,80
2025-12-12 04:33:11.902205,1,2,2,13,80
2025-12-12 04:33:14.714502,1,2,14,13,80
2025-12-12 04:33:18.521302,1,2,16,14,80
2025-12-12 04:33:22.876949,1,1,1,14,81
2025-12-12 04:33:27.844834,1,1,10,14,81
2025-12-12 04:33:30.760647,1,2,14,14,81
2025-12-12 04:33:33.558178,1,2,1,14,81
2025-12-12 04:33:36.466873,1,2,14,14,81
2025-12-12 04:33:39.827541,1,1,12,14,81
2025-12-12 04:33:43.593210,1,2,9,14,81
2025-12-12 04:33:46.498019,1,1,9,14,81
2025-12-12 04:33:49.908756,1,2,2,14,81
2025-12-12 04:33:52.768366,1,2,16,14,81
2025-12-12 04:33:55.577415,1,1,11,14,81
2025-12-12 04:33:59.447443,1,2,1,14,81
2025-12-12 04:34:02.759268,1,2,12,14,81
2025-12-12 04:34:06.206335,1,2,9,14,81
2025-12-12 04:34:09.066309,1,1,1,14,81
2025-12-12 04:34:11.934606,1,2,8,14,81
2025-12-12 04:34:14.734526,1,1,2,14,81
2025-12-12 04:34:18.551504,1,2,1,14,81
2025-12-12 04:34:22.915263,1,2,9,13,84
2025-12-12 04:34:27.358851,1,2,11,13,86
2025-12-12 04:34:29.028314,1,2,15,12,86
2025-12-12 04:34:31.940239,1,1,2,12,86
2025-12-12 04:34:34.792804,1,2,1,12,86
2025-12-12 04:34:37.601602,1,2,16,12,86
2025-12-12 04:34:41.466022,1,1,11,14,82
2025-12-12 04:34:46.923179,1,2,12,18,77
2025-12-12 04:34:49.783630,1,2,5,20,80
2025-12-12 04:34:52.643741,1,2,7,21,83
2025-12-12 04:34:56.527096,1,2,4,20,86
2025-12-12 04:34:59.412860,1,2,9,20,89
2025-12-12 04:35:02.220216,1,1,11,20,89
2025-12-12 04:35:06.031516,1,2,3,18,89
2025-12-12 04:35:08.940020,1,1,1,17,89
2025-12-12 04:35:11.757611,1,2,10,17,85
2025-12-12 04:35:15.658384,1,1,2,16,79
2025-12-12 04:35:18.519206,1,2,2,16,74
2025-12-12 04:35:21.879882,1,1,1,16,71
2025-12-12 04:35:25.639021,1,1,11,16,65
2025-12-12 04:35:29.449340,1,2,12,16,65
2025-12-12 04:35:32.758564,1,2,13,16,65
2025-12-12 04:35:37.070751,1,2,1,16,65
2025-12-12 04:35:40.927398,1,2,1,16,65
2025-12-12 04:35:44.239149,1,1,9,15,66
2025-12-12 04:35:48.551472,1,1,1,16,69
2025-12-12 04:35:52.906114,1,2,3,17,75
2025-12-12 04:35:56.218814,1,2,1,17,78
2025-12-12 04:36:00.033145,1,2,1,18,81
2025-12-12 04:36:03.889124,1,2,1,18,84
2025-12-12 04:36:07.696548,1,2,1,18,90
2025-12-12 04:36:11.505028,1,2,9,18,90
2025-12-12 04:36:14.414231,1,2,1,17,90
2025-12-12 04:36:17.223673,1,2,2,17,90
2025-12-12 04:36:21.138529,1,2,9,16,90
2025-12-12 04:36:23.993306,1,2,8,15,90
2025-12-12 04:36:26.801539,1,2,9,15,90
2025-12-12 04:36:30.610611,1,1,8,15,90
2025-12-12 04:36:34.078783,1,2,1,15,90
2025-12-12 04:36:37.981890,1,2,10,15,90
2025-12-12 04:36:40.843860,1,2,5,15,90
2025-12-12 04:36:43.652604,1,2,5,15,90
2025-12-12 04:36:47.511101,1,1,12,15,90
2025-12-12 04:36:50.821651,1,2,2,14,90
2025-12-12 04:36:54.795305,1,2,4,14,90
2025-12-12 04:36:58.596905,1,2,1,14,90
2025-12-12 04:37:02.452851,1,2,2,14,90
2025-12-12 04:37:05.261932,1,2,5,14,90
2025-12-12 04:37:09.122893,1,2,11,14,87
2025-12-12 04:37:12.034441,1,1,1,14,84
2025-12-12 04:37:15.442621,1,1,6,14,85
2025-12-12 04:37:18.253448,1,2,2,14,88
2025-12-12 04:37:21.164376,1,2,4,14,90
2025-12-12 04:37:24.028531,1,2,7,14,90
2025-12-12 04:37:26.832718,1,1,1,14,90
2025-12-12 04:37:31.145872,1,2,1,14,90
2025-12-12 04:37:34.953603,1,2,5,14,90
2025-12-12 04:37:38.267551,1,2,5,14,85
2025-12-12 04:37:42.571238,1,1,6,14,82
2025-12-12 04:37:45.931851,1,2,1,14,79
2025-12-12 04:37:49.696930,1,2,2,13,76
2025-12-12 04:37:53.551642,1,2,2,13,78
2025-12-12 04:37:56.461940,1,1,6,12,81
2025-12-12 04:37:59.277524,1,2,2,12,84
2025-12-12 04:38:03.134174,1,2,6,12,81
2025-12-12 04:38:06.039742,1,2,4,12,78
2025-12-12 04:38:08.850035,1,1,1,12,77
2025-12-12 04:38:12.660832,1,1,2,12,77
2025-12-12 04:38:15.572927,1,2,5,12,77
2025-12-12 04:38:19.483291,1,1,5,12,77
2025-12-12 04:38:22.294663,1,1,7,12,77
2025-12-12 04:38:25.161878,1,1,1,12,77
2025-12-12 04:38:29.028027,1,2,3,12,77
2025-12-12 04:38:32.329555,1,2,9,12,75
2025-12-12 04:38:35.180337,1,1,1,12,72
2025-12-12 04:38:38.044542,1,2,3,12,69
2025-12-12 04:38:40.898844,1,1,2,12,66
2025-12-12 04:38:43.709330,1,2,3,13,66
2025-12-12 04:38:47.571357,1,1,4,13,66
2025-12-12 04:38:50.929797,1,2,4,12,66
2025-12-12 04:38:53.689653,1,1,1,12,66
2025-12-12 04:38:56.597530,1,2,8,12,68
2025-12-12 04:38:59.506670,1,2,1,12,71
2025-12-12 04:39:02.344016,1,2,13,12,74
2025-12-12 04:39:06.627402,1,2,5,12,77
2025-12-12 04:39:09.537565,1,1,3,12,79
2025-12-12 04:39:12.911853,1,2,1,12,78
2025-12-12 04:39:15.706986,1,2,2,12,78
2025-12-12 04:39:18.618929,1,1,2,12,78
2025-12-12 04:39:21.979728,1,2,1,12,78
2025-12-12 04:39:25.736998,1,2,6,12,78
2025-12-12 04:39:28.697888,1,1,10,12,78
2025-12-12 04:39:32.606904,1,2,1,12,78
2025-12-12 04:39:35.517955,1,2,4,12,78
2025-12-12 04:39:38.327574,1,1,3,12,78
2025-12-12 04:39:42.135946,1,1,3,12,78
2025-12-12 04:39:45.995328,1,2,1,12,78
2025-12-12 04:39:49.754450,1,2,6,12,78
2025-12-12 04:39:53.714578,1,2,9,12,78
2025-12-12 04:39:56.624898,1,2,8,12,78
2025-12-12 04:39:59.533516,1,1,3,12,78
2025-12-12 04:40:02.346436,1,2,1,12,78
2025-12-12 04:40:06.152089,1,1,9,12,78
2025-12-12 04:40:10.013430,1,1,8,12,78
2025-12-12 04:40:14.536722,1,1,7,12,78
2025-12-12 04:40:17.333137,1,1,4,12,78
2025-12-12 04:40:21.242167,1,1,1,12,72
2025-12-12 04:40:24.103112,1,2,12,12,69
2025-12-12 04:40:26.910612,1,2,3,13,66
2025-12-12 04:40:30.723622,1,1,6,13,63
2025-12-12 04:40:33.630218,1,2,1,14,65
2025-12-12 04:40:37.546950,1,2,3,14,71
2025-12-12 04:40:40.350600,1,2,1,14,72
2025-12-12 04:40:43.260780,1,2,2,14,71
2025-12-12 04:40:47.068797,1,2,4,14,68
2025-12-12 04:40:50.380027,1,2,2,14,65
2025-12-12 04:40:53.192817,1,1,1,14,63
2025-12-12 04:40:56.098406,1,2,2,14,63
2025-12-12 04:40:58.960060,1,2,4,14,63
2025-12-12 04:41:01.769657,1,2,6,14,63
2025-12-12 04:41:05.631593,1,2,5,14,63
2025-12-12 04:41:09.003765,1,2,5,14,63
2025-12-12 04:41:11.747302,1,2,3,15,65
2025-12-12 04:41:14.665763,1,2,7,15,67
2025-12-12 04:41:17.567730,1,2,49,15,67
2025-12-12 04:41:20.378614,1,2,20,15,67
2025-12-12 04:41:24.686699,1,2,7,15,67
2025-12-12 04:41:28.045109,1,1,4,15,67
2025-12-12 04:41:31.555932,1,1,1,15,65
2025-12-12 04:41:34.365254,1,1,2,15,65
2025-12-12 04:41:37.285873,1,1,1,15,65
2025-12-12 04:41:41.085936,1,2,1,15,65
2025-12-12 04:41:44.395446,1,1,1,15,65
2025-12-12 04:41:48.208378,1,1,5,15,65
2025-12-12 04:41:52.127641,1,1,1,17,65
2025-12-12 04:41:54.986164,1,1,2,19,65
2025-12-12 04:41:57.785753,1,1,4,20,65
2025-12-12 04:42:00.694203,1,1,1,20,65
2025-12-12 04:42:04.056330,1,2,8,21,65
2025-12-12 04:42:08.817215,1,1,4,21,65
2025-12-12 04:42:11.679960,1,1,1,22,68
2025-12-12 04:42:14.587845,1,2,1,20,71
2025-12-12 04:42:17.398538,1,2,3,20,74
2025-12-12 04:42:21.256613,1,1,1,17,77
2025-12-12 04:42:24.168245,1,1,1,19,77
2025-12-12 04:42:27.577627,1,1,1,20,77
2025-12-12 04:42:30.396423,1,2,1,21,77
2025-12-12 04:42:33.251795,1,2,2,22,77
2025-12-12 04:42:36.158333,1,2,5,22,77
2025-12-12 04:42:38.972899,1,2,3,20,77
2025-12-12 04:42:42.778709,1,1,2,18,77
2025-12-12 04:42:45.689102,1,2,1,16,77
2025-12-12 04:42:50.050778,1,2,6,15,77
2025-12-12 04:42:53.809161,1,1,5,15,77
2025-12-12 04:42:56.718558,1,2,5,15,77
2025-12-12 04:42:59.633601,1,1,2,15,78
2025-12-12 04:43:02.446982,1,2,1,15,78
2025-12-12 04:43:05.247079,1,1,1,15,80
2025-12-12 04:43:08.157236,1,1,1,15,80
2025-12-12 04:43:11.016443,1,1,1,14,80
2025-12-12 04:43:13.875437,1,1,1,14,80
2025-12-12 04:43:17.686681,1,1,1,14,80
2025-12-12 04:43:20.994621,1,1,1,14,80
2025-12-12 04:43:23.853494,1,2,7,14,80
2025-12-12 04:43:26.714858,1,2,1,14,80
2025-12-12 04:43:29.627912,1,1,4,14,80
2025-12-12 04:43:32.434746,1,1,3,14,80
2025-12-12 04:43:36.247177,1,1,1,15,81
2025-12-12 04:43:40.106551,1,2,1,15,83
2025-12-12 04:43:43.812897,1,2,1,16,83
2025-12-12 04:43:47.672798,1,2,5,16,83
2025-12-12 04:43:50.986500,1,2,3,16,83
2025-12-12 04:43:55.303298,1,2,1,16,83
2025-12-12 04:43:59.154242,1,1,1,16,83
2025-12-12 04:44:02.465856,1,1,4,16,81
2025-12-12 04:44:05.273019,1,2,3,16,80
2025-12-12 04:44:08.212832,1,2,3,16,79
2025-12-12 04:44:11.052673,1,2,8,16,79
2025-12-12 04:44:13.852384,1,1,2,16,78
2025-12-12 04:44:17.712342,1,1,1,16,78
2025-12-12 04:44:21.027297,1,1,1,16,78
2025-12-12 04:44:23.880246,1,2,2,16,78
2025-12-12 04:44:26.739588,1,1,4,16,77
2025-12-12 04:44:29.650654,1,2,1,16,77
2025-12-12 04:44:32.458398,1,2,4,16,77
2025-12-12 04:44:36.271114,1,1,1,16,77
2025-12-12 04:44:40.129146,1,1,1,16,77
2025-12-12 04:44:43.489765,1,1,1,16,77
2025-12-12 04:44:46.355279,1,1,1,16,77
2025-12-12 04:44:50.208111,1,1,1,16,77
2025-12-12 04:44:53.066115,1,1,1,16,77
2025-12-12 04:44:55.875813,1,1,2,16,77
2025-12-12 04:44:59.741972,1,2,1,17,77
2025-12-12 04:45:03.204775,1,2,3,20,76
2025-12-12 04:45:06.005854,1,1,1,21,73
2025-12-12 04:45:09.865826,1,1,1,22,71
2025-12-12 04:45:12.776248,1,2,1,22,71
2025-12-12 04:45:16.135691,1,1,1,23,69
2025-12-12 04:45:19.895581,1,1,1,23,69
2025-12-12 04:45:22.817321,1,2,2,23,69
2025-12-12 04:45:26.212875,1,1,1,23,69
2025-12-12 04:45:29.073468,1,1,1,21,66
2025-12-12 04:45:31.933455,1,2,5,19,63
2025-12-12 04:45:35.742686,1,1,2,19,62
2025-12-12 04:45:39.056602,1,1,2,20,62
2025-12-12 04:45:42.520244,1,1,1,21,62
2025-12-12 04:45:45.326262,1,2,2,21,62
2025-12-12 04:45:48.233761,1,2,2,22,62
2025-12-12 04:45:51.042823,1,1,1,22,62
2025-12-12 04:45:54.849689,1,2,1,23,64
2025-12-12 04:45:58.714029,1,1,3,23,70
2025-12-12 04:46:02.126763,1,1,2,23,73
2025-12-12 04:46:04.881528,1,1,1,24,76
2025-12-12 04:46:08.792151,1,2,1,24,77
2025-12-12 04:46:11.701785,1,1,2,24,77
2025-12-12 04:46:14.509260,1,1,2,24,77
2025-12-12 04:46:18.322354,1,1,3,25,77
2025-12-12 04:46:21.729809,1,2,7,25,77
2025-12-12 04:46:25.106455,1,1,1,25,77
2025-12-12 04:46:27.949895,1,1,1,25,77
2025-12-12 04:46:30.809964,1,2,1,25,77
2025-12-12 04:46:34.171702,1,1,1,25,77
2025-12-12 04:46:37.936536,1,1,2,25,80
2025-12-12 04:46:40.839604,1,1,1,25,83
2025-12-12 04:46:44.700249,1,1,1,25,86
2025-12-12 04:46:47.510245,1,1,1,25,89
2025-12-12 04:46:51.370143,1,1,1,24,86
2025-12-12 04:46:54.283212,1,1,1,24,84
2025-12-12 04:46:57.111376,1,2,1,24,84
2025-12-12 04:46:59.909359,1,2,1,24,84
2025-12-12 04:47:02.807890,1,2,5,23,84
2025-12-12 04:47:05.718264,1,1,2,23,84
2025-12-12 04:47:08.534092,1,2,1,23,84
2025-12-12 04:47:12.836677,1,1,2,24,84
2025-12-12 04:47:16.196857,1,1,1,24,84
2025-12-12 04:47:20.155543,1,2,1,24,84
2025-12-12 04:47:22.915385,1,2,1,24,80
2025-12-12 04:47:26.828066,1,1,2,24,77
2025-12-12 04:47:29.736547,1,2,1,24,74
2025-12-12 04:47:32.544729,1,1,3,24,73
2025-12-12 04:47:36.860684,1,2,1,24,73
2025-12-12 04:47:40.728900,1,1,1,24,73
2025-12-12 04:47:43.526180,1,2,1,23,73
2025-12-12 04:47:46.437375,1,2,1,21,71
2025-12-12 04:47:50.296528,1,1,1,18,70
2025-12-12 04:47:53.156411,1,1,1,17,70
2025-12-12 04:47:56.016160,1,2,1,18,72
2025-12-12 04:47:58.826681,1,1,1,20,75
2025-12-12 04:48:01.735003,1,2,3,20,76
2025-12-12 04:48:04.545198,1,1,3,21,76
2025-12-12 04:48:07.420469,1,1,1,21,76
2025-12-12 04:48:11.267544,1,1,1,22,76
2025-12-12 04:48:14.575199,1,1,2,22,76
2025-12-12 04:48:17.434965,1,1,1,20,76
2025-12-12 04:48:20.293693,1,2,2,20,76
2025-12-12 04:48:23.152907,1,1,1,21,76
2025-12-12 04:48:25.963253,1,2,1,21,76
2025-12-12 04:48:29.823495,1,1,1,20,76
2025-12-12 04:48:33.133439,1,1,2,22,76
2025-12-12 04:48:35.993086,1,1,1,22,76
2025-12-12 04:48:38.852174,1,1,2,22,76
2025-12-12 04:48:41.763842,1,1,2,23,76
2025-12-12 04:48:44.585887,1,1,1,23,76
2025-12-12 04:48:48.381358,1,1,4,23,76
2025-12-12 04:48:52.239710,1,1,1,23,76
2025-12-12 04:48:56.601107,1,1,1,23,82
2025-12-12 04:48:59.459840,1,1,1,24,82
2025-12-12 04:49:02.319554,1,2,3,24,82
2025-12-12 04:49:05.179548,1,2,2,24,82
2025-12-12 04:49:07.987193,1,1,1,24,82
2025-12-12 04:49:11.847591,1,2,1,24,82
2025-12-12 04:49:15.309367,1,2,2,24,82
2025-12-12 04:49:18.117696,1,1,1,24,80
2025-12-12 04:49:22.937655,1,1,2,24,72
2025-12-12 04:49:26.800285,1,1,2,24,69
2025-12-12 04:49:29.604148,1,1,1,24,68
2025-12-12 04:49:33.509412,1,1,1,24,68
2025-12-12 04:49:36.889013,1,1,1,24,70
2025-12-12 04:49:40.233974,1,1,3,24,73
2025-12-12 04:49:43.996750,1,1,1,24,78
2025-12-12 04:49:47.852398,1,2,1,24,78
2025-12-12 04:49:51.158041,1,2,5,24,78
2025-12-12 04:49:54.969105,1,2,2,24,78
2025-12-12 04:49:57.880528,1,1,1,24,78
2025-12-12 04:50:01.790323,1,2,1,24,76
2025-12-12 04:50:04.601100,1,1,2,24,76
2025-12-12 04:50:07.508955,1,1,1,24,76
2025-12-12 04:50:11.320599,1,2,3,24,76
2025-12-12 04:50:15.832670,1,2,1,24,76
2025-12-12 04:50:19.192158,1,1,1,24,77
2025-12-12 04:50:22.001474,1,1,1,24,77
2025-12-12 04:50:24.910264,1,2,2,24,80
2025-12-12 04:50:28.268851,1,1,1,24,83
2025-12-12 04:50:32.027992,1,1,1,24,83
2025-12-12 04:50:35.893357,1,1,1,24,83
2025-12-12 04:50:38.800462,1,1,2,24,83
2025-12-12 04:50:41.609539,1,1,1,24,83
2025-12-12 04:50:45.467996,1,2,3,24,83
2025-12-12 04:50:48.378122,1,2,2,22,83
2025-12-12 04:50:51.197591,1,1,1,21,83
2025-12-12 04:50:54.997791,1,1,1,20,83
2025-12-12 04:50:57.908966,1,1,1,20,83
2025-12-12 04:51:01.827292,1,1,1,20,83
2025-12-12 04:51:04.630615,1,1,1,21,84
2025-12-12 04:51:07.488029,1,1,1,20,84
2025-12-12 04:51:11.346642,1,1,1,21,84
2025-12-12 04:51:15.357959,1,2,1,20,84
2025-12-12 04:51:18.177498,1,1,2,19,84
2025-12-12 04:51:22.090405,1,1,1,20,84
2025-12-12 04:51:24.938442,1,1,1,20,84
2025-12-12 04:51:28.298185,1,1,1,21,84
2025-12-12 04:51:32.056037,1,1,1,21,84
2025-12-12 04:51:34.967036,1,2,1,22,78
2025-12-12 04:51:38.375748,1,2,2,22,72
2025-12-12 04:51:41.239611,1,1,1,23,69
2025-12-12 04:51:44.094460,1,2,3,23,66
2025-12-12 04:51:47.904993,1,1,1,23,63
2025-12-12 04:51:51.215781,1,1,1,23,63
2025-12-12 04:51:55.874657,1,2,1,24,63
2025-12-12 04:51:59.252484,1,1,1,24,63
2025-12-12 04:52:02.094157,1,1,3,24,63
2025-12-12 04:52:05.905236,1,1,2,24,63
2025-12-12 04:52:09.214344,1,1,1,24,63
2025-12-12 04:52:13.023373,1,1,1,24,63
2025-12-12 04:52:17.935597,1,1,2,24,65
2025-12-12 04:52:20.858946,1,1,1,24,65
2025-12-12 04:52:23.656522,1,2,2,24,65
2025-12-12 04:52:27.513906,1,1,1,24,65
2025-12-12 04:52:30.427864,1,1,1,24,65
2025-12-12 04:52:33.233764,1,2,2,24,65
2025-12-12 04:52:37.206006,1,1,1,24,67
2025-12-12 04:52:40.654413,1,1,1,25,73
2025-12-12 04:52:43.563282,1,1,1,25,76
2025-12-12 04:52:47.382115,1,1,1,25,78
2025-12-12 04:52:50.693656,1,1,1,25,78
2025-12-12 04:52:54.492827,1,2,1,25,81
2025-12-12 04:52:57.903205,1,2,2,25,82
2025-12-12 04:53:01.267723,1,1,1,25,82
2025-12-12 04:53:04.123215,1,1,3,25,82
2025-12-12 04:53:06.983342,1,1,1,24,82
2025-12-12 04:53:10.343532,1,2,1,24,82
2025-12-12 04:53:14.106566,1,2,1,24,82
2025-12-12 04:53:17.510377,1,2,3,24,82
2025-12-12 04:53:20.425444,1,2,1,24,82
2025-12-12 04:53:23.283985,1,1,1,24,78
2025-12-12 04:53:26.140108,1,2,2,24,74
2025-12-12 04:53:29.949081,1,1,1,24,71
2025-12-12 04:53:33.257470,1,1,1,24,73
2025-12-12 04:53:37.119624,1,1,1,24,76
2025-12-12 04:53:39.979858,1,2,1,25,79
2025-12-12 04:53:43.889974,1,1,2,25,85
2025-12-12 04:53:46.699337,1,1,1,25,88
2025-12-12 04:53:49.560519,1,1,1,25,89
2025-12-12 04:53:53.417224,1,1,1,25,89
2025-12-12 04:53:56.727381,1,1,1,25,89
2025-12-12 04:53:59.535705,1,1,1,25,89
2025-12-12 04:54:02.444788,1,2,3,25,89
2025-12-12 04:54:05.304909,1,1,1,25,89
2025-12-12 04:54:08.164137,1,2,2,25,89
2025-12-12 04:54:11.984743,1,1,2,25,89
2025-12-12 04:54:15.283727,1,1,1,25,85
2025-12-12 04:54:18.092818,1,2,1,25,80
2025-12-12 04:54:21.003550,1,1,1,25,77
2025-12-12 04:54:23.913825,1,1,1,25,74
2025-12-12 04:54:26.730940,1,2,1,25,72
2025-12-12 04:54:30.530297,1,2,2,25,72
2025-12-12 04:54:34.390233,1,1,1,21,69
2025-12-12 04:54:37.902447,1,1,1,19,64
2025-12-12 04:54:40.709149,1,2,1,17,64
2025-12-12 04:54:43.625416,1,1,1,15,64
2025-12-12 04:54:47.432220,1,1,1,14,64
2025-12-12 04:54:50.740811,1,1,1,13,64
2025-12-12 04:54:54.551097,1,2,3,13,64
2025-12-12 04:54:57.461163,1,1,1,12,64
2025-12-12 04:55:00.269034,1,1,1,12,64
2025-12-12 04:55:04.128577,1,1,1,12,65
2025-12-12 04:55:07.039554,1,1,1,12,65
2025-12-12 04:55:10.398465,1,1,1,12,65
2025-12-12 04:55:14.158371,1,1,1,12,65
2025-12-12 04:55:17.967893,1,1,3,12,65
2025-12-12 04:55:21.278135,1,1,3,12,65
2025-12-12 04:55:25.097395,1,1,1,12,65
2025-12-12 04:55:28.951191,1,1,1,12,65
2025-12-12 04:55:31.758421,1,1,1,12,65
2025-12-12 04:55:34.669388,1,1,1,12,65
2025-12-12 04:55:39.028470,1,1,1,12,65
2025-12-12 04:55:41.945859,1,2,1,12,65
2025-12-12 04:55:44.748954,1,1,2,12,65
2025-12-12 04:55:49.063658,1,1,1,12,65
2025-12-12 04:55:52.417080,1,1,1,12,64
2025-12-12 04:55:56.182622,1,2,3,12,64
2025-12-12 04:56:01.036710,1,1,1,12,64
2025-12-12 04:56:04.401085,1,1,1,12,64
2025-12-12 04:56:08.156224,1,1,1,12,64
2025-12-12 04:56:12.016123,1,2,1,12,64
2025-12-12 04:56:15.325857,1,1,1,12,64
2025-12-12 04:56:19.135337,1,2,1,12,64
2025-12-12 04:56:22.046074,1,1,2,12,64
2025-12-12 04:56:25.956600,1,1,1,12,64
2025-12-12 04:56:28.764868,1,1,1,12,64
2025-12-12 04:56:31.623159,1,2,2,12,64
2025-12-12 04:56:35.483849,1,1,1,12,66
2025-12-12 04:56:38.793669,1,1,1,12,69
2025-12-12 04:56:42.156728,1,1,2,12,72
2025-12-12 04:56:45.062624,1,1,1,12,72
2025-12-12 04:56:47.975692,1,2,1,12,71
2025-12-12 04:56:50.784183,1,1,2,12,68
2025-12-12 04:56:54.593063,1,1,1,12,66
2025-12-12 04:56:58.453416,1,1,1,12,64
2025-12-12 04:57:02.454866,1,2,1,12,64
2025-12-12 04:57:05.178386,1,1,2,12,64
2025-12-12 04:57:09.084375,1,1,1,12,64
2025-12-12 04:57:11.992782,1,1,1,12,64
2025-12-12 04:57:14.810102,1,2,1,12,64
2025-12-12 04:57:19.110857,1,1,2,12,64
2025-12-12 04:57:23.082660,1,1,1,12,64
2025-12-12 04:57:25.980356,1,1,1,12,64
2025-12-12 04:57:28.789732,1,2,1,12,64
2025-12-12 04:57:31.649630,1,1,1,12,64
2025-12-12 04:57:35.508880,1,1,1,12,64
2025-12-12 04:57:38.818345,1,2,1,12,63
2025-12-12 04:57:42.228172,1,2,2,12,62
2025-12-12 04:57:45.538207,1,1,1,12,62
2025-12-12 04:57:48.350294,1,1,1,12,62
2025-12-12 04:57:52.210205,1,1,1,12,62
2025-12-12 04:57:55.119067,1,1,1,12,62
2025-12-12 04:57:58.475972,1,1,1,12,62
2025-12-12 04:58:02.938247,1,2,1,12,62
2025-12-12 04:58:06.197329,1,2,1,12,62
2025-12-12 04:58:09.109182,1,1,2,12,64
2025-12-12 04:58:12.017194,1,1,1,12,65
2025-12-12 04:58:14.825209,1,2,1,12,65
2025-12-12 04:58:18.634526,1,1,2,12,65
2025-12-12 04:58:21.597807,1,1,1,13,65
2025-12-12 04:58:26.005731,1,1,1,13,65
2025-12-12 04:58:28.814808,1,1,1,14,65
2025-12-12 04:58:31.725316,1,1,1,14,65
2025-12-12 04:58:35.538193,1,1,1,14,65
2025-12-12 04:58:38.843008,1,1,1,14,65
2025-12-12 04:58:43.853956,1,2,1,14,65
2025-12-12 04:58:46.670075,1,2,3,14,65
2025-12-12 04:58:50.575499,1,1,1,14,65
2025-12-12 04:58:53.432479,1,1,1,14,65
2025-12-12 04:58:56.249593,1,2,1,14,65
2025-12-12 04:59:00.103498,1,1,3,13,65
2025-12-12 04:59:03.073898,1,1,2,12,65
2025-12-12 04:59:06.372618,1,1,1,12,65
2025-12-12 04:59:10.230264,1,2,1,12,65
2025-12-12 04:59:13.146384,1,1,2,12,65
2025-12-12 04:59:16.500524,1,1,1,12,65
2025-12-12 04:59:20.259762,1,1,1,12,65
2025-12-12 04:59:24.119656,1,2,1,12,65
2025-12-12 04:59:27.032092,1,1,2,12,67
2025-12-12 04:59:29.848821,1,1,1,12,68
2025-12-12 04:59:33.748385,1,1,1,12,68
2025-12-12 04:59:36.608697,1,2,2,12,68
2025-12-12 04:59:39.415864,1,1,1,12,68
2025-12-12 04:59:43.226894,1,1,1,12,68
2025-12-12 04:59:46.138189,1,2,1,12,67
2025-12-12 04:59:50.045969,1,1,1,12,68
2025-12-12 04:59:52.857352,1,1,1,12,67
2025-12-12 04:59:55.765365,1,1,1,12,65
2025-12-12 04:59:59.583546,1,1,1,12,65
2025-12-12 05:00:02.885898,1,1,1,12,65
2025-12-12 05:00:05.694271,1,2,2,12,65
2025-12-12 05:00:08.605949,1,1,1,12,65
2025-12-12 05:00:11.464005,1,1,1,12,65
2025-12-12 05:00:15.384073,1,1,2,12,65
2025-12-12 05:00:18.185183,1,1,2,12,65
2025-12-12 05:00:21.092932,1,1,1,12,65
2025-12-12 05:00:24.404141,1,1,1,12,65
2025-12-12 05:00:28.260765,1,2,2,12,65
2025-12-12 05:00:31.173802,1,1,1,12,65
2025-12-12 05:00:34.532027,1,2,1,12,65
2025-12-12 05:00:38.291087,1,1,1,12,65
2025-12-12 05:00:42.151027,1,1,1,12,65
2025-12-12 05:00:45.061580,1,1,2,12,65
2025-12-12 05:00:47.870411,1,1,1,12,65
2025-12-12 05:00:51.759331,1,2,2,12,65
2025-12-12 05:00:54.639693,1,1,1,12,65
2025-12-12 05:00:57.449944,1,1,1,12,65
2025-12-12 05:01:01.256209,1,2,1,12,65
2025-12-12 05:01:04.217473,1,1,1,12,65
2025-12-12 05:01:08.628283,1,1,1,12,65
2025-12-12 05:01:11.502651,1,1,1,12,65
2025-12-12 05:01:14.296157,1,1,1,12,65
2025-12-12 05:01:18.165507,1,1,1,12,65
2025-12-12 05:01:21.465809,1,1,1,12,65
2025-12-12 05:01:26.424815,1,2,1,12,65
2025-12-12 05:01:30.292015,1,2,1,12,65
2025-12-12 05:01:33.202332,1,2,1,12,65
2025-12-12 05:01:36.103172,1,1,1,12,65
2025-12-12 05:01:38.912997,1,1,1,12,65
2025-12-12 05:01:43.225876,1,1,1,12,65
2025-12-12 05:01:46.582190,1,1,1,12,65
2025-12-12 05:01:50.092202,1,1,1,12,69
2025-12-12 05:01:52.900300,1,2,1,12,69
2025-12-12 05:01:55.812948,1,1,1,12,69
2025-12-12 05:01:59.622626,1,1,1,12,69
2025-12-12 05:02:02.931624,1,1,2,12,69
2025-12-12 05:02:06.744545,1,1,1,12,69
2025-12-12 05:02:09.659923,1,1,1,12,69
2025-12-12 05:02:12.457689,1,1,1,12,69
2025-12-12 05:02:16.319261,1,2,1,12,69
2025-12-12 05:02:19.230708,1,1,1,12,69
2025-12-12 05:02:22.588737,1,1,1,12,69
2025-12-12 05:02:26.349144,1,1,1,12,66
2025-12-12 05:02:30.159497,1,1,3,12,66
2025-12-12 05:02:33.467607,1,1,2,12,66
2025-12-12 05:02:37.828429,1,1,1,12,66
2025-12-12 05:02:41.637534,1,1,1,12,66
2025-12-12 05:02:44.947511,1,1,1,12,66
2025-12-12 05:02:48.756495,1,2,1,12,66
2025-12-12 05:02:51.668396,1,1,1,12,66
2025-12-12 05:02:54.474503,1,1,1,12,66
2025-12-12 05:02:59.287943,1,1,1,12,66
2025-12-12 05:03:03.149801,1,1,1,12,66
2025-12-12 05:03:05.959196,1,2,1,12,66
2025-12-12 05:03:09.828799,1,1,1,12,66
2025-12-12 05:03:12.680522,1,1,1,12,66
2025-12-12 05:03:15.489193,1,1,3,12,67
2025-12-12 05:03:19.852619,1,1,1,12,73
2025-12-12 05:03:23.654382,1,1,1,12,76
2025-12-12 05:03:26.962070,1,1,1,12,79
2025-12-12 05:03:30.770798,1,1,1,12,82
2025-12-12 05:03:33.731593,1,1,1,12,85
2025-12-12 05:03:38.142073,1,1,1,12,86
2025-12-12 05:03:40.953268,1,1,1,12,86
2025-12-12 05:03:43.812204,1,1,1,12,83
2025-12-12 05:03:47.670961,1,2,1,12,80
2025-12-12 05:03:50.982330,1,1,1,12,77
2025-12-12 05:03:54.349758,1,1,1,12,74
2025-12-12 05:03:57.255999,1,1,1,12,74
2025-12-12 05:04:00.169449,1,1,2,12,74
2025-12-12 05:04:02.969152,1,1,1,12,74
2025-12-12 05:04:06.780654,1,1,1,12,74
2025-12-12 05:04:10.639889,1,1,1,12,74
2025-12-12 05:04:14.398458,1,1,2,12,73
2025-12-12 05:04:18.206233,1,1,1,12,73
2025-12-12 05:04:21.516356,1,1,1,13,73
2025-12-12 05:04:25.345407,1,1,1,13,73
2025-12-12 05:04:29.189518,1,1,1,13,73
2025-12-12 05:04:32.007389,1,1,2,13,73
2025-12-12 05:04:35.408735,1,1,1,13,70
2025-12-12 05:04:38.717450,1,1,1,13,70
2025-12-12 05:04:41.577011,1,1,1,13,70
2025-12-12 05:04:44.439028,1,1,2,12,70
2025-12-12 05:04:48.250276,1,1,1,12,70
2025-12-12 05:04:51.556620,1,2,1,12,70
2025-12-12 05:04:55.370302,1,1,1,12,67
2025-12-12 05:04:58.301504,1,1,2,12,64
2025-12-12 05:05:02.190570,1,1,1,12,64
2025-12-12 05:05:04.998748,1,1,1,12,64
2025-12-12 05:05:07.911974,1,1,1,12,64
2025-12-12 05:05:11.715941,1,1,1,12,65
2025-12-12 05:05:14.638084,1,1,1,12,68
2025-12-12 05:05:17.465647,1,1,1,12,69
2025-12-12 05:05:21.296400,1,1,1,12,69
2025-12-12 05:05:24.206905,1,1,1,12,66
2025-12-12 05:05:27.015093,1,1,1,12,65
2025-12-12 05:05:31.330843,1,1,1,12,65
2025-12-12 05:05:35.236998,1,1,1,12,65
2025-12-12 05:05:38.597858,1,1,1,12,65
2025-12-12 05:05:41.458324,1,1,1,12,65
2025-12-12 05:05:45.317171,1,1,1,12,65
2025-12-12 05:05:48.228140,1,1,1,11,65
2025-12-12 05:05:51.037487,1,1,1,11,65
2025-12-12 05:05:53.872652,1,1,1,11,65
2025-12-12 05:05:56.760289,1,1,1,11,65
2025-12-12 05:05:59.631362,1,1,1,11,65
2025-12-12 05:06:02.480177,1,1,1,11,65
2025-12-12 05:06:06.286601,1,1,1,11,63
2025-12-12 05:06:09.605177,1,1,1,11,63
2025-12-12 05:06:12.510004,1,2,1,11,63
2025-12-12 05:06:15.315564,1,1,1,11,63
2025-12-12 05:06:18.223903,1,1,1,11,63
2025-12-12 05:06:21.035756,1,1,1,11,63
2025-12-12 05:06:25.344783,1,1,1,11,63
2025-12-12 05:06:28.715702,1,2,2,11,63
2025-12-12 05:06:32.256809,1,1,1,11,63
2025-12-12 05:06:35.023725,1,2,1,11,63
2025-12-12 05:06:37.935814,1,1,1,11,63
2025-12-12 05:06:41.745511,1,1,1,11,64
2025-12-12 05:06:45.054560,1,1,1,11,67
2025-12-12 05:06:48.864995,1,1,1,11,70
2025-12-12 05:06:51.773872,1,1,5,12,73
2025-12-12 05:06:54.580969,1,2,10,12,75
2025-12-12 05:06:58.440748,1,2,13,14,75
2025-12-12 05:07:01.420669,1,2,6,16,75
2025-12-12 05:07:04.726096,1,2,16,18,75
2025-12-12 05:07:08.471462,1,1,2,19,75
2025-12-12 05:07:12.281845,1,1,1,18,75
2025-12-12 05:07:15.588810,1,2,1,16,75
2025-12-12 05:07:19.949710,1,1,1,16,75
2025-12-12 05:07:23.759234,1,1,1,17,75
2025-12-12 05:07:27.068846,1,1,1,18,75
2025-12-12 05:07:30.926940,1,2,3,19,75
2025-12-12 05:07:33.837992,1,1,1,18,75
2025-12-12 05:07:38.298471,1,1,1,18,79
2025-12-12 05:07:41.659469,1,1,4,18,79
2025-12-12 05:07:44.467359,1,1,1,18,76
2025-12-12 05:07:48.329446,1,1,1,18,73
2025-12-12 05:07:51.637121,1,1,1,18,71
2025-12-12 05:07:55.498290,1,1,1,17,71
2025-12-12 05:07:58.806766,1,1,1,18,71
2025-12-12 05:08:01.666349,1,1,1,19,71
2025-12-12 05:08:04.478310,1,1,1,19,71
2025-12-12 05:08:07.387790,1,1,1,20,69
2025-12-12 05:08:10.701285,1,2,1,20,64
2025-12-12 05:08:13.518460,1,1,2,21,64
2025-12-12 05:08:16.819079,1,1,1,21,68
2025-12-12 05:08:19.686617,1,1,1,21,68
2025-12-12 05:08:22.486157,1,1,1,21,68
2025-12-12 05:08:25.399525,1,1,1,18,68
2025-12-12 05:08:28.755640,1,1,1,16,68
2025-12-12 05:08:32.115843,1,1,1,17,68
2025-12-12 05:08:34.924592,1,1,1,16,68
2025-12-12 05:08:39.387227,1,1,1,17,68
2025-12-12 05:08:42.301677,1,1,1,14,68
2025-12-12 05:08:45.110315,1,1,1,14,68
2025-12-12 05:08:48.926486,1,2,1,12,68
2025-12-12 05:08:52.827888,1,1,1,12,67
2025-12-12 05:08:56.187495,1,2,2,15,67
2025-12-12 05:08:58.953208,1,1,1,17,67
2025-12-12 05:09:02.859740,1,1,1,15,67
2025-12-12 05:09:05.730681,1,1,2,14,67
2025-12-12 05:09:08.523588,1,1,1,13,67
2025-12-12 05:09:12.385084,1,2,3,12,67
2025-12-12 05:09:15.344839,1,1,1,11,66
2025-12-12 05:09:18.653027,1,1,1,11,64
2025-12-12 05:09:22.513457,1,1,1,11,62
2025-12-12 05:09:25.436890,1,1,1,12,62
2025-12-12 05:09:28.784737,1,1,1,15,62
2025-12-12 05:09:32.295546,1,1,1,17,62
2025-12-12 05:09:35.104467,1,1,1,19,62
2025-12-12 05:09:38.015337,1,1,1,18,62
2025-12-12 05:09:41.827273,1,1,1,16,62
2025-12-12 05:09:45.133947,1,1,1,14,62
2025-12-12 05:09:48.948414,1,1,2,18,62
2025-12-12 05:09:51.855873,1,1,1,19,62
2025-12-12 05:09:54.670534,1,1,2,20,62
2025-12-12 05:09:58.527334,1,1,1,21,62
2025-12-12 05:10:01.436636,1,1,1,21,62
2025-12-12 05:10:04.794167,1,1,1,22,62
2025-12-12 05:10:08.156346,1,1,1,20,63
2025-12-12 05:10:10.963755,1,2,1,21,63
2025-12-12 05:10:14.875414,1,2,2,19,63
2025-12-12 05:10:17.736255,1,1,1,20,63
2025-12-12 05:10:20.546316,1,2,1,19,63
2025-12-12 05:10:24.407831,1,1,1,17,63
2025-12-12 05:10:27.365274,1,1,1,16,63
2025-12-12 05:10:30.673497,1,1,1,16,63
2025-12-12 05:10:34.531769,1,1,1,16,63
2025-12-12 05:10:37.453751,1,1,1,16,63
2025-12-12 05:10:40.803489,1,1,1,15,63
2025-12-12 05:10:44.561004,1,1,1,15,63
2025-12-12 05:10:47.521233,1,1,1,16,65
2025-12-12 05:10:51.432439,1,1,1,18,68
2025-12-12 05:10:54.342554,1,1,1,19,71
2025-12-12 05:10:57.150230,1,1,1,19,74
2025-12-12 05:11:00.960513,1,1,1,20,73
2025-12-12 05:11:04.820655,1,1,1,20,70
2025-12-12 05:11:08.580808,1,1,1,20,66
2025-12-12 05:11:12.389075,1,1,1,20,66
2025-12-12 05:11:15.699062,1,1,1,18,66
2025-12-12 05:11:19.507658,1,2,1,19,65
2025-12-12 05:11:23.868118,1,1,1,19,64
2025-12-12 05:11:27.175933,1,2,1,17,64
2025-12-12 05:11:31.484608,1,1,1,14,64
2025-12-12 05:11:34.943708,1,1,1,13,64
2025-12-12 05:11:38.390467,1,1,1,14,64
2025-12-12 05:11:41.165860,1,1,2,16,64
2025-12-12 05:11:44.075879,1,1,1,15,64
2025-12-12 05:11:47.884102,1,2,2,14,64
2025-12-12 05:11:51.193432,1,2,1,14,64
2025-12-12 05:11:54.655940,1,1,1,13,64
2025-12-12 05:11:57.462441,1,1,1,12,63
2025-12-12 05:12:00.373468,1,1,3,12,63
2025-12-12 05:12:03.198723,1,1,1,12,63
2025-12-12 05:12:06.993736,1,1,1,12,63
2025-12-12 05:12:10.852278,1,1,1,12,63
2025-12-12 05:12:14.217387,1,1,1,12,63
2025-12-12 05:12:17.021412,1,2,2,12,63
2025-12-12 05:12:20.937024,1,2,2,13,63
2025-12-12 05:12:23.789447,1,1,1,15,63
2025-12-12 05:12:26.615171,1,1,1,17,63
2025-12-12 05:12:30.458841,1,1,3,17,63
2025-12-12 05:12:33.420885,1,1,1,14,63
2025-12-12 05:12:36.730371,1,1,1,13,63
2025-12-12 05:12:41.541842,1,1,1,12,63
2025-12-12 05:12:45.405367,1,2,1,11,63
2025-12-12 05:12:48.216957,1,2,2,11,63
2025-12-12 05:12:52.071395,1,1,1,12,63
2025-12-12 05:12:54.952037,1,1,1,12,63
2025-12-12 05:12:57.739666,1,1,2,12,63
2025-12-12 05:13:01.576308,1,1,1,12,63
2025-12-12 05:13:05.912477,1,1,1,12,63
2025-12-12 05:13:09.220845,1,1,1,12,63
2025-12-12 05:13:13.530946,1,1,1,12,63
2025-12-12 05:13:17.890378,1,1,1,12,63
2025-12-12 05:13:21.201021,1,1,1,12,63
2025-12-12 05:13:25.010957,1,1,1,16,63
2025-12-12 05:13:28.873454,1,1,1,18,63
2025-12-12 05:13:32.629440,1,1,1,20,63
2025-12-12 05:13:36.490099,1,1,1,18,63
2025-12-12 05:13:39.449764,1,1,1,15,63
2025-12-12 05:13:42.762529,1,1,1,14,63
2025-12-12 05:13:46.667643,1,1,2,14,63
2025-12-12 05:13:49.528873,1,1,1,17,63
2025-12-12 05:13:52.887386,1,2,2,18,63
2025-12-12 05:13:56.647440,1,1,1,20,63
2025-12-12 05:13:59.556842,1,1,1,21,63
2025-12-12 05:14:02.969807,1,1,1,22,63
2025-12-12 05:14:05.828005,1,2,2,22,63
2025-12-12 05:14:08.634534,1,1,1,22,63
2025-12-12 05:14:12.496883,1,2,2,19,63
2025-12-12 05:14:15.804044,1,1,1,16,63
2025-12-12 05:14:19.614691,1,1,2,15,63
2025-12-12 05:14:22.528061,1,1,1,14,63
2025-12-12 05:14:26.432405,1,1,1,13,63
2025-12-12 05:14:29.251892,1,1,2,13,63
2025-12-12 05:14:32.107008,1,1,1,12,63
2025-12-12 05:14:36.512078,1,1,1,12,63
2025-12-12 05:14:39.824300,1,1,2,12,63
2025-12-12 05:14:42.635016,1,1,1,12,63
2025-12-12 05:14:45.540312,1,1,1,12,63
2025-12-12 05:14:48.448518,1,1,1,12,64
2025-12-12 05:14:51.258659,1,1,1,12,63
2025-12-12 05:14:55.067797,1,1,3,16,63
2025-12-12 05:14:58.928709,1,1,2,18,63
2025-12-12 05:15:02.888033,1,1,2,19,63
2025-12-12 05:15:05.646992,1,1,1,20,63
2025-12-12 05:15:09.557113,1,2,1,16,63
2025-12-12 05:15:12.464970,1,1,1,15,63
2025-12-12 05:15:15.273624,1,1,1,15,63
2025-12-12 05:15:19.094771,1,1,1,13,63
2025-12-12 05:15:22.044792,1,1,1,13,63
2025-12-12 05:15:26.454886,1,1,1,12,63
2025-12-12 05:15:29.265281,1,2,1,12,63
2025-12-12 05:15:32.172182,1,1,1,12,63
2025-12-12 05:15:35.983808,1,1,1,12,63
2025-12-12 05:15:39.298220,1,1,1,15,63
2025-12-12 05:15:42.756545,1,1,3,19,63
2025-12-12 05:15:45.562910,1,1,1,19,63
2025-12-12 05:15:48.473865,1,2,1,18,63
2025-12-12 05:15:51.284037,1,1,1,18,63
2025-12-12 05:15:55.111342,1,1,1,21,62
2025-12-12 05:15:58.953239,1,1,1,21,62
2025-12-12 05:16:02.313243,1,1,2,20,62
2025-12-12 05:16:05.125403,1,1,1,17,62
2025-12-12 05:16:09.040020,1,1,1,16,62
2025-12-12 05:16:11.892805,1,2,2,15,62
2025-12-12 05:16:14.750537,1,1,1,14,62
2025-12-12 05:16:18.561159,1,1,1,13,62
2025-12-12 05:16:21.521674,1,1,1,12,62
2025-12-12 05:16:24.830619,1,1,1,12,62
2025-12-12 05:16:28.689092,1,1,1,12,62
2025-12-12 05:16:31.602014,1,1,1,12,62
2025-12-12 05:16:34.958919,1,1,2,15,62
2025-12-12 05:16:38.721676,1,1,1,17,62
2025-12-12 05:16:41.626065,1,1,1,16,62
2025-12-12 05:16:45.036004,1,1,2,15,62
2025-12-12 05:16:47.914972,1,1,1,14,62
2025-12-12 05:16:50.704843,1,2,1,13,62
2025-12-12 05:16:54.571317,1,1,1,13,62
2025-12-12 05:16:57.873338,1,1,1,12,62
2025-12-12 05:17:02.203104,1,1,1,12,62
2025-12-12 05:17:05.046084,1,1,1,12,62
2025-12-12 05:17:07.907299,1,1,1,12,62
2025-12-12 05:17:10.711997,1,1,1,12,62
2025-12-12 05:17:13.623675,1,1,3,12,62
2025-12-12 05:17:16.983833,1,1,1,12,62
2025-12-12 05:17:20.742931,1,1,1,12,62
2025-12-12 05:17:23.603211,1,2,2,12,62
2025-12-12 05:17:26.511567,1,1,1,13,62
2025-12-12 05:17:29.329444,1,1,1,16,62
2025-12-12 05:17:32.183850,1,1,1,18,62
2025-12-12 05:17:36.046042,1,1,1,19,62
2025-12-12 05:17:39.856541,1,2,1,20,62
2025-12-12 05:17:43.664007,1,1,1,22,62
2025-12-12 05:17:48.023194,1,1,2,22,62
2025-12-12 05:17:51.332674,1,1,1,23,62
2025-12-12 05:17:55.140868,1,1,1,23,62
2025-12-12 05:17:59.006986,1,1,1,23,62
2025-12-12 05:18:02.760882,1,2,1,23,62
2025-12-12 05:18:06.574728,1,1,1,22,62
2025-12-12 05:18:09.878940,1,1,1,17,62
2025-12-12 05:18:13.690197,1,1,1,16,62
2025-12-12 05:18:18.053784,1,1,1,15,62
2025-12-12 05:18:21.359145,1,2,3,14,62
2025-12-12 05:18:25.175356,1,1,1,13,62
2025-12-12 05:18:28.077646,1,1,1,12,62
2025-12-12 05:18:30.893316,1,2,3,12,62
2025-12-12 05:18:34.798597,1,1,2,12,62
2025-12-12 05:18:37.659380,1,1,1,12,62
2025-12-12 05:18:41.022577,1,1,1,12,62
2025-12-12 05:18:44.781087,1,1,1,12,62
2025-12-12 05:18:47.686729,1,1,1,12,62
2025-12-12 05:18:51.597370,1,2,1,17,62
2025-12-12 05:18:54.906883,1,1,2,19,62
2025-12-12 05:18:58.764228,1,1,1,20,62
2025-12-12 05:19:01.678983,1,1,1,21,62
2025-12-12 05:19:05.036662,1,1,3,22,62
2025-12-12 05:19:08.344994,1,1,1,22,62
2025-12-12 05:19:11.206829,1,1,1,23,62
2025-12-12 05:19:15.119213,1,1,1,23,62
2025-12-12 05:19:17.974270,1,1,1,23,62
2025-12-12 05:19:20.785481,1,1,1,23,62
2025-12-12 05:19:24.644906,1,1,3,23,62
2025-12-12 05:19:27.555448,1,1,2,19,62
2025-12-12 05:19:30.378319,1,1,1,19,63
2025-12-12 05:19:34.773225,1,1,2,16,66
2025-12-12 05:19:37.684329,1,1,1,14,69
2025-12-12 05:19:41.044812,1,1,1,14,72
2025-12-12 05:19:44.802994,1,2,1,16,75
2025-12-12 05:19:47.711932,1,1,2,18,75
2025-12-12 05:19:51.573620,1,1,1,21,75
2025-12-12 05:19:54.388839,1,1,1,21,73
2025-12-12 05:19:58.294892,1,2,2,22,70
2025-12-12 05:20:01.151777,1,1,1,22,67
2025-12-12 05:20:03.959127,1,1,1,23,64
2025-12-12 05:20:07.419532,1,1,1,23,64
2025-12-12 05:20:10.229452,1,1,1,23,64
2025-12-12 05:20:13.141542,1,1,1,23,64
2025-12-12 05:20:15.948879,1,1,1,23,64
2025-12-12 05:20:19.758136,1,1,1,23,64
2025-12-12 05:20:24.116498,1,1,1,23,63
2025-12-12 05:20:27.426307,1,1,2,23,63
2025-12-12 05:20:30.237665,1,1,1,23,63
2025-12-12 05:20:33.147174,1,1,1,23,65
2025-12-12 05:20:36.006043,1,1,1,23,68
2025-12-12 05:20:38.816764,1,1,1,23,68
2025-12-12 05:20:42.673733,1,1,1,23,68
2025-12-12 05:20:46.034603,1,1,1,23,68
2025-12-12 05:20:48.792630,1,1,1,21,68
2025-12-12 05:20:51.705780,1,1,1,19,68
2025-12-12 05:20:54.615506,1,1,1,17,68
2025-12-12 05:20:57.420783,1,1,1,17,69
2025-12-12 05:21:01.228686,1,1,3,14,69
2025-12-12 05:21:05.088349,1,1,2,13,69
2025-12-12 05:21:08.397475,1,1,1,13,69
2025-12-12 05:21:11.259014,1,1,1,13,69
2025-12-12 05:21:15.166344,1,1,2,12,69
2025-12-12 05:21:18.027184,1,2,2,12,69
2025-12-12 05:21:20.838678,1,1,1,12,69
2025-12-12 05:21:26.918073,1,2,1,12,69
2025-12-12 05:21:28.006516,1,1,1,12,72
2025-12-12 05:21:30.814033,1,1,1,12,75
2025-12-12 05:21:33.725750,1,2,1,12,76
2025-12-12 05:21:36.634168,1,1,1,12,76
2025-12-12 05:21:39.441850,1,1,1,12,76
2025-12-12 05:21:43.250217,1,1,1,12,74
2025-12-12 05:21:46.710037,1,1,1,12,71
2025-12-12 05:21:50.622740,1,2,1,12,65
2025-12-12 05:21:53.433114,1,2,2,12,63
2025-12-12 05:21:56.342846,1,1,1,12,63
2025-12-12 05:22:00.151235,1,2,1,12,63
2025-12-12 05:22:03.481456,1,1,1,11,63
2025-12-12 05:22:06.769765,1,1,1,11,63
2025-12-12 05:22:10.180369,1,1,1,11,63
2025-12-12 05:22:12.988613,1,2,4,11,63
2025-12-12 05:22:16.851696,1,1,1,11,63
2025-12-12 05:22:19.757806,1,1,1,11,63
2025-12-12 05:22:23.119780,1,2,1,12,63
2025-12-12 05:22:26.878391,1,1,1,14,63
2025-12-12 05:22:30.687542,1,1,1,16,63
2025-12-12 05:22:34.003974,1,1,1,20,63
2025-12-12 05:22:38.921577,1,2,1,19,63
2025-12-12 05:22:42.167546,1,2,2,17,63
2025-12-12 05:22:45.479963,1,1,1,15,63
2025-12-12 05:22:49.786438,1,1,1,13,63
2025-12-12 05:22:53.198774,1,1,1,13,63
2025-12-12 05:22:56.056477,1,1,1,13,63
2025-12-12 05:22:58.915128,1,1,1,13,63
2025-12-12 05:23:01.776174,1,1,1,13,63
2025-12-12 05:23:05.135291,1,2,2,15,63
2025-12-12 05:23:08.893180,1,1,1,16,63
2025-12-12 05:23:11.755467,1,2,3,15,63
2025-12-12 05:23:14.665135,1,1,1,14,63
2025-12-12 05:23:17.476029,1,1,1,14,64
2025-12-12 05:23:20.334277,1,2,70,15,64
2025-12-12 05:23:24.192895,1,2,19,14,63
2025-12-12 05:23:27.505442,1,2,24,14,63
2025-12-12 05:23:30.316451,1,2,7,14,63
2025-12-12 05:23:33.222836,1,2,3,16,63
2025-12-12 05:23:36.081826,1,2,3,18,63
2025-12-12 05:23:38.890470,1,1,2,19,65
2025-12-12 05:23:42.750319,1,2,1,19,66
2025-12-12 05:23:46.068666,1,2,1,18,63
2025-12-12 05:23:48.871276,1,2,2,17,62
2025-12-12 05:23:51.785902,1,1,3,16,62
2025-12-12 05:23:54.689151,1,1,1,17,62
2025-12-12 05:23:57.501154,1,2,4,17,65
2025-12-12 05:24:01.812661,1,1,9,17,68
2025-12-12 05:24:05.168815,1,1,1,16,71
2025-12-12 05:24:08.679100,1,1,5,15,74
2025-12-12 05:24:11.492839,1,2,1,15,74
2025-12-12 05:24:14.358993,1,2,17,14,74
2025-12-12 05:24:18.209245,1,2,1,14,74
2025-12-12 05:24:21.519620,1,1,1,14,74
2025-12-12 05:24:25.328871,1,1,1,14,74
2025-12-12 05:24:28.240409,1,1,1,14,74
2025-12-12 05:24:31.079270,1,2,2,14,74
2025-12-12 05:24:35.862282,1,1,9,14,72
2025-12-12 05:24:39.722517,1,1,1,14,72
2025-12-12 05:24:42.532647,1,2,2,14,72
2025-12-12 05:24:45.944724,1,1,1,14,72
2025-12-12 05:24:49.252252,1,2,2,14,72
2025-12-12 05:24:52.060698,1,1,1,14,72
2025-12-12 05:24:55.873321,1,1,1,14,72
2025-12-12 05:25:00.230899,1,2,7,14,72
2025-12-12 05:25:03.540792,1,1,1,13,72
2025-12-12 05:25:06.900168,1,1,1,13,72
2025-12-12 05:25:09.809099,1,2,3,12,72
2025-12-12 05:25:12.720150,1,1,1,12,72
2025-12-12 05:25:15.529569,1,2,1,12,72
2025-12-12 05:25:19.343380,1,1,1,11,72
2025-12-12 05:25:25.420927,1,1,1,11,72
2025-12-12 05:25:26.557146,1,1,1,11,72
2025-12-12 05:25:29.420501,1,2,2,11,75
2025-12-12 05:25:33.307511,1,1,1,14,78
2025-12-12 05:25:36.139847,1,2,3,14,81
2025-12-12 05:25:38.949393,1,1,1,13,83
2025-12-12 05:25:42.811146,1,2,3,12,83
2025-12-12 05:25:45.769223,1,2,7,11,83
2025-12-12 05:25:49.080691,1,2,2,11,83
2025-12-12 05:25:52.989347,1,1,1,11,83
2025-12-12 05:25:55.848491,1,2,1,11,83
2025-12-12 05:25:59.209413,1,2,18,11,83
2025-12-12 05:26:02.967741,1,2,29,11,83
2025-12-12 05:26:05.828226,1,2,2,11,83
2025-12-12 05:26:08.737066,1,2,2,11,83
2025-12-12 05:26:11.548509,1,1,1,11,83
2025-12-12 05:26:14.407505,1,2,2,12,83
2025-12-12 05:26:18.268615,1,1,1,15,83
2025-12-12 05:26:21.577329,1,2,2,16,81
2025-12-12 05:26:24.437893,1,1,1,17,78
2025-12-12 05:26:27.296327,1,2,3,18,76
2025-12-12 05:26:30.155233,1,2,6,19,75
2025-12-12 05:26:33.016669,1,1,1,19,77
2025-12-12 05:26:36.827814,1,2,22,19,77
2025-12-12 05:26:40.136347,1,2,4,14,77
2025-12-12 05:26:42.996875,1,1,1,15,80
2025-12-12 05:26:45.856774,1,2,1,16,83
2025-12-12 05:26:48.763653,1,1,3,17,86
2025-12-12 05:26:51.573199,1,2,1,17,88
2025-12-12 05:26:55.384262,1,1,6,18,88
2025-12-12 05:26:59.241622,1,2,46,16,88
2025-12-12 05:27:02.611065,1,2,17,23,100
2025-12-12 05:27:05.412861,1,2,3,23,100
2025-12-12 05:27:09.320542,1,1,1,23,100
2025-12-12 05:27:12.179967,1,1,1,24,100
2025-12-12 05:27:14.989684,1,1,1,23,100
2025-12-12 05:27:18.861391,1,2,1,23,100
2025-12-12 05:27:21.808907,1,1,1,23,100
2025-12-12 05:27:25.123023,1,1,1,23,100
2025-12-12 05:27:28.984535,1,1,1,23,96
2025-12-12 05:27:32.790764,1,1,1,23,85
2025-12-12 05:27:35.604224,1,1,1,23,82
2025-12-12 05:27:38.461290,1,1,1,23,81
2025-12-12 05:27:41.880278,1,1,1,23,81
2025-12-12 05:27:44.780450,1,1,1,23,81
2025-12-12 05:27:47.588531,1,1,1,23,79
2025-12-12 05:27:50.449140,1,1,1,23,76
2025-12-12 05:27:54.306506,1,1,2,23,73
2025-12-12 05:27:57.617789,1,1,1,23,70
2025-12-12 05:28:00.976964,1,2,1,23,69
2025-12-12 05:28:03.886289,1,1,1,23,69
2025-12-12 05:28:06.796014,1,1,1,22,72
2025-12-12 05:28:09.605828,1,1,1,22,72
2025-12-12 05:28:13.414872,1,2,1,22,72
2025-12-12 05:28:17.276700,1,1,1,22,72
2025-12-12 05:28:21.032806,1,1,1,22,71
2025-12-12 05:28:24.848750,1,1,1,22,71
2025-12-12 05:28:28.153623,1,1,1,21,71
2025-12-12 05:28:31.962038,1,1,2,21,71
2025-12-12 05:28:36.321966,1,1,1,21,66
2025-12-12 05:28:39.632295,1,2,1,21,64
2025-12-12 05:28:43.447845,1,1,1,21,63
2025-12-12 05:28:46.349811,1,1,1,21,62
2025-12-12 05:28:49.157789,1,1,1,21,62
2025-12-12 05:28:53.016659,1,1,1,19,63
2025-12-12 05:28:55.927939,1,1,1,18,63
2025-12-12 05:28:59.288153,1,1,1,19,63
2025-12-12 05:29:03.048302,1,1,1,20,68
2025-12-12 05:29:06.863064,1,1,1,18,71
2025-12-12 05:29:10.167701,1,1,1,14,72
2025-12-12 05:29:13.978449,1,1,1,13,70
2025-12-12 05:29:18.340184,1,1,1,14,68
2025-12-12 05:29:21.646760,1,1,1,16,67
2025-12-12 05:29:25.456592,1,1,1,19,67
2025-12-12 05:29:28.467439,1,1,1,19,67
2025-12-12 05:29:31.389660,1,1,1,19,67
2025-12-12 05:29:34.196156,1,1,1,17,67
2025-12-12 05:29:37.993194,1,1,1,15,67
2025-12-12 05:29:42.356377,1,1,1,14,67
2025-12-12 05:29:45.661980,1,1,1,13,65
2025-12-12 05:29:49.471803,1,1,1,12,62
2025-12-12 05:29:52.381349,1,1,1,11,62
2025-12-12 05:29:55.195205,1,2,1,11,62
2025-12-12 05:29:59.100768,1,1,1,11,62
2025-12-12 05:30:01.961719,1,2,1,11,62
2025-12-12 05:30:05.322484,1,1,2,11,62
2025-12-12 05:30:08.680883,1,1,1,11,62
2025-12-12 05:30:11.540952,1,1,1,11,62
2025-12-12 05:30:17.595223,1,1,1,11,62
2025-12-12 05:30:20.454988,1,2,2,11,62
2025-12-12 05:30:23.262763,1,1,1,11,62
2025-12-12 05:30:27.123009,1,2,1,11,62
2025-12-12 05:30:30.434152,1,1,2,11,62
2025-12-12 05:30:33.254963,1,1,1,11,62
2025-12-12 05:30:36.155294,1,2,1,11,62
2025-12-12 05:30:39.066980,1,1,1,11,62
2025-12-12 05:30:41.873849,1,1,1,11,62
2025-12-12 05:30:45.681224,1,1,1,11,62
2025-12-12 05:30:49.092602,1,2,1,11,62
2025-12-12 05:30:52.459957,1,1,1,11,62
2025-12-12 05:30:55.264811,1,2,1,11,62
2025-12-12 05:30:58.173864,1,2,2,11,62
2025-12-12 05:31:01.531977,1,1,1,11,62
2025-12-12 05:31:05.291936,1,1,1,11,62
2025-12-12 05:31:08.200875,1,2,2,11,62
2025-12-12 05:31:11.620092,1,1,1,11,62
2025-12-12 05:31:14.471158,1,1,1,11,62
2025-12-12 05:31:17.328771,1,1,1,11,62
2025-12-12 05:31:21.139040,1,1,1,11,62
2025-12-12 05:31:24.447825,1,1,1,11,62
2025-12-12 05:31:28.259761,1,1,1,11,62
2025-12-12 05:31:31.219188,1,1,1,11,62
2025-12-12 05:31:35.628810,1,1,1,11,63
2025-12-12 05:31:38.488864,1,1,1,11,63
2025-12-12 05:31:41.298594,1,1,1,11,63
2025-12-12 05:31:45.158225,1,2,1,11,64
2025-12-12 05:31:48.516443,1,1,1,11,65
2025-12-12 05:31:51.276804,1,1,1,11,68
2025-12-12 05:31:54.187785,1,1,1,11,69
2025-12-12 05:31:57.096082,1,1,1,11,69
2025-12-12 05:31:59.905256,1,2,1,11,69
2025-12-12 05:32:03.711832,1,1,1,11,69
2025-12-12 05:32:07.589815,1,1,1,11,69
2025-12-12 05:32:10.931801,1,1,1,11,69
2025-12-12 05:32:13.741823,1,1,1,11,69
2025-12-12 05:32:17.651082,1,1,1,11,69
2025-12-12 05:32:20.511937,1,1,1,11,69
2025-12-12 05:32:23.321522,1,1,1,11,69
2025-12-12 05:32:27.181478,1,1,1,11,69
2025-12-12 05:32:30.092027,1,1,2,11,68
2025-12-12 05:32:32.900422,1,1,1,11,65
2025-12-12 05:32:36.760753,1,1,1,11,64
2025-12-12 05:32:39.668341,1,1,1,11,64
2025-12-12 05:32:42.483508,1,1,1,11,64
2025-12-12 05:32:46.787875,1,1,1,11,64
2025-12-12 05:32:50.196296,1,2,2,11,64
2025-12-12 05:32:53.108929,1,1,1,11,64
2025-12-12 05:32:55.917272,1,1,1,11,64
2025-12-12 05:32:58.827840,1,1,1,11,64
2025-12-12 05:33:02.638244,1,1,1,11,64
2025-12-12 05:33:05.947499,1,1,2,11,64
2025-12-12 05:33:09.320541,1,1,2,11,64
2025-12-12 05:33:12.225366,1,1,1,11,64
2025-12-12 05:33:15.127922,1,2,2,11,64
2025-12-12 05:33:17.935583,1,1,1,11,64
2025-12-12 05:33:21.747091,1,1,1,11,64
2025-12-12 05:33:25.605076,1,1,1,11,64
2025-12-12 05:33:29.466449,1,1,1,11,64
2025-12-12 05:33:33.397627,1,1,1,11,64
2025-12-12 05:33:36.234404,1,1,1,11,64
2025-12-12 05:33:39.144326,1,1,1,11,64
2025-12-12 05:33:41.954539,1,1,1,11,64
2025-12-12 05:33:46.263917,1,2,1,11,64
2025-12-12 05:33:50.123866,1,2,2,11,67
2025-12-12 05:33:52.933030,1,1,1,11,67
2025-12-12 05:33:55.796882,1,1,1,11,69
2025-12-12 05:33:59.703647,1,1,1,11,70
2025-12-12 05:34:02.561730,1,1,1,11,70
2025-12-12 05:34:05.422322,1,1,1,11,70
2025-12-12 05:34:08.283468,1,1,2,11,70
2025-12-12 05:34:12.153590,1,1,1,12,70
2025-12-12 05:34:14.956880,1,1,1,12,70
2025-12-12 05:34:18.812299,1,1,2,17,70
2025-12-12 05:34:21.726335,1,1,1,19,70
2025-12-12 05:34:24.531787,1,2,1,20,70
2025-12-12 05:34:27.992077,1,2,1,21,70
2025-12-12 05:34:30.803149,1,1,1,21,71
2025-12-12 05:34:33.710841,1,1,1,18,74
2025-12-12 05:34:36.517850,1,1,1,16,77
2025-12-12 05:34:40.331330,1,2,1,15,80
2025-12-12 05:34:44.697110,1,1,1,14,86
2025-12-12 05:34:47.597878,1,1,1,13,86
2025-12-12 05:34:50.359237,1,2,1,16,86
2025-12-12 05:34:54.282402,1,1,1,20,86
2025-12-12 05:34:57.177108,1,1,2,21,86
2025-12-12 05:34:59.986857,1,2,1,21,86
2025-12-12 05:35:03.795765,1,2,2,22,86
2025-12-12 05:35:07.205427,1,1,1,22,86
2025-12-12 05:35:10.565700,1,1,1,23,86
2025-12-12 05:35:13.374469,1,1,1,23,86
2025-12-12 05:35:16.283890,1,1,1,23,86
2025-12-12 05:35:19.646065,1,1,1,23,82
2025-12-12 05:35:23.403449,1,2,1,20,76
2025-12-12 05:35:28.014435,1,1,1,18,79
2025-12-12 05:35:30.824652,1,2,2,15,82
2025-12-12 05:35:33.732142,1,1,1,14,84
2025-12-12 05:35:36.542274,1,2,2,13,84
2025-12-12 05:35:40.902475,1,2,1,13,80
2025-12-12 05:35:44.710552,1,1,1,13,75
2025-12-12 05:35:48.042267,1,1,1,13,72
2025-12-12 05:35:50.831464,1,1,1,14,69
2025-12-12 05:35:53.740778,1,1,1,13,66
2025-12-12 05:35:56.603246,1,1,1,13,66
2025-12-12 05:35:59.409485,1,2,1,12,65
2025-12-12 05:36:03.276284,1,1,1,12,64
2025-12-12 05:36:06.578939,1,1,1,12,64
2025-12-12 05:36:09.389189,1,1,1,12,64
2025-12-12 05:36:12.297859,1,1,2,14,64
2025-12-12 05:36:15.206002,1,1,1,16,64
2025-12-12 05:36:18.014310,1,1,1,16,64
2025-12-12 05:36:21.824852,1,1,1,17,64
2025-12-12 05:36:25.683682,1,1,1,16,64
2025-12-12 05:36:29.445059,1,2,1,14,64
2025-12-12 05:36:33.252335,1,1,1,14,64
2025-12-12 05:36:36.612823,1,1,1,14,64
2025-12-12 05:36:40.372868,1,2,1,16,64
2025-12-12 05:36:44.732306,1,1,2,18,64
2025-12-12 05:36:48.040722,1,1,1,17,64
2025-12-12 05:36:51.400026,1,1,1,16,64
2025-12-12 05:36:54.311539,1,1,2,17,64
2025-12-12 05:36:57.223779,1,1,1,18,64
2025-12-12 05:37:00.028106,1,2,1,18,64
2025-12-12 05:37:03.908956,1,1,1,20,64
2025-12-12 05:37:07.698529,1,1,1,21,64
2025-12-12 05:37:11.455873,1,1,1,21,64
2025-12-12 05:37:15.271510,1,2,1,22,64
2025-12-12 05:37:18.580785,1,1,1,21,64
2025-12-12 05:37:22.886258,1,1,2,22,64
2025-12-12 05:37:26.748296,1,1,1,22,64
2025-12-12 05:37:30.054625,1,1,1,22,64
2025-12-12 05:37:33.865028,1,1,1,19,64
2025-12-12 05:37:37.324397,1,1,1,17,64
2025-12-12 05:37:41.234200,1,1,1,16,69
2025-12-12 05:37:44.044591,1,1,1,14,72
2025-12-12 05:37:46.952948,1,1,1,14,75
2025-12-12 05:37:50.762545,1,1,1,13,76
2025-12-12 05:37:54.072451,1,1,1,13,77
2025-12-12 05:37:57.429839,1,1,1,14,80
2025-12-12 05:38:00.340886,1,1,1,18,75
2025-12-12 05:38:03.253292,1,1,2,19,72
2025-12-12 05:38:06.066828,1,1,1,19,69
2025-12-12 05:38:09.870739,1,2,1,20,67
2025-12-12 05:38:13.737266,1,2,1,21,67
2025-12-12 05:38:17.090070,1,1,1,21,65
2025-12-12 05:38:19.898454,1,1,1,22,65
2025-12-12 05:38:23.814533,1,1,1,22,65
2025-12-12 05:38:27.118036,1,2,2,21,65
2025-12-12 05:38:29.929018,1,1,1,18,65
2025-12-12 05:38:32.838882,1,2,2,16,65
2025-12-12 05:38:36.296784,1,1,1,13,65
2025-12-12 05:38:39.612189,1,1,1,14,65
2025-12-12 05:38:43.464806,1,2,1,17,65
2025-12-12 05:38:46.386213,1,1,1,18,65
2025-12-12 05:38:49.736640,1,1,1,20,65
2025-12-12 05:38:53.493775,1,2,1,21,65
2025-12-12 05:38:57.357675,1,1,1,22,65
2025-12-12 05:39:00.264977,1,1,1,22,65
2025-12-12 05:39:03.075627,1,1,1,22,65
2025-12-12 05:39:06.932332,1,2,1,23,65
2025-12-12 05:39:09.843367,1,1,2,23,65
2025-12-12 05:39:12.664144,1,1,1,23,65
2025-12-12 05:39:16.973946,1,1,2,23,65
2025-12-12 05:39:20.771476,1,1,1,23,67
2025-12-12 05:39:24.080780,1,1,1,23,70
2025-12-12 05:39:27.891386,1,1,1,23,73
2025-12-12 05:39:31.760474,1,1,1,22,74
2025-12-12 05:39:35.509776,1,1,1,19,74
2025-12-12 05:39:39.368752,1,1,1,17,74
2025-12-12 05:39:42.285403,1,1,1,15,74
2025-12-12 05:39:45.089559,1,1,1,15,74
2025-12-12 05:39:48.947843,1,2,2,13,76
2025-12-12 05:39:51.858255,1,1,1,13,79
2025-12-12 05:39:54.669267,1,1,1,12,78
2025-12-12 05:39:58.477625,1,1,2,12,74
2025-12-12 05:40:01.437484,1,1,1,12,72
2025-12-12 05:40:05.845682,1,1,1,12,72
2025-12-12 05:40:08.705695,1,2,1,12,72
2025-12-12 05:40:11.516840,1,1,1,12,71
2025-12-12 05:40:15.381197,1,1,1,12,68
2025-12-12 05:40:19.793496,1,1,1,16,65
2025-12-12 05:40:23.757729,1,2,1,18,64
2025-12-12 05:40:26.508949,1,1,1,20,64
2025-12-12 05:40:30.417470,1,1,1,19,64
2025-12-12 05:40:33.325715,1,1,1,17,64
2025-12-12 05:40:36.136593,1,1,2,17,62
2025-12-12 05:40:40.450329,1,1,1,14,62
2025-12-12 05:40:44.405786,1,1,1,14,62
2025-12-12 05:40:47.334935,1,1,1,13,62
2025-12-12 05:40:50.128734,1,1,1,13,62
2025-12-12 05:40:53.033997,1,1,1,12,62
2025-12-12 05:40:56.860285,1,1,1,12,62
2025-12-12 05:41:00.152903,1,1,2,12,62
2025-12-12 05:41:03.511380,1,1,1,12,62
2025-12-12 05:41:06.421182,1,1,1,12,62
2025-12-12 05:41:09.331155,1,1,1,12,62
2025-12-12 05:41:12.193331,1,1,1,12,62
2025-12-12 05:41:15.950431,1,1,1,12,62
2025-12-12 05:41:19.809886,1,2,1,12,62
2025-12-12 05:41:23.173006,1,1,1,12,62
2025-12-12 05:41:26.001068,1,1,1,12,62
2025-12-12 05:41:29.900147,1,1,1,12,62
2025-12-12 05:41:32.749849,1,1,1,12,62
2025-12-12 05:41:35.562157,1,1,1,12,62
2025-12-12 05:41:39.429044,1,1,1,12,62
2025-12-12 05:41:42.777798,1,1,1,12,62
2025-12-12 05:41:45.544347,1,1,1,12,62
2025-12-12 05:41:50.646784,1,1,1,12,62
2025-12-12 05:41:51.356187,1,2,1,12,62
2025-12-12 05:41:54.163872,1,1,1,12,62
2025-12-12 05:41:57.975004,1,1,1,12,62
2025-12-12 05:42:01.846706,1,1,1,12,62
2025-12-12 05:42:05.160689,1,1,1,12,62
2025-12-12 05:42:08.003509,1,1,1,12,62
2025-12-12 05:42:11.922431,1,1,1,12,62
2025-12-12 05:42:14.773401,1,1,1,12,62
2025-12-12 05:42:17.577935,1,1,1,12,62
2025-12-12 05:42:21.438901,1,1,1,12,62
2025-12-12 05:42:24.406786,1,1,1,15,62
2025-12-12 05:42:29.169398,1,1,1,17,62
2025-12-12 05:42:31.592171,1,1,1,18,62
2025-12-12 05:42:34.480397,1,2,1,19,62
2025-12-12 05:42:37.839314,1,1,1,19,62
2025-12-12 05:42:41.596582,1,2,1,17,62
2025-12-12 05:42:44.504945,1,1,1,16,62
2025-12-12 05:42:47.914021,1,1,2,16,62
2025-12-12 05:42:50.789561,1,1,1,16,62
2025-12-12 05:42:53.586293,1,1,1,16,62
2025-12-12 05:42:57.443930,1,1,2,15,62
2025-12-12 05:43:00.765208,1,1,1,15,62
2025-12-12 05:43:04.565673,1,1,1,15,62
2025-12-12 05:43:07.481069,1,1,1,15,62
2025-12-12 05:43:11.384038,1,1,1,15,62
2025-12-12 05:43:14.191268,1,1,1,15,62
2025-12-12 05:43:17.076334,1,1,1,15,62
2025-12-12 05:43:20.920017,1,1,1,15,62
2025-12-12 05:43:24.827170,1,2,1,15,62
2025-12-12 05:43:27.584800,1,2,1,15,62
2025-12-12 05:43:30.494881,1,1,1,15,62
2025-12-12 05:43:33.400430,1,1,1,15,62
2025-12-12 05:43:36.211219,1,1,1,15,62
2025-12-12 05:43:40.049829,1,2,1,15,62
2025-12-12 05:43:43.887407,1,1,1,15,62
2025-12-12 05:43:47.388510,1,1,1,15,62
2025-12-12 05:43:50.203950,1,1,1,15,62
2025-12-12 05:43:53.058655,1,1,1,15,62
2025-12-12 05:43:56.916015,1,1,1,15,62
2025-12-12 05:44:00.225525,1,1,1,15,62
2025-12-12 05:44:04.052823,1,1,1,15,62
2025-12-12 05:44:06.995565,1,1,1,15,62
2025-12-12 05:44:11.403801,1,1,1,14,62
2025-12-12 05:44:14.214801,1,1,1,14,62
2025-12-12 05:44:17.123638,1,2,2,14,62
2025-12-12 05:44:20.935951,1,2,6,14,62
2025-12-12 05:44:24.245945,1,1,1,14,63
2025-12-12 05:44:27.053127,1,1,1,14,66
2025-12-12 05:44:29.972040,1,1,1,14,69
2025-12-12 05:44:32.822099,1,1,1,14,72
2025-12-12 05:44:35.633815,1,1,1,14,74
2025-12-12 05:44:39.494997,1,1,1,14,74
2025-12-12 05:44:42.803624,1,1,1,14,74
2025-12-12 05:44:45.622920,1,1,1,14,74
2025-12-12 05:44:48.521183,1,1,1,14,75
2025-12-12 05:44:51.432079,1,1,1,15,75
2025-12-12 05:44:54.239909,1,1,1,15,75
2025-12-12 05:44:58.049223,1,1,1,15,75
2025-12-12 05:45:01.909302,1,1,1,15,75
2025-12-12 05:45:05.267921,1,1,1,15,75
2025-12-12 05:45:08.656387,1,1,1,15,75
2025-12-12 05:45:12.540665,1,1,1,15,75
2025-12-12 05:45:15.456997,1,1,1,14,75
2025-12-12 05:45:18.260818,1,1,1,14,74
2025-12-12 05:45:22.073092,1,1,1,14,71
2025-12-12 05:45:25.029608,1,1,1,15,70
2025-12-12 05:45:29.443130,1,1,1,15,69
2025-12-12 05:45:32.250006,1,1,1,14,66
2025-12-12 05:45:35.116831,1,1,1,15,65
2025-12-12 05:45:38.970254,1,1,1,15,65
2025-12-12 05:45:42.277363,1,1,1,15,65
2025-12-12 05:45:46.088767,1,1,1,15,65
2025-12-12 05:45:49.050910,1,1,1,15,65
2025-12-12 05:45:53.490746,1,1,1,16,64
2025-12-12 05:45:56.285899,1,1,1,16,64
2025-12-12 05:45:59.126747,1,1,1,16,63
2025-12-12 05:46:02.991349,1,1,1,16,63
2025-12-12 05:46:05.899740,1,1,1,16,63
2025-12-12 05:46:08.660848,1,1,1,16,62
2025-12-12 05:46:12.762738,1,1,1,16,62
2025-12-12 05:46:15.489741,1,1,1,16,62
2025-12-12 05:46:18.280463,1,1,1,16,62
2025-12-12 05:46:22.088797,1,1,1,16,62
2025-12-12 05:46:25.951018,1,1,1,16,62
2025-12-12 05:46:29.475693,1,1,1,16,62
2025-12-12 05:46:32.292648,1,1,1,16,62
2025-12-12 05:46:35.138366,1,1,1,16,62
2025-12-12 05:46:38.988482,1,1,1,16,62
2025-12-12 05:46:42.299105,1,1,1,16,62
2025-12-12 05:46:46.110553,1,1,1,16,62
2025-12-12 05:46:49.018072,1,1,1,16,62
2025-12-12 05:46:51.826824,1,1,1,16,62
2025-12-12 05:46:55.688367,1,1,1,17,62
2025-12-12 05:46:58.599796,1,1,1,17,62
2025-12-12 05:47:01.964208,1,1,1,17,62
2025-12-12 05:47:05.716468,1,1,1,18,62
2025-12-12 05:47:09.633892,1,1,1,19,62
2025-12-12 05:47:13.033808,1,1,1,19,62
2025-12-12 05:47:15.844414,1,1,1,18,62
2025-12-12 05:47:19.704741,1,1,1,19,62
2025-12-12 05:47:22.625316,1,1,1,19,62
2025-12-12 05:47:25.988070,1,1,1,19,62
2025-12-12 05:47:29.282803,1,1,1,18,62
2025-12-12 05:47:32.152881,1,1,1,18,62
2025-12-12 05:47:36.051622,1,1,1,18,62
2025-12-12 05:47:38.911748,1,1,1,18,62
2025-12-12 05:47:41.720220,1,1,1,19,62
2025-12-12 05:47:45.598012,1,1,1,18,62
2025-12-12 05:47:48.539674,1,1,1,19,62
2025-12-12 05:47:51.851907,1,1,1,19,62
2025-12-12 05:47:55.709742,1,1,1,18,62
2025-12-12 05:47:58.623632,1,1,1,17,62
2025-12-12 05:48:01.979161,1,1,1,17,62
2025-12-12 05:48:05.737952,1,1,1,17,62
2025-12-12 05:48:08.701100,1,1,1,17,62
2025-12-12 05:48:12.609828,1,1,1,18,62
2025-12-12 05:48:15.536440,1,1,1,19,62
2025-12-12 05:48:18.328323,1,1,1,19,62
2025-12-12 05:48:22.138122,1,1,1,21,62
2025-12-12 05:48:26.042935,1,1,1,21,62
2025-12-12 05:48:29.360581,1,1,1,22,62
2025-12-12 05:48:32.167372,1,1,1,22,62
2025-12-12 05:48:36.077106,1,1,1,23,62
2025-12-12 05:48:38.942120,1,1,1,23,62
2025-12-12 05:48:41.750055,1,1,12,20,62
2025-12-12 05:48:45.607623,1,1,1,18,62
2025-12-12 05:48:48.920140,1,1,1,19,62
2025-12-12 05:48:51.741151,1,1,1,18,62
2025-12-12 05:48:54.641998,1,1,1,19,62
2025-12-12 05:48:57.546514,1,1,1,18,62
2025-12-12 05:49:00.374469,1,1,1,18,62
2025-12-12 05:49:04.161059,1,1,1,16,62
2025-12-12 05:49:08.022348,1,1,1,15,62
2025-12-12 05:49:11.532812,1,1,1,14,62
2025-12-12 05:49:14.370296,1,1,1,13,62
2025-12-12 05:49:17.203117,1,2,5,14,62
2025-12-12 05:49:21.061894,1,2,10,15,64
2025-12-12 05:49:24.374321,1,2,26,14,67
2025-12-12 05:49:28.180055,1,2,10,14,70
2025-12-12 05:49:32.140696,1,2,1,16,68
2025-12-12 05:49:35.553335,1,2,1,18,66
2025-12-12 05:49:38.382849,1,2,4,19,66
2025-12-12 05:49:41.272515,1,1,1,20,66
2025-12-12 05:49:44.580550,1,2,1,21,66
2025-12-12 05:49:47.390879,1,2,2,21,68
2025-12-12 05:49:50.250472,1,1,1,22,71
2025-12-12 05:49:53.562692,1,2,3,22,72
2025-12-12 05:49:56.370330,1,2,4,20,72
2025-12-12 05:49:59.279236,1,1,2,18,72
2025-12-12 05:50:03.096447,1,2,7,16,75
2025-12-12 05:50:06.398932,1,2,6,15,75
2025-12-12 05:50:09.257642,1,1,1,14,75
2025-12-12 05:50:12.121863,1,2,9,13,75
2025-12-12 05:50:14.975840,1,2,8,13,75
2025-12-12 05:50:17.836623,1,2,1,12,75
2025-12-12 05:50:21.668107,1,1,5,12,75
2025-12-12 05:50:24.957482,1,1,1,12,75
2025-12-12 05:50:27.830393,1,2,6,12,75
2025-12-12 05:50:30.674505,1,1,2,12,75
2025-12-12 05:50:33.587489,1,2,1,11,75
2025-12-12 05:50:36.396037,1,1,5,11,75
2025-12-12 05:50:40.724683,1,2,1,11,75
2025-12-12 05:50:44.063698,1,2,1,11,75
2025-12-12 05:50:47.575508,1,2,9,11,75
2025-12-12 05:50:50.385607,1,1,1,11,75
2025-12-12 05:50:53.302703,1,2,14,11,75
2025-12-12 05:50:57.101631,1,1,1,11,75
2025-12-12 05:51:00.413876,1,1,1,11,72
2025-12-12 05:51:04.242541,1,2,5,11,69
2025-12-12 05:51:07.133090,1,2,6,11,68
2025-12-12 05:51:09.942005,1,1,1,11,71
2025-12-12 05:51:13.851551,1,2,2,11,74
2025-12-12 05:51:16.713382,1,2,2,11,71
2025-12-12 05:51:20.071208,1,1,3,11,68
2025-12-12 05:51:23.832540,1,1,5,12,67
2025-12-12 05:51:27.654978,1,2,2,15,67
2025-12-12 05:51:31.502868,1,2,1,13,67
2025-12-12 05:51:36.151005,1,2,4,13,67
2025-12-12 05:51:37.177187,1,2,3,12,67
2025-12-12 05:51:39.987754,1,2,6,12,67
2025-12-12 05:51:44.795624,1,2,2,13,67
2025-12-12 05:51:48.723839,1,2,21,14,67
2025-12-12 05:51:51.614793,1,2,21,14,67
2025-12-12 05:51:54.424562,1,2,4,14,67
2025-12-12 05:51:58.732596,1,2,10,14,65
2025-12-12 05:52:02.094090,1,2,16,15,62
2025-12-12 05:52:05.851956,1,2,5,15,62
2025-12-12 05:52:09.664297,1,2,11,15,62
2025-12-12 05:52:12.984558,1,2,2,15,62
2025-12-12 05:52:16.792554,1,2,1,15,62
2025-12-12 05:52:20.695341,1,2,1,15,62
2025-12-12 05:52:24.055356,1,2,11,16,63
2025-12-12 05:52:27.861901,1,2,6,16,63
2025-12-12 05:52:30.772813,1,2,5,16,63
2025-12-12 05:52:34.184062,1,2,9,16,63
2025-12-12 05:52:36.992879,1,2,7,16,63
2025-12-12 05:52:40.802055,1,1,12,16,63
2025-12-12 05:52:45.162207,1,1,1,16,63
2025-12-12 05:52:49.172148,1,1,1,16,63
2025-12-12 05:52:51.997468,1,2,1,16,63
2025-12-12 05:52:56.806153,1,2,2,16,63
2025-12-12 05:53:00.657215,1,2,3,15,63
2025-12-12 05:53:03.467250,1,1,9,15,63
2025-12-12 05:53:07.323456,1,2,1,15,63
2025-12-12 05:53:10.183449,1,2,12,15,63
2025-12-12 05:53:12.994117,1,2,1,15,66
2025-12-12 05:53:17.355339,1,2,6,15,72
2025-12-12 05:53:21.163682,1,1,1,15,75
2025-12-12 05:53:24.472181,1,1,1,15,77
2025-12-12 05:53:28.782203,1,2,8,15,77
2025-12-12 05:53:33.742943,1,2,6,15,77
2025-12-12 05:53:36.676527,1,1,1,14,77
2025-12-12 05:53:39.481598,1,2,2,14,74
2025-12-12 05:53:43.323451,1,2,14,12,71
2025-12-12 05:53:46.231387,1,2,12,11,70
2025-12-12 05:53:49.039931,1,2,10,11,73
2025-12-12 05:53:52.857289,1,2,34,11,76
2025-12-12 05:53:55.768071,1,2,5,11,77
2025-12-12 05:53:59.687344,1,2,1,11,72
2025-12-12 05:54:02.479844,1,1,3,12,72
2025-12-12 05:54:05.391118,1,1,1,12,75
2025-12-12 05:54:09.201298,1,1,1,13,78
2025-12-12 05:54:12.662159,1,1,1,13,81
2025-12-12 05:54:15.488139,1,2,4,13,79
2025-12-12 05:54:19.380760,1,1,2,13,82
2025-12-12 05:54:22.245095,1,1,1,13,79
2025-12-12 05:54:25.050975,1,2,3,13,74
2025-12-12 05:54:29.361322,1,1,2,13,80
2025-12-12 05:54:32.222475,1,1,1,13,83
2025-12-12 05:54:35.091562,1,2,2,12,83
2025-12-12 05:54:37.891740,1,1,2,12,83
2025-12-12 05:54:40.801428,1,1,1,12,79
2025-12-12 05:54:44.185868,1,2,2,12,76
2025-12-12 05:54:47.920695,1,1,3,12,72
2025-12-12 05:54:50.783499,1,1,1,12,72
2025-12-12 05:54:53.690689,1,1,3,12,72
2025-12-12 05:54:56.496292,1,1,1,12,72
2025-12-12 05:54:59.408019,1,2,3,12,75
2025-12-12 05:55:03.222982,1,1,1,12,78
2025-12-12 05:55:06.529589,1,1,1,12,81
2025-12-12 05:55:09.341290,1,1,1,11,82
2025-12-12 05:55:12.246839,1,1,2,11,82
2025-12-12 05:55:15.109188,1,2,9,11,82
2025-12-12 05:55:17.925752,1,1,1,11,82
2025-12-12 05:55:21.778849,1,2,1,11,82
2025-12-12 05:55:25.145201,1,2,3,11,79
2025-12-12 05:55:27.948446,1,1,1,11,79
2025-12-12 05:55:30.845876,1,2,1,12,79
2025-12-12 05:55:33.733976,1,1,1,12,76
2025-12-12 05:55:36.527368,1,1,1,12,74
2025-12-12 05:55:40.335251,1,1,2,17,74
2025-12-12 05:55:44.196690,1,1,2,18,74
2025-12-12 05:55:47.705479,1,1,1,19,80
2025-12-12 05:55:50.516656,1,1,3,20,83
2025-12-12 05:55:53.384945,1,1,1,21,86
2025-12-12 05:55:57.234305,1,1,1,21,89
2025-12-12 05:56:00.564406,1,1,1,22,89
2025-12-12 05:56:04.374757,1,2,1,22,89
2025-12-12 05:56:07.263558,1,2,4,22,89
2025-12-12 05:56:10.074227,1,1,1,23,89
2025-12-12 05:56:13.937692,1,2,1,23,92
2025-12-12 05:56:16.900582,1,1,2,23,95
2025-12-12 05:56:20.210187,1,1,1,22,98
2025-12-12 05:56:23.962643,1,2,3,22,86
2025-12-12 05:56:27.783386,1,1,1,22,80
2025-12-12 05:56:31.084669,1,1,1,22,75
2025-12-12 05:56:34.912729,1,1,1,22,72
2025-12-12 05:56:39.282334,1,1,2,22,66
2025-12-12 05:56:42.564124,1,1,1,22,64
2025-12-12 05:56:46.870812,1,1,1,23,64
2025-12-12 05:56:50.281877,1,1,1,23,67
2025-12-12 05:56:53.141232,1,1,1,22,67
2025-12-12 05:56:56.001300,1,1,1,19,67
2025-12-12 05:56:58.860845,1,2,2,20,67
2025-12-12 05:57:02.221272,1,1,1,20,67
2025-12-12 05:57:05.981303,1,1,1,21,73
2025-12-12 05:57:09.792186,1,2,1,22,76
2025-12-12 05:57:13.099365,1,1,1,23,76
2025-12-12 05:57:16.911338,1,1,1,23,75
2025-12-12 05:57:21.267844,1,1,3,23,70
2025-12-12 05:57:24.578200,1,1,1,24,73
2025-12-12 05:57:28.402485,1,1,1,25,76
2025-12-12 05:57:31.798005,1,2,2,25,79
2025-12-12 05:57:35.157694,1,1,1,25,85
2025-12-12 05:57:38.019900,1,2,2,25,85
2025-12-12 05:57:40.876421,1,1,1,25,88
2025-12-12 05:57:44.239806,1,2,2,24,85
2025-12-12 05:57:48.000012,1,1,1,24,74
2025-12-12 05:57:50.918219,1,1,1,20,71
2025-12-12 05:57:54.822235,1,2,1,20,68
2025-12-12 05:57:58.128046,1,1,1,19,66
2025-12-12 05:58:02.939797,1,1,1,19,66
2025-12-12 05:58:06.803251,1,1,1,21,65
2025-12-12 05:58:09.613119,1,2,1,21,65
2025-12-12 05:58:13.015284,1,2,3,21,65
2025-12-12 05:58:16.324650,1,2,3,22,65
2025-12-12 05:58:19.133625,1,1,1,23,65
2025-12-12 05:58:22.944356,1,2,1,23,65
2025-12-12 05:58:26.804510,1,1,2,23,67
2025-12-12 05:58:29.617672,1,1,2,24,70
2025-12-12 05:58:33.575909,1,1,3,21,73
2025-12-12 05:58:37.510918,1,2,2,17,74
2025-12-12 05:58:40.344654,1,1,1,15,73
2025-12-12 05:58:43.154114,1,1,1,14,70
2025-12-12 05:58:46.966811,1,2,4,15,67
2025-12-12 05:58:50.834322,1,2,1,16,64
2025-12-12 05:58:54.234022,1,1,1,17,65
2025-12-12 05:58:57.047183,1,2,1,19,68
2025-12-12 05:59:00.909549,1,1,1,21,71
2025-12-12 05:59:03.840123,1,1,1,19,74
2025-12-12 05:59:06.627773,1,1,2,19,77
2025-12-12 05:59:10.435873,1,2,4,17,77
2025-12-12 05:59:13.345481,1,1,1,16,73
2025-12-12 05:59:16.157325,1,1,1,16,70
2025-12-12 05:59:20.019810,1,2,1,15,67
2025-12-12 05:59:22.926167,1,1,1,15,64
2025-12-12 05:59:26.302734,1,2,1,15,63
2025-12-12 05:59:30.046153,1,1,1,15,63
2025-12-12 05:59:33.856030,1,1,2,14,63
2025-12-12 05:59:37.168697,1,1,1,14,63
2025-12-12 05:59:41.475653,1,1,1,14,63
2025-12-12 05:59:45.335484,1,1,1,14,63
2025-12-12 05:59:48.649494,1,1,1,13,63
2025-12-12 05:59:52.453632,1,2,2,12,63
2025-12-12 05:59:55.362265,1,1,1,12,63
2025-12-12 05:59:58.178993,1,2,1,12,63
2025-12-12 06:00:02.989208,1,1,1,12,63
2025-12-12 06:00:06.394138,1,2,1,12,63
2025-12-12 06:00:09.253290,1,1,1,12,64
2025-12-12 06:00:12.062030,1,1,1,12,67
2025-12-12 06:00:14.959918,1,2,3,12,70
2025-12-12 06:00:18.840533,1,1,1,12,73
2025-12-12 06:00:21.655179,1,1,1,12,73
2025-12-12 06:00:25.555068,1,2,2,12,73
2025-12-12 06:00:28.410552,1,1,1,12,73
2025-12-12 06:00:31.224132,1,1,1,12,73
2025-12-12 06:00:34.080222,1,1,1,12,73
2025-12-12 06:00:36.943102,1,1,1,12,73
2025-12-12 06:00:39.861715,1,1,1,11,70
2025-12-12 06:00:42.661232,1,1,1,11,69
2025-12-12 06:00:46.477192,1,1,2,11,68
2025-12-12 06:00:50.334333,1,1,1,11,65
2025-12-12 06:00:53.839985,1,2,3,11,65
2025-12-12 06:00:56.649309,1,1,1,11,65
2025-12-12 06:00:59.561802,1,2,2,11,65
2025-12-12 06:01:03.371366,1,1,1,11,65
2025-12-12 06:01:06.681446,1,2,4,11,65
2025-12-12 06:01:10.489810,1,1,1,11,65
2025-12-12 06:01:13.444105,1,1,1,11,65
2025-12-12 06:01:17.863064,1,1,1,11,65
2025-12-12 06:01:20.668425,1,2,1,11,65
2025-12-12 06:01:23.575912,1,1,1,11,65
2025-12-12 06:01:27.386348,1,1,1,12,65
2025-12-12 06:01:30.696852,1,2,1,12,65
2025-12-12 06:01:33.512647,1,2,1,12,65
2025-12-12 06:01:36.417373,1,2,1,13,63
2025-12-12 06:01:39.276871,1,1,1,13,62
2025-12-12 06:01:42.084890,1,2,1,13,62
2025-12-12 06:01:45.946145,1,2,3,13,62
2025-12-12 06:01:49.253539,1,2,2,13,62
2025-12-12 06:01:52.065864,1,1,1,13,62
2025-12-12 06:01:54.974646,1,2,1,13,62
2025-12-12 06:01:57.884238,1,2,2,13,62
2025-12-12 06:02:00.694983,1,1,1,13,62
2025-12-12 06:02:05.038106,1,1,2,13,62
2025-12-12 06:02:08.365851,1,1,2,13,62
2025-12-12 06:02:12.321530,1,1,1,14,62
2025-12-12 06:02:15.133871,1,2,3,14,62
2025-12-12 06:02:17.992242,1,2,5,14,63
2025-12-12 06:02:20.899763,1,1,2,14,66
2025-12-12 06:02:23.718609,1,2,3,14,69
2025-12-12 06:02:26.572099,1,1,1,14,72
2025-12-12 06:02:29.430009,1,1,3,14,75
2025-12-12 06:02:32.287782,1,1,2,14,73
2025-12-12 06:02:35.097894,1,1,1,14,73
2025-12-12 06:02:38.007772,1,2,3,14,70
2025-12-12 06:02:41.919943,1,1,1,14,65
2025-12-12 06:02:44.728247,1,2,1,15,68
2025-12-12 06:02:47.591983,1,2,4,15,71
2025-12-12 06:02:51.398948,1,1,2,16,74
2025-12-12 06:02:54.714699,1,2,1,16,77
2025-12-12 06:02:58.515763,1,2,1,16,80
2025-12-12 06:03:02.377152,1,1,1,16,83
2025-12-12 06:03:06.135352,1,2,1,18,88
2025-12-12 06:03:09.647456,1,2,1,18,88
2025-12-12 06:03:12.456142,1,1,1,19,88
2025-12-12 06:03:15.317767,1,1,1,20,88
2025-12-12 06:03:18.129988,1,2,1,20,88
2025-12-12 06:03:21.998749,1,2,2,21,84
2025-12-12 06:03:25.294722,1,1,2,20,80
2025-12-12 06:03:28.706810,1,1,3,19,77
2025-12-12 06:03:31.617261,1,2,3,19,74
2025-12-12 06:03:34.475376,1,1,4,20,73
2025-12-12 06:03:37.284741,1,1,2,20,73
2025-12-12 06:03:41.099116,1,2,2,20,73
2025-12-12 06:03:45.454331,1,2,4,20,70
2025-12-12 06:03:48.916346,1,2,2,20,70
2025-12-12 06:03:51.726819,1,2,1,20,70
2025-12-12 06:03:55.584641,1,2,4,20,70
2025-12-12 06:03:58.495737,1,1,1,20,70
2025-12-12 06:04:01.305178,1,1,2,20,70
2025-12-12 06:04:05.665215,1,2,4,20,70
2025-12-12 06:04:09.978017,1,2,2,20,70
2025-12-12 06:04:13.285530,1,2,2,18,70
2025-12-12 06:04:17.647493,1,2,1,17,70
2025-12-12 06:04:21.457742,1,1,2,17,70
2025-12-12 06:04:24.767334,1,2,2,16,70
2025-12-12 06:04:28.586135,1,2,1,16,70
2025-12-12 06:04:31.486918,1,1,1,16,70
2025-12-12 06:04:34.299852,1,2,1,16,70
2025-12-12 06:04:39.613022,1,1,1,16,68
2025-12-12 06:04:42.517204,1,2,3,16,68
2025-12-12 06:04:45.378507,1,2,1,18,68
2025-12-12 06:04:49.289132,1,2,1,19,69
2025-12-12 06:04:52.748549,1,2,1,21,72
2025-12-12 06:04:55.656730,1,2,2,21,75
2025-12-12 06:04:58.518103,1,1,1,22,78
2025-12-12 06:05:01.335569,1,2,1,22,81
2025-12-12 06:05:05.137873,1,2,1,22,84
2025-12-12 06:05:08.071797,1,2,2,22,85
2025-12-12 06:05:11.959411,1,1,5,22,85
2025-12-12 06:05:14.770847,1,2,3,23,85
2025-12-12 06:05:17.629415,1,2,3,22,85
2025-12-12 06:05:21.493044,1,1,3,19,85
2025-12-12 06:05:24.798434,1,2,1,18,85
2025-12-12 06:05:28.168476,1,2,4,17,84
2025-12-12 06:05:31.067764,1,1,3,15,80
2025-12-12 06:05:33.977730,1,1,2,15,77
2025-12-12 06:05:36.795852,1,2,5,15,74
2025-12-12 06:05:40.604077,1,2,1,14,72
2025-12-12 06:05:44.456508,1,1,1,14,71
2025-12-12 06:05:48.417789,1,1,4,14,71
2025-12-12 06:05:51.226254,1,1,4,14,71
2025-12-12 06:05:55.089034,1,2,3,14,71
2025-12-12 06:05:58.003207,1,1,1,14,71
2025-12-12 06:06:00.805608,1,1,1,14,71
2025-12-12 06:06:04.618062,1,2,2,14,71
2025-12-12 06:06:07.533989,1,1,2,14,71
2025-12-12 06:06:10.343078,1,2,1,14,71
2025-12-12 06:06:15.152348,1,1,1,15,69
2025-12-12 06:06:18.557780,1,2,4,15,69
2025-12-12 06:06:21.418065,1,2,1,15,69
2025-12-12 06:06:24.278726,1,1,1,16,69
2025-12-12 06:06:27.086949,1,2,1,16,69
2025-12-12 06:06:30.018138,1,2,1,17,69
2025-12-12 06:06:32.804110,1,2,2,17,67
2025-12-12 06:06:35.667861,1,1,1,16,67
2025-12-12 06:06:39.523311,1,2,1,16,67
2025-12-12 06:06:42.835466,1,1,3,15,67
2025-12-12 06:06:45.695387,1,1,1,15,67
2025-12-12 06:06:48.553865,1,2,1,16,67
2025-12-12 06:06:51.416057,1,2,9,17,67
2025-12-12 06:06:54.221002,1,2,9,16,67
2025-12-12 06:06:58.091586,1,1,3,17,67
2025-12-12 06:07:01.390988,1,2,1,18,70
2025-12-12 06:07:04.228389,1,1,1,17,73
2025-12-12 06:07:07.108916,1,1,1,16,70
2025-12-12 06:07:10.025776,1,1,1,16,67
2025-12-12 06:07:12.828223,1,2,1,16,67
2025-12-12 06:07:17.141639,1,1,1,16,67
2025-12-12 06:07:20.500113,1,2,1,17,67
2025-12-12 06:07:24.257963,1,1,1,18,71
2025-12-12 06:07:28.067001,1,2,1,20,74
2025-12-12 06:07:31.378351,1,1,2,22,77
2025-12-12 06:07:35.186838,1,1,1,22,80
2025-12-12 06:07:39.048485,1,1,1,23,82
2025-12-12 06:07:41.858828,1,2,1,24,84
2025-12-12 06:07:44.673292,1,1,1,24,84
2025-12-12 06:07:48.578998,1,1,1,23,84
2025-12-12 06:07:51.439719,1,1,1,22,82
2025-12-12 06:07:54.258832,1,1,1,22,81
2025-12-12 06:07:58.107365,1,2,1,22,81
2025-12-12 06:08:01.417449,1,1,1,22,77
2025-12-12 06:08:05.327416,1,2,3,22,71
2025-12-12 06:08:08.140827,1,2,2,21,68
2025-12-12 06:08:12.046975,1,1,1,21,72
2025-12-12 06:08:14.866766,1,1,1,21,75
2025-12-12 06:08:17.717681,1,1,1,21,78
2025-12-12 06:08:21.575182,1,1,1,21,81
2025-12-12 06:08:24.436157,1,1,1,21,82
2025-12-12 06:08:27.248792,1,1,1,20,82
2025-12-12 06:08:31.183533,1,1,1,21,82
2025-12-12 06:08:34.067322,1,1,3,20,85
2025-12-12 06:08:36.876755,1,1,1,20,88
2025-12-12 06:08:40.684746,1,2,2,21,91
2025-12-12 06:08:43.594392,1,1,1,22,94
2025-12-12 06:08:46.411148,1,1,1,23,97
2025-12-12 06:08:51.720755,1,1,1,23,96
2025-12-12 06:08:54.630376,1,1,1,22,96
2025-12-12 06:08:57.484067,1,2,2,20,96
2025-12-12 06:09:00.346222,1,1,1,18,90
2025-12-12 06:09:03.192897,1,2,1,16,84
2025-12-12 06:09:06.072622,1,1,2,15,78
2025-12-12 06:09:08.875608,1,1,1,14,72
2025-12-12 06:09:11.735093,1,2,1,13,71
2025-12-12 06:09:15.597302,1,1,1,13,71
2025-12-12 06:09:18.903941,1,2,2,12,71
2025-12-12 06:09:21.765844,1,2,1,12,71
2025-12-12 06:09:24.621930,1,1,1,12,71
2025-12-12 06:09:27.489093,1,2,2,12,71
2025-12-12 06:09:30.291252,1,1,1,12,70
2025-12-12 06:09:34.155457,1,2,1,12,67
2025-12-12 06:09:37.469586,1,1,1,12,66
2025-12-12 06:09:41.473576,1,1,1,14,64
2025-12-12 06:09:44.281767,1,1,1,15,64
2025-12-12 06:09:47.192872,1,2,2,17,63
2025-12-12 06:09:50.553048,1,2,2,17,63
2025-12-12 06:09:54.311788,1,1,1,17,66
2025-12-12 06:09:58.325361,1,1,1,19,69
2025-12-12 06:10:01.685641,1,1,1,20,72
2025-12-12 06:10:06.093684,1,2,2,21,78
2025-12-12 06:10:08.907913,1,2,2,20,81
2025-12-12 06:10:11.763160,1,1,1,17,84
2025-12-12 06:10:15.624831,1,2,2,16,84
2025-12-12 06:10:19.484284,1,1,2,18,85
2025-12-12 06:10:22.895011,1,1,1,17,85
2025-12-12 06:10:25.752810,1,1,1,16,86
2025-12-12 06:10:28.667149,1,1,1,15,86
2025-12-12 06:10:31.476329,1,1,1,15,83
2025-12-12 06:10:35.284864,1,2,1,15,81
2025-12-12 06:10:38.194763,1,1,2,16,81
2025-12-12 06:10:41.509855,1,1,1,17,83
2025-12-12 06:10:44.366108,1,1,3,19,83
2025-12-12 06:10:47.240185,1,1,2,19,84
2025-12-12 06:10:50.537115,1,2,1,20,77
2025-12-12 06:10:55.157834,1,2,1,21,74
2025-12-12 06:10:58.458201,1,1,1,21,71
2025-12-12 06:11:03.271913,1,1,1,22,69
2025-12-12 06:11:06.681229,1,2,2,22,69
2025-12-12 06:11:09.562421,1,1,1,22,69
2025-12-12 06:11:12.350693,1,1,1,22,69
2025-12-12 06:11:16.161939,1,1,1,22,69
2025-12-12 06:11:19.468988,1,1,1,20,69
2025-12-12 06:11:23.781542,1,1,1,18,69
2025-12-12 06:11:27.645616,1,1,1,18,69
2025-12-12 06:11:31.451173,1,2,1,20,69
2025-12-12 06:11:34.263075,1,2,2,21,69
2025-12-12 06:11:37.672285,1,1,2,22,69
2025-12-12 06:11:40.983043,1,1,1,22,69
2025-12-12 06:11:43.805405,1,2,3,23,69
2025-12-12 06:11:46.703456,1,2,2,23,69
2025-12-12 06:11:49.511915,1,1,1,23,69
2025-12-12 06:11:53.324158,1,1,1,23,69
2025-12-12 06:11:56.237383,1,1,1,23,70
2025-12-12 06:12:00.155422,1,1,1,24,70
2025-12-12 06:12:02.962829,1,1,1,24,72
2025-12-12 06:12:05.815372,1,1,1,24,75
2025-12-12 06:12:09.678560,1,1,2,24,76
2025-12-12 06:12:12.596417,1,1,1,24,76
2025-12-12 06:12:15.396524,1,1,2,24,76
2025-12-12 06:12:18.716610,1,2,2,24,76
2025-12-12 06:12:21.575680,1,1,1,24,76
2025-12-12 06:12:24.426615,1,1,1,22,76
2025-12-12 06:12:27.734837,1,2,1,21,76
2025-12-12 06:12:31.147534,1,1,2,19,76
2025-12-12 06:12:34.459873,1,1,1,19,76
2025-12-12 06:12:37.267225,1,1,1,17,76
2025-12-12 06:12:40.197094,1,2,1,17,76
2025-12-12 06:12:42.987639,1,2,1,17,74
2025-12-12 06:12:47.294980,1,1,1,17,74
2025-12-12 06:12:51.706928,1,1,2,16,74
2025-12-12 06:12:54.566069,1,1,2,16,74
2025-12-12 06:12:57.431900,1,2,1,16,74
2025-12-12 06:13:01.291008,1,1,3,15,74
2025-12-12 06:13:04.205838,1,2,5,15,74
2025-12-12 06:13:08.658570,1,1,2,15,74
2025-12-12 06:13:11.573494,1,1,2,15,71
2025-12-12 06:13:14.428207,1,2,2,15,71
2025-12-12 06:13:17.290949,1,1,1,15,71
2025-12-12 06:13:20.653976,1,2,3,15,71
2025-12-12 06:13:24.406412,1,2,1,15,71
2025-12-12 06:13:27.316191,1,2,7,15,71
2025-12-12 06:13:30.726179,1,2,25,14,71
2025-12-12 06:13:33.584755,1,2,75,14,70
2025-12-12 06:13:36.404404,1,2,47,14,67
2025-12-12 06:13:40.254956,1,1,2,14,66
2025-12-12 06:13:43.565575,1,1,1,14,66
2025-12-12 06:13:47.371401,1,2,3,14,63
2025-12-12 06:13:50.283375,1,1,1,14,62
2025-12-12 06:13:54.194844,1,2,3,14,62
2025-12-12 06:13:57.003132,1,1,1,14,63
2025-12-12 06:13:59.914919,1,1,1,14,65
2025-12-12 06:14:03.724156,1,1,1,14,65
2025-12-12 06:14:07.034120,1,1,1,14,65
2025-12-12 06:14:09.841720,1,2,3,14,65
2025-12-12 06:14:12.752110,1,2,1,14,65
2025-12-12 06:14:15.624791,1,1,1,16,67
2025-12-12 06:14:18.474526,1,2,1,17,70
2025-12-12 06:14:22.282151,1,1,1,15,73
2025-12-12 06:14:26.241299,1,1,1,13,75
2025-12-12 06:14:29.614265,1,2,1,14,80
2025-12-12 06:14:32.460999,1,2,2,14,80
2025-12-12 06:14:35.320490,1,1,1,14,83
2025-12-12 06:14:38.692748,1,1,1,13,86
2025-12-12 06:14:42.489469,1,2,1,13,90
2025-12-12 06:14:45.955918,1,1,1,14,88
2025-12-12 06:14:48.761432,1,1,1,15,85
2025-12-12 06:14:51.631774,1,1,1,14,82
2025-12-12 06:14:54.433104,1,1,1,13,81
2025-12-12 06:14:58.292644,1,1,1,13,81
2025-12-12 06:15:01.608682,1,1,1,12,81
2025-12-12 06:15:05.061585,1,1,1,12,81
2025-12-12 06:15:07.869894,1,2,3,12,81
2025-12-12 06:15:11.241449,1,1,1,12,80
2025-12-12 06:15:14.042806,1,2,2,11,77
2025-12-12 06:15:16.900787,1,1,1,11,77
2025-12-12 06:15:19.813535,1,2,2,11,77
2025-12-12 06:15:24.720827,1,1,1,11,77
2025-12-12 06:15:28.232534,1,1,1,13,77
2025-12-12 06:15:31.040083,1,1,1,13,77
2025-12-12 06:15:34.860324,1,1,1,17,77
2025-12-12 06:15:38.708965,1,1,1,15,77
2025-12-12 06:15:42.469211,1,1,1,14,77
2025-12-12 06:15:45.329432,1,1,2,13,77
2025-12-12 06:15:48.239549,1,1,1,12,77
2025-12-12 06:15:51.049977,1,1,1,12,77
2025-12-12 06:15:53.910461,1,1,1,11,77
2025-12-12 06:15:57.769994,1,1,1,11,77
2025-12-12 06:16:01.079977,1,1,2,11,77
2025-12-12 06:16:03.937688,1,1,1,11,77
2025-12-12 06:16:06.797464,1,2,1,11,76
2025-12-12 06:16:09.664762,1,1,1,11,73
2025-12-12 06:16:12.467089,1,1,1,11,71
2025-12-12 06:16:16.326537,1,1,1,11,72
2025-12-12 06:16:19.634861,1,1,3,11,75
2025-12-12 06:16:23.048491,1,1,1,11,77
2025-12-12 06:16:25.955523,1,1,1,11,77
2025-12-12 06:16:28.817981,1,1,3,11,77
2025-12-12 06:16:31.624232,1,1,1,11,77
2025-12-12 06:16:35.984322,1,1,1,11,72
2025-12-12 06:16:39.810263,1,1,1,11,70
2025-12-12 06:16:43.254632,1,1,3,11,67
2025-12-12 06:16:46.065197,1,1,1,11,67
2025-12-12 06:16:49.983198,1,1,1,11,67
2025-12-12 06:16:52.834435,1,1,1,11,67
2025-12-12 06:16:55.643692,1,2,2,11,67
2025-12-12 06:16:59.952580,1,1,1,11,67
2025-12-12 06:17:02.828446,1,1,1,11,67
2025-12-12 06:17:05.671969,1,2,2,11,67
2025-12-12 06:17:08.481949,1,1,1,11,67
2025-12-12 06:17:11.391447,1,2,1,11,67
2025-12-12 06:17:14.753861,1,1,2,11,65
2025-12-12 06:17:18.568959,1,1,2,11,64
2025-12-12 06:17:21.421336,1,1,1,11,64
2025-12-12 06:17:25.281659,1,2,1,11,64
2025-12-12 06:17:28.093542,1,1,2,11,64
2025-12-12 06:17:31.951862,1,2,2,11,64
2025-12-12 06:17:34.861084,1,1,1,11,64
2025-12-12 06:17:37.672960,1,1,1,11,64
2025-12-12 06:17:40.479256,1,1,1,11,64
2025-12-12 06:17:43.391796,1,1,1,11,67
2025-12-12 06:17:46.301010,1,2,3,13,69
2025-12-12 06:17:49.113250,1,1,1,13,72
2025-12-12 06:17:52.920758,1,2,16,15,73
2025-12-12 06:17:56.782554,1,2,27,15,76
2025-12-12 06:18:00.797390,1,2,1,23,100
2025-12-12 06:18:04.153321,1,1,2,23,100
2025-12-12 06:18:06.960777,1,1,1,24,100
2025-12-12 06:18:09.872380,1,2,4,24,100
2025-12-12 06:18:12.735161,1,1,1,23,100
2025-12-12 06:18:15.550771,1,1,1,24,100
2025-12-12 06:18:19.401137,1,2,1,20,100
2025-12-12 06:18:22.309155,1,1,1,19,100
2025-12-12 06:18:25.118601,1,1,1,19,99
2025-12-12 06:18:28.929460,1,1,1,17,93
2025-12-12 06:18:32.790537,1,1,1,16,87
2025-12-12 06:18:36.547351,1,1,1,16,75
2025-12-12 06:18:39.414791,1,1,1,15,70
2025-12-12 06:18:42.316812,1,1,2,15,67
2025-12-12 06:18:45.126076,1,1,1,15,64
2025-12-12 06:18:47.986473,1,1,2,16,67
2025-12-12 06:18:51.846545,1,1,1,17,70
2025-12-12 06:18:55.155579,1,1,1,18,73
2025-12-12 06:18:57.963138,1,2,3,18,76
2025-12-12 06:19:00.874326,1,2,2,17,76
2025-12-12 06:19:03.738400,1,1,1,18,74
2025-12-12 06:19:06.593038,1,2,3,19,71
2025-12-12 06:19:09.453231,1,1,1,20,71
2025-12-12 06:19:12.365774,1,1,1,21,69
2025-12-12 06:19:15.724826,1,1,1,18,66
2025-12-12 06:19:18.541166,1,2,3,16,66
2025-12-12 06:19:22.395068,1,1,1,15,66
2025-12-12 06:19:25.706731,1,1,1,16,66
2025-12-12 06:19:30.015099,1,1,1,16,65
2025-12-12 06:19:33.890678,1,1,1,17,65
2025-12-12 06:19:36.733616,1,1,1,16,65
2025-12-12 06:19:39.594800,1,1,1,16,65
2025-12-12 06:19:43.454310,1,1,1,15,65
2025-12-12 06:19:46.372074,1,1,2,14,65
2025-12-12 06:19:49.175312,1,1,1,14,65
2025-12-12 06:19:53.484416,1,1,1,15,65
2025-12-12 06:19:56.892708,1,1,1,15,65
2025-12-12 06:19:59.764959,1,1,1,15,65
2025-12-12 06:20:02.584061,1,2,1,15,65
2025-12-12 06:20:05.469835,1,1,1,15,65
2025-12-12 06:20:08.961700,1,1,1,15,65
2025-12-12 06:20:12.590805,1,1,1,15,65
2025-12-12 06:20:16.401079,1,1,1,15,65
2025-12-12 06:20:22.187182,1,1,1,15,65
2025-12-12 06:20:23.170505,1,2,1,15,65
2025-12-12 06:20:26.046029,1,1,2,15,65
2025-12-12 06:20:28.941337,1,1,1,15,67
2025-12-12 06:20:31.799638,1,2,4,15,68
2025-12-12 06:20:34.585850,1,1,1,15,68
2025-12-12 06:20:37.492761,1,2,1,14,68
2025-12-12 06:20:40.392622,1,1,2,13,68
2025-12-12 06:20:44.689196,1,1,1,13,67
2025-12-12 06:20:47.000504,1,2,1,12,68
2025-12-12 06:20:50.421009,1,2,1,14,69
2025-12-12 06:20:53.772241,1,1,2,15,65
2025-12-12 06:20:56.581851,1,1,1,16,65
2025-12-12 06:20:59.490906,1,2,2,18,65
2025-12-12 06:21:02.848568,1,1,1,16,65
2025-12-12 06:21:06.606414,1,1,1,16,65
2025-12-12 06:21:10.467713,1,2,1,17,65
2025-12-12 06:21:13.379190,1,2,1,15,65
2025-12-12 06:21:16.187037,1,1,2,15,65
2025-12-12 06:21:20.046792,1,1,2,13,65
2025-12-12 06:21:22.958202,1,2,2,13,65
2025-12-12 06:21:25.775665,1,1,1,12,65
2025-12-12 06:21:29.576049,1,1,1,12,65
2025-12-12 06:21:32.488114,1,1,1,12,65
2025-12-12 06:21:36.399405,1,1,2,12,65
2025-12-12 06:21:39.206052,1,1,1,12,65
2025-12-12 06:21:42.067389,1,1,1,12,65
2025-12-12 06:21:45.926409,1,1,1,12,65
2025-12-12 06:21:48.834276,1,1,1,12,65
2025-12-12 06:21:51.607663,1,1,1,12,65
2025-12-12 06:21:55.506414,1,1,1,12,65
2025-12-12 06:21:58.424075,1,1,1,13,66
2025-12-12 06:22:01.222702,1,2,1,13,69
2025-12-12 06:22:05.032692,1,1,1,17,72
2025-12-12 06:22:08.892767,1,1,2,15,75
2025-12-12 06:22:12.401442,1,1,3,14,78
2025-12-12 06:22:15.211780,1,1,5,13,75
2025-12-12 06:22:18.071511,1,2,6,13,73
2025-12-12 06:22:21.931181,1,2,1,13,73
2025-12-12 06:22:25.251646,1,2,1,12,73
2025-12-12 06:22:29.065775,1,1,1,13,73
2025-12-12 06:22:31.958037,1,1,1,13,73
2025-12-12 06:22:34.768197,1,1,1,13,73
2025-12-12 06:22:38.631068,1,1,1,13,73
2025-12-12 06:22:41.537535,1,1,1,13,73
2025-12-12 06:22:44.897936,1,1,1,13,72
2025-12-12 06:22:48.655050,1,1,1,14,66
2025-12-12 06:22:53.069295,1,1,1,19,66
2025-12-12 06:22:55.979898,1,1,1,20,66
2025-12-12 06:22:58.794971,1,1,1,21,66
2025-12-12 06:23:03.599953,1,1,1,22,66
2025-12-12 06:23:07.460325,1,1,1,23,66
2025-12-12 06:23:10.274642,1,1,1,23,66
2025-12-12 06:23:13.130715,1,1,1,23,66
2025-12-12 06:23:16.449670,1,1,1,23,66
2025-12-12 06:23:19.251018,1,1,1,23,66
2025-12-12 06:23:23.059376,1,1,1,23,66
2025-12-12 06:23:26.920615,1,1,1,23,66
2025-12-12 06:23:30.681119,1,1,1,23,66
2025-12-12 06:23:34.008015,1,1,1,20,66
2025-12-12 06:23:36.851331,1,1,1,18,66
2025-12-12 06:23:39.661131,1,1,1,16,66
2025-12-12 06:23:43.570023,1,1,1,14,66
2025-12-12 06:23:46.479433,1,1,1,13,66
2025-12-12 06:23:51.489524,1,1,1,13,66
2025-12-12 06:23:54.859641,1,1,1,12,66
2025-12-12 06:23:57.666425,1,1,1,12,66
2025-12-12 06:24:01.568179,1,1,1,12,65
2025-12-12 06:24:04.491482,1,1,1,12,64
2025-12-12 06:24:07.292215,1,1,2,12,64
2025-12-12 06:24:10.649167,1,1,1,12,63
2025-12-12 06:24:13.610107,1,1,1,13,62
2025-12-12 06:24:17.020605,1,1,1,13,62
2025-12-12 06:24:19.828266,1,1,1,16,62
2025-12-12 06:24:23.637534,1,1,1,16,62
2025-12-12 06:24:28.002478,1,1,1,16,62
2025-12-12 06:24:30.913294,1,1,1,17,62
2025-12-12 06:24:34.274148,1,1,1,17,62
2025-12-12 06:24:38.127362,1,1,1,15,62
2025-12-12 06:24:41.034560,1,1,1,17,62
2025-12-12 06:24:43.847431,1,1,1,19,63
2025-12-12 06:24:47.657976,1,1,1,18,66
2025-12-12 06:24:52.014100,1,1,1,18,69
2025-12-12 06:24:54.872402,1,1,1,19,69
2025-12-12 06:24:57.686953,1,1,1,19,69
2025-12-12 06:25:01.599753,1,1,1,21,69
2025-12-12 06:25:04.503728,1,1,1,21,69
2025-12-12 06:25:07.312058,1,1,1,21,69
2025-12-12 06:25:11.121222,1,1,1,22,68
2025-12-12 06:25:14.031068,1,1,1,23,67
2025-12-12 06:25:16.841319,1,1,1,23,67
2025-12-12 06:25:20.699723,1,1,1,24,70
2025-12-12 06:25:23.611841,1,1,1,24,73
2025-12-12 06:25:26.970547,1,1,1,24,76
2025-12-12 06:25:30.737217,1,1,1,24,74
2025-12-12 06:25:34.537821,1,1,1,24,71
2025-12-12 06:25:37.848413,1,1,1,24,69
2025-12-12 06:25:41.660104,1,1,4,24,69
2025-12-12 06:25:46.023982,1,2,2,24,68
2025-12-12 06:25:49.334286,1,1,1,24,70
2025-12-12 06:25:53.138021,1,1,1,19,73
2025-12-12 06:25:56.096617,1,1,1,17,76
2025-12-12 06:26:00.505894,1,1,1,15,82
2025-12-12 06:26:03.320770,1,1,1,14,85
2025-12-12 06:26:06.178116,1,1,1,14,88
2025-12-12 06:26:10.035110,1,1,1,13,90
2025-12-12 06:26:13.348079,1,1,1,13,90
2025-12-12 06:26:16.704627,1,1,1,12,90
2025-12-12 06:26:19.614314,1,1,1,12,90
2025-12-12 06:26:22.524557,1,1,1,12,90
2025-12-12 06:26:25.331098,1,1,1,12,90
2025-12-12 06:26:29.141920,1,1,1,12,90
2025-12-12 06:26:33.004600,1,1,1,12,90
2025-12-12 06:26:36.768793,1,1,1,11,90
2025-12-12 06:26:40.570972,1,1,1,11,87
2025-12-12 06:26:43.882494,1,1,1,11,81
2025-12-12 06:26:47.687911,1,1,1,11,77
2025-12-12 06:26:52.056382,1,1,1,11,70
2025-12-12 06:26:55.358953,1,1,1,11,69
2025-12-12 06:26:59.168590,1,1,1,11,69
2025-12-12 06:27:02.075512,1,1,1,11,69
2025-12-12 06:27:04.886131,1,1,1,11,69
2025-12-12 06:27:08.750221,1,1,1,11,69
2025-12-12 06:27:11.654617,1,1,1,12,69
2025-12-12 06:27:15.015566,1,1,1,12,69
2025-12-12 06:27:18.797690,1,1,1,12,69
2025-12-12 06:27:21.684707,1,1,1,12,69
2025-12-12 06:27:25.093477,1,1,1,12,69
2025-12-12 06:27:27.963725,1,1,1,12,69
2025-12-12 06:27:30.779160,1,1,1,12,69
2025-12-12 06:27:34.619945,1,1,1,12,67
2025-12-12 06:27:37.931555,1,1,1,13,65
2025-12-12 06:27:41.740505,1,1,1,13,65
2025-12-12 06:27:44.650863,1,1,1,13,65
2025-12-12 06:27:48.565227,1,1,1,12,65
2025-12-12 06:27:51.370021,1,1,1,12,65
2025-12-12 06:27:54.231432,1,1,1,12,65
2025-12-12 06:27:58.088017,1,1,1,12,65
2025-12-12 06:28:01.412696,1,1,1,12,65
2025-12-12 06:28:04.758035,1,1,1,12,65
2025-12-12 06:28:07.668108,1,1,1,12,68
2025-12-12 06:28:10.575937,1,1,1,12,71
2025-12-12 06:28:13.384604,1,1,1,12,74
2025-12-12 06:28:17.191938,1,1,1,12,71
2025-12-12 06:28:21.051533,1,1,1,12,71
2025-12-12 06:28:24.361035,1,1,1,12,71
2025-12-12 06:28:27.221375,1,1,1,12,71
2025-12-12 06:28:31.131858,1,1,1,12,71
2025-12-12 06:28:34.032244,1,1,1,12,71
2025-12-12 06:28:36.801406,1,1,1,12,70
2025-12-12 06:28:40.662076,1,1,1,11,67
2025-12-12 06:28:43.624481,1,1,1,12,67
2025-12-12 06:28:46.931098,1,1,1,12,67
2025-12-12 06:28:50.790505,1,1,1,13,68
2025-12-12 06:28:53.699990,1,1,1,13,71
2025-12-12 06:28:57.059558,1,1,1,13,72
2025-12-12 06:29:00.817786,1,1,1,12,72
2025-12-12 06:29:03.783563,1,1,1,12,72
2025-12-12 06:29:07.685914,1,1,1,12,72
2025-12-12 06:29:10.605570,1,1,1,12,71
2025-12-12 06:29:13.417419,1,1,1,12,69
2025-12-12 06:29:17.213238,1,1,1,12,69
2025-12-12 06:29:21.073225,1,1,1,12,72
2025-12-12 06:29:24.833648,1,1,1,12,78
2025-12-12 06:29:28.643527,1,1,1,12,78
2025-12-12 06:29:33.207957,1,1,1,12,78
2025-12-12 06:29:35.762882,1,1,1,12,81
2025-12-12 06:29:40.122333,1,1,1,12,87
2025-12-12 06:29:43.431664,1,1,1,12,82
2025-12-12 06:29:47.241430,1,1,1,12,79
2025-12-12 06:29:50.152280,1,1,1,12,76
2025-12-12 06:29:52.958207,1,1,1,12,73
2025-12-12 06:29:56.832360,1,1,1,12,72
2025-12-12 06:29:59.734705,1,1,1,12,72
2025-12-12 06:30:03.088221,1,1,1,12,72
2025-12-12 06:30:06.857022,1,1,1,13,72
2025-12-12 06:30:09.757965,1,1,1,13,72
2025-12-12 06:30:13.172913,1,1,1,13,72
2025-12-12 06:30:16.026558,1,1,1,13,72
2025-12-12 06:30:18.886876,1,1,1,13,72
2025-12-12 06:30:22.700795,1,1,1,13,71
2025-12-12 06:30:26.008265,1,1,1,12,71
2025-12-12 06:30:29.466824,1,1,1,12,71
2025-12-12 06:30:32.277665,1,1,1,13,74
2025-12-12 06:30:35.198493,1,1,1,14,74
2025-12-12 06:30:37.993268,1,1,1,15,72
2025-12-12 06:30:41.804633,1,1,1,14,72
2025-12-12 06:30:46.164209,1,1,1,13,71
2025-12-12 06:30:49.079671,1,1,1,12,71
2025-12-12 06:30:51.831730,1,1,1,12,71
2025-12-12 06:30:55.740163,1,1,1,11,71
2025-12-12 06:30:58.651278,1,1,1,11,71
2025-12-12 06:31:01.460617,1,1,1,11,71
2025-12-12 06:31:05.268103,1,1,1,11,71
2025-12-12 06:31:09.143817,1,1,1,11,71
2025-12-12 06:31:12.638071,1,1,1,11,70
2025-12-12 06:31:15.449746,1,1,1,11,70
2025-12-12 06:31:18.305924,1,1,1,11,70
2025-12-12 06:31:22.196706,1,1,1,11,70
2025-12-12 06:31:25.488139,1,1,1,11,70
2025-12-12 06:31:29.284604,1,1,1,11,70
2025-12-12 06:31:32.195974,1,1,1,11,70
2025-12-12 06:31:35.004332,1,1,1,11,70
2025-12-12 06:31:38.887047,1,1,1,11,70
2025-12-12 06:31:41.774941,1,1,1,11,70
2025-12-12 06:31:45.134779,1,1,1,11,70
2025-12-12 06:31:48.893800,1,1,1,11,69
2025-12-12 06:31:51.805551,1,1,1,11,66
2025-12-12 06:31:55.232964,1,1,1,11,66
2025-12-12 06:31:58.070222,1,1,1,11,66
2025-12-12 06:32:00.893219,1,1,1,11,66
2025-12-12 06:32:04.741756,1,1,1,11,66
2025-12-12 06:32:08.051412,1,1,1,11,66
2025-12-12 06:32:11.512468,1,1,1,11,66
2025-12-12 06:32:14.322086,1,1,1,11,65
2025-12-12 06:32:17.231893,1,1,1,11,63
2025-12-12 06:32:20.039474,1,1,1,11,62
2025-12-12 06:32:23.855099,1,1,1,11,62
2025-12-12 06:32:28.207651,1,1,1,11,62
2025-12-12 06:32:31.117060,1,1,1,12,62
2025-12-12 06:32:33.878365,1,1,1,12,62
2025-12-12 06:32:37.787255,1,1,1,15,62
2025-12-12 06:32:40.696544,1,1,1,17,64
2025-12-12 06:32:43.502966,1,1,1,17,67
2025-12-12 06:32:47.317004,1,1,1,18,70
2025-12-12 06:32:51.175224,1,1,1,17,73
2025-12-12 06:32:54.682699,1,1,1,15,75
2025-12-12 06:32:57.499932,1,1,1,15,72
2025-12-12 06:33:00.352468,1,1,1,17,75
2025-12-12 06:33:04.212532,1,1,1,18,78
2025-12-12 06:33:07.522169,1,1,1,20,81
2025-12-12 06:33:11.329428,1,1,1,22,84
2025-12-12 06:33:14.248843,1,1,1,23,87
2025-12-12 06:33:17.049563,1,1,1,23,90
2025-12-12 06:33:20.909088,1,1,1,24,93
2025-12-12 06:33:23.820107,1,1,1,24,96
2025-12-12 06:33:27.178032,1,1,1,25,95
2025-12-12 06:33:30.936958,1,1,1,22,92
2025-12-12 06:33:33.845998,1,1,1,19,88
2025-12-12 06:33:37.259638,1,1,1,17,82
2025-12-12 06:33:40.118945,1,1,1,15,77
2025-12-12 06:33:42.925015,1,1,1,14,74
2025-12-12 06:33:46.784742,1,1,1,13,71
2025-12-12 06:33:50.101728,1,1,1,12,69
2025-12-12 06:33:53.902273,1,1,1,11,69
2025-12-12 06:33:56.817119,1,1,1,11,69
2025-12-12 06:34:00.723339,1,1,1,11,69
2025-12-12 06:34:03.533340,1,1,1,12,69
2025-12-12 06:34:06.394552,1,1,1,13,69
2025-12-12 06:34:10.251985,1,1,1,15,69
2025-12-12 06:34:13.161950,1,1,1,16,69
2025-12-12 06:34:15.921843,1,1,1,17,67
2025-12-12 06:34:19.832288,1,1,1,18,65
2025-12-12 06:34:22.744334,1,1,1,17,65
2025-12-12 06:34:25.549922,1,1,1,17,65
2025-12-12 06:34:29.371578,1,1,1,18,65
2025-12-12 06:34:33.220150,1,1,1,20,65
2025-12-12 06:34:36.727979,1,1,1,21,64
2025-12-12 06:34:39.537930,1,1,1,21,62
2025-12-12 06:34:42.397690,1,1,1,22,62
2025-12-12 06:34:46.255857,1,1,1,21,62
2025-12-12 06:34:49.567202,1,1,1,20,62
2025-12-12 06:34:53.377011,1,1,1,16,62
2025-12-12 06:34:56.834838,1,1,1,15,62
2025-12-12 06:35:00.745501,1,2,41,14,63
2025-12-12 06:35:03.558606,1,2,30,13,66
2025-12-12 06:35:06.420416,1,2,13,14,69
2025-12-12 06:35:10.273988,1,2,20,15,72
2025-12-12 06:35:13.582844,1,2,2,15,75
2025-12-12 06:35:17.000163,1,2,8,15,74
2025-12-12 06:35:20.302858,1,1,1,17,71
2025-12-12 06:35:23.134946,1,1,1,17,68
2025-12-12 06:35:27.926658,1,2,1,18,62
2025-12-12 06:35:31.335045,1,1,1,18,62
2025-12-12 06:35:34.193030,1,1,1,19,62
2025-12-12 06:35:37.012857,1,1,1,19,62
2025-12-12 06:35:40.815029,1,1,1,20,62
2025-12-12 06:35:44.125495,1,2,3,21,62
2025-12-12 06:35:47.934790,1,2,2,21,62
2025-12-12 06:35:51.795946,1,1,6,21,62
2025-12-12 06:35:54.607381,1,1,1,21,62
2025-12-12 06:35:57.469633,1,2,6,21,62
2025-12-12 06:36:01.348135,1,1,1,21,62
2025-12-12 06:36:04.184675,1,2,1,21,62
