Timestamp,Presence,Movement,MovingRange,BreathingRate,HeartRate
2025-12-18 23:56:32.528001,1,2,2,17,66
2025-12-18 23:56:35.386893,1,2,2,17,63
2025-12-18 23:56:39.202353,1,2,1,17,62
2025-12-18 23:56:42.553978,1,2,3,17,62
2025-12-18 23:56:45.313320,1,2,7,16,62
2025-12-18 23:56:48.221756,1,2,3,16,62
2025-12-18 23:56:51.136270,1,2,1,16,62
2025-12-18 23:56:53.940738,1,2,3,16,65
2025-12-18 23:56:57.750097,1,2,2,16,68
2025-12-18 23:57:01.611309,1,2,1,16,71
2025-12-18 23:57:04.918190,1,2,2,16,67
2025-12-18 23:57:07.828924,1,2,3,16,67
2025-12-18 23:57:11.686678,1,2,3,16,67
2025-12-18 23:57:14.547103,1,2,1,16,64
2025-12-18 23:57:17.965667,1,2,2,16,62
2025-12-18 23:57:21.768523,1,2,2,16,62
2025-12-18 23:57:25.225664,1,2,2,16,62
2025-12-18 23:57:29.136718,1,2,3,16,62
2025-12-18 23:57:31.947908,1,2,3,16,62
2025-12-18 23:57:34.807600,1,1,2,16,62
2025-12-18 23:57:38.670688,1,1,2,17,62
2025-12-18 23:57:41.978509,1,2,12,17,65
2025-12-18 23:57:45.338437,1,2,1,17,68
2025-12-18 23:57:48.244546,1,2,5,17,71
2025-12-18 23:57:51.157083,1,2,11,17,71
2025-12-18 23:57:53.962743,1,1,9,17,71
2025-12-18 23:57:57.775477,1,2,1,17,71
2025-12-18 23:58:01.631545,1,2,12,17,71
2025-12-18 23:58:05.341485,1,2,3,17,71
2025-12-18 23:58:09.204262,1,2,2,17,71
2025-12-18 23:58:12.508744,1,2,18,16,71
2025-12-18 23:58:16.321220,1,1,3,16,71
2025-12-18 23:58:20.181393,1,1,2,16,71
2025-12-18 23:58:22.998927,1,2,1,16,71
2025-12-18 23:58:26.353810,1,2,11,16,71
2025-12-18 23:58:30.263327,1,2,11,16,71
2025-12-18 23:58:33.170970,1,2,2,16,71
2025-12-18 23:58:35.987702,1,2,2,16,71
2025-12-18 23:58:39.788988,1,2,2,16,71
2025-12-18 23:58:43.652164,1,2,4,16,71
2025-12-18 23:58:47.406232,1,2,5,16,71
2025-12-18 23:58:51.217974,1,2,2,16,71
2025-12-18 23:58:54.527660,1,2,3,16,71
2025-12-18 23:58:58.337309,1,2,4,16,71
2025-12-18 23:59:02.700850,1,2,10,16,71
2025-12-18 23:59:06.008458,1,2,11,16,74
2025-12-18 23:59:09.818412,1,2,5,16,77
2025-12-18 23:59:12.726846,1,2,12,16,80
2025-12-18 23:59:15.535866,1,2,5,16,81
2025-12-18 23:59:19.392694,1,2,11,16,79
2025-12-18 23:59:22.301801,1,2,8,16,76
2025-12-18 23:59:25.662232,1,2,4,16,73
2025-12-18 23:59:29.432516,1,2,11,16,76
2025-12-18 23:59:32.331117,1,2,72,16,79
2025-12-18 23:59:35.738435,1,2,6,16,81
2025-12-18 23:59:38.602054,1,2,4,16,78
2025-12-18 23:59:41.407671,1,2,7,16,75
2025-12-18 23:59:45.269093,1,2,5,16,73
2025-12-18 23:59:48.585953,1,2,6,16,73
2025-12-18 23:59:52.387646,1,2,83,16,73
2025-12-18 23:59:55.297536,1,2,1,16,73
2025-12-18 23:59:59.208929,1,1,27,16,68
2025-12-19 00:00:02.019511,1,2,32,16,107
2025-12-19 00:00:04.936019,1,2,11,24,110
2025-12-19 00:00:08.736956,1,1,1,24,113
2025-12-19 00:00:13.704516,1,2,3,23,116
2025-12-19 00:00:16.605715,1,2,9,24,122
2025-12-19 00:00:19.422617,1,2,13,24,122
2025-12-19 00:00:22.327263,1,2,2,21,119
2025-12-19 00:00:25.686637,1,1,1,20,113
2025-12-19 00:00:29.455070,1,2,1,19,101
2025-12-19 00:00:34.357127,1,2,1,18,93
2025-12-19 00:00:37.219104,1,2,1,18,87
2025-12-19 00:00:40.578375,1,2,1,18,81
2025-12-19 00:00:43.390403,1,1,3,18,77
2025-12-19 00:00:46.251408,1,1,1,18,80
2025-12-19 00:00:49.167351,1,1,2,18,82
2025-12-19 00:00:52.540584,1,1,1,18,82
2025-12-19 00:00:55.929096,1,2,9,18,82
2025-12-19 00:00:58.791277,1,2,11,17,82
2025-12-19 00:01:01.705234,1,2,4,16,82
2025-12-19 00:01:04.509519,1,2,3,16,78
2025-12-19 00:01:09.320442,1,2,5,16,77
2025-12-19 00:01:13.232436,1,2,3,15,80
2025-12-19 00:01:16.152147,1,2,1,15,82
2025-12-19 00:01:18.949545,1,2,2,15,82
2025-12-19 00:01:23.259887,1,1,2,15,80
2025-12-19 00:01:26.626283,1,1,1,15,75
2025-12-19 00:01:30.378320,1,1,1,15,69
2025-12-19 00:01:33.240913,1,1,1,15,67
2025-12-19 00:01:36.150526,1,2,1,15,67
2025-12-19 00:01:38.958689,1,2,2,15,67
2025-12-19 00:01:41.820003,1,2,8,15,67
2025-12-19 00:01:45.677584,1,2,2,15,65
2025-12-19 00:01:48.992202,1,1,5,15,65
2025-12-19 00:01:51.844595,1,2,2,15,65
2025-12-19 00:01:54.704674,1,2,7,15,65
2025-12-19 00:01:57.570039,1,2,62,15,62
2025-12-19 00:02:00.386094,1,2,2,15,62
2025-12-19 00:02:04.234277,1,2,2,15,62
2025-12-19 00:02:07.543824,1,2,2,15,62
2025-12-19 00:02:10.402453,1,2,3,15,62
2025-12-19 00:02:13.269753,1,2,1,15,62
2025-12-19 00:02:16.172599,1,2,2,15,62
2025-12-19 00:02:18.986492,1,2,1,15,62
2025-12-19 00:02:22.791472,1,2,5,15,62
2025-12-19 00:02:26.653600,1,2,2,16,62
2025-12-19 00:02:30.618894,1,2,3,16,62
2025-12-19 00:02:33.369863,1,2,2,16,62
2025-12-19 00:02:37.278487,1,1,2,16,62
2025-12-19 00:02:40.188124,1,1,2,16,62
2025-12-19 00:02:42.999159,1,2,3,16,63
2025-12-19 00:02:46.807959,1,2,2,16,63
2025-12-19 00:02:49.767090,1,2,1,16,63
2025-12-19 00:02:54.178066,1,2,3,16,63
2025-12-19 00:02:56.989711,1,2,1,16,63
2025-12-19 00:02:59.846797,1,2,2,16,63
2025-12-19 00:03:03.706292,1,2,5,16,63
2025-12-19 00:03:07.017517,1,2,1,17,63
2025-12-19 00:03:10.378944,1,2,4,17,63
2025-12-19 00:03:13.284696,1,2,1,16,63
2025-12-19 00:03:16.195727,1,2,1,16,63
2025-12-19 00:03:19.005480,1,2,1,16,63
2025-12-19 00:03:23.317566,1,2,1,16,63
2025-12-19 00:03:26.675798,1,1,1,16,64
2025-12-19 00:03:30.635069,1,1,4,16,70
2025-12-19 00:03:33.402622,1,2,1,16,73
2025-12-19 00:03:37.303971,1,2,1,16,76
2025-12-19 00:03:40.221978,1,2,1,16,73
2025-12-19 00:03:43.024399,1,2,1,16,70
2025-12-19 00:03:47.331995,1,1,3,16,67
2025-12-19 00:03:52.301631,1,1,1,16,67
2025-12-19 00:03:55.204393,1,1,2,16,68
2025-12-19 00:03:58.012871,1,1,1,16,71
2025-12-19 00:04:01.874552,1,1,1,16,74
2025-12-19 00:04:04.781714,1,2,2,16,75
2025-12-19 00:04:07.593152,1,1,4,16,75
2025-12-19 00:04:11.552179,1,1,2,16,75
2025-12-19 00:04:15.371217,1,2,10,16,74
2025-12-19 00:04:19.223988,1,2,1,15,74
2025-12-19 00:04:22.034189,1,1,1,15,74
2025-12-19 00:04:25.903234,1,1,1,15,74
2025-12-19 00:04:28.799436,1,1,1,15,74
2025-12-19 00:04:35.311796,1,2,2,14,74
2025-12-19 00:04:38.675628,1,1,5,14,74
2025-12-19 00:04:42.433248,1,1,1,14,74
2025-12-19 00:04:46.293032,1,2,1,14,74
2025-12-19 00:04:49.602352,1,2,14,14,74
2025-12-19 00:04:53.412319,1,2,28,23,106
2025-12-19 00:04:56.325813,1,2,27,23,109
2025-12-19 00:05:00.282496,1,2,22,24,115
2025-12-19 00:05:03.652106,1,2,17,24,118
2025-12-19 00:05:06.451907,1,2,17,24,121
2025-12-19 00:05:10.310753,1,2,23,24,124
2025-12-19 00:05:13.622499,1,2,52,23,127
2025-12-19 00:05:17.090824,1,2,7,24,127
2025-12-19 00:05:19.894490,1,2,13,24,125
2025-12-19 00:05:22.802237,1,2,3,24,126
2025-12-19 00:05:25.608448,1,1,2,23,125
2025-12-19 00:05:29.420334,1,2,5,24,125
2025-12-19 00:05:33.777866,1,2,1,23,123
2025-12-19 00:05:36.702774,1,2,2,23,117
2025-12-19 00:05:39.446727,1,1,1,24,113
2025-12-19 00:05:43.357909,1,2,2,21,112
2025-12-19 00:05:46.271313,1,2,12,22,112
2025-12-19 00:05:49.076054,1,2,2,22,112
2025-12-19 00:05:53.385687,1,2,6,20,112
2025-12-19 00:05:56.303544,1,2,1,19,110
2025-12-19 00:05:59.655508,1,2,3,18,98
2025-12-19 00:06:02.465876,1,2,3,17,98
2025-12-19 00:06:05.374953,1,2,2,17,92
2025-12-19 00:06:08.735763,1,1,3,16,86
2025-12-19 00:06:12.495685,1,2,3,16,77
2025-12-19 00:06:16.404669,1,2,2,16,74
2025-12-19 00:06:19.812928,1,2,4,16,71
2025-12-19 00:06:23.126242,1,1,2,16,71
2025-12-19 00:06:25.934608,1,2,3,16,71
2025-12-19 00:06:28.842802,1,2,6,16,74
2025-12-19 00:06:31.651923,1,2,3,16,77
2025-12-19 00:06:35.967929,1,2,3,16,73
2025-12-19 00:06:38.837919,1,2,3,16,73
2025-12-19 00:06:41.681543,1,2,3,16,73
2025-12-19 00:06:44.541262,1,2,1,16,73
2025-12-19 00:06:47.400442,1,1,3,16,73
2025-12-19 00:06:50.761975,1,1,2,16,73
2025-12-19 00:06:55.223818,1,2,1,16,73
2025-12-19 00:06:58.482253,1,2,2,16,73
2025-12-19 00:07:01.392964,1,2,1,16,73
2025-12-19 00:07:04.302788,1,2,1,16,73
2025-12-19 00:07:07.115099,1,2,2,16,73
2025-12-19 00:07:11.023110,1,1,3,16,73
2025-12-19 00:07:15.035246,1,1,2,17,73
2025-12-19 00:07:19.391454,1,1,2,16,73
2025-12-19 00:07:22.301090,1,2,2,16,73
2025-12-19 00:07:25.108156,1,2,3,16,73
2025-12-19 00:07:28.917239,1,1,3,16,73
2025-12-19 00:07:32.788848,1,1,3,16,73
2025-12-19 00:07:36.586854,1,2,1,16,73
2025-12-19 00:07:39.397285,1,1,4,16,73
2025-12-19 00:07:42.308818,1,2,2,16,73
2025-12-19 00:07:45.115799,1,2,1,16,70
2025-12-19 00:07:47.976998,1,2,4,16,67
2025-12-19 00:07:51.836402,1,2,4,16,66
2025-12-19 00:07:54.750083,1,2,1,16,66
2025-12-19 00:07:57.558745,1,1,2,16,66
2025-12-19 00:08:01.417778,1,2,1,16,68
2025-12-19 00:08:04.328163,1,2,1,16,68
2025-12-19 00:08:07.139153,1,2,4,16,68
2025-12-19 00:08:11.445565,1,2,2,16,68
2025-12-19 00:08:15.356797,1,1,2,16,68
2025-12-19 00:08:18.717383,1,2,1,16,68
2025-12-19 00:08:21.553763,1,2,47,16,68
2025-12-19 00:08:25.435743,1,2,3,16,68
2025-12-19 00:08:28.346750,1,1,1,16,68
2025-12-19 00:08:31.156566,1,2,1,16,68
2025-12-19 00:08:34.633696,1,2,1,16,68
2025-12-19 00:08:37.434876,1,1,3,16,68
2025-12-19 00:08:40.338324,1,2,1,16,68
2025-12-19 00:08:43.150106,1,1,1,16,66
2025-12-19 00:08:47.463537,1,1,1,16,63
2025-12-19 00:08:50.817721,1,2,1,15,62
2025-12-19 00:08:54.328324,1,2,1,15,62
2025-12-19 00:08:57.145065,1,1,2,15,62
2025-12-19 00:09:00.047839,1,2,3,15,62
2025-12-19 00:09:03.857492,1,2,7,15,62
2025-12-19 00:09:07.168574,1,2,14,15,62
2025-12-19 00:09:10.977191,1,1,3,15,65
2025-12-19 00:09:13.886741,1,2,1,15,68
2025-12-19 00:09:16.702329,1,2,1,15,71
2025-12-19 00:09:21.509695,1,2,1,15,77
2025-12-19 00:09:24.926533,1,1,1,15,77
2025-12-19 00:09:27.781186,1,2,1,15,77
2025-12-19 00:09:31.696527,1,1,1,15,77
2025-12-19 00:09:35.148826,1,1,1,15,77
2025-12-19 00:09:38.057805,1,2,2,15,77
2025-12-19 00:09:40.918941,1,1,1,15,77
2025-12-19 00:09:43.745742,1,1,1,15,77
2025-12-19 00:09:48.098221,1,2,1,15,77
2025-12-19 00:09:51.896695,1,1,1,16,77
2025-12-19 00:09:54.755730,1,2,2,16,77
2025-12-19 00:09:57.567569,1,2,1,16,75
2025-12-19 00:10:01.476783,1,1,1,16,72
2025-12-19 00:10:04.396047,1,1,2,16,70
2025-12-19 00:10:07.198649,1,2,1,16,70
2025-12-19 00:10:10.633095,1,1,1,15,70
2025-12-19 00:10:13.466925,1,1,11,15,70
2025-12-19 00:10:16.376829,1,2,4,15,70
2025-12-19 00:10:19.193636,1,2,8,15,70
2025-12-19 00:10:22.994178,1,1,1,15,70
2025-12-19 00:10:26.873861,1,1,1,15,70
2025-12-19 00:10:32.221588,1,2,2,15,70
2025-12-19 00:10:35.033035,1,2,2,15,70
2025-12-19 00:10:37.937965,1,1,1,15,70
2025-12-19 00:10:40.748091,1,1,1,15,68
2025-12-19 00:10:44.606636,1,1,1,15,66
2025-12-19 00:10:47.516612,1,1,1,15,66
2025-12-19 00:10:51.428456,1,2,1,15,66
2025-12-19 00:10:54.788380,1,1,1,15,66
2025-12-19 00:10:57.600105,1,2,1,15,66
2025-12-19 00:11:01.507791,1,1,1,15,66
2025-12-19 00:11:04.419398,1,1,1,16,66
2025-12-19 00:11:07.226146,1,1,2,16,66
2025-12-19 00:11:10.036014,1,1,1,16,65
2025-12-19 00:11:12.953906,1,2,2,16,65
2025-12-19 00:11:15.806531,1,2,1,16,65
2025-12-19 00:11:18.622048,1,2,3,16,65
2025-12-19 00:11:22.475058,1,2,1,15,65
2025-12-19 00:11:25.785371,1,1,1,14,66
2025-12-19 00:11:28.593484,1,2,3,14,67
2025-12-19 00:11:31.504233,1,1,3,14,65
2025-12-19 00:11:34.418218,1,1,1,14,65
2025-12-19 00:11:37.224586,1,1,3,14,65
2025-12-19 00:11:41.532102,1,2,1,14,65
2025-12-19 00:11:44.894533,1,2,2,14,64
2025-12-19 00:11:48.702282,1,2,1,14,63
2025-12-19 00:11:51.518549,1,2,1,14,63
2025-12-19 00:11:54.422410,1,1,2,14,63
2025-12-19 00:11:57.235771,1,1,1,14,63
2025-12-19 00:12:00.149165,1,2,1,14,63
2025-12-19 00:12:03.955106,1,1,1,14,63
2025-12-19 00:12:07.412046,1,2,2,14,63
2025-12-19 00:12:10.222225,1,1,1,14,63
2025-12-19 00:12:14.134172,1,2,2,14,63
2025-12-19 00:12:16.992424,1,2,3,14,63
2025-12-19 00:12:19.807923,1,1,1,14,63
2025-12-19 00:12:23.613396,1,2,1,14,63
2025-12-19 00:12:26.532546,1,1,2,15,63
2025-12-19 00:12:30.436596,1,1,3,15,63
2025-12-19 00:12:33.242688,1,1,1,15,63
2025-12-19 00:12:36.104172,1,2,2,16,63
2025-12-19 00:12:39.962336,1,2,2,16,63
2025-12-19 00:12:42.872625,1,1,1,16,63
2025-12-19 00:12:45.634144,1,2,1,16,63
2025-12-19 00:12:49.544022,1,2,1,16,63
2025-12-19 00:12:52.451579,1,2,4,16,63
2025-12-19 00:12:55.259034,1,1,1,16,63
2025-12-19 00:12:59.067928,1,1,1,16,63
2025-12-19 00:13:02.927839,1,2,2,16,63
2025-12-19 00:13:06.439267,1,1,1,16,63
2025-12-19 00:13:09.847709,1,2,2,18,63
2025-12-19 00:13:12.708890,1,2,1,19,63
2025-12-19 00:13:16.523677,1,2,1,18,63
2025-12-19 00:13:19.833171,1,1,1,20,65
2025-12-19 00:13:23.645445,1,1,3,21,68
2025-12-19 00:13:26.566062,1,1,1,21,71
2025-12-19 00:13:30.463914,1,1,3,21,77
2025-12-19 00:13:33.270095,1,1,1,22,79
2025-12-19 00:13:36.180296,1,1,1,21,79
2025-12-19 00:13:39.988219,1,2,1,20,79
2025-12-19 00:13:42.899499,1,1,1,19,79
2025-12-19 00:13:45.670163,1,1,1,18,79
2025-12-19 00:13:49.568438,1,1,2,17,79
2025-12-19 00:13:52.479834,1,1,1,17,77
2025-12-19 00:13:55.291813,1,1,1,17,74
2025-12-19 00:13:59.596506,1,1,1,18,74
2025-12-19 00:14:02.508801,1,1,2,19,76
2025-12-19 00:14:05.867308,1,2,5,20,76
2025-12-19 00:14:08.727857,1,2,2,20,76
2025-12-19 00:14:11.590484,1,1,3,19,76
2025-12-19 00:14:14.957042,1,2,1,18,76
2025-12-19 00:14:17.709390,1,1,1,18,76
2025-12-19 00:14:20.569258,1,1,1,17,76
2025-12-19 00:14:24.482766,1,1,4,17,70
2025-12-19 00:14:27.289062,1,2,3,17,69
2025-12-19 00:14:30.199206,1,1,2,17,69
2025-12-19 00:14:34.013171,1,2,4,17,69
2025-12-19 00:14:37.319525,1,1,5,16,69
2025-12-19 00:14:40.177760,1,1,2,16,69
2025-12-19 00:14:43.040314,1,1,1,15,69
2025-12-19 00:14:45.899127,1,2,1,15,69
2025-12-19 00:14:48.760816,1,1,1,15,69
2025-12-19 00:14:52.569174,1,1,1,15,69
2025-12-19 00:14:55.880699,1,2,4,14,69
2025-12-19 00:14:58.694602,1,1,1,14,69
2025-12-19 00:15:01.599712,1,1,1,14,69
2025-12-19 00:15:04.511042,1,2,1,14,69
2025-12-19 00:15:07.326877,1,2,1,14,69
2025-12-19 00:15:11.629876,1,1,2,13,69
2025-12-19 00:15:14.538518,1,1,2,13,69
2025-12-19 00:15:17.898296,1,2,2,14,69
2025-12-19 00:15:20.759339,1,2,2,14,69
2025-12-19 00:15:23.628430,1,2,3,14,69
2025-12-19 00:15:26.981191,1,2,1,14,69
2025-12-19 00:15:30.787950,1,2,1,14,69
2025-12-19 00:15:33.650118,1,2,1,14,70
2025-12-19 00:15:37.059614,1,1,4,14,70
2025-12-19 00:15:39.927156,1,1,1,14,68
2025-12-19 00:15:42.731210,1,2,1,14,65
2025-12-19 00:15:46.586771,1,1,3,14,63
2025-12-19 00:15:49.911432,1,1,3,14,63
2025-12-19 00:15:53.758216,1,2,1,14,63
2025-12-19 00:15:56.615483,1,1,2,14,62
2025-12-19 00:16:00.525383,1,1,1,14,62
2025-12-19 00:16:03.334069,1,2,1,14,62
2025-12-19 00:16:06.750132,1,1,1,14,62
2025-12-19 00:16:10.104919,1,1,2,14,62
2025-12-19 00:16:15.519040,1,1,3,14,62
2025-12-19 00:16:18.327352,1,2,1,14,62
2025-12-19 00:16:21.240485,1,2,2,14,62
2025-12-19 00:16:25.097478,1,2,1,14,62
2025-12-19 00:16:27.957399,1,1,1,14,62
2025-12-19 00:16:30.816797,1,1,2,14,62
2025-12-19 00:16:33.628161,1,1,3,14,62
2025-12-19 00:16:36.538436,1,1,1,14,62
2025-12-19 00:16:39.346153,1,2,1,14,62
2025-12-19 00:16:42.260685,1,2,2,14,62
2025-12-19 00:16:46.065872,1,1,1,14,62
2025-12-19 00:16:49.375741,1,1,1,14,62
2025-12-19 00:16:52.185973,1,2,1,14,62
2025-12-19 00:16:55.110186,1,2,4,14,62
2025-12-19 00:16:57.956325,1,2,4,14,62
2025-12-19 00:17:00.764880,1,1,2,14,62
2025-12-19 00:17:04.623738,1,2,1,14,62
2025-12-19 00:17:07.585046,1,2,1,14,62
2025-12-19 00:17:10.893195,1,2,3,14,62
2025-12-19 00:17:14.802762,1,2,5,14,62
2025-12-19 00:17:17.664142,1,1,2,14,62
2025-12-19 00:17:21.024214,1,2,2,14,62
2025-12-19 00:17:24.792669,1,2,1,14,62
2025-12-19 00:17:28.651444,1,2,4,14,62
2025-12-19 00:17:32.100490,1,2,2,14,64
2025-12-19 00:17:34.910195,1,1,1,14,67
2025-12-19 00:17:40.273748,1,2,4,14,67
2025-12-19 00:17:43.133449,1,2,3,14,67
2025-12-19 00:17:45.997810,1,2,2,14,67
2025-12-19 00:17:48.804606,1,2,3,14,68
2025-12-19 00:17:52.612486,1,2,1,14,71
2025-12-19 00:17:55.921235,1,2,1,14,71
2025-12-19 00:18:00.238949,1,2,2,15,71
2025-12-19 00:18:04.092167,1,1,1,16,71
2025-12-19 00:18:07.403437,1,2,4,18,71
2025-12-19 00:18:11.212212,1,1,2,15,71
2025-12-19 00:18:14.121140,1,1,3,14,71
2025-12-19 00:18:16.932579,1,2,4,13,71
2025-12-19 00:18:20.793066,1,2,4,13,71
2025-12-19 00:18:23.702875,1,1,3,12,71
2025-12-19 00:18:27.064456,1,2,1,12,71
2025-12-19 00:18:30.422942,1,2,2,13,71
2025-12-19 00:18:33.235336,1,2,3,15,71
2025-12-19 00:18:37.140451,1,2,2,16,71
2025-12-19 00:18:40.006884,1,2,1,17,69
2025-12-19 00:18:42.860608,1,2,4,17,69
2025-12-19 00:18:46.674162,1,1,3,16,69
2025-12-19 00:18:50.032633,1,1,1,15,68
2025-12-19 00:18:52.792205,1,2,1,14,65
2025-12-19 00:18:55.702038,1,2,1,14,64
2025-12-19 00:18:58.617307,1,2,1,14,64
2025-12-19 00:19:01.420145,1,2,3,14,64
2025-12-19 00:19:05.237289,1,2,6,14,64
2025-12-19 00:19:08.690542,1,1,2,14,67
2025-12-19 00:19:12.599486,1,1,1,14,72
2025-12-19 00:19:15.408360,1,1,1,14,72
2025-12-19 00:19:18.268505,1,2,2,14,72
2025-12-19 00:19:22.128937,1,1,3,13,70
2025-12-19 00:19:25.447607,1,2,1,13,67
2025-12-19 00:19:28.851995,1,1,2,13,67
2025-12-19 00:19:32.162086,1,1,1,13,70
2025-12-19 00:19:34.972079,1,1,2,13,73
2025-12-19 00:19:39.785289,1,2,4,13,76
2025-12-19 00:19:43.190743,1,2,2,13,76
2025-12-19 00:19:46.049703,1,1,2,13,76
2025-12-19 00:19:49.859929,1,2,4,13,76
2025-12-19 00:19:52.723876,1,2,4,13,76
2025-12-19 00:19:55.630718,1,1,2,13,76
2025-12-19 00:19:58.440536,1,1,1,13,76
2025-12-19 00:20:02.353361,1,1,1,13,76
2025-12-19 00:20:05.208827,1,2,3,13,76
2025-12-19 00:20:09.780798,1,2,2,13,69
2025-12-19 00:20:13.633833,1,2,1,13,66
2025-12-19 00:20:16.440572,1,2,2,13,65
2025-12-19 00:20:20.350224,1,1,2,13,65
2025-12-19 00:20:23.210587,1,1,2,13,65
2025-12-19 00:20:26.024116,1,2,2,13,65
2025-12-19 00:20:29.928365,1,1,1,13,65
2025-12-19 00:20:34.340034,1,1,1,14,65
2025-12-19 00:20:37.200089,1,1,1,16,67
2025-12-19 00:20:40.057688,1,2,2,17,70
2025-12-19 00:20:42.866287,1,2,2,18,73
2025-12-19 00:20:46.728131,1,1,4,19,76
2025-12-19 00:20:50.188968,1,2,4,21,78
2025-12-19 00:20:52.997312,1,2,3,22,79
2025-12-19 00:20:56.856824,1,1,1,22,79
2025-12-19 00:20:59.773735,1,2,1,23,82
2025-12-19 00:21:03.128605,1,2,3,23,85
2025-12-19 00:21:06.885549,1,2,3,23,85
2025-12-19 00:21:10.695680,1,1,1,23,80
2025-12-19 00:21:14.006044,1,2,1,24,74
2025-12-19 00:21:17.818497,1,2,3,24,72
2025-12-19 00:21:21.686986,1,2,1,24,72
2025-12-19 00:21:24.500610,1,2,4,24,72
2025-12-19 00:21:27.398875,1,1,1,23,72
2025-12-19 00:21:31.761717,1,1,1,19,72
2025-12-19 00:21:34.669797,1,1,1,18,72
2025-12-19 00:21:37.478985,1,2,2,18,72
2025-12-19 00:21:41.788674,1,2,4,16,72
2025-12-19 00:21:45.149039,1,2,2,15,72
2025-12-19 00:21:48.907246,1,1,1,15,71
2025-12-19 00:21:51.766364,1,2,1,14,70
2025-12-19 00:21:54.676689,1,2,1,14,70
2025-12-19 00:21:57.487524,1,1,1,14,70
2025-12-19 00:22:00.347089,1,2,4,14,70
2025-12-19 00:22:04.208430,1,2,3,14,70
2025-12-19 00:22:07.515361,1,2,3,14,70
2025-12-19 00:22:10.323909,1,1,1,14,70
2025-12-19 00:22:13.238869,1,2,2,14,70
2025-12-19 00:22:16.097507,1,2,2,14,70
2025-12-19 00:22:18.902893,1,2,1,14,70
2025-12-19 00:22:22.762842,1,2,1,15,70
2025-12-19 00:22:26.076079,1,1,2,18,73
2025-12-19 00:22:28.935335,1,1,1,18,76
2025-12-19 00:22:31.789909,1,2,1,18,78
2025-12-19 00:22:34.700100,1,2,2,19,78
2025-12-19 00:22:37.511231,1,1,2,19,81
2025-12-19 00:22:41.819399,1,1,1,19,81
2025-12-19 00:22:45.182377,1,1,1,18,81
2025-12-19 00:22:49.139497,1,2,1,16,81
2025-12-19 00:22:51.897017,1,2,2,16,79
2025-12-19 00:22:55.807553,1,2,1,15,76
2025-12-19 00:22:58.719800,1,1,5,14,76
2025-12-19 00:23:01.528389,1,2,3,14,76
2025-12-19 00:23:05.340406,1,2,2,14,76
2025-12-19 00:23:08.256773,1,1,1,14,76
2025-12-19 00:23:11.057849,1,1,1,14,76
2025-12-19 00:23:15.870886,1,1,1,14,80
2025-12-19 00:23:19.282590,1,1,1,14,81
2025-12-19 00:23:22.138506,1,2,2,14,81
2025-12-19 00:23:25.000346,1,1,1,14,81
2025-12-19 00:23:28.408821,1,2,2,14,80
2025-12-19 00:23:31.267786,1,2,2,14,77
2025-12-19 00:23:34.126014,1,2,1,14,74
2025-12-19 00:23:36.935956,1,2,1,14,71
2025-12-19 00:23:40.802326,1,2,5,14,73
2025-12-19 00:23:44.104491,1,1,1,14,74
2025-12-19 00:23:46.920864,1,2,1,14,76
2025-12-19 00:23:49.828753,1,1,1,14,79
2025-12-19 00:23:52.739688,1,1,2,14,82
2025-12-19 00:23:55.548474,1,2,1,14,85
2025-12-19 00:23:59.852954,1,1,1,13,86
2025-12-19 00:24:03.215380,1,2,2,12,86
2025-12-19 00:24:06.572993,1,2,4,12,86
2025-12-19 00:24:09.436319,1,1,2,13,86
2025-12-19 00:24:13.290525,1,2,3,13,86
2025-12-19 00:24:16.150271,1,2,3,13,82
2025-12-19 00:24:18.962858,1,2,2,13,77
2025-12-19 00:24:22.822269,1,1,1,13,74
2025-12-19 00:24:26.279656,1,1,1,13,71
2025-12-19 00:24:29.090702,1,2,2,13,70
2025-12-19 00:24:33.904657,1,2,2,13,70
2025-12-19 00:24:37.772061,1,2,1,13,70
2025-12-19 00:24:40.574027,1,1,1,13,73
2025-12-19 00:24:44.434955,1,1,1,13,76
2025-12-19 00:24:47.297486,1,2,2,13,79
2025-12-19 00:24:50.102613,1,2,2,13,79
2025-12-19 00:24:54.466371,1,1,1,15,80
2025-12-19 00:24:58.284423,1,1,1,17,83
2025-12-19 00:25:01.584097,1,1,2,18,86
2025-12-19 00:25:05.389964,1,1,2,16,89
2025-12-19 00:25:08.302513,1,2,3,16,86
2025-12-19 00:25:11.111639,1,1,2,15,82
2025-12-19 00:25:15.925365,1,2,2,15,72
2025-12-19 00:25:19.789014,1,2,4,14,69
2025-12-19 00:25:22.596019,1,1,1,14,66
2025-12-19 00:25:26.006044,1,2,2,14,67
2025-12-19 00:25:29.320041,1,1,1,14,66
2025-12-19 00:25:32.122558,1,1,1,14,65
2025-12-19 00:25:35.935036,1,2,1,14,65
2025-12-19 00:25:40.293044,1,2,4,14,65
2025-12-19 00:25:43.606233,1,2,1,14,65
2025-12-19 00:25:47.912553,1,2,3,14,65
2025-12-19 00:25:52.275470,1,1,1,14,71
2025-12-19 00:25:55.585759,1,2,2,14,74
2025-12-19 00:25:59.889793,1,1,3,15,77
2025-12-19 00:26:03.255443,1,1,1,15,77
2025-12-19 00:26:06.012115,1,1,1,14,77
2025-12-19 00:26:09.424087,1,2,3,14,72
2025-12-19 00:26:13.333180,1,2,3,14,72
2025-12-19 00:26:16.191642,1,1,1,14,72
2025-12-19 00:26:19.000604,1,2,1,14,72
2025-12-19 00:26:22.862174,1,2,2,14,72
2025-12-19 00:26:26.169900,1,1,1,14,72
2025-12-19 00:26:29.978953,1,2,4,14,72
2025-12-19 00:26:32.893563,1,2,2,14,72
2025-12-19 00:26:36.800245,1,2,1,14,72
2025-12-19 00:26:39.608901,1,2,4,14,72
2025-12-19 00:26:42.467447,1,1,2,14,72
2025-12-19 00:26:46.329121,1,1,1,14,72
2025-12-19 00:26:49.637715,1,1,1,14,72
2025-12-19 00:26:52.450381,1,2,3,14,72
2025-12-19 00:26:55.358293,1,1,1,14,72
2025-12-19 00:26:58.222447,1,1,1,14,72
2025-12-19 00:27:01.025904,1,1,2,14,72
2025-12-19 00:27:04.886972,1,1,1,14,73
2025-12-19 00:27:08.196454,1,2,1,14,73
2025-12-19 00:27:11.058675,1,2,3,14,73
2025-12-19 00:27:13.913835,1,2,4,14,73
2025-12-19 00:27:16.824800,1,1,4,14,73
2025-12-19 00:27:19.637196,1,2,1,14,73
2025-12-19 00:27:23.447929,1,1,2,14,73
2025-12-19 00:27:27.305365,1,2,4,14,73
2025-12-19 00:27:30.814382,1,2,2,14,74
2025-12-19 00:27:33.626527,1,1,1,14,75
2025-12-19 00:27:36.533250,1,1,3,14,75
2025-12-19 00:27:40.343299,1,2,1,14,75
2025-12-19 00:27:43.654191,1,1,1,14,75
2025-12-19 00:27:47.463608,1,1,1,14,75
2025-12-19 00:27:50.372454,1,2,2,14,78
2025-12-19 00:27:53.183373,1,2,3,14,81
2025-12-19 00:27:57.041447,1,1,3,14,84
2025-12-19 00:27:59.952314,1,2,2,14,85
2025-12-19 00:28:03.316356,1,2,5,14,85
2025-12-19 00:28:07.071417,1,2,3,14,85
2025-12-19 00:28:10.882591,1,1,2,14,85
2025-12-19 00:28:14.195719,1,1,1,17,85
2025-12-19 00:28:18.008569,1,1,1,15,85
2025-12-19 00:28:22.364299,1,2,3,15,85
2025-12-19 00:28:25.672369,1,2,1,14,85
2025-12-19 00:28:29.480643,1,1,1,13,85
2025-12-19 00:28:32.394723,1,2,1,12,85
2025-12-19 00:28:35.200410,1,2,3,12,85
2025-12-19 00:28:40.011871,1,2,2,12,85
2025-12-19 00:28:43.420773,1,2,3,12,85
2025-12-19 00:28:46.283456,1,1,1,12,85
2025-12-19 00:28:50.195531,1,1,1,12,85
2025-12-19 00:28:54.005146,1,2,5,12,79
2025-12-19 00:28:58.368698,1,1,2,12,79
2025-12-19 00:29:01.692464,1,1,3,13,82
2025-12-19 00:29:05.482643,1,2,1,13,83
2025-12-19 00:29:09.348982,1,2,1,13,83
2025-12-19 00:29:13.804013,1,1,1,13,83
2025-12-19 00:29:17.069575,1,2,4,13,83
2025-12-19 00:29:19.972290,1,2,5,13,83
2025-12-19 00:29:22.886959,1,1,3,13,83
2025-12-19 00:29:25.694560,1,2,1,13,83
2025-12-19 00:29:29.503207,1,1,3,13,83
2025-12-19 00:29:32.962089,1,1,1,13,83
2025-12-19 00:29:36.875070,1,1,1,13,79
2025-12-19 00:29:39.684035,1,2,1,13,76
2025-12-19 00:29:42.592944,1,1,3,13,79
2025-12-19 00:29:46.400980,1,2,1,13,79
2025-12-19 00:29:49.711814,1,2,4,13,79
2025-12-19 00:29:53.122331,1,1,2,13,79
2025-12-19 00:29:56.432914,1,1,1,13,77
2025-12-19 00:29:59.244476,1,1,1,13,74
2025-12-19 00:30:03.099971,1,1,1,13,73
2025-12-19 00:30:06.012727,1,1,2,13,73
2025-12-19 00:30:09.372548,1,1,5,13,73
2025-12-19 00:30:12.681308,1,1,3,13,73
2025-12-19 00:30:15.592293,1,1,1,13,73
2025-12-19 00:30:19.454608,1,1,1,13,73
2025-12-19 00:30:22.310921,1,2,3,13,73
2025-12-19 00:30:25.130155,1,2,1,13,73
2025-12-19 00:30:28.980711,1,2,4,13,73
2025-12-19 00:30:32.892917,1,1,2,13,75
2025-12-19 00:30:35.702007,1,1,3,13,76
2025-12-19 00:30:38.561475,1,1,1,13,76
2025-12-19 00:30:41.471514,1,1,1,13,76
2025-12-19 00:30:44.279130,1,1,1,14,76
2025-12-19 00:30:48.090298,1,1,2,17,76
2025-12-19 00:30:51.001066,1,2,1,19,76
2025-12-19 00:30:54.910330,1,2,4,20,76
2025-12-19 00:30:57.718489,1,2,2,20,76
2025-12-19 00:31:00.579977,1,1,1,19,76
2025-12-19 00:31:04.436699,1,2,3,17,75
2025-12-19 00:31:07.759916,1,2,1,16,73
2025-12-19 00:31:11.106222,1,1,3,13,72
2025-12-19 00:31:14.022823,1,2,4,14,72
2025-12-19 00:31:16.924294,1,2,1,15,72
2025-12-19 00:31:19.733412,1,2,1,15,72
2025-12-19 00:31:23.545075,1,2,2,14,72
2025-12-19 00:31:27.403029,1,2,2,14,72
2025-12-19 00:31:31.863462,1,2,2,14,72
2025-12-19 00:31:35.125185,1,1,1,14,72
2025-12-19 00:31:38.034089,1,2,3,14,72
2025-12-19 00:31:40.942420,1,2,2,14,74
2025-12-19 00:31:43.751565,1,2,3,14,77
2025-12-19 00:31:48.062341,1,1,1,14,77
2025-12-19 00:31:51.974500,1,2,2,14,73
2025-12-19 00:31:55.334061,1,2,2,14,73
2025-12-19 00:31:58.196285,1,1,2,14,76
2025-12-19 00:32:02.077235,1,2,3,14,77
2025-12-19 00:32:04.965374,1,2,1,14,77
2025-12-19 00:32:07.773198,1,1,5,14,77
2025-12-19 00:32:11.183796,1,1,1,14,77
2025-12-19 00:32:14.492164,1,1,1,14,77
2025-12-19 00:32:17.306777,1,2,2,14,77
2025-12-19 00:32:21.219449,1,2,4,14,74
2025-12-19 00:32:24.073862,1,1,3,14,71
2025-12-19 00:32:27.433289,1,2,1,14,70
2025-12-19 00:32:30.945791,1,2,18,14,70
2025-12-19 00:32:33.762921,1,2,5,14,70
2025-12-19 00:32:36.612700,1,2,14,14,70
2025-12-19 00:32:40.471722,1,2,11,14,70
2025-12-19 00:32:43.789971,1,2,61,16,106
2025-12-19 00:32:48.090439,1,2,6,23,109
2025-12-19 00:32:51.504694,1,1,1,24,115
2025-12-19 00:32:54.359981,1,1,2,24,118
2025-12-19 00:32:57.171253,1,1,1,24,118
2025-12-19 00:33:00.584991,1,2,3,23,118
2025-12-19 00:33:03.988915,1,2,1,20,112
2025-12-19 00:33:06.817035,1,1,1,19,106
2025-12-19 00:33:09.610313,1,2,2,18,100
2025-12-19 00:33:13.521618,1,1,1,18,94
2025-12-19 00:33:16.379248,1,2,3,17,88
2025-12-19 00:33:19.192724,1,1,2,17,82
2025-12-19 00:33:23.049405,1,2,1,17,79
2025-12-19 00:33:26.358258,1,2,2,18,79
2025-12-19 00:33:29.173078,1,1,1,18,79
2025-12-19 00:33:32.078640,1,2,3,17,79
2025-12-19 00:33:35.001330,1,1,1,15,75
2025-12-19 00:33:37.806226,1,1,2,15,72
2025-12-19 00:33:41.610739,1,1,2,13,71
2025-12-19 00:33:45.470820,1,1,1,13,74
2025-12-19 00:33:48.775041,1,1,2,13,77
2025-12-19 00:33:51.687276,1,2,1,12,76
2025-12-19 00:33:55.544474,1,1,1,12,72
2025-12-19 00:33:58.406947,1,2,1,14,69
2025-12-19 00:34:01.266253,1,1,1,14,66
2025-12-19 00:34:05.074597,1,1,2,17,64
2025-12-19 00:34:07.987303,1,2,1,19,64
2025-12-19 00:34:10.795990,1,1,1,19,64
2025-12-19 00:34:14.662514,1,1,2,16,64
2025-12-19 00:34:17.564458,1,1,1,14,64
2025-12-19 00:34:20.373588,1,2,2,13,64
2025-12-19 00:34:24.685478,1,2,3,14,64
2025-12-19 00:34:27.547832,1,1,2,16,64
2025-12-19 00:34:30.406652,1,1,2,18,64
2025-12-19 00:34:33.266994,1,1,2,20,64
2025-12-19 00:34:36.126758,1,1,1,21,64
2025-12-19 00:34:39.487366,1,2,1,21,64
2025-12-19 00:34:43.243668,1,2,2,22,67
2025-12-19 00:34:47.103760,1,1,3,22,70
2025-12-19 00:34:50.019507,1,1,1,23,69
2025-12-19 00:34:52.822821,1,2,1,23,66
2025-12-19 00:34:56.734567,1,1,1,23,64
2025-12-19 00:34:59.593827,1,1,1,23,65
2025-12-19 00:35:03.504255,1,1,1,23,68
2025-12-19 00:35:06.815052,1,2,1,20,74
2025-12-19 00:35:09.723500,1,2,3,18,77
2025-12-19 00:35:13.583639,1,1,1,16,80
2025-12-19 00:35:16.441780,1,2,2,16,78
2025-12-19 00:35:19.301801,1,1,1,17,78
2025-12-19 00:35:23.115039,1,2,1,17,78
2025-12-19 00:35:26.023736,1,2,2,18,78
2025-12-19 00:35:28.831837,1,1,3,18,78
2025-12-19 00:35:32.741613,1,1,1,20,78
2025-12-19 00:35:35.603656,1,2,1,21,78
2025-12-19 00:35:38.410065,1,2,2,22,79
2025-12-19 00:35:42.230222,1,1,3,22,82
2025-12-19 00:35:45.129571,1,1,1,23,85
2025-12-19 00:35:49.040064,1,2,3,23,86
2025-12-19 00:35:51.863350,1,2,2,23,86
2025-12-19 00:35:54.759738,1,1,1,24,86
2025-12-19 00:35:58.567995,1,2,3,24,86
2025-12-19 00:36:01.878028,1,2,1,24,86
2025-12-19 00:36:04.737343,1,1,1,24,86
2025-12-19 00:36:07.598447,1,2,3,25,86
2025-12-19 00:36:10.463847,1,1,1,23,85
2025-12-19 00:36:13.266959,1,1,1,20,83
2025-12-19 00:36:17.131246,1,2,2,18,77
2025-12-19 00:36:21.541567,1,1,3,15,74
2025-12-19 00:36:24.850649,1,2,1,14,68
2025-12-19 00:36:27.710332,1,2,3,13,67
2025-12-19 00:36:31.619941,1,2,3,13,67
2025-12-19 00:36:34.480268,1,1,2,12,67
2025-12-19 00:36:37.342303,1,2,1,12,67
2025-12-19 00:36:40.200024,1,1,3,15,67
2025-12-19 00:36:44.112142,1,1,1,18,67
2025-12-19 00:36:47.422531,1,2,1,20,67
2025-12-19 00:36:51.284897,1,2,1,21,67
2025-12-19 00:36:54.196606,1,1,1,22,67
2025-12-19 00:36:57.552264,1,1,1,22,67
2025-12-19 00:37:01.065816,1,2,1,20,67
2025-12-19 00:37:04.373052,1,2,1,19,67
2025-12-19 00:37:07.179558,1,1,2,18,67
2025-12-19 00:37:10.089103,1,1,1,17,67
2025-12-19 00:37:13.399386,1,2,1,16,67
2025-12-19 00:37:16.210395,1,2,3,16,67
2025-12-19 00:37:23.175333,1,1,1,14,67
2025-12-19 00:37:26.083412,1,1,1,13,67
2025-12-19 00:37:28.893343,1,2,2,13,67
2025-12-19 00:37:32.752735,1,2,2,13,67
2025-12-19 00:37:35.663484,1,1,1,13,67
2025-12-19 00:37:40.124231,1,2,1,13,67
2025-12-19 00:37:43.483484,1,2,1,13,67
2025-12-19 00:37:46.295373,1,1,2,13,67
2025-12-19 00:37:50.209593,1,1,1,13,66
2025-12-19 00:37:53.114695,1,1,1,13,66
2025-12-19 00:37:55.923562,1,2,3,13,69
2025-12-19 00:37:59.834857,1,1,1,16,72
2025-12-19 00:38:03.798386,1,1,1,17,73
2025-12-19 00:38:07.653907,1,2,1,18,70
2025-12-19 00:38:10.514823,1,2,1,19,67
2025-12-19 00:38:13.335027,1,1,2,18,67
2025-12-19 00:38:17.185337,1,1,2,16,67
2025-12-19 00:38:20.105920,1,2,1,14,67
2025-12-19 00:38:22.915146,1,1,2,14,67
2025-12-19 00:38:26.769639,1,1,2,13,68
2025-12-19 00:38:29.676864,1,2,1,12,71
2025-12-19 00:38:32.485469,1,2,2,12,74
2025-12-19 00:38:36.797807,1,1,3,12,80
2025-12-19 00:38:40.154768,1,1,1,12,83
2025-12-19 00:38:43.517625,1,2,1,12,84
2025-12-19 00:38:46.329014,1,1,2,12,80
2025-12-19 00:38:50.237182,1,1,4,12,75
2025-12-19 00:38:53.157323,1,2,1,12,72
2025-12-19 00:38:57.459322,1,2,2,12,69
2025-12-19 00:39:01.320041,1,2,1,12,66
2025-12-19 00:39:05.187476,1,1,2,12,66
2025-12-19 00:39:08.490875,1,1,2,12,66
2025-12-19 00:39:12.304223,1,1,1,12,66
2025-12-19 00:39:16.178941,1,1,1,14,67
2025-12-19 00:39:19.523823,1,1,1,15,70
2025-12-19 00:39:22.384302,1,2,5,17,73
2025-12-19 00:39:26.244812,1,1,2,19,76
2025-12-19 00:39:29.609186,1,1,1,20,79
2025-12-19 00:39:32.413479,1,1,3,20,82
2025-12-19 00:39:36.374688,1,1,1,17,85
2025-12-19 00:39:39.733739,1,1,1,19,91
2025-12-19 00:39:43.144241,1,1,1,20,94
2025-12-19 00:39:45.955986,1,1,2,21,97
2025-12-19 00:39:48.865027,1,1,1,22,99
2025-12-19 00:39:52.678115,1,2,3,22,95
2025-12-19 00:39:56.485964,1,2,3,22,89
2025-12-19 00:40:00.296337,1,1,1,23,83
2025-12-19 00:40:04.652363,1,2,2,23,74
2025-12-19 00:40:07.963030,1,1,1,23,71
2025-12-19 00:40:12.272540,1,1,1,24,68
2025-12-19 00:40:15.643877,1,1,1,24,66
2025-12-19 00:40:20.093754,1,2,1,24,65
2025-12-19 00:40:23.354367,1,1,1,24,65
2025-12-19 00:40:26.265175,1,1,3,24,65
2025-12-19 00:40:29.577981,1,1,1,24,65
2025-12-19 00:40:34.589028,1,2,1,24,70
2025-12-19 00:40:38.497191,1,2,1,25,73
2025-12-19 00:40:42.316570,1,2,7,25,76
2025-12-19 00:40:46.665726,1,2,11,25,82
2025-12-19 00:40:50.028238,1,2,17,25,85
2025-12-19 00:40:53.785547,1,2,5,25,84
2025-12-19 00:40:57.647278,1,1,1,25,80
2025-12-19 00:41:01.407363,1,2,3,25,74
2025-12-19 00:41:06.018317,1,1,1,25,74
2025-12-19 00:41:08.834697,1,2,1,25,74
2025-12-19 00:41:11.756223,1,1,2,25,74
2025-12-19 00:41:14.548079,1,2,4,25,73
2025-12-19 00:41:18.856515,1,2,4,24,72
2025-12-19 00:41:22.715973,1,2,2,24,72
2025-12-19 00:41:25.575686,1,2,1,24,72
2025-12-19 00:41:28.396224,1,2,1,24,72
2025-12-19 00:41:32.295757,1,2,7,24,72
2025-12-19 00:41:35.208423,1,1,2,24,72
2025-12-19 00:41:38.019220,1,1,1,24,71
2025-12-19 00:41:42.332191,1,2,3,21,68
2025-12-19 00:41:46.684721,1,1,1,22,70
2025-12-19 00:41:50.000265,1,1,1,23,73
2025-12-19 00:41:53.802093,1,2,1,19,76
2025-12-19 00:41:57.665550,1,2,4,18,73
2025-12-19 00:42:01.423540,1,2,1,17,67
2025-12-19 00:42:05.282594,1,2,4,17,64
2025-12-19 00:42:08.751952,1,2,2,16,63
2025-12-19 00:42:11.556466,1,2,3,15,63
2025-12-19 00:42:15.417648,1,2,40,15,63
2025-12-19 00:42:18.323973,1,2,6,15,63
2025-12-19 00:42:21.697161,1,2,1,15,63
2025-12-19 00:42:25.494108,1,2,2,15,63
2025-12-19 00:42:28.301804,1,1,6,15,63
2025-12-19 00:42:31.211234,1,1,1,15,63
2025-12-19 00:42:34.020390,1,2,1,15,63
2025-12-19 00:42:36.888838,1,2,3,15,63
2025-12-19 00:42:40.741911,1,1,1,15,66
2025-12-19 00:42:44.058839,1,1,3,15,69
2025-12-19 00:42:46.865989,1,1,2,15,72
2025-12-19 00:42:49.772651,1,2,6,15,75
2025-12-19 00:42:52.630795,1,2,20,15,75
2025-12-19 00:42:56.041341,1,2,14,15,75
2025-12-19 00:42:59.850241,1,2,9,16,75
2025-12-19 00:43:03.708899,1,1,1,15,74
2025-12-19 00:43:07.619910,1,2,2,16,70
2025-12-19 00:43:10.461469,1,1,1,17,73
2025-12-19 00:43:14.339320,1,2,1,19,76
2025-12-19 00:43:17.251876,1,1,1,20,79
2025-12-19 00:43:20.058385,1,1,1,20,82
2025-12-19 00:43:23.868560,1,1,1,18,85
2025-12-19 00:43:26.781586,1,2,2,18,85
2025-12-19 00:43:29.586295,1,2,1,19,85
2025-12-19 00:43:34.899114,1,2,2,20,85
2025-12-19 00:43:37.807952,1,1,1,21,85
2025-12-19 00:43:40.682963,1,2,1,22,85
2025-12-19 00:43:43.527425,1,1,1,22,85
2025-12-19 00:43:46.336221,1,1,1,23,85
2025-12-19 00:43:49.250561,1,2,2,23,85
2025-12-19 00:43:52.070624,1,2,1,23,85
2025-12-19 00:43:54.970436,1,1,1,24,85
2025-12-19 00:43:58.774337,1,2,2,24,85
2025-12-19 00:44:02.085139,1,2,4,24,85
2025-12-19 00:44:04.895511,1,2,4,24,85
2025-12-19 00:44:07.819170,1,1,1,24,85
2025-12-19 00:44:10.669713,1,2,1,22,83
2025-12-19 00:44:13.472642,1,2,1,21,79
2025-12-19 00:44:17.354724,1,1,1,21,76
2025-12-19 00:44:20.641727,1,2,1,18,73
2025-12-19 00:44:23.453916,1,1,1,18,72
2025-12-19 00:44:26.365895,1,2,3,18,70
2025-12-19 00:44:29.270068,1,2,2,18,70
2025-12-19 00:44:32.081241,1,2,1,18,70
2025-12-19 00:44:36.391748,1,1,2,16,71
2025-12-19 00:44:39.751116,1,1,1,17,71
2025-12-19 00:44:43.111483,1,1,1,16,71
2025-12-19 00:44:45.925287,1,2,5,18,71
2025-12-19 00:44:49.832888,1,1,1,20,71
2025-12-19 00:44:52.690110,1,1,1,20,71
2025-12-19 00:44:55.550415,1,1,1,20,71
2025-12-19 00:44:59.369504,1,2,1,21,74
2025-12-19 00:45:03.269651,1,1,1,20,77
2025-12-19 00:45:06.079656,1,1,4,20,80
2025-12-19 00:45:08.942783,1,1,2,21,82
2025-12-19 00:45:11.849635,1,1,1,21,82
2025-12-19 00:45:14.655927,1,1,2,21,80
2025-12-19 00:45:18.467897,1,1,1,21,77
2025-12-19 00:45:23.476611,1,1,1,21,76
2025-12-19 00:45:26.389106,1,2,1,22,76
2025-12-19 00:45:29.698082,1,1,1,22,76
2025-12-19 00:45:32.509362,1,1,1,21,76
2025-12-19 00:45:35.436917,1,2,1,21,73
2025-12-19 00:45:38.331632,1,1,1,22,76
2025-12-19 00:45:41.639188,1,1,1,21,79
2025-12-19 00:45:46.957489,1,1,5,19,77
2025-12-19 00:45:49.864078,1,2,2,18,73
2025-12-19 00:45:52.722463,1,1,2,17,70
2025-12-19 00:45:55.532952,1,2,1,16,67
2025-12-19 00:45:58.440214,1,2,2,15,66
2025-12-19 00:46:02.353289,1,1,3,14,66
2025-12-19 00:46:05.664512,1,1,1,14,66
2025-12-19 00:46:09.531366,1,2,1,14,66
2025-12-19 00:46:12.432525,1,2,3,14,66
2025-12-19 00:46:15.743583,1,1,1,14,66
2025-12-19 00:46:18.505375,1,2,1,14,66
2025-12-19 00:46:21.414406,1,2,1,14,66
2025-12-19 00:46:25.326935,1,1,2,14,66
2025-12-19 00:46:28.134263,1,1,1,14,66
2025-12-19 00:46:31.045129,1,2,3,14,66
2025-12-19 00:46:34.412567,1,2,1,14,66
2025-12-19 00:46:37.314966,1,2,1,13,66
2025-12-19 00:46:40.627218,1,2,6,13,66
2025-12-19 00:46:43.437805,1,1,1,12,66
2025-12-19 00:46:46.356594,1,1,1,12,66
2025-12-19 00:46:49.155173,1,2,5,12,66
2025-12-19 00:46:53.165055,1,1,4,12,66
2025-12-19 00:46:56.023601,1,1,1,12,66
2025-12-19 00:46:58.883209,1,2,1,12,66
2025-12-19 00:47:01.742153,1,2,4,12,66
2025-12-19 00:47:04.551961,1,1,1,12,67
2025-12-19 00:47:08.467766,1,2,2,12,70
2025-12-19 00:47:12.372520,1,2,5,12,71
2025-12-19 00:47:15.740403,1,1,1,12,71
2025-12-19 00:47:18.542720,1,2,1,12,71
2025-12-19 00:47:21.454814,1,1,2,12,71
2025-12-19 00:47:25.364467,1,1,2,12,71
2025-12-19 00:47:28.172823,1,2,1,12,71
2025-12-19 00:47:31.036272,1,1,1,12,71
2025-12-19 00:47:34.843472,1,1,2,12,71
2025-12-19 00:47:38.162032,1,1,1,12,71
2025-12-19 00:47:42.482337,1,2,1,12,71
2025-12-19 00:47:45.824250,1,2,1,12,71
2025-12-19 00:47:49.634029,1,2,2,12,71
2025-12-19 00:47:52.444184,1,1,3,12,71
2025-12-19 00:47:55.817617,1,1,1,12,71
2025-12-19 00:47:58.613747,1,2,2,12,71
2025-12-19 00:48:02.475894,1,1,3,12,71
2025-12-19 00:48:05.836298,1,1,1,12,71
2025-12-19 00:48:08.596412,1,2,2,12,71
2025-12-19 00:48:11.454441,1,1,3,12,71
2025-12-19 00:48:14.363115,1,1,1,13,71
2025-12-19 00:48:17.186064,1,2,2,13,71
2025-12-19 00:48:21.033710,1,2,3,13,71
2025-12-19 00:48:23.944793,1,1,1,12,71
2025-12-19 00:48:28.906992,1,2,1,12,71
2025-12-19 00:48:32.219218,1,1,1,12,71
2025-12-19 00:48:35.079868,1,2,3,12,73
2025-12-19 00:48:37.933431,1,1,1,12,76
2025-12-19 00:48:40.795603,1,2,3,12,77
2025-12-19 00:48:43.653310,1,2,1,12,77
2025-12-19 00:48:47.468458,1,1,1,12,77
2025-12-19 00:48:50.376431,1,2,1,12,77
2025-12-19 00:48:53.184525,1,2,2,12,76
2025-12-19 00:48:57.995743,1,2,2,12,76
2025-12-19 00:49:01.422764,1,1,2,12,76
2025-12-19 00:49:04.216522,1,1,1,12,76
2025-12-19 00:49:07.028276,1,2,2,12,76
2025-12-19 00:49:10.886042,1,1,1,12,76
2025-12-19 00:49:14.197598,1,1,1,12,77
2025-12-19 00:49:18.004700,1,2,1,12,77
2025-12-19 00:49:21.865198,1,2,1,12,77
2025-12-19 00:49:25.626579,1,1,3,12,76
2025-12-19 00:49:28.487323,1,1,1,12,76
2025-12-19 00:49:31.415304,1,1,2,12,76
2025-12-19 00:49:34.203451,1,1,2,12,76
2025-12-19 00:49:37.117938,1,1,1,12,76
2025-12-19 00:49:40.923144,1,1,3,12,76
2025-12-19 00:49:44.233490,1,2,4,12,76
2025-12-19 00:49:47.093968,1,1,1,12,76
2025-12-19 00:49:49.952955,1,2,2,12,76
2025-12-19 00:49:53.263654,1,1,1,12,76
2025-12-19 00:49:56.121677,1,2,4,12,76
2025-12-19 00:49:58.981185,1,1,1,12,76
2025-12-19 00:50:01.841801,1,1,1,12,76
2025-12-19 00:50:04.602164,1,2,2,12,76
2025-12-19 00:50:08.516840,1,1,3,12,76
2025-12-19 00:50:11.421074,1,1,2,13,76
2025-12-19 00:50:14.232324,1,2,2,13,76
2025-12-19 00:50:18.041106,1,1,4,13,76
2025-12-19 00:50:21.900528,1,2,5,13,76
2025-12-19 00:50:25.411168,1,1,1,13,76
2025-12-19 00:50:28.218591,1,2,1,13,76
2025-12-19 00:50:31.631119,1,2,6,13,76
2025-12-19 00:50:34.992639,1,1,1,13,77
2025-12-19 00:50:37.849886,1,1,1,13,77
2025-12-19 00:50:40.659431,1,2,3,13,77
2025-12-19 00:50:43.523982,1,1,1,13,77
2025-12-19 00:50:46.430393,1,2,1,15,77
2025-12-19 00:50:49.242324,1,1,3,15,77
2025-12-19 00:50:52.099846,1,1,1,14,77
2025-12-19 00:50:56.008500,1,2,3,13,77
2025-12-19 00:50:58.870386,1,2,5,13,77
2025-12-19 00:51:01.678575,1,1,1,13,77
2025-12-19 00:51:05.489247,1,1,1,12,79
2025-12-19 00:51:08.800039,1,1,2,12,79
2025-12-19 00:51:13.107449,1,2,4,12,79
2025-12-19 00:51:16.966101,1,1,1,12,81
2025-12-19 00:51:20.275193,1,1,1,12,84
2025-12-19 00:51:23.083521,1,1,1,12,84
2025-12-19 00:51:25.995060,1,2,3,12,84
2025-12-19 00:51:28.855565,1,1,1,12,84
2025-12-19 00:51:31.714248,1,2,2,12,84
2025-12-19 00:51:35.525950,1,1,1,12,84
2025-12-19 00:51:38.831833,1,1,2,12,84
2025-12-19 00:51:41.692057,1,2,2,12,84
2025-12-19 00:51:44.552590,1,1,3,12,84
2025-12-19 00:51:47.464598,1,1,1,12,84
2025-12-19 00:51:50.273391,1,2,4,12,84
2025-12-19 00:51:54.079437,1,1,3,12,84
2025-12-19 00:51:57.939065,1,1,1,12,84
2025-12-19 00:52:01.899810,1,2,2,12,84
2025-12-19 00:52:04.712891,1,1,2,12,84
2025-12-19 00:52:08.569009,1,1,2,12,84
2025-12-19 00:52:11.480864,1,1,1,12,84
2025-12-19 00:52:14.291199,1,2,1,12,84
2025-12-19 00:52:18.599397,1,2,3,12,84
2025-12-19 00:52:22.479568,1,2,8,12,84
2025-12-19 00:52:25.271201,1,2,2,12,84
2025-12-19 00:52:28.130386,1,2,6,12,84
2025-12-19 00:52:32.040685,1,1,1,12,84
2025-12-19 00:52:34.902272,1,1,1,12,84
2025-12-19 00:52:37.714091,1,2,1,12,84
2025-12-19 00:52:41.528265,1,2,2,12,84
2025-12-19 00:52:44.833631,1,1,1,12,83
2025-12-19 00:52:48.642586,1,2,1,12,80
2025-12-19 00:52:53.001309,1,2,4,12,80
2025-12-19 00:52:56.312526,1,2,2,12,80
2025-12-19 00:53:00.118864,1,1,1,16,82
2025-12-19 00:53:03.029520,1,1,1,17,85
2025-12-19 00:53:05.842238,1,1,2,19,88
2025-12-19 00:53:11.154958,1,2,6,19,86
2025-12-19 00:53:14.067169,1,1,1,19,83
2025-12-19 00:53:16.929487,1,1,1,20,80
2025-12-19 00:53:19.729657,1,2,4,19,79
2025-12-19 00:53:22.590413,1,1,1,17,79
2025-12-19 00:53:25.515792,1,2,2,15,79
2025-12-19 00:53:28.309722,1,1,4,16,79
2025-12-19 00:53:31.170244,1,1,1,17,79
2025-12-19 00:53:35.036802,1,2,3,18,79
2025-12-19 00:53:38.888951,1,2,5,16,79
2025-12-19 00:53:41.699732,1,2,2,14,79
2025-12-19 00:53:44.609974,1,1,1,14,79
2025-12-19 00:53:47.523338,1,2,5,13,79
2025-12-19 00:53:50.333236,1,1,1,13,79
2025-12-19 00:53:54.147258,1,1,1,12,79
2025-12-19 00:53:57.549232,1,2,3,12,79
2025-12-19 00:54:00.907552,1,1,1,12,79
2025-12-19 00:54:03.766329,1,1,1,12,79
2025-12-19 00:54:06.628267,1,1,3,12,79
2025-12-19 00:54:10.006906,1,1,1,12,79
2025-12-19 00:54:13.747312,1,1,1,12,79
2025-12-19 00:54:17.160944,1,2,1,12,79
2025-12-19 00:54:20.066392,1,2,5,12,79
2025-12-19 00:54:22.928095,1,1,1,12,79
2025-12-19 00:54:25.736513,1,2,1,12,79
2025-12-19 00:54:29.596882,1,2,2,12,79
2025-12-19 00:54:32.905704,1,1,4,12,79
2025-12-19 00:54:37.320479,1,1,1,12,79
2025-12-19 00:54:40.229999,1,2,1,12,79
2025-12-19 00:54:44.084238,1,2,3,12,79
2025-12-19 00:54:46.950004,1,1,1,12,79
2025-12-19 00:54:49.755137,1,2,1,12,79
2025-12-19 00:54:53.619379,1,2,1,12,79
2025-12-19 00:54:56.925546,1,1,4,12,79
2025-12-19 00:54:59.735053,1,2,1,12,79
2025-12-19 00:55:02.644531,1,1,2,12,79
2025-12-19 00:55:05.556006,1,2,2,12,79
2025-12-19 00:55:08.362872,1,2,1,12,79
2025-12-19 00:55:12.172296,1,2,4,12,79
2025-12-19 00:55:15.598795,1,2,6,12,79
2025-12-19 00:55:18.942782,1,1,1,12,79
2025-12-19 00:55:21.799654,1,2,1,12,79
2025-12-19 00:55:24.664934,1,1,4,12,79
2025-12-19 00:55:28.028300,1,1,1,12,79
2025-12-19 00:55:31.781489,1,2,1,12,79
2025-12-19 00:55:34.691563,1,1,4,12,79
2025-12-19 00:55:38.601147,1,1,3,12,79
2025-12-19 00:55:41.910159,1,2,1,12,79
2025-12-19 00:55:47.229493,1,1,1,12,79
2025-12-19 00:55:50.141378,1,2,2,12,79
2025-12-19 00:55:52.994882,1,2,4,12,79
2025-12-19 00:55:56.355693,1,1,1,12,79
2025-12-19 00:56:00.661925,1,2,1,12,82
2025-12-19 00:56:04.032690,1,2,1,12,82
2025-12-19 00:56:07.783597,1,2,1,12,82
2025-12-19 00:56:11.649001,1,2,3,12,82
2025-12-19 00:56:14.951725,1,1,3,12,82
2025-12-19 00:56:18.411702,1,1,1,12,84
2025-12-19 00:56:21.233208,1,2,1,13,84
2025-12-19 00:56:24.132682,1,2,3,15,84
2025-12-19 00:56:26.962180,1,2,1,17,84
2025-12-19 00:56:30.750691,1,1,1,17,85
2025-12-19 00:56:34.614194,1,2,1,18,85
2025-12-19 00:56:37.972720,1,1,3,19,85
2025-12-19 00:56:40.795057,1,1,1,20,85
2025-12-19 00:56:44.693741,1,2,1,18,85
2025-12-19 00:56:47.602990,1,2,5,16,85
2025-12-19 00:56:50.413354,1,2,1,16,85
2025-12-19 00:56:54.721531,1,2,1,14,85
2025-12-19 00:56:59.082120,1,1,1,13,85
2025-12-19 00:57:02.411812,1,2,2,13,85
2025-12-19 00:57:06.200518,1,2,1,13,85
2025-12-19 00:57:10.067698,1,1,7,15,85
2025-12-19 00:57:13.819549,1,2,16,14,85
2025-12-19 00:57:17.679647,1,2,21,14,79
2025-12-19 00:57:20.590237,1,2,5,24,108
2025-12-19 00:57:23.404893,1,2,2,24,111
2025-12-19 00:57:27.259275,1,1,1,23,114
2025-12-19 00:57:30.169560,1,1,1,23,117
2025-12-19 00:57:32.976567,1,1,1,23,120
2025-12-19 00:57:36.791473,1,1,1,23,123
2025-12-19 00:57:39.748137,1,1,1,23,117
2025-12-19 00:57:44.156130,1,1,1,23,105
2025-12-19 00:57:47.016251,1,1,1,23,99
2025-12-19 00:57:49.834566,1,1,1,23,93
2025-12-19 00:57:53.694902,1,2,1,22,87
2025-12-19 00:57:56.993186,1,1,1,21,84
2025-12-19 00:58:00.806175,1,1,1,21,81
2025-12-19 00:58:03.765478,1,1,1,22,78
2025-12-19 00:58:08.177551,1,2,2,22,78
2025-12-19 00:58:11.037361,1,1,1,22,78
2025-12-19 00:58:13.851150,1,1,1,23,77
2025-12-19 00:58:17.704653,1,1,1,23,77
2025-12-19 00:58:20.664781,1,1,1,22,77
2025-12-19 00:58:23.975385,1,1,1,22,77
2025-12-19 00:58:27.833250,1,1,1,22,77
2025-12-19 00:58:30.745783,1,1,1,22,77
2025-12-19 00:58:34.104377,1,1,1,21,77
2025-12-19 00:58:37.867434,1,1,1,22,77
2025-12-19 00:58:41.724249,1,1,1,21,77
2025-12-19 00:58:44.694486,1,1,1,19,77
2025-12-19 00:58:47.991566,1,1,1,17,77
2025-12-19 00:58:52.805124,1,1,1,15,72
2025-12-19 00:58:56.215413,1,1,1,14,69
2025-12-19 00:58:59.074372,1,1,1,13,67
2025-12-19 00:59:01.840574,1,1,1,13,69
2025-12-19 00:59:05.697158,1,1,1,13,72
2025-12-19 00:59:09.006206,1,1,1,12,73
2025-12-19 00:59:12.813792,1,1,1,12,70
2025-12-19 00:59:17.175301,1,1,1,12,69
2025-12-19 00:59:20.486845,1,1,1,12,72
2025-12-19 00:59:24.294049,1,1,1,12,75
2025-12-19 00:59:27.203960,1,1,1,12,76
2025-12-19 00:59:30.012559,1,1,1,12,76
2025-12-19 00:59:34.825498,1,1,1,11,76
2025-12-19 00:59:38.233539,1,1,1,11,76
2025-12-19 00:59:41.093957,1,1,1,11,76
2025-12-19 00:59:44.456746,1,1,1,11,75
2025-12-19 00:59:48.263817,1,1,1,13,72
2025-12-19 00:59:52.125070,1,1,1,13,72
2025-12-19 00:59:55.882448,1,1,1,14,72
2025-12-19 00:59:59.751843,1,1,1,16,75
2025-12-19 01:00:03.057222,1,1,1,17,77
2025-12-19 01:00:07.065927,1,1,1,16,79
2025-12-19 01:00:09.884780,1,1,1,15,79
2025-12-19 01:00:12.785414,1,1,1,14,76
2025-12-19 01:00:16.147746,1,1,1,13,73
2025-12-19 01:00:19.929108,1,1,1,13,67
2025-12-19 01:00:23.767761,1,1,1,13,65
2025-12-19 01:00:26.681384,1,1,1,12,65
2025-12-19 01:00:29.482720,1,1,1,12,64
2025-12-19 01:00:33.347669,1,1,1,12,64
2025-12-19 01:00:36.260740,1,1,1,12,64
2025-12-19 01:00:39.073247,1,1,1,12,64
2025-12-19 01:00:42.875145,1,1,1,12,64
2025-12-19 01:00:45.851929,1,1,1,12,64
2025-12-19 01:00:50.244539,1,1,1,12,64
2025-12-19 01:00:53.108011,1,1,1,13,64
2025-12-19 01:00:55.915084,1,1,1,15,67
2025-12-19 01:00:59.776254,1,1,1,14,70
2025-12-19 01:01:02.744054,1,1,1,14,67
2025-12-19 01:01:06.046927,1,1,1,14,65
2025-12-19 01:01:09.903070,1,1,1,14,65
2025-12-19 01:01:12.813980,1,1,1,14,65
2025-12-19 01:01:16.175691,1,1,1,15,65
2025-12-19 01:01:19.933121,1,1,1,15,65
2025-12-19 01:01:22.845878,1,1,1,14,65
2025-12-19 01:01:26.253054,1,1,1,14,65
2025-12-19 01:01:29.122200,1,1,1,14,65
2025-12-19 01:01:31.929201,1,1,1,15,65
2025-12-19 01:01:35.780875,1,1,1,15,66
2025-12-19 01:01:39.089135,1,1,1,18,69
2025-12-19 01:01:42.899012,1,1,1,18,72
2025-12-19 01:01:45.811645,1,1,1,17,75
2025-12-19 01:01:49.725098,1,1,1,16,73
2025-12-19 01:01:52.528374,1,1,1,16,70
2025-12-19 01:01:55.390653,1,1,1,16,70
2025-12-19 01:01:59.253510,1,1,1,15,70
2025-12-19 01:02:02.566938,1,1,1,15,70
2025-12-19 01:02:05.366051,1,1,1,15,70
2025-12-19 01:02:08.276899,1,1,1,15,70
2025-12-19 01:02:11.134347,1,1,1,15,70
2025-12-19 01:02:13.945518,1,1,1,15,69
2025-12-19 01:02:17.805736,1,1,1,15,69
2025-12-19 01:02:21.114036,1,1,1,15,69
2025-12-19 01:02:23.980822,1,2,2,15,69
2025-12-19 01:02:26.834469,1,2,2,15,67
2025-12-19 01:02:29.747146,1,1,2,15,67
2025-12-19 01:02:32.555713,1,2,1,15,67
2025-12-19 01:02:36.366070,1,2,1,17,68
2025-12-19 01:02:39.330755,1,1,1,19,71
2025-12-19 01:02:43.783881,1,1,1,20,77
2025-12-19 01:02:47.153526,1,1,1,20,80
2025-12-19 01:02:49.954530,1,1,1,21,81
2025-12-19 01:02:53.813746,1,1,1,22,81
2025-12-19 01:02:57.124310,1,1,1,22,77
2025-12-19 01:03:00.934584,1,1,1,21,74
2025-12-19 01:03:03.846103,1,1,1,18,71
2025-12-19 01:03:07.759715,1,1,1,16,65
2025-12-19 01:03:10.563436,1,1,1,15,63
2025-12-19 01:03:13.424365,1,1,1,13,63
2025-12-19 01:03:17.285865,1,1,1,13,63
2025-12-19 01:03:20.200362,1,1,1,12,63
2025-12-19 01:03:22.969165,1,2,1,12,63
2025-12-19 01:03:26.866895,1,1,1,11,63
2025-12-19 01:03:29.776935,1,1,1,11,63
2025-12-19 01:03:32.590367,1,1,1,11,65
2025-12-19 01:03:36.394733,1,1,1,15,65
2025-12-19 01:03:39.306437,1,1,1,17,65
2025-12-19 01:03:42.112795,1,1,1,15,65
2025-12-19 01:03:46.571918,1,1,1,14,63
2025-12-19 01:03:49.437134,1,1,1,14,65
2025-12-19 01:03:53.291864,1,1,1,13,68
2025-12-19 01:03:56.605039,1,1,1,16,71
2025-12-19 01:04:00.410713,1,1,1,15,74
2025-12-19 01:04:03.370107,1,1,1,17,77
2025-12-19 01:04:07.783197,1,1,1,18,79
2025-12-19 01:04:10.618757,1,1,1,19,79
2025-12-19 01:04:13.450268,1,1,1,20,79
2025-12-19 01:04:17.309665,1,1,1,21,79
2025-12-19 01:04:20.220670,1,1,1,21,79
2025-12-19 01:04:22.982458,1,1,1,20,79
2025-12-19 01:04:26.891933,1,1,1,18,77
2025-12-19 01:04:29.800476,1,1,1,17,74
2025-12-19 01:04:32.607742,1,1,1,17,71
2025-12-19 01:04:36.417156,1,1,1,18,70
2025-12-19 01:04:39.377009,1,1,1,19,72
2025-12-19 01:04:43.825349,1,1,1,20,78
2025-12-19 01:04:46.597164,1,1,1,19,78
2025-12-19 01:04:49.455954,1,1,1,18,76
2025-12-19 01:04:53.315774,1,1,1,17,73
2025-12-19 01:04:56.624828,1,1,1,16,70
2025-12-19 01:05:00.944560,1,2,1,15,67
2025-12-19 01:05:05.296653,1,1,1,15,62
2025-12-19 01:05:08.605472,1,1,1,15,62
2025-12-19 01:05:12.413802,1,1,1,15,62
2025-12-19 01:05:16.274121,1,1,1,15,62
2025-12-19 01:05:20.033204,1,1,1,15,62
2025-12-19 01:05:23.896421,1,1,1,15,62
2025-12-19 01:05:26.804775,1,1,1,15,62
2025-12-19 01:05:29.614405,1,1,1,15,62
2025-12-19 01:05:33.475519,1,1,1,14,62
2025-12-19 01:05:36.382474,1,1,1,14,62
2025-12-19 01:05:39.192769,1,1,1,14,62
2025-12-19 01:05:43.001639,1,1,1,14,62
2025-12-19 01:05:45.914770,1,1,1,14,62
2025-12-19 01:05:49.826730,1,1,1,15,62
2025-12-19 01:05:52.633661,1,1,1,15,62
2025-12-19 01:05:55.501898,1,1,1,15,62
2025-12-19 01:05:59.353190,1,1,1,15,62
2025-12-19 01:06:02.662304,1,1,1,16,62
2025-12-19 01:06:05.473078,1,1,1,17,62
2025-12-19 01:06:08.391092,1,1,1,16,62
2025-12-19 01:06:11.238272,1,1,1,16,64
2025-12-19 01:06:14.049173,1,1,1,16,66
2025-12-19 01:06:17.930601,1,1,1,16,69
2025-12-19 01:06:21.218535,1,1,1,17,69
2025-12-19 01:06:24.029103,1,1,1,17,69
2025-12-19 01:06:26.938011,1,1,1,17,69
2025-12-19 01:06:29.848821,1,1,1,17,69
2025-12-19 01:06:32.675454,1,1,1,17,69
2025-12-19 01:06:36.464088,1,1,1,16,69
2025-12-19 01:06:40.325224,1,1,1,16,69
2025-12-19 01:06:43.835588,1,1,1,16,69
2025-12-19 01:06:46.643326,1,1,1,16,69
2025-12-19 01:06:49.506750,1,1,1,15,69
2025-12-19 01:06:53.363778,1,1,1,15,69
2025-12-19 01:06:56.674769,1,1,1,15,69
2025-12-19 01:07:00.481616,1,1,2,15,69
2025-12-19 01:07:03.447092,1,1,1,15,69
2025-12-19 01:07:07.850876,1,1,1,15,69
2025-12-19 01:07:10.661153,1,1,1,15,69
2025-12-19 01:07:13.525524,1,2,1,15,69
2025-12-19 01:07:17.385255,1,1,2,15,69
2025-12-19 01:07:20.693395,1,2,6,15,69
2025-12-19 01:07:24.051224,1,2,12,15,69
2025-12-19 01:07:26.966946,1,2,16,17,69
2025-12-19 01:07:29.871392,1,2,4,18,71
2025-12-19 01:07:32.682141,1,2,8,18,74
2025-12-19 01:07:36.495436,1,1,2,21,76
2025-12-19 01:07:40.352528,1,1,1,21,72
2025-12-19 01:07:43.708513,1,1,1,22,66
2025-12-19 01:07:46.517449,1,2,7,22,63
2025-12-19 01:07:50.427495,1,1,2,22,62
2025-12-19 01:07:53.286107,1,2,5,22,64
2025-12-19 01:07:56.095726,1,2,1,22,67
2025-12-19 01:07:59.960134,1,2,2,21,70
2025-12-19 01:08:03.916326,1,2,1,18,69
2025-12-19 01:08:07.281758,1,2,5,17,63
2025-12-19 01:08:10.084898,1,1,2,16,63
2025-12-19 01:08:12.994620,1,1,3,15,62
2025-12-19 01:08:16.356583,1,2,1,15,62
2025-12-19 01:08:20.165081,1,2,1,15,62
2025-12-19 01:08:23.523609,1,2,3,15,62
2025-12-19 01:08:26.435122,1,2,2,14,62
2025-12-19 01:08:29.298414,1,1,1,14,62
2025-12-19 01:08:32.182423,1,2,1,14,62
2025-12-19 01:08:35.964047,1,2,2,14,62
2025-12-19 01:08:39.272323,1,1,1,14,64
2025-12-19 01:08:44.244981,1,1,3,14,70
2025-12-19 01:08:48.094068,1,2,2,14,70
2025-12-19 01:08:51.009174,1,1,1,14,70
2025-12-19 01:08:53.914296,1,1,1,14,72
2025-12-19 01:08:56.722516,1,2,1,14,75
2025-12-19 01:09:01.038796,1,1,2,14,78
2025-12-19 01:09:06.003853,1,1,2,14,77
2025-12-19 01:09:08.904235,1,2,4,14,74
2025-12-19 01:09:11.717416,1,2,3,14,73
2025-12-19 01:09:15.576870,1,1,2,14,73
2025-12-19 01:09:18.482631,1,2,1,14,73
2025-12-19 01:09:21.300068,1,2,8,14,73
2025-12-19 01:09:25.157597,1,2,2,14,72
2025-12-19 01:09:28.462355,1,2,1,14,69
2025-12-19 01:09:31.319997,1,2,4,14,67
2025-12-19 01:09:34.183570,1,2,2,14,67
2025-12-19 01:09:37.046565,1,2,1,14,64
2025-12-19 01:09:40.403864,1,1,3,14,62
2025-12-19 01:09:44.362684,1,1,4,14,62
2025-12-19 01:09:47.125062,1,2,5,14,62
2025-12-19 01:09:51.034996,1,2,3,14,62
2025-12-19 01:09:53.941938,1,2,1,14,62
2025-12-19 01:09:56.760175,1,2,2,14,62
2025-12-19 01:10:01.069435,1,2,1,14,62
2025-12-19 01:10:04.927497,1,2,2,14,66
2025-12-19 01:10:07.733221,1,2,2,14,69
2025-12-19 01:10:10.643935,1,2,4,15,72
2025-12-19 01:10:14.502988,1,2,2,15,72
2025-12-19 01:10:17.365131,1,1,1,15,73
2025-12-19 01:10:20.242867,1,2,1,15,76
2025-12-19 01:10:23.031525,1,2,1,15,76
2025-12-19 01:10:25.942155,1,1,2,15,76
2025-12-19 01:10:28.752556,1,2,2,15,76
2025-12-19 01:10:32.166660,1,2,2,15,76
2025-12-19 01:10:35.524667,1,2,2,15,76
2025-12-19 01:10:40.485790,1,1,2,15,76
2025-12-19 01:10:43.948203,1,2,1,15,76
2025-12-19 01:10:46.756313,1,2,1,15,76
2025-12-19 01:10:49.640956,1,2,6,15,76
2025-12-19 01:10:53.487346,1,2,3,15,76
2025-12-19 01:10:56.788604,1,2,7,15,76
2025-12-19 01:11:00.249412,1,2,1,14,74
2025-12-19 01:11:03.055226,1,2,1,15,71
2025-12-19 01:11:05.965270,1,1,3,16,68
2025-12-19 01:11:08.776495,1,2,2,16,65
2025-12-19 01:11:13.084489,1,1,2,15,63
2025-12-19 01:11:16.446514,1,1,2,15,63
2025-12-19 01:11:20.403923,1,1,2,14,63
2025-12-19 01:11:23.168864,1,2,5,14,63
2025-12-19 01:11:27.073783,1,2,4,14,63
2025-12-19 01:11:29.986597,1,1,3,15,63
2025-12-19 01:11:32.793405,1,2,1,15,63
2025-12-19 01:11:36.603877,1,2,6,15,63
2025-12-19 01:11:39.514759,1,2,2,15,63
2025-12-19 01:11:42.326549,1,1,2,15,63
2025-12-19 01:11:46.187283,1,2,1,15,63
2025-12-19 01:11:49.095767,1,2,2,15,63
2025-12-19 01:11:52.455536,1,1,1,15,62
2025-12-19 01:11:56.266964,1,1,2,15,62
2025-12-19 01:11:59.073420,1,2,4,15,62
2025-12-19 01:12:02.005050,1,2,1,15,62
2025-12-19 01:12:04.793357,1,1,4,15,62
2025-12-19 01:12:07.703362,1,2,3,15,62
2025-12-19 01:12:12.954601,1,2,5,15,62
2025-12-19 01:12:14.826720,1,2,3,15,62
2025-12-19 01:12:17.682296,1,1,1,15,62
2025-12-19 01:12:20.565724,1,2,10,15,62
2025-12-19 01:12:23.403391,1,1,2,15,62
2025-12-19 01:12:26.210549,1,1,3,15,62
2025-12-19 01:12:30.071687,1,1,1,15,62
2025-12-19 01:12:33.380404,1,2,10,15,62
2025-12-19 01:12:36.252021,1,2,3,15,62
2025-12-19 01:12:39.114187,1,2,7,15,62
2025-12-19 01:12:42.008236,1,2,2,15,62
2025-12-19 01:12:44.816543,1,1,3,15,62
2025-12-19 01:12:48.628906,1,2,4,15,62
2025-12-19 01:12:52.485883,1,2,7,15,62
2025-12-19 01:12:56.445665,1,1,5,15,62
2025-12-19 01:12:59.206861,1,1,4,15,62
2025-12-19 01:13:03.121185,1,1,1,15,62
2025-12-19 01:13:06.027062,1,1,2,16,62
2025-12-19 01:13:08.837445,1,2,2,16,62
2025-12-19 01:13:13.154061,1,2,1,17,62
2025-12-19 01:13:16.558054,1,1,2,16,62
2025-12-19 01:13:19.414603,1,2,1,16,64
2025-12-19 01:13:22.276000,1,1,4,16,64
2025-12-19 01:13:25.137117,1,2,1,16,67
2025-12-19 01:13:28.496168,1,1,7,15,70
2025-12-19 01:13:32.261116,1,2,4,15,73
2025-12-19 01:13:35.114824,1,1,1,14,70
2025-12-19 01:13:38.027811,1,2,2,14,67
2025-12-19 01:13:40.833472,1,2,3,13,67
2025-12-19 01:13:43.693930,1,1,1,13,67
2025-12-19 01:13:47.576230,1,2,3,13,67
2025-12-19 01:13:50.861364,1,1,3,12,67
2025-12-19 01:13:54.322820,1,2,2,13,67
2025-12-19 01:13:57.134662,1,1,2,13,67
2025-12-19 01:14:00.047657,1,2,2,13,67
2025-12-19 01:14:02.851783,1,2,1,13,67
2025-12-19 01:14:07.164053,1,2,1,12,67
2025-12-19 01:14:10.522098,1,2,5,12,67
2025-12-19 01:14:14.032152,1,2,10,12,67
2025-12-19 01:14:17.342978,1,1,2,12,67
2025-12-19 01:14:20.154683,1,2,3,12,67
2025-12-19 01:14:23.071420,1,2,1,12,67
2025-12-19 01:14:25.874014,1,2,2,12,67
2025-12-19 01:14:30.385202,1,1,2,12,67
2025-12-19 01:14:34.293627,1,2,1,13,67
2025-12-19 01:14:37.153436,1,1,5,13,67
2025-12-19 01:14:40.516861,1,2,2,13,67
2025-12-19 01:14:44.272418,1,2,3,13,67
2025-12-19 01:14:48.133137,1,1,1,13,67
2025-12-19 01:14:52.150310,1,1,4,13,67
2025-12-19 01:14:56.055253,1,2,6,13,67
2025-12-19 01:14:58.862610,1,2,7,13,67
2025-12-19 01:15:01.721282,1,2,1,13,67
2025-12-19 01:15:05.581908,1,2,5,13,67
2025-12-19 01:15:08.891983,1,2,2,13,67
2025-12-19 01:15:12.701360,1,2,17,14,67
2025-12-19 01:15:15.610746,1,2,8,14,67
2025-12-19 01:15:18.419902,1,2,5,14,67
2025-12-19 01:15:23.730948,1,1,1,14,67
2025-12-19 01:15:26.642064,1,1,1,14,67
2025-12-19 01:15:29.504915,1,1,1,14,67
2025-12-19 01:15:33.410509,1,1,4,14,67
2025-12-19 01:15:37.771686,1,1,1,14,67
2025-12-19 01:15:41.083285,1,2,1,14,65
2025-12-19 01:15:43.892474,1,2,2,14,64
2025-12-19 01:15:46.752410,1,1,1,15,65
2025-12-19 01:15:50.661084,1,2,5,16,68
2025-12-19 01:15:55.623567,1,2,5,17,71
2025-12-19 01:15:58.483169,1,1,3,17,77
2025-12-19 01:16:01.292738,1,2,1,17,77
2025-12-19 01:16:04.203759,1,1,6,17,80
2025-12-19 01:16:08.111998,1,1,1,15,86
2025-12-19 01:16:10.934091,1,1,1,15,89
2025-12-19 01:16:13.733655,1,2,3,14,88
2025-12-19 01:16:17.599751,1,1,3,13,87
2025-12-19 01:16:20.907080,1,1,1,14,89
2025-12-19 01:16:24.715057,1,1,1,14,89
2025-12-19 01:16:28.573065,1,2,1,14,87
2025-12-19 01:16:32.333193,1,1,5,16,75
2025-12-19 01:16:35.196966,1,1,1,18,71
2025-12-19 01:16:38.104127,1,2,6,19,68
2025-12-19 01:16:40.944649,1,1,1,19,65
2025-12-19 01:16:43.778992,1,2,4,20,64
2025-12-19 01:16:47.634265,1,1,1,20,64
2025-12-19 01:16:50.941548,1,1,3,21,64
2025-12-19 01:16:53.761668,1,2,3,21,63
2025-12-19 01:16:56.660838,1,1,1,21,63
2025-12-19 01:16:59.520197,1,2,1,21,63
2025-12-19 01:17:02.384196,1,1,1,21,63
2025-12-19 01:17:06.191538,1,2,1,21,63
2025-12-19 01:17:09.499100,1,1,1,21,63
2025-12-19 01:17:12.309726,1,1,1,21,63
2025-12-19 01:17:15.220694,1,2,1,21,63
2025-12-19 01:17:18.131525,1,1,1,21,63
2025-12-19 01:17:20.939345,1,2,1,21,65
2025-12-19 01:17:25.247960,1,2,6,18,68
2025-12-19 01:17:28.618345,1,1,1,16,71
2025-12-19 01:17:32.119218,1,1,3,14,70
2025-12-19 01:17:34.960734,1,2,2,13,70
2025-12-19 01:17:37.838930,1,1,1,13,70
2025-12-19 01:17:41.647971,1,2,7,12,68
2025-12-19 01:17:44.959675,1,1,1,13,65
2025-12-19 01:17:49.267661,1,2,1,17,64
2025-12-19 01:17:52.676055,1,1,1,19,64
2025-12-19 01:17:55.535692,1,2,6,20,64
2025-12-19 01:17:58.343617,1,1,1,20,64
2025-12-19 01:18:01.256079,1,2,7,21,64
2025-12-19 01:18:04.613834,1,1,2,21,64
2025-12-19 01:18:08.389923,1,1,4,22,67
2025-12-19 01:18:12.184592,1,2,1,22,68
2025-12-19 01:18:15.493777,1,2,3,19,68
2025-12-19 01:18:19.308018,1,2,8,17,68
2025-12-19 01:18:23.171060,1,1,2,15,68
2025-12-19 01:18:25.978372,1,2,1,17,68
2025-12-19 01:18:28.884671,1,2,1,19,68
2025-12-19 01:18:33.255789,1,1,1,21,68
2025-12-19 01:18:36.156139,1,2,1,22,68
2025-12-19 01:18:38.968251,1,1,6,22,68
2025-12-19 01:18:43.287875,1,1,1,23,65
2025-12-19 01:18:46.641568,1,1,1,23,65
2025-12-19 01:18:49.995654,1,2,5,23,65
2025-12-19 01:18:52.857848,1,1,1,23,65
2025-12-19 01:18:56.715337,1,2,10,23,65
2025-12-19 01:18:59.579651,1,2,1,21,65
2025-12-19 01:19:02.383349,1,1,1,18,65
2025-12-19 01:19:06.243652,1,2,2,16,65
2025-12-19 01:19:09.557439,1,2,2,15,65
2025-12-19 01:19:12.366255,1,2,5,17,65
2025-12-19 01:19:15.285791,1,1,1,19,65
2025-12-19 01:19:18.184220,1,2,1,20,67
2025-12-19 01:19:20.998189,1,1,3,20,67
2025-12-19 01:19:25.303638,1,1,1,15,67
2025-12-19 01:19:28.212570,1,2,1,14,67
2025-12-19 01:19:31.580920,1,1,3,13,67
2025-12-19 01:19:34.430896,1,1,1,15,67
2025-12-19 01:19:37.292903,1,2,9,17,67
2025-12-19 01:19:40.651073,1,1,1,19,67
2025-12-19 01:19:44.425507,1,1,1,20,67
2025-12-19 01:19:48.271202,1,1,6,21,68
2025-12-19 01:19:51.179679,1,1,1,19,68
2025-12-19 01:19:53.992996,1,2,2,19,71
2025-12-19 01:19:57.900143,1,2,5,15,74
2025-12-19 01:20:00.759368,1,1,1,14,77
2025-12-19 01:20:03.569762,1,2,1,13,80
2025-12-19 01:20:07.884141,1,1,2,12,84
2025-12-19 01:20:10.749660,1,1,1,12,79
2025-12-19 01:20:13.600210,1,2,6,11,76
2025-12-19 01:20:16.408279,1,1,1,11,76
2025-12-19 01:20:19.318576,1,1,1,11,73
2025-12-19 01:20:22.677999,1,1,1,11,70
2025-12-19 01:20:27.443995,1,2,4,11,70
2025-12-19 01:20:30.299965,1,1,1,11,70
2025-12-19 01:20:34.660873,1,2,4,11,69
2025-12-19 01:20:38.434106,1,1,1,14,65
2025-12-19 01:20:42.279133,1,2,1,16,65
2025-12-19 01:20:45.591790,1,1,3,19,65
2025-12-19 01:20:49.552768,1,1,1,18,65
2025-12-19 01:20:53.363932,1,1,1,16,67
2025-12-19 01:20:57.224071,1,2,4,14,70
2025-12-19 01:21:00.029994,1,2,4,14,73
2025-12-19 01:21:03.895547,1,2,1,16,72
2025-12-19 01:21:06.803323,1,1,1,18,69
2025-12-19 01:21:11.774282,1,2,1,20,64
2025-12-19 01:21:14.621737,1,1,1,21,64
2025-12-19 01:21:17.442094,1,1,1,21,64
2025-12-19 01:21:21.342542,1,2,1,22,64
2025-12-19 01:21:24.261264,1,1,6,23,64
2025-12-19 01:21:27.061152,1,1,1,23,64
2025-12-19 01:21:31.030993,1,1,1,23,64
2025-12-19 01:21:33.886837,1,1,2,23,64
2025-12-19 01:21:36.792598,1,1,4,23,64
2025-12-19 01:21:39.603234,1,2,5,23,64
2025-12-19 01:21:43.412644,1,1,3,23,64
2025-12-19 01:21:47.774407,1,1,2,23,65
2025-12-19 01:21:50.639162,1,1,1,23,68
2025-12-19 01:21:53.442891,1,1,1,23,71
2025-12-19 01:21:57.353542,1,1,1,24,74
2025-12-19 01:22:00.262571,1,2,1,24,77
2025-12-19 01:22:03.071685,1,2,4,24,78
2025-12-19 01:22:06.982386,1,1,1,24,78
2025-12-19 01:22:11.344963,1,2,1,24,78
2025-12-19 01:22:14.268170,1,2,1,24,75
2025-12-19 01:22:17.065168,1,1,8,24,72
2025-12-19 01:22:19.922649,1,1,1,24,69
2025-12-19 01:22:23.792068,1,2,3,24,66
2025-12-19 01:22:27.250144,1,2,7,24,66
2025-12-19 01:22:30.055028,1,1,1,24,66
2025-12-19 01:22:34.866829,1,1,1,24,66
2025-12-19 01:22:38.826532,1,1,1,24,65
2025-12-19 01:22:41.689917,1,1,2,24,64
2025-12-19 01:22:44.502070,1,1,1,23,64
2025-12-19 01:22:48.453986,1,1,1,23,64
2025-12-19 01:22:51.366716,1,2,1,23,64
2025-12-19 01:22:54.273851,1,1,1,23,67
2025-12-19 01:22:57.084747,1,1,1,23,70
2025-12-19 01:23:01.394291,1,2,2,24,73
2025-12-19 01:23:04.755508,1,2,1,24,76
2025-12-19 01:23:08.767773,1,1,2,24,82
2025-12-19 01:23:12.275487,1,1,1,24,85
2025-12-19 01:23:15.085200,1,2,1,24,85
2025-12-19 01:23:18.896119,1,2,7,24,86
2025-12-19 01:23:22.755220,1,1,2,24,86
2025-12-19 01:23:26.525515,1,1,1,24,86
2025-12-19 01:23:32.484701,1,1,6,24,86
2025-12-19 01:23:37.399822,1,1,1,24,86
2025-12-19 01:23:40.756029,1,1,7,24,86
2025-12-19 01:23:44.558985,1,1,1,24,86
2025-12-19 01:23:48.369110,1,2,1,24,86
2025-12-19 01:23:51.677358,1,1,1,24,86
2025-12-19 01:23:55.690472,1,1,1,24,86
2025-12-19 01:23:58.547590,1,2,2,24,86
2025-12-19 01:24:01.857410,1,1,1,24,86
2025-12-19 01:24:04.720129,1,1,1,24,82
2025-12-19 01:24:07.576317,1,2,6,24,82
2025-12-19 01:24:12.486828,1,1,1,24,74
2025-12-19 01:24:15.397307,1,1,1,24,71
2025-12-19 01:24:18.307150,1,2,3,22,71
2025-12-19 01:24:21.125418,1,2,6,22,73
2025-12-19 01:24:24.926541,1,1,1,18,72
2025-12-19 01:24:28.788802,1,2,4,17,72
2025-12-19 01:24:32.146398,1,1,1,16,72
2025-12-19 01:24:35.007669,1,1,1,15,73
2025-12-19 01:24:38.325253,1,2,1,14,76
2025-12-19 01:24:41.128611,1,2,1,14,77
2025-12-19 01:24:44.040531,1,2,1,13,74
2025-12-19 01:24:47.347594,1,1,1,13,71
2025-12-19 01:24:51.158264,1,1,3,12,74
2025-12-19 01:24:54.016418,1,1,1,12,77
2025-12-19 01:24:57.333142,1,1,4,12,80
2025-12-19 01:25:00.138406,1,2,1,12,83
2025-12-19 01:25:03.997850,1,2,1,12,80
2025-12-19 01:25:06.912698,1,1,1,12,74
2025-12-19 01:25:10.772529,1,1,1,12,71
2025-12-19 01:25:14.534460,1,2,2,12,67
2025-12-19 01:25:18.388349,1,2,2,12,67
2025-12-19 01:25:21.696180,1,1,7,12,67
2025-12-19 01:25:25.510842,1,1,7,12,67
2025-12-19 01:25:29.371550,1,1,1,12,70
2025-12-19 01:25:32.729244,1,2,1,12,70
2025-12-19 01:25:35.589935,1,1,3,12,70
2025-12-19 01:25:38.905159,1,1,1,12,71
2025-12-19 01:25:41.766769,1,1,1,12,71
2025-12-19 01:25:44.578043,1,1,2,12,71
2025-12-19 01:25:50.034665,1,1,1,12,71
2025-12-19 01:25:53.849858,1,1,3,12,71
2025-12-19 01:25:57.164956,1,2,7,12,71
2025-12-19 01:26:00.969217,1,1,1,12,68
2025-12-19 01:26:04.824879,1,1,1,12,67
2025-12-19 01:26:08.583309,1,1,1,12,67
2025-12-19 01:26:13.048692,1,2,1,12,69
2025-12-19 01:26:15.906544,1,1,1,12,72
2025-12-19 01:26:18.718127,1,1,1,12,75
2025-12-19 01:26:22.575500,1,1,1,12,78
2025-12-19 01:26:25.491154,1,2,3,12,81
2025-12-19 01:26:28.394905,1,1,1,12,80
2025-12-19 01:26:31.770695,1,1,1,12,74
2025-12-19 01:26:34.564930,1,1,3,12,74
2025-12-19 01:26:37.484175,1,2,4,12,73
2025-12-19 01:26:40.788115,1,2,1,12,78
2025-12-19 01:26:43.651489,1,1,6,12,78
2025-12-19 01:26:47.009326,1,1,1,12,80
2025-12-19 01:26:50.926200,1,1,1,12,77
2025-12-19 01:26:53.780209,1,2,2,12,74
2025-12-19 01:26:56.641379,1,1,2,12,71
2025-12-19 01:27:00.448371,1,1,1,12,68
2025-12-19 01:27:04.257904,1,1,1,12,65
2025-12-19 01:27:07.568365,1,2,6,12,67
2025-12-19 01:27:10.484673,1,1,1,12,67
2025-12-19 01:27:14.393915,1,2,1,12,67
2025-12-19 01:27:17.700125,1,2,1,12,67
2025-12-19 01:27:20.506908,1,1,7,12,67
2025-12-19 01:27:23.422940,1,1,1,12,67
2025-12-19 01:27:26.787692,1,2,2,12,66
2025-12-19 01:27:29.641573,1,1,1,12,63
2025-12-19 01:27:33.609523,1,1,1,15,63
2025-12-19 01:27:36.510276,1,2,1,17,63
2025-12-19 01:27:39.425274,1,1,7,18,63
2025-12-19 01:27:43.230196,1,1,1,19,63
2025-12-19 01:27:46.091308,1,1,1,18,63
2025-12-19 01:27:49.405793,1,2,5,18,63
2025-12-19 01:27:52.208829,1,1,1,16,63
2025-12-19 01:27:55.070959,1,2,1,16,63
2025-12-19 01:27:58.003834,1,2,5,16,63
2025-12-19 01:28:02.398501,1,1,1,17,63
2025-12-19 01:28:05.208008,1,1,1,18,63
2025-12-19 01:28:08.061635,1,2,5,19,63
2025-12-19 01:28:11.921759,1,1,1,20,63
2025-12-19 01:28:15.231246,1,2,1,21,63
2025-12-19 01:28:19.541313,1,1,1,19,63
2025-12-19 01:28:23.899593,1,2,1,17,63
2025-12-19 01:28:27.208256,1,1,1,16,63
2025-12-19 01:28:31.518020,1,1,4,14,63
2025-12-19 01:28:34.879173,1,1,1,13,63
2025-12-19 01:28:38.639535,1,1,3,13,63
2025-12-19 01:28:42.499087,1,2,1,12,62
2025-12-19 01:28:46.513950,1,2,9,12,62
2025-12-19 01:28:50.420595,1,1,5,12,62
2025-12-19 01:28:53.231024,1,1,1,12,62
2025-12-19 01:28:56.090673,1,2,2,12,62
2025-12-19 01:28:59.961536,1,2,6,14,62
2025-12-19 01:29:03.261860,1,1,1,17,62
2025-12-19 01:29:06.119018,1,1,1,18,62
2025-12-19 01:29:08.980792,1,2,7,20,62
2025-12-19 01:29:11.841034,1,1,2,21,62
2025-12-19 01:29:14.650920,1,1,1,21,62
2025-12-19 01:29:18.512054,1,1,3,22,62
2025-12-19 01:29:21.873477,1,1,1,22,62
2025-12-19 01:29:24.677985,1,2,1,23,62
2025-12-19 01:29:27.997003,1,1,1,23,62
2025-12-19 01:29:30.799587,1,1,2,23,62
2025-12-19 01:29:34.665623,1,2,3,23,63
2025-12-19 01:29:37.571519,1,2,1,24,63
2025-12-19 01:29:42.532016,1,2,2,24,63
2025-12-19 01:29:45.441822,1,2,6,24,63
2025-12-19 01:29:48.251476,1,1,1,24,63
2025-12-19 01:29:52.172618,1,1,1,24,63
2025-12-19 01:29:55.482890,1,2,2,21,63
2025-12-19 01:29:58.282591,1,1,1,18,63
2025-12-19 01:30:01.146426,1,2,2,16,64
2025-12-19 01:30:04.007453,1,2,4,15,67
2025-12-19 01:30:06.813268,1,1,1,14,70
2025-12-19 01:30:11.624980,1,2,8,13,76
2025-12-19 01:30:16.590694,1,1,1,13,76
2025-12-19 01:30:20.498910,1,1,1,12,76
2025-12-19 01:30:23.858069,1,1,1,12,76
2025-12-19 01:30:26.678084,1,2,1,13,76
2025-12-19 01:30:30.525875,1,1,1,13,76
2025-12-19 01:30:33.940229,1,1,1,13,76
2025-12-19 01:30:36.747060,1,2,1,13,76
2025-12-19 01:30:39.605125,1,1,1,13,76
2025-12-19 01:30:43.015897,1,1,1,13,76
2025-12-19 01:30:45.827164,1,2,1,13,76
2025-12-19 01:30:49.641076,1,1,2,13,76
2025-12-19 01:30:54.598727,1,2,7,13,76
2025-12-19 01:30:57.507596,1,1,2,12,76
2025-12-19 01:31:00.870372,1,1,1,12,76
2025-12-19 01:31:04.677333,1,2,4,12,73
2025-12-19 01:31:07.590119,1,1,2,13,70
2025-12-19 01:31:10.949231,1,1,1,13,70
2025-12-19 01:31:13.710212,1,1,1,12,70
2025-12-19 01:31:16.620496,1,1,5,12,70
2025-12-19 01:31:20.527953,1,1,1,12,70
2025-12-19 01:31:24.339948,1,1,1,12,70
2025-12-19 01:31:27.149469,1,1,1,12,70
2025-12-19 01:31:30.063781,1,1,3,12,70
2025-12-19 01:31:35.022692,1,1,1,12,70
2025-12-19 01:31:37.928057,1,1,3,12,70
2025-12-19 01:31:41.289431,1,1,1,12,70
2025-12-19 01:31:44.149420,1,2,3,12,72
2025-12-19 01:31:48.009304,1,2,5,13,72
2025-12-19 01:31:51.321059,1,2,7,14,72
2025-12-19 01:31:55.130059,1,1,1,16,72
2025-12-19 01:31:58.990702,1,1,1,16,72
2025-12-19 01:32:01.901395,1,1,3,15,70
2025-12-19 01:32:04.760423,1,2,6,16,70
2025-12-19 01:32:07.626342,1,1,1,18,69
2025-12-19 01:32:10.981550,1,2,1,19,69
2025-12-19 01:32:14.740317,1,2,1,20,73
2025-12-19 01:32:18.257678,1,1,1,21,76
2025-12-19 01:32:22.208090,1,2,7,22,79
2025-12-19 01:32:25.071049,1,1,1,23,82
2025-12-19 01:32:27.876712,1,2,1,23,85
2025-12-19 01:32:32.193156,1,1,8,23,85
2025-12-19 01:32:36.052023,1,1,1,24,85
2025-12-19 01:32:39.512354,1,1,1,24,88
2025-12-19 01:32:42.820005,1,2,1,24,91
2025-12-19 01:32:45.636878,1,2,3,24,94
2025-12-19 01:32:48.990021,1,2,2,25,96
2025-12-19 01:32:51.748791,1,2,1,25,96
2025-12-19 01:32:54.665794,1,1,8,22,93
2025-12-19 01:32:58.519794,1,1,1,19,93
2025-12-19 01:33:01.328569,1,1,1,20,93
2025-12-19 01:33:04.239850,1,2,4,21,89
2025-12-19 01:33:07.097426,1,1,1,21,83
2025-12-19 01:33:09.907382,1,1,1,22,79
2025-12-19 01:33:13.717707,1,1,1,22,76
2025-12-19 01:33:16.630936,1,1,1,22,76
2025-12-19 01:33:20.539088,1,1,1,23,73
2025-12-19 01:33:23.383546,1,2,2,23,71
2025-12-19 01:33:26.205773,1,1,1,23,70
2025-12-19 01:33:30.067736,1,1,1,21,67
2025-12-19 01:33:33.377219,1,1,1,21,67
2025-12-19 01:33:37.340347,1,2,3,20,67
2025-12-19 01:33:40.222396,1,1,1,21,68
2025-12-19 01:33:43.128441,1,1,1,22,71
2025-12-19 01:33:45.916825,1,1,1,19,74
2025-12-19 01:33:49.724529,1,1,7,17,76
2025-12-19 01:33:54.687409,1,1,1,15,71
2025-12-19 01:33:58.099125,1,1,1,17,71
2025-12-19 01:34:00.906525,1,1,1,18,71
2025-12-19 01:34:05.719221,1,2,1,19,71
2025-12-19 01:34:09.133121,1,1,2,20,72
2025-12-19 01:34:11.988692,1,1,1,21,72
2025-12-19 01:34:15.898520,1,2,1,21,72
2025-12-19 01:34:19.710993,1,1,1,22,71
2025-12-19 01:34:24.089836,1,2,1,19,71
2025-12-19 01:34:27.379612,1,2,7,17,71
2025-12-19 01:34:31.688064,1,1,1,16,71
2025-12-19 01:34:35.047481,1,1,5,17,71
2025-12-19 01:34:38.809132,1,1,8,19,77
2025-12-19 01:34:41.666694,1,1,1,20,80
2025-12-19 01:34:44.577202,1,2,1,20,83
2025-12-19 01:34:47.387316,1,1,8,21,86
2025-12-19 01:34:50.248696,1,1,1,22,89
2025-12-19 01:34:54.105894,1,2,2,20,89
2025-12-19 01:34:57.418446,1,2,5,19,85
2025-12-19 01:35:00.275378,1,1,1,17,80
2025-12-19 01:35:03.135403,1,1,2,18,79
2025-12-19 01:35:05.997676,1,2,5,19,82
2025-12-19 01:35:08.855727,1,1,1,20,85
2025-12-19 01:35:12.664436,1,2,3,21,88
2025-12-19 01:35:15.975009,1,2,8,22,91
2025-12-19 01:35:18.786394,1,1,1,23,94
2025-12-19 01:35:21.694561,1,1,1,23,97
2025-12-19 01:35:24.612528,1,2,2,22,98
2025-12-19 01:35:27.415865,1,2,3,22,98
2025-12-19 01:35:31.723461,1,2,1,22,98
2025-12-19 01:35:35.641315,1,1,1,23,98
2025-12-19 01:35:38.998584,1,2,2,23,95
2025-12-19 01:35:41.806008,1,1,1,23,93
2025-12-19 01:35:45.715973,1,1,1,24,93
2025-12-19 01:35:49.074651,1,2,2,24,93
2025-12-19 01:35:51.834712,1,2,1,24,93
2025-12-19 01:35:54.697290,1,2,3,21,93
2025-12-19 01:35:58.055466,1,1,1,19,92
2025-12-19 01:36:00.823091,1,2,1,18,86
2025-12-19 01:36:03.724633,1,1,4,17,80
2025-12-19 01:36:06.637374,1,1,3,17,76
2025-12-19 01:36:09.445330,1,2,1,17,73
2025-12-19 01:36:12.802358,1,2,1,18,72
2025-12-19 01:36:15.712595,1,1,1,20,75
2025-12-19 01:36:18.622923,1,1,2,19,78
2025-12-19 01:36:21.432642,1,1,4,19,81
2025-12-19 01:36:25.740371,1,1,1,20,84
2025-12-19 01:36:29.103331,1,2,1,19,84
2025-12-19 01:36:32.461843,1,2,2,19,83
2025-12-19 01:36:35.272310,1,1,1,20,82
2025-12-19 01:36:39.185270,1,1,1,20,82
2025-12-19 01:36:42.043219,1,1,1,21,82
2025-12-19 01:36:44.851059,1,2,4,20,82
2025-12-19 01:36:48.734490,1,1,1,18,82
2025-12-19 01:36:52.172228,1,1,1,18,82
2025-12-19 01:36:54.986222,1,1,1,18,82
2025-12-19 01:36:58.841731,1,1,2,19,82
2025-12-19 01:37:01.750548,1,1,1,19,82
2025-12-19 01:37:05.112562,1,1,1,20,82
2025-12-19 01:37:08.924016,1,2,1,21,87
2025-12-19 01:37:11.730866,1,2,7,21,90
2025-12-19 01:37:14.639972,1,1,1,22,93
2025-12-19 01:37:17.450025,1,2,1,23,96
2025-12-19 01:37:20.361536,1,2,6,23,96
2025-12-19 01:37:24.170401,1,1,1,23,96
2025-12-19 01:37:27.481878,1,1,1,24,96
2025-12-19 01:37:31.440130,1,2,1,24,96
2025-12-19 01:37:34.302565,1,1,1,24,99
2025-12-19 01:37:37.210372,1,1,1,24,100
2025-12-19 01:37:40.021443,1,2,2,25,100
2025-12-19 01:37:44.332218,1,2,2,25,97
2025-12-19 01:37:47.742719,1,2,5,25,96
2025-12-19 01:37:50.662835,1,1,7,25,95
2025-12-19 01:37:53.460458,1,1,1,25,95
2025-12-19 01:37:56.380237,1,2,3,25,95
2025-12-19 01:38:00.183185,1,1,1,25,95
2025-12-19 01:38:03.490654,1,1,1,25,95
2025-12-19 01:38:06.999611,1,2,1,25,95
2025-12-19 01:38:11.813511,1,1,1,25,95
2025-12-19 01:38:15.671954,1,2,3,25,95
2025-12-19 01:38:18.481748,1,1,1,25,94
2025-12-19 01:38:22.340616,1,1,1,25,94
2025-12-19 01:38:25.260205,1,1,1,25,94
2025-12-19 01:38:29.814150,1,2,1,25,95
2025-12-19 01:38:33.694285,1,2,3,25,93
2025-12-19 01:38:36.484035,1,1,7,25,93
2025-12-19 01:38:40.352030,1,1,1,21,93
2025-12-19 01:38:43.252437,1,1,2,21,91
2025-12-19 01:38:46.062713,1,2,5,21,87
2025-12-19 01:38:50.022005,1,1,1,21,84
2025-12-19 01:38:53.482306,1,1,1,21,80
2025-12-19 01:38:56.345715,1,2,2,18,81
2025-12-19 01:39:00.208057,1,2,5,16,81
2025-12-19 01:39:04.011722,1,1,1,18,81
2025-12-19 01:39:06.822977,1,1,1,20,81
2025-12-19 01:39:11.783886,1,1,1,21,81
2025-12-19 01:39:14.693215,1,2,2,19,81
2025-12-19 01:39:17.504188,1,2,1,17,79
2025-12-19 01:39:20.362687,1,1,1,15,76
2025-12-19 01:39:24.222805,1,2,7,14,73
2025-12-19 01:39:27.533260,1,1,5,14,70
2025-12-19 01:39:30.343389,1,1,1,15,69
2025-12-19 01:39:33.262664,1,1,1,17,72
2025-12-19 01:39:36.111587,1,2,2,18,75
2025-12-19 01:39:38.971784,1,1,1,19,78
2025-12-19 01:39:42.782329,1,2,1,18,81
2025-12-19 01:39:46.100911,1,2,7,15,78
2025-12-19 01:39:48.952143,1,1,1,14,74
2025-12-19 01:39:51.812339,1,1,1,13,71
2025-12-19 01:39:54.722261,1,2,4,13,68
2025-12-19 01:39:57.534603,1,1,1,13,66
2025-12-19 01:40:01.350878,1,2,11,12,66
2025-12-19 01:40:04.323426,1,2,6,12,66
2025-12-19 01:40:08.718401,1,2,6,14,63
2025-12-19 01:40:11.521225,1,2,5,15,63
2025-12-19 01:40:14.382389,1,2,11,17,63
2025-12-19 01:40:18.240127,1,2,2,18,63
2025-12-19 01:40:21.550679,1,2,2,19,63
2025-12-19 01:40:25.460270,1,1,1,20,63
2025-12-19 01:40:28.827622,1,2,1,19,63
2025-12-19 01:40:32.732039,1,1,2,18,63
2025-12-19 01:40:35.544538,1,2,3,18,63
2025-12-19 01:40:38.400737,1,1,1,20,65
2025-12-19 01:40:42.261546,1,2,2,19,68
2025-12-19 01:40:45.721199,1,2,6,17,67
2025-12-19 01:40:48.531973,1,2,2,17,65
2025-12-19 01:40:52.439742,1,2,5,16,65
2025-12-19 01:40:55.308738,1,2,2,16,65
2025-12-19 01:40:58.110004,1,1,1,15,66
2025-12-19 01:41:01.920581,1,2,1,15,68
2025-12-19 01:41:06.931378,1,2,1,15,64
2025-12-19 01:41:09.851272,1,2,3,15,64
2025-12-19 01:41:12.750337,1,2,10,15,64
2025-12-19 01:41:15.558424,1,2,31,15,64
2025-12-19 01:41:19.368691,1,2,8,15,64
2025-12-19 01:41:23.227491,1,2,2,15,64
2025-12-19 01:41:27.187740,1,2,2,15,64
2025-12-19 01:41:29.948084,1,2,2,15,64
2025-12-19 01:41:33.858883,1,2,1,15,64
2025-12-19 01:41:36.771870,1,2,4,16,64
2025-12-19 01:41:39.577619,1,1,2,16,64
2025-12-19 01:41:43.893929,1,2,3,17,64
2025-12-19 01:41:47.348300,1,2,2,17,64
2025-12-19 01:41:50.757674,1,1,4,17,64
2025-12-19 01:41:53.571304,1,1,1,16,64
2025-12-19 01:41:56.477473,1,2,5,15,64
2025-12-19 01:42:00.288501,1,1,2,16,64
2025-12-19 01:42:03.613177,1,1,1,16,67
2025-12-19 01:42:06.408393,1,2,3,17,70
2025-12-19 01:42:09.318520,1,1,1,15,67
2025-12-19 01:42:12.178398,1,1,1,14,64
2025-12-19 01:42:15.043303,1,2,1,13,63
2025-12-19 01:42:18.849505,1,1,4,13,63
2025-12-19 01:42:22.156422,1,2,3,12,63
2025-12-19 01:42:25.016937,1,2,1,12,63
2025-12-19 01:42:27.878188,1,2,1,11,63
2025-12-19 01:42:30.789450,1,1,6,11,63
2025-12-19 01:42:33.598185,1,2,1,11,63
2025-12-19 01:42:37.408654,1,2,3,12,63
2025-12-19 01:42:41.265200,1,2,4,12,63
2025-12-19 01:42:44.775810,1,2,2,11,69
2025-12-19 01:42:47.584619,1,2,3,11,71
2025-12-19 01:42:50.494274,1,2,2,11,71
2025-12-19 01:42:54.303599,1,2,5,12,71
2025-12-19 01:42:57.617054,1,2,9,13,71
2025-12-19 01:43:01.422574,1,2,24,13,70
2025-12-19 01:43:04.333644,1,1,1,14,70
2025-12-19 01:43:07.144851,1,1,1,14,70
2025-12-19 01:43:11.053811,1,2,2,14,70
2025-12-19 01:43:13.915184,1,1,1,14,70
2025-12-19 01:43:17.271857,1,1,1,14,67
2025-12-19 01:43:21.031840,1,1,1,14,67
2025-12-19 01:43:23.940907,1,1,1,16,67
2025-12-19 01:43:28.902735,1,2,1,18,67
2025-12-19 01:43:32.813635,1,1,1,19,67
2025-12-19 01:43:35.620299,1,1,1,17,67
2025-12-19 01:43:38.479154,1,1,3,18,67
2025-12-19 01:43:42.338168,1,1,1,19,67
2025-12-19 01:43:45.248891,1,1,2,20,67
2025-12-19 01:43:48.006103,1,1,1,20,67
2025-12-19 01:43:51.918135,1,2,1,20,67
2025-12-19 01:43:54.827877,1,1,1,18,67
2025-12-19 01:43:57.663138,1,2,1,18,67
2025-12-19 01:44:01.945374,1,1,1,18,67
2025-12-19 01:44:05.303753,1,1,1,18,69
2025-12-19 01:44:08.819899,1,2,1,17,69
2025-12-19 01:44:11.623300,1,1,3,17,69
2025-12-19 01:44:14.483306,1,1,1,16,69
2025-12-19 01:44:18.341763,1,2,4,16,69
2025-12-19 01:44:21.655048,1,2,2,17,69
2025-12-19 01:44:25.463117,1,1,1,16,69
2025-12-19 01:44:28.372458,1,1,1,16,69
2025-12-19 01:44:31.188097,1,1,1,14,69
2025-12-19 01:44:35.042945,1,1,1,13,69
2025-12-19 01:44:37.951394,1,2,4,13,69
2025-12-19 01:44:41.310657,1,1,1,12,69
2025-12-19 01:44:45.069399,1,1,1,12,69
2025-12-19 01:44:48.881315,1,1,1,13,69
2025-12-19 01:44:52.187780,1,1,1,15,69
2025-12-19 01:44:56.498639,1,2,2,16,70
2025-12-19 01:45:00.358442,1,1,1,17,73
2025-12-19 01:45:03.668107,1,1,1,18,76
2025-12-19 01:45:07.475340,1,1,1,20,79
2025-12-19 01:45:10.390423,1,1,1,20,78
2025-12-19 01:45:13.195737,1,1,1,21,75
2025-12-19 01:45:17.105857,1,1,1,21,72
2025-12-19 01:45:19.964459,1,1,1,21,72
2025-12-19 01:45:23.326875,1,1,2,21,72
2025-12-19 01:45:27.085983,1,1,1,21,72
2025-12-19 01:45:29.994851,1,2,1,21,72
2025-12-19 01:45:34.404180,1,1,1,21,72
2025-12-19 01:45:37.214429,1,1,1,21,72
2025-12-19 01:45:42.027405,1,1,1,21,72
2025-12-19 01:45:45.436996,1,1,1,21,72
2025-12-19 01:45:48.295358,1,1,1,20,72
2025-12-19 01:45:51.653884,1,1,1,18,72
2025-12-19 01:45:55.463495,1,1,1,16,69
2025-12-19 01:45:59.323392,1,1,3,18,66
2025-12-19 01:46:03.085146,1,1,1,18,66
2025-12-19 01:46:06.943277,1,1,1,16,65
2025-12-19 01:46:10.260534,1,1,1,13,63
2025-12-19 01:46:14.213779,1,1,1,13,63
2025-12-19 01:46:18.522899,1,1,1,12,63
2025-12-19 01:46:21.432845,1,1,1,12,63
2025-12-19 01:46:24.291588,1,1,3,11,63
2025-12-19 01:46:27.100263,1,1,1,13,63
2025-12-19 01:46:30.962414,1,1,1,12,63
2025-12-19 01:46:33.926348,1,1,1,11,63
2025-12-19 01:46:37.229949,1,1,1,11,63
2025-12-19 01:46:41.087489,1,1,1,11,63
2025-12-19 01:46:43.999388,1,1,1,11,63
2025-12-19 01:46:47.359176,1,1,1,11,63
2025-12-19 01:46:51.119356,1,1,1,12,63
2025-12-19 01:46:54.977099,1,1,3,11,63
2025-12-19 01:46:57.896096,1,1,1,11,63
2025-12-19 01:47:00.697604,1,1,1,11,63
2025-12-19 01:47:04.555793,1,1,1,14,64
2025-12-19 01:47:07.468953,1,1,1,17,65
2025-12-19 01:47:10.273664,1,1,1,19,65
2025-12-19 01:47:14.086821,1,1,1,20,68
2025-12-19 01:47:16.998023,1,1,2,21,71
2025-12-19 01:47:20.907623,1,1,1,22,72
2025-12-19 01:47:23.713537,1,1,1,19,72
2025-12-19 01:47:26.574620,1,2,2,17,72
2025-12-19 01:47:30.433732,1,1,1,17,72
2025-12-19 01:47:33.744639,1,1,1,18,72
2025-12-19 01:47:36.552558,1,2,4,19,72
2025-12-19 01:47:39.467486,1,1,1,20,72
2025-12-19 01:47:43.323735,1,1,1,21,72
2025-12-19 01:47:46.733540,1,1,1,22,72
2025-12-19 01:47:49.596131,1,2,1,22,72
2025-12-19 01:47:52.552915,1,1,1,22,72
2025-12-19 01:47:55.464986,1,1,1,23,72
2025-12-19 01:47:58.274085,1,2,1,23,72
2025-12-19 01:48:02.642178,1,1,1,23,68
2025-12-19 01:48:06.441636,1,1,1,23,67
2025-12-19 01:48:09.753558,1,1,1,24,67
2025-12-19 01:48:13.562624,1,1,4,24,67
2025-12-19 01:48:16.470092,1,1,1,24,68
2025-12-19 01:48:19.280790,1,1,1,24,71
2025-12-19 01:48:23.139614,1,2,1,24,74
2025-12-19 01:48:26.056546,1,1,1,24,77
2025-12-19 01:48:29.411141,1,1,1,24,73
2025-12-19 01:48:33.170711,1,1,1,24,67
2025-12-19 01:48:36.980237,1,1,1,24,65
2025-12-19 01:48:40.287506,1,1,2,24,65
2025-12-19 01:48:44.648235,1,1,1,24,65
2025-12-19 01:48:48.458644,1,1,1,24,65
2025-12-19 01:48:51.776322,1,1,1,24,65
2025-12-19 01:48:55.580101,1,2,1,24,65
2025-12-19 01:48:58.486577,1,1,2,24,65
2025-12-19 01:49:01.306793,1,1,1,24,65
2025-12-19 01:49:05.156095,1,1,1,24,65
2025-12-19 01:49:08.065863,1,1,3,24,65
2025-12-19 01:49:11.427637,1,1,1,24,65
2025-12-19 01:49:15.184662,1,1,1,24,65
2025-12-19 01:49:18.094421,1,1,1,24,65
2025-12-19 01:49:21.504959,1,1,1,24,65
2025-12-19 01:49:24.363089,1,1,1,21,65
2025-12-19 01:49:27.224079,1,2,4,18,65
2025-12-19 01:49:31.056588,1,1,1,17,64
2025-12-19 01:49:34.343564,1,1,1,14,64
2025-12-19 01:49:37.801105,1,1,1,13,64
2025-12-19 01:49:40.612891,1,1,1,13,64
2025-12-19 01:49:43.521113,1,1,1,13,64
2025-12-19 01:49:46.329977,1,1,4,12,64
2025-12-19 01:49:50.688460,1,1,2,12,64
2025-12-19 01:49:54.497524,1,1,1,12,63
2025-12-19 01:49:57.808826,1,1,1,13,63
2025-12-19 01:50:00.665436,1,2,2,16,63
2025-12-19 01:50:03.527317,1,1,1,18,63
2025-12-19 01:50:06.385799,1,1,1,19,64
2025-12-19 01:50:09.249485,1,1,2,20,67
2025-12-19 01:50:13.057389,1,1,1,21,70
2025-12-19 01:50:16.415055,1,1,1,17,71
2025-12-19 01:50:19.175368,1,2,1,15,71
2025-12-19 01:50:22.085461,1,1,2,14,71
2025-12-19 01:50:24.993113,1,1,1,14,71
2025-12-19 01:50:27.804478,1,2,2,14,72
2025-12-19 01:50:31.614399,1,1,1,13,72
2025-12-19 01:50:36.523923,1,1,1,12,72
2025-12-19 01:50:39.383990,1,1,1,12,72
2025-12-19 01:50:42.194927,1,1,3,12,72
2025-12-19 01:50:46.101516,1,1,2,12,72
2025-12-19 01:50:49.460513,1,1,1,12,72
2025-12-19 01:50:52.220454,1,2,1,12,72
2025-12-19 01:50:55.131472,1,1,2,12,71
2025-12-19 01:50:58.545138,1,1,1,12,69
2025-12-19 01:51:01.353419,1,2,1,12,69
2025-12-19 01:51:05.260549,1,2,3,12,69
2025-12-19 01:51:08.571967,1,1,1,12,66
2025-12-19 01:51:11.431544,1,1,1,12,66
2025-12-19 01:51:14.288698,1,2,3,12,66
2025-12-19 01:51:17.650109,1,1,1,12,66
2025-12-19 01:51:21.561096,1,1,1,12,66
2025-12-19 01:51:25.021560,1,2,1,12,66
2025-12-19 01:51:27.830157,1,1,2,12,66
2025-12-19 01:51:31.645825,1,1,1,12,66
2025-12-19 01:51:35.500172,1,1,1,12,66
2025-12-19 01:51:38.808985,1,1,1,12,66
2025-12-19 01:51:41.718647,1,2,2,12,66
2025-12-19 01:51:45.580248,1,1,1,12,66
2025-12-19 01:51:48.442765,1,1,1,12,69
2025-12-19 01:51:51.300588,1,2,2,12,72
2025-12-19 01:51:54.606925,1,1,1,12,75
2025-12-19 01:51:58.018722,1,1,1,12,77
2025-12-19 01:52:01.329588,1,2,1,12,77
2025-12-19 01:52:04.139880,1,1,1,12,77
2025-12-19 01:52:07.048900,1,1,1,12,77
2025-12-19 01:52:09.856671,1,2,1,12,76
2025-12-19 01:52:13.665386,1,1,1,12,73
2025-12-19 01:52:16.575891,1,1,1,12,70
2025-12-19 01:52:19.390718,1,1,1,12,67
2025-12-19 01:52:23.243566,1,1,1,13,67
2025-12-19 01:52:26.154834,1,1,1,15,68
2025-12-19 01:52:29.535049,1,1,1,17,71
2025-12-19 01:52:33.272988,1,1,1,18,77
2025-12-19 01:52:37.083656,1,1,1,19,80
2025-12-19 01:52:40.393541,1,1,3,21,83
2025-12-19 01:52:44.201856,1,1,1,21,86
2025-12-19 01:52:48.562552,1,1,1,22,88
2025-12-19 01:52:51.872432,1,1,1,22,88
2025-12-19 01:52:55.681246,1,2,1,20,88
2025-12-19 01:52:59.139402,1,1,2,18,87
2025-12-19 01:53:03.050581,1,1,2,16,78
2025-12-19 01:53:05.863611,1,1,1,15,75
2025-12-19 01:53:08.722930,1,1,1,14,73
2025-12-19 01:53:12.580176,1,1,2,13,74
2025-12-19 01:53:15.889911,1,1,1,13,74
2025-12-19 01:53:19.248647,1,1,1,12,76
2025-12-19 01:53:22.707865,1,1,1,12,78
2025-12-19 01:53:25.624912,1,1,2,12,81
2025-12-19 01:53:28.426478,1,1,1,12,81
2025-12-19 01:53:32.264732,1,1,1,12,75
2025-12-19 01:53:36.598767,1,1,1,12,77
2025-12-19 01:53:40.606251,1,2,3,12,75
2025-12-19 01:53:43.425989,1,2,1,12,78
2025-12-19 01:53:47.276754,1,1,2,12,74
2025-12-19 01:53:50.224876,1,1,1,12,77
2025-12-19 01:53:53.551038,1,2,1,12,80
2025-12-19 01:53:57.307174,1,1,1,12,84
2025-12-19 01:54:00.217032,1,1,1,12,84
2025-12-19 01:54:04.078613,1,1,1,12,82
2025-12-19 01:54:06.887419,1,1,2,12,77
2025-12-19 01:54:10.746909,1,1,1,12,72
2025-12-19 01:54:13.654822,1,1,1,12,69
2025-12-19 01:54:16.464850,1,1,1,12,66
2025-12-19 01:54:19.924541,1,1,1,12,64
2025-12-19 01:54:23.186265,1,1,1,12,64
2025-12-19 01:54:27.095319,1,2,1,12,64
2025-12-19 01:54:29.906165,1,1,2,12,64
2025-12-19 01:54:32.767873,1,1,1,12,63
2025-12-19 01:54:36.625879,1,2,1,12,63
2025-12-19 01:54:39.536924,1,1,1,12,63
2025-12-19 01:54:42.344131,1,1,1,12,63
2025-12-19 01:54:46.210306,1,2,1,12,63
2025-12-19 01:54:49.113436,1,1,1,12,63
2025-12-19 01:54:51.922151,1,1,1,12,63
2025-12-19 01:54:55.733006,1,1,1,12,66
2025-12-19 01:54:58.690806,1,1,1,12,69
2025-12-19 01:55:03.105110,1,1,1,12,67
2025-12-19 01:55:05.909801,1,1,2,12,67
2025-12-19 01:55:08.819098,1,1,1,12,67
2025-12-19 01:55:12.628934,1,1,1,12,64
2025-12-19 01:55:15.938912,1,1,1,12,64
2025-12-19 01:55:19.449708,1,1,3,14,64
2025-12-19 01:55:23.309404,1,1,1,16,67
2025-12-19 01:55:26.226933,1,1,1,17,70
2025-12-19 01:55:29.578888,1,1,1,18,73
2025-12-19 01:55:33.336552,1,1,1,19,79
2025-12-19 01:55:37.197686,1,1,1,20,82
2025-12-19 01:55:40.506094,1,1,1,22,83
2025-12-19 01:55:43.317726,1,1,1,21,83
2025-12-19 01:55:46.228607,1,2,1,19,83
2025-12-19 01:55:49.135039,1,1,2,18,82
2025-12-19 01:55:51.945198,1,1,1,18,77
2025-12-19 01:55:55.752586,1,2,1,16,74
2025-12-19 01:55:59.614513,1,1,1,15,74
2025-12-19 01:56:03.132725,1,1,1,15,74
2025-12-19 01:56:05.932691,1,1,1,14,72
2025-12-19 01:56:08.791248,1,1,1,14,69
2025-12-19 01:56:12.650660,1,1,1,14,67
2025-12-19 01:56:15.960807,1,1,1,14,68
2025-12-19 01:56:19.772006,1,1,1,15,71
2025-12-19 01:56:22.680822,1,1,1,16,71
2025-12-19 01:56:25.488972,1,1,1,18,74
2025-12-19 01:56:30.307310,1,1,3,19,80
2025-12-19 01:56:33.713485,1,1,1,20,83
2025-12-19 01:56:36.577110,1,1,1,21,84
2025-12-19 01:56:39.433670,1,1,2,21,84
2025-12-19 01:56:42.238986,1,1,1,22,84
2025-12-19 01:56:45.150969,1,2,1,22,84
2025-12-19 01:56:47.958216,1,1,1,23,84
2025-12-19 01:56:50.820183,1,1,1,23,84
2025-12-19 01:56:54.679873,1,2,2,24,84
2025-12-19 01:56:57.988246,1,2,1,24,84
2025-12-19 01:57:00.848355,1,1,1,20,84
2025-12-19 01:57:03.709166,1,1,1,18,80
2025-12-19 01:57:06.572458,1,1,1,16,76
2025-12-19 01:57:09.429153,1,1,1,15,73
2025-12-19 01:57:13.239338,1,1,1,14,70
2025-12-19 01:57:16.546918,1,1,1,13,69
2025-12-19 01:57:19.372544,1,1,2,12,69
2025-12-19 01:57:22.265807,1,1,1,12,69
2025-12-19 01:57:25.176221,1,2,1,12,69
2025-12-19 01:57:27.986025,1,1,1,12,69
2025-12-19 01:57:31.793700,1,1,1,12,69
2025-12-19 01:57:35.657054,1,1,1,12,69
2025-12-19 01:57:38.966506,1,1,1,12,69
2025-12-19 01:57:41.823318,1,2,1,12,69
2025-12-19 01:57:45.737592,1,1,1,12,69
2025-12-19 01:57:48.592917,1,1,1,12,69
2025-12-19 01:57:51.400306,1,1,1,14,70
2025-12-19 01:57:55.263857,1,1,1,15,73
2025-12-19 01:57:58.171476,1,1,1,18,76
2025-12-19 01:58:00.979022,1,1,1,18,79
2025-12-19 01:58:04.841228,1,2,2,20,82
2025-12-19 01:58:07.749301,1,1,1,21,85
2025-12-19 01:58:10.563349,1,1,1,21,88
2025-12-19 01:58:14.366773,1,1,1,22,91
2025-12-19 01:58:18.732666,1,2,1,23,93
2025-12-19 01:58:21.584333,1,2,2,23,96
2025-12-19 01:58:24.399066,1,1,1,23,99
2025-12-19 01:58:28.314321,1,1,1,24,102
2025-12-19 01:58:31.215412,1,2,1,24,104
2025-12-19 01:58:34.025732,1,1,1,24,104
2025-12-19 01:58:37.833595,1,1,1,20,104
2025-12-19 01:58:40.742392,1,1,1,18,100
2025-12-19 01:58:43.551883,1,1,1,17,94
2025-12-19 01:58:48.867391,1,1,2,16,82
2025-12-19 01:58:51.774020,1,1,1,15,77
2025-12-19 01:58:54.636457,1,1,1,15,74
2025-12-19 01:58:58.045837,1,1,1,14,71
2025-12-19 01:59:00.853445,1,1,1,14,68
2025-12-19 01:59:03.778645,1,1,1,13,67
2025-12-19 01:59:06.627360,1,2,3,13,67
2025-12-19 01:59:09.434233,1,1,1,12,67
2025-12-19 01:59:13.295519,1,1,1,12,67
2025-12-19 01:59:16.804300,1,2,1,12,66
2025-12-19 01:59:21.272610,1,1,2,12,66
2025-12-19 01:59:24.638149,1,1,1,12,66
2025-12-19 01:59:27.434620,1,1,1,12,66
2025-12-19 01:59:31.300333,1,1,1,12,66
2025-12-19 01:59:34.604389,1,1,1,12,66
2025-12-19 01:59:37.470988,1,1,1,13,65
2025-12-19 01:59:40.327337,1,1,1,13,63
2025-12-19 01:59:43.634378,1,2,1,13,63
2025-12-19 01:59:46.495572,1,1,1,13,63
2025-12-19 01:59:49.807646,1,1,1,13,63
2025-12-19 01:59:52.615926,1,1,1,13,63
2025-12-19 01:59:55.424844,1,1,2,13,63
2025-12-19 01:59:58.335388,1,1,1,13,63
2025-12-19 02:00:01.646439,1,2,1,12,63
2025-12-19 02:00:04.456777,1,1,1,12,63
2025-12-19 02:00:07.365515,1,1,1,12,63
2025-12-19 02:00:10.281416,1,1,1,12,63
2025-12-19 02:00:13.585033,1,1,1,12,63
2025-12-19 02:00:17.498019,1,1,1,12,64
2025-12-19 02:00:20.355426,1,1,1,12,67
2025-12-19 02:00:23.720437,1,1,1,12,70
2025-12-19 02:00:27.475113,1,1,1,12,74
2025-12-19 02:00:30.389620,1,1,1,12,74
2025-12-19 02:00:34.845784,1,1,1,14,72
2025-12-19 02:00:39.253852,1,1,1,14,66
2025-12-19 02:00:42.063921,1,1,1,14,66
2025-12-19 02:00:44.928851,1,1,1,14,66
2025-12-19 02:00:48.784972,1,1,1,14,66
2025-12-19 02:00:51.692995,1,1,1,14,66
2025-12-19 02:00:54.451543,1,2,1,14,66
2025-12-19 02:00:58.366143,1,1,1,14,66
2025-12-19 02:01:01.276389,1,1,1,14,66
2025-12-19 02:01:04.096915,1,1,1,14,66
2025-12-19 02:01:07.892407,1,2,1,14,66
2025-12-19 02:01:11.351450,1,1,1,14,66
2025-12-19 02:01:15.311833,1,1,1,14,66
2025-12-19 02:01:18.673062,1,1,1,14,66
2025-12-19 02:01:21.508841,1,1,1,13,66
2025-12-19 02:01:25.343084,1,1,1,13,66
2025-12-19 02:01:28.654154,1,1,1,12,66
2025-12-19 02:01:32.115329,1,1,1,12,66
2025-12-19 02:01:35.924987,1,2,1,12,66
2025-12-19 02:01:39.833259,1,1,1,12,66
2025-12-19 02:01:42.691545,1,1,1,12,66
2025-12-19 02:01:45.550993,1,1,1,12,66
2025-12-19 02:01:49.361381,1,1,1,12,66
2025-12-19 02:01:52.323773,1,1,1,12,68
2025-12-19 02:01:55.631832,1,1,1,12,70
2025-12-19 02:01:59.491023,1,1,1,12,73
2025-12-19 02:02:02.402513,1,1,1,12,76
2025-12-19 02:02:05.763457,1,2,9,12,79
2025-12-19 02:02:09.520934,1,2,31,12,75
2025-12-19 02:02:13.331856,1,2,31,14,74
2025-12-19 02:02:16.645625,1,2,14,14,76
2025-12-19 02:02:21.006841,1,2,2,15,76
2025-12-19 02:02:24.812172,1,2,1,17,76
2025-12-19 02:02:28.124484,1,2,3,17,76
2025-12-19 02:02:31.930102,1,2,1,15,76
2025-12-19 02:02:35.340096,1,1,2,15,76
2025-12-19 02:02:38.698291,1,2,2,14,76
2025-12-19 02:02:41.509267,1,1,2,14,76
2025-12-19 02:02:44.421860,1,1,2,14,76
2025-12-19 02:02:47.780392,1,2,1,16,76
2025-12-19 02:02:51.537197,1,2,9,16,76
2025-12-19 02:02:55.047862,1,2,5,15,76
2025-12-19 02:02:57.857938,1,2,9,15,76
2025-12-19 02:03:00.716464,1,2,20,15,76
2025-12-19 02:03:03.526470,1,2,22,15,76
2025-12-19 02:03:07.387729,1,2,4,15,76
2025-12-19 02:03:10.696330,1,2,1,15,76
2025-12-19 02:03:14.656657,1,2,4,15,76
2025-12-19 02:03:18.717524,1,2,2,15,72
2025-12-19 02:03:21.527916,1,2,4,15,71
2025-12-19 02:03:25.385646,1,2,3,15,74
2025-12-19 02:03:28.698605,1,2,1,15,76
2025-12-19 02:03:32.504683,1,2,1,15,76
2025-12-19 02:03:35.468630,1,2,1,15,76
2025-12-19 02:03:39.382608,1,2,2,15,72
2025-12-19 02:03:42.738366,1,2,4,15,72
2025-12-19 02:03:45.597140,1,1,6,15,72
2025-12-19 02:03:49.407779,1,2,1,15,72
2025-12-19 02:03:52.716286,1,2,1,15,72
2025-12-19 02:03:55.525723,1,2,6,14,73
2025-12-19 02:03:58.436379,1,2,1,14,73
2025-12-19 02:04:01.347547,1,2,1,14,73
2025-12-19 02:04:04.155609,1,2,9,14,72
2025-12-19 02:04:07.971321,1,1,1,14,71
2025-12-19 02:04:11.826060,1,2,3,14,70
2025-12-19 02:04:15.182991,1,2,3,14,64
2025-12-19 02:04:18.050150,1,1,3,14,63
2025-12-19 02:04:21.901827,1,2,1,14,63
2025-12-19 02:04:24.762956,1,2,4,14,63
2025-12-19 02:04:27.573300,1,2,3,14,63
2025-12-19 02:04:31.430719,1,2,2,15,63
2025-12-19 02:04:35.443409,1,1,5,16,66
2025-12-19 02:04:39.360830,1,1,1,15,72
2025-12-19 02:04:42.161903,1,1,1,15,75
2025-12-19 02:04:45.072938,1,2,2,14,78
2025-12-19 02:04:48.881955,1,2,5,14,78
2025-12-19 02:04:52.191526,1,2,7,14,78
2025-12-19 02:04:55.600869,1,2,4,15,78
2025-12-19 02:04:58.910821,1,2,4,15,78
2025-12-19 02:05:01.727126,1,1,6,16,78
2025-12-19 02:05:05.581883,1,1,1,15,78
2025-12-19 02:05:08.497920,1,2,9,14,76
2025-12-19 02:05:11.855221,1,2,1,14,72
2025-12-19 02:05:15.160120,1,2,1,13,76
2025-12-19 02:05:18.020650,1,2,6,13,79
2025-12-19 02:05:21.929589,1,2,1,12,82
2025-12-19 02:05:24.790582,1,1,1,12,82
2025-12-19 02:05:27.599070,1,1,3,12,77
2025-12-19 02:05:31.460610,1,2,2,12,72
2025-12-19 02:05:34.918287,1,1,1,12,69
2025-12-19 02:05:37.728762,1,2,4,12,66
2025-12-19 02:05:43.040759,1,2,1,12,68
2025-12-19 02:05:45.952711,1,2,10,12,71
2025-12-19 02:05:48.810324,1,1,5,12,72
2025-12-19 02:05:51.621950,1,2,1,12,69
2025-12-19 02:05:54.481023,1,2,2,12,66
2025-12-19 02:05:57.389777,1,2,1,13,66
2025-12-19 02:06:00.204807,1,2,5,12,66
2025-12-19 02:06:03.108422,1,1,2,12,68
2025-12-19 02:06:06.919586,1,2,6,12,71
2025-12-19 02:06:10.231552,1,2,4,12,71
2025-12-19 02:06:13.038342,1,1,1,12,69
2025-12-19 02:06:15.950151,1,2,2,12,69
2025-12-19 02:06:18.806322,1,2,1,12,69
2025-12-19 02:06:21.616848,1,2,6,12,70
2025-12-19 02:06:25.478171,1,2,1,12,71
2025-12-19 02:06:28.785407,1,2,30,12,74
2025-12-19 02:06:31.595055,1,2,14,12,77
2025-12-19 02:06:34.505755,1,2,21,12,80
2025-12-19 02:06:37.414333,1,2,4,23,107
2025-12-19 02:06:40.227119,1,2,5,23,110
2025-12-19 02:06:44.035268,1,2,3,23,113
2025-12-19 02:06:47.918388,1,2,7,24,116
2025-12-19 02:06:51.403461,1,1,1,23,119
2025-12-19 02:06:54.214533,1,2,1,22,113
2025-12-19 02:06:57.072630,1,1,1,19,107
2025-12-19 02:07:00.931860,1,1,1,18,101
2025-12-19 02:07:04.242548,1,1,1,17,95
2025-12-19 02:07:08.052085,1,2,1,16,89
2025-12-19 02:07:11.009783,1,1,1,16,83
2025-12-19 02:07:15.421229,1,1,1,16,71
2025-12-19 02:07:18.228760,1,1,1,16,68
2025-12-19 02:07:21.139935,1,1,1,16,65
2025-12-19 02:07:24.948224,1,1,1,16,62
2025-12-19 02:07:28.261040,1,1,1,15,62
2025-12-19 02:07:31.668466,1,1,1,17,62
2025-12-19 02:07:34.982304,1,1,1,19,62
2025-12-19 02:07:37.789065,1,1,1,20,62
2025-12-19 02:07:41.648753,1,1,1,21,62
2025-12-19 02:07:44.559643,1,2,1,19,65
2025-12-19 02:07:47.920765,1,2,4,17,67
2025-12-19 02:07:51.430001,1,1,1,15,67
2025-12-19 02:07:54.239435,1,1,1,14,67
2025-12-19 02:07:57.100559,1,1,1,13,67
2025-12-19 02:08:00.968584,1,2,2,15,67
2025-12-19 02:08:04.269315,1,1,1,17,67
2025-12-19 02:08:08.098891,1,1,1,18,67
2025-12-19 02:08:10.988122,1,1,1,19,67
2025-12-19 02:08:13.798132,1,1,1,21,67
2025-12-19 02:08:18.610124,1,1,1,19,73
2025-12-19 02:08:22.021124,1,1,1,20,76
2025-12-19 02:08:24.882010,1,1,1,20,75
2025-12-19 02:08:27.892438,1,1,1,18,72
2025-12-19 02:08:30.705503,1,2,2,16,69
2025-12-19 02:08:34.561266,1,1,1,16,69
2025-12-19 02:08:37.470135,1,1,1,15,69
2025-12-19 02:08:40.281213,1,2,1,15,69
2025-12-19 02:08:44.089485,1,1,3,13,69
2025-12-19 02:08:49.053294,1,2,1,13,69
2025-12-19 02:08:52.462424,1,1,2,14,69
2025-12-19 02:08:55.270661,1,1,1,14,69
2025-12-19 02:08:59.130152,1,1,1,13,69
2025-12-19 02:09:02.040203,1,1,1,13,69
2025-12-19 02:09:04.850600,1,1,1,13,69
2025-12-19 02:09:08.659928,1,2,1,12,69
2025-12-19 02:09:11.570991,1,1,1,12,69
2025-12-19 02:09:15.481038,1,1,1,12,69
2025-12-19 02:09:18.289756,1,1,2,12,69
2025-12-19 02:09:21.149373,1,1,1,12,69
2025-12-19 02:09:25.010362,1,2,2,12,69
2025-12-19 02:09:27.922150,1,1,1,12,69
2025-12-19 02:09:30.680973,1,1,1,11,69
2025-12-19 02:09:34.591165,1,1,1,12,69
2025-12-19 02:09:37.499968,1,1,2,11,69
2025-12-19 02:09:40.310260,1,2,1,11,68
2025-12-19 02:09:44.123137,1,2,3,15,65
2025-12-19 02:09:49.030170,1,2,1,17,65
2025-12-19 02:09:52.340583,1,2,2,17,65
2025-12-19 02:09:55.205706,1,1,1,16,65
2025-12-19 02:09:58.514381,1,1,1,13,65
2025-12-19 02:10:01.318376,1,1,3,13,65
2025-12-19 02:10:05.177561,1,1,1,12,65
2025-12-19 02:10:08.038420,1,1,1,12,64
2025-12-19 02:10:10.858584,1,1,1,15,63
2025-12-19 02:10:14.657287,1,2,1,17,63
2025-12-19 02:10:19.016292,1,1,1,19,63
2025-12-19 02:10:22.329709,1,1,1,20,63
2025-12-19 02:10:26.133658,1,2,1,18,63
2025-12-19 02:10:29.095162,1,1,1,17,63
2025-12-19 02:10:33.506510,1,1,1,17,63
2025-12-19 02:10:36.314268,1,1,2,17,63
2025-12-19 02:10:39.179596,1,1,1,16,63
2025-12-19 02:10:43.033461,1,2,1,16,63
2025-12-19 02:10:46.350226,1,1,1,15,63
2025-12-19 02:10:49.753946,1,1,1,15,62
2025-12-19 02:10:53.064664,1,1,1,15,62
2025-12-19 02:10:55.877199,1,1,1,15,62
2025-12-19 02:10:59.733681,1,1,2,15,64
2025-12-19 02:11:02.643647,1,1,2,15,67
2025-12-19 02:11:06.003338,1,1,1,15,67
2025-12-19 02:11:09.963688,1,1,1,15,67
2025-12-19 02:11:12.774564,1,1,1,15,67
2025-12-19 02:11:16.634778,1,1,1,15,69
2025-12-19 02:11:19.544963,1,1,2,15,72
2025-12-19 02:11:22.352635,1,1,1,15,72
2025-12-19 02:11:26.189715,1,2,1,15,72
2025-12-19 02:11:29.571552,1,1,1,15,72
2025-12-19 02:11:32.931359,1,2,1,15,76
2025-12-19 02:11:35.745549,1,1,1,15,76
2025-12-19 02:11:38.651656,1,2,1,15,79
2025-12-19 02:11:42.012449,1,1,2,15,82
2025-12-19 02:11:45.820867,1,1,1,15,82
2025-12-19 02:11:48.680915,1,1,1,15,82
2025-12-19 02:11:52.089730,1,2,2,14,82
2025-12-19 02:11:54.951369,1,1,2,14,82
2025-12-19 02:11:57.760491,1,1,1,14,82
2025-12-19 02:12:01.620327,1,1,1,13,80
2025-12-19 02:12:04.931015,1,1,1,13,80
2025-12-19 02:12:08.789190,1,1,2,13,80
2025-12-19 02:12:12.100718,1,1,1,13,81
2025-12-19 02:12:14.959553,1,1,1,12,81
2025-12-19 02:12:17.817274,1,2,1,12,81
2025-12-19 02:12:20.679472,1,2,1,12,81
2025-12-19 02:12:24.039109,1,2,1,13,77
2025-12-19 02:12:27.998033,1,1,2,14,70
2025-12-19 02:12:30.760065,1,1,1,15,67
2025-12-19 02:12:34.670896,1,2,1,16,66
2025-12-19 02:12:37.589130,1,2,1,16,66
2025-12-19 02:12:40.389852,1,2,1,16,64
2025-12-19 02:12:44.198623,1,2,1,16,63
2025-12-19 02:12:47.107829,1,1,1,16,64
2025-12-19 02:12:49.917790,1,1,1,16,67
2025-12-19 02:12:53.785475,1,2,1,16,68
2025-12-19 02:12:56.686905,1,2,2,16,65
2025-12-19 02:13:00.046682,1,1,2,16,63
2025-12-19 02:13:03.806576,1,2,1,16,64
2025-12-19 02:13:07.314010,1,1,2,16,64
2025-12-19 02:13:10.124939,1,2,1,16,64
2025-12-19 02:13:12.988466,1,1,1,16,64
2025-12-19 02:13:15.796554,1,1,2,16,64
2025-12-19 02:13:19.657240,1,1,1,16,64
2025-12-19 02:13:22.965798,1,1,1,16,64
2025-12-19 02:13:25.774154,1,2,1,16,64
2025-12-19 02:13:28.685550,1,1,2,16,66
2025-12-19 02:13:31.593349,1,2,1,16,67
2025-12-19 02:13:34.402571,1,1,1,16,67
2025-12-19 02:13:38.212887,1,2,1,16,67
2025-12-19 02:13:42.074031,1,2,1,16,67
2025-12-19 02:13:45.433741,1,2,1,16,67
2025-12-19 02:13:48.291855,1,1,1,17,70
2025-12-19 02:13:52.151650,1,2,1,17,73
2025-12-19 02:13:55.019543,1,1,1,17,76
2025-12-19 02:13:57.822812,1,1,1,17,75
2025-12-19 02:14:01.686308,1,1,1,17,72
2025-12-19 02:14:05.152022,1,2,2,17,71
2025-12-19 02:14:07.953499,1,1,1,17,71
2025-12-19 02:14:13.315691,1,2,4,18,77
2025-12-19 02:14:16.173935,1,2,2,18,80
2025-12-19 02:14:19.034790,1,2,2,18,82
2025-12-19 02:14:21.892741,1,2,1,18,82
2025-12-19 02:14:24.704583,1,2,2,18,82
2025-12-19 02:14:27.613263,1,2,3,18,80
2025-12-19 02:14:30.423282,1,1,1,18,77
2025-12-19 02:14:33.284494,1,2,2,17,74
2025-12-19 02:14:37.145010,1,2,2,17,73
2025-12-19 02:14:40.953916,1,1,1,16,73
2025-12-19 02:14:44.414431,1,2,1,17,76
2025-12-19 02:14:47.324520,1,1,1,19,79
2025-12-19 02:14:50.182895,1,1,1,20,82
2025-12-19 02:14:52.996843,1,1,1,21,85
2025-12-19 02:14:56.804393,1,2,1,22,88
2025-12-19 02:15:01.720478,1,1,2,23,89
2025-12-19 02:15:04.624365,1,2,2,24,89
2025-12-19 02:15:07.435739,1,1,1,24,90
2025-12-19 02:15:11.295079,1,1,1,25,90
2025-12-19 02:15:14.204838,1,1,2,25,90
2025-12-19 02:15:17.011855,1,1,1,25,90
2025-12-19 02:15:20.874569,1,1,1,25,90
2025-12-19 02:15:24.181396,1,1,1,25,90
2025-12-19 02:15:27.042476,1,1,1,25,90
2025-12-19 02:15:29.850705,1,2,1,25,90
2025-12-19 02:15:32.762068,1,1,1,24,90
2025-12-19 02:15:36.121234,1,2,2,22,90
2025-12-19 02:15:40.080920,1,1,3,21,78
2025-12-19 02:15:42.892526,1,1,1,19,74
2025-12-19 02:15:46.750119,1,1,2,18,71
2025-12-19 02:15:49.662921,1,2,2,18,74
2025-12-19 02:15:52.471022,1,1,1,18,75
2025-12-19 02:15:56.781424,1,1,1,17,72
2025-12-19 02:16:01.842789,1,1,1,16,66
2025-12-19 02:16:04.753825,1,2,1,16,65
2025-12-19 02:16:07.664461,1,2,1,16,65
2025-12-19 02:16:10.975046,1,2,5,16,65
2025-12-19 02:16:13.782617,1,1,2,16,65
2025-12-19 02:16:16.691479,1,2,1,15,65
2025-12-19 02:16:20.000620,1,1,2,15,65
2025-12-19 02:16:24.812642,1,2,1,15,65
2025-12-19 02:16:28.678392,1,1,1,15,65
2025-12-19 02:16:31.484624,1,1,1,15,65
2025-12-19 02:16:35.394706,1,2,2,15,65
2025-12-19 02:16:38.756852,1,1,1,16,65
2025-12-19 02:16:42.168502,1,2,1,17,65
2025-12-19 02:16:45.076874,1,1,1,18,65
2025-12-19 02:16:47.884744,1,2,1,19,65
2025-12-19 02:16:50.796462,1,1,1,19,65
2025-12-19 02:16:54.158450,1,1,1,20,65
2025-12-19 02:16:58.121702,1,1,2,20,65
2025-12-19 02:17:00.927186,1,1,3,20,65
2025-12-19 02:17:04.786196,1,1,1,20,65
2025-12-19 02:17:07.697091,1,2,1,20,65
2025-12-19 02:17:10.511607,1,1,1,20,65
2025-12-19 02:17:14.316174,1,1,1,20,65
2025-12-19 02:17:17.228743,1,1,1,20,65
2025-12-19 02:17:20.036356,1,1,1,20,66
2025-12-19 02:17:25.354576,1,1,1,20,72
2025-12-19 02:17:28.258422,1,1,1,20,75
2025-12-19 02:17:31.123365,1,2,4,20,75
2025-12-19 02:17:37.733554,1,1,1,20,75
2025-12-19 02:17:41.042673,1,1,2,19,75
2025-12-19 02:17:44.853619,1,2,2,18,75
2025-12-19 02:17:49.210924,1,1,1,17,71
2025-12-19 02:17:52.523742,1,2,1,17,68
2025-12-19 02:17:56.335435,1,1,2,16,67
2025-12-19 02:17:59.742590,1,2,2,16,67
2025-12-19 02:18:03.102231,1,2,1,17,67
2025-12-19 02:18:05.911446,1,2,3,16,67
2025-12-19 02:18:08.820325,1,1,3,16,67
2025-12-19 02:18:12.186403,1,2,1,16,67
2025-12-19 02:18:14.942695,1,1,2,17,67
2025-12-19 02:18:18.352349,1,1,1,17,69
2025-12-19 02:18:22.814520,1,2,2,17,72
2025-12-19 02:18:26.122316,1,2,2,16,74
2025-12-19 02:18:28.935928,1,1,1,16,74
2025-12-19 02:18:31.846814,1,2,1,16,74
2025-12-19 02:18:34.754601,1,1,4,16,74
2025-12-19 02:18:38.116207,1,2,2,16,75
2025-12-19 02:18:40.924079,1,1,2,16,78
2025-12-19 02:18:43.834487,1,1,1,16,81
2025-12-19 02:18:46.749259,1,1,2,16,84
2025-12-19 02:18:49.556379,1,1,1,16,87
2025-12-19 02:18:53.017288,1,2,1,16,89
2025-12-19 02:18:56.876738,1,2,1,16,89
2025-12-19 02:19:01.862437,1,1,1,16,89
2025-12-19 02:19:04.748918,1,1,1,16,89
2025-12-19 02:19:07.566791,1,1,1,16,89
2025-12-19 02:19:11.468792,1,1,1,16,89
2025-12-19 02:19:15.381760,1,2,1,16,89
2025-12-19 02:19:19.241797,1,1,1,16,89
2025-12-19 02:19:22.551414,1,1,2,16,85
2025-12-19 02:19:26.860577,1,1,1,16,81
2025-12-19 02:19:30.171647,1,1,1,17,77
2025-12-19 02:19:33.181251,1,2,1,16,77
2025-12-19 02:19:35.939815,1,1,1,16,77
2025-12-19 02:19:38.849752,1,1,1,16,75
2025-12-19 02:19:42.209800,1,1,1,17,70
2025-12-19 02:19:46.018636,1,2,1,18,65
2025-12-19 02:19:49.328343,1,1,1,19,68
2025-12-19 02:19:52.189184,1,1,1,20,69
2025-12-19 02:19:55.549462,1,2,1,20,69
2025-12-19 02:19:59.408223,1,1,1,21,69
2025-12-19 02:20:02.322819,1,2,2,22,69
2025-12-19 02:20:05.134593,1,1,1,22,69
2025-12-19 02:20:08.943382,1,1,2,23,69
2025-12-19 02:20:15.859283,1,2,2,23,69
2025-12-19 02:20:18.764676,1,1,1,23,69
2025-12-19 02:20:21.580942,1,1,1,23,69
2025-12-19 02:20:24.435090,1,1,1,24,69
2025-12-19 02:20:28.349565,1,1,2,24,69
2025-12-19 02:20:31.207402,1,2,2,22,69
2025-12-19 02:20:34.968468,1,1,3,21,72
2025-12-19 02:20:37.878740,1,1,2,19,72
2025-12-19 02:20:40.791388,1,2,1,18,71
2025-12-19 02:20:43.599442,1,2,2,18,70
2025-12-19 02:20:47.458387,1,1,1,21,71
2025-12-19 02:20:50.870198,1,2,2,22,74
2025-12-19 02:20:54.229111,1,1,2,23,77
2025-12-19 02:20:58.038497,1,2,3,23,77
2025-12-19 02:21:01.850375,1,1,3,24,77
2025-12-19 02:21:05.159732,1,1,3,22,77
2025-12-19 02:21:09.518523,1,2,1,22,76
2025-12-19 02:21:13.828644,1,1,2,20,76
2025-12-19 02:21:17.141746,1,1,1,17,76
2025-12-19 02:21:20.950957,1,1,2,17,76
2025-12-19 02:21:25.311058,1,1,2,16,76
2025-12-19 02:21:28.621540,1,1,1,16,76
2025-12-19 02:21:32.429121,1,2,1,15,76
2025-12-19 02:21:35.339775,1,2,1,16,76
2025-12-19 02:21:38.148664,1,1,1,16,76
2025-12-19 02:21:43.512996,1,1,2,16,76
2025-12-19 02:21:46.374532,1,1,1,18,77
2025-12-19 02:21:49.229819,1,1,1,19,80
2025-12-19 02:21:52.104708,1,1,3,20,83
2025-12-19 02:21:54.898409,1,2,3,20,85
2025-12-19 02:21:57.809775,1,1,2,19,85
2025-12-19 02:22:00.618889,1,1,1,17,85
2025-12-19 02:22:03.531309,1,2,4,17,83
2025-12-19 02:22:07.339470,1,2,1,16,80
2025-12-19 02:22:10.248472,1,1,1,16,81
2025-12-19 02:22:13.013934,1,1,2,15,84
2025-12-19 02:22:16.919889,1,1,2,15,87
2025-12-19 02:22:19.833924,1,1,3,15,90
2025-12-19 02:22:22.640559,1,1,2,15,90
2025-12-19 02:22:26.450015,1,1,1,15,90
2025-12-19 02:22:30.311225,1,1,1,15,90
2025-12-19 02:22:33.621061,1,1,1,15,90
2025-12-19 02:22:36.484157,1,1,2,15,90
2025-12-19 02:22:40.400523,1,1,1,15,90
2025-12-19 02:22:43.248945,1,1,1,15,90
2025-12-19 02:22:46.061681,1,2,1,15,84
2025-12-19 02:22:48.970064,1,2,3,15,81
2025-12-19 02:22:52.879762,1,1,2,16,78
2025-12-19 02:22:56.188331,1,2,3,16,75
2025-12-19 02:23:00.100793,1,1,1,16,72
2025-12-19 02:23:02.957206,1,2,1,16,72
2025-12-19 02:23:06.324457,1,1,4,16,72
2025-12-19 02:23:10.075950,1,1,1,16,72
2025-12-19 02:23:13.888327,1,2,1,16,72
2025-12-19 02:23:17.194231,1,2,2,16,72
2025-12-19 02:23:21.509421,1,2,4,17,72
2025-12-19 02:23:25.366972,1,1,1,19,71
2025-12-19 02:23:28.681215,1,2,2,20,68
2025-12-19 02:23:32.037770,1,1,1,22,65
2025-12-19 02:23:34.944568,1,2,1,22,62
2025-12-19 02:23:37.854322,1,2,1,23,62
2025-12-19 02:23:40.667063,1,2,2,23,62
2025-12-19 02:23:44.974322,1,1,3,23,62
2025-12-19 02:23:48.338091,1,1,3,23,62
2025-12-19 02:23:52.103461,1,1,1,23,62
2025-12-19 02:23:55.405587,1,1,1,23,62
2025-12-19 02:23:58.263729,1,2,3,23,62
2025-12-19 02:24:01.079935,1,1,1,23,64
2025-12-19 02:24:04.985930,1,1,2,23,67
2025-12-19 02:24:07.900165,1,2,2,22,70
2025-12-19 02:24:12.356460,1,1,2,20,73
2025-12-19 02:24:15.282444,1,1,1,19,75
2025-12-19 02:24:18.124597,1,1,2,18,75
2025-12-19 02:24:22.586902,1,2,2,17,75
2025-12-19 02:24:25.895339,1,2,2,17,75
2025-12-19 02:24:28.706308,1,2,2,17,75
2025-12-19 02:24:31.513613,1,1,1,17,75
2025-12-19 02:24:34.424454,1,2,2,17,75
2025-12-19 02:24:37.287298,1,1,3,16,77
2025-12-19 02:24:40.093795,1,2,8,16,77
2025-12-19 02:24:43.953245,1,2,2,16,77
2025-12-19 02:24:47.262420,1,2,6,15,77
2025-12-19 02:24:50.071929,1,2,4,15,77
2025-12-19 02:24:52.988046,1,2,2,15,77
2025-12-19 02:24:55.891028,1,2,13,15,77
2025-12-19 02:24:58.699622,1,2,26,15,77
2025-12-19 02:25:02.546524,1,2,12,15,77
2025-12-19 02:25:06.371235,1,2,9,15,77
2025-12-19 02:25:10.332378,1,1,2,15,77
2025-12-19 02:25:13.088581,1,1,4,15,77
2025-12-19 02:25:17.000559,1,2,1,15,77
2025-12-19 02:25:19.910431,1,2,2,15,77
2025-12-19 02:25:22.719787,1,2,21,15,77
2025-12-19 02:25:26.527838,1,2,2,17,77
2025-12-19 02:25:29.937953,1,1,2,19,77
2025-12-19 02:25:33.303165,1,1,1,20,74
2025-12-19 02:25:36.105329,1,2,2,21,74
2025-12-19 02:25:39.016417,1,1,2,22,72
2025-12-19 02:25:42.379514,1,1,1,22,72
2025-12-19 02:25:46.136426,1,1,3,22,72
2025-12-19 02:25:49.045911,1,2,4,22,72
2025-12-19 02:25:52.960740,1,1,3,22,72
2025-12-19 02:25:56.268713,1,1,1,22,72
2025-12-19 02:26:01.579024,1,1,1,22,72
2025-12-19 02:26:04.489286,1,2,4,22,72
2025-12-19 02:26:07.351302,1,2,3,23,72
2025-12-19 02:26:10.108967,1,2,1,23,72
2025-12-19 02:26:13.968383,1,2,11,23,72
2025-12-19 02:26:17.277921,1,1,1,24,72
2025-12-19 02:26:21.589148,1,1,1,24,72
2025-12-19 02:26:25.451031,1,2,1,24,69
2025-12-19 02:26:28.759414,1,2,2,24,66
2025-12-19 02:26:31.570157,1,2,2,24,64
2025-12-19 02:26:34.477198,1,2,1,23,64
2025-12-19 02:26:37.344072,1,2,2,23,64
2025-12-19 02:26:40.149291,1,2,4,22,65
2025-12-19 02:26:44.009486,1,1,3,23,68
2025-12-19 02:26:47.317398,1,2,2,23,68
2025-12-19 02:26:50.775653,1,1,1,23,68
2025-12-19 02:26:53.636715,1,1,1,23,68
2025-12-19 02:26:56.496163,1,2,4,22,68
2025-12-19 02:26:59.309939,1,1,1,22,65
2025-12-19 02:27:03.666844,1,2,1,21,62
2025-12-19 02:27:07.026707,1,2,2,21,62
2025-12-19 02:27:09.939226,1,2,3,21,65
2025-12-19 02:27:12.747023,1,1,1,21,68
2025-12-19 02:27:15.606899,1,1,1,21,69
2025-12-19 02:27:19.466313,1,2,6,21,69
2025-12-19 02:27:22.776549,1,2,3,21,69
2025-12-19 02:27:26.590924,1,2,3,21,67
2025-12-19 02:27:29.494225,1,1,1,21,65
2025-12-19 02:27:32.303431,1,2,5,22,63
2025-12-19 02:27:37.619079,1,2,5,22,68
2025-12-19 02:27:40.526718,1,2,4,23,71
2025-12-19 02:27:43.385983,1,1,1,24,74
2025-12-19 02:27:47.305808,1,2,2,24,77
2025-12-19 02:27:52.207928,1,2,1,24,73
2025-12-19 02:27:55.519892,1,2,4,24,71
2025-12-19 02:27:58.376353,1,2,1,24,71
2025-12-19 02:28:01.235696,1,1,1,24,70
2025-12-19 02:28:04.552197,1,2,2,24,70
2025-12-19 02:28:09.007784,1,2,1,24,70
2025-12-19 02:28:12.367702,1,2,3,24,70
2025-12-19 02:28:15.177634,1,1,1,24,70
2025-12-19 02:28:18.088817,1,2,6,25,71
2025-12-19 02:28:21.999062,1,2,1,25,77
2025-12-19 02:28:24.807793,1,2,1,25,80
2025-12-19 02:28:28.168492,1,2,3,24,83
2025-12-19 02:28:32.033361,1,2,4,23,85
2025-12-19 02:28:35.335952,1,1,3,23,84
2025-12-19 02:28:39.145801,1,1,3,23,81
2025-12-19 02:28:43.506249,1,1,1,22,79
2025-12-19 02:28:46.842806,1,2,2,22,79
2025-12-19 02:28:50.175553,1,2,4,22,80
2025-12-19 02:28:53.088956,1,1,3,22,83
2025-12-19 02:28:55.996088,1,1,1,23,85
2025-12-19 02:28:58.808283,1,2,8,23,85
2025-12-19 02:29:02.615539,1,1,4,24,85
2025-12-19 02:29:06.477115,1,1,3,24,85
2025-12-19 02:29:10.234991,1,1,1,24,85
2025-12-19 02:29:14.043098,1,2,2,24,85
2025-12-19 02:29:17.365954,1,2,5,25,85
2025-12-19 02:29:21.166346,1,2,9,25,85
2025-12-19 02:29:25.029292,1,1,4,25,88
2025-12-19 02:29:27.833402,1,1,1,25,91
2025-12-19 02:29:31.193291,1,2,2,25,91
2025-12-19 02:29:35.107526,1,1,6,25,87
2025-12-19 02:29:38.029771,1,1,1,25,81
2025-12-19 02:29:40.821487,1,2,12,25,77
2025-12-19 02:29:45.130669,1,1,7,25,77
2025-12-19 02:29:48.494520,1,1,7,25,77
2025-12-19 02:29:52.251644,1,1,1,25,77
2025-12-19 02:29:56.063016,1,2,2,25,77
2025-12-19 02:29:59.370092,1,2,4,25,77
2025-12-19 02:30:03.183235,1,1,1,25,78
2025-12-19 02:30:07.049972,1,2,3,25,84
2025-12-19 02:30:09.853717,1,2,1,25,84
2025-12-19 02:30:12.662202,1,1,3,25,84
2025-12-19 02:30:16.580762,1,1,2,25,84
2025-12-19 02:30:19.433081,1,2,3,25,81
2025-12-19 02:30:22.293388,1,1,3,25,78
2025-12-19 02:30:26.102272,1,2,1,24,75
2025-12-19 02:30:29.411826,1,2,1,24,72
2025-12-19 02:30:32.221011,1,1,4,24,71
2025-12-19 02:30:36.137031,1,1,2,24,71
2025-12-19 02:30:40.045178,1,2,1,24,71
2025-12-19 02:30:42.853607,1,2,6,24,71
2025-12-19 02:30:45.713144,1,1,1,24,71
2025-12-19 02:30:49.572769,1,1,1,24,71
2025-12-19 02:30:52.434599,1,2,7,24,71
2025-12-19 02:30:55.293000,1,1,3,24,71
2025-12-19 02:30:59.153419,1,2,1,24,71
2025-12-19 02:31:02.068987,1,2,6,24,69
2025-12-19 02:31:04.871834,1,1,1,24,66
2025-12-19 02:31:09.184061,1,2,1,24,64
2025-12-19 02:31:13.541567,1,2,2,24,66
2025-12-19 02:31:16.852173,1,2,5,24,67
2025-12-19 02:31:21.160561,1,2,4,24,67
2025-12-19 02:31:24.522073,1,1,5,24,67
2025-12-19 02:31:28.279345,1,1,2,24,69
2025-12-19 02:31:32.139036,1,2,1,24,72
2025-12-19 02:31:35.050583,1,2,1,24,75
2025-12-19 02:31:37.861241,1,2,15,24,78
2025-12-19 02:31:41.770981,1,2,3,24,81
2025-12-19 02:31:44.630413,1,2,3,24,82
2025-12-19 02:31:47.444721,1,1,1,24,80
2025-12-19 02:31:51.250666,1,2,1,24,74
2025-12-19 02:31:54.161344,1,2,2,24,73
2025-12-19 02:31:58.076100,1,2,7,23,79
2025-12-19 02:32:00.879742,1,2,5,23,79
2025-12-19 02:32:03.741921,1,2,2,21,77
2025-12-19 02:32:07.600087,1,2,18,20,74
2025-12-19 02:32:10.909343,1,2,14,17,74
2025-12-19 02:32:13.720473,1,1,1,15,74
2025-12-19 02:32:16.627453,1,2,9,14,74
2025-12-19 02:32:19.493186,1,1,1,13,72
2025-12-19 02:32:22.297565,1,2,10,13,69
2025-12-19 02:32:26.159679,1,1,1,12,69
2025-12-19 02:32:29.467803,1,2,1,11,69
2025-12-19 02:32:32.276476,1,1,4,11,69
2025-12-19 02:32:35.185102,1,2,2,11,69
2025-12-19 02:32:38.095216,1,2,9,11,69
2025-12-19 02:32:40.907197,1,1,1,11,69
2025-12-19 02:32:45.221411,1,2,22,14,69
2025-12-19 02:32:48.575397,1,2,12,16,69
2025-12-19 02:32:52.086427,1,2,17,17,70
2025-12-19 02:32:54.899162,1,1,1,18,73
2025-12-19 02:32:57.805127,1,2,15,19,76
2025-12-19 02:33:01.615281,1,1,1,20,79
2025-12-19 02:33:04.923072,1,1,2,20,82
2025-12-19 02:33:08.734614,1,2,11,21,83
2025-12-19 02:33:11.645989,1,2,2,21,78
2025-12-19 02:33:14.454912,1,2,1,21,75
2025-12-19 02:33:19.764026,1,2,3,21,69
2025-12-19 02:33:22.673286,1,2,6,21,69
2025-12-19 02:33:25.531814,1,1,1,21,69
2025-12-19 02:33:28.343070,1,2,16,19,69
2025-12-19 02:33:31.203817,1,1,1,17,69
2025-12-19 02:33:34.110681,1,2,1,15,69
2025-12-19 02:33:36.920036,1,1,8,14,69
2025-12-19 02:33:39.781493,1,2,3,14,72
2025-12-19 02:33:43.641962,1,2,7,13,75
2025-12-19 02:33:46.962468,1,1,1,16,78
2025-12-19 02:33:49.759535,1,2,2,17,75
2025-12-19 02:33:52.669678,1,1,4,19,72
2025-12-19 02:33:55.533389,1,2,1,20,69
2025-12-19 02:33:58.340053,1,1,11,21,69
2025-12-19 02:34:02.249094,1,1,1,21,71
2025-12-19 02:34:05.160187,1,2,1,22,71
2025-12-19 02:34:08.469029,1,2,8,22,71
2025-12-19 02:34:13.783428,1,2,9,19,71
2025-12-19 02:34:16.696276,1,1,1,17,71
2025-12-19 02:34:19.551317,1,1,1,15,71
2025-12-19 02:34:22.362628,1,2,10,14,70
2025-12-19 02:34:26.371468,1,1,1,13,70
2025-12-19 02:34:29.677399,1,1,1,17,70
2025-12-19 02:34:32.491580,1,2,3,19,70
2025-12-19 02:34:36.348590,1,2,18,20,70
2025-12-19 02:34:39.265251,1,1,3,19,70
2025-12-19 02:34:42.617736,1,2,1,17,70
2025-12-19 02:34:46.375698,1,2,3,15,70
2025-12-19 02:34:50.188582,1,1,17,14,70
2025-12-19 02:34:53.496556,1,1,10,13,71
2025-12-19 02:34:57.306216,1,1,7,13,74
2025-12-19 02:35:01.666464,1,2,1,12,79
2025-12-19 02:35:04.974698,1,2,1,12,79
2025-12-19 02:35:09.283175,1,2,1,13,79
2025-12-19 02:35:13.643720,1,2,6,13,79
2025-12-19 02:35:16.954662,1,2,4,13,76
2025-12-19 02:35:20.762933,1,2,2,13,73
2025-12-19 02:35:24.624511,1,2,1,13,72
2025-12-19 02:35:28.382945,1,1,1,13,72
2025-12-19 02:35:32.245536,1,2,1,13,72
2025-12-19 02:35:35.704203,1,1,2,13,72
2025-12-19 02:35:38.531372,1,2,4,13,72
2025-12-19 02:35:43.874967,1,1,5,13,72
2025-12-19 02:35:46.742984,1,1,1,15,72
2025-12-19 02:35:49.595290,1,2,2,17,72
2025-12-19 02:35:52.455893,1,2,1,19,72
2025-12-19 02:35:55.265340,1,2,2,20,73
2025-12-19 02:35:58.185731,1,1,1,20,76
2025-12-19 02:36:00.986477,1,1,2,21,79
2025-12-19 02:36:03.895211,1,2,1,19,78
2025-12-19 02:36:07.710580,1,2,1,17,73
2025-12-19 02:36:11.717735,1,1,2,14,70
2025-12-19 02:36:14.524795,1,2,2,13,67
2025-12-19 02:36:19.837190,1,2,2,12,64
2025-12-19 02:36:22.780912,1,2,1,12,64
2025-12-19 02:36:25.608120,1,1,1,11,64
2025-12-19 02:36:28.417932,1,2,4,11,64
2025-12-19 02:36:31.332600,1,1,1,11,64
2025-12-19 02:36:35.244137,1,2,1,11,64
2025-12-19 02:36:38.545255,1,2,2,11,64
2025-12-19 02:36:43.909347,1,2,1,11,64
2025-12-19 02:36:46.769766,1,2,3,11,64
2025-12-19 02:36:49.627162,1,2,4,11,64
2025-12-19 02:36:52.436884,1,1,2,11,64
2025-12-19 02:36:56.246626,1,1,3,11,64
2025-12-19 02:36:59.555285,1,1,2,11,64
2025-12-19 02:37:03.917745,1,1,1,11,64
2025-12-19 02:37:07.726594,1,2,1,11,64
2025-12-19 02:37:11.038370,1,2,3,11,64
2025-12-19 02:37:13.895398,1,2,3,11,64
2025-12-19 02:37:16.754122,1,1,1,11,64
2025-12-19 02:37:19.616205,1,2,1,11,64
2025-12-19 02:37:22.424445,1,1,2,11,64
2025-12-19 02:37:26.284554,1,2,2,11,64
2025-12-19 02:37:29.593356,1,2,3,11,64
2025-12-19 02:37:33.452812,1,2,2,11,64
2025-12-19 02:37:36.313451,1,1,1,11,64
2025-12-19 02:37:40.226530,1,1,1,11,64
2025-12-19 02:37:43.044754,1,2,2,11,64
2025-12-19 02:37:45.892285,1,1,2,11,64
2025-12-19 02:37:49.752539,1,1,1,11,64
2025-12-19 02:37:52.664539,1,2,2,11,64
2025-12-19 02:37:55.423707,1,1,3,11,64
2025-12-19 02:37:59.333478,1,1,2,11,64
2025-12-19 02:38:02.245274,1,2,3,11,64
2025-12-19 02:38:05.053902,1,2,3,11,64
2025-12-19 02:38:08.862283,1,1,2,11,64
2025-12-19 02:38:11.772945,1,1,1,11,64
2025-12-19 02:38:14.584316,1,2,1,11,64
2025-12-19 02:38:19.945069,1,2,2,11,64
2025-12-19 02:38:22.828996,1,2,7,11,64
2025-12-19 02:38:25.676061,1,1,1,11,64
2025-12-19 02:38:29.074252,1,1,1,12,64
2025-12-19 02:38:31.887544,1,2,3,12,64
2025-12-19 02:38:34.793167,1,1,2,13,64
2025-12-19 02:38:37.653532,1,1,3,13,64
2025-12-19 02:38:40.512359,1,2,3,13,64
2025-12-19 02:38:44.323509,1,1,1,13,64
2025-12-19 02:38:47.632474,1,2,1,13,64
2025-12-19 02:38:50.490388,1,2,2,13,64
2025-12-19 02:38:53.354430,1,1,4,13,64
2025-12-19 02:38:56.264559,1,1,1,12,64
2025-12-19 02:38:59.069567,1,1,6,12,64
2025-12-19 02:39:03.389075,1,2,1,12,64
2025-12-19 02:39:06.739393,1,2,2,12,64
2025-12-19 02:39:10.252463,1,2,2,12,64
2025-12-19 02:39:13.060149,1,1,3,12,64
2025-12-19 02:39:15.918403,1,2,1,12,64
2025-12-19 02:39:19.784897,1,2,5,12,64
2025-12-19 02:39:23.099154,1,1,1,12,64
2025-12-19 02:39:26.935667,1,2,1,12,64
2025-12-19 02:39:29.807129,1,2,2,12,64
2025-12-19 02:39:32.617121,1,2,3,12,64
2025-12-19 02:39:37.427933,1,2,4,12,68
2025-12-19 02:39:41.289053,1,1,5,12,71
2025-12-19 02:39:44.100403,1,2,2,12,74
2025-12-19 02:39:47.957260,1,2,3,12,77
2025-12-19 02:39:50.819544,1,2,4,12,78
2025-12-19 02:39:53.628951,1,1,1,12,78
2025-12-19 02:39:57.988317,1,2,2,12,78
2025-12-19 02:40:01.799934,1,2,3,12,78
2025-12-19 02:40:05.111397,1,2,5,12,78
2025-12-19 02:40:08.519732,1,1,1,12,78
2025-12-19 02:40:11.829478,1,1,2,12,78
2025-12-19 02:40:14.639923,1,2,6,12,79
2025-12-19 02:40:18.506651,1,2,4,12,82
2025-12-19 02:40:21.417172,1,2,1,12,84
2025-12-19 02:40:24.768525,1,2,4,12,84
2025-12-19 02:40:28.125751,1,2,4,12,76
2025-12-19 02:40:30.986957,1,1,1,12,72
2025-12-19 02:40:35.399148,1,1,1,12,69
2025-12-19 02:40:38.307865,1,2,2,12,70
2025-12-19 02:40:41.118245,1,1,4,12,73
2025-12-19 02:40:45.426131,1,2,1,12,76
2025-12-19 02:40:49.339404,1,1,1,12,82
2025-12-19 02:40:52.699348,1,2,2,12,85
2025-12-19 02:40:55.507319,1,2,3,12,88
2025-12-19 02:40:59.477608,1,2,5,12,89
2025-12-19 02:41:02.878059,1,1,1,12,89
2025-12-19 02:41:05.685197,1,2,5,12,83
2025-12-19 02:41:09.645191,1,1,1,12,78
2025-12-19 02:41:13.103161,1,1,2,12,76
2025-12-19 02:41:15.963464,1,1,3,12,79
2025-12-19 02:41:19.823689,1,2,5,12,82
2025-12-19 02:41:23.146511,1,1,1,12,85
2025-12-19 02:41:27.446299,1,2,1,12,87
2025-12-19 02:41:30.352849,1,2,1,12,87
2025-12-19 02:41:33.719656,1,1,3,12,87
2025-12-19 02:41:36.522913,1,2,1,12,87
2025-12-19 02:41:39.432885,1,2,2,12,87
2025-12-19 02:41:42.794281,1,1,4,12,84
2025-12-19 02:41:46.553023,1,1,1,12,81
2025-12-19 02:41:49.465127,1,2,4,12,81
2025-12-19 02:41:53.374441,1,1,3,12,81
2025-12-19 02:41:56.689469,1,1,1,12,81
2025-12-19 02:42:00.543104,1,2,1,12,81
2025-12-19 02:42:03.454146,1,2,1,12,81
2025-12-19 02:42:06.830164,1,1,2,12,81
2025-12-19 02:42:10.785075,1,2,1,12,81
2025-12-19 02:42:13.588311,1,2,2,12,81
2025-12-19 02:42:17.445309,1,1,3,12,81
2025-12-19 02:42:20.354616,1,1,1,12,81
2025-12-19 02:42:23.162388,1,2,4,12,81
2025-12-19 02:42:26.972347,1,1,3,12,82
2025-12-19 02:42:30.382620,1,1,1,12,83
2025-12-19 02:42:33.745233,1,2,3,12,83
2025-12-19 02:42:36.603693,1,1,3,12,83
2025-12-19 02:42:39.459066,1,2,1,12,82
2025-12-19 02:42:42.820536,1,2,4,12,83
2025-12-19 02:42:46.577728,1,2,4,12,83
2025-12-19 02:42:49.989464,1,1,1,12,83
2025-12-19 02:42:52.920641,1,2,3,15,83
2025-12-19 02:42:55.759600,1,2,3,15,83
2025-12-19 02:42:59.670214,1,2,1,14,83
2025-12-19 02:43:02.478900,1,2,2,13,84
2025-12-19 02:43:05.390421,1,2,3,12,84
2025-12-19 02:43:10.356533,1,2,4,12,84
2025-12-19 02:43:13.160713,1,1,4,12,84
2025-12-19 02:43:16.069809,1,2,1,12,84
2025-12-19 02:43:19.877045,1,2,2,12,84
2025-12-19 02:43:23.189716,1,2,1,12,84
2025-12-19 02:43:26.998200,1,2,1,12,84
2025-12-19 02:43:29.957012,1,2,3,12,84
2025-12-19 02:43:34.368461,1,2,2,12,84
2025-12-19 02:43:37.186133,1,2,3,12,84
2025-12-19 02:43:40.096290,1,2,2,12,84
2025-12-19 02:43:43.896702,1,2,2,12,84
2025-12-19 02:43:47.208236,1,2,5,12,84
2025-12-19 02:43:50.666524,1,1,4,12,84
2025-12-19 02:43:53.476840,1,2,2,12,84
2025-12-19 02:43:56.384922,1,2,2,12,84
2025-12-19 02:43:59.196396,1,1,4,12,84
2025-12-19 02:44:03.506338,1,2,1,12,84
2025-12-19 02:44:06.864359,1,2,3,12,84
2025-12-19 02:44:10.223376,1,2,4,12,82
2025-12-19 02:44:13.086591,1,2,1,12,81
2025-12-19 02:44:16.970951,1,2,3,12,81
2025-12-19 02:44:19.801188,1,2,4,12,81
2025-12-19 02:44:22.660046,1,1,1,12,81
2025-12-19 02:44:26.470768,1,1,2,12,81
2025-12-19 02:44:29.780019,1,2,3,12,81
2025-12-19 02:44:32.589205,1,1,3,12,81
2025-12-19 02:44:35.499592,1,2,1,12,81
2025-12-19 02:44:38.410187,1,2,2,12,81
2025-12-19 02:44:41.216326,1,1,5,12,81
2025-12-19 02:44:45.564821,1,2,1,12,81
2025-12-19 02:44:48.885063,1,1,1,12,81
2025-12-19 02:44:52.249561,1,2,2,12,81
2025-12-19 02:44:55.055902,1,2,4,12,81
2025-12-19 02:44:58.967371,1,1,2,12,81
2025-12-19 02:45:01.824482,1,1,1,12,81
2025-12-19 02:45:04.635449,1,2,5,12,81
2025-12-19 02:45:08.495659,1,1,1,12,80
2025-12-19 02:45:11.405577,1,2,3,12,79
2025-12-19 02:45:14.212403,1,2,3,12,79
2025-12-19 02:45:18.122934,1,1,1,12,79
2025-12-19 02:45:20.982563,1,2,1,12,79
2025-12-19 02:45:23.792987,1,2,2,12,79
2025-12-19 02:45:27.604450,1,2,5,12,79
2025-12-19 02:45:30.515023,1,2,1,12,81
2025-12-19 02:45:34.425466,1,2,1,12,87
2025-12-19 02:45:37.234276,1,2,4,12,89
2025-12-19 02:45:40.143058,1,1,1,12,89
2025-12-19 02:45:43.953995,1,2,1,12,89
2025-12-19 02:45:47.263948,1,2,2,12,89
2025-12-19 02:45:50.072334,1,1,2,12,89
2025-12-19 02:45:52.982731,1,2,2,12,89
2025-12-19 02:45:55.841177,1,2,4,12,89
2025-12-19 02:45:58.701575,1,2,1,12,89
2025-12-19 02:46:02.512182,1,2,3,12,89
2025-12-19 02:46:05.824480,1,2,2,12,88
2025-12-19 02:46:08.679658,1,1,1,12,88
2025-12-19 02:46:11.539075,1,2,2,12,82
2025-12-19 02:46:14.449153,1,1,6,12,83
2025-12-19 02:46:17.263038,1,2,1,12,83
2025-12-19 02:46:21.068063,1,1,3,12,83
2025-12-19 02:46:24.926782,1,2,3,12,83
2025-12-19 02:46:28.888523,1,1,5,12,85
2025-12-19 02:46:31.696703,1,1,1,12,85
2025-12-19 02:46:35.557220,1,2,1,12,85
2025-12-19 02:46:38.467335,1,2,1,12,85
2025-12-19 02:46:41.277352,1,1,1,12,85
2025-12-19 02:46:45.591746,1,2,2,12,85
2025-12-19 02:46:50.645723,1,2,2,12,85
2025-12-19 02:46:53.556503,1,2,4,12,85
2025-12-19 02:46:56.468153,1,1,3,12,85
2025-12-19 02:46:59.276982,1,2,1,12,85
