Timestamp,Presence,Movement,MovingRange,BreathingRate,HeartRate
2025-12-13 00:44:24.487794,1,1,6,22,66
2025-12-13 00:44:27.397612,1,2,9,22,63
2025-12-13 00:44:30.306214,1,2,19,22,63
2025-12-13 00:44:33.119175,1,2,47,22,63
2025-12-13 00:44:36.974713,1,2,39,23,107
2025-12-13 00:44:39.936861,1,2,12,23,110
2025-12-13 00:44:42.846080,1,2,10,24,113
2025-12-13 00:44:45.663835,1,2,2,24,116
2025-12-13 00:44:49.516655,1,2,4,23,119
2025-12-13 00:44:52.436227,1,2,1,23,122
2025-12-13 00:44:55.785099,1,2,3,23,125
2025-12-13 00:44:59.541625,1,2,8,22,116
2025-12-13 00:45:03.355309,1,2,1,22,110
2025-12-13 00:45:06.692236,1,2,5,22,104
2025-12-13 00:45:10.487751,1,2,7,21,98
2025-12-13 00:45:13.882131,1,2,1,21,93
2025-12-13 00:45:16.745219,1,2,1,21,92
2025-12-13 00:45:19.648991,1,2,16,21,92
2025-12-13 00:45:22.421868,1,2,11,21,88
2025-12-13 00:45:25.770841,1,2,19,21,86
2025-12-13 00:45:29.585876,1,2,5,21,86
2025-12-13 00:45:33.399252,1,2,3,21,86
2025-12-13 00:45:36.699342,1,1,4,21,86
2025-12-13 00:45:40.525489,1,2,8,21,86
2025-12-13 00:45:43.422624,1,2,5,21,86
2025-12-13 00:45:47.329841,1,2,7,21,86
2025-12-13 00:45:50.159046,1,2,2,21,86
2025-12-13 00:45:53.006131,1,1,1,21,86
2025-12-13 00:45:56.902975,1,2,6,21,86
2025-12-13 00:46:00.184693,1,2,9,21,86
2025-12-13 00:46:02.981486,1,2,4,21,86
2025-12-13 00:46:05.895559,1,2,2,21,89
2025-12-13 00:46:08.748355,1,1,4,21,89
2025-12-13 00:46:11.558862,1,2,6,21,89
2025-12-13 00:46:15.422825,1,1,10,21,89
2025-12-13 00:46:18.380667,1,2,1,21,89
2025-12-13 00:46:21.692507,1,2,2,21,89
2025-12-13 00:46:25.599450,1,2,12,21,89
2025-12-13 00:46:28.909443,1,2,7,21,79
2025-12-13 00:46:31.768515,1,2,2,21,76
2025-12-13 00:46:34.628816,1,2,1,22,76
2025-12-13 00:46:38.089530,1,2,6,22,73
2025-12-13 00:46:42.457313,1,2,5,22,71
2025-12-13 00:46:45.380333,1,2,6,22,69
2025-12-13 00:46:48.172427,1,1,10,22,69
2025-12-13 00:46:51.981369,1,2,18,22,69
2025-12-13 00:46:55.838464,1,2,9,22,69
2025-12-13 00:46:59.209232,1,2,7,22,69
2025-12-13 00:47:02.008014,1,1,2,22,69
2025-12-13 00:47:05.916450,1,2,1,22,72
2025-12-13 00:47:08.782045,1,2,7,22,75
2025-12-13 00:47:11.601954,1,2,4,22,78
2025-12-13 00:47:15.449222,1,2,10,22,74
2025-12-13 00:47:18.406537,1,2,5,22,71
2025-12-13 00:47:21.713890,1,2,8,22,72
2025-12-13 00:47:25.584547,1,2,3,22,72
2025-12-13 00:47:28.483999,1,2,10,21,75
2025-12-13 00:47:31.845555,1,2,9,21,78
2025-12-13 00:47:35.603298,1,1,8,20,81
2025-12-13 00:47:39.511882,1,2,9,20,78
2025-12-13 00:47:42.921139,1,2,5,19,75
2025-12-13 00:47:45.737804,1,2,5,19,74
2025-12-13 00:47:49.640491,1,2,9,19,74
2025-12-13 00:47:52.500698,1,2,8,19,74
2025-12-13 00:47:55.861099,1,1,1,19,74
2025-12-13 00:47:59.620691,1,1,5,19,71
2025-12-13 00:48:02.484938,1,1,4,19,68
2025-12-13 00:48:05.400338,1,1,8,19,66
2025-12-13 00:48:08.199853,1,1,8,19,66
2025-12-13 00:48:11.059413,1,1,1,19,66
2025-12-13 00:48:14.920982,1,1,1,19,66
2025-12-13 00:48:17.828431,1,2,4,19,66
2025-12-13 00:48:20.639564,1,2,1,19,66
2025-12-13 00:48:24.499545,1,2,1,19,66
2025-12-13 00:48:27.408445,1,2,1,19,66
2025-12-13 00:48:30.236602,1,2,2,19,66
2025-12-13 00:48:34.526212,1,1,2,18,66
2025-12-13 00:48:37.887919,1,2,1,17,66
2025-12-13 00:48:41.195358,1,2,5,18,66
2025-12-13 00:48:44.064255,1,1,2,19,66
2025-12-13 00:48:47.965057,1,1,2,19,66
2025-12-13 00:48:51.309796,1,1,1,18,66
2025-12-13 00:48:54.134374,1,1,7,17,68
2025-12-13 00:48:57.943915,1,2,7,16,71
2025-12-13 00:49:00.875325,1,2,35,16,74
2025-12-13 00:49:03.662953,1,2,23,16,76
2025-12-13 00:49:07.520788,1,2,40,16,79
2025-12-13 00:49:10.431959,1,2,37,23,82
2025-12-13 00:49:13.791102,1,2,51,23,108
2025-12-13 00:49:17.565367,1,2,10,24,114
2025-12-13 00:49:20.459561,1,2,30,23,117
2025-12-13 00:49:23.868847,1,2,12,23,120
2025-12-13 00:49:26.730742,1,2,32,23,123
2025-12-13 00:49:29.537656,1,2,22,23,108
2025-12-13 00:49:33.398591,1,2,8,23,111
2025-12-13 00:49:36.712893,1,2,5,23,114
2025-12-13 00:49:40.668313,1,2,12,23,117
2025-12-13 00:49:44.127406,1,2,1,24,123
2025-12-13 00:49:47.037024,1,1,2,24,120
2025-12-13 00:49:50.856107,1,2,7,21,114
2025-12-13 00:49:54.157939,1,1,2,20,108
2025-12-13 00:49:58.481496,1,2,1,19,102
2025-12-13 00:50:03.432827,1,1,1,19,90
2025-12-13 00:50:06.338087,1,2,3,19,90
2025-12-13 00:50:09.145579,1,2,18,19,93
2025-12-13 00:50:13.005551,1,1,1,19,89
2025-12-13 00:50:15.914669,1,1,1,20,83
2025-12-13 00:50:18.723380,1,1,1,20,77
2025-12-13 00:50:22.535067,1,1,1,20,73
2025-12-13 00:50:25.445716,1,2,1,19,70
2025-12-13 00:50:29.371765,1,1,1,18,65
2025-12-13 00:50:32.165566,1,1,1,18,65
2025-12-13 00:50:35.022987,1,1,3,17,65
2025-12-13 00:50:38.883442,1,1,1,17,68
2025-12-13 00:50:42.190185,1,1,1,16,70
2025-12-13 00:50:44.999146,1,2,3,15,70
2025-12-13 00:50:47.909351,1,1,1,15,70
2025-12-13 00:50:50.769896,1,1,1,15,70
2025-12-13 00:50:53.580084,1,1,2,15,72
2025-12-13 00:50:57.447831,1,2,1,15,72
2025-12-13 00:51:00.750181,1,1,1,15,72
2025-12-13 00:51:03.560642,1,1,2,15,72
2025-12-13 00:51:06.471176,1,2,2,14,72
2025-12-13 00:51:09.378690,1,1,17,14,72
2025-12-13 00:51:12.188648,1,2,12,14,70
2025-12-13 00:51:15.996977,1,1,3,15,67
2025-12-13 00:51:19.864601,1,1,3,16,64
2025-12-13 00:51:23.381410,1,1,1,16,62
2025-12-13 00:51:26.182767,1,1,1,16,62
2025-12-13 00:51:29.054430,1,1,1,16,62
2025-12-13 00:51:32.900315,1,1,1,16,62
2025-12-13 00:51:36.293170,1,1,1,16,62
2025-12-13 00:51:40.033358,1,1,1,16,62
2025-12-13 00:51:43.975746,1,1,1,16,62
2025-12-13 00:51:47.385499,1,1,1,16,62
2025-12-13 00:51:50.197947,1,1,2,16,62
2025-12-13 00:51:53.055237,1,1,1,16,62
2025-12-13 00:51:56.916722,1,1,1,16,62
2025-12-13 00:52:01.878917,1,1,1,16,62
2025-12-13 00:52:04.787896,1,2,2,16,62
2025-12-13 00:52:07.648409,1,1,1,17,62
2025-12-13 00:52:11.058467,1,2,1,17,62
2025-12-13 00:52:14.917503,1,2,3,16,62
2025-12-13 00:52:18.227803,1,2,33,16,62
2025-12-13 00:52:21.588552,1,2,27,16,62
2025-12-13 00:52:24.503848,1,2,6,16,62
2025-12-13 00:52:27.406971,1,1,2,16,62
2025-12-13 00:52:30.273006,1,2,16,16,62
2025-12-13 00:52:34.026174,1,2,7,16,62
2025-12-13 00:52:37.886720,1,2,1,17,62
2025-12-13 00:52:41.250181,1,2,1,16,62
2025-12-13 00:52:44.058345,1,1,1,16,62
2025-12-13 00:52:47.966251,1,1,1,15,62
2025-12-13 00:52:50.829173,1,1,1,15,62
2025-12-13 00:52:53.636674,1,1,1,15,62
2025-12-13 00:52:57.495484,1,1,1,15,65
2025-12-13 00:53:00.462888,1,1,1,16,68
2025-12-13 00:53:03.763450,1,1,1,17,71
2025-12-13 00:53:07.646951,1,1,1,17,74
2025-12-13 00:53:10.535548,1,2,1,18,77
2025-12-13 00:53:13.900477,1,1,6,17,80
2025-12-13 00:53:17.652037,1,2,10,17,80
2025-12-13 00:53:20.562624,1,1,4,18,77
2025-12-13 00:53:24.424801,1,2,13,17,74
2025-12-13 00:53:27.233969,1,1,10,17,74
2025-12-13 00:53:31.093598,1,1,1,16,74
2025-12-13 00:53:34.003312,1,1,1,16,74
2025-12-13 00:53:36.812502,1,1,1,16,74
2025-12-13 00:53:39.674770,1,1,9,16,74
2025-12-13 00:53:42.530387,1,1,3,16,74
2025-12-13 00:53:45.441108,1,1,1,16,74
2025-12-13 00:53:48.250610,1,2,1,16,76
2025-12-13 00:53:52.058876,1,2,6,16,79
2025-12-13 00:53:55.918590,1,2,9,16,82
2025-12-13 00:53:59.879360,1,2,1,16,83
2025-12-13 00:54:02.639403,1,2,1,15,84
2025-12-13 00:54:06.549034,1,1,1,15,87
2025-12-13 00:54:09.462898,1,2,2,15,89
2025-12-13 00:54:12.268208,1,1,9,15,89
2025-12-13 00:54:16.577485,1,1,1,15,89
2025-12-13 00:54:21.539123,1,2,11,15,87
2025-12-13 00:54:24.449039,1,2,5,15,84
2025-12-13 00:54:27.273608,1,1,8,15,81
2025-12-13 00:54:31.170266,1,1,1,15,81
2025-12-13 00:54:34.028978,1,1,1,15,82
2025-12-13 00:54:36.836239,1,2,2,15,84
2025-12-13 00:54:40.798077,1,1,1,15,87
2025-12-13 00:54:44.607952,1,1,1,15,89
2025-12-13 00:54:48.018912,1,2,7,15,89
2025-12-13 00:54:50.882030,1,1,1,15,89
2025-12-13 00:54:53.688680,1,1,1,15,89
2025-12-13 00:54:57.549863,1,2,1,15,89
2025-12-13 00:55:01.007671,1,2,1,15,89
2025-12-13 00:55:03.819592,1,1,1,15,89
2025-12-13 00:55:07.681680,1,2,1,15,90
2025-12-13 00:55:10.587431,1,2,2,15,90
2025-12-13 00:55:13.946699,1,1,1,15,90
2025-12-13 00:55:17.705989,1,2,1,15,90
2025-12-13 00:55:21.119279,1,2,6,17,90
2025-12-13 00:55:24.024968,1,2,4,17,90
2025-12-13 00:55:26.885804,1,1,1,17,90
2025-12-13 00:55:29.700068,1,2,1,16,90
2025-12-13 00:55:33.554683,1,1,3,16,90
2025-12-13 00:55:36.865575,1,1,10,16,90
2025-12-13 00:55:40.735965,1,2,2,16,87
2025-12-13 00:55:44.033272,1,2,10,16,83
2025-12-13 00:55:46.890533,1,1,1,16,77
2025-12-13 00:55:49.752291,1,1,1,16,77
2025-12-13 00:55:52.611326,1,1,1,16,73
2025-12-13 00:55:55.972954,1,2,1,16,70
2025-12-13 00:55:59.884311,1,2,1,16,65
2025-12-13 00:56:02.743426,1,1,7,16,65
2025-12-13 00:56:06.604183,1,1,2,15,65
2025-12-13 00:56:09.514395,1,1,2,15,65
2025-12-13 00:56:12.323480,1,1,2,15,65
2025-12-13 00:56:16.134391,1,2,1,15,65
2025-12-13 00:56:19.541403,1,2,1,14,65
2025-12-13 00:56:22.904447,1,1,6,14,64
2025-12-13 00:56:25.764728,1,1,1,14,64
2025-12-13 00:56:28.634572,1,1,1,14,62
2025-12-13 00:56:32.005372,1,1,7,14,62
2025-12-13 00:56:35.793835,1,1,5,14,62
2025-12-13 00:56:38.599933,1,1,1,14,62
2025-12-13 00:56:41.511674,1,2,1,14,62
2025-12-13 00:56:44.321455,1,1,2,14,62
2025-12-13 00:56:47.181268,1,1,1,14,62
2025-12-13 00:56:51.041583,1,1,1,14,62
2025-12-13 00:56:54.351257,1,2,1,14,62
2025-12-13 00:56:57.214801,1,2,5,14,62
2025-12-13 00:57:00.073379,1,1,1,14,62
2025-12-13 00:57:02.929508,1,1,1,14,62
2025-12-13 00:57:05.791108,1,2,2,14,62
2025-12-13 00:57:09.599276,1,2,6,14,62
2025-12-13 00:57:12.908018,1,1,1,14,62
2025-12-13 00:57:15.799296,1,1,1,14,62
2025-12-13 00:57:18.629067,1,1,1,14,62
2025-12-13 00:57:21.642487,1,2,5,14,62
2025-12-13 00:57:24.349845,1,1,6,14,62
2025-12-13 00:57:28.661600,1,1,1,14,62
2025-12-13 00:57:32.017221,1,1,1,14,62
2025-12-13 00:57:35.526875,1,1,3,14,62
2025-12-13 00:57:38.343491,1,1,1,14,62
2025-12-13 00:57:41.203480,1,2,4,14,62
2025-12-13 00:57:45.065062,1,2,5,14,62
2025-12-13 00:57:48.365852,1,1,1,14,62
2025-12-13 00:57:52.182563,1,1,1,14,62
2025-12-13 00:57:55.085071,1,2,2,14,62
2025-12-13 00:57:57.897140,1,2,9,14,62
2025-12-13 00:58:01.807382,1,1,7,14,62
2025-12-13 00:58:04.666290,1,1,2,14,62
2025-12-13 00:58:08.027121,1,1,1,14,62
2025-12-13 00:58:12.896903,1,2,1,14,62
2025-12-13 00:58:16.351132,1,1,1,14,62
2025-12-13 00:58:19.256259,1,2,5,14,62
2025-12-13 00:58:22.116189,1,1,2,14,62
2025-12-13 00:58:24.924678,1,1,1,14,63
2025-12-13 00:58:28.735500,1,2,1,14,66
2025-12-13 00:58:33.647246,1,2,1,14,72
2025-12-13 00:58:36.557510,1,1,1,14,72
2025-12-13 00:58:39.369173,1,2,1,14,69
2025-12-13 00:58:43.275648,1,2,5,14,66
2025-12-13 00:58:46.134564,1,1,1,14,63
2025-12-13 00:58:48.943737,1,2,2,14,62
2025-12-13 00:58:53.810907,1,2,6,14,62
2025-12-13 00:58:57.117870,1,2,8,14,62
2025-12-13 00:59:00.012131,1,2,4,14,62
2025-12-13 00:59:02.836893,1,1,1,14,62
2025-12-13 00:59:06.698597,1,2,1,14,62
2025-12-13 00:59:09.603718,1,2,4,14,62
2025-12-13 00:59:14.066913,1,1,5,14,62
2025-12-13 00:59:16.973915,1,2,5,14,62
2025-12-13 00:59:19.782925,1,1,1,14,62
2025-12-13 00:59:22.694132,1,2,1,14,62
2025-12-13 00:59:26.056414,1,2,1,14,62
2025-12-13 00:59:29.816386,1,1,5,14,65
2025-12-13 00:59:33.232913,1,1,1,14,65
2025-12-13 00:59:36.134719,1,1,1,14,65
2025-12-13 00:59:39.000810,1,2,8,14,62
2025-12-13 00:59:41.805712,1,1,1,14,62
2025-12-13 00:59:45.671764,1,1,1,14,62
2025-12-13 00:59:48.978647,1,2,1,14,62
2025-12-13 00:59:52.434164,1,2,2,14,62
2025-12-13 00:59:55.270179,1,2,2,14,62
2025-12-13 00:59:58.153872,1,1,1,14,62
2025-12-13 01:00:00.964237,1,2,2,14,62
2025-12-13 01:00:05.275480,1,2,8,14,62
2025-12-13 01:00:09.148413,1,1,1,14,62
2025-12-13 01:00:12.441827,1,1,2,14,62
2025-12-13 01:00:15.252461,1,1,1,14,62
2025-12-13 01:00:18.162482,1,2,7,14,62
2025-12-13 01:00:21.026008,1,2,1,14,62
2025-12-13 01:00:23.880416,1,2,1,14,62
2025-12-13 01:00:27.693541,1,2,1,14,62
2025-12-13 01:00:30.999512,1,1,4,14,62
2025-12-13 01:00:33.808265,1,1,1,14,62
2025-12-13 01:00:36.730448,1,2,1,14,62
2025-12-13 01:00:41.118719,1,1,1,14,62
2025-12-13 01:00:42.448031,1,1,1,14,62
2025-12-13 01:00:46.750897,1,1,1,14,62
2025-12-13 01:00:51.811670,1,1,2,14,62
2025-12-13 01:00:54.721085,1,1,1,14,62
2025-12-13 01:00:57.636087,1,1,1,14,62
2025-12-13 01:01:00.443644,1,2,6,14,62
2025-12-13 01:01:04.753574,1,1,1,14,62
2025-12-13 01:01:08.117089,1,1,4,14,62
2025-12-13 01:01:11.624280,1,1,2,14,62
2025-12-13 01:01:14.881318,1,1,1,14,62
2025-12-13 01:01:18.742998,1,2,1,14,64
2025-12-13 01:01:21.653458,1,1,1,14,67
2025-12-13 01:01:24.463608,1,1,1,14,70
2025-12-13 01:01:28.281286,1,2,1,14,73
2025-12-13 01:01:31.197903,1,2,7,14,76
2025-12-13 01:01:33.999409,1,2,2,14,79
2025-12-13 01:01:37.907678,1,1,1,14,82
2025-12-13 01:01:40.759241,1,2,1,14,85
2025-12-13 01:01:44.156142,1,1,3,14,86
2025-12-13 01:01:47.877231,1,1,3,14,86
2025-12-13 01:01:50.739101,1,1,1,14,82
2025-12-13 01:01:53.648797,1,2,2,14,77
2025-12-13 01:01:56.471321,1,1,6,14,74
2025-12-13 01:01:59.318524,1,1,1,14,71
2025-12-13 01:02:03.179091,1,2,6,14,69
2025-12-13 01:02:06.496076,1,2,1,14,69
2025-12-13 01:02:09.356978,1,1,1,13,69
2025-12-13 01:02:12.207185,1,2,2,13,69
2025-12-13 01:02:15.481231,1,1,2,13,69
2025-12-13 01:02:19.328261,1,1,1,12,68
2025-12-13 01:02:22.236479,1,1,1,12,67
2025-12-13 01:02:25.044523,1,2,1,12,67
2025-12-13 01:02:27.904201,1,1,1,12,67
2025-12-13 01:02:30.764302,1,1,1,12,67
2025-12-13 01:02:33.685605,1,1,3,12,67
2025-12-13 01:02:36.489103,1,1,1,12,67
2025-12-13 01:02:40.292114,1,2,1,12,67
2025-12-13 01:02:44.152641,1,2,1,12,67
2025-12-13 01:02:47.662793,1,2,2,12,67
2025-12-13 01:02:50.471218,1,1,1,12,67
2025-12-13 01:02:53.332120,1,2,1,12,67
2025-12-13 01:02:57.191064,1,2,6,12,67
2025-12-13 01:03:00.503071,1,1,2,12,67
2025-12-13 01:03:04.311409,1,1,1,12,67
2025-12-13 01:03:07.222542,1,1,1,12,67
2025-12-13 01:03:10.033280,1,2,3,12,67
2025-12-13 01:03:13.893457,1,1,4,12,67
2025-12-13 01:03:16.801720,1,1,1,12,67
2025-12-13 01:03:20.160583,1,2,1,12,67
2025-12-13 01:03:23.921271,1,2,1,12,66
2025-12-13 01:03:27.732189,1,1,4,12,66
2025-12-13 01:03:31.041424,1,1,5,13,66
2025-12-13 01:03:34.853614,1,1,4,13,66
2025-12-13 01:03:38.712332,1,1,3,13,66
2025-12-13 01:03:41.528257,1,1,1,13,66
2025-12-13 01:03:44.934526,1,2,3,13,66
2025-12-13 01:03:48.243496,1,1,1,13,66
2025-12-13 01:03:51.101455,1,1,1,13,66
2025-12-13 01:03:53.913063,1,2,1,13,66
2025-12-13 01:03:57.773396,1,1,4,13,66
2025-12-13 01:04:01.105781,1,1,5,13,66
2025-12-13 01:04:06.047242,1,1,2,13,66
2025-12-13 01:04:09.953136,1,2,7,13,66
2025-12-13 01:04:12.873026,1,1,1,13,66
2025-12-13 01:04:15.721662,1,2,1,13,66
2025-12-13 01:04:18.530291,1,1,5,13,66
2025-12-13 01:04:22.838984,1,1,1,13,66
2025-12-13 01:04:25.749120,1,1,1,13,66
2025-12-13 01:04:29.109758,1,2,2,13,66
2025-12-13 01:04:31.975255,1,1,1,13,66
2025-12-13 01:04:34.857573,1,2,1,13,66
2025-12-13 01:04:38.188628,1,1,6,13,66
2025-12-13 01:04:41.959746,1,1,6,13,66
2025-12-13 01:04:45.811311,1,1,1,13,66
2025-12-13 01:04:48.723796,1,1,1,12,66
2025-12-13 01:04:51.531663,1,1,1,12,66
2025-12-13 01:04:55.396362,1,2,7,12,66
2025-12-13 01:04:58.324696,1,2,5,12,66
2025-12-13 01:05:01.123840,1,1,1,12,66
2025-12-13 01:05:05.526606,1,1,1,12,66
2025-12-13 01:05:08.377371,1,1,1,13,66
2025-12-13 01:05:12.304801,1,2,6,13,66
2025-12-13 01:05:15.567632,1,1,2,13,66
2025-12-13 01:05:19.457518,1,1,2,13,64
2025-12-13 01:05:22.322247,1,1,1,13,64
2025-12-13 01:05:27.287425,1,2,1,13,64
2025-12-13 01:05:30.144881,1,2,7,13,64
2025-12-13 01:05:32.997544,1,1,1,13,64
2025-12-13 01:05:36.859113,1,2,1,13,64
2025-12-13 01:05:39.772192,1,2,1,13,64
2025-12-13 01:05:42.581061,1,1,1,13,64
2025-12-13 01:05:45.946201,1,1,1,12,64
2025-12-13 01:05:48.849386,1,2,1,12,64
2025-12-13 01:05:51.757195,1,2,8,12,64
2025-12-13 01:05:54.572454,1,1,1,12,64
2025-12-13 01:05:58.377328,1,2,1,12,64
2025-12-13 01:06:02.235727,1,2,1,12,64
2025-12-13 01:06:06.162896,1,2,6,12,64
2025-12-13 01:06:09.010657,1,1,2,12,64
2025-12-13 01:06:12.867496,1,2,1,13,64
2025-12-13 01:06:15.776939,1,2,1,13,64
2025-12-13 01:06:18.585371,1,1,7,13,64
2025-12-13 01:06:22.393670,1,1,1,13,64
2025-12-13 01:06:25.804869,1,1,1,12,64
2025-12-13 01:06:29.163308,1,2,2,12,64
2025-12-13 01:06:31.973944,1,1,4,12,64
2025-12-13 01:06:34.887879,1,1,1,12,64
2025-12-13 01:06:38.254291,1,2,1,12,64
2025-12-13 01:06:42.015974,1,2,3,12,64
2025-12-13 01:06:44.865071,1,1,6,12,64
2025-12-13 01:06:47.773406,1,1,1,12,64
2025-12-13 01:06:50.585290,1,2,7,12,64
2025-12-13 01:06:53.447045,1,1,1,12,64
2025-12-13 01:06:57.304590,1,1,1,13,64
2025-12-13 01:07:00.611830,1,1,2,13,64
2025-12-13 01:07:03.972689,1,2,1,13,64
2025-12-13 01:07:06.882756,1,1,1,13,64
2025-12-13 01:07:09.791747,1,1,1,13,65
2025-12-13 01:07:12.602521,1,1,4,13,65
2025-12-13 01:07:16.409223,1,1,1,12,65
2025-12-13 01:07:20.273561,1,1,1,12,65
2025-12-13 01:07:23.637804,1,1,1,12,65
2025-12-13 01:07:26.438630,1,2,6,12,65
2025-12-13 01:07:30.347460,1,1,2,12,65
2025-12-13 01:07:33.208193,1,1,1,12,65
2025-12-13 01:07:36.019275,1,2,1,12,65
2025-12-13 01:07:39.879746,1,1,9,12,65
2025-12-13 01:07:43.187463,1,1,7,12,65
2025-12-13 01:07:46.049306,1,1,1,13,65
2025-12-13 01:07:48.909922,1,2,1,13,65
2025-12-13 01:07:51.821278,1,1,7,13,65
2025-12-13 01:07:54.629344,1,1,1,13,65
2025-12-13 01:07:58.438390,1,2,1,13,65
2025-12-13 01:08:01.367169,1,1,6,13,65
2025-12-13 01:08:04.157650,1,2,1,13,65
2025-12-13 01:08:08.967415,1,1,5,13,65
2025-12-13 01:08:12.829072,1,1,1,13,65
2025-12-13 01:08:15.641956,1,2,1,13,66
2025-12-13 01:08:19.546615,1,1,1,13,69
2025-12-13 01:08:22.906365,1,2,2,13,69
2025-12-13 01:08:26.268678,1,1,1,13,66
2025-12-13 01:08:30.026266,1,1,1,13,66
2025-12-13 01:08:33.884661,1,2,1,13,66
2025-12-13 01:08:37.205055,1,2,2,13,66
2025-12-13 01:08:41.013112,1,1,5,13,66
2025-12-13 01:08:46.015738,1,1,4,13,66
2025-12-13 01:08:48.926229,1,1,1,13,66
2025-12-13 01:08:51.836958,1,2,1,12,66
2025-12-13 01:08:54.649043,1,2,4,12,66
2025-12-13 01:08:58.966978,1,1,1,12,66
2025-12-13 01:09:02.319035,1,1,1,12,66
2025-12-13 01:09:06.229080,1,1,1,12,66
2025-12-13 01:09:09.087178,1,2,2,12,66
2025-12-13 01:09:12.947333,1,1,7,12,66
2025-12-13 01:09:15.857709,1,1,1,12,66
2025-12-13 01:09:18.666739,1,1,1,12,66
2025-12-13 01:09:22.476110,1,2,4,12,66
2025-12-13 01:09:25.385538,1,2,5,12,66
2025-12-13 01:09:28.196345,1,1,1,12,66
2025-12-13 01:09:33.531089,1,1,1,12,66
2025-12-13 01:09:36.422391,1,1,1,12,66
2025-12-13 01:09:39.276643,1,2,9,12,69
2025-12-13 01:09:43.188034,1,1,1,13,72
2025-12-13 01:09:46.648137,1,1,1,15,75
2025-12-13 01:09:49.511617,1,1,1,15,78
2025-12-13 01:09:52.418904,1,2,7,14,81
2025-12-13 01:09:55.228195,1,1,1,14,78
2025-12-13 01:09:59.541006,1,1,1,14,75
2025-12-13 01:10:02.449151,1,1,1,14,75
2025-12-13 01:10:06.309069,1,2,1,14,72
2025-12-13 01:10:09.119203,1,1,7,14,72
2025-12-13 01:10:12.985024,1,1,1,14,72
2025-12-13 01:10:15.890593,1,1,1,14,72
2025-12-13 01:10:18.698278,1,2,6,14,72
2025-12-13 01:10:22.059063,1,1,1,14,72
2025-12-13 01:10:24.969071,1,2,1,14,70
2025-12-13 01:10:27.879390,1,1,7,14,70
2025-12-13 01:10:30.690233,1,1,1,14,67
2025-12-13 01:10:35.006952,1,1,1,14,67
2025-12-13 01:10:38.358333,1,2,1,14,67
2025-12-13 01:10:41.872633,1,2,1,14,72
2025-12-13 01:10:44.678116,1,1,7,14,75
2025-12-13 01:10:47.544853,1,1,1,13,73
2025-12-13 01:10:51.397733,1,2,8,14,73
2025-12-13 01:10:54.709451,1,2,2,13,73
2025-12-13 01:10:58.515830,1,1,1,12,73
2025-12-13 01:11:01.426943,1,1,1,12,73
2025-12-13 01:11:04.236866,1,2,4,12,74
2025-12-13 01:11:08.098121,1,2,5,12,77
2025-12-13 01:11:11.005969,1,1,2,12,80
2025-12-13 01:11:14.367246,1,1,1,12,83
2025-12-13 01:11:18.124131,1,2,1,12,82
2025-12-13 01:11:20.984373,1,1,2,12,80
2025-12-13 01:11:23.899111,1,1,1,12,78
2025-12-13 01:11:26.703236,1,1,1,12,74
2025-12-13 01:11:29.569333,1,2,1,12,71
2025-12-13 01:11:33.433712,1,1,1,12,68
2025-12-13 01:11:36.736651,1,1,1,12,67
2025-12-13 01:11:39.541882,1,1,1,13,67
2025-12-13 01:11:42.453278,1,2,2,13,67
2025-12-13 01:11:45.312401,1,2,3,13,67
2025-12-13 01:11:48.120920,1,1,1,13,67
2025-12-13 01:11:51.981666,1,2,1,13,67
2025-12-13 01:11:55.289760,1,2,2,13,67
2025-12-13 01:11:59.148667,1,2,6,13,67
2025-12-13 01:12:02.011966,1,1,1,13,67
2025-12-13 01:12:05.920829,1,1,3,13,67
2025-12-13 01:12:08.729389,1,2,9,13,65
2025-12-13 01:12:11.588260,1,2,18,13,64
2025-12-13 01:12:15.447737,1,2,39,13,64
2025-12-13 01:12:18.356383,1,2,10,13,106
2025-12-13 01:12:21.117771,1,2,5,23,109
2025-12-13 01:12:25.027604,1,2,1,24,112
2025-12-13 01:12:27.939165,1,2,3,24,115
2025-12-13 01:12:30.746219,1,1,1,24,118
2025-12-13 01:12:34.554713,1,1,1,23,121
2025-12-13 01:12:37.467544,1,1,1,20,118
2025-12-13 01:12:40.277153,1,1,1,17,112
2025-12-13 01:12:45.592859,1,1,1,16,100
2025-12-13 01:12:48.498727,1,2,5,15,94
2025-12-13 01:12:51.357820,1,2,4,15,88
2025-12-13 01:12:54.166452,1,2,1,16,82
2025-12-13 01:12:57.050932,1,1,4,17,76
2025-12-13 01:12:59.937929,1,1,1,18,71
2025-12-13 01:13:02.747993,1,2,1,19,68
2025-12-13 01:13:05.660572,1,1,1,19,65
2025-12-13 01:13:09.468807,1,1,1,19,65
2025-12-13 01:13:12.777288,1,1,1,19,65
2025-12-13 01:13:15.587069,1,2,4,19,64
2025-12-13 01:13:18.493648,1,2,2,18,66
2025-12-13 01:13:21.422442,1,1,1,16,67
2025-12-13 01:13:24.220221,1,2,6,16,67
2025-12-13 01:13:28.021673,1,1,1,16,67
2025-12-13 01:13:31.333066,1,1,1,15,67
2025-12-13 01:13:34.790044,1,2,1,14,67
2025-12-13 01:13:37.602997,1,2,2,13,67
2025-12-13 01:13:40.511431,1,1,1,13,68
2025-12-13 01:13:43.320136,1,1,1,13,68
2025-12-13 01:13:47.681779,1,1,1,13,68
2025-12-13 01:13:51.490306,1,1,2,13,68
2025-12-13 01:13:54.352116,1,2,1,13,68
2025-12-13 01:13:57.161977,1,1,2,13,66
2025-12-13 01:14:01.076012,1,1,2,14,66
2025-12-13 01:14:03.982538,1,2,1,14,66
2025-12-13 01:14:06.791476,1,2,3,14,66
2025-12-13 01:14:11.103258,1,1,1,14,66
2025-12-13 01:14:14.511441,1,2,3,14,66
2025-12-13 01:14:17.372817,1,1,1,14,66
2025-12-13 01:14:20.179751,1,1,1,14,66
2025-12-13 01:14:23.094439,1,1,2,14,66
2025-12-13 01:14:26.452030,1,1,1,14,66
2025-12-13 01:14:30.210326,1,1,1,14,66
2025-12-13 01:14:33.075552,1,2,1,14,66
2025-12-13 01:14:35.980029,1,1,4,14,66
2025-12-13 01:14:38.789358,1,1,1,14,66
2025-12-13 01:14:41.650383,1,2,6,14,66
2025-12-13 01:14:45.509040,1,2,3,14,66
2025-12-13 01:14:48.819981,1,1,1,14,66
2025-12-13 01:14:51.630211,1,1,1,14,66
2025-12-13 01:14:54.546434,1,2,3,14,66
2025-12-13 01:14:57.398800,1,2,2,14,66
2025-12-13 01:15:00.216978,1,1,4,14,66
2025-12-13 01:15:04.068604,1,1,1,14,66
2025-12-13 01:15:07.377783,1,1,1,14,66
2025-12-13 01:15:10.186678,1,1,1,14,66
2025-12-13 01:15:13.100708,1,2,5,14,66
2025-12-13 01:15:16.356307,1,1,1,14,67
2025-12-13 01:15:20.263919,1,1,1,16,70
2025-12-13 01:15:23.127827,1,1,1,18,73
2025-12-13 01:15:26.484767,1,2,1,17,76
2025-12-13 01:15:31.145869,1,2,6,16,76
2025-12-13 01:15:34.555181,1,2,4,15,79
2025-12-13 01:15:37.393146,1,1,1,16,82
2025-12-13 01:15:41.174232,1,1,1,16,84
2025-12-13 01:15:45.034996,1,2,1,17,84
2025-12-13 01:15:47.847059,1,2,4,17,85
2025-12-13 01:15:50.654359,1,1,1,16,85
2025-12-13 01:15:54.566119,1,1,1,15,85
2025-12-13 01:15:57.425832,1,1,1,15,85
2025-12-13 01:16:00.842614,1,2,1,14,85
2025-12-13 01:16:05.145042,1,1,1,14,85
2025-12-13 01:16:08.054126,1,2,3,14,85
2025-12-13 01:16:11.415522,1,1,4,14,85
2025-12-13 01:16:14.225968,1,1,1,14,85
2025-12-13 01:16:18.035629,1,2,1,14,85
2025-12-13 01:16:20.844906,1,2,4,14,85
2025-12-13 01:16:23.757835,1,1,1,14,85
2025-12-13 01:16:28.177742,1,1,1,14,85
2025-12-13 01:16:31.576765,1,1,1,14,85
2025-12-13 01:16:34.385950,1,2,4,14,85
2025-12-13 01:16:38.245665,1,2,1,14,85
2025-12-13 01:16:41.159496,1,1,2,14,85
2025-12-13 01:16:44.517146,1,1,1,14,83
2025-12-13 01:16:47.876335,1,1,1,14,74
2025-12-13 01:16:50.685914,1,2,3,14,71
2025-12-13 01:16:54.595322,1,1,1,14,70
2025-12-13 01:16:57.453752,1,1,1,14,70
2025-12-13 01:17:00.314487,1,2,2,14,70
2025-12-13 01:17:04.129418,1,1,3,15,71
2025-12-13 01:17:07.083598,1,1,1,19,74
2025-12-13 01:17:10.393101,1,1,1,18,77
2025-12-13 01:17:14.251557,1,2,1,17,80
2025-12-13 01:17:18.608893,1,2,5,16,75
2025-12-13 01:17:21.467794,1,2,5,15,72
2025-12-13 01:17:24.330194,1,1,1,15,69
2025-12-13 01:17:28.138005,1,2,1,16,69
2025-12-13 01:17:31.056688,1,1,1,19,72
2025-12-13 01:17:33.857457,1,1,5,19,75
2025-12-13 01:17:37.768296,1,1,1,21,78
2025-12-13 01:17:40.627728,1,1,1,21,81
2025-12-13 01:17:43.446001,1,2,4,22,84
2025-12-13 01:17:47.247685,1,1,2,22,85
2025-12-13 01:17:50.177464,1,1,1,23,85
2025-12-13 01:17:54.068685,1,1,1,23,85
2025-12-13 01:17:56.877150,1,2,1,21,85
2025-12-13 01:17:59.788226,1,2,3,19,83
2025-12-13 01:18:03.598655,1,1,1,18,80
2025-12-13 01:18:06.907631,1,1,1,17,83
2025-12-13 01:18:09.716869,1,2,6,16,83
2025-12-13 01:18:12.625527,1,2,2,15,83
2025-12-13 01:18:15.492191,1,1,1,15,79
2025-12-13 01:18:18.293848,1,2,1,14,76
2025-12-13 01:18:22.190252,1,1,5,14,73
2025-12-13 01:18:25.464281,1,1,4,14,70
2025-12-13 01:18:28.322732,1,1,1,14,70
2025-12-13 01:18:31.184223,1,2,1,14,70
2025-12-13 01:18:34.093711,1,2,7,14,70
2025-12-13 01:18:36.902716,1,1,1,14,70
2025-12-13 01:18:40.711577,1,2,1,14,70
2025-12-13 01:18:44.586734,1,1,1,15,70
2025-12-13 01:18:48.081552,1,1,1,15,70
2025-12-13 01:18:50.891542,1,2,3,14,68
2025-12-13 01:18:54.303614,1,1,1,14,65
2025-12-13 01:18:57.668037,1,1,1,14,63
2025-12-13 01:19:00.527177,1,2,2,14,63
2025-12-13 01:19:03.938666,1,2,4,14,63
2025-12-13 01:19:06.744966,1,1,1,14,63
2025-12-13 01:19:09.653239,1,1,1,14,63
2025-12-13 01:19:12.515933,1,2,6,14,63
2025-12-13 01:19:15.386047,1,1,1,14,63
2025-12-13 01:19:19.249526,1,1,1,14,63
2025-12-13 01:19:22.645283,1,1,1,14,63
2025-12-13 01:19:25.452065,1,2,6,14,63
2025-12-13 01:19:29.761974,1,2,3,14,63
2025-12-13 01:19:33.624424,1,2,4,14,63
2025-12-13 01:19:36.933535,1,1,1,14,63
2025-12-13 01:19:41.242017,1,1,1,14,63
2025-12-13 01:19:46.304933,1,1,1,14,67
2025-12-13 01:19:49.216594,1,1,1,14,67
2025-12-13 01:19:52.123549,1,2,2,14,67
2025-12-13 01:19:54.933628,1,1,4,14,67
2025-12-13 01:19:58.742392,1,1,1,14,67
2025-12-13 01:20:02.604449,1,1,1,14,67
2025-12-13 01:20:05.974329,1,1,1,14,71
2025-12-13 01:20:08.776565,1,2,5,14,74
2025-12-13 01:20:12.683091,1,2,6,14,77
2025-12-13 01:20:15.544328,1,1,1,14,79
2025-12-13 01:20:18.352165,1,2,1,14,79
2025-12-13 01:20:22.214741,1,2,2,14,79
2025-12-13 01:20:25.123133,1,2,8,14,79
2025-12-13 01:20:27.932979,1,1,1,14,79
2025-12-13 01:20:31.841283,1,1,1,14,79
2025-12-13 01:20:34.706134,1,2,5,16,79
2025-12-13 01:20:37.508985,1,2,4,17,79
2025-12-13 01:20:41.823718,1,1,1,16,79
2025-12-13 01:20:44.686355,1,1,1,15,79
2025-12-13 01:20:47.540647,1,2,5,16,79
2025-12-13 01:20:50.398832,1,1,1,17,79
2025-12-13 01:20:53.260162,1,1,1,16,79
2025-12-13 01:20:56.622594,1,2,3,16,79
2025-12-13 01:21:00.429766,1,1,1,15,73
2025-12-13 01:21:03.238950,1,1,3,15,70
2025-12-13 01:21:06.152520,1,1,1,16,71
2025-12-13 01:21:08.960734,1,2,1,17,74
2025-12-13 01:21:11.825013,1,1,1,19,77
2025-12-13 01:21:15.681925,1,1,1,17,79
2025-12-13 01:21:19.191239,1,1,1,15,82
2025-12-13 01:21:22.515679,1,2,6,15,85
2025-12-13 01:21:26.411658,1,1,1,15,85
2025-12-13 01:21:29.271271,1,1,1,14,85
2025-12-13 01:21:32.634066,1,2,1,14,85
2025-12-13 01:21:36.389878,1,2,4,14,85
2025-12-13 01:21:39.301224,1,1,4,14,85
2025-12-13 01:21:43.213612,1,1,2,17,85
2025-12-13 01:21:46.520131,1,1,1,18,85
2025-12-13 01:21:51.865701,1,1,1,19,85
2025-12-13 01:21:54.743492,1,1,1,20,85
2025-12-13 01:21:57.602154,1,2,1,21,85
2025-12-13 01:22:01.012468,1,1,1,22,85
2025-12-13 01:22:03.825342,1,1,1,22,86
2025-12-13 01:22:06.733672,1,2,2,23,89
2025-12-13 01:22:09.591845,1,1,1,23,92
2025-12-13 01:22:12.401248,1,1,1,23,95
2025-12-13 01:22:16.262313,1,2,2,24,98
2025-12-13 01:22:19.720569,1,2,5,20,99
2025-12-13 01:22:22.535217,1,2,1,18,97
2025-12-13 01:22:27.843317,1,1,1,17,85
2025-12-13 01:22:30.751766,1,1,1,16,79
2025-12-13 01:22:33.613586,1,2,6,16,76
2025-12-13 01:22:36.471931,1,1,1,17,77
2025-12-13 01:22:39.281903,1,1,1,19,80
2025-12-13 01:22:42.199394,1,2,5,20,83
2025-12-13 01:22:45.008935,1,1,1,20,86
2025-12-13 01:22:47.862037,1,2,2,21,88
2025-12-13 01:22:51.722207,1,2,5,22,88
2025-12-13 01:22:56.635858,1,2,5,23,90
2025-12-13 01:22:59.398331,1,1,2,23,90
2025-12-13 01:23:02.305219,1,1,2,23,93
2025-12-13 01:23:06.215396,1,1,1,24,92
2025-12-13 01:23:09.033925,1,2,1,24,91
2025-12-13 01:23:11.965846,1,2,5,24,89
2025-12-13 01:23:16.246610,1,1,1,21,86
2025-12-13 01:23:19.556606,1,1,1,18,83
2025-12-13 01:23:23.365288,1,1,1,17,79
2025-12-13 01:23:27.227723,1,1,1,16,73
2025-12-13 01:23:30.035670,1,2,1,16,70
2025-12-13 01:23:32.899172,1,1,1,15,70
2025-12-13 01:23:35.755995,1,1,1,15,70
2025-12-13 01:23:38.626664,1,2,3,15,70
2025-12-13 01:23:41.423713,1,1,1,15,70
2025-12-13 01:23:44.335126,1,2,1,14,70
2025-12-13 01:23:48.248043,1,1,2,14,70
2025-12-13 01:23:51.054755,1,1,4,15,73
2025-12-13 01:23:53.918430,1,1,1,16,76
2025-12-13 01:23:57.722153,1,2,2,17,79
2025-12-13 01:24:01.032899,1,2,4,19,82
2025-12-13 01:24:04.843137,1,1,1,20,85
2025-12-13 01:24:08.709335,1,1,1,21,88
2025-12-13 01:24:12.463887,1,1,1,22,94
2025-12-13 01:24:15.325434,1,1,1,22,97
2025-12-13 01:24:18.232631,1,1,4,23,97
2025-12-13 01:24:21.041837,1,1,1,23,97
2025-12-13 01:24:23.900546,1,2,2,23,97
2025-12-13 01:24:27.761519,1,1,1,24,96
2025-12-13 01:24:31.071202,1,1,1,24,93
2025-12-13 01:24:34.430587,1,1,2,24,92
2025-12-13 01:24:37.340951,1,2,5,25,92
2025-12-13 01:24:40.248611,1,1,1,25,92
2025-12-13 01:24:43.058867,1,2,1,25,92
2025-12-13 01:24:46.874983,1,1,4,24,92
2025-12-13 01:24:50.728017,1,1,3,20,92
2025-12-13 01:24:54.485600,1,1,2,18,92
2025-12-13 01:24:58.295876,1,1,1,17,92
2025-12-13 01:25:01.607064,1,1,1,19,92
2025-12-13 01:25:05.415200,1,1,1,20,92
2025-12-13 01:25:09.276760,1,1,1,21,92
2025-12-13 01:25:12.093143,1,2,4,21,92
2025-12-13 01:25:14.997490,1,1,1,20,90
2025-12-13 01:25:19.358602,1,2,1,17,87
2025-12-13 01:25:22.275256,1,2,1,16,84
2025-12-13 01:25:25.075787,1,1,2,16,81
2025-12-13 01:25:29.385224,1,1,2,15,81
2025-12-13 01:25:32.746163,1,1,1,14,81
2025-12-13 01:25:36.504393,1,1,1,14,81
2025-12-13 01:25:40.318485,1,2,1,14,81
2025-12-13 01:25:43.627168,1,2,1,14,81
2025-12-13 01:25:47.438267,1,2,1,14,81
2025-12-13 01:25:51.300520,1,1,1,14,81
2025-12-13 01:25:54.107341,1,1,5,14,81
2025-12-13 01:25:56.966959,1,1,1,14,81
2025-12-13 01:26:00.827062,1,1,4,14,81
2025-12-13 01:26:03.695252,1,2,5,14,81
2025-12-13 01:26:06.545488,1,1,1,14,81
2025-12-13 01:26:10.355528,1,2,1,14,81
2025-12-13 01:26:13.662841,1,2,1,14,81
2025-12-13 01:26:17.523682,1,2,4,14,75
2025-12-13 01:26:20.383401,1,1,1,14,71
2025-12-13 01:26:24.293904,1,1,3,14,65
2025-12-13 01:26:27.102014,1,1,1,14,64
2025-12-13 01:26:29.965556,1,2,4,14,64
2025-12-13 01:26:33.822524,1,1,1,14,67
2025-12-13 01:26:37.133849,1,1,1,14,70
2025-12-13 01:26:39.991155,1,1,1,14,73
2025-12-13 01:26:42.850526,1,2,5,14,76
2025-12-13 01:26:45.716910,1,1,1,14,79
2025-12-13 01:26:48.522974,1,2,1,14,81
2025-12-13 01:26:52.381588,1,1,1,14,77
2025-12-13 01:26:56.795807,1,1,3,14,73
2025-12-13 01:26:59.705553,1,2,4,14,69
2025-12-13 01:27:02.511016,1,1,1,14,69
2025-12-13 01:27:05.420596,1,2,4,14,69
2025-12-13 01:27:08.782190,1,1,4,14,69
2025-12-13 01:27:12.560648,1,1,1,16,71
2025-12-13 01:27:15.403719,1,2,1,17,74
2025-12-13 01:27:18.312262,1,2,5,18,77
2025-12-13 01:27:21.119999,1,1,1,19,80
2025-12-13 01:27:23.980591,1,2,1,20,83
2025-12-13 01:27:27.840180,1,2,5,21,86
2025-12-13 01:27:31.149689,1,2,4,22,89
2025-12-13 01:27:34.018502,1,1,1,22,92
2025-12-13 01:27:36.870086,1,2,2,23,93
2025-12-13 01:27:39.729439,1,2,5,23,93
2025-12-13 01:27:42.589910,1,1,1,23,93
2025-12-13 01:27:46.409255,1,2,1,24,93
2025-12-13 01:27:49.708403,1,2,3,24,93
2025-12-13 01:27:52.617310,1,1,1,22,93
2025-12-13 01:27:55.427734,1,2,1,20,93
2025-12-13 01:27:58.339310,1,2,2,19,89
2025-12-13 01:28:01.148719,1,1,4,19,83
2025-12-13 01:28:04.955324,1,1,1,19,78
2025-12-13 01:28:08.814174,1,1,1,18,81
2025-12-13 01:28:12.175738,1,1,1,17,81
2025-12-13 01:28:15.083704,1,2,4,16,78
2025-12-13 01:28:19.445973,1,1,5,15,75
2025-12-13 01:28:22.356073,1,1,1,15,74
2025-12-13 01:28:25.166881,1,1,1,15,74
2025-12-13 01:28:28.981027,1,2,3,14,74
2025-12-13 01:28:31.883659,1,2,5,14,74
2025-12-13 01:28:34.694108,1,1,1,14,76
2025-12-13 01:28:40.005110,1,1,1,14,76
2025-12-13 01:28:42.915549,1,1,1,14,76
2025-12-13 01:28:45.778619,1,2,5,14,76
2025-12-13 01:28:48.584393,1,1,1,14,76
2025-12-13 01:28:52.394707,1,2,1,14,76
2025-12-13 01:28:56.810147,1,2,1,14,76
2025-12-13 01:29:00.565766,1,1,1,14,76
2025-12-13 01:29:04.435552,1,2,4,14,76
2025-12-13 01:29:07.733678,1,1,4,14,76
2025-12-13 01:29:11.543908,1,1,5,14,76
2025-12-13 01:29:14.454967,1,1,1,14,78
2025-12-13 01:29:18.915120,1,2,2,15,84
2025-12-13 01:29:21.776156,1,2,6,17,86
2025-12-13 01:29:24.635097,1,1,3,18,86
2025-12-13 01:29:28.449128,1,1,1,19,86
2025-12-13 01:29:31.786467,1,2,1,21,86
2025-12-13 01:29:34.564841,1,1,5,21,86
2025-12-13 01:29:37.483407,1,1,1,22,86
2025-12-13 01:29:40.394754,1,1,1,22,86
2025-12-13 01:29:43.198246,1,1,5,22,86
2025-12-13 01:29:47.005058,1,1,1,19,86
2025-12-13 01:29:50.414207,1,1,1,17,86
2025-12-13 01:29:53.783614,1,2,4,17,86
2025-12-13 01:29:56.586443,1,1,5,17,86
2025-12-13 01:29:59.493461,1,1,1,17,85
2025-12-13 01:30:02.856014,1,2,2,16,85
2025-12-13 01:30:06.614490,1,2,4,15,78
2025-12-13 01:30:09.572922,1,1,3,14,75
2025-12-13 01:30:13.483057,1,1,4,16,72
2025-12-13 01:30:16.393891,1,1,1,18,75
2025-12-13 01:30:19.202749,1,2,5,18,78
2025-12-13 01:30:23.011567,1,1,1,18,81
2025-12-13 01:30:26.873476,1,1,1,17,83
2025-12-13 01:30:30.836249,1,2,1,18,82
2025-12-13 01:30:33.640829,1,2,5,18,83
2025-12-13 01:30:37.502403,1,1,5,20,83
2025-12-13 01:30:40.414281,1,1,1,20,83
2025-12-13 01:30:43.221673,1,1,3,20,83
2025-12-13 01:30:47.529081,1,1,4,16,81
2025-12-13 01:30:50.440506,1,1,6,15,75
2025-12-13 01:30:53.799699,1,1,1,14,69
2025-12-13 01:30:56.666467,1,2,1,13,69
2025-12-13 01:30:59.518687,1,1,5,13,66
2025-12-13 01:31:02.879476,1,1,1,12,63
2025-12-13 01:31:06.637003,1,2,1,12,63
2025-12-13 01:31:10.497756,1,2,5,12,63
2025-12-13 01:31:13.411670,1,1,3,13,63
2025-12-13 01:31:16.224027,1,1,1,13,63
2025-12-13 01:31:20.128433,1,1,1,16,66
2025-12-13 01:31:22.988514,1,2,1,18,69
2025-12-13 01:31:25.802672,1,1,1,19,72
2025-12-13 01:31:31.260677,1,2,1,20,78
2025-12-13 01:31:34.071421,1,1,1,21,81
2025-12-13 01:31:36.991888,1,2,4,21,84
2025-12-13 01:31:39.838617,1,1,1,20,84
2025-12-13 01:31:42.648439,1,2,1,17,80
2025-12-13 01:31:46.512323,1,2,1,16,75
2025-12-13 01:31:50.923542,1,1,5,14,72
2025-12-13 01:31:53.830311,1,1,1,13,66
2025-12-13 01:31:56.640915,1,2,1,13,66
2025-12-13 01:31:59.548483,1,1,4,12,66
2025-12-13 01:32:02.911116,1,1,1,12,66
2025-12-13 01:32:06.670131,1,1,1,12,66
2025-12-13 01:32:09.534680,1,2,3,12,66
2025-12-13 01:32:12.441293,1,1,5,12,66
2025-12-13 01:32:15.699760,1,1,1,12,66
2025-12-13 01:32:19.565647,1,1,1,12,66
2025-12-13 01:32:22.469660,1,2,4,12,66
2025-12-13 01:32:25.278024,1,1,1,12,66
2025-12-13 01:32:28.087544,1,2,4,12,66
2025-12-13 01:32:30.998687,1,1,2,12,66
2025-12-13 01:32:33.857886,1,1,1,12,66
2025-12-13 01:32:36.717208,1,2,2,12,66
2025-12-13 01:32:40.529407,1,1,4,12,66
2025-12-13 01:32:43.838066,1,1,4,12,66
2025-12-13 01:32:46.647123,1,1,1,14,66
2025-12-13 01:32:49.556480,1,2,3,15,67
2025-12-13 01:32:52.468305,1,1,5,17,70
2025-12-13 01:32:55.275460,1,1,1,17,73
2025-12-13 01:32:59.101386,1,2,2,19,76
2025-12-13 01:33:02.947230,1,2,5,20,79
2025-12-13 01:33:08.457457,1,2,4,21,85
2025-12-13 01:33:11.276431,1,2,2,22,88
2025-12-13 01:33:14.127048,1,1,1,21,91
2025-12-13 01:33:17.037084,1,1,1,19,94
2025-12-13 01:33:19.843745,1,2,5,17,91
2025-12-13 01:33:23.654878,1,1,4,16,85
2025-12-13 01:33:26.565991,1,1,1,15,79
2025-12-13 01:33:30.477448,1,2,1,15,73
2025-12-13 01:33:33.291421,1,2,1,15,70
2025-12-13 01:33:36.166143,1,1,1,14,67
2025-12-13 01:33:40.006463,1,1,1,14,67
2025-12-13 01:33:43.315040,1,1,1,14,65
2025-12-13 01:33:46.174136,1,2,4,14,63
2025-12-13 01:33:49.039170,1,1,1,14,63
2025-12-13 01:33:51.895214,1,1,1,14,63
2025-12-13 01:33:54.754672,1,2,4,15,63
2025-12-13 01:33:58.563761,1,1,4,16,66
2025-12-13 01:34:02.074324,1,1,2,17,69
2025-12-13 01:34:06.483758,1,1,1,16,71
2025-12-13 01:34:09.294304,1,1,1,15,69
2025-12-13 01:34:12.213015,1,2,3,15,69
2025-12-13 01:34:16.017838,1,1,1,15,69
2025-12-13 01:34:19.323061,1,1,1,14,67
2025-12-13 01:34:23.832506,1,2,1,14,64
2025-12-13 01:34:27.313661,1,1,1,14,64
2025-12-13 01:34:30.151967,1,1,3,14,64
2025-12-13 01:34:34.013142,1,2,4,14,64
2025-12-13 01:34:37.324471,1,2,3,14,64
2025-12-13 01:34:41.632450,1,1,1,14,64
2025-12-13 01:34:46.599597,1,1,3,14,64
2025-12-13 01:34:50.504643,1,1,1,14,64
2025-12-13 01:34:53.315394,1,1,1,14,64
2025-12-13 01:34:56.224151,1,2,4,14,64
2025-12-13 01:34:59.083661,1,2,3,14,64
2025-12-13 01:35:01.896996,1,1,1,14,64
2025-12-13 01:35:05.752428,1,1,1,14,64
2025-12-13 01:35:08.614014,1,1,1,14,64
2025-12-13 01:35:12.524051,1,1,3,14,64
2025-12-13 01:35:15.782031,1,1,1,14,64
2025-12-13 01:35:19.642728,1,2,1,14,64
2025-12-13 01:35:22.558925,1,2,1,14,64
2025-12-13 01:35:27.012680,1,1,9,14,64
2025-12-13 01:35:29.920654,1,2,26,14,64
2025-12-13 01:35:32.732038,1,2,21,16,64
2025-12-13 01:35:35.647334,1,2,5,17,64
2025-12-13 01:35:39.002876,1,2,2,18,64
2025-12-13 01:35:42.761873,1,2,9,19,64
2025-12-13 01:35:45.675210,1,2,7,19,64
2025-12-13 01:35:49.080242,1,2,1,17,64
2025-12-13 01:35:51.940442,1,2,3,18,64
2025-12-13 01:35:54.799585,1,2,1,19,64
2025-12-13 01:35:58.611064,1,2,1,19,64
2025-12-13 01:36:01.936784,1,2,3,18,64
2025-12-13 01:36:05.378912,1,2,25,19,67
2025-12-13 01:36:08.240585,1,1,2,20,69
2025-12-13 01:36:11.099123,1,1,2,20,69
2025-12-13 01:36:13.927098,1,2,2,21,69
2025-12-13 01:36:17.718789,1,2,1,21,69
2025-12-13 01:36:22.078955,1,2,5,21,69
2025-12-13 01:36:25.539928,1,1,2,21,70
2025-12-13 01:36:28.348755,1,1,1,21,70
2025-12-13 01:36:32.209180,1,2,9,20,70
2025-12-13 01:36:35.120392,1,2,9,19,70
2025-12-13 01:36:37.926337,1,2,9,18,70
2025-12-13 01:36:41.739863,1,2,8,18,70
2025-12-13 01:36:44.648862,1,1,1,17,67
2025-12-13 01:36:49.111623,1,2,8,17,67
2025-12-13 01:36:51.968520,1,2,3,17,67
2025-12-13 01:36:54.777369,1,2,10,17,67
2025-12-13 01:36:58.636695,1,2,1,17,67
2025-12-13 01:37:01.947697,1,2,4,16,67
2025-12-13 01:37:05.812589,1,1,1,15,68
2025-12-13 01:37:08.669533,1,2,1,15,68
2025-12-13 01:37:12.573783,1,1,1,15,68
2025-12-13 01:37:15.836957,1,1,1,15,68
2025-12-13 01:37:19.691484,1,2,1,15,67
2025-12-13 01:37:22.602692,1,1,1,15,66
2025-12-13 01:37:26.623456,1,1,1,15,66
2025-12-13 01:37:29.977110,1,2,1,15,66
2025-12-13 01:37:32.834838,1,1,1,15,66
2025-12-13 01:37:35.695050,1,2,2,15,68
2025-12-13 01:37:39.057174,1,2,1,15,71
2025-12-13 01:37:42.815568,1,2,2,14,72
2025-12-13 01:37:45.675227,1,1,3,14,74
2025-12-13 01:37:48.586122,1,1,1,14,74
2025-12-13 01:37:51.396307,1,1,1,14,77
2025-12-13 01:37:54.256061,1,1,1,14,80
2025-12-13 01:37:58.115437,1,2,3,14,83
2025-12-13 01:38:01.426095,1,1,1,13,84
2025-12-13 01:38:04.233700,1,1,1,13,84
2025-12-13 01:38:07.143751,1,2,1,12,83
2025-12-13 01:38:10.151184,1,1,1,12,77
2025-12-13 01:38:12.867494,1,1,3,12,73
2025-12-13 01:38:16.675608,1,1,1,12,70
2025-12-13 01:38:19.995540,1,1,1,11,67
2025-12-13 01:38:22.843946,1,2,1,11,65
2025-12-13 01:38:25.701560,1,2,2,12,65
2025-12-13 01:38:28.611697,1,1,1,12,65
2025-12-13 01:38:31.427796,1,2,2,12,65
2025-12-13 01:38:35.233216,1,2,3,13,65
2025-12-13 01:38:39.089931,1,1,1,13,65
2025-12-13 01:38:42.599392,1,1,1,13,65
2025-12-13 01:38:45.411313,1,2,2,12,65
2025-12-13 01:38:48.357430,1,1,1,12,65
2025-12-13 01:38:52.132243,1,1,1,12,65
2025-12-13 01:38:55.447086,1,1,1,12,65
2025-12-13 01:38:59.750491,1,1,1,12,65
2025-12-13 01:39:04.112843,1,1,1,12,65
2025-12-13 01:39:07.425738,1,1,1,12,65
2025-12-13 01:39:11.730941,1,1,1,11,65
2025-12-13 01:39:15.091518,1,2,1,11,65
2025-12-13 01:39:18.849031,1,2,2,11,65
2025-12-13 01:39:22.717505,1,1,1,11,65
2025-12-13 01:39:25.621874,1,1,1,11,65
2025-12-13 01:39:28.429271,1,1,1,11,65
2025-12-13 01:39:32.288914,1,2,1,11,65
2025-12-13 01:39:35.200313,1,1,1,11,68
2025-12-13 01:39:38.015604,1,1,1,11,71
2025-12-13 01:39:41.817623,1,2,1,11,74
2025-12-13 01:39:44.753494,1,1,1,11,77
2025-12-13 01:39:48.639971,1,1,1,11,83
2025-12-13 01:39:51.467479,1,2,1,11,82
2025-12-13 01:39:54.359322,1,1,1,11,79
2025-12-13 01:39:58.169686,1,1,1,11,79
2025-12-13 01:40:01.477812,1,1,1,12,79
2025-12-13 01:40:04.287798,1,2,2,12,81
2025-12-13 01:40:07.197038,1,1,1,13,83
2025-12-13 01:40:10.054470,1,1,1,15,83
2025-12-13 01:40:12.915237,1,1,4,15,83
2025-12-13 01:40:16.725847,1,1,1,17,82
2025-12-13 01:40:20.045074,1,1,1,19,80
2025-12-13 01:40:22.844207,1,2,1,20,80
2025-12-13 01:40:25.753527,1,1,1,19,80
2025-12-13 01:40:28.664108,1,1,1,20,80
2025-12-13 01:40:31.474732,1,2,2,20,80
2025-12-13 01:40:35.281402,1,1,1,22,80
2025-12-13 01:40:39.141626,1,1,1,22,81
2025-12-13 01:40:43.803131,1,1,1,19,81
2025-12-13 01:40:47.211127,1,1,1,16,80
2025-12-13 01:40:50.034830,1,2,3,16,77
2025-12-13 01:40:54.338444,1,1,4,16,77
2025-12-13 01:40:58.189191,1,1,1,17,77
2025-12-13 01:41:01.503151,1,1,1,16,77
2025-12-13 01:41:04.861216,1,2,1,15,77
2025-12-13 01:41:07.771539,1,2,2,14,77
2025-12-13 01:41:10.690220,1,1,1,13,77
2025-12-13 01:41:13.489969,1,2,1,13,77
2025-12-13 01:41:17.299143,1,2,1,15,77
2025-12-13 01:41:21.159310,1,1,1,17,80
2025-12-13 01:41:25.119899,1,1,3,18,83
2025-12-13 01:41:27.929446,1,1,1,19,83
2025-12-13 01:41:31.790343,1,2,1,21,83
2025-12-13 01:41:34.704067,1,2,1,21,83
2025-12-13 01:41:37.509013,1,1,4,21,83
2025-12-13 01:41:41.319645,1,1,1,22,83
2025-12-13 01:41:44.238005,1,1,1,23,86
2025-12-13 01:41:47.039887,1,2,2,23,86
2025-12-13 01:41:50.948513,1,1,1,24,86
2025-12-13 01:41:53.811121,1,1,1,23,86
2025-12-13 01:41:57.170589,1,1,3,20,86
2025-12-13 01:42:00.930622,1,1,3,21,86
2025-12-13 01:42:03.797602,1,1,1,22,87
2025-12-13 01:42:06.699601,1,2,1,22,90
2025-12-13 01:42:09.509243,1,1,2,23,93
2025-12-13 01:42:12.369962,1,1,1,24,96
2025-12-13 01:42:16.231753,1,2,3,24,92
2025-12-13 01:42:21.206731,1,2,2,24,88
2025-12-13 01:42:24.106073,1,2,4,24,82
2025-12-13 01:42:26.958723,1,1,1,24,82
2025-12-13 01:42:29.900705,1,1,1,24,80
2025-12-13 01:42:33.184603,1,1,2,22,82
2025-12-13 01:42:36.954542,1,1,1,19,85
2025-12-13 01:42:39.851102,1,1,1,17,85
2025-12-13 01:42:43.760363,1,2,1,14,85
2025-12-13 01:42:47.069387,1,1,1,14,85
2025-12-13 01:42:50.931164,1,1,2,15,85
2025-12-13 01:42:53.839749,1,1,1,14,85
2025-12-13 01:42:57.197948,1,1,1,13,85
2025-12-13 01:43:00.908521,1,2,4,13,85
2025-12-13 01:43:04.767942,1,1,1,14,85
2025-12-13 01:43:08.076592,1,1,1,17,85
2025-12-13 01:43:12.440214,1,1,1,18,85
2025-12-13 01:43:16.252726,1,2,1,16,85
2025-12-13 01:43:19.556256,1,2,1,15,85
2025-12-13 01:43:23.365046,1,1,1,18,85
2025-12-13 01:43:26.276129,1,2,2,19,85
2025-12-13 01:43:29.089043,1,1,1,20,85
2025-12-13 01:43:34.445113,1,1,1,21,85
2025-12-13 01:43:37.308336,1,2,1,21,85
2025-12-13 01:43:40.175779,1,2,2,22,85
2025-12-13 01:43:44.078571,1,1,1,22,85
2025-12-13 01:43:47.537007,1,1,1,23,85
2025-12-13 01:43:50.395331,1,2,5,24,85
2025-12-13 01:43:53.358411,1,1,1,24,85
2025-12-13 01:43:56.112913,1,1,1,24,85
2025-12-13 01:43:59.924215,1,1,1,21,85
2025-12-13 01:44:04.283856,1,1,1,18,86
2025-12-13 01:44:07.158719,1,1,1,16,89
2025-12-13 01:44:09.956555,1,1,1,15,90
2025-12-13 01:44:13.863708,1,1,1,13,90
2025-12-13 01:44:16.774611,1,2,2,13,90
2025-12-13 01:44:19.582458,1,1,2,13,90
2025-12-13 01:44:23.899263,1,1,1,12,90
2025-12-13 01:44:28.251583,1,1,1,12,86
2025-12-13 01:44:31.562865,1,1,1,12,81
2025-12-13 01:44:35.874211,1,2,1,13,78
2025-12-13 01:44:39.230419,1,1,1,13,75
2025-12-13 01:44:42.997726,1,2,1,13,72
2025-12-13 01:44:46.850844,1,2,1,13,72
2025-12-13 01:44:49.760850,1,1,1,13,72
2025-12-13 01:44:52.620594,1,2,1,13,72
2025-12-13 01:44:56.430288,1,2,2,13,72
2025-12-13 01:44:59.341433,1,2,2,13,72
2025-12-13 01:45:02.148647,1,1,1,13,72
2025-12-13 01:45:06.514071,1,1,3,13,72
2025-12-13 01:45:10.821296,1,2,1,13,72
2025-12-13 01:45:14.130916,1,1,1,13,72
2025-12-13 01:45:18.444079,1,1,2,13,72
2025-12-13 01:45:22.304479,1,1,1,14,72
2025-12-13 01:45:25.613798,1,1,1,14,72
2025-12-13 01:45:29.971688,1,1,1,14,72
2025-12-13 01:45:34.283564,1,1,1,14,71
2025-12-13 01:45:37.589717,1,1,1,14,71
2025-12-13 01:45:41.902521,1,1,1,14,71
2025-12-13 01:45:45.259095,1,1,1,14,71
2025-12-13 01:45:49.016488,1,1,1,14,71
2025-12-13 01:45:52.878368,1,2,1,14,71
2025-12-13 01:45:56.336612,1,2,5,14,71
2025-12-13 01:45:59.147621,1,1,1,14,71
2025-12-13 01:46:04.508771,1,2,1,14,71
2025-12-13 01:46:07.368995,1,1,1,14,71
2025-12-13 01:46:10.234146,1,2,3,14,71
2025-12-13 01:46:13.050847,1,1,1,14,71
2025-12-13 01:46:15.898333,1,2,1,14,71
2025-12-13 01:46:18.835561,1,1,2,14,71
2025-12-13 01:46:21.617764,1,1,1,14,71
2025-12-13 01:46:24.507018,1,1,2,14,71
2025-12-13 01:46:28.347911,1,2,3,14,68
2025-12-13 01:46:31.688781,1,1,2,14,65
2025-12-13 01:46:34.507958,1,1,1,14,66
2025-12-13 01:46:37.368028,1,1,1,14,69
2025-12-13 01:46:40.227494,1,2,2,14,72
2025-12-13 01:46:43.086878,1,1,2,14,75
2025-12-13 01:46:46.905723,1,1,1,14,77
2025-12-13 01:46:50.208573,1,2,8,14,77
2025-12-13 01:46:53.016465,1,1,1,14,77
2025-12-13 01:46:55.923163,1,1,1,14,77
2025-12-13 01:46:58.832658,1,1,1,14,77
2025-12-13 01:47:01.644241,1,1,1,14,77
2025-12-13 01:47:05.451885,1,2,1,14,77
2025-12-13 01:47:09.311658,1,1,3,14,77
2025-12-13 01:47:12.820893,1,1,1,14,73
2025-12-13 01:47:15.680472,1,2,1,14,70
2025-12-13 01:47:18.539248,1,1,1,14,70
2025-12-13 01:47:22.349969,1,1,1,14,70
2025-12-13 01:47:25.659824,1,1,1,14,70
2025-12-13 01:47:29.468583,1,1,1,14,69
2025-12-13 01:47:32.379294,1,1,1,14,66
2025-12-13 01:47:35.196376,1,1,1,13,66
2025-12-13 01:47:39.046932,1,2,1,12,66
2025-12-13 01:47:41.958352,1,1,2,12,66
2025-12-13 01:47:45.320438,1,1,1,12,66
2025-12-13 01:47:49.087328,1,1,30,12,68
2025-12-13 01:47:52.893233,1,2,7,12,71
2025-12-13 01:47:56.201154,1,2,1,12,74
2025-12-13 01:48:00.020621,1,2,4,12,77
2025-12-13 01:48:04.370951,1,2,22,12,70
2025-12-13 01:48:07.681460,1,2,4,12,67
2025-12-13 01:48:11.498681,1,2,1,12,64
2025-12-13 01:48:14.404489,1,1,1,12,62
2025-12-13 01:48:18.862019,1,2,2,12,62
2025-12-13 01:48:21.673159,1,1,1,12,62
2025-12-13 01:48:24.530128,1,1,1,12,62
2025-12-13 01:48:28.389369,1,1,1,12,62
2025-12-13 01:48:31.701458,1,1,1,14,62
2025-12-13 01:48:34.507499,1,1,1,15,62
2025-12-13 01:48:37.417905,1,2,10,16,62
2025-12-13 01:48:40.275960,1,2,1,17,62
2025-12-13 01:48:43.094568,1,1,4,17,62
2025-12-13 01:48:46.947705,1,2,9,18,62
2025-12-13 01:48:50.256718,1,2,5,19,62
2025-12-13 01:48:53.115969,1,1,2,19,62
2025-12-13 01:48:56.976761,1,1,1,20,62
2025-12-13 01:49:00.888635,1,1,1,18,62
2025-12-13 01:49:03.694275,1,2,5,17,62
2025-12-13 01:49:06.556782,1,2,12,16,62
2025-12-13 01:49:10.413702,1,2,4,15,62
2025-12-13 01:49:13.285622,1,1,1,15,62
2025-12-13 01:49:16.088735,1,2,1,15,62
2025-12-13 01:49:19.995512,1,1,2,14,62
2025-12-13 01:49:22.909571,1,1,13,14,62
2025-12-13 01:49:25.714564,1,2,7,14,62
2025-12-13 01:49:29.525554,1,2,6,14,62
2025-12-13 01:49:32.449447,1,2,10,14,65
2025-12-13 01:49:35.245889,1,2,9,13,68
2025-12-13 01:49:39.152940,1,2,1,16,70
2025-12-13 01:49:42.012660,1,1,2,17,70
2025-12-13 01:49:45.375720,1,2,2,18,70
2025-12-13 01:49:49.134096,1,2,7,19,70
2025-12-13 01:49:51.999832,1,1,1,20,68
2025-12-13 01:49:54.900607,1,1,1,17,66
2025-12-13 01:49:57.710392,1,1,1,15,66
2025-12-13 01:50:00.570504,1,1,1,13,66
2025-12-13 01:50:04.430334,1,1,1,12,66
2025-12-13 01:50:07.740782,1,1,1,13,63
2025-12-13 01:50:10.566073,1,1,1,14,62
2025-12-13 01:50:13.461039,1,1,1,14,62
2025-12-13 01:50:16.719624,1,1,1,14,62
2025-12-13 01:50:20.577667,1,1,1,14,62
2025-12-13 01:50:23.489180,1,1,1,15,62
2025-12-13 01:50:26.297213,1,1,1,15,62
2025-12-13 01:50:29.158657,1,1,2,15,62
2025-12-13 01:50:32.015354,1,1,1,15,62
2025-12-13 01:50:34.924579,1,1,1,15,62
2025-12-13 01:50:37.733838,1,1,1,15,62
2025-12-13 01:50:41.549211,1,1,1,19,62
2025-12-13 01:50:45.413471,1,1,1,20,62
2025-12-13 01:50:48.774913,1,1,1,21,62
2025-12-13 01:50:51.574642,1,1,1,22,62
2025-12-13 01:50:55.483450,1,1,1,22,62
2025-12-13 01:50:58.341723,1,1,1,22,64
2025-12-13 01:51:01.151857,1,1,1,20,65
2025-12-13 01:51:05.013065,1,1,1,19,65
2025-12-13 01:51:07.971300,1,1,1,15,65
2025-12-13 01:51:11.282703,1,1,1,14,65
2025-12-13 01:51:15.147314,1,1,1,14,65
2025-12-13 01:51:18.050583,1,1,1,14,65
2025-12-13 01:51:21.409747,1,1,1,13,65
2025-12-13 01:51:25.175010,1,1,1,14,65
2025-12-13 01:51:29.027421,1,1,1,16,65
2025-12-13 01:51:31.947431,1,1,1,19,65
2025-12-13 01:51:34.746906,1,1,1,19,63
2025-12-13 01:51:38.606869,1,1,1,20,63
2025-12-13 01:51:41.530507,1,1,1,21,64
2025-12-13 01:51:44.326618,1,1,1,22,67
2025-12-13 01:51:48.134681,1,1,1,22,67
2025-12-13 01:51:51.045853,1,1,1,23,67
2025-12-13 01:51:54.962245,1,1,1,23,65
2025-12-13 01:51:57.773590,1,1,1,23,63
2025-12-13 01:52:00.624093,1,1,1,22,63
2025-12-13 01:52:04.483170,1,1,1,19,63
2025-12-13 01:52:07.793230,1,1,1,17,65
2025-12-13 01:52:10.611770,1,1,1,16,68
2025-12-13 01:52:13.521396,1,1,1,14,70
2025-12-13 01:52:16.771611,1,1,1,14,72
2025-12-13 01:52:20.629191,1,1,1,13,72
2025-12-13 01:52:23.539844,1,1,1,12,70
2025-12-13 01:52:26.363904,1,1,1,12,67
2025-12-13 01:52:29.807074,1,1,1,12,66
2025-12-13 01:52:32.617713,1,1,1,12,66
2025-12-13 01:52:35.534173,1,1,1,12,66
2025-12-13 01:52:38.338666,1,1,1,12,66
2025-12-13 01:52:42.146261,1,1,1,12,65
2025-12-13 01:52:46.511554,1,1,1,12,63
2025-12-13 01:52:49.414545,1,1,1,12,63
2025-12-13 01:52:52.178813,1,1,1,12,63
2025-12-13 01:52:56.083948,1,1,1,12,63
2025-12-13 01:52:58.993340,1,1,1,12,63
2025-12-13 01:53:01.804694,1,1,1,12,63
2025-12-13 01:53:05.613112,1,1,1,16,65
2025-12-13 01:53:09.474158,1,1,1,16,68
2025-12-13 01:53:12.981039,1,1,1,15,72
2025-12-13 01:53:16.254384,1,1,1,14,69
2025-12-13 01:53:20.126056,1,1,1,13,67
2025-12-13 01:53:23.011093,1,1,1,12,67
2025-12-13 01:53:25.818625,1,1,1,12,67
2025-12-13 01:53:29.628053,1,1,1,12,67
2025-12-13 01:53:32.536386,1,1,1,12,67
2025-12-13 01:53:35.346329,1,1,1,12,67
2025-12-13 01:53:39.204041,1,1,1,12,67
2025-12-13 01:53:42.162127,1,1,1,12,67
2025-12-13 01:53:45.476503,1,1,1,12,67
2025-12-13 01:53:49.243314,1,1,1,12,67
2025-12-13 01:53:52.094244,1,1,1,12,67
2025-12-13 01:53:55.004968,1,1,1,12,67
2025-12-13 01:53:57.813628,1,1,1,12,67
2025-12-13 01:54:00.676439,1,1,1,12,67
2025-12-13 01:54:04.533498,1,1,1,12,67
2025-12-13 01:54:07.842434,1,1,1,12,67
2025-12-13 01:54:11.202827,1,1,1,12,66
2025-12-13 01:54:14.112382,1,1,1,12,66
2025-12-13 01:54:17.372670,1,1,1,12,66
2025-12-13 01:54:21.229920,1,1,1,12,66
2025-12-13 01:54:24.143161,1,1,1,12,66
2025-12-13 01:54:27.499893,1,1,1,12,64
2025-12-13 01:54:30.857951,1,1,1,12,63
2025-12-13 01:54:33.671677,1,1,1,12,63
2025-12-13 01:54:37.581794,1,1,1,12,63
2025-12-13 01:54:40.939814,1,1,1,12,63
2025-12-13 01:54:44.246407,1,1,1,12,63
2025-12-13 01:54:47.166019,1,1,1,12,63
2025-12-13 01:54:50.066889,1,1,1,12,63
2025-12-13 01:54:53.375749,1,1,1,12,63
2025-12-13 01:54:57.237617,1,1,1,12,63
2025-12-13 01:55:00.145974,1,1,1,12,63
2025-12-13 01:55:03.505267,1,1,1,12,63
2025-12-13 01:55:07.263449,1,1,1,12,62
2025-12-13 01:55:11.127707,1,1,1,12,63
2025-12-13 01:55:14.043086,1,1,1,16,66
2025-12-13 01:55:16.844193,1,1,1,16,69
2025-12-13 01:55:20.701258,1,1,1,17,72
2025-12-13 01:55:23.610253,1,1,1,16,75
2025-12-13 01:55:26.429591,1,1,1,17,78
2025-12-13 01:55:30.230031,1,1,1,17,80
2025-12-13 01:55:33.142621,1,1,1,17,82
2025-12-13 01:55:37.048245,1,1,1,18,86
2025-12-13 01:55:39.867589,1,1,1,19,87
2025-12-13 01:55:42.717592,1,1,1,20,90
2025-12-13 01:55:46.576816,1,1,1,21,93
2025-12-13 01:55:49.887266,1,1,1,21,94
2025-12-13 01:55:53.250330,1,1,1,20,93
2025-12-13 01:55:56.156723,1,1,1,16,90
2025-12-13 01:55:59.066660,1,1,1,15,87
2025-12-13 01:56:01.874684,1,1,1,15,84
2025-12-13 01:56:05.682878,1,1,1,13,81
2025-12-13 01:56:09.544072,1,1,1,13,78
2025-12-13 01:56:13.302019,1,1,1,15,77
2025-12-13 01:56:17.117111,1,1,1,15,77
2025-12-13 01:56:20.421181,1,1,1,14,77
2025-12-13 01:56:24.231841,1,1,1,14,77
2025-12-13 01:56:28.589914,1,1,1,14,77
2025-12-13 01:56:31.903158,1,1,1,14,77
2025-12-13 01:56:35.711695,1,1,1,14,77
2025-12-13 01:56:38.624472,1,1,1,14,75
2025-12-13 01:56:41.429042,1,1,1,14,72
2025-12-13 01:56:45.294655,1,1,1,14,69
2025-12-13 01:56:48.204591,1,1,1,16,68
2025-12-13 01:56:51.556518,1,1,1,17,71
2025-12-13 01:56:55.314347,1,1,1,18,77
2025-12-13 01:56:58.226221,1,1,1,19,80
2025-12-13 01:57:01.637111,1,1,1,20,82
2025-12-13 01:57:04.494746,1,1,1,21,82
2025-12-13 01:57:07.307340,1,1,1,22,82
2025-12-13 01:57:11.163409,1,1,1,22,82
2025-12-13 01:57:14.473830,1,1,1,23,82
2025-12-13 01:57:17.939748,1,1,1,23,82
2025-12-13 01:57:20.762652,1,1,1,24,84
2025-12-13 01:57:23.654338,1,1,1,24,86
2025-12-13 01:57:26.460725,1,1,1,24,86
2025-12-13 01:57:30.276485,1,1,1,24,86
2025-12-13 01:57:34.631154,1,1,1,25,86
2025-12-13 01:57:37.941584,1,1,1,25,86
2025-12-13 01:57:41.300815,1,1,1,25,86
2025-12-13 01:57:44.208417,1,1,1,25,86
2025-12-13 01:57:47.123102,1,1,1,25,86
2025-12-13 01:57:49.926146,1,1,1,25,86
2025-12-13 01:57:53.736581,1,1,1,25,86
2025-12-13 01:57:57.596634,1,1,1,25,86
2025-12-13 01:58:01.104430,1,1,1,25,86
2025-12-13 01:58:03.916124,1,1,1,25,86
2025-12-13 01:58:06.773846,1,1,1,25,86
2025-12-13 01:58:10.632580,1,1,1,25,86
2025-12-13 01:58:13.940622,1,1,1,25,86
2025-12-13 01:58:17.753352,1,1,1,25,86
2025-12-13 01:58:20.660431,1,1,1,25,86
2025-12-13 01:58:23.487709,1,1,1,22,86
2025-12-13 01:58:27.331123,1,1,1,20,85
2025-12-13 01:58:30.239516,1,1,1,18,82
2025-12-13 01:58:33.599688,1,1,1,17,80
2025-12-13 01:58:37.358497,1,1,1,16,80
2025-12-13 01:58:40.276589,1,1,1,15,80
2025-12-13 01:58:43.676067,1,1,1,15,80
2025-12-13 01:58:46.535407,1,1,1,14,80
2025-12-13 01:58:49.347072,1,1,1,14,80
2025-12-13 01:58:53.205715,1,1,1,14,80
2025-12-13 01:58:57.617182,1,1,1,14,80
2025-12-13 01:59:01.376637,1,1,1,14,80
2025-12-13 01:59:05.194030,1,1,1,14,80
2025-12-13 01:59:08.494251,1,1,1,17,80
2025-12-13 01:59:12.304484,1,1,1,18,82
2025-12-13 01:59:16.663142,1,1,1,19,82
2025-12-13 01:59:19.973879,1,1,1,20,83
2025-12-13 01:59:23.786626,1,1,1,22,84
2025-12-13 01:59:26.693154,1,1,1,22,84
2025-12-13 01:59:29.504420,1,1,1,23,84
2025-12-13 01:59:33.367942,1,1,1,23,84
2025-12-13 01:59:36.273023,1,1,1,23,84
2025-12-13 01:59:39.631432,1,1,1,24,86
2025-12-13 01:59:43.393112,1,1,1,24,92
2025-12-13 01:59:47.208994,1,1,1,24,95
2025-12-13 01:59:50.554705,1,1,1,25,98
2025-12-13 01:59:54.321925,1,1,1,25,100
2025-12-13 01:59:58.680258,1,1,1,23,98
2025-12-13 02:00:01.990342,1,1,1,20,92
2025-12-13 02:00:05.804311,1,1,1,17,86
2025-12-13 02:00:08.707874,1,1,1,16,80
2025-12-13 02:00:11.517213,1,1,1,15,74
2025-12-13 02:00:15.378180,1,1,1,15,70
2025-12-13 02:00:18.294526,1,1,1,14,67
2025-12-13 02:00:21.649101,1,1,1,14,65
2025-12-13 02:00:25.405871,1,1,1,14,65
2025-12-13 02:00:28.317815,1,1,1,14,64
2025-12-13 02:00:31.727782,1,1,1,14,64
2025-12-13 02:00:34.584824,1,1,1,14,64
2025-12-13 02:00:37.392391,1,1,1,14,64
2025-12-13 02:00:41.252521,1,1,1,14,64
2025-12-13 02:00:44.563604,1,1,1,17,66
2025-12-13 02:00:48.374018,1,1,1,18,69
2025-12-13 02:00:51.281755,1,1,1,19,72
2025-12-13 02:00:55.195261,1,1,1,20,78
2025-12-13 02:00:58.001185,1,1,1,20,81
2025-12-13 02:01:00.866947,1,1,1,17,81
2025-12-13 02:01:04.720024,1,1,1,16,76
2025-12-13 02:01:08.033896,1,1,1,15,73
2025-12-13 02:01:10.839108,1,1,1,14,70
2025-12-13 02:01:13.749832,1,1,1,13,67
2025-12-13 02:01:16.609069,1,1,1,13,66
2025-12-13 02:01:19.418253,1,1,1,12,64
2025-12-13 02:01:23.279549,1,1,1,12,63
2025-12-13 02:01:26.637410,1,1,1,13,63
2025-12-13 02:01:29.397309,1,1,1,13,63
2025-12-13 02:01:32.305563,1,1,1,13,63
2025-12-13 02:01:35.215940,1,1,1,13,63
2025-12-13 02:01:38.044530,1,1,1,13,63
2025-12-13 02:01:41.836884,1,1,1,13,63
2025-12-13 02:01:45.693902,1,1,1,13,63
2025-12-13 02:01:49.207393,1,1,1,13,63
2025-12-13 02:01:52.012260,1,1,1,13,63
2025-12-13 02:01:54.883180,1,1,1,13,63
2025-12-13 02:01:58.730826,1,1,1,13,63
2025-12-13 02:02:02.041663,1,1,1,13,63
2025-12-13 02:02:05.850873,1,1,1,13,63
2025-12-13 02:02:08.766792,1,1,1,15,63
2025-12-13 02:02:11.572287,1,1,1,17,64
2025-12-13 02:02:15.433921,1,1,1,18,67
2025-12-13 02:02:18.339105,1,1,1,19,70
2025-12-13 02:02:21.703071,1,1,4,19,73
2025-12-13 02:02:25.458299,1,1,1,19,79
2025-12-13 02:02:28.367404,1,1,1,20,82
2025-12-13 02:02:31.778338,1,1,1,19,85
2025-12-13 02:02:34.636987,1,1,1,17,80
2025-12-13 02:02:37.447014,1,1,1,16,74
2025-12-13 02:02:41.309912,1,1,1,16,70
2025-12-13 02:02:44.613851,1,1,1,15,67
2025-12-13 02:02:48.446014,1,1,1,14,65
2025-12-13 02:02:51.337346,1,1,1,14,65
2025-12-13 02:02:55.249038,1,1,1,14,65
2025-12-13 02:02:58.093318,1,1,1,14,64
2025-12-13 02:03:00.915098,1,1,1,14,63
2025-12-13 02:03:04.773200,1,1,1,14,62
2025-12-13 02:03:08.087526,1,1,1,14,62
2025-12-13 02:03:10.893302,1,1,1,14,62
2025-12-13 02:03:13.801969,1,1,1,14,62
2025-12-13 02:03:16.664105,1,1,1,14,62
2025-12-13 02:03:19.470807,1,1,1,15,64
2025-12-13 02:03:23.330461,1,1,1,15,66
2025-12-13 02:03:27.679362,1,1,1,15,69
2025-12-13 02:03:29.453137,1,1,1,16,72
2025-12-13 02:03:32.358406,1,1,1,17,75
2025-12-13 02:03:35.267257,1,1,1,18,78
2025-12-13 02:03:38.077422,1,1,1,18,81
2025-12-13 02:03:41.885889,1,1,1,17,81
2025-12-13 02:03:45.775522,1,1,1,15,80
2025-12-13 02:03:49.104414,1,1,1,14,74
2025-12-13 02:03:51.915518,1,1,1,14,71
2025-12-13 02:03:55.823986,1,1,1,13,69
2025-12-13 02:03:58.684464,1,1,1,13,69
2025-12-13 02:04:01.494851,1,1,1,13,69
2025-12-13 02:04:05.355854,1,1,1,13,69
2025-12-13 02:04:08.263689,1,1,1,13,69
2025-12-13 02:04:11.078105,1,1,1,13,69
2025-12-13 02:04:14.930268,1,1,1,13,69
2025-12-13 02:04:17.843180,1,1,1,13,68
2025-12-13 02:04:20.654300,1,1,1,13,68
2025-12-13 02:04:24.458266,1,1,1,13,68
2025-12-13 02:04:28.816286,1,1,1,13,66
2025-12-13 02:04:31.675754,1,1,1,13,64
2025-12-13 02:04:34.487844,1,1,1,13,64
2025-12-13 02:04:38.395556,1,1,1,13,64
2025-12-13 02:04:41.306790,1,1,1,13,64
2025-12-13 02:04:44.121763,1,1,1,13,64
2025-12-13 02:04:47.922237,1,1,1,13,64
2025-12-13 02:04:50.831333,1,1,1,13,64
2025-12-13 02:04:53.640307,1,1,1,13,64
2025-12-13 02:04:57.502565,1,1,1,13,64
2025-12-13 02:05:00.417379,1,1,1,13,64
2025-12-13 02:05:03.775097,1,1,1,13,63
2025-12-13 02:05:07.528243,1,1,1,13,63
2025-12-13 02:05:10.437763,1,1,1,12,63
2025-12-13 02:05:13.855731,1,1,1,12,63
2025-12-13 02:05:17.121913,1,1,1,12,63
2025-12-13 02:05:20.990844,1,1,1,12,63
2025-12-13 02:05:23.875685,1,1,1,12,63
2025-12-13 02:05:26.692896,1,1,1,12,63
2025-12-13 02:05:30.496591,1,1,1,12,63
2025-12-13 02:05:33.406842,1,1,1,12,63
2025-12-13 02:05:37.338139,1,1,1,12,63
2025-12-13 02:05:40.128618,1,1,1,12,63
2025-12-13 02:05:42.984336,1,1,1,12,63
2025-12-13 02:05:46.843718,1,1,1,13,63
2025-12-13 02:05:50.153794,1,1,1,13,63
2025-12-13 02:05:52.964073,1,1,1,13,63
2025-12-13 02:05:55.873120,1,1,1,13,63
2025-12-13 02:05:58.732197,1,1,1,13,63
2025-12-13 02:06:01.542911,1,1,1,13,63
2025-12-13 02:06:05.407937,1,1,1,13,63
2025-12-13 02:06:08.761868,1,1,1,12,63
2025-12-13 02:06:11.522375,1,1,1,12,62
2025-12-13 02:06:14.432477,1,1,1,12,62
2025-12-13 02:06:17.338695,1,1,1,12,62
2025-12-13 02:06:20.146577,1,1,1,12,62
2025-12-13 02:06:23.957025,1,1,1,12,62
2025-12-13 02:06:27.815656,1,1,1,12,62
2025-12-13 02:06:31.327367,1,1,1,12,62
2025-12-13 02:06:34.139364,1,1,1,12,62
2025-12-13 02:06:36.996284,1,1,1,12,62
2025-12-13 02:06:40.854111,1,1,1,12,62
2025-12-13 02:06:44.165797,1,1,1,12,62
2025-12-13 02:06:47.973291,1,1,1,12,62
2025-12-13 02:06:50.931356,1,1,1,13,62
2025-12-13 02:06:55.342682,1,1,1,13,62
2025-12-13 02:06:58.151988,1,1,1,13,62
2025-12-13 02:07:01.012446,1,1,1,13,62
2025-12-13 02:07:04.870807,1,1,1,13,62
2025-12-13 02:07:08.181966,1,1,1,13,62
2025-12-13 02:07:11.590207,1,1,1,13,62
2025-12-13 02:07:14.907868,1,1,1,12,62
2025-12-13 02:07:17.710341,1,1,1,12,62
2025-12-13 02:07:21.567532,1,1,1,12,62
2025-12-13 02:07:24.477424,1,1,1,12,62
2025-12-13 02:07:27.841949,1,1,1,12,62
2025-12-13 02:07:31.595368,1,1,1,12,62
2025-12-13 02:07:35.409560,1,1,1,12,62
2025-12-13 02:07:38.715122,1,1,1,13,62
2025-12-13 02:07:42.526575,1,1,1,13,62
2025-12-13 02:07:46.888424,1,1,1,13,62
2025-12-13 02:07:50.194284,1,1,1,13,62
2025-12-13 02:07:54.003857,1,1,1,13,62
2025-12-13 02:07:56.933936,1,1,1,13,62
2025-12-13 02:07:59.724709,1,1,1,13,62
2025-12-13 02:08:03.581625,1,1,1,13,62
2025-12-13 02:08:06.493843,1,1,1,13,62
2025-12-13 02:08:09.853234,1,1,1,13,62
2025-12-13 02:08:13.618496,1,1,1,13,62
2025-12-13 02:08:16.521337,1,1,1,12,62
2025-12-13 02:08:19.928504,1,1,1,12,62
2025-12-13 02:08:22.790793,1,1,1,12,62
2025-12-13 02:08:25.599084,1,1,1,12,62
2025-12-13 02:08:29.457473,1,1,1,12,64
2025-12-13 02:08:32.769229,1,1,1,12,67
2025-12-13 02:08:35.782938,1,1,1,12,70
2025-12-13 02:08:38.585087,1,1,1,12,73
2025-12-13 02:08:41.493206,1,1,1,12,76
2025-12-13 02:08:44.405105,1,1,1,12,79
2025-12-13 02:08:47.223128,1,1,1,12,79
2025-12-13 02:08:51.075543,1,1,1,12,79
2025-12-13 02:08:53.985017,1,1,1,12,79
2025-12-13 02:08:57.898251,1,1,1,12,79
2025-12-13 02:09:01.203576,1,1,1,12,79
2025-12-13 02:09:04.064679,1,1,1,12,79
2025-12-13 02:09:07.974981,1,1,1,12,82
2025-12-13 02:09:10.832502,1,1,1,12,84
2025-12-13 02:09:14.747160,1,1,1,12,85
2025-12-13 02:09:18.603640,1,1,1,12,85
2025-12-13 02:09:21.518050,1,1,1,12,85
2025-12-13 02:09:25.424882,1,1,1,12,84
2025-12-13 02:09:28.232117,1,1,1,12,84
2025-12-13 02:09:31.093084,1,1,1,12,86
2025-12-13 02:09:35.503717,1,1,1,12,86
2025-12-13 02:09:38.413526,1,1,1,12,85
2025-12-13 02:09:41.228222,1,1,1,12,85
2025-12-13 02:09:45.082840,1,1,1,12,85
2025-12-13 02:09:47.997351,1,1,1,13,85
2025-12-13 02:09:50.805093,1,1,1,13,85
2025-12-13 02:09:54.613093,1,1,1,13,84
2025-12-13 02:09:57.524328,1,1,1,13,78
2025-12-13 02:10:01.433011,1,1,1,13,71
2025-12-13 02:10:04.240915,1,1,1,13,68
2025-12-13 02:10:07.101714,1,1,1,13,66
2025-12-13 02:10:10.964401,1,1,1,13,66
2025-12-13 02:10:13.892053,1,1,1,13,66
2025-12-13 02:10:16.635966,1,1,1,13,66
2025-12-13 02:10:20.541806,1,1,1,14,66
2025-12-13 02:10:23.450841,1,1,1,13,66
2025-12-13 02:10:26.259429,1,1,1,13,66
2025-12-13 02:10:30.070136,1,1,1,13,66
2025-12-13 02:10:34.979537,1,1,1,12,66
2025-12-13 02:10:37.838213,1,1,1,13,66
2025-12-13 02:10:40.645914,1,1,1,15,69
2025-12-13 02:10:44.557897,1,1,1,18,72
2025-12-13 02:10:47.467219,1,1,1,19,75
2025-12-13 02:10:50.276049,1,1,1,19,78
2025-12-13 02:10:54.087334,1,1,1,21,81
2025-12-13 02:10:56.995278,1,1,1,21,84
2025-12-13 02:10:59.804851,1,1,1,22,87
2025-12-13 02:11:03.664171,1,1,1,22,90
2025-12-13 02:11:06.573244,1,1,1,23,93
2025-12-13 02:11:09.932559,1,1,1,22,96
2025-12-13 02:11:13.692445,1,1,1,23,100
2025-12-13 02:11:16.552696,1,1,1,23,100
2025-12-13 02:11:19.460141,1,1,1,23,100
2025-12-13 02:11:22.269034,1,1,1,24,100
2025-12-13 02:11:25.127942,1,1,1,24,100
2025-12-13 02:11:28.988696,1,1,1,24,100
2025-12-13 02:11:32.298727,1,1,1,24,100
2025-12-13 02:11:35.109539,1,1,1,21,100
2025-12-13 02:11:38.020632,1,1,1,19,94
2025-12-13 02:11:40.875920,1,1,1,18,88
2025-12-13 02:11:43.683382,1,1,1,17,82
2025-12-13 02:11:47.543687,1,1,1,16,76
2025-12-13 02:11:50.853232,1,1,1,15,72
2025-12-13 02:11:54.820921,1,1,1,14,69
2025-12-13 02:11:58.270784,1,1,1,14,65
2025-12-13 02:12:01.130984,1,1,1,14,65
2025-12-13 02:12:04.990609,1,1,1,13,65
2025-12-13 02:12:08.301068,1,1,1,13,65
2025-12-13 02:12:12.109212,1,1,1,12,65
2025-12-13 02:12:15.970300,1,1,1,12,64
2025-12-13 02:12:19.480090,1,1,1,12,64
2025-12-13 02:12:22.288148,1,1,1,12,64
2025-12-13 02:12:25.148739,1,1,1,12,64
2025-12-13 02:12:29.008522,1,1,1,12,64
2025-12-13 02:12:32.319744,1,1,1,12,64
2025-12-13 02:12:36.126501,1,1,1,12,64
2025-12-13 02:12:39.045104,1,1,1,12,64
2025-12-13 02:12:41.845533,1,1,1,12,64
2025-12-13 02:12:45.707736,1,1,1,12,64
2025-12-13 02:12:48.616883,1,1,1,12,64
2025-12-13 02:12:51.975620,1,1,1,12,64
2025-12-13 02:12:55.735479,1,1,1,14,65
2025-12-13 02:12:58.642967,1,1,1,15,68
2025-12-13 02:13:02.051821,1,1,1,17,71
2025-12-13 02:13:04.912023,1,1,1,18,74
2025-12-13 02:13:07.720171,1,1,1,19,77
2025-12-13 02:13:11.581145,1,1,1,18,80
2025-12-13 02:13:14.890569,1,1,1,16,80
2025-12-13 02:13:18.700740,1,1,1,15,75
2025-12-13 02:13:21.611591,1,1,1,14,72
2025-12-13 02:13:25.520403,1,1,1,13,66
2025-12-13 02:13:28.327865,1,1,1,13,66
2025-12-13 02:13:31.188088,1,1,1,12,66
2025-12-13 02:13:35.051744,1,1,1,12,66
2025-12-13 02:13:38.359063,1,1,1,12,66
2025-12-13 02:13:41.166951,1,1,1,12,66
2025-12-13 02:13:44.075803,1,1,1,14,67
2025-12-13 02:13:46.941552,1,1,1,15,70
2025-12-13 02:13:49.747468,1,1,1,17,73
2025-12-13 02:13:53.605011,1,1,1,18,76
2025-12-13 02:13:56.917817,1,1,1,20,79
2025-12-13 02:13:59.723659,1,1,1,20,82
2025-12-13 02:14:02.632858,1,1,1,18,85
2025-12-13 02:14:05.543126,1,1,1,17,85
2025-12-13 02:14:08.351503,1,1,1,17,79
2025-12-13 02:14:12.160616,1,1,1,15,76
2025-12-13 02:14:16.047353,1,1,1,15,73
2025-12-13 02:14:19.532465,1,1,1,14,67
2025-12-13 02:14:22.338739,1,1,1,14,67
2025-12-13 02:14:25.198775,1,1,1,14,67
2025-12-13 02:14:29.059192,1,1,1,14,67
2025-12-13 02:14:32.370522,1,1,1,15,68
2025-12-13 02:14:36.178165,1,1,1,18,71
2025-12-13 02:14:39.086779,1,1,1,20,74
2025-12-13 02:14:41.897141,1,1,1,21,77
2025-12-13 02:14:45.763007,1,1,1,22,80
2025-12-13 02:14:48.672043,1,1,1,23,81
2025-12-13 02:14:52.026268,1,1,1,23,81
2025-12-13 02:14:55.785455,1,2,1,24,82
2025-12-13 02:14:58.694212,1,2,6,24,82
2025-12-13 02:15:02.104792,1,2,37,23,82
2025-12-13 02:15:04.962611,1,2,22,21,81
2025-12-13 02:15:07.778124,1,2,2,20,79
2025-12-13 02:15:11.638733,1,2,2,20,79
2025-12-13 02:15:14.943713,1,2,4,19,80
2025-12-13 02:15:18.754068,1,2,1,20,83
2025-12-13 02:15:21.673296,1,2,1,20,86
2025-12-13 02:15:25.575956,1,2,1,20,87
2025-12-13 02:15:28.383985,1,1,2,20,83
2025-12-13 02:15:31.251206,1,2,4,20,77
2025-12-13 02:15:35.103876,1,2,3,20,73
2025-12-13 02:15:37.964368,1,2,4,20,70
2025-12-13 02:15:40.775199,1,1,1,20,67
2025-12-13 02:15:44.694052,1,1,1,19,70
2025-12-13 02:15:47.595298,1,2,1,19,73
2025-12-13 02:15:50.405317,1,1,2,19,76
2025-12-13 02:15:54.218564,1,1,1,20,79
2025-12-13 02:15:57.126190,1,1,1,20,73
2025-12-13 02:15:59.937396,1,1,1,19,69
2025-12-13 02:16:03.796748,1,1,1,18,66
2025-12-13 02:16:06.708595,1,2,1,18,63
2025-12-13 02:16:10.066051,1,1,1,17,63
2025-12-13 02:16:13.828366,1,1,1,16,63
2025-12-13 02:16:17.135541,1,1,1,16,63
2025-12-13 02:16:19.995780,1,1,1,16,63
2025-12-13 02:16:22.808767,1,1,1,15,63
2025-12-13 02:16:26.718517,1,1,1,14,63
2025-12-13 02:16:29.631986,1,1,2,13,63
2025-12-13 02:16:32.988032,1,1,1,13,63
2025-12-13 02:16:35.802962,1,2,1,12,63
2025-12-13 02:16:38.707384,1,1,1,12,63
2025-12-13 02:16:41.617966,1,1,3,12,63
2025-12-13 02:16:44.425800,1,2,1,12,63
2025-12-13 02:16:48.735191,1,2,1,12,63
2025-12-13 02:16:52.194202,1,2,10,12,64
2025-12-13 02:16:55.608352,1,2,11,12,64
2025-12-13 02:16:58.417040,1,2,19,12,64
2025-12-13 02:17:01.283976,1,2,22,12,64
2025-12-13 02:17:05.134240,1,1,1,12,64
2025-12-13 02:17:08.445423,1,1,1,12,64
2025-12-13 02:17:11.254576,1,2,4,12,64
2025-12-13 02:17:14.173706,1,1,1,12,64
2025-12-13 02:17:17.424996,1,1,1,12,64
2025-12-13 02:17:21.292570,1,1,1,12,64
2025-12-13 02:17:24.191918,1,1,1,12,67
2025-12-13 02:17:27.000763,1,2,1,12,67
2025-12-13 02:17:30.960631,1,2,3,12,67
2025-12-13 02:17:35.321158,1,1,1,12,67
2025-12-13 02:17:38.181409,1,2,5,12,67
2025-12-13 02:17:41.042365,1,1,1,12,67
2025-12-13 02:17:43.902021,1,2,5,12,67
2025-12-13 02:17:47.710807,1,2,3,12,67
2025-12-13 02:17:50.620975,1,2,14,12,67
2025-12-13 02:17:53.431446,1,2,27,12,106
2025-12-13 02:17:57.288815,1,2,12,23,109
2025-12-13 02:18:00.232370,1,2,1,24,112
2025-12-13 02:18:03.015238,1,1,1,24,115
2025-12-13 02:18:06.820091,1,2,2,23,118
2025-12-13 02:18:09.729431,1,1,1,24,121
2025-12-13 02:18:13.642839,1,2,1,23,121
2025-12-13 02:18:16.499926,1,1,7,21,115
2025-12-13 02:18:19.309766,1,1,1,22,109
2025-12-13 02:18:23.172193,1,1,1,21,103
2025-12-13 02:18:26.482146,1,1,1,20,97
2025-12-13 02:18:29.356467,1,2,7,19,94
2025-12-13 02:18:32.650663,1,2,8,20,94
2025-12-13 02:18:35.461429,1,2,8,20,94
2025-12-13 02:18:39.366845,1,1,1,21,94
2025-12-13 02:18:42.227771,1,2,2,21,94
2025-12-13 02:18:45.038903,1,2,5,22,92
2025-12-13 02:18:48.846500,1,2,7,22,92
2025-12-13 02:18:51.757949,1,1,1,19,92
2025-12-13 02:18:57.724178,1,2,1,18,92
2025-12-13 02:19:01.080779,1,1,1,16,92
2025-12-13 02:19:03.940487,1,2,3,15,92
2025-12-13 02:19:06.799713,1,2,14,15,92
2025-12-13 02:19:10.220279,1,2,3,14,92
2025-12-13 02:19:13.070323,1,1,2,14,92
2025-12-13 02:19:15.930133,1,2,10,14,92
2025-12-13 02:19:18.791208,1,1,10,14,92
2025-12-13 02:19:22.149070,1,2,1,14,92
2025-12-13 02:19:27.014113,1,2,3,14,86
2025-12-13 02:19:30.970373,1,2,1,14,82
2025-12-13 02:19:33.780613,1,2,3,14,79
2025-12-13 02:19:37.691253,1,1,2,14,76
2025-12-13 02:19:41.001407,1,2,1,14,76
2025-12-13 02:19:43.810486,1,2,16,13,78
2025-12-13 02:19:49.773171,1,2,2,12,78
2025-12-13 02:19:52.682738,1,2,13,12,78
2025-12-13 02:19:55.491454,1,1,4,12,78
2025-12-13 02:19:58.401561,1,2,9,12,78
2025-12-13 02:20:02.259764,1,2,11,12,78
2025-12-13 02:20:05.120668,1,1,1,12,78
2025-12-13 02:20:09.100907,1,2,1,12,78
2025-12-13 02:20:11.940006,1,2,2,12,78
2025-12-13 02:20:14.801049,1,2,1,12,79
2025-12-13 02:20:18.058194,1,2,2,12,79
2025-12-13 02:20:23.423735,1,2,3,12,79
2025-12-13 02:20:26.281195,1,2,4,12,79
2025-12-13 02:20:30.093429,1,1,4,12,79
2025-12-13 02:20:32.901988,1,2,2,12,79
2025-12-13 02:20:35.812802,1,2,8,12,79
2025-12-13 02:20:38.722398,1,1,10,12,79
2025-12-13 02:20:41.532681,1,2,1,12,79
2025-12-13 02:20:45.443568,1,2,2,12,79
2025-12-13 02:20:48.803252,1,1,3,12,79
2025-12-13 02:20:52.166147,1,1,13,12,80
2025-12-13 02:20:55.924332,1,1,8,12,84
2025-12-13 02:20:59.789023,1,2,3,12,84
2025-12-13 02:21:03.093775,1,2,3,12,84
2025-12-13 02:21:07.403256,1,2,5,12,84
2025-12-13 02:21:11.212408,1,2,4,12,85
2025-12-13 02:21:14.521291,1,2,7,14,88
2025-12-13 02:21:18.833809,1,1,9,13,90
2025-12-13 02:21:22.190410,1,1,3,13,88
2025-12-13 02:21:26.004122,1,2,2,13,86
2025-12-13 02:21:29.810579,1,1,3,13,86
2025-12-13 02:21:33.276732,1,2,14,13,86
2025-12-13 02:21:36.080198,1,1,1,13,86
2025-12-13 02:21:39.989793,1,2,4,13,86
2025-12-13 02:21:42.848250,1,2,1,13,85
2025-12-13 02:21:46.208129,1,2,10,13,82
2025-12-13 02:21:49.969322,1,2,11,13,80
2025-12-13 02:21:52.834178,1,1,9,13,80
2025-12-13 02:21:55.738150,1,2,1,13,80
2025-12-13 02:21:58.546812,1,2,7,13,80
2025-12-13 02:22:01.407460,1,1,1,13,82
2025-12-13 02:22:05.269890,1,2,11,13,85
2025-12-13 02:22:08.577032,1,2,1,13,88
2025-12-13 02:22:11.435477,1,1,1,13,90
2025-12-13 02:22:14.294972,1,2,2,13,90
2025-12-13 02:22:17.155343,1,2,4,13,90
2025-12-13 02:22:19.967252,1,1,1,13,90
2025-12-13 02:22:23.822843,1,2,1,13,90
2025-12-13 02:22:27.138132,1,1,2,13,90
2025-12-13 02:22:31.603311,1,1,1,13,90
2025-12-13 02:22:34.416736,1,2,1,13,90
2025-12-13 02:22:38.315678,1,2,4,13,90
2025-12-13 02:22:41.174836,1,2,5,13,90
2025-12-13 02:22:44.033934,1,1,5,13,90
2025-12-13 02:22:47.843421,1,2,1,13,90
2025-12-13 02:22:50.755856,1,2,2,13,90
2025-12-13 02:22:53.566097,1,1,5,13,90
2025-12-13 02:22:57.475335,1,2,1,14,90
2025-12-13 02:23:00.336008,1,2,1,14,88
2025-12-13 02:23:03.142359,1,2,4,14,85
2025-12-13 02:23:07.504495,1,1,4,14,81
2025-12-13 02:23:11.815701,1,2,1,14,81
2025-12-13 02:23:15.124368,1,2,2,14,81
2025-12-13 02:23:19.483240,1,2,1,14,81
2025-12-13 02:23:23.292791,1,2,11,14,81
2025-12-13 02:23:26.604394,1,2,2,14,81
2025-12-13 02:23:30.913221,1,1,6,14,81
2025-12-13 02:23:34.321762,1,1,2,14,81
2025-12-13 02:23:37.183721,1,2,10,14,81
2025-12-13 02:23:39.991619,1,1,10,14,81
2025-12-13 02:23:42.903107,1,1,5,14,79
2025-12-13 02:23:46.268209,1,2,1,14,76
2025-12-13 02:23:50.022219,1,2,2,14,82
2025-12-13 02:23:52.883250,1,2,15,14,81
2025-12-13 02:23:56.241684,1,2,1,14,82
2025-12-13 02:23:59.051304,1,1,11,14,83
2025-12-13 02:24:02.369039,1,1,1,14,85
2025-12-13 02:24:05.235711,1,2,13,15,86
2025-12-13 02:24:09.134953,1,1,10,14,86
2025-12-13 02:24:12.944707,1,2,2,14,86
2025-12-13 02:24:16.807837,1,2,4,14,86
2025-12-13 02:24:19.617339,1,2,1,15,86
2025-12-13 02:24:22.544794,1,2,8,15,86
2025-12-13 02:24:26.388257,1,2,15,15,86
2025-12-13 02:24:30.969998,1,1,2,15,86
2025-12-13 02:24:35.305095,1,1,4,15,86
2025-12-13 02:24:38.618601,1,2,5,15,86
2025-12-13 02:24:42.924295,1,2,6,15,86
2025-12-13 02:24:46.286911,1,2,1,15,86
2025-12-13 02:24:50.044890,1,2,1,15,86
2025-12-13 02:24:53.553958,1,2,1,15,86
2025-12-13 02:24:56.367751,1,2,9,15,86
2025-12-13 02:24:59.223243,1,2,1,15,86
2025-12-13 02:25:02.033963,1,1,6,15,86
2025-12-13 02:25:05.892901,1,1,1,15,86
2025-12-13 02:25:09.203320,1,2,4,15,86
2025-12-13 02:25:13.061914,1,2,11,15,86
2025-12-13 02:25:15.933534,1,2,1,15,86
2025-12-13 02:25:19.833602,1,2,9,15,86
2025-12-13 02:25:22.640166,1,2,2,15,86
2025-12-13 02:25:25.501073,1,1,1,14,86
2025-12-13 02:25:29.359843,1,2,3,14,86
2025-12-13 02:25:32.676792,1,2,12,14,86
2025-12-13 02:25:35.530706,1,2,7,14,86
2025-12-13 02:25:38.390152,1,1,1,14,86
2025-12-13 02:25:41.257478,1,2,12,14,86
2025-12-13 02:25:44.111334,1,2,2,14,86
2025-12-13 02:25:47.926250,1,1,9,14,86
2025-12-13 02:25:51.930101,1,1,2,14,86
2025-12-13 02:25:55.840040,1,2,4,14,86
2025-12-13 02:25:58.653346,1,2,7,14,86
2025-12-13 02:26:01.511316,1,2,1,14,86
2025-12-13 02:26:05.369692,1,2,2,14,86
2025-12-13 02:26:08.679795,1,2,2,14,86
2025-12-13 02:26:12.142538,1,2,1,14,86
2025-12-13 02:26:14.948578,1,1,3,14,86
2025-12-13 02:26:18.209325,1,2,1,14,86
2025-12-13 02:26:23.569641,1,2,6,14,86
2025-12-13 02:26:26.429033,1,1,3,14,86
2025-12-13 02:26:29.289217,1,1,1,14,86
2025-12-13 02:26:33.249528,1,2,1,14,86
2025-12-13 02:26:36.061281,1,1,3,14,86
2025-12-13 02:26:38.968962,1,1,14,14,86
2025-12-13 02:26:41.879246,1,2,1,14,86
2025-12-13 02:26:44.686181,1,2,2,14,86
2025-12-13 02:26:48.996848,1,2,1,14,86
2025-12-13 02:26:53.958496,1,2,10,14,86
2025-12-13 02:26:56.872087,1,1,4,14,86
2025-12-13 02:26:59.679851,1,2,6,14,86
2025-12-13 02:27:03.537553,1,2,11,14,86
2025-12-13 02:27:06.446353,1,2,3,14,86
2025-12-13 02:27:09.256383,1,1,1,14,86
2025-12-13 02:27:12.119246,1,2,1,14,86
2025-12-13 02:27:14.978173,1,1,2,14,86
2025-12-13 02:27:17.898375,1,2,5,14,86
2025-12-13 02:27:20.707168,1,1,4,14,86
2025-12-13 02:27:25.008872,1,2,1,14,86
2025-12-13 02:27:28.376321,1,2,1,14,86
2025-12-13 02:27:31.882763,1,2,1,14,86
2025-12-13 02:27:34.688096,1,1,4,14,88
2025-12-13 02:27:37.600188,1,2,4,14,90
2025-12-13 02:27:41.405606,1,1,3,14,90
2025-12-13 02:27:44.717109,1,2,1,14,90
2025-12-13 02:27:48.531437,1,2,4,14,90
2025-12-13 02:27:51.438561,1,2,1,14,90
2025-12-13 02:27:54.244759,1,2,5,14,88
2025-12-13 02:27:58.105352,1,1,5,14,85
2025-12-13 02:28:01.016528,1,2,2,14,84
2025-12-13 02:28:04.377152,1,1,4,15,84
2025-12-13 02:28:08.139472,1,2,2,15,84
2025-12-13 02:28:11.944935,1,1,4,15,84
2025-12-13 02:28:15.255977,1,1,11,15,84
2025-12-13 02:28:19.064695,1,2,14,15,84
2025-12-13 02:28:22.928162,1,2,9,16,84
2025-12-13 02:28:25.739284,1,2,1,16,84
2025-12-13 02:28:29.696101,1,2,2,16,84
2025-12-13 02:28:33.606581,1,1,1,15,84
2025-12-13 02:28:36.468304,1,2,3,15,84
2025-12-13 02:28:39.277581,1,1,3,15,84
2025-12-13 02:28:43.086854,1,2,7,15,84
2025-12-13 02:28:46.953038,1,2,5,15,84
2025-12-13 02:28:50.361477,1,1,1,15,84
2025-12-13 02:28:53.118709,1,2,3,15,84
2025-12-13 02:28:57.579869,1,2,6,15,84
2025-12-13 02:29:00.495384,1,1,5,15,84
2025-12-13 02:29:03.298008,1,2,1,15,84
2025-12-13 02:29:07.110282,1,2,1,15,84
2025-12-13 02:29:10.017984,1,1,7,15,84
2025-12-13 02:29:13.932982,1,2,1,15,84
2025-12-13 02:29:17.188729,1,2,5,15,87
2025-12-13 02:29:21.046986,1,2,1,15,90
2025-12-13 02:29:23.969131,1,2,2,15,90
2025-12-13 02:29:27.318019,1,2,4,15,90
2025-12-13 02:29:30.176497,1,2,9,15,90
2025-12-13 02:29:33.039487,1,2,3,15,90
2025-12-13 02:29:35.948016,1,1,7,15,90
2025-12-13 02:29:38.758104,1,1,11,15,90
2025-12-13 02:29:42.567008,1,2,12,15,90
2025-12-13 02:29:46.427426,1,2,2,15,90
2025-12-13 02:29:50.135448,1,2,3,15,90
2025-12-13 02:29:53.995518,1,2,3,15,90
2025-12-13 02:29:57.305460,1,2,7,15,90
2025-12-13 02:30:01.113897,1,1,10,15,89
2025-12-13 02:30:05.473850,1,2,1,15,89
2025-12-13 02:30:08.784687,1,2,12,15,86
2025-12-13 02:30:12.145007,1,2,6,15,83
2025-12-13 02:30:15.054427,1,1,8,15,81
2025-12-13 02:30:18.313341,1,2,1,16,81
2025-12-13 02:30:22.220745,1,2,1,16,81
2025-12-13 02:30:25.083779,1,2,14,17,81
2025-12-13 02:30:28.444499,1,2,2,17,81
2025-12-13 02:30:31.803298,1,2,6,17,81
2025-12-13 02:30:34.662922,1,2,10,17,81
2025-12-13 02:30:38.521163,1,1,1,17,81
2025-12-13 02:30:41.383959,1,2,11,17,81
2025-12-13 02:30:44.242835,1,2,1,17,81
2025-12-13 02:30:48.049377,1,2,1,16,81
2025-12-13 02:30:51.361481,1,2,9,16,81
2025-12-13 02:30:55.206986,1,2,3,16,81
2025-12-13 02:30:57.079129,1,2,2,16,81
2025-12-13 02:30:59.988481,1,2,6,16,81
2025-12-13 02:31:02.798996,1,2,10,16,81
2025-12-13 02:31:07.107109,1,2,8,16,81
2025-12-13 02:31:12.070225,1,2,13,16,81
2025-12-13 02:31:14.990884,1,1,7,16,81
2025-12-13 02:31:18.341837,1,2,1,16,81
2025-12-13 02:31:22.248970,1,2,1,16,81
2025-12-13 02:31:25.111073,1,2,14,16,81
2025-12-13 02:31:28.469008,1,2,14,16,81
2025-12-13 02:31:32.381969,1,2,2,16,86
2025-12-13 02:31:35.194862,1,2,12,15,89
2025-12-13 02:31:39.100746,1,2,12,15,89
2025-12-13 02:31:42.011059,1,1,3,15,89
2025-12-13 02:31:44.820868,1,1,1,15,89
2025-12-13 02:31:49.128744,1,2,1,15,89
2025-12-13 02:31:52.539148,1,2,7,15,82
2025-12-13 02:31:55.399108,1,2,3,15,79
2025-12-13 02:31:58.258475,1,1,1,15,79
2025-12-13 02:32:01.117910,1,2,3,15,78
2025-12-13 02:32:04.478312,1,2,3,14,78
2025-12-13 02:32:08.236991,1,1,3,14,76
2025-12-13 02:32:11.145470,1,2,10,14,78
2025-12-13 02:32:14.556302,1,2,16,14,81
2025-12-13 02:32:17.815344,1,2,10,14,84
2025-12-13 02:32:21.674117,1,2,3,14,85
2025-12-13 02:32:24.584763,1,2,10,14,79
2025-12-13 02:32:27.391942,1,2,2,14,73
2025-12-13 02:32:31.354541,1,2,7,14,70
2025-12-13 02:32:34.811902,1,1,3,14,64
2025-12-13 02:32:37.675758,1,1,1,14,63
2025-12-13 02:32:41.529961,1,2,10,14,63
2025-12-13 02:32:44.841213,1,2,1,15,64
2025-12-13 02:32:48.650121,1,2,1,16,67
2025-12-13 02:32:52.510037,1,2,1,16,70
2025-12-13 02:32:56.019157,1,2,10,16,66
2025-12-13 02:32:58.828549,1,1,11,16,63
2025-12-13 02:33:01.698845,1,2,11,16,63
2025-12-13 02:33:05.547459,1,2,4,16,65
2025-12-13 02:33:08.858708,1,2,6,16,68
2025-12-13 02:33:12.669558,1,2,1,16,71
2025-12-13 02:33:15.577938,1,2,2,16,74
2025-12-13 02:33:18.387272,1,2,7,16,77
2025-12-13 02:33:22.244724,1,1,10,16,80
2025-12-13 02:33:25.160881,1,2,1,16,83
2025-12-13 02:33:28.514840,1,2,2,16,81
2025-12-13 02:33:32.274103,1,1,7,16,71
2025-12-13 02:33:35.140516,1,2,1,16,68
2025-12-13 02:33:38.061888,1,2,8,16,65
2025-12-13 02:33:40.854052,1,1,10,16,64
2025-12-13 02:33:43.715991,1,2,6,16,65
2025-12-13 02:33:47.572284,1,2,15,16,68
2025-12-13 02:33:50.883383,1,2,6,16,71
2025-12-13 02:33:53.749836,1,1,1,14,74
2025-12-13 02:33:56.609488,1,2,5,14,77
2025-12-13 02:33:59.490922,1,2,5,15,79
2025-12-13 02:34:02.275081,1,2,2,15,79
2025-12-13 02:34:06.131428,1,2,8,16,79
2025-12-13 02:34:09.438517,1,2,13,16,79
2025-12-13 02:34:12.900990,1,2,4,15,79
2025-12-13 02:34:15.708771,1,1,1,15,79
2025-12-13 02:34:20.069862,1,2,1,15,79
2025-12-13 02:34:22.877872,1,2,15,15,79
2025-12-13 02:34:25.793541,1,2,7,15,79
2025-12-13 02:34:29.598595,1,2,1,15,79
2025-12-13 02:34:32.460340,1,2,7,15,79
2025-12-13 02:34:35.316870,1,2,1,14,79
2025-12-13 02:34:39.178536,1,2,6,14,79
2025-12-13 02:34:42.088623,1,2,1,14,79
2025-12-13 02:34:44.899551,1,2,14,14,79
2025-12-13 02:34:49.206904,1,2,2,14,79
2025-12-13 02:34:52.619306,1,2,6,14,77
2025-12-13 02:34:55.478191,1,1,1,14,77
2025-12-13 02:34:58.286770,1,2,2,14,77
2025-12-13 02:35:01.195978,1,2,2,14,77
2025-12-13 02:35:04.561330,1,2,1,14,76
2025-12-13 02:35:08.313586,1,2,3,14,74
2025-12-13 02:35:11.826327,1,2,8,14,76
2025-12-13 02:35:14.638783,1,2,2,14,79
2025-12-13 02:35:17.497355,1,2,8,15,82
2025-12-13 02:35:20.303812,1,2,1,15,83
2025-12-13 02:35:24.163459,1,2,8,14,79
2025-12-13 02:35:27.471687,1,2,9,14,76
2025-12-13 02:35:31.338806,1,2,10,14,73
2025-12-13 02:35:34.193307,1,1,5,14,70
2025-12-13 02:35:38.100993,1,2,2,14,70
2025-12-13 02:35:40.917908,1,2,1,14,70
2025-12-13 02:35:43.825920,1,2,2,14,70
2025-12-13 02:35:47.631204,1,2,9,14,68
2025-12-13 02:35:50.541118,1,2,2,14,67
2025-12-13 02:35:53.350313,1,2,9,14,67
2025-12-13 02:35:57.208816,1,1,2,14,67
2025-12-13 02:36:00.149917,1,2,1,14,68
2025-12-13 02:36:02.931187,1,1,4,14,71
2025-12-13 02:36:06.741395,1,1,9,14,71
2025-12-13 02:36:09.649202,1,2,1,14,69
2025-12-13 02:36:12.476290,1,1,2,14,69
2025-12-13 02:36:17.772231,1,2,9,14,74
2025-12-13 02:36:20.691376,1,2,4,13,77
2025-12-13 02:36:23.541241,1,2,8,12,80
2025-12-13 02:36:26.350834,1,2,39,12,83
2025-12-13 02:36:29.211573,1,2,5,12,85
2025-12-13 02:36:32.147936,1,2,3,12,85
2025-12-13 02:36:34.927201,1,2,5,12,85
2025-12-13 02:36:37.788489,1,2,12,12,85
2025-12-13 02:36:41.647367,1,2,40,12,85
2025-12-13 02:36:44.958147,1,1,2,12,85
2025-12-13 02:36:48.317785,1,1,2,12,85
2025-12-13 02:36:51.227438,1,1,1,12,85
2025-12-13 02:36:54.135896,1,1,1,12,85
2025-12-13 02:36:56.944385,1,1,1,12,85
2025-12-13 02:37:00.753895,1,2,1,13,85
2025-12-13 02:37:04.613880,1,1,3,13,85
2025-12-13 02:37:09.473307,1,1,2,14,85
2025-12-13 02:37:12.933606,1,1,2,15,85
2025-12-13 02:37:15.794005,1,1,1,16,85
2025-12-13 02:37:20.153046,1,2,1,16,85
2025-12-13 02:37:22.964436,1,2,2,16,85
2025-12-13 02:37:25.823036,1,1,2,15,85
2025-12-13 02:37:29.234418,1,1,1,16,85
2025-12-13 02:37:32.143925,1,1,1,16,84
2025-12-13 02:37:34.950941,1,2,1,16,81
2025-12-13 02:37:37.811928,1,2,1,16,78
2025-12-13 02:37:41.672377,1,1,1,15,76
2025-12-13 02:37:44.979027,1,1,1,15,76
2025-12-13 02:37:48.788067,1,2,4,14,76
2025-12-13 02:37:51.698399,1,1,2,14,76
2025-12-13 02:37:54.507259,1,1,1,14,76
2025-12-13 02:37:58.415152,1,1,5,14,74
2025-12-13 02:38:01.275447,1,1,1,14,71
2025-12-13 02:38:04.636630,1,1,1,14,72
2025-12-13 02:38:08.394682,1,2,1,14,78
2025-12-13 02:38:11.254546,1,1,1,13,81
2025-12-13 02:38:14.164155,1,1,1,12,82
2025-12-13 02:38:17.437038,1,1,2,12,82
2025-12-13 02:38:21.283961,1,1,2,12,82
2025-12-13 02:38:24.196914,1,1,1,12,82
2025-12-13 02:38:27.003938,1,2,1,12,81
2025-12-13 02:38:29.814666,1,1,1,13,81
2025-12-13 02:38:32.720052,1,1,2,14,77
2025-12-13 02:38:35.581176,1,1,2,16,74
2025-12-13 02:38:38.390898,1,1,1,18,71
2025-12-13 02:38:42.268175,1,1,3,17,72
2025-12-13 02:38:45.560139,1,1,1,15,75
2025-12-13 02:38:49.019366,1,1,1,14,76
2025-12-13 02:38:51.854821,1,1,2,14,76
2025-12-13 02:38:54.754611,1,1,1,13,76
2025-12-13 02:38:58.650014,1,1,1,13,76
2025-12-13 02:39:01.426417,1,2,1,16,76
2025-12-13 02:39:04.325700,1,2,1,18,76
2025-12-13 02:39:09.683525,1,1,1,18,74
2025-12-13 02:39:12.992932,1,1,1,16,74
2025-12-13 02:39:15.852526,1,1,1,15,72
2025-12-13 02:39:18.782460,1,2,2,14,70
2025-12-13 02:39:21.582219,1,1,1,14,69
2025-12-13 02:39:25.534267,1,2,1,13,66
2025-12-13 02:39:28.991591,1,2,2,13,69
2025-12-13 02:39:31.854261,1,1,1,12,69
2025-12-13 02:39:35.715245,1,1,1,12,69
2025-12-13 02:39:39.026200,1,2,1,12,69
2025-12-13 02:39:43.329626,1,1,2,12,69
2025-12-13 02:39:46.719014,1,1,1,12,67
2025-12-13 02:39:50.202020,1,1,1,12,67
2025-12-13 02:39:53.010809,1,2,1,12,67
2025-12-13 02:39:55.870986,1,1,1,12,67
2025-12-13 02:39:59.731683,1,2,4,12,67
2025-12-13 02:40:03.040501,1,2,1,12,67
2025-12-13 02:40:06.850745,1,1,2,12,67
2025-12-13 02:40:09.760727,1,1,1,12,67
2025-12-13 02:40:12.581704,1,2,3,12,67
2025-12-13 02:40:16.429854,1,2,1,12,67
2025-12-13 02:40:19.338055,1,1,1,12,67
2025-12-13 02:40:22.706395,1,1,1,12,67
2025-12-13 02:40:26.456936,1,2,1,12,64
2025-12-13 02:40:30.268580,1,1,1,12,64
2025-12-13 02:40:33.576766,1,1,1,12,64
2025-12-13 02:40:37.390471,1,2,1,12,64
2025-12-13 02:40:41.746479,1,1,2,12,64
2025-12-13 02:40:45.055474,1,2,1,12,64
2025-12-13 02:40:49.366413,1,1,1,12,64
2025-12-13 02:40:53.231941,1,1,3,12,64
2025-12-13 02:40:56.036895,1,1,1,12,64
2025-12-13 02:40:58.897380,1,1,1,12,64
2025-12-13 02:41:02.805042,1,1,1,12,64
2025-12-13 02:41:05.663818,1,1,1,12,66
2025-12-13 02:41:08.472637,1,1,1,12,69
2025-12-13 02:41:11.332837,1,1,3,12,72
2025-12-13 02:41:14.242996,1,1,1,12,75
2025-12-13 02:41:17.502037,1,1,1,12,77
2025-12-13 02:41:21.361844,1,1,3,13,77
2025-12-13 02:41:24.273160,1,1,2,15,77
2025-12-13 02:41:27.086822,1,1,1,15,80
2025-12-13 02:41:29.941413,1,2,1,16,83
2025-12-13 02:41:32.802432,1,1,1,18,86
2025-12-13 02:41:35.664717,1,1,1,19,86
2025-12-13 02:41:38.471191,1,1,2,20,86
2025-12-13 02:41:42.332390,1,1,1,20,86
2025-12-13 02:41:45.640416,1,2,1,22,86
2025-12-13 02:41:48.498376,1,2,5,21,88
2025-12-13 02:41:51.358705,1,1,2,19,88
2025-12-13 02:41:54.269176,1,2,1,17,86
2025-12-13 02:41:57.078866,1,1,2,17,80
2025-12-13 02:42:00.886629,1,1,1,14,75
2025-12-13 02:42:04.754920,1,2,1,13,71
2025-12-13 02:42:08.108149,1,2,1,13,65
2025-12-13 02:42:10.915474,1,1,1,13,63
2025-12-13 02:42:14.826423,1,1,1,12,63
2025-12-13 02:42:17.687013,1,2,4,12,63
2025-12-13 02:42:20.496749,1,1,1,12,63
2025-12-13 02:42:24.359453,1,2,1,12,63
2025-12-13 02:42:27.267962,1,1,1,12,64
2025-12-13 02:42:30.075741,1,1,3,12,65
2025-12-13 02:42:33.984624,1,1,1,12,65
2025-12-13 02:42:36.850523,1,1,1,12,65
2025-12-13 02:42:39.657629,1,2,3,12,65
2025-12-13 02:42:43.965203,1,1,1,12,65
2025-12-13 02:42:46.826014,1,1,1,12,65
2025-12-13 02:42:49.686011,1,1,1,13,65
2025-12-13 02:42:52.493222,1,1,1,15,65
2025-12-13 02:42:55.404582,1,2,3,16,62
2025-12-13 02:42:58.762973,1,1,1,17,62
2025-12-13 02:43:02.544817,1,1,1,16,62
2025-12-13 02:43:05.383928,1,2,1,15,64
2025-12-13 02:43:08.291719,1,1,2,14,65
2025-12-13 02:43:11.108218,1,1,1,13,65
2025-12-13 02:43:13.963934,1,1,1,13,65
2025-12-13 02:43:17.820765,1,1,1,12,65
2025-12-13 02:43:20.731424,1,1,1,12,65
2025-12-13 02:43:23.491856,1,2,1,12,65
2025-12-13 02:43:27.401316,1,2,1,12,65
2025-12-13 02:43:30.310744,1,1,2,12,65
2025-12-13 02:43:33.119322,1,1,1,12,65
2025-12-13 02:43:36.928100,1,2,1,13,65
2025-12-13 02:43:40.790070,1,2,1,14,65
2025-12-13 02:43:44.750473,1,1,4,14,67
2025-12-13 02:43:47.557132,1,1,1,14,67
2025-12-13 02:43:51.418862,1,2,1,14,67
2025-12-13 02:43:54.327261,1,1,1,14,67
2025-12-13 02:43:57.137543,1,1,2,14,67
2025-12-13 02:44:00.944297,1,1,1,16,68
2025-12-13 02:44:04.353937,1,1,1,17,71
2025-12-13 02:44:07.714730,1,2,4,19,77
2025-12-13 02:44:10.522366,1,1,1,18,77
2025-12-13 02:44:13.433770,1,1,1,17,80
2025-12-13 02:44:16.794447,1,2,1,15,81
2025-12-13 02:44:20.553383,1,1,1,14,81
2025-12-13 02:44:23.963238,1,1,1,13,81
2025-12-13 02:44:26.871476,1,1,1,14,81
2025-12-13 02:44:29.733848,1,1,1,16,81
2025-12-13 02:44:32.540406,1,1,1,17,81
2025-12-13 02:44:36.401679,1,1,1,19,84
2025-12-13 02:44:39.710573,1,2,3,20,86
2025-12-13 02:44:43.520891,1,1,1,21,86
2025-12-13 02:44:46.433064,1,1,1,22,86
2025-12-13 02:44:50.341720,1,2,1,22,89
2025-12-13 02:44:53.152786,1,2,2,21,92
2025-12-13 02:44:56.014162,1,1,1,21,95
2025-12-13 02:44:59.871195,1,1,1,18,91
2025-12-13 02:45:02.783969,1,1,2,16,88
2025-12-13 02:45:05.539626,1,1,1,15,85
2025-12-13 02:45:09.450721,1,2,1,13,79
2025-12-13 02:45:12.359695,1,1,1,13,76
2025-12-13 02:45:15.171005,1,1,1,13,73
2025-12-13 02:45:19.528139,1,1,1,12,70
2025-12-13 02:45:22.936352,1,1,1,12,69
2025-12-13 02:45:26.351214,1,1,1,12,71
2025-12-13 02:45:29.161337,1,1,1,12,74
2025-12-13 02:45:32.072354,1,1,2,11,77
2025-12-13 02:45:35.876598,1,1,1,11,80
2025-12-13 02:45:39.185657,1,1,1,11,82
2025-12-13 02:45:42.994164,1,1,1,11,82
2025-12-13 02:45:45.910822,1,2,3,11,82
2025-12-13 02:45:48.716010,1,1,1,11,82
2025-12-13 02:45:52.578706,1,1,1,11,79
2025-12-13 02:45:55.485424,1,1,2,11,73
2025-12-13 02:45:58.848139,1,1,1,11,69
2025-12-13 02:46:02.604527,1,1,1,11,63
2025-12-13 02:46:06.415503,1,1,1,11,62
2025-12-13 02:46:09.724164,1,1,2,11,62
2025-12-13 02:46:14.033314,1,1,1,11,62
2025-12-13 02:46:17.893789,1,1,1,11,62
2025-12-13 02:46:21.203637,1,2,4,11,65
2025-12-13 02:46:25.023382,1,2,2,11,68
2025-12-13 02:46:27.922322,1,1,1,11,68
2025-12-13 02:46:30.733248,1,1,1,11,68
2025-12-13 02:46:34.590591,1,1,1,11,68
2025-12-13 02:46:37.505907,1,1,2,11,68
2025-12-13 02:46:40.862531,1,1,1,11,68
2025-12-13 02:46:44.620455,1,1,1,11,69
2025-12-13 02:46:47.478896,1,2,4,11,72
2025-12-13 02:46:50.388468,1,1,1,11,75
2025-12-13 02:46:53.201447,1,1,1,11,77
2025-12-13 02:46:56.107877,1,2,2,11,75
2025-12-13 02:46:59.917721,1,1,1,11,72
2025-12-13 02:47:03.227258,1,1,1,11,69
2025-12-13 02:47:06.040150,1,2,3,11,66
2025-12-13 02:47:08.947168,1,2,1,11,65
2025-12-13 02:47:11.811961,1,1,1,11,65
2025-12-13 02:47:14.666586,1,1,1,11,65
2025-12-13 02:47:18.476000,1,1,1,11,65
2025-12-13 02:47:21.784827,1,1,1,11,65
2025-12-13 02:47:25.652857,1,2,2,11,65
2025-12-13 02:47:28.504975,1,1,1,11,65
2025-12-13 02:47:32.416292,1,1,1,11,65
2025-12-13 02:47:35.225357,1,2,1,11,65
2025-12-13 02:47:38.084906,1,1,1,11,65
2025-12-13 02:47:41.945105,1,1,1,11,65
2025-12-13 02:47:44.809745,1,1,1,11,65
2025-12-13 02:47:47.663073,1,1,1,11,65
2025-12-13 02:47:51.522843,1,1,2,11,65
2025-12-13 02:47:54.438716,1,1,1,11,65
2025-12-13 02:47:57.241080,1,2,1,11,65
2025-12-13 02:48:01.050603,1,1,1,11,65
2025-12-13 02:48:04.044824,1,1,1,11,65
2025-12-13 02:48:08.426606,1,1,1,11,65
2025-12-13 02:48:11.257975,1,1,1,11,65
2025-12-13 02:48:14.138849,1,1,1,11,65
2025-12-13 02:48:17.967998,1,1,1,11,65
2025-12-13 02:48:21.301054,1,1,1,11,65
2025-12-13 02:48:25.136965,1,2,1,11,65
2025-12-13 02:48:27.977069,1,2,1,11,65
2025-12-13 02:48:30.797975,1,1,1,11,65
2025-12-13 02:48:34.685523,1,1,1,11,65
2025-12-13 02:48:37.653358,1,1,1,11,65
2025-12-13 02:48:40.949261,1,2,2,11,65
2025-12-13 02:48:44.675287,1,1,1,11,65
2025-12-13 02:48:48.485252,1,1,1,12,65
2025-12-13 02:48:51.794072,1,1,1,12,65
2025-12-13 02:48:56.157565,1,1,2,13,65
2025-12-13 02:49:00.004679,1,1,1,13,65
2025-12-13 02:49:03.304090,1,1,1,14,65
2025-12-13 02:49:07.583357,1,1,1,14,64
2025-12-13 02:49:11.005110,1,1,1,14,64
2025-12-13 02:49:13.851866,1,2,3,14,64
2025-12-13 02:49:16.665549,1,1,1,14,64
2025-12-13 02:49:19.582289,1,1,1,13,64
2025-12-13 02:49:22.933381,1,1,1,13,64
2025-12-13 02:49:26.688030,1,1,1,12,64
2025-12-13 02:49:29.611723,1,1,2,12,64
2025-12-13 02:49:32.458306,1,1,1,12,67
2025-12-13 02:49:35.274453,1,1,1,14,70
2025-12-13 02:49:38.130526,1,1,1,16,73
2025-12-13 02:49:41.987296,1,1,1,16,76
2025-12-13 02:49:45.298465,1,1,1,15,76
2025-12-13 02:49:48.720031,1,2,1,15,76
2025-12-13 02:49:52.030312,1,1,1,14,76
2025-12-13 02:49:54.827090,1,1,1,14,76
2025-12-13 02:50:00.138319,1,1,1,14,76
2025-12-13 02:50:03.055102,1,1,1,14,73
2025-12-13 02:50:05.907211,1,1,1,14,72
2025-12-13 02:50:08.666514,1,1,1,14,72
2025-12-13 02:50:12.526191,1,2,1,14,72
2025-12-13 02:50:15.877925,1,1,1,13,72
2025-12-13 02:50:19.647309,1,2,1,13,72
2025-12-13 02:50:24.006995,1,2,2,13,74
2025-12-13 02:50:27.328074,1,1,1,13,75
2025-12-13 02:50:30.674356,1,1,1,13,78
2025-12-13 02:50:33.583917,1,1,1,13,79
2025-12-13 02:50:36.520592,1,1,1,13,79
2025-12-13 02:50:39.328573,1,1,2,13,79
2025-12-13 02:50:43.115332,1,1,1,13,81
2025-12-13 02:50:46.972469,1,1,1,13,84
2025-12-13 02:50:50.933724,1,2,1,13,86
2025-12-13 02:50:53.743215,1,1,1,13,86
2025-12-13 02:50:57.606751,1,1,2,13,86
2025-12-13 02:51:00.512401,1,1,1,13,86
2025-12-13 02:51:03.318606,1,2,1,13,86
2025-12-13 02:51:07.129275,1,1,1,13,86
2025-12-13 02:51:10.987552,1,1,1,13,86
2025-12-13 02:51:14.502041,1,1,1,13,80
2025-12-13 02:51:17.358558,1,1,2,13,74
2025-12-13 02:51:20.168776,1,1,1,13,71
2025-12-13 02:51:24.029064,1,2,3,13,68
2025-12-13 02:51:27.341871,1,1,1,13,65
2025-12-13 02:51:31.272003,1,1,1,13,68
2025-12-13 02:51:34.610211,1,1,1,14,69
2025-12-13 02:51:38.521078,1,1,1,14,65
2025-12-13 02:51:41.329683,1,1,1,14,66
2025-12-13 02:51:44.189826,1,2,1,14,69
2025-12-13 02:51:48.048782,1,2,1,14,72
2025-12-13 02:51:50.958562,1,1,1,14,75
2025-12-13 02:51:53.720360,1,2,1,14,78
2025-12-13 02:51:57.627383,1,1,1,14,81
2025-12-13 02:52:00.538710,1,1,2,14,84
2025-12-13 02:52:03.349058,1,1,1,14,87
2025-12-13 02:52:07.162773,1,2,1,14,90
2025-12-13 02:52:10.619533,1,1,2,14,90
2025-12-13 02:52:15.029324,1,1,1,14,90
2025-12-13 02:52:18.338875,1,1,1,14,88
2025-12-13 02:52:22.245740,1,1,2,13,85
2025-12-13 02:52:25.113740,1,1,1,12,85
2025-12-13 02:52:27.924326,1,2,3,13,85
2025-12-13 02:52:31.878871,1,1,1,13,83
2025-12-13 02:52:35.336063,1,1,1,13,77
2025-12-13 02:52:38.197503,1,1,1,13,77
2025-12-13 02:52:42.057700,1,1,2,13,77
2025-12-13 02:52:45.365479,1,1,1,13,77
2025-12-13 02:52:49.676464,1,1,1,13,75
2025-12-13 02:52:54.636130,1,1,2,13,68
2025-12-13 02:52:57.546293,1,1,1,13,65
2025-12-13 02:53:00.355070,1,1,1,13,63
2025-12-13 02:53:04.214328,1,2,3,13,63
2025-12-13 02:53:07.125705,1,2,1,13,64
2025-12-13 02:53:09.942139,1,1,1,13,67
2025-12-13 02:53:13.794326,1,2,1,13,67
2025-12-13 02:53:16.653525,1,1,1,12,67
2025-12-13 02:53:20.562996,1,1,1,12,67
2025-12-13 02:53:23.374804,1,1,1,12,67
2025-12-13 02:53:26.276085,1,2,2,12,66
2025-12-13 02:53:30.092286,1,1,1,12,65
2025-12-13 02:53:33.401803,1,1,1,12,65
2025-12-13 02:53:36.214203,1,1,1,13,65
2025-12-13 02:53:39.121762,1,1,1,13,65
2025-12-13 02:53:41.985110,1,1,1,13,64
2025-12-13 02:53:44.789343,1,1,1,13,64
2025-12-13 02:53:48.651119,1,2,1,13,64
2025-12-13 02:53:51.968417,1,2,1,13,64
2025-12-13 02:53:54.818402,1,1,1,13,64
2025-12-13 02:53:57.680499,1,1,1,13,64
2025-12-13 02:54:00.588664,1,1,1,13,64
2025-12-13 02:54:03.398221,1,1,2,13,64
2025-12-13 02:54:07.205828,1,1,1,13,65
2025-12-13 02:54:11.068460,1,1,1,13,68
2025-12-13 02:54:15.425886,1,2,21,13,74
2025-12-13 02:54:18.235841,1,2,4,13,76
2025-12-13 02:54:21.153795,1,2,8,13,74
2025-12-13 02:54:24.002765,1,2,18,13,71
2025-12-13 02:54:26.812789,1,2,10,13,74
2025-12-13 02:54:30.672044,1,1,1,13,76
2025-12-13 02:54:33.582816,1,1,1,13,76
2025-12-13 02:54:36.395298,1,1,1,13,76
2025-12-13 02:54:40.258590,1,1,1,13,76
2025-12-13 02:54:43.167073,1,1,1,13,76
2025-12-13 02:54:45.969960,1,1,1,13,74
2025-12-13 02:54:49.779725,1,1,1,13,71
2025-12-13 02:54:53.691693,1,1,1,13,65
2025-12-13 02:54:56.603534,1,1,1,12,64
2025-12-13 02:54:59.410047,1,2,1,11,64
2025-12-13 02:55:02.318817,1,1,1,11,64
2025-12-13 02:55:06.134797,1,1,1,11,64
2025-12-13 02:55:09.438107,1,1,1,11,64
2025-12-13 02:55:12.797419,1,1,1,13,64
2025-12-13 02:55:15.708068,1,1,1,17,64
2025-12-13 02:55:18.968050,1,1,1,18,64
2025-12-13 02:55:22.826901,1,1,1,19,64
2025-12-13 02:55:25.736937,1,1,1,19,64
2025-12-13 02:55:29.098602,1,1,1,19,67
2025-12-13 02:55:32.454864,1,1,1,17,67
2025-12-13 02:55:35.267358,1,1,1,18,66
2025-12-13 02:55:39.173613,1,1,1,19,65
2025-12-13 02:55:42.035102,1,1,1,17,65
2025-12-13 02:55:44.843134,1,1,1,16,65
2025-12-13 02:55:48.702730,1,1,1,16,65
2025-12-13 02:55:52.013612,1,1,1,20,65
2025-12-13 02:55:54.827108,1,1,1,21,65
2025-12-13 02:55:57.732767,1,1,1,21,65
2025-12-13 02:56:00.640930,1,1,1,22,64
2025-12-13 02:56:03.450342,1,1,1,22,64
2025-12-13 02:56:07.260811,1,1,1,23,64
2025-12-13 02:56:10.673764,1,1,1,23,65
2025-12-13 02:56:14.028325,1,1,1,23,65
2025-12-13 02:56:16.844243,1,1,1,23,65
2025-12-13 02:56:21.196804,1,1,1,23,63
2025-12-13 02:56:24.068230,1,1,1,23,63
2025-12-13 02:56:26.868216,1,1,1,20,63
2025-12-13 02:56:30.727921,1,2,1,17,63
2025-12-13 02:56:34.639448,1,1,1,15,63
2025-12-13 02:56:37.446614,1,1,1,17,63
2025-12-13 02:56:40.315888,1,1,1,19,66
2025-12-13 02:56:43.217029,1,1,1,20,68
2025-12-13 02:56:46.028108,1,1,1,20,70
2025-12-13 02:56:49.837445,1,1,1,19,67
2025-12-13 02:56:53.748534,1,1,1,17,64
2025-12-13 02:56:56.658246,1,1,1,16,64
2025-12-13 02:56:59.467350,1,1,1,18,64
2025-12-13 02:57:03.734691,1,1,1,19,64
2025-12-13 02:57:06.185415,1,1,1,19,64
2025-12-13 02:57:09.496951,1,1,1,20,64
2025-12-13 02:57:12.304301,1,1,1,20,64
2025-12-13 02:57:15.215468,1,1,1,21,64
2025-12-13 02:57:18.078571,1,1,1,21,66
2025-12-13 02:57:20.882964,1,1,1,21,69
2025-12-13 02:57:24.742413,1,1,1,21,69
2025-12-13 02:57:28.052753,1,1,1,21,69
2025-12-13 02:57:30.861661,1,1,1,21,69
2025-12-13 02:57:33.770596,1,1,1,22,67
2025-12-13 02:57:36.680895,1,1,1,22,67
2025-12-13 02:57:39.488777,1,1,1,22,67
2025-12-13 02:57:43.799654,1,1,1,23,67
2025-12-13 02:57:47.161162,1,1,1,23,67
2025-12-13 02:57:50.871460,1,1,1,23,66
2025-12-13 02:57:54.727125,1,1,1,23,66
2025-12-13 02:57:58.035572,1,1,1,23,66
2025-12-13 02:58:01.847858,1,1,1,23,66
2025-12-13 02:58:06.228581,1,1,1,23,66
2025-12-13 02:58:09.516619,1,1,1,23,66
2025-12-13 02:58:12.875508,1,1,1,24,66
2025-12-13 02:58:15.784457,1,1,1,24,66
2025-12-13 02:58:19.045074,1,1,1,24,66
2025-12-13 02:58:22.901905,1,1,1,24,66
2025-12-13 02:58:25.816755,1,1,1,24,66
2025-12-13 02:58:29.172388,1,1,1,24,66
2025-12-13 02:58:32.934314,1,1,1,24,66
2025-12-13 02:58:36.743213,1,1,1,24,66
2025-12-13 02:58:40.051591,1,1,1,24,66
2025-12-13 02:58:43.864598,1,1,1,24,66
2025-12-13 02:58:48.219911,1,1,1,24,66
2025-12-13 02:58:51.532344,1,1,1,24,66
2025-12-13 02:58:55.341599,1,1,1,24,66
2025-12-13 02:59:00.200296,1,1,1,24,66
2025-12-13 02:59:03.511282,1,1,1,22,66
2025-12-13 02:59:07.317740,1,1,1,23,67
2025-12-13 02:59:11.181076,1,1,1,23,70
2025-12-13 02:59:14.945769,1,1,1,24,76
2025-12-13 02:59:18.797570,1,1,1,24,78
2025-12-13 02:59:21.707706,1,1,1,24,78
2025-12-13 02:59:24.517341,1,1,1,24,79
2025-12-13 02:59:28.379303,1,1,1,22,82
2025-12-13 02:59:31.302829,1,1,1,21,84
2025-12-13 02:59:34.094442,1,1,1,22,85
2025-12-13 02:59:37.907550,1,1,1,21,88
2025-12-13 02:59:41.311530,1,1,1,22,94
2025-12-13 02:59:44.723388,1,1,1,22,97
2025-12-13 02:59:47.532395,1,1,1,23,100
2025-12-13 02:59:50.391845,1,1,1,20,102
2025-12-13 02:59:54.250247,1,1,1,18,96
2025-12-13 02:59:57.561565,1,1,1,16,90
2025-12-13 03:00:01.368944,1,1,1,17,84
2025-12-13 03:00:04.277374,1,1,1,18,78
2025-12-13 03:00:07.090819,1,1,1,19,73
2025-12-13 03:00:10.947113,1,1,1,20,70
2025-12-13 03:00:13.858176,1,1,1,21,67
2025-12-13 03:00:17.216898,1,1,1,21,65
2025-12-13 03:00:20.978353,1,1,1,22,65
2025-12-13 03:00:24.786905,1,1,1,22,65
2025-12-13 03:00:28.096999,1,1,1,23,65
2025-12-13 03:00:31.908816,1,1,1,23,65
2025-12-13 03:00:36.269974,1,1,1,23,65
2025-12-13 03:00:39.578033,1,1,1,23,65
2025-12-13 03:00:43.390102,1,1,1,22,65
2025-12-13 03:00:46.294861,1,1,1,20,65
2025-12-13 03:00:49.115350,1,1,1,17,65
2025-12-13 03:00:52.966478,1,1,1,16,65
2025-12-13 03:00:55.872306,1,1,1,15,65
2025-12-13 03:00:59.236502,1,1,1,14,65
2025-12-13 03:01:02.990951,1,1,1,13,65
2025-12-13 03:01:05.900305,1,1,1,13,65
2025-12-13 03:01:09.317342,1,1,1,12,65
2025-12-13 03:01:12.169345,1,1,1,12,65
2025-12-13 03:01:14.977324,1,1,1,12,65
2025-12-13 03:01:18.838358,1,1,1,12,65
2025-12-13 03:01:22.153546,1,1,1,12,65
2025-12-13 03:01:25.956174,1,1,1,12,65
2025-12-13 03:01:28.867222,1,1,1,12,65
2025-12-13 03:01:32.776669,1,1,1,12,65
2025-12-13 03:01:35.584899,1,1,1,12,65
2025-12-13 03:01:38.443314,1,1,1,12,65
2025-12-13 03:01:42.302290,1,1,1,14,67
2025-12-13 03:01:45.613651,1,1,1,16,70
2025-12-13 03:01:48.422575,1,1,1,17,73
2025-12-13 03:01:51.336357,1,1,1,18,76
2025-12-13 03:01:54.200115,1,1,1,19,79
2025-12-13 03:01:57.000672,1,1,1,20,82
2025-12-13 03:02:00.862840,1,1,1,21,85
2025-12-13 03:02:04.171589,1,1,1,22,88
2025-12-13 03:02:06.978748,1,1,1,23,91
2025-12-13 03:02:09.893765,1,1,1,23,94
2025-12-13 03:02:12.797692,1,1,1,23,96
2025-12-13 03:02:15.612891,1,1,1,23,96
2025-12-13 03:02:19.416125,1,1,1,24,96
2025-12-13 03:02:23.277191,1,1,1,24,96
2025-12-13 03:02:26.635714,1,1,1,24,96
2025-12-13 03:02:29.446392,1,1,1,25,96
2025-12-13 03:02:33.353846,1,1,1,25,96
2025-12-13 03:02:36.214531,1,1,1,25,96
2025-12-13 03:02:39.023418,1,1,1,23,96
2025-12-13 03:02:42.884308,1,1,1,20,92
2025-12-13 03:02:46.194208,1,1,1,17,86
2025-12-13 03:02:49.001591,1,1,1,16,80
2025-12-13 03:02:51.912204,1,1,1,15,74
2025-12-13 03:02:54.823530,1,1,1,15,71
2025-12-13 03:02:57.629580,1,1,1,15,69
2025-12-13 03:03:01.439733,1,1,1,14,69
2025-12-13 03:03:05.297934,1,1,1,14,69
2025-12-13 03:03:08.815123,1,1,1,14,69
2025-12-13 03:03:11.619859,1,1,1,14,69
2025-12-13 03:03:14.477917,1,1,1,14,69
2025-12-13 03:03:18.337074,1,1,1,14,69
2025-12-13 03:03:21.647802,1,1,1,14,67
2025-12-13 03:03:25.456305,1,1,1,14,64
2025-12-13 03:03:28.366188,1,1,1,14,64
2025-12-13 03:03:31.189582,1,1,1,14,64
2025-12-13 03:03:35.034722,1,1,1,13,64
2025-12-13 03:03:37.945230,1,1,1,13,64
2025-12-13 03:03:41.310112,1,1,1,12,64
2025-12-13 03:03:45.064135,1,1,1,12,64
2025-12-13 03:03:47.995206,1,1,1,12,64
2025-12-13 03:03:51.382812,1,1,1,12,64
2025-12-13 03:03:54.241713,1,1,1,12,64
2025-12-13 03:03:57.054348,1,1,1,12,64
2025-12-13 03:04:00.912159,1,1,1,12,64
2025-12-13 03:04:04.219216,1,1,1,12,64
2025-12-13 03:04:07.684355,1,1,1,12,64
2025-12-13 03:04:11.046389,1,1,1,12,64
2025-12-13 03:04:13.955472,1,1,1,12,64
2025-12-13 03:04:17.313941,1,1,1,12,64
2025-12-13 03:04:21.069849,1,1,1,12,64
2025-12-13 03:04:24.929458,1,1,1,12,64
2025-12-13 03:04:28.287685,1,1,1,14,64
2025-12-13 03:04:31.046791,1,1,1,16,66
2025-12-13 03:04:33.954719,1,1,1,17,69
2025-12-13 03:04:36.864128,1,1,1,16,72
2025-12-13 03:04:39.671830,1,1,1,16,75
2025-12-13 03:04:43.481714,1,1,1,14,72
2025-12-13 03:04:47.341216,1,1,1,13,69
2025-12-13 03:04:50.716049,1,1,1,13,69
2025-12-13 03:04:53.512792,1,1,1,12,69
2025-12-13 03:04:57.421458,1,1,1,12,66
2025-12-13 03:05:00.279451,1,1,1,12,65
2025-12-13 03:05:03.087956,1,1,1,12,65
2025-12-13 03:05:06.949194,1,1,1,12,65
2025-12-13 03:05:09.859270,1,1,1,12,65
2025-12-13 03:05:12.670500,1,1,1,12,65
2025-12-13 03:05:16.529277,1,1,1,12,65
2025-12-13 03:05:19.437609,1,1,1,12,65
2025-12-13 03:05:22.248424,1,1,1,12,65
2025-12-13 03:05:26.057096,1,1,1,12,65
2025-12-13 03:05:28.966883,1,1,1,12,65
2025-12-13 03:05:32.884978,1,1,1,12,65
2025-12-13 03:05:35.683925,1,1,1,12,65
2025-12-13 03:05:38.545569,1,1,1,12,65
2025-12-13 03:05:42.403618,1,1,1,12,65
2025-12-13 03:05:45.714723,1,1,1,12,65
2025-12-13 03:05:49.121984,1,1,1,12,65
2025-12-13 03:05:52.432908,1,1,1,12,65
2025-12-13 03:05:55.242354,1,1,1,12,65
2025-12-13 03:05:59.102555,1,1,1,13,65
2025-12-13 03:06:02.013995,1,1,1,13,65
2025-12-13 03:06:05.371189,1,1,1,13,64
2025-12-13 03:06:09.133374,1,1,1,13,64
2025-12-13 03:06:12.940674,1,1,1,13,64
2025-12-13 03:06:16.252808,1,1,1,13,64
2025-12-13 03:06:20.062174,1,1,1,12,64
2025-12-13 03:06:24.418584,1,1,1,12,64
2025-12-13 03:06:27.728263,1,1,1,12,64
2025-12-13 03:06:31.537595,1,1,1,12,64
2025-12-13 03:06:34.449898,1,1,1,12,64
2025-12-13 03:06:37.258292,1,1,1,12,63
2025-12-13 03:06:41.116682,1,1,1,12,63
2025-12-13 03:06:44.028387,1,1,1,12,63
2025-12-13 03:06:47.385637,1,1,1,12,63
2025-12-13 03:06:51.144545,1,1,1,12,63
2025-12-13 03:06:54.005265,1,1,1,12,63
2025-12-13 03:06:56.915155,1,1,1,12,63
2025-12-13 03:06:59.724521,1,1,1,12,63
2025-12-13 03:07:02.584632,1,1,1,12,63
2025-12-13 03:07:06.447442,1,1,1,12,63
2025-12-13 03:07:09.752499,1,1,1,12,63
2025-12-13 03:07:13.120752,1,1,1,12,63
2025-12-13 03:07:16.028216,1,1,1,12,63
2025-12-13 03:07:19.281944,1,1,1,12,63
2025-12-13 03:07:23.140227,1,1,1,13,63
2025-12-13 03:07:26.051028,1,1,1,13,63
2025-12-13 03:07:29.411001,1,1,1,13,63
2025-12-13 03:07:32.768806,1,1,1,13,63
2025-12-13 03:07:35.581882,1,1,1,13,63
2025-12-13 03:07:39.488941,1,1,1,13,63
2025-12-13 03:07:42.348414,1,1,1,13,63
2025-12-13 03:07:45.163218,1,1,1,13,63
2025-12-13 03:07:49.016809,1,1,1,13,63
2025-12-13 03:07:52.327600,1,1,1,13,63
2025-12-13 03:07:55.134864,1,1,1,13,63
2025-12-13 03:07:58.045390,1,1,1,13,63
2025-12-13 03:08:00.956428,1,1,12,13,63
2025-12-13 03:08:03.765006,1,2,12,13,63
2025-12-13 03:08:07.621912,1,2,6,13,63
2025-12-13 03:08:10.532619,1,2,2,13,66
2025-12-13 03:08:14.942996,1,2,1,14,72
2025-12-13 03:08:18.203658,1,1,1,14,75
2025-12-13 03:08:22.062208,1,1,1,17,78
2025-12-13 03:08:24.972199,1,1,1,17,81
2025-12-13 03:08:27.780356,1,2,2,17,84
2025-12-13 03:08:31.587512,1,1,1,16,86
2025-12-13 03:08:35.000445,1,2,6,17,86
2025-12-13 03:08:38.356914,1,1,1,18,86
2025-12-13 03:08:41.168399,1,1,1,19,86
2025-12-13 03:08:44.079361,1,1,4,18,86
2025-12-13 03:08:47.437705,1,2,4,17,86
2025-12-13 03:08:51.246974,1,1,7,17,86
2025-12-13 03:08:54.105891,1,2,1,16,84
2025-12-13 03:09:00.069006,1,2,3,16,77
2025-12-13 03:09:02.979708,1,1,1,16,74
2025-12-13 03:09:05.790662,1,2,1,16,73
2025-12-13 03:09:08.698964,1,2,6,16,76
2025-12-13 03:09:12.507080,1,1,1,18,79
2025-12-13 03:09:15.368714,1,1,1,17,82
2025-12-13 03:09:18.178088,1,2,5,16,83
2025-12-13 03:09:22.087489,1,1,4,15,84
2025-12-13 03:09:24.998858,1,1,8,14,84
2025-12-13 03:09:27.809753,1,1,5,14,84
2025-12-13 03:09:31.625037,1,1,3,14,84
2025-12-13 03:09:34.526671,1,1,3,14,84
2025-12-13 03:09:37.335328,1,1,1,14,84
2025-12-13 03:09:42.156209,1,1,1,14,84
2025-12-13 03:09:46.013436,1,2,1,14,84
2025-12-13 03:09:48.820061,1,1,3,14,84
2025-12-13 03:09:52.732449,1,1,1,14,84
2025-12-13 03:09:56.089488,1,2,1,14,84
2025-12-13 03:09:59.448005,1,1,2,14,84
2025-12-13 03:10:03.207041,1,1,1,16,84
2025-12-13 03:10:08.117395,1,2,1,20,84
2025-12-13 03:10:11.482066,1,1,1,21,84
2025-12-13 03:10:15.240446,1,2,3,21,82
2025-12-13 03:10:18.094145,1,1,4,22,76
2025-12-13 03:10:21.006281,1,1,1,22,71
2025-12-13 03:10:23.822637,1,2,4,20,68
2025-12-13 03:10:26.732108,1,1,1,18,65
2025-12-13 03:10:30.532470,1,2,2,20,65
2025-12-13 03:10:33.845373,1,2,1,21,65
2025-12-13 03:10:36.652941,1,1,1,21,65
2025-12-13 03:10:39.560890,1,1,1,22,63
2025-12-13 03:10:42.419441,1,2,5,22,63
2025-12-13 03:10:45.228314,1,1,1,23,63
2025-12-13 03:10:49.088501,1,1,1,20,63
2025-12-13 03:10:52.398559,1,2,8,20,63
2025-12-13 03:10:55.860715,1,1,1,21,63
2025-12-13 03:10:58.717398,1,1,1,21,63
2025-12-13 03:11:01.584489,1,2,2,22,63
2025-12-13 03:11:04.385662,1,1,2,22,63
2025-12-13 03:11:08.198411,1,1,3,22,63
2025-12-13 03:11:12.073144,1,1,2,23,63
2025-12-13 03:11:15.419778,1,1,1,22,63
2025-12-13 03:11:18.828271,1,2,2,22,63
2025-12-13 03:11:22.697055,1,1,1,23,63
2025-12-13 03:11:25.597629,1,1,1,23,66
2025-12-13 03:11:28.406397,1,2,2,22,69
2025-12-13 03:11:32.215566,1,1,1,23,69
2025-12-13 03:11:35.625407,1,1,1,20,69
2025-12-13 03:11:39.036066,1,1,1,21,70
2025-12-13 03:11:41.845851,1,2,4,22,73
2025-12-13 03:11:44.759361,1,1,1,23,76
2025-12-13 03:11:48.567035,1,2,1,23,79
2025-12-13 03:11:51.875815,1,1,6,23,78
2025-12-13 03:11:55.233950,1,1,1,21,76
2025-12-13 03:11:58.151986,1,1,1,18,72
2025-12-13 03:12:01.054951,1,1,1,18,69
2025-12-13 03:12:03.863156,1,1,1,18,66
2025-12-13 03:12:07.672218,1,1,1,19,65
2025-12-13 03:12:11.531155,1,1,1,20,65
2025-12-13 03:12:15.491882,1,2,1,21,65
2025-12-13 03:12:18.260676,1,1,1,21,65
2025-12-13 03:12:22.162598,1,1,3,22,65
2025-12-13 03:12:25.070050,1,1,1,22,65
2025-12-13 03:12:27.880920,1,2,1,22,65
2025-12-13 03:12:32.190407,1,1,4,20,65
2025-12-13 03:12:37.150927,1,1,1,17,65
2025-12-13 03:12:40.065251,1,1,1,15,67
2025-12-13 03:12:42.870736,1,1,1,15,70
2025-12-13 03:12:46.729311,1,2,3,14,72
2025-12-13 03:12:49.639916,1,1,2,14,71
2025-12-13 03:12:52.447086,1,1,1,15,69
2025-12-13 03:12:56.258552,1,2,1,16,69
2025-12-13 03:12:59.172408,1,2,2,16,69
2025-12-13 03:13:03.086389,1,1,4,16,70
2025-12-13 03:13:05.890021,1,1,1,17,71
2025-12-13 03:13:08.750171,1,2,3,18,74
2025-12-13 03:13:12.612943,1,2,5,19,77
2025-12-13 03:13:15.921432,1,1,1,20,80
2025-12-13 03:13:18.778773,1,1,1,21,83
2025-12-13 03:13:21.641561,1,2,6,22,86
2025-12-13 03:13:24.499029,1,2,4,22,86
2025-12-13 03:13:27.308028,1,1,1,23,86
2025-12-13 03:13:31.168071,1,1,1,23,86
2025-12-13 03:13:34.078621,1,1,1,20,86
2025-12-13 03:13:36.888333,1,1,1,20,86
2025-12-13 03:13:40.807640,1,1,1,21,87
2025-12-13 03:13:43.657777,1,1,1,22,90
2025-12-13 03:13:46.468792,1,1,1,22,91
2025-12-13 03:13:50.827321,1,1,1,23,91
2025-12-13 03:13:55.149141,1,1,1,23,91
2025-12-13 03:13:58.447625,1,1,1,24,91
2025-12-13 03:14:02.757461,1,1,1,24,93
2025-12-13 03:14:06.617595,1,1,1,24,96
2025-12-13 03:14:09.927591,1,1,1,24,95
2025-12-13 03:14:14.237152,1,1,1,19,95
2025-12-13 03:14:18.100362,1,1,1,19,85
2025-12-13 03:14:20.913770,1,2,1,20,79
2025-12-13 03:14:23.768927,1,1,1,20,76
2025-12-13 03:14:27.680674,1,1,1,21,73
2025-12-13 03:14:30.558298,1,2,5,22,70
2025-12-13 03:14:33.354471,1,1,3,22,70
2025-12-13 03:14:36.206751,1,1,1,22,70
2025-12-13 03:14:39.115817,1,2,1,23,70
2025-12-13 03:14:41.925687,1,1,4,23,70
2025-12-13 03:14:44.786124,1,2,11,20,72
2025-12-13 03:14:48.644956,1,2,2,18,74
2025-12-13 03:14:51.956410,1,1,2,16,74
2025-12-13 03:14:55.361868,1,2,1,15,74
2025-12-13 03:14:58.672416,1,2,21,13,74
2025-12-13 03:15:01.481515,1,2,9,14,74
2025-12-13 03:15:05.338685,1,2,14,16,74
2025-12-13 03:15:08.249243,1,2,3,17,77
2025-12-13 03:15:11.609704,1,2,1,18,78
2025-12-13 03:15:15.369579,1,1,1,19,78
2025-12-13 03:15:19.198696,1,1,1,20,80
2025-12-13 03:15:22.490267,1,1,1,22,83
2025-12-13 03:15:26.798138,1,1,1,22,86
2025-12-13 03:15:30.658559,1,2,2,22,86
2025-12-13 03:15:33.968882,1,2,2,22,84
2025-12-13 03:15:38.279526,1,1,1,22,78
2025-12-13 03:15:41.685170,1,2,2,21,70
2025-12-13 03:15:44.545340,1,1,1,20,67
2025-12-13 03:15:47.405366,1,2,2,21,67
2025-12-13 03:15:50.264605,1,2,3,21,64
2025-12-13 03:15:53.622728,1,2,2,21,64
2025-12-13 03:15:57.385303,1,2,4,21,69
2025-12-13 03:16:00.299954,1,1,2,21,72
2025-12-13 03:16:04.153302,1,2,3,19,74
2025-12-13 03:16:06.962755,1,2,8,19,74
2025-12-13 03:16:10.821054,1,2,41,17,74
2025-12-13 03:16:13.731494,1,2,6,23,74
2025-12-13 03:16:16.545978,1,2,1,23,108
2025-12-13 03:16:20.001275,1,1,1,24,111
2025-12-13 03:16:22.810559,1,2,1,23,114
2025-12-13 03:16:25.719509,1,1,1,23,117
2025-12-13 03:16:28.527421,1,1,1,22,120
2025-12-13 03:16:32.338001,1,1,1,20,114
2025-12-13 03:16:36.698079,1,1,1,19,102
2025-12-13 03:16:41.756552,1,2,1,18,90
2025-12-13 03:16:45.168472,1,1,2,17,85
2025-12-13 03:16:47.979440,1,1,1,17,82
2025-12-13 03:16:50.837667,1,1,1,17,79
2025-12-13 03:16:54.697538,1,1,1,17,78
2025-12-13 03:16:58.009854,1,1,1,16,78
2025-12-13 03:17:01.416692,1,1,1,15,78
2025-12-13 03:17:04.776605,1,2,2,15,78
2025-12-13 03:17:09.185748,1,1,1,17,73
2025-12-13 03:17:11.994436,1,1,1,18,73
2025-12-13 03:17:14.855908,1,2,1,19,73
2025-12-13 03:17:18.714321,1,1,1,20,73
2025-12-13 03:17:22.024863,1,1,1,21,73
2025-12-13 03:17:24.834128,1,1,1,20,73
2025-12-13 03:17:27.742507,1,1,1,21,73
2025-12-13 03:17:30.603797,1,1,1,21,70
2025-12-13 03:17:33.413503,1,1,1,21,67
2025-12-13 03:17:37.273421,1,1,1,22,64
2025-12-13 03:17:40.581553,1,1,1,23,62
2025-12-13 03:17:43.391375,1,1,1,22,62
2025-12-13 03:17:46.302405,1,2,1,20,62
2025-12-13 03:17:49.212440,1,1,2,21,62
2025-12-13 03:17:52.023753,1,2,3,21,62
2025-12-13 03:17:56.330626,1,1,2,20,62
2025-12-13 03:17:59.245240,1,1,4,21,62
2025-12-13 03:18:02.604328,1,2,1,20,62
2025-12-13 03:18:05.412042,1,2,2,19,62
2025-12-13 03:18:08.321701,1,2,23,18,62
2025-12-13 03:18:11.690765,1,2,9,17,62
2025-12-13 03:18:15.439623,1,2,19,23,106
2025-12-13 03:18:19.302771,1,2,6,23,109
2025-12-13 03:18:22.209711,1,2,3,24,112
2025-12-13 03:18:25.527494,1,2,2,24,115
2025-12-13 03:18:28.330811,1,1,5,24,118
2025-12-13 03:18:31.242095,1,2,1,24,121
2025-12-13 03:18:34.050341,1,1,1,24,124
2025-12-13 03:18:37.460102,1,2,8,22,118
2025-12-13 03:18:40.766699,1,1,1,20,112
2025-12-13 03:18:43.576859,1,2,8,19,106
2025-12-13 03:18:47.490839,1,2,2,19,100
2025-12-13 03:18:50.348425,1,1,1,18,94
2025-12-13 03:18:53.718574,1,2,3,17,94
2025-12-13 03:18:58.078571,1,2,8,18,94
2025-12-13 03:19:00.888832,1,2,7,19,91
2025-12-13 03:19:04.237584,1,1,4,20,88
2025-12-13 03:19:07.046127,1,2,1,20,85
2025-12-13 03:19:10.955688,1,2,2,17,85
2025-12-13 03:19:13.814263,1,1,1,16,84
2025-12-13 03:19:16.622513,1,2,3,15,81
2025-12-13 03:19:19.431427,1,1,1,14,78
2025-12-13 03:19:22.341050,1,1,2,13,78
2025-12-13 03:19:25.250456,1,1,1,13,78
2025-12-13 03:19:28.060826,1,2,1,13,78
2025-12-13 03:19:31.877052,1,1,1,15,78
2025-12-13 03:19:35.729876,1,1,1,14,75
2025-12-13 03:19:40.388678,1,1,1,13,76
2025-12-13 03:19:43.801446,1,1,1,12,76
2025-12-13 03:19:46.616470,1,2,5,11,76
2025-12-13 03:19:50.969526,1,1,2,11,70
2025-12-13 03:19:54.784689,1,1,1,11,67
2025-12-13 03:19:58.087434,1,1,1,11,65
2025-12-13 03:20:01.446210,1,1,5,13,65
2025-12-13 03:20:04.356264,1,1,4,16,65
2025-12-13 03:20:07.267338,1,1,1,16,65
2025-12-13 03:20:10.076491,1,2,1,16,65
2025-12-13 03:20:13.883900,1,1,4,15,66
2025-12-13 03:20:17.744583,1,2,2,14,69
2025-12-13 03:20:21.705714,1,2,1,13,75
2025-12-13 03:20:24.464589,1,2,1,13,77
2025-12-13 03:20:28.374160,1,2,5,12,77
2025-12-13 03:20:31.284225,1,1,1,13,75
2025-12-13 03:20:34.594083,1,2,1,13,72
2025-12-13 03:20:37.406695,1,1,1,16,73
2025-12-13 03:20:40.815890,1,2,8,17,76
2025-12-13 03:20:43.625590,1,1,1,19,79
2025-12-13 03:20:48.439225,1,1,1,20,79
2025-12-13 03:20:52.301903,1,2,1,19,79
2025-12-13 03:20:55.116175,1,1,4,19,79
2025-12-13 03:20:59.018051,1,1,1,15,79
2025-12-13 03:21:03.478522,1,1,1,14,81
2025-12-13 03:21:07.359307,1,1,1,13,84
2025-12-13 03:21:10.646121,1,1,2,12,86
2025-12-13 03:21:14.958134,1,1,1,11,86
2025-12-13 03:21:18.818337,1,1,1,11,86
2025-12-13 03:21:22.126553,1,2,1,11,86
2025-12-13 03:21:24.987626,1,1,1,14,86
2025-12-13 03:21:27.846838,1,1,1,16,88
2025-12-13 03:21:30.706637,1,2,1,18,88
2025-12-13 03:21:33.520417,1,2,1,19,88
2025-12-13 03:21:37.376343,1,2,1,20,88
2025-12-13 03:21:40.687528,1,1,3,18,88
2025-12-13 03:21:43.545120,1,1,1,17,88
2025-12-13 03:21:46.405146,1,2,1,15,88
2025-12-13 03:21:49.313793,1,1,2,14,88
2025-12-13 03:21:52.123919,1,1,1,14,86
2025-12-13 03:21:56.432907,1,1,5,17,81
2025-12-13 03:21:59.793239,1,1,1,18,78
2025-12-13 03:22:03.306450,1,1,1,19,73
2025-12-13 03:22:06.111414,1,2,1,19,75
2025-12-13 03:22:08.969736,1,1,1,19,78
2025-12-13 03:22:12.831258,1,1,1,19,81
2025-12-13 03:22:16.139579,1,2,1,19,84
2025-12-13 03:22:19.950547,1,2,24,16,86
2025-12-13 03:22:22.878511,1,2,17,15,86
2025-12-13 03:22:25.668286,1,2,11,14,86
2025-12-13 03:22:29.527372,1,2,62,23,106
2025-12-13 03:22:32.438897,1,2,1,24,109
2025-12-13 03:22:35.796706,1,2,6,23,112
2025-12-13 03:22:39.611059,1,2,2,23,118
2025-12-13 03:22:42.464891,1,2,8,24,121
2025-12-13 03:22:45.875548,1,1,1,21,115
2025-12-13 03:22:48.737830,1,2,4,19,109
2025-12-13 03:22:51.546495,1,1,1,17,103
2025-12-13 03:22:55.404311,1,1,3,15,99
2025-12-13 03:22:58.720206,1,1,1,14,98
2025-12-13 03:23:02.172743,1,2,1,13,96
2025-12-13 03:23:04.984157,1,1,1,12,94
2025-12-13 03:23:07.895459,1,1,1,12,94
2025-12-13 03:23:10.702998,1,1,1,11,94
2025-12-13 03:23:14.513059,1,1,1,12,94
2025-12-13 03:23:18.873573,1,1,1,13,94
2025-12-13 03:23:22.383454,1,1,1,16,94
2025-12-13 03:23:25.701240,1,2,1,18,92
2025-12-13 03:23:29.560278,1,1,1,19,86
2025-12-13 03:23:32.463037,1,1,1,19,80
2025-12-13 03:23:35.851621,1,1,1,20,74
2025-12-13 03:23:39.580440,1,1,3,20,68
2025-12-13 03:23:42.494972,1,1,1,21,65
2025-12-13 03:23:45.903029,1,1,1,21,64
2025-12-13 03:23:48.759388,1,1,1,20,64
2025-12-13 03:23:51.626797,1,1,1,18,64
2025-12-13 03:23:55.427354,1,1,1,16,64
2025-12-13 03:23:58.736818,1,2,1,14,64
2025-12-13 03:24:02.546168,1,1,1,13,64
2025-12-13 03:24:05.457065,1,1,2,13,64
2025-12-13 03:24:09.365178,1,1,1,12,64
2025-12-13 03:24:12.179362,1,1,1,12,64
2025-12-13 03:24:15.069510,1,1,1,12,64
2025-12-13 03:24:18.933746,1,1,1,12,64
2025-12-13 03:24:22.204669,1,1,1,12,63
2025-12-13 03:24:25.012807,1,2,1,14,63
2025-12-13 03:24:27.924494,1,1,1,15,63
2025-12-13 03:24:30.782003,1,1,1,16,63
2025-12-13 03:24:33.596673,1,1,2,16,63
2025-12-13 03:24:37.453099,1,1,2,15,63
2025-12-13 03:24:40.766034,1,1,1,15,63
2025-12-13 03:24:43.570000,1,1,1,16,63
2025-12-13 03:24:46.484986,1,2,1,17,64
2025-12-13 03:24:49.392492,1,1,3,18,64
2025-12-13 03:24:52.200263,1,1,1,18,64
2025-12-13 03:24:56.011428,1,2,2,20,64
2025-12-13 03:24:59.869043,1,1,2,21,64
2025-12-13 03:25:03.237372,1,1,1,21,64
2025-12-13 03:25:06.041034,1,1,1,22,64
2025-12-13 03:25:09.950109,1,2,3,22,64
2025-12-13 03:25:12.827225,1,2,3,22,64
2025-12-13 03:25:15.689073,1,1,1,23,64
2025-12-13 03:25:19.484674,1,1,1,23,64
2025-12-13 03:25:22.389370,1,1,1,20,64
2025-12-13 03:25:25.200869,1,1,1,20,64
2025-12-13 03:25:29.055734,1,2,1,16,65
2025-12-13 03:25:31.965953,1,1,1,15,68
2025-12-13 03:25:34.781256,1,1,1,14,71
2025-12-13 03:25:38.587380,1,1,1,13,74
2025-12-13 03:25:41.498713,1,1,3,13,77
2025-12-13 03:25:45.406626,1,1,1,12,78
2025-12-13 03:25:48.215840,1,1,1,12,77
2025-12-13 03:25:51.125639,1,2,3,12,80
2025-12-13 03:25:54.933170,1,1,1,12,83
2025-12-13 03:25:58.245228,1,1,1,12,83
2025-12-13 03:26:01.053069,1,2,3,12,83
2025-12-13 03:26:03.964946,1,1,1,12,83
2025-12-13 03:26:06.826843,1,1,1,12,83
2025-12-13 03:26:09.684150,1,1,1,12,85
2025-12-13 03:26:13.494871,1,1,1,12,86
2025-12-13 03:26:16.802678,1,1,1,14,86
2025-12-13 03:26:20.262463,1,2,2,15,86
2025-12-13 03:26:23.081930,1,1,1,16,84
2025-12-13 03:26:25.984514,1,1,1,18,79
2025-12-13 03:26:28.800628,1,2,1,18,76
2025-12-13 03:26:32.600605,1,2,1,17,73
2025-12-13 03:26:36.959827,1,2,1,15,79
2025-12-13 03:26:40.271223,1,1,1,14,82
2025-12-13 03:26:43.079370,1,1,1,16,84
2025-12-13 03:26:45.990063,1,1,1,17,84
2025-12-13 03:26:48.853666,1,2,4,18,84
2025-12-13 03:26:51.681302,1,1,1,19,84
2025-12-13 03:26:55.525112,1,1,1,20,84
2025-12-13 03:26:59.432547,1,1,4,17,84
2025-12-13 03:27:02.243111,1,1,1,16,84
2025-12-13 03:27:05.100273,1,1,1,16,84
2025-12-13 03:27:08.012497,1,1,1,15,84
2025-12-13 03:27:10.818614,1,2,2,15,84
2025-12-13 03:27:15.130463,1,1,1,14,84
2025-12-13 03:27:17.991514,1,1,1,14,84
2025-12-13 03:27:20.856862,1,2,1,14,84
2025-12-13 03:27:23.709156,1,1,1,14,84
2025-12-13 03:27:26.568632,1,2,1,16,86
2025-12-13 03:27:29.930957,1,1,3,17,89
2025-12-13 03:27:33.698314,1,1,1,19,90
2025-12-13 03:27:36.547254,1,2,1,17,90
2025-12-13 03:27:39.456626,1,1,2,16,90
2025-12-13 03:27:42.267419,1,1,1,15,90
2025-12-13 03:27:45.127222,1,1,1,14,88
2025-12-13 03:27:48.984779,1,1,1,13,85
2025-12-13 03:27:52.295467,1,1,1,13,85
2025-12-13 03:27:55.654232,1,1,1,12,85
2025-12-13 03:27:58.565214,1,2,1,12,85
2025-12-13 03:28:01.473877,1,1,1,12,85
2025-12-13 03:28:04.285144,1,2,1,12,85
2025-12-13 03:28:08.093909,1,1,1,12,85
2025-12-13 03:28:11.953841,1,1,1,12,84
2025-12-13 03:28:15.920929,1,2,1,12,80
2025-12-13 03:28:18.675358,1,2,1,12,80
2025-12-13 03:28:22.581171,1,1,1,14,80
2025-12-13 03:28:25.493280,1,2,1,14,80
2025-12-13 03:28:28.302542,1,1,1,14,83
2025-12-13 03:28:32.610971,1,1,1,14,83
2025-12-13 03:28:37.573441,1,1,1,14,85
2025-12-13 03:28:40.486874,1,1,1,15,88
2025-12-13 03:28:43.291964,1,1,1,15,89
2025-12-13 03:28:47.199827,1,2,3,18,89
2025-12-13 03:28:50.060996,1,1,1,20,89
2025-12-13 03:28:52.869595,1,1,1,17,89
2025-12-13 03:28:56.831303,1,2,4,16,89
2025-12-13 03:29:00.289078,1,2,3,15,83
2025-12-13 03:29:03.202551,1,1,1,14,80
2025-12-13 03:29:07.010329,1,2,4,13,78
2025-12-13 03:29:10.319567,1,1,1,14,78
2025-12-13 03:29:14.128335,1,1,1,13,78
2025-12-13 03:29:17.089340,1,1,1,12,78
2025-12-13 03:29:20.900684,1,1,2,12,83
2025-12-13 03:29:23.711014,1,1,1,13,83
2025-12-13 03:29:26.619573,1,1,1,16,86
2025-12-13 03:29:29.979030,1,1,1,18,87
2025-12-13 03:29:33.738824,1,1,1,19,87
2025-12-13 03:29:36.603180,1,1,1,20,86
2025-12-13 03:29:39.508382,1,1,1,20,84
2025-12-13 03:29:42.315209,1,2,1,20,84
2025-12-13 03:29:45.178653,1,1,1,19,84
2025-12-13 03:29:49.044994,1,1,1,17,84
2025-12-13 03:29:52.345700,1,2,1,15,86
2025-12-13 03:29:55.756151,1,1,1,14,86
2025-12-13 03:29:59.067334,1,1,1,18,86
2025-12-13 03:30:01.878919,1,1,1,19,86
2025-12-13 03:30:05.741543,1,1,1,17,86
2025-12-13 03:30:08.645157,1,1,1,17,86
2025-12-13 03:30:12.005534,1,2,1,19,86
2025-12-13 03:30:15.363228,1,1,1,20,86
2025-12-13 03:30:18.178219,1,1,1,21,86
2025-12-13 03:30:22.083187,1,1,1,18,86
2025-12-13 03:30:24.944775,1,1,1,16,85
2025-12-13 03:30:27.751860,1,1,3,15,82
2025-12-13 03:30:31.683951,1,1,1,14,82
2025-12-13 03:30:35.623428,1,1,1,13,83
2025-12-13 03:30:39.538705,1,1,1,12,81
2025-12-13 03:30:42.350831,1,2,1,12,75
2025-12-13 03:30:45.252229,1,2,2,12,72
2025-12-13 03:30:49.059270,1,1,1,12,69
2025-12-13 03:30:52.370601,1,1,1,12,66
2025-12-13 03:30:56.186525,1,1,3,13,65
2025-12-13 03:30:59.087979,1,1,2,15,65
2025-12-13 03:31:01.900207,1,1,1,16,68
2025-12-13 03:31:05.756038,1,1,1,18,71
2025-12-13 03:31:08.665079,1,1,1,19,74
2025-12-13 03:31:12.023902,1,1,1,17,77
2025-12-13 03:31:15.788573,1,1,1,15,77
2025-12-13 03:31:18.644311,1,1,2,14,77
2025-12-13 03:31:21.554942,1,1,1,14,77
2025-12-13 03:31:24.362648,1,1,1,15,77
2025-12-13 03:31:27.222311,1,1,1,18,77
2025-12-13 03:31:31.086724,1,1,1,19,77
2025-12-13 03:31:34.393849,1,2,1,19,77
2025-12-13 03:31:37.252670,1,1,1,17,77
2025-12-13 03:31:40.119091,1,1,1,16,77
2025-12-13 03:31:42.969359,1,1,1,14,77
2025-12-13 03:31:45.833184,1,1,1,14,77
2025-12-13 03:31:49.639434,1,2,1,13,77
2025-12-13 03:31:52.955252,1,1,1,12,77
2025-12-13 03:31:55.759024,1,2,5,12,77
2025-12-13 03:31:58.670537,1,1,1,12,77
2025-12-13 03:32:01.577600,1,1,2,12,80
2025-12-13 03:32:04.397689,1,1,1,12,81
2025-12-13 03:32:08.696546,1,2,1,12,76
2025-12-13 03:32:12.057782,1,2,1,12,73
2025-12-13 03:32:15.418405,1,1,1,12,74
2025-12-13 03:32:18.325492,1,2,2,12,74
2025-12-13 03:32:22.686948,1,1,5,12,74
2025-12-13 03:32:25.598796,1,1,1,13,75
2025-12-13 03:32:28.407231,1,1,1,13,78
2025-12-13 03:32:32.219816,1,1,1,13,81
2025-12-13 03:32:35.175314,1,1,1,14,84
2025-12-13 03:32:39.585496,1,1,1,14,77
2025-12-13 03:32:42.406790,1,2,1,14,73
2025-12-13 03:32:45.304753,1,1,1,14,70
2025-12-13 03:32:49.119009,1,1,1,14,67
2025-12-13 03:32:52.425502,1,1,1,14,65
2025-12-13 03:32:55.832627,1,2,1,14,65
2025-12-13 03:32:59.143194,1,1,2,15,65
2025-12-13 03:33:01.951355,1,1,1,14,65
2025-12-13 03:33:06.762174,1,1,1,13,65
2025-12-13 03:33:10.626221,1,1,1,13,65
2025-12-13 03:33:13.435621,1,1,1,13,65
2025-12-13 03:33:16.844663,1,1,1,12,65
2025-12-13 03:33:20.151967,1,1,1,12,65
2025-12-13 03:33:22.960624,1,1,1,12,65
2025-12-13 03:33:27.272239,1,1,1,12,63
2025-12-13 03:33:31.131376,1,1,1,12,62
2025-12-13 03:33:34.441629,1,1,1,12,62
2025-12-13 03:33:37.848849,1,1,1,12,62
2025-12-13 03:33:41.159043,1,1,1,12,62
2025-12-13 03:33:43.970828,1,2,1,13,63
2025-12-13 03:33:47.837734,1,2,3,14,66
2025-12-13 03:33:50.740960,1,1,1,14,67
2025-12-13 03:33:54.098272,1,1,1,15,67
2025-12-13 03:33:59.661518,1,2,1,14,67
2025-12-13 03:34:03.020513,1,2,1,13,67
2025-12-13 03:34:05.878644,1,1,4,12,67
2025-12-13 03:34:08.743759,1,1,4,12,67
2025-12-13 03:34:12.106968,1,1,1,12,67
2025-12-13 03:34:15.859811,1,1,1,12,67
2025-12-13 03:34:19.270103,1,1,1,13,67
2025-12-13 03:34:22.213866,1,2,2,13,67
2025-12-13 03:34:25.039976,1,1,1,13,67
2025-12-13 03:34:27.847970,1,2,1,13,67
2025-12-13 03:34:31.743808,1,2,3,13,66
2025-12-13 03:34:35.018729,1,2,5,13,65
2025-12-13 03:34:38.484140,1,2,4,13,65
2025-12-13 03:34:41.339208,1,1,1,13,65
2025-12-13 03:34:44.199652,1,1,2,13,65
2025-12-13 03:34:47.016514,1,2,2,13,65
2025-12-13 03:34:51.367824,1,1,1,13,65
2025-12-13 03:34:55.177325,1,2,1,13,65
2025-12-13 03:34:58.090001,1,1,1,13,65
2025-12-13 03:35:00.896253,1,2,6,13,65
2025-12-13 03:35:04.761595,1,1,3,13,65
2025-12-13 03:35:07.668493,1,1,2,13,65
2025-12-13 03:35:10.477107,1,1,1,13,65
2025-12-13 03:35:14.785974,1,1,1,13,65
2025-12-13 03:35:19.751675,1,1,1,13,65
2025-12-13 03:35:22.655648,1,1,1,13,67
2025-12-13 03:35:25.466902,1,2,1,13,70
2025-12-13 03:35:29.377898,1,1,1,13,73
2025-12-13 03:35:32.234920,1,1,1,13,74
2025-12-13 03:35:35.050930,1,2,2,13,72
2025-12-13 03:35:38.510698,1,1,3,13,72
2025-12-13 03:35:41.364287,1,2,2,13,71
2025-12-13 03:35:44.226427,1,1,1,13,69
2025-12-13 03:35:47.064537,1,1,1,13,69
2025-12-13 03:35:50.842185,1,2,1,14,69
2025-12-13 03:35:55.201535,1,1,1,14,69
2025-12-13 03:35:58.510340,1,1,1,15,69
2025-12-13 03:36:01.370790,1,1,1,15,69
2025-12-13 03:36:04.231270,1,1,1,15,72
2025-12-13 03:36:07.087880,1,1,2,15,75
2025-12-13 03:36:09.956423,1,1,1,15,78
2025-12-13 03:36:13.759013,1,1,1,15,81
2025-12-13 03:36:17.119125,1,1,1,15,84
2025-12-13 03:36:19.877825,1,2,1,15,84
2025-12-13 03:36:22.823972,1,2,2,15,84
2025-12-13 03:36:25.697414,1,1,1,15,84
2025-12-13 03:36:28.510959,1,1,1,15,84
2025-12-13 03:36:32.320852,1,1,4,15,81
2025-12-13 03:36:35.730001,1,2,1,15,78
2025-12-13 03:36:39.120652,1,1,1,15,74
2025-12-13 03:36:41.895890,1,1,1,14,74
2025-12-13 03:36:44.814181,1,1,1,14,74
2025-12-13 03:36:48.168783,1,1,1,14,76
2025-12-13 03:36:51.934385,1,2,1,14,76
2025-12-13 03:36:54.885467,1,1,1,14,76
2025-12-13 03:36:58.796318,1,1,1,14,74
2025-12-13 03:37:01.706500,1,1,2,14,71
2025-12-13 03:37:04.526789,1,1,1,14,69
2025-12-13 03:37:08.327124,1,2,1,14,69
2025-12-13 03:37:12.185528,1,2,1,14,69
2025-12-13 03:37:15.944189,1,1,2,14,65
2025-12-13 03:37:19.753595,1,2,2,14,62
2025-12-13 03:37:23.061335,1,1,2,14,62
2025-12-13 03:37:26.882255,1,1,2,14,62
2025-12-13 03:37:30.742075,1,1,1,14,62
2025-12-13 03:37:33.542637,1,1,2,14,62
2025-12-13 03:37:36.954094,1,1,1,14,62
2025-12-13 03:37:40.263376,1,1,1,14,62
2025-12-13 03:37:43.122812,1,1,1,14,62
2025-12-13 03:37:45.981941,1,2,1,14,62
2025-12-13 03:37:49.799431,1,1,1,14,62
2025-12-13 03:37:53.102120,1,1,1,14,62
2025-12-13 03:37:56.918035,1,1,1,14,62
2025-12-13 03:37:59.822050,1,1,1,14,62
2025-12-13 03:38:03.732841,1,1,2,14,64
2025-12-13 03:38:06.547632,1,2,2,14,64
2025-12-13 03:38:09.403136,1,1,1,14,65
2025-12-13 03:38:13.262508,1,2,3,14,65
2025-12-13 03:38:16.572690,1,2,1,14,65
2025-12-13 03:38:19.437090,1,1,1,15,65
2025-12-13 03:38:22.293574,1,1,1,15,65
2025-12-13 03:38:25.150489,1,2,2,15,65
2025-12-13 03:38:27.974787,1,1,2,14,65
2025-12-13 03:38:31.822691,1,1,1,13,65
2025-12-13 03:38:35.133020,1,2,1,13,65
2025-12-13 03:38:37.992059,1,1,1,13,65
2025-12-13 03:38:40.859606,1,1,1,13,65
2025-12-13 03:38:43.760666,1,1,3,12,65
2025-12-13 03:38:46.580791,1,1,1,12,65
2025-12-13 03:38:50.379857,1,1,1,13,65
2025-12-13 03:38:53.343608,1,1,3,14,65
2025-12-13 03:38:58.254734,1,1,1,13,65
2025-12-13 03:39:01.166955,1,1,1,13,65
2025-12-13 03:39:03.969045,1,2,1,12,65
2025-12-13 03:39:07.829467,1,1,1,12,65
2025-12-13 03:39:11.137410,1,1,2,12,66
2025-12-13 03:39:15.107467,1,1,1,12,69
2025-12-13 03:39:18.606565,1,2,1,12,75
2025-12-13 03:39:21.416133,1,1,1,12,74
2025-12-13 03:39:25.275526,1,1,1,12,74
2025-12-13 03:39:28.587549,1,2,3,12,77
2025-12-13 03:39:32.893592,1,1,1,14,77
2025-12-13 03:39:36.253559,1,1,1,16,77
2025-12-13 03:39:39.765365,1,1,1,16,77
2025-12-13 03:39:42.574115,1,2,1,17,77
2025-12-13 03:39:45.434199,1,1,1,18,77
2025-12-13 03:39:49.295871,1,2,2,19,78
2025-12-13 03:39:53.105044,1,2,2,20,78
2025-12-13 03:39:56.015645,1,1,1,18,78
2025-12-13 03:39:58.890549,1,1,1,18,76
2025-12-13 03:40:01.784281,1,1,1,17,73
2025-12-13 03:40:04.592434,1,1,1,17,72
2025-12-13 03:40:08.405796,1,1,1,17,72
2025-12-13 03:40:12.261032,1,2,1,17,72
2025-12-13 03:40:16.021444,1,1,1,17,72
2025-12-13 03:40:18.884996,1,2,1,17,72
2025-12-13 03:40:21.790559,1,1,1,17,72
2025-12-13 03:40:24.601310,1,1,1,16,72
2025-12-13 03:40:27.461912,1,2,1,16,69
2025-12-13 03:40:31.320542,1,1,2,16,69
2025-12-13 03:40:34.632371,1,2,4,16,71
2025-12-13 03:40:37.438492,1,1,1,16,71
2025-12-13 03:40:40.354383,1,1,1,15,71
2025-12-13 03:40:43.209099,1,1,1,15,71
2025-12-13 03:40:46.067845,1,1,2,15,72
2025-12-13 03:40:49.887410,1,1,1,15,72
2025-12-13 03:40:53.185571,1,1,1,15,72
2025-12-13 03:40:55.996062,1,1,1,15,72
2025-12-13 03:40:58.907000,1,1,1,15,74
2025-12-13 03:41:01.812466,1,1,1,15,77
2025-12-13 03:41:04.624479,1,1,1,15,77
2025-12-13 03:41:08.429997,1,1,1,15,77
2025-12-13 03:41:12.291427,1,1,1,15,77
2025-12-13 03:41:16.050572,1,1,1,15,77
2025-12-13 03:41:19.859540,1,1,1,15,75
2025-12-13 03:41:23.171765,1,1,1,15,77
2025-12-13 03:41:26.978904,1,1,1,15,75
2025-12-13 03:41:31.340278,1,1,1,15,68
2025-12-13 03:41:34.648064,1,1,1,15,67
2025-12-13 03:41:38.468080,1,2,12,15,70
2025-12-13 03:41:41.369824,1,2,23,15,73
2025-12-13 03:41:44.176384,1,2,15,15,76
2025-12-13 03:41:48.040286,1,2,4,16,78
2025-12-13 03:41:50.946372,1,2,1,16,78
2025-12-13 03:41:54.859274,1,2,1,16,78
2025-12-13 03:41:57.670993,1,2,1,16,78
2025-12-13 03:42:00.488872,1,1,1,17,78
2025-12-13 03:42:04.390578,1,2,3,17,78
2025-12-13 03:42:07.248414,1,1,1,16,78
2025-12-13 03:42:10.059487,1,2,1,16,78
2025-12-13 03:42:13.923770,1,1,1,16,76
2025-12-13 03:42:17.225549,1,1,1,15,73
2025-12-13 03:42:20.086569,1,2,3,14,76
2025-12-13 03:42:22.951539,1,1,4,13,76
2025-12-13 03:42:25.857035,1,2,1,12,76
2025-12-13 03:42:28.666797,1,2,3,12,76
2025-12-13 03:42:32.976340,1,1,4,11,76
2025-12-13 03:42:37.937416,1,2,1,11,71
2025-12-13 03:42:40.844879,1,2,2,14,70
2025-12-13 03:42:43.655369,1,1,1,14,70
2025-12-13 03:42:47.514309,1,1,1,18,70
2025-12-13 03:42:50.425813,1,2,5,19,70
2025-12-13 03:42:53.236611,1,2,3,20,70
2025-12-13 03:42:57.095307,1,1,1,20,70
2025-12-13 03:42:59.958034,1,2,3,19,70
2025-12-13 03:43:03.869178,1,2,2,20,76
2025-12-13 03:43:06.681218,1,2,4,18,77
2025-12-13 03:43:09.609374,1,1,2,17,77
2025-12-13 03:43:13.401750,1,1,1,16,77
2025-12-13 03:43:16.257749,1,1,1,15,77
2025-12-13 03:43:19.067039,1,2,1,15,79
2025-12-13 03:43:22.979037,1,2,1,16,82
2025-12-13 03:43:25.890393,1,1,2,16,85
2025-12-13 03:43:28.702117,1,2,3,16,85
2025-12-13 03:43:33.019183,1,1,3,16,85
2025-12-13 03:43:36.420155,1,2,1,15,85
2025-12-13 03:43:39.276327,1,1,1,15,85
2025-12-13 03:43:42.136522,1,2,1,15,85
2025-12-13 03:43:45.006083,1,1,1,15,85
2025-12-13 03:43:48.355770,1,2,1,15,85
2025-12-13 03:43:52.116235,1,1,1,15,85
2025-12-13 03:43:55.926026,1,2,1,15,85
2025-12-13 03:43:59.238239,1,1,1,15,85
2025-12-13 03:44:03.044066,1,1,1,15,85
2025-12-13 03:44:07.408223,1,2,5,15,85
2025-12-13 03:44:10.717357,1,2,2,15,85
2025-12-13 03:44:15.023146,1,2,1,15,85
2025-12-13 03:44:18.434299,1,1,1,15,83
2025-12-13 03:44:21.292154,1,2,4,15,77
2025-12-13 03:44:24.100700,1,1,3,15,77
2025-12-13 03:44:27.011692,1,1,1,15,73
2025-12-13 03:44:30.371506,1,2,1,15,70
2025-12-13 03:44:34.187556,1,1,2,15,69
2025-12-13 03:44:37.040244,1,1,1,15,69
2025-12-13 03:44:40.904202,1,1,1,15,69
2025-12-13 03:44:43.712764,1,2,1,15,67
2025-12-13 03:44:47.636861,1,2,2,15,67
2025-12-13 03:44:50.480221,1,1,1,15,67
2025-12-13 03:44:53.291144,1,2,1,15,67
2025-12-13 03:44:56.149229,1,2,3,15,67
2025-12-13 03:44:59.016059,1,1,2,15,67
2025-12-13 03:45:01.920236,1,1,2,15,65
2025-12-13 03:45:04.729041,1,1,5,15,63
2025-12-13 03:45:09.037695,1,1,3,15,63
2025-12-13 03:45:12.409738,1,2,1,15,63
2025-12-13 03:45:15.912045,1,1,1,15,63
2025-12-13 03:45:19.168958,1,1,1,17,63
2025-12-13 03:45:23.027546,1,1,1,19,63
2025-12-13 03:45:25.938951,1,2,1,20,63
2025-12-13 03:45:28.759088,1,2,1,20,63
2025-12-13 03:45:33.058915,1,2,2,21,63
2025-12-13 03:45:36.468202,1,2,4,21,63
2025-12-13 03:45:39.330634,1,2,2,21,65
2025-12-13 03:45:42.139946,1,2,3,21,65
2025-12-13 03:45:45.048285,1,1,4,21,67
2025-12-13 03:45:48.409102,1,2,2,21,67
2025-12-13 03:45:52.770834,1,2,1,21,67
2025-12-13 03:45:55.636209,1,2,1,21,67
2025-12-13 03:45:58.489229,1,2,2,21,67
2025-12-13 03:46:01.349446,1,2,6,21,67
2025-12-13 03:46:04.159203,1,1,6,20,67
2025-12-13 03:46:08.019422,1,2,1,20,67
2025-12-13 03:46:10.978119,1,2,4,19,67
2025-12-13 03:46:14.288618,1,2,3,19,68
2025-12-13 03:46:18.147643,1,2,4,19,71
2025-12-13 03:46:22.507886,1,1,1,19,72
2025-12-13 03:46:25.366846,1,2,4,19,72
2025-12-13 03:46:28.225464,1,2,1,18,72
2025-12-13 03:46:32.034696,1,2,1,18,72
2025-12-13 03:46:34.946019,1,2,1,18,72
2025-12-13 03:46:37.766984,1,2,3,18,75
2025-12-13 03:46:41.665078,1,2,3,17,78
2025-12-13 03:46:44.532119,1,1,1,17,81
2025-12-13 03:46:47.333932,1,1,1,17,84
2025-12-13 03:46:51.645248,1,2,2,16,89
2025-12-13 03:46:54.503726,1,2,5,16,89
2025-12-13 03:46:57.363269,1,1,1,16,89
2025-12-13 03:47:00.175349,1,2,1,15,89
2025-12-13 03:47:03.083272,1,2,3,15,89
2025-12-13 03:47:06.443642,1,1,3,16,89
2025-12-13 03:47:10.203204,1,1,1,17,89
2025-12-13 03:47:14.013764,1,2,1,19,89
2025-12-13 03:47:17.326359,1,2,1,21,89
2025-12-13 03:47:21.133785,1,2,1,21,89
2025-12-13 03:47:24.996743,1,2,1,22,89
2025-12-13 03:47:27.806159,1,1,1,23,89
2025-12-13 03:47:31.214945,1,2,2,23,89
2025-12-13 03:47:34.526036,1,2,2,24,89
2025-12-13 03:47:37.387376,1,1,3,24,89
2025-12-13 03:47:40.243021,1,1,1,25,89
2025-12-13 03:47:44.056059,1,1,1,25,89
2025-12-13 03:47:47.374038,1,1,3,25,89
2025-12-13 03:47:51.173635,1,2,1,25,89
2025-12-13 03:47:54.083285,1,1,5,25,89
2025-12-13 03:47:57.999480,1,1,4,25,95
2025-12-13 03:48:00.802560,1,1,8,25,95
2025-12-13 03:48:03.711029,1,2,4,25,92
2025-12-13 03:48:07.521072,1,2,1,22,88
2025-12-13 03:48:10.834256,1,2,9,21,83
2025-12-13 03:48:13.641252,1,2,2,20,80
2025-12-13 03:48:16.552299,1,1,1,19,77
2025-12-13 03:48:19.409674,1,1,1,19,74
2025-12-13 03:48:22.268441,1,2,1,19,74
2025-12-13 03:48:26.086863,1,2,1,19,74
2025-12-13 03:48:31.541093,1,2,3,20,69
2025-12-13 03:48:34.399229,1,2,2,20,70
2025-12-13 03:48:37.209256,1,1,3,20,73
2025-12-13 03:48:41.133886,1,2,1,20,74
2025-12-13 03:48:44.029824,1,2,2,20,74
2025-12-13 03:48:46.843900,1,2,2,20,74
2025-12-13 03:48:50.299677,1,2,1,20,74
2025-12-13 03:48:53.109829,1,2,1,21,74
2025-12-13 03:48:56.023068,1,1,3,21,72
2025-12-13 03:48:59.937171,1,1,3,21,73
2025-12-13 03:49:02.693752,1,1,1,21,74
2025-12-13 03:49:05.611500,1,1,1,21,74
2025-12-13 03:49:10.012560,1,1,1,21,74
2025-12-13 03:49:12.827889,1,1,1,21,74
2025-12-13 03:49:15.741867,1,2,2,21,74
2025-12-13 03:49:19.541882,1,1,4,21,74
2025-12-13 03:49:22.851038,1,2,15,21,74
2025-12-13 03:49:26.662816,1,2,1,21,71
2025-12-13 03:49:29.572075,1,1,1,21,68
2025-12-13 03:49:32.379227,1,2,4,21,65
2025-12-13 03:49:37.699307,1,2,4,20,65
2025-12-13 03:49:40.603206,1,1,1,19,65
2025-12-13 03:49:43.463378,1,2,1,18,65
2025-12-13 03:49:47.375488,1,1,2,17,65
2025-12-13 03:49:52.284420,1,2,5,17,68
2025-12-13 03:49:56.094717,1,1,1,16,66
2025-12-13 03:49:59.411384,1,1,1,17,65
2025-12-13 03:50:03.247216,1,2,1,18,65
2025-12-13 03:50:07.574582,1,1,2,18,71
2025-12-13 03:50:10.883120,1,1,1,16,74
2025-12-13 03:50:13.696359,1,1,3,15,77
2025-12-13 03:50:16.601719,1,1,1,13,78
2025-12-13 03:50:19.860480,1,2,4,13,78
2025-12-13 03:50:23.769285,1,2,4,12,78
2025-12-13 03:50:26.629325,1,1,1,11,78
2025-12-13 03:50:29.437319,1,1,1,11,78
2025-12-13 03:50:32.297098,1,1,1,11,78
2025-12-13 03:50:35.156551,1,1,3,11,78
2025-12-13 03:50:38.069255,1,1,1,11,76
2025-12-13 03:50:40.880366,1,2,3,11,76
2025-12-13 03:50:45.185017,1,1,6,14,76
2025-12-13 03:50:48.096924,1,2,2,16,77
2025-12-13 03:50:51.455545,1,2,1,17,83
2025-12-13 03:50:54.269569,1,2,2,17,83
2025-12-13 03:50:57.177884,1,1,1,15,82
2025-12-13 03:51:00.537394,1,2,2,14,79
2025-12-13 03:51:04.296183,1,2,6,13,76
2025-12-13 03:51:08.155259,1,1,2,12,76
2025-12-13 03:51:11.066430,1,1,5,13,76
2025-12-13 03:51:13.879620,1,1,1,13,76
2025-12-13 03:51:17.790933,1,1,1,15,76
2025-12-13 03:51:20.645202,1,2,3,15,72
2025-12-13 03:51:23.452797,1,2,3,15,69
2025-12-13 03:51:27.265334,1,1,4,15,66
2025-12-13 03:51:30.175248,1,1,1,15,65
2025-12-13 03:51:34.086735,1,2,6,15,69
2025-12-13 03:51:36.893309,1,1,5,14,72
2025-12-13 03:51:39.754361,1,1,1,14,75
2025-12-13 03:51:43.615595,1,2,1,14,78
2025-12-13 03:51:46.924701,1,2,4,14,78
2025-12-13 03:51:49.784454,1,1,1,14,78
2025-12-13 03:51:52.643978,1,2,9,14,78
2025-12-13 03:51:55.505832,1,2,3,14,80
2025-12-13 03:51:58.381307,1,1,1,14,83
2025-12-13 03:52:02.174595,1,2,1,14,85
2025-12-13 03:52:05.483817,1,2,2,14,85
2025-12-13 03:52:08.341322,1,1,1,13,85
2025-12-13 03:52:11.202360,1,2,1,13,85
2025-12-13 03:52:14.111728,1,2,10,12,85
2025-12-13 03:52:16.922245,1,1,5,12,85
2025-12-13 03:52:21.230531,1,1,2,12,85
2025-12-13 03:52:24.141041,1,1,4,12,85
2025-12-13 03:52:27.500009,1,2,1,14,85
2025-12-13 03:52:30.359444,1,2,1,14,85
2025-12-13 03:52:33.219588,1,2,1,14,85
2025-12-13 03:52:36.580437,1,1,5,14,85
2025-12-13 03:52:40.343426,1,1,1,14,85
2025-12-13 03:52:44.198091,1,1,5,14,85
2025-12-13 03:52:47.108574,1,1,6,15,85
2025-12-13 03:52:49.919507,1,1,1,15,85
2025-12-13 03:52:53.778370,1,2,1,15,85
2025-12-13 03:52:56.691272,1,2,6,15,85
2025-12-13 03:52:59.495688,1,2,3,15,85
2025-12-13 03:53:03.304408,1,2,7,15,85
2025-12-13 03:53:06.217066,1,2,25,15,85
2025-12-13 03:53:10.136646,1,2,19,15,85
2025-12-13 03:53:12.934997,1,2,3,15,85
2025-12-13 03:53:15.795634,1,1,2,15,85
2025-12-13 03:53:19.658152,1,2,1,15,85
2025-12-13 03:53:22.986097,1,1,1,15,84
2025-12-13 03:53:25.774096,1,1,1,16,81
2025-12-13 03:53:28.684658,1,1,1,16,80
2025-12-13 03:53:31.544723,1,1,1,16,80
2025-12-13 03:53:34.405608,1,1,1,17,80
2025-12-13 03:53:37.716607,1,1,1,17,80
2025-12-13 03:53:42.727149,1,2,1,17,74
2025-12-13 03:53:46.639606,1,2,1,17,71
2025-12-13 03:53:49.548848,1,2,1,17,68
2025-12-13 03:53:52.360100,1,1,2,17,67
2025-12-13 03:53:56.221308,1,2,2,17,67
2025-12-13 03:53:59.527688,1,1,1,16,67
2025-12-13 03:54:02.387694,1,1,2,16,67
2025-12-13 03:54:05.247838,1,1,1,18,67
2025-12-13 03:54:08.159706,1,2,1,19,66
2025-12-13 03:54:10.968900,1,2,2,19,66
2025-12-13 03:54:14.787293,1,1,3,20,66
2025-12-13 03:54:18.641255,1,1,1,21,68
2025-12-13 03:54:22.149312,1,1,1,22,74
2025-12-13 03:54:24.958263,1,1,2,22,77
2025-12-13 03:54:27.818274,1,2,1,23,80
2025-12-13 03:54:31.678719,1,1,1,23,83
2025-12-13 03:54:34.997873,1,1,1,24,83
2025-12-13 03:54:38.797028,1,2,1,24,83
2025-12-13 03:54:41.707419,1,1,2,25,83
2025-12-13 03:54:44.518187,1,2,2,25,83
2025-12-13 03:54:49.827702,1,1,2,25,84
2025-12-13 03:54:53.799544,1,2,2,25,87
2025-12-13 03:54:55.604214,1,1,1,25,88
2025-12-13 03:54:59.509761,1,1,1,25,86
2025-12-13 03:55:03.469257,1,1,1,25,82
2025-12-13 03:55:06.282592,1,1,1,25,77
2025-12-13 03:55:10.191196,1,1,1,25,83
2025-12-13 03:55:12.996885,1,1,1,25,86
2025-12-13 03:55:15.910545,1,2,2,25,89
2025-12-13 03:55:19.715838,1,1,1,25,92
2025-12-13 03:55:22.576000,1,1,2,25,93
2025-12-13 03:55:25.386020,1,1,1,25,90
2025-12-13 03:55:29.302696,1,2,1,25,90
2025-12-13 03:55:32.206591,1,1,2,25,90
2025-12-13 03:55:35.015883,1,1,1,25,90
2025-12-13 03:55:38.375782,1,1,1,25,84
2025-12-13 03:55:41.288274,1,1,1,25,81
2025-12-13 03:55:44.196384,1,2,2,24,81
2025-12-13 03:55:47.007653,1,1,2,24,79
2025-12-13 03:55:52.308193,1,2,2,21,73
2025-12-13 03:55:54.676367,1,1,2,19,70
2025-12-13 03:55:58.636518,1,2,3,16,64
2025-12-13 03:56:01.395047,1,1,1,18,64
2025-12-13 03:56:05.306802,1,2,2,18,64
2025-12-13 03:56:08.623711,1,2,1,19,64
2025-12-13 03:56:11.475009,1,1,2,20,64
2025-12-13 03:56:14.789260,1,2,3,20,64
2025-12-13 03:56:18.196805,1,1,2,21,64
2025-12-13 03:56:21.005736,1,1,1,22,64
2025-12-13 03:56:23.914740,1,2,2,22,64
2025-12-13 03:56:26.777941,1,2,1,22,64
2025-12-13 03:56:29.585765,1,2,4,23,64
2025-12-13 03:56:33.895363,1,1,2,21,64
2025-12-13 03:56:36.753825,1,1,1,22,66
2025-12-13 03:56:40.064642,1,2,3,22,69
2025-12-13 03:56:42.872644,1,1,1,22,72
2025-12-13 03:56:46.786320,1,1,1,22,75
2025-12-13 03:56:49.643716,1,2,3,22,78
2025-12-13 03:56:52.509040,1,1,3,22,81
2025-12-13 03:56:56.314992,1,2,1,23,84
2025-12-13 03:56:59.624160,1,2,1,23,86
2025-12-13 03:57:02.436370,1,2,1,23,86
2025-12-13 03:57:05.345967,1,1,2,24,86
2025-12-13 03:57:08.653843,1,2,1,24,86
2025-12-13 03:57:11.516172,1,2,3,24,86
2025-12-13 03:57:14.377442,1,1,2,24,86
2025-12-13 03:57:17.783903,1,1,1,24,86
2025-12-13 03:57:22.257269,1,1,2,25,86
2025-12-13 03:57:25.054837,1,2,3,25,86
2025-12-13 03:57:27.915779,1,1,2,25,86
2025-12-13 03:57:31.778918,1,1,1,25,86
2025-12-13 03:57:34.645139,1,1,1,25,89
2025-12-13 03:57:37.455875,1,2,2,25,92
2025-12-13 03:57:41.357271,1,2,2,25,95
2025-12-13 03:57:44.768788,1,1,1,25,98
2025-12-13 03:57:47.626891,1,1,2,25,98
2025-12-13 03:57:51.086204,1,2,9,25,98
2025-12-13 03:57:53.948919,1,2,2,24,98
2025-12-13 03:57:56.807293,1,1,1,21,98
2025-12-13 03:57:59.617703,1,1,4,20,98
2025-12-13 03:58:03.426449,1,1,1,19,97
2025-12-13 03:58:07.787830,1,2,5,18,89
2025-12-13 03:58:11.247488,1,2,2,16,86
2025-12-13 03:58:14.056675,1,1,1,16,83
2025-12-13 03:58:17.917044,1,2,2,16,80
2025-12-13 03:58:20.829943,1,1,1,16,80
2025-12-13 03:58:23.635198,1,1,1,15,80
2025-12-13 03:58:27.451009,1,2,1,15,80
2025-12-13 03:58:32.354868,1,2,1,15,80
2025-12-13 03:58:35.268134,1,2,2,13,80
2025-12-13 03:58:38.073265,1,1,1,13,80
2025-12-13 03:58:41.982334,1,1,1,14,79
2025-12-13 03:58:44.845088,1,1,1,13,79
2025-12-13 03:58:47.655718,1,2,2,13,79
2025-12-13 03:58:50.461726,1,2,1,15,79
2025-12-13 03:58:53.374176,1,1,5,14,79
2025-12-13 03:58:56.282348,1,1,1,13,76
2025-12-13 03:59:00.191789,1,2,1,13,73
2025-12-13 03:59:03.002466,1,2,2,13,70
2025-12-13 03:59:05.860671,1,1,1,12,69
2025-12-13 03:59:11.426962,1,2,2,12,69
2025-12-13 03:59:14.837276,1,1,2,16,69
2025-12-13 03:59:17.645597,1,1,1,17,69
2025-12-13 03:59:21.453119,1,2,9,19,69
2025-12-13 03:59:25.820065,1,2,13,19,69
2025-12-13 03:59:29.122184,1,2,36,20,69
2025-12-13 03:59:31.986523,1,2,8,21,68
2025-12-13 03:59:34.846886,1,2,1,21,67
2025-12-13 03:59:37.701539,1,1,1,22,67
2025-12-13 03:59:40.511224,1,2,3,22,69
2025-12-13 03:59:44.920505,1,1,2,22,71
2025-12-13 03:59:48.784264,1,1,2,23,71
2025-12-13 03:59:52.291642,1,1,1,23,71
2025-12-13 03:59:55.098324,1,1,4,23,69
2025-12-13 03:59:58.008803,1,2,1,23,69
2025-12-13 04:00:01.818496,1,1,1,23,69
2025-12-13 04:00:05.131177,1,1,1,23,69
2025-12-13 04:00:09.439957,1,1,1,18,69
2025-12-13 04:00:12.849131,1,1,1,16,67
2025-12-13 04:00:15.710197,1,1,1,15,67
2025-12-13 04:00:18.568384,1,1,2,14,67
2025-12-13 04:00:21.429311,1,2,1,13,67
2025-12-13 04:00:24.789710,1,1,2,13,67
2025-12-13 04:00:28.599448,1,2,3,13,67
2025-12-13 04:00:31.409122,1,1,2,13,67
2025-12-13 04:00:34.319533,1,2,1,13,67
2025-12-13 04:00:37.132245,1,1,1,13,67
2025-12-13 04:00:39.993138,1,1,1,13,67
2025-12-13 04:00:43.848271,1,1,1,13,67
2025-12-13 04:00:47.158317,1,2,1,13,67
2025-12-13 04:00:50.020551,1,2,2,13,67
2025-12-13 04:00:52.884383,1,1,1,13,67
2025-12-13 04:00:55.739556,1,2,1,13,67
2025-12-13 04:00:58.597848,1,1,2,13,67
2025-12-13 04:01:02.410553,1,1,1,13,67
2025-12-13 04:01:05.766426,1,2,1,13,67
2025-12-13 04:01:08.577373,1,2,1,13,67
2025-12-13 04:01:11.434841,1,1,1,13,67
2025-12-13 04:01:14.345550,1,2,1,13,67
2025-12-13 04:01:17.155247,1,1,4,13,67
2025-12-13 04:01:20.966462,1,1,1,13,68
2025-12-13 04:01:24.828112,1,2,1,12,68
2025-12-13 04:01:28.333333,1,2,1,12,68
2025-12-13 04:01:31.146667,1,2,3,12,68
2025-12-13 04:01:34.051233,1,1,1,12,68
2025-12-13 04:01:37.862697,1,2,2,12,68
2025-12-13 04:01:41.178751,1,2,3,12,70
2025-12-13 04:01:44.981274,1,1,2,12,72
2025-12-13 04:01:48.342377,1,1,1,12,72
2025-12-13 04:01:51.149634,1,2,1,12,72
2025-12-13 04:01:54.012507,1,2,2,12,72
2025-12-13 04:01:56.924657,1,1,1,12,72
2025-12-13 04:01:59.728995,1,1,1,12,72
2025-12-13 04:02:03.550425,1,1,1,12,69
2025-12-13 04:02:06.451669,1,1,1,12,66
2025-12-13 04:02:10.360746,1,1,1,12,65
2025-12-13 04:02:13.179346,1,1,3,12,65
2025-12-13 04:02:16.030536,1,1,1,12,65
2025-12-13 04:02:19.890517,1,1,1,12,65
2025-12-13 04:02:23.204149,1,1,1,12,65
2025-12-13 04:02:26.009894,1,2,3,12,65
2025-12-13 04:02:28.924044,1,1,1,12,65
2025-12-13 04:02:31.780119,1,1,1,12,65
2025-12-13 04:02:34.588722,1,1,3,12,65
2025-12-13 04:02:38.451696,1,1,1,12,65
2025-12-13 04:02:41.758861,1,1,1,12,65
2025-12-13 04:02:44.616877,1,2,1,12,65
2025-12-13 04:02:47.480132,1,1,1,13,65
2025-12-13 04:02:50.387755,1,2,1,13,65
2025-12-13 04:02:53.199601,1,2,1,13,67
2025-12-13 04:02:57.007163,1,1,1,12,70
2025-12-13 04:03:00.866843,1,1,1,12,73
2025-12-13 04:03:04.376248,1,2,1,12,76
2025-12-13 04:03:07.187813,1,2,3,12,76
2025-12-13 04:03:10.046462,1,1,1,12,76
2025-12-13 04:03:13.905753,1,1,1,12,72
2025-12-13 04:03:17.214549,1,1,1,12,69
2025-12-13 04:03:21.024630,1,2,1,13,66
2025-12-13 04:03:23.935456,1,2,4,15,64
2025-12-13 04:03:26.744981,1,1,1,16,65
2025-12-13 04:03:32.077341,1,2,1,17,65
2025-12-13 04:03:34.977322,1,2,2,16,65
2025-12-13 04:03:37.828917,1,1,1,15,65
2025-12-13 04:03:41.641902,1,1,1,15,65
2025-12-13 04:03:44.496352,1,2,1,14,65
2025-12-13 04:03:47.405929,1,2,3,14,65
2025-12-13 04:03:50.213681,1,1,4,14,65
2025-12-13 04:03:54.073679,1,1,1,14,65
2025-12-13 04:03:56.985339,1,1,1,14,66
2025-12-13 04:04:01.954525,1,2,3,14,67
2025-12-13 04:04:04.806609,1,2,1,14,67
2025-12-13 04:04:07.667374,1,1,1,14,67
2025-12-13 04:04:11.530913,1,2,1,14,67
2025-12-13 04:04:14.442836,1,2,3,14,67
2025-12-13 04:04:17.245012,1,1,2,14,67
2025-12-13 04:04:20.604927,1,1,1,14,67
2025-12-13 04:04:23.516579,1,2,1,13,67
2025-12-13 04:04:26.426847,1,1,4,13,66
2025-12-13 04:04:29.238278,1,1,1,13,65
2025-12-13 04:04:33.047356,1,2,6,12,65
2025-12-13 04:04:36.911799,1,1,2,12,65
2025-12-13 04:04:40.862121,1,1,2,12,65
2025-12-13 04:04:43.622458,1,2,1,12,65
2025-12-13 04:04:47.538146,1,2,1,12,65
2025-12-13 04:04:50.441550,1,2,1,12,65
2025-12-13 04:04:53.251288,1,1,1,12,65
2025-12-13 04:04:57.560451,1,1,1,12,65
2025-12-13 04:05:00.471162,1,2,1,12,65
2025-12-13 04:05:03.835986,1,1,1,12,65
2025-12-13 04:05:06.689430,1,1,1,12,65
2025-12-13 04:05:09.551160,1,1,1,12,65
2025-12-13 04:05:12.910877,1,1,4,12,65
2025-12-13 04:05:16.672189,1,1,1,13,65
2025-12-13 04:05:19.579759,1,2,1,12,65
2025-12-13 04:05:23.488861,1,2,3,13,65
2025-12-13 04:05:26.799534,1,1,3,12,65
2025-12-13 04:05:31.613509,1,1,4,12,65
2025-12-13 04:05:35.470934,1,1,2,12,65
2025-12-13 04:05:38.293377,1,1,1,12,65
2025-12-13 04:05:41.691515,1,2,2,12,65
2025-12-13 04:05:45.000063,1,2,2,12,65
2025-12-13 04:05:47.808106,1,1,2,12,64
2025-12-13 04:05:51.628740,1,1,1,12,64
2025-12-13 04:05:55.482672,1,2,1,12,64
2025-12-13 04:05:58.294234,1,2,2,12,64
2025-12-13 04:06:01.651592,1,1,1,12,64
2025-12-13 04:06:05.559470,1,2,1,12,64
2025-12-13 04:06:08.471375,1,1,1,12,64
2025-12-13 04:06:11.289892,1,1,1,12,64
2025-12-13 04:06:15.088560,1,2,1,16,64
2025-12-13 04:06:18.954369,1,2,5,18,64
2025-12-13 04:06:22.908811,1,1,5,19,65
2025-12-13 04:06:25.729929,1,1,1,20,65
2025-12-13 04:06:29.579692,1,2,1,22,65
2025-12-13 04:06:32.499242,1,2,1,22,65
2025-12-13 04:06:35.299109,1,1,1,22,65
2025-12-13 04:06:39.107665,1,2,2,18,65
2025-12-13 04:06:42.066598,1,1,1,20,65
2025-12-13 04:06:46.479265,1,1,1,21,65
2025-12-13 04:06:49.288229,1,1,1,22,65
2025-12-13 04:06:52.148238,1,2,4,22,68
2025-12-13 04:06:56.006947,1,2,3,22,71
2025-12-13 04:06:59.318027,1,2,4,20,74
2025-12-13 04:07:02.125636,1,1,1,18,77
2025-12-13 04:07:05.036526,1,1,1,17,80
2025-12-13 04:07:07.896438,1,2,5,16,83
2025-12-13 04:07:10.704910,1,1,5,16,82
2025-12-13 04:07:14.567502,1,1,1,16,81
2025-12-13 04:07:17.883729,1,2,1,15,78
2025-12-13 04:07:21.738360,1,2,3,15,75
2025-12-13 04:07:24.598368,1,1,1,15,72
2025-12-13 04:07:28.504467,1,2,1,15,71
2025-12-13 04:07:31.340556,1,2,2,14,71
2025-12-13 04:07:34.223376,1,1,1,14,71
2025-12-13 04:07:38.032881,1,2,2,14,71
2025-12-13 04:07:41.496054,1,1,1,14,71
2025-12-13 04:07:44.302221,1,1,4,14,71
2025-12-13 04:07:48.213673,1,1,1,17,71
2025-12-13 04:07:51.071728,1,2,2,18,71
2025-12-13 04:07:53.882077,1,1,1,17,71
2025-12-13 04:07:58.195770,1,1,1,17,77
2025-12-13 04:08:01.101760,1,2,1,19,78
2025-12-13 04:08:04.513464,1,2,6,20,78
2025-12-13 04:08:07.321611,1,1,1,21,78
2025-12-13 04:08:10.184471,1,2,6,22,78
2025-12-13 04:08:14.041863,1,2,1,22,78
2025-12-13 04:08:17.352531,1,1,1,19,78
2025-12-13 04:08:20.163175,1,1,1,17,78
2025-12-13 04:08:23.072816,1,2,3,16,78
2025-12-13 04:08:25.929438,1,1,1,14,78
2025-12-13 04:08:28.738895,1,1,1,14,78
2025-12-13 04:08:32.599779,1,1,4,13,78
2025-12-13 04:08:35.909167,1,1,1,14,78
2025-12-13 04:08:40.367839,1,1,1,16,72
2025-12-13 04:08:43.177022,1,2,1,17,69
2025-12-13 04:08:47.088611,1,2,4,18,66
2025-12-13 04:08:49.950120,1,2,3,19,65
2025-12-13 04:08:52.808926,1,1,1,20,65
2025-12-13 04:08:56.628599,1,2,1,20,67
2025-12-13 04:09:00.576518,1,1,1,18,70
2025-12-13 04:09:03.938122,1,2,3,16,72
2025-12-13 04:09:06.746395,1,1,1,15,72
2025-12-13 04:09:09.659745,1,1,1,14,72
2025-12-13 04:09:13.019230,1,1,3,13,72
2025-12-13 04:09:16.778261,1,1,1,13,73
2025-12-13 04:09:19.687068,1,2,1,15,73
2025-12-13 04:09:23.094961,1,2,5,17,73
2025-12-13 04:09:25.954472,1,1,1,19,73
2025-12-13 04:09:28.815138,1,2,2,20,73
2025-12-13 04:09:32.622909,1,1,2,21,76
2025-12-13 04:09:35.937993,1,1,1,22,79
2025-12-13 04:09:39.893403,1,1,1,23,78
2025-12-13 04:09:43.355984,1,2,1,23,74
2025-12-13 04:09:46.263786,1,1,1,23,74
2025-12-13 04:09:50.075282,1,1,1,23,74
2025-12-13 04:09:53.385295,1,2,2,23,74
2025-12-13 04:09:57.694322,1,1,2,23,74
2025-12-13 04:10:02.755113,1,2,6,23,74
2025-12-13 04:10:05.664687,1,1,5,23,74
2025-12-13 04:10:08.574923,1,1,1,23,74
2025-12-13 04:10:11.386579,1,2,3,23,74
2025-12-13 04:10:15.694113,1,1,2,23,74
2025-12-13 04:10:19.067626,1,1,1,23,70
2025-12-13 04:10:23.012933,1,2,1,23,64
2025-12-13 04:10:25.772889,1,1,3,23,67
2025-12-13 04:10:29.685306,1,1,1,23,65
2025-12-13 04:10:32.595508,1,2,1,23,63
2025-12-13 04:10:35.414105,1,2,1,23,62
2025-12-13 04:10:39.213138,1,1,1,23,62
2025-12-13 04:10:43.728023,1,1,1,23,62
2025-12-13 04:10:47.133778,1,1,1,23,62
2025-12-13 04:10:49.995306,1,2,6,23,62
2025-12-13 04:10:52.857294,1,1,1,23,62
2025-12-13 04:10:56.665070,1,2,1,23,62
2025-12-13 04:10:59.973470,1,1,6,19,62
2025-12-13 04:11:02.782813,1,2,61,17,62
2025-12-13 04:11:05.690942,1,2,8,17,62
2025-12-13 04:11:08.602121,1,2,3,18,65
2025-12-13 04:11:11.410652,1,1,2,18,68
2025-12-13 04:11:15.218641,1,1,1,20,71
2025-12-13 04:11:19.079919,1,1,1,21,74
2025-12-13 04:11:23.067586,1,1,1,21,80
2025-12-13 04:11:25.847638,1,1,1,22,77
2025-12-13 04:11:29.707757,1,2,1,22,74
2025-12-13 04:11:32.619512,1,2,8,20,72
2025-12-13 04:11:35.426153,1,2,13,20,72
2025-12-13 04:11:39.236791,1,2,12,21,72
2025-12-13 04:11:42.645512,1,1,1,22,75
2025-12-13 04:11:46.006240,1,1,1,22,79
2025-12-13 04:11:48.866860,1,1,2,23,79
2025-12-13 04:11:52.179028,1,1,1,22,79
2025-12-13 04:11:55.034870,1,1,1,20,79
2025-12-13 04:11:57.844864,1,1,1,18,79
2025-12-13 04:12:02.805414,1,1,1,17,79
2025-12-13 04:12:05.769953,1,1,1,15,76
2025-12-13 04:12:09.177230,1,1,1,15,73
2025-12-13 04:12:11.988555,1,1,1,14,70
2025-12-13 04:12:15.802197,1,1,1,14,67
2025-12-13 04:12:20.259376,1,1,1,14,63
2025-12-13 04:12:23.667661,1,1,1,12,63
2025-12-13 04:12:26.973821,1,1,1,12,63
2025-12-13 04:12:30.834171,1,2,1,11,62
2025-12-13 04:12:33.756339,1,1,1,11,62
2025-12-13 04:12:37.104215,1,1,1,11,62
2025-12-13 04:12:40.866061,1,1,1,11,62
2025-12-13 04:12:44.722839,1,1,1,11,62
2025-12-13 04:12:47.634060,1,1,1,11,63
2025-12-13 04:12:50.444466,1,1,1,11,63
2025-12-13 04:12:54.304643,1,1,1,11,63
2025-12-13 04:12:57.216874,1,1,1,11,63
2025-12-13 04:13:00.024277,1,1,1,11,63
2025-12-13 04:13:03.832340,1,1,1,11,66
2025-12-13 04:13:06.742352,1,1,1,11,69
2025-12-13 04:13:10.650958,1,1,1,11,72
2025-12-13 04:13:13.469386,1,1,1,11,72
2025-12-13 04:13:16.322522,1,1,1,11,72
2025-12-13 04:13:20.180686,1,1,1,11,72
2025-12-13 04:13:23.491203,1,1,1,11,72
2025-12-13 04:13:26.300383,1,1,1,11,72
2025-12-13 04:13:29.208631,1,1,1,11,72
2025-12-13 04:13:32.069629,1,1,1,11,72
2025-12-13 04:13:34.900548,1,1,1,11,72
2025-12-13 04:13:38.743314,1,1,1,11,71
2025-12-13 04:13:41.700665,1,1,1,11,68
2025-12-13 04:13:45.011540,1,1,1,11,65
2025-12-13 04:13:49.819436,1,1,1,11,64
2025-12-13 04:13:53.235084,1,1,2,11,64
2025-12-13 04:13:56.087475,1,1,1,11,64
2025-12-13 04:13:58.896005,1,2,1,11,64
2025-12-13 04:14:03.908632,1,1,1,11,64
2025-12-13 04:14:07.223482,1,1,1,11,64
2025-12-13 04:14:10.076163,1,1,1,11,64
2025-12-13 04:14:12.886788,1,2,1,11,64
2025-12-13 04:14:15.800813,1,2,1,11,64
2025-12-13 04:14:19.156673,1,1,1,11,62
2025-12-13 04:14:24.718087,1,1,1,11,62
2025-12-13 04:14:28.080045,1,1,1,11,62
2025-12-13 04:14:30.886313,1,1,1,11,62
2025-12-13 04:14:33.799143,1,1,1,11,62
2025-12-13 04:14:37.158467,1,1,1,11,62
2025-12-13 04:14:40.928992,1,2,1,11,62
2025-12-13 04:14:44.330111,1,1,3,11,62
2025-12-13 04:14:47.237092,1,2,2,11,62
2025-12-13 04:14:50.100457,1,1,1,11,62
2025-12-13 04:14:52.914405,1,2,2,11,64
2025-12-13 04:14:56.765752,1,1,1,11,64
2025-12-13 04:15:00.075941,1,1,1,11,66
2025-12-13 04:15:03.887024,1,2,1,11,69
2025-12-13 04:15:06.797526,1,1,1,11,71
2025-12-13 04:15:10.705742,1,1,1,11,73
2025-12-13 04:15:13.514949,1,1,1,11,74
2025-12-13 04:15:16.427159,1,1,1,11,77
2025-12-13 04:15:20.234862,1,1,1,11,80
2025-12-13 04:15:23.551705,1,1,1,11,81
2025-12-13 04:15:26.353937,1,1,1,11,81
2025-12-13 04:15:29.266887,1,1,1,11,81
2025-12-13 04:15:32.133158,1,1,1,11,81
2025-12-13 04:15:34.940112,1,2,1,11,81
2025-12-13 04:15:38.793202,1,2,1,11,81
2025-12-13 04:15:41.705315,1,1,1,11,81
2025-12-13 04:15:44.513270,1,1,1,11,81
2025-12-13 04:15:48.373487,1,2,2,13,81
2025-12-13 04:15:51.284212,1,2,1,15,81
2025-12-13 04:15:54.093615,1,1,1,17,81
2025-12-13 04:15:57.902917,1,1,1,18,81
2025-12-13 04:16:01.814907,1,1,1,19,81
2025-12-13 04:16:05.182323,1,2,1,20,81
2025-12-13 04:16:07.938317,1,1,1,21,82
2025-12-13 04:16:11.848135,1,2,1,22,85
2025-12-13 04:16:14.758401,1,1,2,22,88
2025-12-13 04:16:18.119566,1,1,1,23,88
2025-12-13 04:16:21.528474,1,1,1,20,88
2025-12-13 04:16:24.397592,1,1,2,18,88
2025-12-13 04:16:27.301454,1,1,1,16,82
2025-12-13 04:16:30.107836,1,1,1,15,78
2025-12-13 04:16:33.918396,1,1,1,15,75
2025-12-13 04:16:37.881849,1,2,1,17,77
2025-12-13 04:16:42.846929,1,1,2,19,80
2025-12-13 04:16:46.204061,1,2,2,19,86
2025-12-13 04:16:49.014597,1,1,2,17,86
2025-12-13 04:16:52.324959,1,1,1,17,86
2025-12-13 04:16:56.735921,1,2,1,19,89
2025-12-13 04:16:59.546105,1,1,1,19,92
2025-12-13 04:17:03.866129,1,1,1,21,95
2025-12-13 04:17:07.213778,1,1,1,22,98
2025-12-13 04:17:10.972310,1,1,1,22,98
2025-12-13 04:17:14.834309,1,1,1,23,98
2025-12-13 04:17:18.142543,1,1,1,22,98
2025-12-13 04:17:21.002044,1,1,2,23,98
2025-12-13 04:17:24.315137,1,1,1,22,98
2025-12-13 04:17:27.123448,1,2,2,19,98
2025-12-13 04:17:31.033604,1,2,1,17,96
2025-12-13 04:17:33.895150,1,1,1,15,90
2025-12-13 04:17:38.312135,1,1,1,14,84
2025-12-13 04:17:41.614116,1,1,1,14,81
2025-12-13 04:17:44.475124,1,1,1,13,78
2025-12-13 04:17:47.789780,1,1,1,12,78
2025-12-13 04:17:51.096877,1,2,2,12,78
2025-12-13 04:17:53.903138,1,1,1,12,74
2025-12-13 04:17:58.866978,1,1,1,12,67
2025-12-13 04:18:01.823817,1,1,1,12,64
2025-12-13 04:18:05.185104,1,1,1,12,63
2025-12-13 04:18:07.993928,1,2,1,12,63
2025-12-13 04:18:11.908303,1,1,1,12,63
2025-12-13 04:18:14.814347,1,1,1,12,63
2025-12-13 04:18:18.173723,1,1,3,12,63
2025-12-13 04:18:21.037539,1,1,2,12,63
2025-12-13 04:18:24.346162,1,1,1,12,63
2025-12-13 04:18:27.659556,1,1,1,12,63
2025-12-13 04:18:30.465253,1,2,1,12,63
2025-12-13 04:18:33.375324,1,1,1,12,63
2025-12-13 04:18:36.782500,1,2,1,12,63
2025-12-13 04:18:40.094752,1,2,2,12,63
2025-12-13 04:18:42.901226,1,1,1,12,63
2025-12-13 04:18:46.821003,1,2,1,12,63
2025-12-13 04:18:49.621321,1,1,2,12,63
2025-12-13 04:18:53.034134,1,2,2,12,63
2025-12-13 04:18:57.392250,1,1,2,12,63
2025-12-13 04:19:01.804393,1,2,1,13,64
2025-12-13 04:19:05.113850,1,2,1,15,67
2025-12-13 04:19:07.925456,1,1,1,15,70
2025-12-13 04:19:10.838812,1,2,1,15,69
2025-12-13 04:19:14.844445,1,1,1,14,69
2025-12-13 04:19:18.153244,1,1,1,14,69
2025-12-13 04:19:21.965063,1,1,2,14,69
2025-12-13 04:19:25.826932,1,1,1,14,69
2025-12-13 04:19:28.634421,1,1,1,14,67
2025-12-13 04:19:31.546370,1,1,1,14,65
2025-12-13 04:19:35.912830,1,1,1,14,65
2025-12-13 04:19:38.819072,1,2,1,15,65
2025-12-13 04:19:41.624972,1,1,1,15,63
2025-12-13 04:19:45.435058,1,1,1,17,63
2025-12-13 04:19:49.295159,1,2,1,16,63
2025-12-13 04:19:53.054523,1,1,2,15,63
2025-12-13 04:19:56.916818,1,2,1,14,63
2025-12-13 04:19:59.876766,1,1,1,13,63
2025-12-13 04:20:03.185853,1,1,1,13,63
2025-12-13 04:20:07.045664,1,1,1,12,63
2025-12-13 04:20:09.965897,1,1,1,12,63
2025-12-13 04:20:13.321250,1,1,2,12,63
2025-12-13 04:20:16.627931,1,1,1,12,63
2025-12-13 04:20:19.487513,1,1,1,12,63
2025-12-13 04:20:23.398635,1,2,2,12,63
2025-12-13 04:20:26.258138,1,1,1,12,63
2025-12-13 04:20:29.070267,1,2,1,12,63
2025-12-13 04:20:31.979013,1,2,2,12,63
2025-12-13 04:20:37.391261,1,1,1,12,63
2025-12-13 04:20:40.250429,1,2,1,14,65
2025-12-13 04:20:43.060846,1,1,1,16,65
2025-12-13 04:20:45.969161,1,1,2,17,68
2025-12-13 04:20:49.329697,1,1,2,18,71
2025-12-13 04:20:52.688674,1,1,1,19,77
2025-12-13 04:20:55.498490,1,2,2,20,80
2025-12-13 04:20:59.407648,1,1,2,21,83
2025-12-13 04:21:02.269084,1,1,1,22,86
2025-12-13 04:21:05.078778,1,1,1,22,89
2025-12-13 04:21:08.938711,1,1,1,21,92
2025-12-13 04:21:12.244798,1,1,1,17,92
2025-12-13 04:21:15.108393,1,1,1,15,86
2025-12-13 04:21:17.964837,1,2,1,14,80
2025-12-13 04:21:20.875331,1,1,1,14,77
2025-12-13 04:21:23.687041,1,1,1,14,74
2025-12-13 04:21:27.492327,1,1,1,13,71
2025-12-13 04:21:30.955867,1,1,1,12,68
2025-12-13 04:21:34.864253,1,1,1,12,66
2025-12-13 04:21:38.171338,1,2,1,14,67
2025-12-13 04:21:40.988939,1,1,1,16,70
2025-12-13 04:21:44.309611,1,1,1,15,73
2025-12-13 04:21:47.152514,1,1,1,15,73
2025-12-13 04:21:50.612509,1,1,1,14,70
2025-12-13 04:21:53.471803,1,1,1,14,68
2025-12-13 04:21:56.883998,1,1,3,14,67
2025-12-13 04:21:59.695589,1,1,1,14,67
2025-12-13 04:22:03.501895,1,2,1,14,67
2025-12-13 04:22:07.361977,1,2,1,14,67
2025-12-13 04:22:11.121621,1,1,1,14,67
2025-12-13 04:22:14.935054,1,1,1,14,67
2025-12-13 04:22:19.292840,1,1,2,13,67
2025-12-13 04:22:22.707032,1,1,1,13,69
2025-12-13 04:22:25.561507,1,1,1,12,69
2025-12-13 04:22:29.475257,1,1,1,12,67
2025-12-13 04:22:35.983902,1,1,1,12,67
2025-12-13 04:22:38.904911,1,2,1,12,68
2025-12-13 04:22:41.706900,1,1,1,12,68
2025-12-13 04:22:46.016679,1,1,1,12,68
2025-12-13 04:22:49.374229,1,1,1,12,68
2025-12-13 04:22:53.133570,1,2,1,12,68
2025-12-13 04:22:55.996882,1,1,2,12,68
2025-12-13 04:22:58.902909,1,1,1,12,68
2025-12-13 04:23:01.712386,1,1,1,12,68
2025-12-13 04:23:04.621908,1,1,1,12,68
2025-12-13 04:23:08.432609,1,1,1,12,68
2025-12-13 04:23:11.743197,1,1,1,12,68
2025-12-13 04:23:14.600889,1,2,1,12,68
2025-12-13 04:23:17.460611,1,1,1,12,69
2025-12-13 04:23:20.322738,1,1,1,12,68
2025-12-13 04:23:23.132945,1,2,2,12,69
2025-12-13 04:23:26.991023,1,1,2,12,69
2025-12-13 04:23:30.303867,1,1,2,12,69
2025-12-13 04:23:34.314153,1,1,1,12,69
2025-12-13 04:23:37.120795,1,2,1,12,69
2025-12-13 04:23:40.031709,1,2,1,12,69
2025-12-13 04:23:43.391369,1,1,1,13,69
2025-12-13 04:23:47.149961,1,1,1,13,70
2025-12-13 04:23:51.011236,1,2,1,13,70
2025-12-13 04:23:53.919873,1,1,2,13,70
2025-12-13 04:23:56.730537,1,1,1,13,70
2025-12-13 04:24:00.639965,1,1,1,13,70
2025-12-13 04:24:03.500548,1,1,1,13,70
2025-12-13 04:24:06.308212,1,1,1,13,70
2025-12-13 04:24:10.119120,1,2,1,13,70
2025-12-13 04:24:13.031970,1,2,1,13,70
2025-12-13 04:24:16.988280,1,1,1,13,70
2025-12-13 04:24:21.250079,1,1,1,12,70
2025-12-13 04:24:24.063060,1,1,1,12,70
2025-12-13 04:24:26.970130,1,2,2,12,72
2025-12-13 04:24:29.779187,1,1,1,12,75
2025-12-13 04:24:32.588136,1,1,1,12,74
2025-12-13 04:24:35.498469,1,1,1,12,74
2025-12-13 04:24:38.358244,1,1,1,12,74
2025-12-13 04:24:41.166616,1,1,1,12,74
2025-12-13 04:24:45.028030,1,1,1,12,74
2025-12-13 04:24:48.334583,1,1,1,12,74
2025-12-13 04:24:51.197714,1,1,1,12,73
2025-12-13 04:24:54.059520,1,1,1,12,73
2025-12-13 04:24:56.965061,1,2,1,12,73
2025-12-13 04:24:59.782507,1,1,1,12,73
2025-12-13 04:25:04.084412,1,2,1,13,73
2025-12-13 04:25:07.444341,1,2,1,13,74
2025-12-13 04:25:10.958650,1,1,1,13,76
2025-12-13 04:25:13.785078,1,1,2,13,76
2025-12-13 04:25:16.682804,1,1,1,13,76
2025-12-13 04:25:20.485066,1,1,1,13,76
2025-12-13 04:25:23.794306,1,1,1,13,76
2025-12-13 04:25:28.104262,1,1,2,13,73
2025-12-13 04:25:32.466024,1,1,1,13,70
2025-12-13 04:25:35.772733,1,1,1,13,70
2025-12-13 04:25:39.583111,1,2,1,13,70
2025-12-13 04:25:43.444341,1,2,1,13,70
2025-12-13 04:25:47.209210,1,1,2,13,73
2025-12-13 04:25:51.070089,1,1,3,13,76
2025-12-13 04:25:53.970288,1,1,3,12,77
2025-12-13 04:25:57.282450,1,1,2,12,77
2025-12-13 04:26:00.091662,1,2,1,13,77
2025-12-13 04:26:03.002936,1,2,1,13,77
2025-12-13 04:26:05.813950,1,1,1,13,77
2025-12-13 04:26:10.121655,1,2,1,13,74
2025-12-13 04:26:13.530672,1,2,2,13,70
2025-12-13 04:26:16.395929,1,1,1,13,70
2025-12-13 04:26:19.249608,1,1,1,13,70
2025-12-13 04:26:22.111727,1,1,1,13,70
2025-12-13 04:26:25.470523,1,1,1,13,70
2025-12-13 04:26:29.229809,1,1,1,13,71
2025-12-13 04:26:33.194173,1,2,1,13,71
2025-12-13 04:26:36.100238,1,1,1,13,71
2025-12-13 04:26:39.014901,1,2,1,12,71
2025-12-13 04:26:41.818470,1,1,1,12,71
2025-12-13 04:26:45.631141,1,1,1,12,71
2025-12-13 04:26:49.492878,1,2,1,12,71
2025-12-13 04:26:53.010417,1,1,2,12,71
2025-12-13 04:26:55.805306,1,1,1,12,71
2025-12-13 04:26:58.717415,1,1,1,12,71
2025-12-13 04:27:02.528692,1,1,1,12,71
2025-12-13 04:27:05.838318,1,1,1,12,74
2025-12-13 04:27:10.144116,1,2,1,12,75
2025-12-13 04:27:15.205068,1,1,1,12,76
2025-12-13 04:27:18.117811,1,2,1,12,78
2025-12-13 04:27:21.032077,1,2,3,12,78
2025-12-13 04:27:23.835069,1,1,1,12,80
2025-12-13 04:27:28.144475,1,2,1,12,82
2025-12-13 04:27:31.056355,1,1,1,12,85
2025-12-13 04:27:34.415219,1,1,1,12,86
2025-12-13 04:27:37.276296,1,1,1,12,86
2025-12-13 04:27:40.135988,1,1,1,12,86
2025-12-13 04:27:43.497525,1,2,1,12,86
2025-12-13 04:27:47.255768,1,1,1,12,86
2025-12-13 04:27:51.117973,1,1,1,12,86
2025-12-13 04:27:54.026966,1,1,1,12,86
2025-12-13 04:27:56.834857,1,1,1,12,86
2025-12-13 04:28:00.743565,1,1,1,12,86
2025-12-13 04:28:03.608242,1,1,1,12,89
2025-12-13 04:28:06.413093,1,1,1,13,90
2025-12-13 04:28:10.223274,1,2,2,13,90
2025-12-13 04:28:13.134002,1,1,2,13,88
2025-12-13 04:28:17.053076,1,1,1,13,88
2025-12-13 04:28:19.901122,1,2,1,13,88
2025-12-13 04:28:22.717418,1,1,1,13,88
2025-12-13 04:28:26.572004,1,1,1,13,86
2025-12-13 04:28:29.880756,1,1,1,13,84
2025-12-13 04:28:32.703901,1,2,2,13,84
2025-12-13 04:28:35.600617,1,2,2,13,84
2025-12-13 04:28:38.458739,1,1,1,13,84
2025-12-13 04:28:41.318805,1,2,3,13,85
2025-12-13 04:28:45.134325,1,1,2,13,86
2025-12-13 04:28:48.440602,1,1,1,13,82
2025-12-13 04:28:51.248442,1,2,1,13,76
2025-12-13 04:28:54.158463,1,2,3,13,72
2025-12-13 04:28:57.070995,1,1,2,13,73
2025-12-13 04:28:59.879144,1,1,1,13,76
2025-12-13 04:29:03.688217,1,2,2,12,75
2025-12-13 04:29:07.548658,1,2,1,12,72
2025-12-13 04:29:11.067550,1,1,2,12,70
2025-12-13 04:29:13.870369,1,1,1,12,70
2025-12-13 04:29:16.728667,1,1,1,12,71
2025-12-13 04:29:20.587666,1,1,1,12,74
2025-12-13 04:29:23.899453,1,1,1,12,77
2025-12-13 04:29:27.708368,1,1,1,12,80
2025-12-13 04:29:31.117619,1,2,3,13,83
2025-12-13 04:29:34.479837,1,1,1,13,83
2025-12-13 04:29:37.287101,1,1,1,12,83
2025-12-13 04:29:40.198135,1,2,1,12,77
2025-12-13 04:29:43.561250,1,2,1,12,73
2025-12-13 04:29:47.320563,1,1,1,12,69
2025-12-13 04:29:51.129535,1,1,1,12,69
2025-12-13 04:29:54.437417,1,1,1,12,69
2025-12-13 04:29:58.250185,1,2,1,12,69
2025-12-13 04:30:02.606489,1,1,1,12,65
2025-12-13 04:30:05.916022,1,1,1,12,62
2025-12-13 04:30:10.224868,1,1,1,12,62
2025-12-13 04:30:13.638019,1,2,2,12,62
2025-12-13 04:30:16.493271,1,1,1,12,62
2025-12-13 04:30:19.355125,1,2,2,12,62
2025-12-13 04:30:22.215693,1,1,2,12,62
2025-12-13 04:30:25.578303,1,1,1,13,62
2025-12-13 04:30:29.334448,1,2,1,13,62
2025-12-13 04:30:32.194750,1,2,1,13,62
2025-12-13 04:30:35.103648,1,1,1,13,62
2025-12-13 04:30:37.915069,1,2,1,13,62
2025-12-13 04:30:40.773011,1,2,2,13,62
2025-12-13 04:30:44.632780,1,1,1,13,62
2025-12-13 04:30:47.942392,1,1,1,13,62
2025-12-13 04:30:50.800257,1,2,2,13,62
2025-12-13 04:30:53.660550,1,1,1,13,62
2025-12-13 04:30:56.584685,1,2,1,12,62
2025-12-13 04:30:59.391838,1,1,2,12,62
2025-12-13 04:31:03.195518,1,1,1,12,62
2025-12-13 04:31:06.500356,1,1,1,12,62
2025-12-13 04:31:09.361607,1,2,3,12,62
2025-12-13 04:31:12.218404,1,1,2,12,62
2025-12-13 04:31:15.129884,1,1,1,12,62
2025-12-13 04:31:17.938691,1,2,2,12,62
2025-12-13 04:31:22.247394,1,1,2,12,62
2025-12-13 04:31:25.609391,1,1,1,12,62
2025-12-13 04:31:29.118057,1,1,1,12,62
2025-12-13 04:31:31.927951,1,2,1,12,64
2025-12-13 04:31:34.837386,1,1,1,12,67
2025-12-13 04:31:38.647837,1,1,1,12,70
2025-12-13 04:31:41.957022,1,1,1,12,71
2025-12-13 04:31:46.265996,1,1,1,12,71
2025-12-13 04:31:50.136220,1,2,1,12,68
2025-12-13 04:31:52.938700,1,1,2,12,66
2025-12-13 04:31:55.797953,1,2,23,12,66
2025-12-13 04:31:59.706431,1,2,2,12,66
2025-12-13 04:32:02.566720,1,2,22,12,66
2025-12-13 04:32:05.374037,1,2,12,12,67
2025-12-13 04:32:08.235035,1,2,3,12,67
2025-12-13 04:32:11.144593,1,1,3,12,68
2025-12-13 04:32:13.952869,1,1,1,12,67
2025-12-13 04:32:16.867430,1,1,1,12,67
2025-12-13 04:32:20.673242,1,2,2,12,67
2025-12-13 04:32:23.983925,1,2,11,12,67
2025-12-13 04:32:26.841719,1,2,3,12,67
2025-12-13 04:32:29.701628,1,2,2,12,67
2025-12-13 04:32:32.574583,1,2,4,12,67
2025-12-13 04:32:35.389915,1,2,1,12,67
2025-12-13 04:32:39.232028,1,2,1,12,67
2025-12-13 04:32:42.543804,1,1,2,12,67
2025-12-13 04:32:45.398852,1,2,1,12,67
2025-12-13 04:32:48.259833,1,2,1,13,67
2025-12-13 04:32:51.171329,1,2,1,14,67
2025-12-13 04:32:53.978304,1,1,1,14,65
2025-12-13 04:32:57.788431,1,1,1,17,64
2025-12-13 04:33:01.649934,1,2,1,18,64
2025-12-13 04:33:05.006029,1,1,1,19,69
2025-12-13 04:33:07.815937,1,1,1,20,72
2025-12-13 04:33:11.726697,1,1,1,21,75
2025-12-13 04:33:14.584802,1,1,1,21,78
2025-12-13 04:33:17.393213,1,1,1,22,81
2025-12-13 04:33:21.253449,1,1,1,22,82
2025-12-13 04:33:25.015462,1,1,1,22,80
2025-12-13 04:33:27.836617,1,1,1,20,74
2025-12-13 04:33:30.733544,1,1,1,17,70
2025-12-13 04:33:33.542617,1,1,1,15,67
2025-12-13 04:33:37.401073,1,1,1,14,64
2025-12-13 04:33:40.312169,1,1,1,13,63
2025-12-13 04:33:43.772183,1,2,1,12,63
2025-12-13 04:33:47.184304,1,1,1,12,63
2025-12-13 04:33:49.992533,1,1,1,12,63
2025-12-13 04:33:52.850842,1,1,1,11,63
2025-12-13 04:33:56.710073,1,1,1,11,63
2025-12-13 04:34:00.022162,1,1,1,11,63
2025-12-13 04:34:03.431542,1,1,1,11,63
2025-12-13 04:34:06.744715,1,2,1,11,63
2025-12-13 04:34:09.548210,1,1,1,11,63
2025-12-13 04:34:13.408853,1,1,1,11,63
2025-12-13 04:34:16.324112,1,1,1,11,63
2025-12-13 04:34:19.680559,1,1,1,11,63
2025-12-13 04:34:23.456564,1,1,1,11,63
2025-12-13 04:34:27.347798,1,1,1,11,63
2025-12-13 04:34:30.758242,1,2,7,11,63
2025-12-13 04:34:33.571882,1,2,6,12,63
2025-12-13 04:34:37.427358,1,2,5,13,63
2025-12-13 04:34:40.337358,1,2,18,15,63
2025-12-13 04:34:43.695477,1,2,11,15,63
2025-12-13 04:34:47.205408,1,1,2,16,63
2025-12-13 04:34:50.022264,1,2,1,18,63
2025-12-13 04:34:52.877304,1,2,3,18,63
2025-12-13 04:34:56.735140,1,1,1,18,63
2025-12-13 04:35:00.058120,1,1,1,18,63
2025-12-13 04:35:03.872900,1,2,1,18,63
2025-12-13 04:35:06.765641,1,1,1,18,63
2025-12-13 04:35:09.573105,1,1,2,18,62
2025-12-13 04:35:13.433850,1,1,1,18,62
2025-12-13 04:35:16.345082,1,2,3,18,62
2025-12-13 04:35:19.702583,1,1,1,18,62
2025-12-13 04:35:23.478923,1,1,1,18,62
2025-12-13 04:35:27.276339,1,2,1,18,62
2025-12-13 04:35:30.582913,1,2,1,18,62
2025-12-13 04:35:34.394808,1,2,1,19,62
2025-12-13 04:35:38.252795,1,2,1,18,67
2025-12-13 04:35:41.062376,1,1,4,17,70
2025-12-13 04:35:43.923745,1,1,1,16,73
2025-12-13 04:35:46.781533,1,1,1,16,76
2025-12-13 04:35:49.640983,1,1,1,15,79
2025-12-13 04:35:52.515130,1,2,6,15,79
2025-12-13 04:35:55.359652,1,1,1,15,79
2025-12-13 04:35:59.269144,1,2,5,14,79
2025-12-13 04:36:02.080604,1,1,4,14,79
2025-12-13 04:36:04.887776,1,1,1,14,79
2025-12-13 04:36:08.749246,1,2,2,14,79
2025-12-13 04:36:12.059377,1,1,1,14,79
2025-12-13 04:36:15.872741,1,1,1,14,79
2025-12-13 04:36:19.736893,1,1,1,14,79
2025-12-13 04:36:23.499874,1,2,2,14,76
2025-12-13 04:36:26.396950,1,1,1,13,73
2025-12-13 04:36:29.812573,1,1,1,13,70
2025-12-13 04:36:32.665214,1,2,3,14,69
2025-12-13 04:36:35.479059,1,1,1,16,70
2025-12-13 04:36:39.345780,1,1,4,18,73
2025-12-13 04:36:42.646124,1,1,2,16,76
2025-12-13 04:36:45.455518,1,1,1,15,77
2025-12-13 04:36:48.366543,1,2,1,15,74
2025-12-13 04:36:51.280827,1,1,1,14,71
2025-12-13 04:36:54.083394,1,2,1,14,71
2025-12-13 04:36:57.892858,1,1,2,12,71
2025-12-13 04:37:01.759182,1,1,1,12,71
2025-12-13 04:37:05.663112,1,2,1,11,71
2025-12-13 04:37:08.470835,1,2,2,11,71
2025-12-13 04:37:12.381853,1,1,1,11,71
2025-12-13 04:37:15.290917,1,2,1,11,71
2025-12-13 04:37:18.103393,1,2,2,11,71
2025-12-13 04:37:21.911531,1,1,1,14,71
2025-12-13 04:37:24.870713,1,1,1,16,72
2025-12-13 04:37:29.288246,1,2,6,18,78
2025-12-13 04:37:32.093246,1,1,2,19,75
2025-12-13 04:37:34.949959,1,1,1,21,72
2025-12-13 04:37:38.816086,1,2,3,21,72
2025-12-13 04:37:42.119350,1,2,1,22,72
2025-12-13 04:37:45.529551,1,1,1,22,72
2025-12-13 04:37:48.838878,1,1,1,23,72
2025-12-13 04:37:51.655891,1,1,2,23,72
2025-12-13 04:37:56.962299,1,2,6,23,72
2025-12-13 04:37:59.872889,1,2,1,23,72
2025-12-13 04:38:02.733271,1,1,1,24,72
2025-12-13 04:38:05.491718,1,1,3,24,72
2025-12-13 04:38:09.352220,1,1,1,24,72
2025-12-13 04:38:12.668255,1,1,1,24,72
2025-12-13 04:38:16.473760,1,2,1,24,72
2025-12-13 04:38:20.838150,1,1,1,24,76
2025-12-13 04:38:24.140698,1,2,1,24,79
2025-12-13 04:38:26.949564,1,1,1,24,82
2025-12-13 04:38:29.859959,1,1,2,24,85
2025-12-13 04:38:32.719292,1,1,1,24,85
2025-12-13 04:38:35.529950,1,2,1,24,88
2025-12-13 04:38:39.404513,1,1,2,24,89
2025-12-13 04:38:42.700379,1,1,1,24,89
2025-12-13 04:38:45.508841,1,2,1,24,89
2025-12-13 04:38:48.423618,1,1,3,24,89
2025-12-13 04:38:51.326425,1,1,1,24,89
2025-12-13 04:38:54.135105,1,2,1,24,89
2025-12-13 04:38:57.945257,1,2,6,24,89
2025-12-13 04:39:02.857439,1,2,2,22,89
2025-12-13 04:39:05.716506,1,2,2,19,89
2025-12-13 04:39:08.579948,1,1,1,20,89
2025-12-13 04:39:12.434794,1,2,1,21,83
2025-12-13 04:39:15.345248,1,2,1,22,77
2025-12-13 04:39:18.155742,1,1,1,22,78
2025-12-13 04:39:21.965403,1,1,1,23,81
2025-12-13 04:39:24.924555,1,1,1,23,84
2025-12-13 04:39:29.333546,1,1,1,23,74
2025-12-13 04:39:32.144341,1,1,1,23,71
2025-12-13 04:39:35.004552,1,1,1,23,69
2025-12-13 04:39:38.862275,1,1,1,23,69
2025-12-13 04:39:42.173363,1,1,1,23,69
2025-12-13 04:39:45.532248,1,2,1,24,69
2025-12-13 04:39:48.443529,1,1,2,24,71
2025-12-13 04:39:51.351438,1,1,1,24,74
2025-12-13 04:39:54.163817,1,2,2,24,77
2025-12-13 04:39:57.971028,1,1,2,24,78
2025-12-13 04:40:01.831421,1,1,1,24,80
2025-12-13 04:40:05.191905,1,1,1,24,86
2025-12-13 04:40:08.050792,1,2,3,23,89
2025-12-13 04:40:11.908225,1,1,1,21,89
2025-12-13 04:40:14.770502,1,1,1,22,91
2025-12-13 04:40:17.628703,1,1,5,21,94
2025-12-13 04:40:21.436672,1,1,1,21,97
2025-12-13 04:40:25.448026,1,1,1,16,98
2025-12-13 04:40:29.362096,1,2,1,18,98
2025-12-13 04:40:32.168757,1,2,1,19,97
2025-12-13 04:40:35.028122,1,1,1,20,97
2025-12-13 04:40:38.887359,1,1,1,21,94
2025-12-13 04:40:42.699805,1,2,4,21,92
2025-12-13 04:40:47.168180,1,2,3,22,92
2025-12-13 04:40:50.018632,1,1,1,22,92
2025-12-13 04:40:53.928189,1,1,1,23,92
2025-12-13 04:40:56.788069,1,1,1,23,92
2025-12-13 04:40:59.647282,1,2,7,23,94
2025-12-13 04:41:03.458037,1,1,3,24,97
2025-12-13 04:41:06.419233,1,1,1,23,98
2025-12-13 04:41:09.725523,1,2,1,23,99
2025-12-13 04:41:13.588896,1,1,1,24,99
2025-12-13 04:41:16.496362,1,1,1,24,99
2025-12-13 04:41:19.853642,1,1,1,25,99
2025-12-13 04:41:23.612762,1,1,3,25,104
2025-12-13 04:41:26.522153,1,1,1,25,104
2025-12-13 04:41:29.945286,1,1,1,25,104
2025-12-13 04:41:32.798980,1,2,1,25,103
2025-12-13 04:41:35.603605,1,1,1,25,101
2025-12-13 04:41:39.461752,1,2,3,25,101
2025-12-13 04:41:42.773344,1,1,3,25,101
2025-12-13 04:41:47.182947,1,1,1,25,100
2025-12-13 04:41:50.045706,1,1,1,25,99
2025-12-13 04:41:53.950785,1,1,2,25,99
2025-12-13 04:41:56.811670,1,1,1,25,99
2025-12-13 04:41:59.620735,1,2,1,24,99
2025-12-13 04:42:03.483603,1,2,3,24,99
2025-12-13 04:42:06.792101,1,1,1,21,98
2025-12-13 04:42:09.600910,1,1,1,19,95
2025-12-13 04:42:12.509504,1,1,3,17,92
2025-12-13 04:42:15.418415,1,1,1,15,90
2025-12-13 04:42:18.230988,1,1,4,15,90
2025-12-13 04:42:22.538421,1,1,3,13,90
2025-12-13 04:42:25.897733,1,1,2,13,90
2025-12-13 04:42:29.917512,1,1,1,13,90
2025-12-13 04:42:32.819206,1,1,1,12,90
2025-12-13 04:42:35.627159,1,1,3,12,90
2025-12-13 04:42:39.487176,1,1,1,12,90
2025-12-13 04:42:42.795727,1,2,1,12,90
2025-12-13 04:42:46.607005,1,1,1,12,90
2025-12-13 04:42:50.519545,1,1,6,12,90
2025-12-13 04:42:53.428068,1,1,1,12,90
2025-12-13 04:42:56.236393,1,2,1,13,90
2025-12-13 04:42:59.099238,1,1,1,16,88
2025-12-13 04:43:02.959584,1,1,1,18,88
2025-12-13 04:43:07.928124,1,1,1,20,88
2025-12-13 04:43:10.828058,1,1,1,19,86
2025-12-13 04:43:13.645438,1,1,3,17,86
2025-12-13 04:43:16.547613,1,1,1,16,83
2025-12-13 04:43:19.908366,1,2,1,15,80
2025-12-13 04:43:23.666409,1,2,2,14,84
2025-12-13 04:43:26.577950,1,1,1,13,84
2025-12-13 04:43:29.986615,1,1,1,12,84
2025-12-13 04:43:32.851847,1,2,6,13,84
2025-12-13 04:43:35.705157,1,1,1,13,84
2025-12-13 04:43:39.520993,1,2,1,13,84
2025-12-13 04:43:42.827033,1,2,1,13,84
2025-12-13 04:43:47.235630,1,2,4,12,84
2025-12-13 04:43:50.095371,1,1,1,14,84
2025-12-13 04:43:54.005030,1,1,1,15,84
2025-12-13 04:43:56.865307,1,1,1,16,84
2025-12-13 04:43:59.679685,1,1,3,16,79
2025-12-13 04:44:03.532664,1,1,1,17,74
2025-12-13 04:44:06.851837,1,2,1,19,71
2025-12-13 04:44:09.703750,1,1,3,20,68
2025-12-13 04:44:12.570272,1,1,1,20,66
2025-12-13 04:44:15.473730,1,2,1,21,67
2025-12-13 04:44:18.285862,1,1,2,21,70
2025-12-13 04:44:22.091481,1,1,1,22,73
2025-12-13 04:44:25.500937,1,1,1,22,76
2025-12-13 04:44:28.862132,1,2,6,23,79
2025-12-13 04:44:31.669382,1,1,1,23,79
2025-12-13 04:44:34.583208,1,1,1,23,79
2025-12-13 04:44:37.940307,1,1,5,23,79
2025-12-13 04:44:41.700812,1,1,1,23,79
2025-12-13 04:44:44.617132,1,1,1,24,79
2025-12-13 04:44:48.520953,1,2,1,24,79
2025-12-13 04:44:51.830177,1,1,2,24,79
2025-12-13 04:44:56.641733,1,1,3,24,77
2025-12-13 04:45:00.501794,1,1,1,22,71
2025-12-13 04:45:03.311457,1,2,1,22,68
2025-12-13 04:45:06.671331,1,1,1,17,65
2025-12-13 04:45:09.583373,1,1,1,15,62
2025-12-13 04:45:12.494345,1,2,1,14,62
2025-12-13 04:45:15.302689,1,1,3,14,62
2025-12-13 04:45:19.162725,1,1,1,13,62
2025-12-13 04:45:22.222659,1,1,1,13,62
2025-12-13 04:45:25.583830,1,2,1,12,62
2025-12-13 04:45:29.493664,1,1,3,12,62
2025-12-13 04:45:32.309238,1,1,1,12,64
2025-12-13 04:45:35.163320,1,2,3,12,64
2025-12-13 04:45:39.022689,1,2,1,12,64
2025-12-13 04:45:42.332561,1,1,1,12,67
2025-12-13 04:45:45.157446,1,1,1,12,70
2025-12-13 04:45:48.051193,1,2,3,12,73
2025-12-13 04:45:50.912535,1,1,1,12,76
2025-12-13 04:45:53.772361,1,2,6,12,79
2025-12-13 04:45:57.584303,1,1,3,12,82
2025-12-13 04:46:00.891700,1,1,1,13,85
2025-12-13 04:46:03.700224,1,2,1,14,86
2025-12-13 04:46:06.612038,1,1,3,16,89
2025-12-13 04:46:09.520253,1,1,1,17,88
2025-12-13 04:46:12.327833,1,2,1,17,86
2025-12-13 04:46:16.636947,1,1,2,19,86
2025-12-13 04:46:20.000674,1,1,1,20,86
2025-12-13 04:46:23.556720,1,2,1,21,86
2025-12-13 04:46:26.315885,1,1,3,21,86
2025-12-13 04:46:29.178500,1,1,1,22,86
2025-12-13 04:46:33.038347,1,2,1,21,86
2025-12-13 04:46:36.356553,1,1,2,21,86
2025-12-13 04:46:40.156486,1,1,2,22,86
2025-12-13 04:46:43.067906,1,1,1,23,86
2025-12-13 04:46:45.876448,1,2,3,23,89
2025-12-13 04:46:50.688887,1,2,2,24,90
2025-12-13 04:46:54.550188,1,1,1,24,90
2025-12-13 04:46:57.359900,1,2,1,24,86
2025-12-13 04:47:01.216913,1,2,7,24,80
2025-12-13 04:47:04.076643,1,1,1,20,74
2025-12-13 04:47:06.893991,1,1,1,18,70
2025-12-13 04:47:11.194278,1,1,6,16,64
2025-12-13 04:47:15.053660,1,1,1,15,67
2025-12-13 04:47:18.364556,1,1,1,14,70
2025-12-13 04:47:22.172495,1,1,1,13,71
2025-12-13 04:47:25.084336,1,2,3,12,71
2025-12-13 04:47:27.891858,1,1,1,12,71
2025-12-13 04:47:33.256526,1,1,1,12,71
2025-12-13 04:47:36.120055,1,1,1,12,71
2025-12-13 04:47:38.973558,1,2,2,12,71
2025-12-13 04:47:41.782200,1,1,1,12,71
2025-12-13 04:47:44.641622,1,2,4,12,72
2025-12-13 04:47:47.559146,1,1,1,12,75
2025-12-13 04:47:50.361399,1,2,1,11,78
2025-12-13 04:47:53.272291,1,2,2,11,79
2025-12-13 04:47:57.085049,1,1,1,14,79
2025-12-13 04:48:00.393632,1,1,1,17,79
2025-12-13 04:48:03.201379,1,2,4,18,79
2025-12-13 04:48:06.111067,1,1,1,19,79
2025-12-13 04:48:08.969038,1,1,1,20,79
2025-12-13 04:48:11.778393,1,1,3,21,79
2025-12-13 04:48:15.641085,1,1,1,21,79
2025-12-13 04:48:18.947589,1,2,1,22,79
2025-12-13 04:48:21.760032,1,1,2,22,79
2025-12-13 04:48:24.667872,1,1,2,23,79
2025-12-13 04:48:27.582363,1,2,1,23,79
2025-12-13 04:48:30.391811,1,2,4,23,79
2025-12-13 04:48:34.697616,1,1,3,23,79
2025-12-13 04:48:38.057230,1,1,2,24,79
2025-12-13 04:48:41.567338,1,1,1,24,79
2025-12-13 04:48:44.376287,1,2,1,24,79
2025-12-13 04:48:47.237656,1,1,1,24,79
2025-12-13 04:48:51.097439,1,1,1,24,79
2025-12-13 04:48:54.407414,1,1,1,24,79
2025-12-13 04:48:58.216130,1,2,2,24,79
2025-12-13 04:49:02.129121,1,2,5,24,79
2025-12-13 04:49:04.986153,1,1,1,24,79
2025-12-13 04:49:07.793822,1,2,1,24,79
2025-12-13 04:49:10.708655,1,2,1,24,79
2025-12-13 04:49:14.066968,1,1,1,24,79
2025-12-13 04:49:17.824026,1,1,1,24,79
2025-12-13 04:49:21.234083,1,2,6,24,76
2025-12-13 04:49:24.144599,1,1,2,24,73
2025-12-13 04:49:27.000757,1,1,1,24,70
2025-12-13 04:49:29.861634,1,1,1,24,69
2025-12-13 04:49:33.674656,1,1,1,24,69
2025-12-13 04:49:36.980783,1,1,1,24,69
2025-12-13 04:49:40.943403,1,2,4,24,69
2025-12-13 04:49:44.400286,1,2,2,24,65
2025-12-13 04:49:47.260831,1,1,1,24,64
2025-12-13 04:49:51.121905,1,1,1,24,64
2025-12-13 04:49:54.431863,1,2,2,24,64
2025-12-13 04:49:58.761797,1,1,2,24,64
2025-12-13 04:50:02.199249,1,1,2,24,64
2025-12-13 04:50:05.612173,1,1,1,24,65
2025-12-13 04:50:08.419789,1,2,1,24,68
2025-12-13 04:50:11.280614,1,1,1,24,67
2025-12-13 04:50:15.145200,1,1,1,24,70
2025-12-13 04:50:18.449660,1,2,1,24,73
2025-12-13 04:50:21.262422,1,1,2,24,76
2025-12-13 04:50:24.169914,1,1,1,23,73
2025-12-13 04:50:27.031219,1,2,5,23,70
2025-12-13 04:50:29.839226,1,1,1,23,67
2025-12-13 04:50:33.699564,1,2,1,22,64
2025-12-13 04:50:37.011189,1,1,4,22,63
2025-12-13 04:50:39.866440,1,1,1,22,64
2025-12-13 04:50:42.728475,1,2,1,22,67
2025-12-13 04:50:45.637847,1,2,2,21,70
2025-12-13 04:50:48.448542,1,1,1,21,73
2025-12-13 04:50:52.258308,1,2,1,16,76
2025-12-13 04:50:56.117370,1,1,6,18,79
2025-12-13 04:51:01.631444,1,1,5,17,79
2025-12-13 04:51:04.439177,1,1,3,15,79
2025-12-13 04:51:07.347778,1,1,1,14,79
2025-12-13 04:51:10.210237,1,1,1,13,79
2025-12-13 04:51:13.017326,1,2,2,13,79
2025-12-13 04:51:16.830571,1,1,2,12,76
2025-12-13 04:51:19.741048,1,1,1,12,73
2025-12-13 04:51:24.200455,1,2,5,12,70
2025-12-13 04:51:27.063093,1,2,2,12,70
2025-12-13 04:51:29.872380,1,1,1,12,70
2025-12-13 04:51:33.730973,1,2,3,12,70
2025-12-13 04:51:37.045377,1,1,2,12,70
2025-12-13 04:51:39.850666,1,1,1,12,69
2025-12-13 04:51:42.761151,1,2,4,12,66
2025-12-13 04:51:45.669935,1,1,2,12,66
2025-12-13 04:51:48.480342,1,2,1,12,66
2025-12-13 04:51:52.288399,1,2,4,11,66
2025-12-13 04:51:55.696979,1,2,3,11,66
2025-12-13 04:51:59.056364,1,1,1,11,66
2025-12-13 04:52:01.866379,1,1,1,11,66
2025-12-13 04:52:04.777943,1,1,2,11,69
2025-12-13 04:52:08.137524,1,1,1,11,68
2025-12-13 04:52:11.895565,1,1,1,11,74
2025-12-13 04:52:14.804741,1,2,6,11,77
2025-12-13 04:52:18.214527,1,2,2,11,80
2025-12-13 04:52:21.473548,1,1,1,11,83
2025-12-13 04:52:25.333706,1,1,1,11,84
2025-12-13 04:52:28.243416,1,1,1,11,81
2025-12-13 04:52:31.050726,1,1,1,11,82
2025-12-13 04:52:34.861405,1,1,1,11,85
2025-12-13 04:52:37.771693,1,1,1,11,86
2025-12-13 04:52:41.682970,1,1,1,11,86
2025-12-13 04:52:44.491444,1,1,1,11,82
2025-12-13 04:52:47.398795,1,1,1,11,79
2025-12-13 04:52:51.207781,1,2,3,11,76
2025-12-13 04:52:54.519472,1,2,2,11,76
2025-12-13 04:52:57.383151,1,1,1,11,76
2025-12-13 04:53:00.237949,1,2,1,11,76
2025-12-13 04:53:03.097015,1,1,1,11,76
2025-12-13 04:53:05.959236,1,2,1,11,78
2025-12-13 04:53:09.767419,1,1,1,11,81
2025-12-13 04:53:13.077608,1,1,1,11,81
2025-12-13 04:53:15.937040,1,2,2,11,80
2025-12-13 04:53:19.860607,1,1,2,11,80
2025-12-13 04:53:21.706039,1,1,1,11,80
2025-12-13 04:53:24.518335,1,2,2,11,80
2025-12-13 04:53:28.827020,1,1,1,11,80
2025-12-13 04:53:32.192882,1,2,1,11,80
2025-12-13 04:53:35.696982,1,1,1,11,79
2025-12-13 04:53:38.506940,1,1,3,11,79
2025-12-13 04:53:41.416498,1,1,1,11,79
2025-12-13 04:53:45.226979,1,2,1,11,79
2025-12-13 04:53:48.535973,1,2,2,11,79
2025-12-13 04:53:52.346614,1,1,2,11,79
2025-12-13 04:53:55.258908,1,1,1,11,79
2025-12-13 04:53:58.064726,1,2,3,11,79
2025-12-13 04:54:03.377171,1,1,2,11,79
2025-12-13 04:54:06.286231,1,1,1,11,79
2025-12-13 04:54:09.146562,1,1,1,11,79
2025-12-13 04:54:13.059842,1,1,3,11,77
2025-12-13 04:54:16.516398,1,1,1,11,73
2025-12-13 04:54:19.379915,1,2,4,11,70
2025-12-13 04:54:23.742285,1,1,2,12,66
2025-12-13 04:54:26.548130,1,1,2,12,66
2025-12-13 04:54:29.409924,1,1,1,12,66
2025-12-13 04:54:32.317427,1,2,1,12,66
2025-12-13 04:54:35.728031,1,1,1,11,66
2025-12-13 04:54:38.538269,1,1,1,11,66
2025-12-13 04:54:41.397288,1,2,7,11,66
2025-12-13 04:54:45.260642,1,1,1,11,66
2025-12-13 04:54:48.568784,1,1,1,11,66
2025-12-13 04:54:51.377642,1,1,1,11,67
2025-12-13 04:54:54.292181,1,2,2,11,70
2025-12-13 04:54:57.146500,1,1,1,11,72
2025-12-13 04:55:00.007006,1,2,6,11,72
2025-12-13 04:55:03.825349,1,1,1,12,72
2025-12-13 04:55:07.127122,1,1,1,12,72
2025-12-13 04:55:09.986326,1,2,2,12,72
2025-12-13 04:55:12.845493,1,1,2,12,72
2025-12-13 04:55:15.754163,1,1,1,12,72
2025-12-13 04:55:18.564364,1,1,7,12,72
2025-12-13 04:55:22.374637,1,1,1,12,72
2025-12-13 04:55:26.233277,1,1,1,12,75
2025-12-13 04:55:29.993589,1,1,1,12,81
2025-12-13 04:55:33.806684,1,2,1,12,84
2025-12-13 04:55:37.120426,1,2,3,12,86
2025-12-13 04:55:40.921129,1,1,3,12,86
2025-12-13 04:55:45.283226,1,1,1,14,86
2025-12-13 04:55:48.592152,1,1,1,15,86
2025-12-13 04:55:51.952552,1,2,1,17,86
2025-12-13 04:55:54.862185,1,1,2,18,86
2025-12-13 04:55:57.771169,1,1,1,19,86
2025-12-13 04:56:00.578831,1,2,3,19,86
2025-12-13 04:56:04.390783,1,1,1,21,86
2025-12-13 04:56:08.248079,1,1,1,21,86
2025-12-13 04:56:12.008791,1,2,1,22,86
2025-12-13 04:56:14.865881,1,2,6,22,86
2025-12-13 04:56:17.777192,1,1,1,23,86
2025-12-13 04:56:20.636453,1,2,1,24,86
2025-12-13 04:56:23.444524,1,1,1,24,86
2025-12-13 04:56:27.306499,1,1,1,24,86
2025-12-13 04:56:30.615601,1,1,1,24,82
2025-12-13 04:56:33.426312,1,2,2,24,76
2025-12-13 04:56:36.346283,1,1,1,24,72
2025-12-13 04:56:39.194463,1,2,5,24,69
2025-12-13 04:56:42.054125,1,1,1,24,66
2025-12-13 04:56:45.862871,1,1,1,23,65
2025-12-13 04:56:49.172725,1,2,4,18,65
2025-12-13 04:56:51.989505,1,1,2,16,65
2025-12-13 04:56:56.363248,1,1,1,15,65
2025-12-13 04:56:57.802508,1,2,3,14,65
2025-12-13 04:57:00.610978,1,1,1,14,65
2025-12-13 04:57:04.418449,1,2,1,13,65
2025-12-13 04:57:08.280452,1,2,2,12,65
2025-12-13 04:57:12.190406,1,1,3,12,65
2025-12-13 04:57:14.998820,1,1,1,12,65
2025-12-13 04:57:18.919682,1,2,1,12,65
2025-12-13 04:57:21.823457,1,1,1,12,65
2025-12-13 04:57:24.629060,1,1,1,12,65
2025-12-13 04:57:28.439744,1,1,1,12,65
2025-12-13 04:57:31.350754,1,2,2,12,65
2025-12-13 04:57:34.157561,1,1,1,12,67
2025-12-13 04:57:38.971411,1,1,1,12,73
2025-12-13 04:57:42.832632,1,2,1,12,76
2025-12-13 04:57:45.640132,1,1,1,12,78
2025-12-13 04:57:49.501369,1,1,1,11,78
2025-12-13 04:57:52.366550,1,1,1,13,78
2025-12-13 04:57:55.166688,1,2,2,14,78
2025-12-13 04:57:59.476431,1,1,1,14,78
2025-12-13 04:58:03.337692,1,1,1,16,74
2025-12-13 04:58:06.647075,1,2,1,17,71
2025-12-13 04:58:10.455267,1,2,5,20,68
2025-12-13 04:58:13.367066,1,1,2,20,65
2025-12-13 04:58:16.184013,1,1,1,18,65
2025-12-13 04:58:20.087078,1,2,1,16,65
2025-12-13 04:58:22.946308,1,1,1,15,65
2025-12-13 04:58:26.306523,1,2,1,14,65
2025-12-13 04:58:30.064882,1,1,1,13,65
2025-12-13 04:58:32.926506,1,1,1,14,65
2025-12-13 04:58:35.838087,1,2,1,15,65
2025-12-13 04:58:38.643245,1,1,1,16,68
2025-12-13 04:58:41.503662,1,2,5,18,71
2025-12-13 04:58:45.364470,1,1,1,17,71
2025-12-13 04:58:48.673855,1,1,1,15,74
2025-12-13 04:58:51.541632,1,2,1,14,71
2025-12-13 04:58:54.391490,1,1,1,13,68
2025-12-13 04:58:57.251566,1,1,1,12,65
2025-12-13 04:59:00.111934,1,1,1,12,63
2025-12-13 04:59:03.923746,1,1,4,11,64
2025-12-13 04:59:07.232128,1,1,1,11,67
2025-12-13 04:59:10.043978,1,2,1,13,70
2025-12-13 04:59:12.957277,1,2,4,16,73
2025-12-13 04:59:15.863858,1,1,1,16,76
2025-12-13 04:59:18.674546,1,2,1,16,79
2025-12-13 04:59:22.481758,1,1,1,14,82
2025-12-13 04:59:26.341801,1,1,4,13,85
2025-12-13 04:59:29.856420,1,1,2,13,86
2025-12-13 04:59:32.659857,1,1,1,13,86
2025-12-13 04:59:35.571220,1,2,3,12,86
2025-12-13 04:59:39.378838,1,1,1,12,86
2025-12-13 04:59:42.688702,1,1,1,12,86
2025-12-13 04:59:47.005028,1,1,2,12,86
2025-12-13 04:59:50.409555,1,1,1,12,86
2025-12-13 04:59:53.266918,1,1,1,12,84
2025-12-13 04:59:56.076645,1,1,3,12,84
2025-12-13 04:59:58.987668,1,1,1,12,84
2025-12-13 05:00:02.346950,1,2,4,12,84
2025-12-13 05:00:06.111322,1,1,3,14,84
2025-12-13 05:00:08.972956,1,1,1,15,81
2025-12-13 05:00:11.877816,1,1,1,13,78
2025-12-13 05:00:14.688286,1,2,17,13,75
2025-12-13 05:00:18.045551,1,2,12,13,74
2025-12-13 05:00:21.456897,1,2,58,12,73
2025-12-13 05:00:24.314230,1,2,13,12,70
2025-12-13 05:00:27.125721,1,2,1,11,67
2025-12-13 05:00:30.987472,1,2,1,12,64
2025-12-13 05:00:33.895972,1,2,2,13,64
2025-12-13 05:00:36.705020,1,2,2,13,64
2025-12-13 05:00:40.516757,1,1,18,13,64
2025-12-13 05:00:44.373064,1,2,12,14,64
2025-12-13 05:00:47.734475,1,1,1,14,70
2025-12-13 05:00:51.093330,1,1,1,14,73
2025-12-13 05:00:55.004184,1,2,2,14,76
2025-12-13 05:00:57.920398,1,1,1,14,79
2025-12-13 05:01:00.724445,1,1,4,14,82
2025-12-13 05:01:05.042588,1,2,1,14,82
2025-12-13 05:01:08.441943,1,1,1,14,82
2025-12-13 05:01:11.304267,1,1,1,14,81
2025-12-13 05:01:14.111758,1,2,4,14,81
2025-12-13 05:01:17.024906,1,1,1,15,81
2025-12-13 05:01:20.379966,1,2,4,16,81
2025-12-13 05:01:24.142135,1,2,4,18,74
2025-12-13 05:01:27.053221,1,1,3,19,70
2025-12-13 05:01:30.965036,1,1,5,17,67
2025-12-13 05:01:34.271969,1,2,1,17,64
2025-12-13 05:01:38.132156,1,2,1,16,62
2025-12-13 05:01:41.040645,1,1,1,15,62
2025-12-13 05:01:44.398767,1,1,2,15,62
2025-12-13 05:01:47.763317,1,2,63,14,63
2025-12-13 05:01:50.568186,1,2,7,14,64
2025-12-13 05:01:54.476915,1,2,27,14,67
2025-12-13 05:01:57.336877,1,2,2,14,70
2025-12-13 05:02:00.203262,1,1,1,14,73
2025-12-13 05:02:03.507825,1,2,3,14,74
2025-12-13 05:02:06.922450,1,1,1,14,74
2025-12-13 05:02:09.727608,1,1,1,14,74
2025-12-13 05:02:13.585654,1,1,2,14,74
2025-12-13 05:02:16.502999,1,1,1,14,77
2025-12-13 05:02:19.305553,1,1,1,15,80
2025-12-13 05:02:23.118064,1,1,1,15,82
2025-12-13 05:02:26.052361,1,1,2,16,79
2025-12-13 05:02:29.936749,1,2,1,16,74
2025-12-13 05:02:32.744586,1,2,1,15,74
2025-12-13 05:02:35.655811,1,1,1,15,74
2025-12-13 05:02:39.478602,1,1,1,14,71
2025-12-13 05:02:42.777394,1,2,1,13,69
2025-12-13 05:02:46.132873,1,1,1,14,69
2025-12-13 05:02:49.044376,1,2,1,15,67
2025-12-13 05:02:52.406070,1,2,1,14,66
2025-12-13 05:02:55.167525,1,1,3,13,68
2025-12-13 05:02:58.073084,1,2,1,13,71
2025-12-13 05:03:00.983811,1,1,3,13,74
2025-12-13 05:03:04.294139,1,1,1,13,77
2025-12-13 05:03:09.614989,1,1,1,13,78
2025-12-13 05:03:12.516429,1,1,1,13,78
2025-12-13 05:03:15.377905,1,1,1,13,78
2025-12-13 05:03:18.248427,1,1,1,13,78
2025-12-13 05:03:22.595861,1,2,1,13,78
2025-12-13 05:03:25.507780,1,2,2,12,78
2025-12-13 05:03:28.316753,1,1,1,12,78
2025-12-13 05:03:32.176497,1,2,1,12,78
2025-12-13 05:03:35.086968,1,1,1,12,78
2025-12-13 05:03:38.445211,1,1,1,12,78
2025-12-13 05:03:42.205728,1,1,2,12,78
2025-12-13 05:03:46.019481,1,1,2,11,78
2025-12-13 05:03:49.323503,1,1,1,11,78
2025-12-13 05:03:53.639149,1,1,2,11,81
2025-12-13 05:03:57.495211,1,1,1,11,84
2025-12-13 05:04:00.808728,1,1,1,11,85
2025-12-13 05:04:05.112593,1,2,1,15,85
2025-12-13 05:04:08.521872,1,1,1,14,74
2025-12-13 05:04:11.379486,1,1,2,13,73
2025-12-13 05:04:14.188981,1,1,1,13,73
2025-12-13 05:04:17.100586,1,1,4,12,73
2025-12-13 05:04:20.459844,1,1,2,12,73
2025-12-13 05:04:24.223194,1,1,1,12,73
2025-12-13 05:04:27.082744,1,2,1,12,73
2025-12-13 05:04:29.996304,1,1,2,12,73
2025-12-13 05:04:32.797021,1,1,1,12,73
2025-12-13 05:04:35.659246,1,2,3,12,74
2025-12-13 05:04:39.517332,1,1,1,12,77
2025-12-13 05:04:42.827847,1,1,1,12,77
2025-12-13 05:04:46.239148,1,1,1,12,71
2025-12-13 05:04:49.098280,1,1,1,12,68
2025-12-13 05:04:52.009461,1,2,1,12,65
2025-12-13 05:04:54.814213,1,1,1,12,63
2025-12-13 05:04:58.625381,1,1,1,12,65
2025-12-13 05:05:02.490751,1,2,1,13,65
2025-12-13 05:05:06.246301,1,2,1,16,65
2025-12-13 05:05:10.054715,1,1,1,17,65
2025-12-13 05:05:13.366261,1,1,1,16,63
2025-12-13 05:05:17.172517,1,2,1,15,64
2025-12-13 05:05:21.036568,1,2,1,14,66
2025-12-13 05:05:23.845103,1,1,1,13,66
2025-12-13 05:05:26.656874,1,1,1,12,67
2025-12-13 05:05:30.564083,1,1,1,12,67
2025-12-13 05:05:33.425693,1,1,1,11,67
2025-12-13 05:05:36.233067,1,1,1,11,66
2025-12-13 05:05:40.094619,1,1,2,11,63
2025-12-13 05:05:43.403625,1,1,1,11,62
2025-12-13 05:05:46.862156,1,1,1,11,62
2025-12-13 05:05:49.679443,1,1,1,11,62
2025-12-13 05:05:52.584569,1,1,1,11,62
2025-12-13 05:05:55.392697,1,1,1,11,62
2025-12-13 05:05:59.704607,1,1,2,11,62
2025-12-13 05:06:03.571584,1,1,1,11,62
2025-12-13 05:06:06.469441,1,1,1,11,62
2025-12-13 05:06:09.238998,1,1,1,11,62
2025-12-13 05:06:13.146935,1,1,2,16,62
2025-12-13 05:06:16.049481,1,1,1,18,62
2025-12-13 05:06:18.855943,1,2,1,18,62
2025-12-13 05:06:22.664667,1,1,1,20,62
2025-12-13 05:06:26.528391,1,2,1,21,62
2025-12-13 05:06:30.037620,1,1,1,22,62
2025-12-13 05:06:32.845760,1,1,1,20,62
2025-12-13 05:06:35.724640,1,1,1,18,62
2025-12-13 05:06:39.564269,1,1,1,16,62
2025-12-13 05:06:42.874194,1,2,1,15,62
2025-12-13 05:06:46.684541,1,1,1,13,62
2025-12-13 05:06:49.594376,1,1,1,13,62
2025-12-13 05:06:52.403594,1,1,1,12,62
2025-12-13 05:06:56.261705,1,2,1,12,62
2025-12-13 05:06:59.174013,1,1,1,12,62
2025-12-13 05:07:02.535790,1,2,1,12,62
2025-12-13 05:07:06.293005,1,1,1,12,62
2025-12-13 05:07:10.107215,1,1,1,12,62
2025-12-13 05:07:15.379618,1,1,1,12,62
2025-12-13 05:07:17.223554,1,2,1,13,62
2025-12-13 05:07:21.580886,1,1,1,12,62
2025-12-13 05:07:24.892420,1,1,1,12,62
2025-12-13 05:07:28.709884,1,1,1,11,62
2025-12-13 05:07:31.610910,1,1,1,11,62
2025-12-13 05:07:34.421169,1,1,1,11,62
2025-12-13 05:07:38.329225,1,1,1,11,62
2025-12-13 05:07:41.188070,1,1,1,12,62
2025-12-13 05:07:44.552163,1,1,1,14,62
2025-12-13 05:07:48.312826,1,1,1,14,62
2025-12-13 05:07:51.217828,1,1,1,13,62
2025-12-13 05:07:54.627833,1,1,1,12,62
2025-12-13 05:07:57.485399,1,1,1,12,62
2025-12-13 05:08:00.295821,1,1,1,12,62
2025-12-13 05:08:04.156516,1,1,1,11,62
2025-12-13 05:08:07.470663,1,1,1,11,62
2025-12-13 05:08:10.926817,1,1,1,11,62
2025-12-13 05:08:13.739160,1,1,1,14,62
2025-12-13 05:08:16.643682,1,1,1,15,62
2025-12-13 05:08:19.452441,1,1,1,17,62
2025-12-13 05:08:23.277323,1,1,1,19,62
2025-12-13 05:08:27.623101,1,1,1,20,64
2025-12-13 05:08:32.693155,1,1,1,16,64
2025-12-13 05:08:36.094498,1,1,1,17,64
2025-12-13 05:08:38.902905,1,1,1,18,64
2025-12-13 05:08:41.772442,1,1,1,20,64
2025-12-13 05:08:45.621120,1,1,1,21,64
2025-12-13 05:08:48.932841,1,1,1,22,64
2025-12-13 05:08:52.292534,1,2,1,22,64
2025-12-13 05:08:55.201607,1,1,1,23,64
2025-12-13 05:08:58.113287,1,1,1,23,64
2025-12-13 05:09:00.923040,1,1,2,23,64
2025-12-13 05:09:05.230191,1,1,1,23,66
2025-12-13 05:09:08.591988,1,1,1,23,69
2025-12-13 05:09:12.552509,1,2,1,23,67
2025-12-13 05:09:15.360858,1,1,1,23,65
2025-12-13 05:09:19.220963,1,1,1,23,65
2025-12-13 05:09:22.131048,1,1,1,23,65
2025-12-13 05:09:24.939611,1,1,1,23,62
2025-12-13 05:09:28.750917,1,1,1,23,62
2025-12-13 05:09:32.160002,1,1,1,23,62
2025-12-13 05:09:35.521186,1,1,1,23,62
2025-12-13 05:09:38.334146,1,1,1,23,62
2025-12-13 05:09:41.240352,1,1,1,23,62
2025-12-13 05:09:44.599192,1,1,1,23,62
2025-12-13 05:09:48.357167,1,1,1,23,64
2025-12-13 05:09:51.266116,1,1,1,23,64
2025-12-13 05:09:54.677314,1,1,1,23,64
2025-12-13 05:09:57.538519,1,1,1,23,64
2025-12-13 05:10:00.346396,1,1,1,23,64
2025-12-13 05:10:04.204547,1,1,1,23,64
2025-12-13 05:10:07.515920,1,1,1,23,64
2025-12-13 05:10:11.323763,1,1,1,24,65
2025-12-13 05:10:14.237310,1,2,1,24,65
2025-12-13 05:10:18.142530,1,1,1,24,64
2025-12-13 05:10:21.403970,1,1,1,24,63
2025-12-13 05:10:25.261342,1,2,2,24,63
2025-12-13 05:10:28.173424,1,2,3,24,63
2025-12-13 05:10:30.980792,1,2,8,24,63
2025-12-13 05:10:33.804791,1,2,19,24,63
2025-12-13 05:10:36.700425,1,2,18,24,63
2025-12-13 05:10:39.563616,1,2,10,21,63
2025-12-13 05:10:42.370313,1,2,1,19,63
2025-12-13 05:10:46.229782,1,1,5,17,66
2025-12-13 05:10:49.537971,1,1,1,16,67
2025-12-13 05:10:52.397921,1,2,2,16,67
2025-12-13 05:10:55.260088,1,1,1,15,67
2025-12-13 05:10:58.169020,1,2,1,15,67
2025-12-13 05:11:00.981225,1,1,2,15,67
2025-12-13 05:11:05.294230,1,1,2,15,67
2025-12-13 05:11:08.654958,1,1,1,15,67
2025-12-13 05:11:12.159638,1,1,1,15,67
2025-12-13 05:11:14.969720,1,2,1,15,67
2025-12-13 05:11:17.878037,1,2,5,15,69
2025-12-13 05:11:21.688682,1,2,2,15,71
2025-12-13 05:11:25.006482,1,1,2,15,71
2025-12-13 05:11:29.510464,1,1,2,15,71
2025-12-13 05:11:32.974706,1,1,1,15,71
2025-12-13 05:11:35.852378,1,2,2,15,71
2025-12-13 05:11:39.694078,1,1,1,15,71
2025-12-13 05:11:43.001509,1,1,1,15,69
2025-12-13 05:11:47.309303,1,2,4,16,66
2025-12-13 05:11:50.677082,1,1,1,18,65
2025-12-13 05:11:54.177334,1,1,1,18,70
2025-12-13 05:11:57.006047,1,2,2,17,71
2025-12-13 05:11:59.898637,1,1,2,18,71
2025-12-13 05:12:03.708577,1,1,1,17,71
2025-12-13 05:12:07.018170,1,2,2,15,71
2025-12-13 05:12:11.324732,1,1,3,13,71
2025-12-13 05:12:15.686488,1,1,1,12,74
2025-12-13 05:12:18.999558,1,1,1,12,75
2025-12-13 05:12:22.805556,1,1,2,11,75
2025-12-13 05:12:26.666360,1,1,1,11,75
2025-12-13 05:12:30.425565,1,1,3,11,75
2025-12-13 05:12:34.285970,1,2,1,11,75
2025-12-13 05:12:37.196101,1,1,2,11,75
2025-12-13 05:12:40.004482,1,1,1,11,75
2025-12-13 05:12:43.863581,1,2,2,11,75
2025-12-13 05:12:46.781655,1,1,1,11,75
2025-12-13 05:12:49.581731,1,1,1,11,75
2025-12-13 05:12:53.392826,1,2,28,11,75
2025-12-13 05:12:56.303478,1,2,20,11,73
2025-12-13 05:13:00.224216,1,2,14,11,67
2025-12-13 05:13:03.020619,1,2,4,11,64
2025-12-13 05:13:05.882744,1,2,5,11,63
2025-12-13 05:13:10.291115,1,1,1,11,63
2025-12-13 05:13:13.600234,1,1,1,11,63
2025-12-13 05:13:16.410744,1,1,1,11,63
2025-12-13 05:13:19.319727,1,2,3,12,63
2025-12-13 05:13:23.082153,1,1,1,12,63
2025-12-13 05:13:25.891223,1,1,1,12,63
2025-12-13 05:13:28.801138,1,2,3,12,63
2025-12-13 05:13:31.611009,1,1,1,12,63
2025-12-13 05:13:35.426165,1,1,1,12,63
2025-12-13 05:13:38.335826,1,2,1,12,63
2025-12-13 05:13:42.242529,1,1,1,12,63
2025-12-13 05:13:45.053116,1,1,1,12,63
2025-12-13 05:13:47.911838,1,1,2,12,63
2025-12-13 05:13:50.821901,1,1,1,12,65
2025-12-13 05:13:54.235428,1,1,1,13,68
2025-12-13 05:13:57.043176,1,1,1,12,71
2025-12-13 05:13:59.957925,1,1,1,13,71
2025-12-13 05:14:03.759766,1,1,1,13,71
2025-12-13 05:14:07.070252,1,1,1,12,70
2025-12-13 05:14:10.877523,1,1,1,12,67
2025-12-13 05:14:13.789881,1,1,1,12,64
2025-12-13 05:14:16.597239,1,1,1,12,62
2025-12-13 05:14:21.407745,1,1,1,14,66
2025-12-13 05:14:24.819626,1,1,2,15,69
2025-12-13 05:14:27.686939,1,1,1,17,72
2025-12-13 05:14:31.598780,1,1,1,18,75
2025-12-13 05:14:35.047379,1,2,1,17,78
2025-12-13 05:14:37.957677,1,2,3,16,81
2025-12-13 05:14:40.821311,1,1,1,16,75
2025-12-13 05:14:43.628802,1,2,2,17,70
2025-12-13 05:14:47.444411,1,2,1,18,67
2025-12-13 05:14:50.846813,1,1,2,19,62
2025-12-13 05:14:54.264494,1,2,1,19,62
2025-12-13 05:14:57.070726,1,1,5,20,62
2025-12-13 05:14:59.978851,1,1,1,20,62
2025-12-13 05:15:03.789027,1,1,1,21,62
2025-12-13 05:15:07.100840,1,1,1,20,62
2025-12-13 05:15:10.457939,1,2,2,20,62
2025-12-13 05:15:13.369099,1,1,3,19,62
2025-12-13 05:15:16.279037,1,1,3,19,62
2025-12-13 05:15:19.089284,1,1,1,19,62
2025-12-13 05:15:23.397841,1,2,1,19,62
2025-12-13 05:15:26.759254,1,2,1,20,62
2025-12-13 05:15:32.269547,1,1,2,19,63
2025-12-13 05:15:35.080413,1,2,3,18,66
2025-12-13 05:15:37.938961,1,1,1,17,69
2025-12-13 05:15:40.849173,1,2,2,16,72
2025-12-13 05:15:43.661301,1,2,3,16,75
2025-12-13 05:15:48.019812,1,1,1,15,81
2025-12-13 05:15:52.331012,1,1,1,15,79
2025-12-13 05:15:55.640830,1,1,1,14,80
2025-12-13 05:15:59.950638,1,2,2,13,84
2025-12-13 05:16:03.809696,1,1,1,13,84
2025-12-13 05:16:07.118864,1,1,1,12,82
2025-12-13 05:16:10.930003,1,2,2,12,77
2025-12-13 05:16:13.838783,1,1,2,12,73
2025-12-13 05:16:16.649127,1,2,3,12,70
2025-12-13 05:16:20.509706,1,1,1,12,67
2025-12-13 05:16:23.419294,1,1,1,12,65
2025-12-13 05:16:26.779545,1,2,1,12,65
2025-12-13 05:16:30.588336,1,1,1,12,65
2025-12-13 05:16:33.397824,1,1,2,12,65
2025-12-13 05:16:36.307908,1,1,2,12,65
2025-12-13 05:16:39.116304,1,1,1,12,65
2025-12-13 05:16:42.026501,1,1,1,13,65
2025-12-13 05:16:45.839074,1,1,1,14,67
2025-12-13 05:16:49.146439,1,1,1,15,70
2025-12-13 05:16:51.955092,1,1,1,16,73
2025-12-13 05:16:54.866965,1,1,2,16,76
2025-12-13 05:16:57.726504,1,2,2,16,77
2025-12-13 05:17:00.536615,1,1,2,16,76
2025-12-13 05:17:04.396740,1,1,2,16,73
2025-12-13 05:17:07.706014,1,1,1,17,70
2025-12-13 05:17:10.514687,1,1,1,18,71
2025-12-13 05:17:13.428140,1,1,1,18,74
2025-12-13 05:17:16.334880,1,2,1,17,77
2025-12-13 05:17:19.149665,1,2,2,17,80
2025-12-13 05:17:23.454417,1,1,3,17,83
2025-12-13 05:17:26.816263,1,1,3,18,86
2025-12-13 05:17:30.329164,1,1,2,17,84
2025-12-13 05:17:33.133008,1,1,1,16,78
2025-12-13 05:17:36.042694,1,1,1,16,74
2025-12-13 05:17:39.854801,1,1,1,15,71
2025-12-13 05:17:43.171714,1,2,1,15,69
2025-12-13 05:17:46.624254,1,2,1,15,69
2025-12-13 05:17:49.433732,1,1,1,15,69
2025-12-13 05:17:52.345205,1,2,1,15,69
2025-12-13 05:17:55.153996,1,1,2,15,71
2025-12-13 05:17:59.471748,1,2,3,15,74
2025-12-13 05:18:02.834190,1,1,1,15,73
2025-12-13 05:18:06.583847,1,1,1,15,72
2025-12-13 05:18:09.442393,1,1,1,15,71
2025-12-13 05:18:12.358281,1,1,1,15,69
2025-12-13 05:18:15.164874,1,2,1,15,66
2025-12-13 05:18:18.076856,1,2,6,16,63
2025-12-13 05:18:21.880730,1,2,5,17,63
2025-12-13 05:18:25.391787,1,1,1,18,63
2025-12-13 05:18:28.703138,1,2,4,18,63
2025-12-13 05:18:34.013423,1,1,1,19,63
2025-12-13 05:18:36.925521,1,1,1,18,63
2025-12-13 05:18:39.785413,1,2,2,19,63
2025-12-13 05:18:42.650241,1,2,5,19,63
2025-12-13 05:18:46.003477,1,2,5,18,63
2025-12-13 05:18:48.917573,1,1,1,18,63
2025-12-13 05:18:51.773456,1,2,7,19,63
2025-12-13 05:18:54.633184,1,1,3,20,63
2025-12-13 05:18:58.441345,1,2,1,19,63
2025-12-13 05:19:02.853744,1,2,1,20,63
2025-12-13 05:19:06.771594,1,2,1,20,63
2025-12-13 05:19:09.574147,1,1,1,20,63
2025-12-13 05:19:13.489351,1,1,1,19,63
2025-12-13 05:19:16.392384,1,2,1,19,63
2025-12-13 05:19:19.208827,1,1,1,19,63
2025-12-13 05:19:23.011329,1,1,1,19,63
2025-12-13 05:19:26.384664,1,2,1,19,63
2025-12-13 05:19:29.180055,1,1,1,19,63
2025-12-13 05:19:32.078693,1,1,1,19,63
2025-12-13 05:19:34.950253,1,1,1,19,63
2025-12-13 05:19:37.758769,1,1,1,19,63
2025-12-13 05:19:42.121716,1,2,6,19,63
2025-12-13 05:19:46.431247,1,1,5,19,65
2025-12-13 05:19:49.741878,1,1,1,20,68
2025-12-13 05:19:54.052453,1,2,1,21,74
2025-12-13 05:19:57.912640,1,1,1,22,77
2025-12-13 05:20:01.249491,1,2,1,23,80
2025-12-13 05:20:05.529414,1,1,4,23,83
2025-12-13 05:20:08.940523,1,1,3,24,87
2025-12-13 05:20:11.807063,1,1,3,24,84
2025-12-13 05:20:14.658748,1,1,4,24,84
2025-12-13 05:20:17.531209,1,2,1,24,78
2025-12-13 05:20:20.883607,1,2,1,24,72
2025-12-13 05:20:24.692193,1,1,4,24,66
2025-12-13 05:20:27.507996,1,1,3,24,63
2025-12-13 05:20:30.415100,1,1,4,24,62
2025-12-13 05:20:33.219053,1,1,1,24,63
2025-12-13 05:20:36.129568,1,1,1,24,66
2025-12-13 05:20:39.938237,1,1,1,24,69
2025-12-13 05:20:43.247742,1,1,1,23,72
2025-12-13 05:20:46.056700,1,2,2,22,75
2025-12-13 05:20:48.968151,1,1,2,21,78
2025-12-13 05:20:51.828512,1,2,2,19,78
2025-12-13 05:20:54.687527,1,1,2,18,76
2025-12-13 05:21:00.398963,1,1,3,18,76
2025-12-13 05:21:01.810145,1,2,2,17,76
2025-12-13 05:21:04.614628,1,1,1,16,76
2025-12-13 05:21:07.534340,1,2,1,16,76
2025-12-13 05:21:10.436177,1,1,1,16,76
2025-12-13 05:21:13.244883,1,1,1,16,76
2025-12-13 05:21:17.057814,1,2,1,16,75
2025-12-13 05:21:20.913379,1,1,2,16,73
2025-12-13 05:21:24.424497,1,1,3,16,73
2025-12-13 05:21:27.233784,1,1,1,16,73
2025-12-13 05:21:30.143973,1,1,3,16,73
2025-12-13 05:21:33.951699,1,1,1,17,73
2025-12-13 05:21:37.263137,1,1,1,17,73
2025-12-13 05:21:41.573443,1,1,1,17,73
2025-12-13 05:21:46.631824,1,1,1,17,73
2025-12-13 05:21:49.542765,1,1,1,18,73
2025-12-13 05:21:52.454214,1,1,4,18,73
2025-12-13 05:21:55.265354,1,1,1,18,73
2025-12-13 05:21:59.072503,1,1,1,18,73
2025-12-13 05:22:02.937578,1,1,1,18,73
2025-12-13 05:22:07.591918,1,2,1,18,73
2025-12-13 05:22:11.003634,1,2,3,17,73
2025-12-13 05:22:13.812975,1,1,1,17,73
2025-12-13 05:22:17.621255,1,1,3,16,73
2025-12-13 05:22:21.486148,1,1,1,16,73
2025-12-13 05:22:24.292352,1,2,5,16,73
2025-12-13 05:22:27.154166,1,1,2,16,73
2025-12-13 05:22:31.014255,1,2,4,16,73
2025-12-13 05:22:33.873567,1,2,1,16,73
2025-12-13 05:22:36.735743,1,1,5,16,73
2025-12-13 05:22:40.546539,1,1,1,16,73
2025-12-13 05:22:43.904602,1,2,1,16,73
2025-12-13 05:22:46.714747,1,2,2,17,73
2025-12-13 05:22:49.569360,1,1,2,15,75
2025-12-13 05:22:52.477544,1,1,1,15,78
2025-12-13 05:22:55.286517,1,2,2,15,81
2025-12-13 05:22:59.098669,1,1,1,18,84
2025-12-13 05:23:02.958389,1,1,1,18,83
2025-12-13 05:23:06.867424,1,1,4,17,77
2025-12-13 05:23:09.677183,1,1,4,16,74
2025-12-13 05:23:14.539347,1,1,7,15,74
2025-12-13 05:23:17.902914,1,1,1,15,74
2025-12-13 05:23:20.757403,1,2,6,15,74
2025-12-13 05:23:23.617858,1,1,2,15,74
2025-12-13 05:23:27.533351,1,1,1,15,74
2025-12-13 05:23:30.890784,1,1,1,15,74
2025-12-13 05:23:33.704123,1,2,1,15,74
2025-12-13 05:23:37.613427,1,1,3,15,74
2025-12-13 05:23:40.521322,1,1,3,15,74
2025-12-13 05:23:44.330348,1,1,1,14,74
2025-12-13 05:23:47.190803,1,1,1,14,74
2025-12-13 05:23:50.055224,1,2,2,14,74
2025-12-13 05:23:52.857831,1,1,3,14,74
2025-12-13 05:23:56.766812,1,1,6,14,74
2025-12-13 05:23:59.629034,1,1,1,14,74
2025-12-13 05:24:04.589538,1,1,1,14,74
2025-12-13 05:24:07.499140,1,2,1,14,74
2025-12-13 05:24:10.310537,1,1,2,14,74
2025-12-13 05:24:14.224022,1,1,1,14,71
2025-12-13 05:24:17.080831,1,1,1,14,68
2025-12-13 05:24:19.890698,1,1,1,14,65
2025-12-13 05:24:23.351584,1,1,1,14,65
2025-12-13 05:24:26.210494,1,2,3,14,65
2025-12-13 05:24:29.071470,1,1,1,14,65
2025-12-13 05:24:31.881920,1,1,1,14,65
2025-12-13 05:24:36.239787,1,2,4,16,70
2025-12-13 05:24:40.047532,1,2,3,17,73
2025-12-13 05:24:43.357688,1,2,4,19,76
2025-12-13 05:24:46.170528,1,2,8,20,79
2025-12-13 05:24:49.076693,1,1,1,21,82
2025-12-13 05:24:51.937527,1,1,1,21,82
2025-12-13 05:24:54.795334,1,1,1,22,82
2025-12-13 05:24:58.604065,1,2,1,22,82
2025-12-13 05:25:01.922472,1,2,1,20,82
2025-12-13 05:25:04.729873,1,2,1,18,80
2025-12-13 05:25:07.632055,1,1,2,19,77
2025-12-13 05:25:10.564152,1,1,2,20,74
2025-12-13 05:25:13.353079,1,1,1,20,71
2025-12-13 05:25:17.160509,1,2,1,21,71
2025-12-13 05:25:20.575728,1,2,1,18,71
2025-12-13 05:25:23.960127,1,1,2,17,71
2025-12-13 05:25:26.789825,1,1,1,18,71
2025-12-13 05:25:29.651859,1,1,1,19,71
2025-12-13 05:25:33.011257,1,1,1,20,71
2025-12-13 05:25:36.771349,1,1,1,21,65
2025-12-13 05:25:39.679239,1,1,1,22,62
2025-12-13 05:25:43.096641,1,2,3,22,62
2025-12-13 05:25:45.947208,1,2,2,23,62
2025-12-13 05:25:48.807561,1,1,1,23,62
2025-12-13 05:25:52.619124,1,2,1,23,62
2025-12-13 05:25:55.929233,1,1,1,23,62
2025-12-13 05:26:00.788643,1,1,1,23,64
2025-12-13 05:26:05.100271,1,2,4,23,67
2025-12-13 05:26:07.907454,1,1,1,23,70
2025-12-13 05:26:12.219867,1,1,2,21,76
2025-12-13 05:26:16.082754,1,2,2,20,78
2025-12-13 05:26:19.388885,1,2,3,19,78
2025-12-13 05:26:23.696224,1,1,2,17,78
2025-12-13 05:26:28.058214,1,1,1,17,78
2025-12-13 05:26:31.368825,1,1,1,16,78
2025-12-13 05:26:35.674893,1,1,1,16,80
2025-12-13 05:26:39.035237,1,1,1,15,83
2025-12-13 05:26:42.796063,1,1,2,15,86
2025-12-13 05:26:46.655532,1,1,1,14,85
2025-12-13 05:26:49.565283,1,1,3,16,85
2025-12-13 05:26:52.375301,1,1,1,16,85
2025-12-13 05:26:56.284309,1,1,1,15,85
2025-12-13 05:26:59.148526,1,2,5,14,85
2025-12-13 05:27:01.977746,1,1,1,14,79
2025-12-13 05:27:06.266841,1,1,1,14,73
2025-12-13 05:27:09.124218,1,2,2,14,70
2025-12-13 05:27:11.981872,1,2,8,14,69
2025-12-13 05:27:14.790613,1,2,9,14,69
2025-12-13 05:27:17.702472,1,2,16,14,69
2025-12-13 05:27:21.063680,1,2,3,15,69
2025-12-13 05:27:24.823519,1,1,2,15,69
2025-12-13 05:27:27.730605,1,1,1,15,67
2025-12-13 05:27:31.147383,1,1,1,16,64
2025-12-13 05:27:34.001278,1,1,1,15,62
2025-12-13 05:27:36.806861,1,1,1,15,62
2025-12-13 05:27:40.667851,1,2,4,15,62
2025-12-13 05:27:43.983893,1,1,3,15,62
2025-12-13 05:27:47.836455,1,2,2,15,62
2025-12-13 05:27:50.699631,1,1,1,15,62
2025-12-13 05:27:54.606480,1,1,1,15,62
2025-12-13 05:27:57.419860,1,2,1,14,62
2025-12-13 05:28:00.324975,1,1,1,14,62
2025-12-13 05:28:04.136388,1,1,2,14,62
2025-12-13 05:28:07.646197,1,2,1,14,62
2025-12-13 05:28:11.507956,1,2,1,14,62
2025-12-13 05:28:14.269054,1,1,2,14,62
2025-12-13 05:28:17.180039,1,2,2,14,62
2025-12-13 05:28:19.990146,1,1,1,14,62
2025-12-13 05:28:24.348770,1,1,1,14,62
2025-12-13 05:28:28.659843,1,2,2,14,62
2025-12-13 05:28:31.969274,1,1,2,14,62
2025-12-13 05:28:36.279697,1,1,3,14,66
2025-12-13 05:28:40.138490,1,1,1,14,69
2025-12-13 05:28:43.446394,1,1,1,14,72
2025-12-13 05:28:47.256684,1,1,1,13,75
2025-12-13 05:28:50.164769,1,2,2,13,78
2025-12-13 05:28:52.978006,1,2,3,12,81
2025-12-13 05:28:58.289391,1,1,2,12,82
2025-12-13 05:29:02.208369,1,2,1,13,79
2025-12-13 05:29:05.019671,1,1,2,13,76
2025-12-13 05:29:10.421429,1,2,2,13,76
2025-12-13 05:29:14.281592,1,2,2,13,76
2025-12-13 05:29:17.191193,1,1,1,13,76
2025-12-13 05:29:20.001763,1,2,3,13,76
2025-12-13 05:29:24.311248,1,1,1,13,76
2025-12-13 05:29:28.177894,1,1,1,14,76
2025-12-13 05:29:31.485596,1,1,1,14,76
2025-12-13 05:29:34.339814,1,2,2,14,76
2025-12-13 05:29:37.200033,1,2,2,14,76
2025-12-13 05:29:40.059316,1,2,2,14,79
2025-12-13 05:29:42.920423,1,1,2,14,82
2025-12-13 05:29:46.732148,1,1,2,14,79
2025-12-13 05:29:52.213806,1,1,2,14,72
2025-12-13 05:29:55.051075,1,1,4,14,69
2025-12-13 05:29:57.862652,1,1,2,14,66
2025-12-13 05:30:01.773339,1,2,2,15,65
2025-12-13 05:30:04.683422,1,2,1,15,65
2025-12-13 05:30:07.491145,1,2,1,15,65
2025-12-13 05:30:10.851045,1,1,1,15,65
2025-12-13 05:30:13.762854,1,1,2,15,65
2025-12-13 05:30:16.673811,1,1,1,15,65
2025-12-13 05:30:19.482131,1,2,1,15,64
2025-12-13 05:30:23.790077,1,2,2,15,64
2025-12-13 05:30:27.148168,1,1,3,15,64
2025-12-13 05:30:30.912715,1,1,1,15,64
2025-12-13 05:30:34.723899,1,2,3,15,64
2025-12-13 05:30:38.030007,1,2,1,13,64
2025-12-13 05:30:41.838163,1,2,4,13,64
2025-12-13 05:30:46.196082,1,2,1,12,64
2025-12-13 05:30:49.506875,1,2,1,12,64
2025-12-13 05:30:53.316590,1,1,2,12,64
2025-12-13 05:30:56.226583,1,1,2,12,64
2025-12-13 05:30:59.035141,1,2,16,12,64
2025-12-13 05:31:02.894845,1,2,9,12,64
2025-12-13 05:31:05.812320,1,2,31,12,64
2025-12-13 05:31:09.168435,1,2,1,12,64
2025-12-13 05:31:12.925677,1,2,2,12,64
2025-12-13 05:31:16.833636,1,2,1,12,64
2025-12-13 05:31:20.244939,1,1,1,12,64
2025-12-13 05:31:23.056346,1,1,1,13,63
2025-12-13 05:31:26.945327,1,1,1,13,63
2025-12-13 05:31:29.823685,1,1,1,13,63
2025-12-13 05:31:33.183129,1,1,1,13,63
2025-12-13 05:31:36.692170,1,1,1,12,63
2025-12-13 05:31:39.501139,1,1,1,12,63
2025-12-13 05:31:42.360210,1,1,2,13,63
2025-12-13 05:31:46.222578,1,1,1,13,63
2025-12-13 05:31:49.530397,1,1,1,14,63
2025-12-13 05:31:53.340006,1,1,1,12,63
2025-12-13 05:31:56.252599,1,1,1,12,63
2025-12-13 05:31:59.057018,1,1,1,11,63
2025-12-13 05:32:03.917928,1,1,1,11,63
2025-12-13 05:32:07.831385,1,1,1,11,63
2025-12-13 05:32:10.739798,1,1,1,11,63
2025-12-13 05:32:13.556948,1,1,1,11,63
2025-12-13 05:32:16.359654,1,1,1,11,63
2025-12-13 05:32:19.274118,1,1,1,13,63
2025-12-13 05:32:22.528361,1,1,1,16,63
2025-12-13 05:32:26.387511,1,1,1,19,63
2025-12-13 05:32:29.297752,1,1,1,21,63
2025-12-13 05:32:32.106949,1,1,1,20,64
2025-12-13 05:32:35.918156,1,1,1,18,67
2025-12-13 05:32:39.378961,1,1,1,16,69
2025-12-13 05:32:43.297982,1,1,1,15,69
2025-12-13 05:32:46.145447,1,1,1,14,69
2025-12-13 05:32:49.008899,1,1,1,13,69
2025-12-13 05:32:52.815819,1,1,1,13,69
2025-12-13 05:32:55.725870,1,1,1,12,68
2025-12-13 05:32:58.535608,1,1,1,12,68
2025-12-13 05:33:02.394436,1,1,1,12,68
2025-12-13 05:33:05.308279,1,1,1,12,68
2025-12-13 05:33:08.114059,1,1,1,12,68
2025-12-13 05:33:11.927242,1,1,1,12,68
2025-12-13 05:33:14.835773,1,2,1,12,67
2025-12-13 05:33:18.746512,1,1,1,12,64
2025-12-13 05:33:21.608299,1,1,1,12,64
2025-12-13 05:33:24.415314,1,1,1,11,64
2025-12-13 05:33:28.273642,1,1,1,11,64
2025-12-13 05:33:31.585580,1,1,1,11,64
2025-12-13 05:33:34.443223,1,1,1,12,67
2025-12-13 05:33:37.309762,1,1,1,15,70
2025-12-13 05:33:40.163647,1,1,1,15,70
2025-12-13 05:33:42.975648,1,1,1,14,70
2025-12-13 05:33:46.835452,1,1,1,15,72
2025-12-13 05:33:50.142331,1,1,1,14,70
2025-12-13 05:33:53.961615,1,1,1,14,70
2025-12-13 05:33:56.866130,1,2,1,14,70
2025-12-13 05:34:00.778087,1,1,1,14,70
2025-12-13 05:34:03.585127,1,1,2,14,70
2025-12-13 05:34:06.445913,1,1,1,14,70
2025-12-13 05:34:09.353138,1,1,1,14,70
2025-12-13 05:34:12.764550,1,1,2,14,70
2025-12-13 05:34:15.575330,1,1,1,14,70
2025-12-13 05:34:18.454293,1,1,1,14,70
2025-12-13 05:34:22.342228,1,1,1,14,70
2025-12-13 05:34:25.201955,1,1,1,14,70
2025-12-13 05:34:29.112601,1,1,1,14,70
2025-12-13 05:34:32.971214,1,1,1,14,70
2025-12-13 05:34:35.881238,1,1,1,14,70
2025-12-13 05:34:39.242743,1,1,1,14,70
2025-12-13 05:34:43.001933,1,1,1,14,71
2025-12-13 05:34:46.861559,1,1,1,14,74
2025-12-13 05:34:51.271448,1,1,1,15,72
2025-12-13 05:34:54.183384,1,2,2,16,67
2025-12-13 05:34:56.992149,1,1,1,16,67
2025-12-13 05:34:59.901178,1,1,1,16,67
2025-12-13 05:35:03.261063,1,1,1,16,66
2025-12-13 05:35:07.019333,1,2,1,16,64
2025-12-13 05:35:10.428783,1,1,3,16,64
2025-12-13 05:35:13.338848,1,2,1,16,64
2025-12-13 05:35:16.199388,1,1,1,16,64
2025-12-13 05:35:19.008838,1,1,1,15,64
2025-12-13 05:35:22.870325,1,1,3,15,66
2025-12-13 05:35:26.182227,1,1,2,15,69
2025-12-13 05:35:29.639546,1,2,1,15,70
2025-12-13 05:35:32.448138,1,1,1,15,70
2025-12-13 05:35:36.404799,1,1,1,15,70
2025-12-13 05:35:38.176905,1,2,3,15,73
2025-12-13 05:35:42.477169,1,1,4,15,79
2025-12-13 05:35:46.338092,1,1,1,15,82
2025-12-13 05:35:49.650345,1,1,1,15,85
2025-12-13 05:35:52.455800,1,1,1,15,85
2025-12-13 05:35:55.368463,1,1,1,15,85
2025-12-13 05:35:58.225873,1,2,1,15,85
2025-12-13 05:36:01.085134,1,1,1,15,81
2025-12-13 05:36:04.896463,1,1,1,15,78
2025-12-13 05:36:08.204883,1,1,1,15,75
2025-12-13 05:36:11.063853,1,1,1,15,74
2025-12-13 05:36:13.921114,1,1,1,15,72
2025-12-13 05:36:16.830731,1,1,1,15,69
2025-12-13 05:36:19.638984,1,1,1,15,69
2025-12-13 05:36:23.450569,1,2,1,15,69
2025-12-13 05:36:27.307531,1,1,2,15,69
2025-12-13 05:36:30.826807,1,1,1,14,66
2025-12-13 05:36:33.627298,1,1,1,14,65
2025-12-13 05:36:36.486252,1,1,1,14,65
2025-12-13 05:36:40.347277,1,1,1,14,65
2025-12-13 05:36:43.660265,1,1,1,14,65
2025-12-13 05:36:47.465507,1,1,1,14,65
2025-12-13 05:36:50.928601,1,1,1,14,65
2025-12-13 05:36:54.836822,1,1,1,14,65
2025-12-13 05:36:57.645550,1,1,1,14,65
2025-12-13 05:37:01.557851,1,1,1,14,65
2025-12-13 05:37:04.417017,1,1,1,14,65
2025-12-13 05:37:07.276679,1,1,1,14,65
2025-12-13 05:37:10.035791,1,1,1,14,66
2025-12-13 05:37:13.943826,1,1,1,15,69
2025-12-13 05:37:16.855034,1,1,1,14,72
2025-12-13 05:37:19.663872,1,1,1,14,75
2025-12-13 05:37:23.472109,1,2,1,14,78
2025-12-13 05:37:27.334154,1,2,1,14,72
2025-12-13 05:37:30.691407,1,1,2,15,69
2025-12-13 05:37:33.554954,1,1,1,15,66
2025-12-13 05:37:37.413999,1,1,1,16,63
2025-12-13 05:37:40.273005,1,1,1,16,62
2025-12-13 05:37:43.132778,1,1,1,15,62
2025-12-13 05:37:46.940655,1,1,1,15,62
2025-12-13 05:37:50.402234,1,1,1,14,62
2025-12-13 05:37:53.210216,1,1,1,14,62
2025-12-13 05:37:57.072266,1,2,1,14,62
2025-12-13 05:37:59.981517,1,1,1,14,62
2025-12-13 05:38:03.340043,1,1,1,14,62
2025-12-13 05:38:07.103972,1,1,1,14,62
2025-12-13 05:38:10.007189,1,1,1,14,62
2025-12-13 05:38:13.420447,1,1,1,14,62
2025-12-13 05:38:16.281883,1,1,1,14,62
2025-12-13 05:38:19.097280,1,1,1,14,62
2025-12-13 05:38:22.945054,1,1,1,14,62
2025-12-13 05:38:27.406476,1,1,1,14,62
2025-12-13 05:38:30.066299,1,1,1,14,62
2025-12-13 05:38:33.006195,1,1,2,14,62
2025-12-13 05:38:36.886359,1,1,1,14,62
2025-12-13 05:38:39.695340,1,1,1,14,62
2025-12-13 05:38:42.555703,1,1,1,14,62
2025-12-13 05:38:46.416321,1,2,1,14,62
2025-12-13 05:38:49.328197,1,1,1,14,62
2025-12-13 05:38:52.084621,1,1,1,14,62
2025-12-13 05:38:55.995040,1,1,1,14,62
2025-12-13 05:38:58.905316,1,1,1,14,62
2025-12-13 05:39:01.724677,1,1,1,14,62
2025-12-13 05:39:05.525779,1,2,1,14,62
2025-12-13 05:39:08.487518,1,1,1,15,62
2025-12-13 05:39:12.892839,1,1,1,15,62
2025-12-13 05:39:15.702038,1,1,1,15,62
2025-12-13 05:39:18.563738,1,1,1,15,62
2025-12-13 05:39:22.424292,1,1,1,15,62
2025-12-13 05:39:25.739502,1,1,1,15,62
2025-12-13 05:39:29.141618,1,1,1,15,62
2025-12-13 05:39:32.452972,1,1,1,15,62
2025-12-13 05:39:35.263066,1,2,2,15,62
2025-12-13 05:39:40.623497,1,1,1,15,62
2025-12-13 05:39:43.485142,1,1,1,15,62
2025-12-13 05:39:46.343687,1,1,2,15,62
2025-12-13 05:39:49.103429,1,1,1,15,62
2025-12-13 05:39:52.964223,1,1,1,15,62
2025-12-13 05:39:56.275000,1,1,1,15,62
2025-12-13 05:40:00.085495,1,1,2,15,62
2025-12-13 05:40:04.443093,1,2,1,15,62
2025-12-13 05:40:07.754502,1,1,1,15,62
2025-12-13 05:40:10.565672,1,1,1,15,62
2025-12-13 05:40:13.472306,1,1,1,15,62
2025-12-13 05:40:16.332100,1,1,1,15,62
2025-12-13 05:40:19.141719,1,2,1,15,62
2025-12-13 05:40:23.000327,1,1,1,14,62
2025-12-13 05:40:26.309499,1,1,1,14,62
2025-12-13 05:40:30.171873,1,1,1,14,62
2025-12-13 05:40:33.499014,1,1,1,14,62
2025-12-13 05:40:36.340794,1,1,1,14,62
2025-12-13 05:40:39.200027,1,1,2,14,62
2025-12-13 05:40:42.058651,1,1,1,14,62
2025-12-13 05:40:45.420813,1,2,1,14,62
2025-12-13 05:40:48.780582,1,1,1,14,63
2025-12-13 05:40:51.588716,1,1,1,14,63
2025-12-13 05:40:55.502571,1,1,1,14,63
2025-12-13 05:40:58.359092,1,1,1,14,63
2025-12-13 05:41:01.167226,1,1,1,14,63
2025-12-13 05:41:05.030225,1,1,1,14,63
2025-12-13 05:41:07.986371,1,1,1,14,63
2025-12-13 05:41:11.296668,1,1,1,14,63
2025-12-13 05:41:15.204753,1,1,1,14,63
2025-12-13 05:41:18.065243,1,1,1,14,63
2025-12-13 05:41:21.423301,1,1,1,14,63
2025-12-13 05:41:25.183785,1,1,1,13,63
2025-12-13 05:41:29.045285,1,2,1,13,63
2025-12-13 05:41:31.952678,1,1,1,12,63
2025-12-13 05:41:34.761835,1,1,1,12,63
2025-12-13 05:41:38.669541,1,1,1,12,63
2025-12-13 05:41:41.531847,1,1,1,12,63
2025-12-13 05:41:44.340690,1,2,2,12,63
2025-12-13 05:41:48.151314,1,1,1,12,63
2025-12-13 05:41:51.061246,1,1,1,12,63
2025-12-13 05:41:54.971377,1,1,2,12,63
2025-12-13 05:41:57.779461,1,2,1,12,63
2025-12-13 05:42:00.639329,1,2,1,12,63
2025-12-13 05:42:04.500346,1,1,1,14,63
2025-12-13 05:42:07.810803,1,1,1,14,63
2025-12-13 05:42:10.624347,1,1,1,14,63
2025-12-13 05:42:13.536817,1,1,1,14,63
2025-12-13 05:42:16.388599,1,1,1,14,63
2025-12-13 05:42:19.197143,1,1,2,14,63
2025-12-13 05:42:23.059259,1,1,1,15,63
2025-12-13 05:42:26.367607,1,1,1,16,63
2025-12-13 05:42:29.175254,1,1,1,17,63
2025-12-13 05:42:32.085911,1,1,1,17,63
2025-12-13 05:42:34.993485,1,1,1,17,63
2025-12-13 05:42:37.804843,1,1,1,17,63
2025-12-13 05:42:41.612854,1,1,1,17,63
2025-12-13 05:42:45.479748,1,1,1,17,63
2025-12-13 05:42:48.830463,1,1,1,17,63
2025-12-13 05:42:51.641686,1,2,1,17,63
2025-12-13 05:42:55.551088,1,1,1,17,63
2025-12-13 05:42:58.410720,1,1,1,17,63
2025-12-13 05:43:01.221631,1,1,1,17,63
2025-12-13 05:43:05.090299,1,1,1,17,63
2025-12-13 05:43:08.541955,1,1,1,17,66
2025-12-13 05:43:11.352090,1,2,1,17,69
2025-12-13 05:43:16.163155,1,1,1,17,75
2025-12-13 05:43:19.573380,1,1,1,17,78
2025-12-13 05:43:22.432420,1,1,1,17,78
2025-12-13 05:43:25.241476,1,2,1,17,75
2025-12-13 05:43:28.100701,1,2,1,17,72
2025-12-13 05:43:31.010993,1,1,1,17,72
2025-12-13 05:43:33.820532,1,2,1,17,72
2025-12-13 05:43:36.679461,1,1,1,17,72
2025-12-13 05:43:40.537701,1,1,1,17,72
2025-12-13 05:43:43.847639,1,2,1,17,72
2025-12-13 05:43:47.312181,1,1,1,17,72
2025-12-13 05:43:50.116141,1,1,2,17,72
2025-12-13 05:43:53.026303,1,1,1,17,72
2025-12-13 05:43:55.839786,1,1,1,17,72
2025-12-13 05:44:00.148601,1,1,1,17,72
2025-12-13 05:44:03.506915,1,2,1,17,72
2025-12-13 05:44:07.420171,1,1,1,17,72
2025-12-13 05:44:10.225905,1,2,1,17,72
2025-12-13 05:44:14.136111,1,1,1,17,72
2025-12-13 05:44:17.047195,1,1,1,17,72
2025-12-13 05:44:19.855194,1,1,1,17,72
2025-12-13 05:44:24.181381,1,1,1,18,72
2025-12-13 05:44:27.574215,1,1,1,18,72
2025-12-13 05:44:30.438600,1,1,1,18,72
2025-12-13 05:44:33.244784,1,2,1,18,72
2025-12-13 05:44:36.154442,1,1,1,18,72
2025-12-13 05:44:39.465982,1,1,1,18,72
2025-12-13 05:44:42.277709,1,2,1,18,72
2025-12-13 05:44:45.139608,1,1,1,18,70
2025-12-13 05:44:49.047648,1,1,1,18,70
2025-12-13 05:44:51.857459,1,1,1,19,70
2025-12-13 05:44:54.717307,1,1,1,19,70
2025-12-13 05:44:58.574636,1,1,1,19,70
2025-12-13 05:45:01.886388,1,1,1,18,70
2025-12-13 05:45:04.746687,1,1,1,18,70
2025-12-13 05:45:07.604329,1,1,1,17,70
2025-12-13 05:45:10.462515,1,1,1,17,70
2025-12-13 05:45:13.273497,1,1,1,17,70
2025-12-13 05:45:17.141469,1,1,1,18,70
2025-12-13 05:45:20.442071,1,1,1,17,70
2025-12-13 05:45:23.250015,1,1,1,17,70
2025-12-13 05:45:26.159125,1,1,1,17,70
2025-12-13 05:45:29.070584,1,1,1,18,70
2025-12-13 05:45:31.879448,1,1,1,18,70
2025-12-13 05:45:35.690727,1,1,1,18,70
2025-12-13 05:45:39.549317,1,1,1,18,70
2025-12-13 05:45:42.905763,1,1,1,18,70
2025-12-13 05:45:45.766947,1,1,1,18,70
2025-12-13 05:45:49.625445,1,1,1,18,70
2025-12-13 05:45:52.485084,1,1,2,18,70
2025-12-13 05:45:55.346046,1,1,1,18,70
2025-12-13 05:45:59.153857,1,1,1,19,70
2025-12-13 05:46:03.166404,1,2,2,20,69
2025-12-13 05:46:07.076941,1,2,1,19,65
2025-12-13 05:46:09.886964,1,1,1,19,65
2025-12-13 05:46:12.794986,1,2,2,18,65
2025-12-13 05:46:16.602868,1,2,2,18,65
2025-12-13 05:46:19.914883,1,1,1,18,65
2025-12-13 05:46:23.276460,1,2,1,18,65
2025-12-13 05:46:26.183939,1,2,2,18,65
2025-12-13 05:46:29.095173,1,1,1,18,65
2025-12-13 05:46:31.903508,1,1,1,18,65
2025-12-13 05:46:36.211536,1,1,1,17,65
2025-12-13 05:46:39.582799,1,1,1,17,67
2025-12-13 05:46:43.532815,1,1,2,17,73
2025-12-13 05:46:46.342774,1,1,2,17,76
2025-12-13 05:46:50.202154,1,1,1,17,79
2025-12-13 05:46:53.114958,1,2,1,17,82
2025-12-13 05:46:55.920583,1,1,1,17,83
2025-12-13 05:47:00.231188,1,1,1,16,83
2025-12-13 05:47:05.205908,1,1,1,16,84
2025-12-13 05:47:08.106962,1,2,1,16,84
2025-12-13 05:47:10.913678,1,2,1,16,84
2025-12-13 05:47:14.770614,1,1,1,16,84
2025-12-13 05:47:17.680872,1,2,1,18,84
2025-12-13 05:47:20.490061,1,1,1,18,84
2025-12-13 05:47:23.948647,1,1,2,18,82
2025-12-13 05:47:26.808688,1,1,1,18,79
2025-12-13 05:47:29.671548,1,1,1,18,74
2025-12-13 05:47:32.477616,1,1,1,20,74
2025-12-13 05:47:36.291047,1,1,1,21,74
2025-12-13 05:47:40.648327,1,1,1,22,68
2025-12-13 05:47:43.958518,1,1,2,22,65
2025-12-13 05:47:46.767749,1,1,1,22,62
2025-12-13 05:47:49.686814,1,1,1,23,62
2025-12-13 05:47:52.539411,1,1,1,23,62
2025-12-13 05:47:56.347601,1,1,1,23,62
2025-12-13 05:47:59.257632,1,1,1,23,62
2025-12-13 05:48:04.267673,1,1,1,24,62
2025-12-13 05:48:07.674828,1,1,1,24,62
2025-12-13 05:48:10.534070,1,1,1,24,62
2025-12-13 05:48:13.342952,1,1,1,24,62
2025-12-13 05:48:17.203509,1,2,1,24,62
2025-12-13 05:48:20.520826,1,1,1,24,62
2025-12-13 05:48:24.322796,1,2,1,24,65
2025-12-13 05:48:27.234766,1,1,1,23,65
2025-12-13 05:48:31.144837,1,1,1,23,65
2025-12-13 05:48:33.952866,1,1,2,23,65
2025-12-13 05:48:36.814633,1,1,1,22,65
2025-12-13 05:48:40.673504,1,1,1,22,65
2025-12-13 05:48:43.981981,1,1,1,22,65
2025-12-13 05:48:46.791915,1,1,1,22,65
2025-12-13 05:48:49.702428,1,1,1,22,65
2025-12-13 05:48:52.561176,1,1,1,22,65
2025-12-13 05:48:55.372210,1,2,1,22,65
2025-12-13 05:48:59.232775,1,1,1,22,65
2025-12-13 05:49:03.190284,1,1,1,22,65
2025-12-13 05:49:06.549543,1,1,1,22,65
2025-12-13 05:49:09.411733,1,1,2,22,65
2025-12-13 05:49:12.270071,1,1,1,22,65
2025-12-13 05:49:15.629426,1,1,1,22,65
2025-12-13 05:49:19.388217,1,1,1,20,65
2025-12-13 05:49:23.248637,1,2,1,19,65
2025-12-13 05:49:26.161065,1,2,1,17,68
2025-12-13 05:49:28.975859,1,2,2,17,71
2025-12-13 05:49:32.829773,1,1,1,16,74
2025-12-13 05:49:35.740548,1,1,1,16,75
2025-12-13 05:49:38.548075,1,2,2,15,72
2025-12-13 05:49:42.857151,1,1,2,15,66
2025-12-13 05:49:46.670492,1,2,2,15,66
2025-12-13 05:49:49.976887,1,1,1,15,66
2025-12-13 05:49:54.337197,1,1,1,15,63
2025-12-13 05:49:58.699238,1,1,1,14,63
2025-12-13 05:50:02.005689,1,1,1,14,63
2025-12-13 05:50:05.816462,1,1,1,14,63
2025-12-13 05:50:08.726208,1,1,1,14,63
2025-12-13 05:50:11.548812,1,1,1,14,63
2025-12-13 05:50:15.393332,1,1,1,14,63
2025-12-13 05:50:18.306430,1,1,1,14,63
2025-12-13 05:50:21.665444,1,1,1,14,63
2025-12-13 05:50:25.425096,1,1,1,14,63
2025-12-13 05:50:28.332843,1,1,1,14,63
2025-12-13 05:50:31.743511,1,1,1,14,64
2025-12-13 05:50:34.600874,1,1,1,14,67
2025-12-13 05:50:37.412487,1,1,1,14,68
2025-12-13 05:50:41.270676,1,1,1,14,68
2025-12-13 05:50:44.581396,1,1,1,14,67
2025-12-13 05:50:48.039620,1,1,1,15,65
2025-12-13 05:50:50.900972,1,1,1,16,65
2025-12-13 05:50:53.761553,1,1,1,16,65
2025-12-13 05:50:56.570346,1,1,1,16,65
2025-12-13 05:51:00.380249,1,1,1,16,65
2025-12-13 05:51:04.738513,1,1,1,17,65
2025-12-13 05:51:07.649778,1,1,1,17,65
2025-12-13 05:51:10.459052,1,1,2,17,64
2025-12-13 05:51:14.322252,1,1,3,17,63
2025-12-13 05:51:17.232380,1,1,1,17,63
2025-12-13 05:51:20.037430,1,1,1,17,63
2025-12-13 05:51:24.347392,1,2,1,17,63
2025-12-13 05:51:29.407894,1,1,1,17,63
2025-12-13 05:51:32.359517,1,1,1,16,63
2025-12-13 05:51:35.230389,1,1,1,15,63
2025-12-13 05:51:38.037035,1,2,1,15,63
2025-12-13 05:51:41.846841,1,2,1,15,66
2025-12-13 05:51:45.710857,1,1,1,15,69
2025-12-13 05:51:49.066014,1,1,1,15,72
2025-12-13 05:51:51.878088,1,1,1,14,72
2025-12-13 05:51:55.784903,1,1,1,14,72
2025-12-13 05:51:58.645644,1,1,1,14,72
2025-12-13 05:52:01.452899,1,1,1,15,72
2025-12-13 05:52:05.312482,1,1,1,15,72
2025-12-13 05:52:08.621403,1,1,1,15,72
2025-12-13 05:52:11.432348,1,1,1,15,72
2025-12-13 05:52:14.343159,1,1,1,15,72
2025-12-13 05:52:17.250140,1,1,2,16,72
2025-12-13 05:52:20.064819,1,1,1,16,72
2025-12-13 05:52:23.870785,1,1,1,16,72
2025-12-13 05:52:27.743624,1,1,1,17,69
2025-12-13 05:52:31.240792,1,1,1,18,63
2025-12-13 05:52:34.048844,1,2,1,18,63
2025-12-13 05:52:36.910637,1,2,1,18,63
2025-12-13 05:52:40.768719,1,2,1,18,63
2025-12-13 05:52:44.080155,1,1,1,18,63
2025-12-13 05:52:48.387130,1,1,1,18,63
2025-12-13 05:52:52.749079,1,1,1,18,62
2025-12-13 05:52:56.058687,1,1,1,18,62
2025-12-13 05:53:00.365830,1,1,1,18,62
2025-12-13 05:53:03.729662,1,1,1,18,62
2025-12-13 05:53:07.485862,1,1,1,18,62
2025-12-13 05:53:11.346400,1,1,1,18,62
2025-12-13 05:53:14.253744,1,1,1,18,63
2025-12-13 05:53:17.064192,1,2,4,18,66
2025-12-13 05:53:20.922352,1,1,1,18,69
2025-12-13 05:53:23.835605,1,1,1,18,72
2025-12-13 05:53:26.643249,1,1,1,18,75
2025-12-13 05:53:31.002366,1,1,1,18,67
2025-12-13 05:53:35.323368,1,1,1,18,64
2025-12-13 05:53:38.623491,1,1,1,15,62
2025-12-13 05:53:42.436717,1,1,1,14,63
2025-12-13 05:53:46.792623,1,1,1,13,67
2025-12-13 05:53:50.110621,1,1,1,13,64
2025-12-13 05:53:53.914867,1,2,1,12,63
2025-12-13 05:53:56.870128,1,1,1,12,66
2025-12-13 05:54:01.289309,1,1,1,12,69
2025-12-13 05:54:04.089800,1,1,1,13,69
2025-12-13 05:54:06.952620,1,1,1,13,69
2025-12-13 05:54:10.810618,1,1,1,13,69
2025-12-13 05:54:14.119228,1,1,1,13,70
2025-12-13 05:54:17.579697,1,1,2,13,73
2025-12-13 05:54:20.389182,1,1,2,13,73
2025-12-13 05:54:23.649173,1,1,1,13,75
2025-12-13 05:54:27.507680,1,2,1,14,75
2025-12-13 05:54:30.421732,1,1,1,14,75
2025-12-13 05:54:33.778132,1,1,1,14,75
2025-12-13 05:54:37.540594,1,1,1,14,72
2025-12-13 05:54:41.350920,1,1,1,14,71
2025-12-13 05:54:44.657096,1,1,1,16,71
2025-12-13 05:54:48.467241,1,1,1,17,73
2025-12-13 05:54:52.826846,1,1,1,18,76
2025-12-13 05:54:56.138251,1,1,1,19,76
2025-12-13 05:54:59.946049,1,1,1,21,76
2025-12-13 05:55:02.857393,1,1,1,22,76
2025-12-13 05:55:05.664660,1,1,1,22,76
2025-12-13 05:55:09.523212,1,1,1,22,76
2025-12-13 05:55:12.435045,1,2,1,22,78
2025-12-13 05:55:15.795313,1,1,1,21,81
2025-12-13 05:55:19.552545,1,1,1,20,79
2025-12-13 05:55:22.432910,1,1,1,19,76
2025-12-13 05:55:25.322327,1,1,1,19,73
2025-12-13 05:55:28.132064,1,1,1,18,70
2025-12-13 05:55:30.993584,1,1,1,18,67
2025-12-13 05:55:34.850429,1,1,1,18,67
2025-12-13 05:55:38.162500,1,1,1,18,67
2025-12-13 05:55:40.968674,1,1,1,18,67
2025-12-13 05:55:43.879524,1,1,1,18,67
2025-12-13 05:55:46.739768,1,1,1,18,67
2025-12-13 05:55:49.598845,1,1,1,18,67
2025-12-13 05:55:53.408959,1,1,1,17,67
2025-12-13 05:55:56.719604,1,1,1,19,67
2025-12-13 05:55:59.527099,1,1,1,20,67
2025-12-13 05:56:02.435662,1,1,1,21,67
2025-12-13 05:56:05.348222,1,1,1,21,67
2025-12-13 05:56:08.153648,1,1,1,21,67
2025-12-13 05:56:11.962729,1,1,1,22,67
2025-12-13 05:56:15.824336,1,2,1,22,67
2025-12-13 05:56:19.193430,1,1,1,22,67
2025-12-13 05:56:21.994002,1,2,3,22,67
2025-12-13 05:56:25.902267,1,1,1,22,67
2025-12-13 05:56:28.762711,1,1,1,22,67
2025-12-13 05:56:31.622733,1,1,1,22,67
2025-12-13 05:56:35.430885,1,1,1,22,67
2025-12-13 05:56:38.743452,1,1,1,19,67
2025-12-13 05:56:41.550313,1,1,1,19,67
2025-12-13 05:56:44.459277,1,1,1,18,67
2025-12-13 05:56:47.369133,1,1,1,18,67
2025-12-13 05:56:50.178015,1,1,1,18,67
2025-12-13 05:56:53.987857,1,2,1,17,67
2025-12-13 05:56:57.846962,1,1,1,17,67
2025-12-13 05:57:01.355431,1,1,1,17,67
2025-12-13 05:57:04.166571,1,1,1,17,67
2025-12-13 05:57:07.073273,1,2,2,17,67
2025-12-13 05:57:10.885642,1,1,1,17,67
2025-12-13 05:57:14.195600,1,1,1,17,67
2025-12-13 05:57:18.504600,1,1,1,17,67
2025-12-13 05:57:23.563926,1,1,1,17,67
2025-12-13 05:57:26.474360,1,1,2,17,67
2025-12-13 05:57:29.385058,1,1,1,17,67
2025-12-13 05:57:32.196732,1,1,1,17,67
2025-12-13 05:57:36.500477,1,1,1,17,67
2025-12-13 05:57:39.860827,1,1,1,17,67
2025-12-13 05:57:43.822722,1,2,1,17,67
2025-12-13 05:57:46.581485,1,1,1,17,67
2025-12-13 05:57:50.491199,1,1,1,17,67
2025-12-13 05:57:53.401818,1,1,1,17,69
2025-12-13 05:57:56.217062,1,1,1,17,72
2025-12-13 05:58:00.029527,1,1,1,17,75
2025-12-13 05:58:02.978855,1,1,1,17,77
2025-12-13 05:58:07.393722,1,1,1,17,75
2025-12-13 05:58:10.197447,1,1,1,19,75
2025-12-13 05:58:13.064482,1,1,1,20,73
2025-12-13 05:58:16.915811,1,1,2,20,73
2025-12-13 05:58:20.226776,1,1,1,21,71
2025-12-13 05:58:24.735059,1,2,1,22,68
2025-12-13 05:58:28.194511,1,1,1,22,67
2025-12-13 05:58:31.105301,1,1,1,22,67
2025-12-13 05:58:34.916328,1,1,1,22,69
2025-12-13 05:58:38.225730,1,1,1,22,72
2025-12-13 05:58:42.535680,1,2,1,22,75
2025-12-13 05:58:45.893785,1,1,1,22,76
2025-12-13 05:58:49.407322,1,1,1,22,76
2025-12-13 05:58:52.213634,1,1,1,22,76
2025-12-13 05:58:55.072855,1,1,1,22,76
2025-12-13 05:58:58.933798,1,1,1,22,76
2025-12-13 05:59:02.794406,1,1,1,21,76
2025-12-13 05:59:07.654535,1,1,2,22,76
2025-12-13 05:59:10.964156,1,1,1,22,76
2025-12-13 05:59:13.823428,1,1,1,22,76
2025-12-13 05:59:16.643140,1,1,1,23,76
2025-12-13 05:59:20.546117,1,1,1,22,76
2025-12-13 05:59:23.452328,1,1,1,22,76
2025-12-13 05:59:26.262675,1,1,1,22,76
2025-12-13 05:59:29.070626,1,1,1,23,76
2025-12-13 05:59:31.980603,1,1,2,22,76
2025-12-13 05:59:34.842877,1,1,1,21,76
2025-12-13 05:59:37.650458,1,2,1,20,75
2025-12-13 05:59:41.515096,1,1,1,20,72
2025-12-13 05:59:44.818145,1,1,1,22,70
2025-12-13 05:59:47.639589,1,1,1,22,70
2025-12-13 05:59:50.556968,1,1,1,22,70
2025-12-13 05:59:53.449871,1,2,1,23,70
2025-12-13 05:59:56.258202,1,1,1,23,70
2025-12-13 06:00:00.067541,1,2,1,23,70
2025-12-13 06:00:03.926221,1,2,1,23,70
2025-12-13 06:00:07.439434,1,1,1,24,70
2025-12-13 06:00:10.244273,1,1,2,24,70
2025-12-13 06:00:13.107108,1,1,1,24,70
2025-12-13 06:00:16.962052,1,1,1,24,70
2025-12-13 06:00:20.272447,1,1,1,24,70
2025-12-13 06:00:24.082382,1,1,1,24,70
2025-12-13 06:00:27.491613,1,2,1,24,70
2025-12-13 06:00:30.851888,1,1,1,24,70
2025-12-13 06:00:33.712824,1,1,1,24,70
2025-12-13 06:00:36.570455,1,1,1,24,70
2025-12-13 06:00:39.936300,1,1,1,24,70
2025-12-13 06:00:43.689907,1,1,1,24,70
2025-12-13 06:00:47.104641,1,1,1,24,70
2025-12-13 06:00:50.008678,1,1,1,23,70
2025-12-13 06:00:52.869323,1,2,1,23,70
2025-12-13 06:00:55.680489,1,1,1,22,70
2025-12-13 06:00:59.538764,1,1,1,22,70
2025-12-13 06:01:02.846699,1,1,1,22,69
2025-12-13 06:01:06.808833,1,1,1,22,66
2025-12-13 06:01:10.268402,1,2,1,22,63
2025-12-13 06:01:13.131007,1,2,4,22,63
2025-12-13 06:01:16.986032,1,1,1,22,63
2025-12-13 06:01:20.298927,1,1,1,22,63
2025-12-13 06:01:24.105410,1,1,1,21,63
2025-12-13 06:01:27.967641,1,1,1,21,63
2025-12-13 06:01:31.476046,1,1,1,21,63
2025-12-13 06:01:34.304847,1,1,1,21,63
2025-12-13 06:01:37.195359,1,1,1,21,63
2025-12-13 06:01:41.004266,1,1,1,21,63
2025-12-13 06:01:44.315749,1,2,1,21,62
2025-12-13 06:01:47.723044,1,1,1,21,62
2025-12-13 06:01:50.585049,1,2,2,22,65
2025-12-13 06:01:53.503994,1,1,1,22,68
2025-12-13 06:01:56.305040,1,1,1,22,71
2025-12-13 06:02:00.613400,1,1,1,23,74
2025-12-13 06:02:03.973166,1,1,2,23,74
2025-12-13 06:02:08.837702,1,2,1,23,69
2025-12-13 06:02:12.293852,1,1,1,24,66
2025-12-13 06:02:15.152946,1,1,2,24,66
2025-12-13 06:02:18.064768,1,1,1,24,66
2025-12-13 06:02:20.873548,1,2,1,24,67
2025-12-13 06:02:24.683132,1,2,1,24,67
2025-12-13 06:02:28.590950,1,1,1,24,67
2025-12-13 06:02:31.500969,1,1,1,24,67
2025-12-13 06:02:34.319522,1,1,1,24,67
2025-12-13 06:02:37.172691,1,1,1,23,67
2025-12-13 06:02:41.030032,1,1,1,23,67
2025-12-13 06:02:44.341398,1,1,1,23,67
2025-12-13 06:02:48.148286,1,1,1,22,67
2025-12-13 06:02:51.058700,1,1,1,22,67
2025-12-13 06:02:53.868385,1,1,1,21,67
2025-12-13 06:02:57.728923,1,1,1,21,67
2025-12-13 06:03:00.639573,1,1,2,21,67
2025-12-13 06:03:03.998411,1,1,1,21,67
2025-12-13 06:03:07.758940,1,1,1,21,66
2025-12-13 06:03:11.584710,1,1,1,21,64
2025-12-13 06:03:14.877198,1,1,1,21,64
2025-12-13 06:03:18.687461,1,1,2,21,64
2025-12-13 06:03:22.550600,1,1,1,21,64
2025-12-13 06:03:25.368723,1,1,1,21,64
2025-12-13 06:03:28.770844,1,1,1,21,64
2025-12-13 06:03:33.233772,1,1,1,21,62
2025-12-13 06:03:36.090513,1,1,1,21,62
2025-12-13 06:03:38.896710,1,1,2,21,63
2025-12-13 06:03:42.705854,1,1,1,21,64
2025-12-13 06:03:47.066690,1,1,1,21,64
2025-12-13 06:03:50.374700,1,1,1,21,64
2025-12-13 06:03:53.234346,1,1,1,20,64
2025-12-13 06:03:56.098587,1,1,1,19,64
2025-12-13 06:03:58.957895,1,1,1,19,64
2025-12-13 06:04:01.814438,1,1,1,18,64
2025-12-13 06:04:05.624133,1,2,1,18,67
2025-12-13 06:04:08.934100,1,1,1,18,67
2025-12-13 06:04:11.746869,1,1,1,18,67
2025-12-13 06:04:14.652632,1,1,1,18,67
2025-12-13 06:04:17.566508,1,1,1,18,67
2025-12-13 06:04:20.371512,1,1,1,18,67
2025-12-13 06:04:24.180050,1,2,1,18,67
2025-12-13 06:04:28.043676,1,1,1,18,67
2025-12-13 06:04:31.551011,1,1,1,18,67
2025-12-13 06:04:34.360022,1,1,1,18,67
2025-12-13 06:04:37.220372,1,1,1,18,67
2025-12-13 06:04:41.083148,1,2,1,18,67
2025-12-13 06:04:44.391169,1,1,1,18,67
2025-12-13 06:04:48.700735,1,1,1,18,67
2025-12-13 06:04:52.113680,1,1,1,18,67
2025-12-13 06:04:54.971227,1,1,1,18,67
2025-12-13 06:04:57.777608,1,1,1,18,67
2025-12-13 06:05:00.688804,1,1,1,18,67
2025-12-13 06:05:04.049131,1,1,1,18,67
2025-12-13 06:05:07.809222,1,2,2,17,67
2025-12-13 06:05:11.216948,1,1,2,17,67
2025-12-13 06:05:14.132448,1,1,1,17,67
2025-12-13 06:05:16.985554,1,1,1,16,67
2025-12-13 06:05:19.851528,1,1,1,16,67
2025-12-13 06:05:23.654756,1,1,1,16,67
2025-12-13 06:05:26.963890,1,1,1,16,67
2025-12-13 06:05:30.426411,1,2,1,18,67
2025-12-13 06:05:33.299242,1,1,1,19,69
2025-12-13 06:05:36.151456,1,1,1,20,72
2025-12-13 06:05:38.954863,1,1,1,21,75
2025-12-13 06:05:42.764264,1,1,1,22,78
2025-12-13 06:05:46.626854,1,1,1,23,78
2025-12-13 06:05:49.983841,1,1,1,23,80
2025-12-13 06:05:52.794344,1,1,1,24,83
2025-12-13 06:05:56.708778,1,1,2,24,86
2025-12-13 06:05:59.614459,1,1,1,25,89
2025-12-13 06:06:02.423795,1,1,1,25,92
2025-12-13 06:06:06.235585,1,1,1,25,95
2025-12-13 06:06:09.141554,1,1,1,25,95
2025-12-13 06:06:11.953014,1,1,1,25,92
2025-12-13 06:06:15.812834,1,1,1,25,91
2025-12-13 06:06:18.721321,1,1,1,25,91
2025-12-13 06:06:22.082280,1,1,1,25,90
2025-12-13 06:06:25.839916,1,1,1,25,90
2025-12-13 06:06:28.706094,1,1,1,25,90
2025-12-13 06:06:31.610147,1,1,1,25,90
2025-12-13 06:06:34.417283,1,1,1,25,90
2025-12-13 06:06:37.279572,1,1,1,25,90
2025-12-13 06:06:41.135942,1,1,1,25,90
2025-12-13 06:06:44.449977,1,1,1,25,90
2025-12-13 06:06:47.856185,1,1,1,23,90
2025-12-13 06:06:51.764872,1,1,1,23,90
2025-12-13 06:06:56.175605,1,2,1,23,90
2025-12-13 06:06:59.036384,1,2,2,21,90
2025-12-13 06:07:01.896833,1,1,1,20,90
2025-12-13 06:07:05.705946,1,1,1,19,85
2025-12-13 06:07:09.016979,1,1,1,17,80
2025-12-13 06:07:11.826649,1,1,1,17,79
2025-12-13 06:07:14.736407,1,1,1,16,77
2025-12-13 06:07:17.644651,1,1,2,16,77
2025-12-13 06:07:20.496351,1,1,1,16,77
2025-12-13 06:07:24.277174,1,1,1,18,77
2025-12-13 06:07:30.734274,1,1,1,19,78
2025-12-13 06:07:34.105162,1,1,2,18,81
2025-12-13 06:07:37.845752,1,1,1,17,85
2025-12-13 06:07:41.705716,1,1,1,17,82
2025-12-13 06:07:45.029414,1,1,2,17,79
2025-12-13 06:07:48.826374,1,1,2,16,76
2025-12-13 06:07:52.236381,1,1,1,16,74
2025-12-13 06:07:55.646289,1,1,1,15,74
2025-12-13 06:07:58.453672,1,1,1,15,74
2025-12-13 06:08:01.314446,1,2,1,15,74
2025-12-13 06:08:05.175139,1,1,1,15,74
2025-12-13 06:08:08.483779,1,1,1,15,74
2025-12-13 06:08:12.293434,1,1,1,15,74
2025-12-13 06:08:16.202402,1,1,1,15,72
2025-12-13 06:08:19.064560,1,1,1,15,72
2025-12-13 06:08:21.874254,1,1,1,15,72
2025-12-13 06:08:24.782771,1,1,1,15,72
2025-12-13 06:08:28.141968,1,1,1,15,69
2025-12-13 06:08:31.899571,1,1,1,16,64
2025-12-13 06:08:35.760833,1,1,1,18,64
2025-12-13 06:08:38.671376,1,1,1,20,64
2025-12-13 06:08:41.480129,1,1,1,20,64
2025-12-13 06:08:45.338858,1,1,1,21,64
2025-12-13 06:08:48.249873,1,1,1,20,64
2025-12-13 06:08:52.160451,1,1,1,18,64
2025-12-13 06:08:55.469444,1,2,1,17,64
2025-12-13 06:08:58.336216,1,1,1,17,64
2025-12-13 06:09:02.240903,1,1,1,16,64
2025-12-13 06:09:05.100056,1,1,1,16,66
2025-12-13 06:09:07.909468,1,1,1,15,69
2025-12-13 06:09:10.817182,1,2,1,15,70
2025-12-13 06:09:14.227478,1,1,1,15,70
2025-12-13 06:09:17.089106,1,1,1,15,70
2025-12-13 06:09:19.896393,1,1,1,15,71
2025-12-13 06:09:23.756764,1,1,1,15,71
2025-12-13 06:09:27.065993,1,1,1,15,71
2025-12-13 06:09:31.480081,1,1,1,15,71
2025-12-13 06:09:34.336766,1,1,1,15,71
2025-12-13 06:09:38.247601,1,1,1,15,71
2025-12-13 06:09:41.104383,1,1,1,15,71
2025-12-13 06:09:43.914550,1,1,1,15,70
2025-12-13 06:09:47.777949,1,1,1,15,67
2025-12-13 06:09:50.688560,1,1,1,15,66
2025-12-13 06:09:53.510592,1,1,1,15,66
2025-12-13 06:09:57.358573,1,1,1,15,66
2025-12-13 06:10:00.268679,1,1,1,15,66
2025-12-13 06:10:03.076372,1,1,1,15,66
2025-12-13 06:10:06.899146,1,1,1,15,66
2025-12-13 06:10:09.806286,1,1,1,15,66
2025-12-13 06:10:13.709740,1,1,1,15,67
2025-12-13 06:10:17.014519,1,1,1,15,69
2025-12-13 06:10:19.826651,1,2,1,15,72
2025-12-13 06:10:22.733106,1,1,3,16,75
2025-12-13 06:10:25.543360,1,1,1,16,76
2025-12-13 06:10:28.907016,1,1,1,16,76
2025-12-13 06:10:32.813914,1,1,1,16,75
2025-12-13 06:10:35.725457,1,1,1,17,72
2025-12-13 06:10:38.537104,1,1,1,17,69
2025-12-13 06:10:42.342487,1,1,1,17,66
2025-12-13 06:10:46.200151,1,1,1,17,66
2025-12-13 06:10:49.964646,1,1,1,18,68
2025-12-13 06:10:53.270521,1,1,1,18,71
2025-12-13 06:10:56.129845,1,1,1,19,74
2025-12-13 06:10:58.940173,1,1,1,19,76
2025-12-13 06:11:02.850677,1,1,2,21,79
2025-12-13 06:11:05.760926,1,1,1,21,81
2025-12-13 06:11:11.772280,1,1,1,21,77
2025-12-13 06:11:15.634813,1,1,1,18,74
2025-12-13 06:11:18.442448,1,1,1,17,72
2025-12-13 06:11:21.302536,1,1,1,16,72
2025-12-13 06:11:24.111309,1,1,1,16,72
2025-12-13 06:11:28.021259,1,1,1,16,72
2025-12-13 06:11:30.880998,1,1,3,16,75
2025-12-13 06:11:35.240320,1,1,1,16,78
2025-12-13 06:11:38.551235,1,1,1,15,78
2025-12-13 06:11:42.411707,1,1,1,15,78
2025-12-13 06:11:45.321327,1,1,1,15,78
2025-12-13 06:11:48.129238,1,1,1,15,78
2025-12-13 06:11:51.597740,1,2,1,16,77
2025-12-13 06:11:54.405661,1,1,1,16,76
2025-12-13 06:11:57.306841,1,1,1,16,77
2025-12-13 06:12:00.117001,1,1,1,16,79
2025-12-13 06:12:03.977358,1,1,1,16,79
2025-12-13 06:12:06.887898,1,1,1,18,79
2025-12-13 06:12:11.298935,1,1,1,18,79
2025-12-13 06:12:14.157760,1,1,1,18,77
2025-12-13 06:12:17.016926,1,1,3,18,77
2025-12-13 06:12:20.878853,1,1,1,17,77
2025-12-13 06:12:23.787187,1,1,1,16,77
2025-12-13 06:12:26.601433,1,1,1,16,75
2025-12-13 06:12:30.404227,1,1,1,15,70
2025-12-13 06:12:33.355557,1,1,1,14,67
2025-12-13 06:12:36.123377,1,1,1,14,64
2025-12-13 06:12:39.983033,1,1,1,14,65
2025-12-13 06:12:42.896587,1,1,1,16,68
2025-12-13 06:12:46.252290,1,1,1,18,71
2025-12-13 06:12:50.017892,1,2,1,19,77
2025-12-13 06:12:54.375555,1,1,1,20,80
2025-12-13 06:12:58.232961,1,2,1,19,81
2025-12-13 06:13:01.996927,1,1,1,18,81
2025-12-13 06:13:05.852976,1,1,1,17,81
2025-12-13 06:13:09.165268,1,1,1,16,81
2025-12-13 06:13:13.523265,1,1,1,15,81
2025-12-13 06:13:17.832197,1,1,1,15,81
2025-12-13 06:13:21.146552,1,1,1,14,81
2025-12-13 06:13:25.503723,1,1,1,14,86
2025-12-13 06:13:29.311087,1,1,1,14,89
2025-12-13 06:13:32.626675,1,1,1,14,90
2025-12-13 06:13:36.429025,1,1,1,14,90
2025-12-13 06:13:39.338364,1,1,1,14,90
2025-12-13 06:13:42.148337,1,1,1,15,90
2025-12-13 06:13:46.006217,1,1,1,15,90
2025-12-13 06:13:48.918688,1,1,1,15,84
2025-12-13 06:13:52.280089,1,1,1,15,78
2025-12-13 06:13:56.035476,1,1,1,15,69
2025-12-13 06:13:59.896401,1,1,1,15,66
2025-12-13 06:14:02.807801,1,1,1,15,63
2025-12-13 06:14:05.617631,1,1,1,15,63
2025-12-13 06:14:09.477338,1,1,1,15,63
2025-12-13 06:14:12.385918,1,1,1,15,63
2025-12-13 06:14:15.195028,1,1,1,15,63
2025-12-13 06:14:19.006938,1,1,1,15,63
2025-12-13 06:14:21.921572,1,1,1,15,63
2025-12-13 06:14:26.379471,1,1,1,15,63
2025-12-13 06:14:29.236079,1,2,1,15,63
2025-12-13 06:14:32.046573,1,1,1,16,63
2025-12-13 06:14:35.908001,1,2,1,16,63
2025-12-13 06:14:38.816579,1,1,1,16,63
2025-12-13 06:14:41.625302,1,1,1,16,63
2025-12-13 06:14:45.533312,1,1,1,16,63
2025-12-13 06:14:48.394020,1,1,1,16,63
2025-12-13 06:14:51.204016,1,1,1,16,63
2025-12-13 06:14:55.013348,1,1,1,16,63
2025-12-13 06:14:57.923839,1,1,1,17,66
2025-12-13 06:15:01.833425,1,1,1,16,71
2025-12-13 06:15:04.642390,1,1,1,16,74
2025-12-13 06:15:07.552432,1,1,1,15,77
2025-12-13 06:15:11.363487,1,1,1,15,77
2025-12-13 06:15:14.672726,1,1,1,15,78
2025-12-13 06:15:17.482977,1,1,1,15,79
2025-12-13 06:15:20.397073,1,1,1,14,80
2025-12-13 06:15:24.154016,1,1,1,14,81
2025-12-13 06:15:26.962772,1,1,1,15,81
2025-12-13 06:15:29.874721,1,1,1,15,81
2025-12-13 06:15:32.685585,1,1,1,15,78
2025-12-13 06:15:35.519513,1,1,1,15,75
2025-12-13 06:15:38.399944,1,1,1,15,72
2025-12-13 06:15:41.258685,1,1,1,15,71
2025-12-13 06:15:44.068581,1,1,1,15,71
2025-12-13 06:15:47.930473,1,1,1,16,71
2025-12-13 06:15:51.239249,1,1,2,16,71
2025-12-13 06:15:54.048042,1,1,1,16,71
2025-12-13 06:15:56.958621,1,1,1,15,71
2025-12-13 06:15:59.872715,1,1,1,15,69
2025-12-13 06:16:02.676685,1,1,1,15,69
2025-12-13 06:16:06.491950,1,1,1,15,69
2025-12-13 06:16:10.346756,1,1,1,15,69
2025-12-13 06:16:14.104761,1,1,1,16,67
2025-12-13 06:16:17.914830,1,1,1,15,67
2025-12-13 06:16:21.224669,1,1,1,15,67
2025-12-13 06:16:25.032865,1,1,1,15,67
2025-12-13 06:16:29.393886,1,1,1,15,67
2025-12-13 06:16:32.701872,1,1,1,16,67
2025-12-13 06:16:36.110989,1,1,1,17,68
2025-12-13 06:16:39.421156,1,1,1,19,71
2025-12-13 06:16:42.231990,1,2,2,20,74
2025-12-13 06:16:46.141309,1,1,1,19,74
2025-12-13 06:16:49.009679,1,1,1,17,74
2025-12-13 06:16:52.361600,1,1,1,18,74
2025-12-13 06:16:56.120394,1,1,1,19,73
2025-12-13 06:16:59.931683,1,1,1,20,73
2025-12-13 06:17:03.238229,1,1,1,19,73
2025-12-13 06:17:07.048686,1,1,1,20,74
2025-12-13 06:17:11.407885,1,1,1,21,76
2025-12-13 06:17:14.718182,1,2,1,21,76
2025-12-13 06:17:18.525461,1,1,2,22,79
2025-12-13 06:17:21.435045,1,1,1,23,82
2025-12-13 06:17:24.246632,1,1,1,23,82
2025-12-13 06:17:28.152481,1,1,1,24,82
2025-12-13 06:17:31.014427,1,1,1,24,82
2025-12-13 06:17:34.373419,1,1,1,24,82
2025-12-13 06:17:38.152653,1,1,1,22,82
2025-12-13 06:17:41.045011,1,2,1,21,78
2025-12-13 06:17:44.905476,1,1,1,18,73
2025-12-13 06:17:47.712583,1,2,1,18,70
2025-12-13 06:17:51.573190,1,1,1,17,67
2025-12-13 06:17:54.481874,1,1,1,17,65
2025-12-13 06:17:57.289710,1,1,1,16,65
2025-12-13 06:18:01.167554,1,1,1,16,65
2025-12-13 06:18:04.508235,1,1,1,16,65
2025-12-13 06:18:07.923943,1,1,1,16,65
2025-12-13 06:18:10.732811,1,1,1,16,65
2025-12-13 06:18:13.587897,1,1,1,16,65
2025-12-13 06:18:17.448259,1,1,1,16,64
2025-12-13 06:18:20.757804,1,1,1,16,64
2025-12-13 06:18:23.565179,1,1,1,16,64
2025-12-13 06:18:26.476629,1,1,1,16,64
2025-12-13 06:18:29.353240,1,1,1,16,64
2025-12-13 06:18:32.195214,1,1,1,16,64
2025-12-13 06:18:36.006214,1,1,1,16,67
2025-12-13 06:18:39.364886,1,1,1,17,70
2025-12-13 06:18:42.127275,1,1,1,18,73
2025-12-13 06:18:45.031823,1,1,1,19,76
2025-12-13 06:18:47.943471,1,1,1,20,79
2025-12-13 06:18:50.764546,1,1,12,20,82
2025-12-13 06:18:54.564378,1,2,11,22,82
2025-12-13 06:18:58.419446,1,2,14,22,82
2025-12-13 06:19:02.931532,1,2,8,23,82
2025-12-13 06:19:05.741387,1,2,10,23,82
2025-12-13 06:19:09.598799,1,1,1,24,85
2025-12-13 06:19:12.511312,1,1,1,22,88
2025-12-13 06:19:15.317914,1,1,3,21,87
2025-12-13 06:19:19.130101,1,1,3,20,84
2025-12-13 06:19:22.040677,1,2,2,19,81
2025-12-13 06:19:25.955917,1,2,1,18,76
2025-12-13 06:19:28.759973,1,2,1,18,76
2025-12-13 06:19:31.619546,1,1,1,17,76
2025-12-13 06:19:35.480445,1,1,1,17,76
2025-12-13 06:19:38.792136,1,1,1,17,76
2025-12-13 06:19:42.601093,1,1,8,16,76
2025-12-13 06:19:45.513642,1,1,1,16,75
2025-12-13 06:19:48.318562,1,1,1,16,72
2025-12-13 06:19:52.179820,1,2,1,15,69
2025-12-13 06:19:55.117171,1,1,3,16,67
2025-12-13 06:20:00.055487,1,1,1,15,66
2025-12-13 06:20:02.962462,1,1,1,15,66
2025-12-13 06:20:05.771188,1,2,1,15,66
2025-12-13 06:20:09.629167,1,2,5,14,66
2025-12-13 06:20:12.546508,1,2,5,13,66
2025-12-13 06:20:15.348453,1,1,1,13,66
2025-12-13 06:20:19.207593,1,1,1,13,66
2025-12-13 06:20:22.073921,1,2,1,13,66
2025-12-13 06:20:25.983473,1,1,1,13,66
2025-12-13 06:20:28.832079,1,1,1,14,69
2025-12-13 06:20:31.647465,1,2,5,14,72
2025-12-13 06:20:35.507516,1,1,1,14,71
2025-12-13 06:20:38.816480,1,1,1,14,70
2025-12-13 06:20:41.628869,1,2,8,14,70
2025-12-13 06:20:44.535616,1,1,1,14,70
2025-12-13 06:20:47.397806,1,1,1,15,70
2025-12-13 06:20:50.209731,1,1,2,15,67
2025-12-13 06:20:54.069776,1,1,1,15,64
2025-12-13 06:20:59.528406,1,1,1,14,63
2025-12-13 06:21:02.389952,1,2,2,13,63
2025-12-13 06:21:05.256660,1,1,1,14,63
2025-12-13 06:21:09.106766,1,2,1,12,63
2025-12-13 06:21:12.025850,1,2,1,12,63
2025-12-13 06:21:14.827267,1,1,14,12,63
2025-12-13 06:21:18.248260,1,1,1,11,63
2025-12-13 06:21:21.547982,1,1,1,11,63
2025-12-13 06:21:26.007681,1,1,1,11,63
2025-12-13 06:21:28.818507,1,2,1,13,63
2025-12-13 06:21:31.736961,1,2,5,13,62
2025-12-13 06:21:35.535880,1,1,1,13,62
2025-12-13 06:21:38.997934,1,1,1,13,62
2025-12-13 06:21:41.807380,1,2,1,13,62
2025-12-13 06:21:45.665092,1,2,10,16,62
2025-12-13 06:21:48.579756,1,2,5,15,62
2025-12-13 06:21:51.393337,1,1,1,15,62
2025-12-13 06:21:55.197325,1,2,1,14,62
2025-12-13 06:21:58.108461,1,1,3,14,65
2025-12-13 06:22:02.017418,1,1,1,14,71
2025-12-13 06:22:04.830537,1,1,1,14,74
2025-12-13 06:22:07.735979,1,1,1,14,77
2025-12-13 06:22:11.045251,1,1,1,14,77
2025-12-13 06:22:14.355852,1,2,1,14,77
2025-12-13 06:22:19.416953,1,1,1,14,75
2025-12-13 06:22:23.277642,1,2,1,15,72
2025-12-13 06:22:26.592230,1,2,7,17,69
2025-12-13 06:22:29.447375,1,1,1,15,66
2025-12-13 06:22:32.256994,1,2,1,14,63
2025-12-13 06:22:35.670025,1,1,1,14,66
2025-12-13 06:22:39.130891,1,1,1,13,68
2025-12-13 06:22:42.040800,1,1,1,12,68
2025-12-13 06:22:44.849857,1,2,1,12,65
2025-12-13 06:22:48.660346,1,2,5,12,64
2025-12-13 06:22:52.519046,1,1,5,12,64
2025-12-13 06:22:56.278446,1,1,1,12,64
2025-12-13 06:23:00.087284,1,2,1,12,64
2025-12-13 06:23:03.397606,1,2,1,12,66
2025-12-13 06:23:07.206947,1,2,1,12,69
2025-12-13 06:23:11.577617,1,2,5,12,71
2025-12-13 06:23:14.875628,1,1,1,12,68
2025-12-13 06:23:19.183793,1,1,1,12,65
2025-12-13 06:23:23.545305,1,1,1,12,65
2025-12-13 06:23:26.860155,1,1,1,12,65
2025-12-13 06:23:30.662677,1,1,7,12,65
2025-12-13 06:23:34.528044,1,1,5,12,65
2025-12-13 06:23:38.286920,1,1,1,12,65
2025-12-13 06:23:42.148794,1,2,1,12,65
2025-12-13 06:23:45.651450,1,2,1,12,65
2025-12-13 06:23:50.062983,1,1,8,12,65
2025-12-13 06:23:52.878399,1,1,1,12,65
2025-12-13 06:23:55.781852,1,1,1,12,65
2025-12-13 06:23:59.611643,1,2,8,12,63
2025-12-13 06:24:02.901975,1,2,1,12,63
2025-12-13 06:24:06.261621,1,1,5,12,63
2025-12-13 06:24:09.175975,1,1,1,12,63
2025-12-13 06:24:12.083108,1,2,1,12,63
2025-12-13 06:24:14.892397,1,1,1,12,63
2025-12-13 06:24:19.201307,1,1,1,12,63
2025-12-13 06:24:22.562022,1,1,1,12,63
2025-12-13 06:24:26.072987,1,2,1,12,63
2025-12-13 06:24:28.880559,1,1,5,12,63
2025-12-13 06:24:31.742193,1,1,1,12,63
2025-12-13 06:24:35.605831,1,2,4,12,63
2025-12-13 06:24:38.921530,1,1,2,12,63
2025-12-13 06:24:42.721538,1,1,1,12,64
2025-12-13 06:24:45.632551,1,1,1,12,64
2025-12-13 06:24:48.444010,1,2,5,12,64
2025-12-13 06:24:52.300395,1,1,5,12,64
2025-12-13 06:24:55.211787,1,1,2,12,64
2025-12-13 06:24:58.571661,1,2,1,12,64
2025-12-13 06:25:02.330799,1,2,1,12,64
2025-12-13 06:25:05.190309,1,2,2,12,64
2025-12-13 06:25:08.108377,1,1,1,12,64
2025-12-13 06:25:10.909179,1,1,6,12,64
2025-12-13 06:25:13.844329,1,1,1,12,64
2025-12-13 06:25:17.628303,1,1,1,12,64
2025-12-13 06:25:20.938579,1,2,2,12,64
2025-12-13 06:25:23.801893,1,1,1,12,64
2025-12-13 06:25:26.658411,1,1,1,12,64
2025-12-13 06:25:29.519872,1,2,2,12,62
2025-12-13 06:25:32.328184,1,2,3,12,62
2025-12-13 06:25:36.186831,1,1,1,12,62
2025-12-13 06:25:39.494702,1,1,1,12,62
2025-12-13 06:25:42.355097,1,1,11,12,62
2025-12-13 06:25:45.216480,1,1,3,12,62
2025-12-13 06:25:48.126465,1,2,1,12,62
2025-12-13 06:25:50.959057,1,2,2,12,62
2025-12-13 06:25:54.745028,1,2,3,16,62
2025-12-13 06:25:58.604977,1,1,3,15,62
2025-12-13 06:26:02.114294,1,1,1,15,62
2025-12-13 06:26:04.926678,1,2,2,14,62
2025-12-13 06:26:07.782769,1,2,21,14,62
2025-12-13 06:26:11.645255,1,2,15,14,62
2025-12-13 06:26:14.951170,1,2,22,14,62
2025-12-13 06:26:18.764319,1,2,2,14,62
2025-12-13 06:26:22.727007,1,1,1,15,62
2025-12-13 06:26:26.135381,1,1,1,16,65
2025-12-13 06:26:28.943697,1,1,1,18,68
2025-12-13 06:26:31.802986,1,1,2,19,71
2025-12-13 06:26:35.662584,1,1,1,20,74
2025-12-13 06:26:38.974974,1,1,1,21,77
2025-12-13 06:26:41.782421,1,2,2,21,80
2025-12-13 06:26:44.715824,1,1,1,22,81
2025-12-13 06:26:47.553612,1,1,1,22,80
2025-12-13 06:26:50.362516,1,1,1,22,78
2025-12-13 06:26:54.222129,1,2,2,23,78
2025-12-13 06:26:57.529708,1,1,3,23,78
2025-12-13 06:27:00.340458,1,1,2,23,79
2025-12-13 06:27:03.250958,1,1,1,24,79
2025-12-13 06:27:06.163684,1,2,2,24,77
2025-12-13 06:27:08.971654,1,1,1,24,72
2025-12-13 06:27:12.779852,1,1,1,20,69
2025-12-13 06:27:16.191985,1,2,1,18,66
2025-12-13 06:27:19.550295,1,1,2,17,64
2025-12-13 06:27:22.410986,1,1,1,16,64
2025-12-13 06:27:26.821682,1,1,1,15,64
2025-12-13 06:27:29.731114,1,1,1,15,64
2025-12-13 06:27:33.091747,1,2,2,14,64
2025-12-13 06:27:36.400568,1,1,1,13,64
2025-12-13 06:27:40.261890,1,1,1,12,64
2025-12-13 06:27:44.170241,1,1,1,12,65
2025-12-13 06:27:46.982731,1,2,1,12,68
2025-12-13 06:27:49.840493,1,1,1,12,71
2025-12-13 06:27:53.698396,1,1,1,12,74
2025-12-13 06:27:57.010078,1,1,1,12,77
2025-12-13 06:27:59.818082,1,1,1,13,80
2025-12-13 06:28:02.728761,1,1,1,13,83
2025-12-13 06:28:05.589847,1,1,1,13,84
2025-12-13 06:28:08.400740,1,1,1,13,81
2025-12-13 06:28:12.256567,1,1,1,13,79
2025-12-13 06:28:15.567504,1,1,1,13,79
2025-12-13 06:28:19.377786,1,1,1,14,79
2025-12-13 06:28:22.296650,1,1,1,14,79
2025-12-13 06:28:26.203750,1,1,2,13,79
2025-12-13 06:28:29.008287,1,1,1,13,79
2025-12-13 06:28:31.867453,1,1,1,12,79
2025-12-13 06:28:34.728636,1,1,1,12,79
2025-12-13 06:28:37.588651,1,1,1,13,79
2025-12-13 06:28:40.398079,1,2,1,14,79
2025-12-13 06:28:43.309733,1,1,1,14,79
2025-12-13 06:28:46.667877,1,1,1,14,79
2025-12-13 06:28:50.427275,1,1,1,14,79
2025-12-13 06:28:54.286263,1,2,3,14,79
2025-12-13 06:28:57.198761,1,1,1,14,79
2025-12-13 06:29:00.006299,1,1,1,14,79
2025-12-13 06:29:03.915948,1,1,1,14,79
2025-12-13 06:29:06.802020,1,1,1,14,79
2025-12-13 06:29:09.586106,1,1,1,14,79
2025-12-13 06:29:12.395078,1,1,1,14,79
2025-12-13 06:29:15.302987,1,1,1,13,77
2025-12-13 06:29:18.212974,1,2,1,13,74
2025-12-13 06:29:21.524690,1,1,1,13,71
2025-12-13 06:29:24.340212,1,1,1,12,71
2025-12-13 06:29:27.243518,1,1,1,12,72
2025-12-13 06:29:30.602802,1,1,1,12,75
2025-12-13 06:29:33.410740,1,1,1,12,78
2025-12-13 06:29:36.321259,1,1,1,12,81
2025-12-13 06:29:39.236472,1,1,1,12,84
2025-12-13 06:29:42.042941,1,1,1,12,87
2025-12-13 06:29:45.907420,1,2,1,12,89
2025-12-13 06:29:49.308518,1,1,1,12,89
2025-12-13 06:29:52.668830,1,1,2,12,89
2025-12-13 06:29:56.428099,1,1,1,12,89
2025-12-13 06:30:00.288250,1,1,1,12,89
2025-12-13 06:30:03.597061,1,1,1,12,89
2025-12-13 06:30:07.406006,1,1,1,12,89
2025-12-13 06:30:11.763733,1,1,1,12,79
2025-12-13 06:30:14.637543,1,1,1,12,73
2025-12-13 06:30:17.432575,1,1,1,13,70
2025-12-13 06:30:21.343513,1,2,1,13,67
2025-12-13 06:30:24.253111,1,1,1,13,64
2025-12-13 06:30:27.062646,1,1,1,13,63
2025-12-13 06:30:31.372352,1,1,1,15,64
2025-12-13 06:30:34.781490,1,1,1,17,70
2025-12-13 06:30:37.639089,1,1,1,19,73
2025-12-13 06:30:40.451005,1,1,1,20,73
2025-12-13 06:30:43.359273,1,1,1,20,76
2025-12-13 06:30:46.721444,1,1,1,21,79
2025-12-13 06:30:50.478891,1,1,1,22,85
2025-12-13 06:30:53.387546,1,1,1,22,88
2025-12-13 06:30:56.801785,1,1,1,23,88
2025-12-13 06:30:59.677167,1,1,1,23,87
2025-12-13 06:31:02.466056,1,1,1,23,87
2025-12-13 06:31:06.327521,1,1,1,24,87
2025-12-13 06:31:09.636048,1,1,1,24,81
2025-12-13 06:31:13.596355,1,1,1,24,77
2025-12-13 06:31:17.057437,1,1,1,24,71
2025-12-13 06:31:19.916954,1,2,2,24,69
2025-12-13 06:31:23.772356,1,1,1,24,69
2025-12-13 06:31:27.082214,1,1,1,24,69
2025-12-13 06:31:30.890698,1,1,1,24,69
2025-12-13 06:31:34.749885,1,1,1,24,69
2025-12-13 06:31:38.260288,1,1,1,24,69
2025-12-13 06:31:41.073125,1,1,1,24,69
2025-12-13 06:31:43.929572,1,1,1,24,69
2025-12-13 06:31:47.787567,1,1,1,24,69
2025-12-13 06:31:51.097372,1,1,1,24,69
2025-12-13 06:31:55.407839,1,1,1,24,69
2025-12-13 06:31:58.816296,1,1,1,24,69
2025-12-13 06:32:01.678795,1,1,1,24,69
2025-12-13 06:32:04.486364,1,1,1,24,69
2025-12-13 06:32:07.397640,1,1,1,24,69
2025-12-13 06:32:10.760292,1,1,1,24,69
2025-12-13 06:32:14.519200,1,2,1,25,69
2025-12-13 06:32:17.424277,1,1,1,25,72
2025-12-13 06:32:20.834153,1,1,1,25,75
2025-12-13 06:32:24.095703,1,1,1,25,77
2025-12-13 06:32:27.954509,1,1,1,25,77
2025-12-13 06:32:30.862908,1,1,1,25,77
2025-12-13 06:32:33.669726,1,1,1,25,77
2025-12-13 06:32:37.481045,1,1,1,25,77
2025-12-13 06:32:40.390950,1,1,1,25,77
2025-12-13 06:32:44.300456,1,1,2,25,77
2025-12-13 06:32:47.108164,1,1,1,25,77
2025-12-13 06:32:49.968725,1,1,1,25,77
2025-12-13 06:32:53.826122,1,1,1,25,77
2025-12-13 06:32:57.139738,1,1,2,25,77
2025-12-13 06:32:59.945002,1,1,1,25,77
2025-12-13 06:33:02.855353,1,1,1,25,77
2025-12-13 06:33:05.720872,1,1,1,25,77
2025-12-13 06:33:08.525702,1,1,1,25,77
2025-12-13 06:33:12.386290,1,1,1,25,79
2025-12-13 06:33:15.694996,1,1,1,25,82
2025-12-13 06:33:18.503955,1,1,1,25,85
2025-12-13 06:33:21.412774,1,1,1,25,85
2025-12-13 06:33:24.692240,1,1,1,25,85
2025-12-13 06:33:28.532340,1,1,1,25,86
2025-12-13 06:33:31.445212,1,1,1,25,86
2025-12-13 06:33:34.802568,1,1,1,25,86
2025-12-13 06:33:38.162036,1,1,1,25,86
2025-12-13 06:33:40.970791,1,1,2,25,86
2025-12-13 06:33:44.883711,1,1,1,25,88
2025-12-13 06:33:47.744628,1,1,1,25,91
2025-12-13 06:33:50.547673,1,1,1,25,94
2025-12-13 06:33:54.411833,1,1,1,25,96
2025-12-13 06:33:57.868194,1,2,1,25,96
2025-12-13 06:34:00.677937,1,1,1,25,96
2025-12-13 06:34:04.585985,1,1,2,25,96
2025-12-13 06:34:07.446903,1,1,1,25,96
2025-12-13 06:34:10.806507,1,1,1,25,96
2025-12-13 06:34:14.565264,1,1,1,25,96
2025-12-13 06:34:17.474522,1,1,1,25,96
2025-12-13 06:34:20.889511,1,1,1,25,95
2025-12-13 06:34:24.143959,1,1,1,25,95
2025-12-13 06:34:28.002161,1,1,1,25,95
2025-12-13 06:34:30.911816,1,1,1,25,95
2025-12-13 06:34:33.722218,1,1,1,25,95
2025-12-13 06:34:37.533084,1,1,1,25,95
2025-12-13 06:34:40.453913,1,1,1,25,95
2025-12-13 06:34:44.349116,1,1,1,25,91
2025-12-13 06:34:47.159141,1,1,1,25,88
2025-12-13 06:34:50.020212,1,1,1,25,85
2025-12-13 06:34:53.878361,1,1,1,25,85
2025-12-13 06:34:57.188280,1,1,1,25,85
2025-12-13 06:35:01.147629,1,1,1,25,85
2025-12-13 06:35:04.058538,1,1,1,25,85
2025-12-13 06:35:06.923235,1,1,1,25,85
2025-12-13 06:35:09.727875,1,1,1,24,88
2025-12-13 06:35:13.539531,1,1,1,23,91
2025-12-13 06:35:17.899323,1,1,1,23,91
2025-12-13 06:35:20.758439,1,1,1,23,91
2025-12-13 06:35:23.574862,1,1,1,24,91
2025-12-13 06:35:27.480317,1,1,1,24,94
2025-12-13 06:35:30.888737,1,1,1,24,97
2025-12-13 06:35:33.745185,1,1,1,24,98
2025-12-13 06:35:37.554942,1,2,1,25,95
2025-12-13 06:35:40.466603,1,1,1,25,93
2025-12-13 06:35:44.378681,1,1,3,25,92
2025-12-13 06:35:47.183450,1,2,19,25,91
2025-12-13 06:35:50.044017,1,2,8,24,91
2025-12-13 06:35:53.903673,1,2,19,21,91
2025-12-13 06:35:57.214577,1,2,12,22,91
2025-12-13 06:36:01.724028,1,1,1,18,85
2025-12-13 06:36:05.534607,1,1,1,17,74
2025-12-13 06:36:08.944600,1,1,1,16,75
2025-12-13 06:36:11.806071,1,1,1,15,75
2025-12-13 06:36:14.610838,1,2,1,16,74
2025-12-13 06:36:18.472531,1,1,1,16,71
2025-12-13 06:36:21.430144,1,1,1,15,68
2025-12-13 06:36:25.791216,1,1,1,16,67
2025-12-13 06:36:28.603104,1,1,1,18,67
2025-12-13 06:36:31.514218,1,1,1,17,67
2025-12-13 06:36:34.875364,1,1,1,17,67
2025-12-13 06:36:38.639394,1,1,2,16,67
2025-12-13 06:36:41.490894,1,1,1,16,67
2025-12-13 06:36:44.399781,1,2,1,15,67
2025-12-13 06:36:47.211654,1,1,1,15,67
2025-12-13 06:36:50.095368,1,1,1,16,67
2025-12-13 06:36:53.926961,1,1,2,15,67
2025-12-13 06:36:57.246066,1,1,1,15,67
2025-12-13 06:37:00.597621,1,1,1,14,67
2025-12-13 06:37:03.508385,1,2,1,12,67
2025-12-13 06:37:06.417938,1,1,1,12,67
2025-12-13 06:37:09.228115,1,1,1,12,67
2025-12-13 06:37:13.034560,1,1,2,13,69
2025-12-13 06:37:16.896851,1,1,1,13,70
2025-12-13 06:37:20.654059,1,1,1,14,70
2025-12-13 06:37:24.462889,1,1,1,17,70
2025-12-13 06:37:27.774054,1,1,2,20,70
2025-12-13 06:37:32.633580,1,1,1,21,69
2025-12-13 06:37:36.492556,1,1,1,22,67
2025-12-13 06:37:39.802658,1,1,1,18,66
2025-12-13 06:37:43.613283,1,1,1,16,66
2025-12-13 06:37:46.530566,1,1,1,14,65
2025-12-13 06:37:50.433847,1,1,1,13,62
2025-12-13 06:37:53.243181,1,1,1,13,62
2025-12-13 06:37:56.102793,1,1,1,12,62
2025-12-13 06:37:59.961354,1,1,1,12,62
2025-12-13 06:38:03.272004,1,1,1,11,62
2025-12-13 06:38:06.079398,1,1,1,11,62
2025-12-13 06:38:08.992945,1,1,1,11,62
2025-12-13 06:38:11.849679,1,1,1,11,62
2025-12-13 06:38:14.661331,1,1,1,11,62
2025-12-13 06:38:18.520657,1,1,1,12,62
2025-12-13 06:38:21.852761,1,1,3,13,62
2025-12-13 06:38:24.676099,1,1,1,13,62
2025-12-13 06:38:27.547008,1,2,1,13,62
2025-12-13 06:38:30.459538,1,1,1,13,62
2025-12-13 06:38:33.268328,1,1,1,13,63
2025-12-13 06:38:37.076560,1,1,1,12,66
2025-12-13 06:38:40.939074,1,1,1,12,69
2025-12-13 06:38:44.247164,1,1,1,12,71
2025-12-13 06:38:47.115934,1,1,1,12,68
2025-12-13 06:38:51.015606,1,1,1,12,65
2025-12-13 06:38:53.875769,1,1,1,12,65
2025-12-13 06:38:56.688551,1,1,1,12,65
2025-12-13 06:39:00.545822,1,1,1,12,65
2025-12-13 06:39:04.905818,1,1,2,11,65
2025-12-13 06:39:08.664377,1,1,1,11,65
2025-12-13 06:39:12.525446,1,1,1,11,65
2025-12-13 06:39:15.837493,1,1,1,11,65
2025-12-13 06:39:19.647338,1,2,1,11,65
2025-12-13 06:39:24.006699,1,1,1,11,65
2025-12-13 06:39:26.867943,1,1,1,11,65
2025-12-13 06:39:30.276133,1,1,1,12,65
2025-12-13 06:39:34.138985,1,1,1,15,66
2025-12-13 06:39:37.046877,1,1,1,16,69
2025-12-13 06:39:39.857692,1,1,1,18,72
2025-12-13 06:39:43.666846,1,1,1,17,75
2025-12-13 06:39:47.576401,1,1,1,16,77
2025-12-13 06:39:50.486822,1,1,1,15,76
2025-12-13 06:39:53.293672,1,1,1,15,73
2025-12-13 06:39:56.158219,1,1,1,15,70
