Timestamp,Presence,Movement,MovingRange,BreathingRate,HeartRate
2025-12-22 21:47:24.614954,1,2,2,18,96
2025-12-22 21:47:28.527898,1,2,11,18,84
2025-12-22 21:47:31.435380,1,2,37,17,78
2025-12-22 21:47:35.349527,1,2,18,17,100
2025-12-22 21:47:38.068517,1,2,34,24,100
2025-12-22 21:47:41.013706,1,2,28,24,100
2025-12-22 21:47:45.425186,1,2,80,23,100
2025-12-22 21:47:48.236843,1,2,29,24,100
2025-12-22 21:47:51.097118,1,2,20,23,100
2025-12-22 21:47:54.951642,1,2,10,24,100
2025-12-22 21:47:58.261681,1,2,35,24,100
2025-12-22 21:48:01.620797,1,2,10,24,100
2025-12-22 21:48:04.538004,1,2,2,24,100
2025-12-22 21:48:07.443009,1,2,12,23,100
2025-12-22 21:48:10.253602,1,2,5,23,100
2025-12-22 21:48:14.061297,1,2,4,18,100
2025-12-22 21:48:17.920727,1,2,2,17,100
2025-12-22 21:48:21.281779,1,2,1,16,98
2025-12-22 21:48:24.091953,1,2,5,15,92
2025-12-22 21:48:28.000740,1,2,2,15,88
2025-12-22 21:48:30.863325,1,2,8,14,83
2025-12-22 21:48:33.722812,1,2,2,14,77
2025-12-22 21:48:37.530588,1,2,6,13,73
2025-12-22 21:48:40.840291,1,2,3,13,70
2025-12-22 21:48:43.649815,1,1,3,13,67
2025-12-22 21:48:46.559978,1,2,4,12,66
2025-12-22 21:48:49.476051,1,2,3,12,66
2025-12-22 21:48:52.282121,1,2,12,12,66
2025-12-22 21:48:56.096911,1,2,5,14,66
2025-12-22 21:48:59.950608,1,2,3,14,65
2025-12-22 21:49:03.468641,1,1,5,13,62
2025-12-22 21:49:06.274540,1,2,1,14,62
2025-12-22 21:49:09.128220,1,2,3,14,62
2025-12-22 21:49:12.987350,1,2,3,14,62
2025-12-22 21:49:16.300757,1,2,6,14,62
2025-12-22 21:49:20.608628,1,2,3,14,62
2025-12-22 21:49:24.967570,1,2,6,14,62
2025-12-22 21:49:28.278472,1,2,1,14,64
2025-12-22 21:49:32.089697,1,2,7,14,64
2025-12-22 21:49:35.947208,1,2,4,14,64
2025-12-22 21:49:39.706241,1,2,11,14,65
2025-12-22 21:49:43.566439,1,1,5,14,68
2025-12-22 21:49:47.575785,1,1,2,14,71
2025-12-22 21:49:51.487138,1,2,14,14,76
2025-12-22 21:49:54.299445,1,2,7,14,76
2025-12-22 21:49:57.157749,1,2,5,14,76
2025-12-22 21:50:01.017042,1,2,11,14,76
2025-12-22 21:50:04.354631,1,2,12,14,76
2025-12-22 21:50:07.336970,1,2,3,15,76
2025-12-22 21:50:10.146178,1,2,9,15,76
2025-12-22 21:50:13.061827,1,1,1,15,76
2025-12-22 21:50:15.919310,1,2,1,15,76
2025-12-22 21:50:18.777569,1,2,2,15,75
2025-12-22 21:50:22.635425,1,1,2,15,72
2025-12-22 21:50:25.544972,1,1,1,15,72
2025-12-22 21:50:28.856220,1,1,1,14,72
2025-12-22 21:50:32.667354,1,2,1,13,72
2025-12-22 21:50:37.044574,1,1,1,13,72
2025-12-22 21:50:40.331826,1,1,1,13,72
2025-12-22 21:50:44.144083,1,2,1,15,72
2025-12-22 21:50:48.007040,1,2,1,17,72
2025-12-22 21:50:51.967776,1,2,1,19,72
2025-12-22 21:50:54.772857,1,1,6,20,72
2025-12-22 21:50:58.636782,1,2,19,20,72
2025-12-22 21:51:01.552267,1,2,7,18,72
2025-12-22 21:51:04.358423,1,2,7,18,72
2025-12-22 21:51:08.163493,1,2,8,16,72
2025-12-22 21:51:11.538675,1,1,2,15,72
2025-12-22 21:51:14.333109,1,2,5,15,70
2025-12-22 21:51:17.242398,1,2,3,15,70
2025-12-22 21:51:20.102781,1,1,1,14,70
2025-12-22 21:51:22.918904,1,1,1,14,70
2025-12-22 21:51:26.722762,1,2,3,14,71
2025-12-22 21:51:29.634348,1,2,1,14,71
2025-12-22 21:51:33.562086,1,2,2,14,71
2025-12-22 21:51:36.359059,1,2,2,14,71
2025-12-22 21:51:39.214305,1,1,4,14,68
2025-12-22 21:51:43.082023,1,2,2,14,65
2025-12-22 21:51:46.383163,1,1,1,14,65
2025-12-22 21:51:49.203342,1,2,4,14,65
2025-12-22 21:51:52.106152,1,1,1,14,65
2025-12-22 21:51:54.965267,1,1,4,15,65
2025-12-22 21:51:57.826869,1,2,2,15,65
2025-12-22 21:52:01.633858,1,2,1,15,65
2025-12-22 21:52:04.944596,1,1,1,15,65
2025-12-22 21:52:07.757977,1,2,3,15,65
2025-12-22 21:52:10.675224,1,2,4,15,65
2025-12-22 21:52:13.575211,1,2,5,15,65
2025-12-22 21:52:16.384713,1,1,9,15,65
2025-12-22 21:52:20.192227,1,2,26,15,65
2025-12-22 21:52:24.060575,1,2,15,23,65
2025-12-22 21:52:27.573399,1,2,3,23,100
2025-12-22 21:52:30.379898,1,2,6,24,100
2025-12-22 21:52:33.236897,1,2,7,23,100
2025-12-22 21:52:37.094304,1,2,3,24,100
2025-12-22 21:52:40.402118,1,2,6,24,100
2025-12-22 21:52:44.211935,1,2,7,21,100
2025-12-22 21:52:47.122710,1,2,4,20,100
2025-12-22 21:52:49.930334,1,2,6,19,100
2025-12-22 21:52:55.795190,1,1,1,18,90
2025-12-22 21:52:58.704716,1,2,1,17,86
2025-12-22 21:53:01.618584,1,1,1,17,83
2025-12-22 21:53:04.439815,1,2,5,17,80
2025-12-22 21:53:07.239077,1,2,7,16,78
2025-12-22 21:53:10.144227,1,2,2,16,78
2025-12-22 21:53:13.005432,1,2,3,16,78
2025-12-22 21:53:15.816551,1,2,2,16,78
2025-12-22 21:53:19.675733,1,2,1,16,78
2025-12-22 21:53:22.987340,1,2,5,16,78
2025-12-22 21:53:25.846519,1,2,1,16,78
2025-12-22 21:53:28.706496,1,2,7,16,78
2025-12-22 21:53:31.633401,1,1,5,16,78
2025-12-22 21:53:34.421676,1,1,4,16,78
2025-12-22 21:53:38.732998,1,1,6,16,78
2025-12-22 21:53:42.091563,1,2,4,16,78
2025-12-22 21:53:45.420588,1,2,9,16,78
2025-12-22 21:53:48.263598,1,2,6,16,78
2025-12-22 21:53:52.172890,1,2,1,16,78
2025-12-22 21:53:55.031925,1,2,5,16,76
2025-12-22 21:53:57.844934,1,1,3,16,73
2025-12-22 21:54:01.702657,1,1,1,16,73
2025-12-22 21:54:04.630789,1,2,1,16,73
2025-12-22 21:54:07.421828,1,2,1,16,73
2025-12-22 21:54:11.330331,1,2,3,16,73
2025-12-22 21:54:14.202774,1,2,2,16,72
2025-12-22 21:54:17.007565,1,2,3,16,72
2025-12-22 21:54:21.370719,1,2,4,16,72
2025-12-22 21:54:25.682881,1,1,5,16,72
2025-12-22 21:54:28.985755,1,1,3,16,69
2025-12-22 21:54:32.802745,1,2,4,16,66
2025-12-22 21:54:37.158087,1,1,1,16,65
2025-12-22 21:54:40.462861,1,1,2,16,65
2025-12-22 21:54:44.289504,1,2,5,16,65
2025-12-22 21:54:47.234533,1,2,5,16,65
2025-12-22 21:54:52.160206,1,2,2,16,62
2025-12-22 21:54:55.054243,1,1,1,15,62
2025-12-22 21:54:57.865044,1,2,2,15,62
2025-12-22 21:55:01.721750,1,2,2,15,62
2025-12-22 21:55:05.034493,1,2,1,15,62
2025-12-22 21:55:08.841838,1,2,4,15,62
2025-12-22 21:55:11.753519,1,1,5,15,62
2025-12-22 21:55:15.663402,1,2,1,15,66
2025-12-22 21:55:18.472408,1,2,2,15,69
2025-12-22 21:55:21.380861,1,2,2,15,70
2025-12-22 21:55:25.196723,1,2,1,15,70
2025-12-22 21:55:29.705955,1,1,3,15,70
2025-12-22 21:55:33.064158,1,2,7,15,70
2025-12-22 21:55:35.872629,1,2,4,17,70
2025-12-22 21:55:38.816389,1,2,2,18,70
2025-12-22 21:55:42.147185,1,2,2,18,70
2025-12-22 21:55:45.919066,1,2,4,17,70
2025-12-22 21:55:48.812774,1,2,5,17,68
2025-12-22 21:55:52.222549,1,2,4,17,66
2025-12-22 21:55:55.082803,1,2,1,16,66
2025-12-22 21:55:57.891914,1,2,4,16,66
2025-12-22 21:56:01.764398,1,2,3,15,66
2025-12-22 21:56:05.062833,1,2,2,15,66
2025-12-22 21:56:08.876292,1,1,3,16,66
2025-12-22 21:56:11.786391,1,1,4,16,66
2025-12-22 21:56:15.698986,1,1,3,16,65
2025-12-22 21:56:18.510238,1,1,1,17,65
2025-12-22 21:56:21.366229,1,2,2,17,65
2025-12-22 21:56:25.248130,1,1,5,17,62
2025-12-22 21:56:28.134073,1,2,1,17,62
2025-12-22 21:56:30.893831,1,2,2,17,62
2025-12-22 21:56:34.803367,1,2,1,16,62
2025-12-22 21:56:37.719306,1,2,2,16,62
2025-12-22 21:56:40.525237,1,2,1,16,62
2025-12-22 21:56:44.334917,1,2,1,16,62
2025-12-22 21:56:47.794104,1,2,1,17,62
2025-12-22 21:56:51.704973,1,1,1,17,62
2025-12-22 21:56:54.514250,1,2,7,18,62
2025-12-22 21:56:57.426341,1,1,1,18,62
2025-12-22 21:57:01.235437,1,2,1,18,62
2025-12-22 21:57:04.574464,1,2,4,19,62
2025-12-22 21:57:07.955751,1,2,1,20,62
2025-12-22 21:57:10.815098,1,2,7,21,62
2025-12-22 21:57:13.725584,1,2,3,20,62
2025-12-22 21:57:16.535527,1,2,7,20,62
2025-12-22 21:57:20.845325,1,2,1,20,64
2025-12-22 21:57:24.210490,1,2,4,20,67
2025-12-22 21:57:27.515599,1,2,2,20,73
2025-12-22 21:57:30.377010,1,2,6,20,76
2025-12-22 21:57:34.289658,1,2,1,19,77
2025-12-22 21:57:37.146224,1,2,1,19,77
2025-12-22 21:57:40.009461,1,2,1,18,76
2025-12-22 21:57:43.815356,1,2,1,18,73
2025-12-22 21:57:47.128584,1,2,1,18,70
2025-12-22 21:57:49.936596,1,2,3,18,69
2025-12-22 21:57:52.850780,1,2,1,18,69
2025-12-22 21:57:55.778762,1,2,3,18,69
2025-12-22 21:57:58.567853,1,2,5,18,70
2025-12-22 21:58:02.374798,1,2,7,18,73
2025-12-22 21:58:05.824801,1,2,6,18,76
2025-12-22 21:58:09.148755,1,2,5,18,77
2025-12-22 21:58:11.955226,1,1,3,18,77
2025-12-22 21:58:14.864515,1,1,3,18,77
2025-12-22 21:58:18.226794,1,2,1,18,77
2025-12-22 21:58:22.042973,1,2,4,17,77
2025-12-22 21:58:25.447443,1,2,4,17,77
2025-12-22 21:58:28.308163,1,2,5,17,77
2025-12-22 21:58:31.172024,1,2,10,17,77
2025-12-22 21:58:33.976883,1,2,1,17,77
2025-12-22 21:58:37.840644,1,1,4,16,77
2025-12-22 21:58:41.146604,1,2,5,16,77
2025-12-22 21:58:43.956333,1,2,9,16,77
2025-12-22 21:58:46.866103,1,1,3,16,76
2025-12-22 21:58:49.777145,1,1,8,16,72
2025-12-22 21:58:52.590586,1,2,3,16,71
2025-12-22 21:58:56.397565,1,1,1,17,71
2025-12-22 21:59:00.258675,1,2,5,17,70
2025-12-22 21:59:03.633985,1,2,3,17,65
2025-12-22 21:59:06.426229,1,1,2,17,65
2025-12-22 21:59:10.334359,1,2,5,17,65
2025-12-22 21:59:13.195025,1,2,3,17,65
2025-12-22 21:59:16.004848,1,2,4,17,65
2025-12-22 21:59:19.865901,1,1,1,17,65
2025-12-22 21:59:23.877571,1,1,2,17,65
2025-12-22 21:59:27.786067,1,1,2,17,64
2025-12-22 21:59:30.599637,1,2,3,17,64
2025-12-22 21:59:33.512327,1,1,1,17,64
2025-12-22 21:59:37.322674,1,2,4,17,64
2025-12-22 21:59:40.629695,1,1,1,17,62
2025-12-22 21:59:43.985829,1,1,5,17,62
2025-12-22 21:59:46.896771,1,2,1,17,62
2025-12-22 21:59:49.807478,1,2,4,17,62
2025-12-22 21:59:52.614717,1,2,3,17,62
2025-12-22 21:59:56.422120,1,1,4,17,62
2025-12-22 22:00:00.284567,1,1,1,17,62
2025-12-22 22:00:05.849002,1,1,4,16,62
2025-12-22 22:00:09.208074,1,2,1,16,62
2025-12-22 22:00:12.015626,1,2,2,16,62
2025-12-22 22:00:14.928256,1,2,7,16,62
2025-12-22 22:00:18.291987,1,2,6,16,62
2025-12-22 22:00:22.098629,1,1,7,16,62
2025-12-22 22:00:24.956247,1,2,2,16,62
2025-12-22 22:00:28.867746,1,1,5,16,62
2025-12-22 22:00:32.175889,1,2,9,16,62
2025-12-22 22:00:37.499194,1,2,1,16,62
2025-12-22 22:00:40.397310,1,2,5,16,62
2025-12-22 22:00:43.258864,1,2,7,16,62
2025-12-22 22:00:46.668942,1,2,1,16,62
2025-12-22 22:00:49.479636,1,2,5,16,62
2025-12-22 22:00:52.399058,1,2,6,16,62
2025-12-22 22:00:55.247184,1,2,6,16,62
2025-12-22 22:00:58.105127,1,2,2,16,62
2025-12-22 22:01:01.917287,1,2,1,16,62
2025-12-22 22:01:07.376984,1,1,1,16,62
2025-12-22 22:01:10.236959,1,2,5,16,62
2025-12-22 22:01:13.095562,1,2,2,16,62
2025-12-22 22:01:16.955376,1,1,4,16,65
2025-12-22 22:01:19.867540,1,1,1,16,68
2025-12-22 22:01:22.676295,1,2,1,16,71
2025-12-22 22:01:26.484837,1,2,1,16,70
2025-12-22 22:01:29.394664,1,2,4,16,67
2025-12-22 22:01:32.203943,1,2,6,16,64
2025-12-22 22:01:37.018738,1,2,4,16,63
2025-12-22 22:01:40.434241,1,1,1,16,63
2025-12-22 22:01:43.292444,1,2,3,16,63
2025-12-22 22:01:47.097204,1,2,1,16,63
2025-12-22 22:01:49.966290,1,2,8,16,63
2025-12-22 22:01:52.879854,1,1,5,16,63
2025-12-22 22:01:55.678724,1,1,4,16,63
2025-12-22 22:01:59.541028,1,1,1,16,63
2025-12-22 22:02:02.447542,1,2,2,16,63
2025-12-22 22:02:06.308709,1,2,1,16,63
2025-12-22 22:02:09.119512,1,2,7,16,63
2025-12-22 22:02:11.981860,1,2,5,16,63
2025-12-22 22:02:15.889773,1,1,2,16,63
2025-12-22 22:02:18.704649,1,2,3,16,63
2025-12-22 22:02:21.566261,1,2,2,16,63
2025-12-22 22:02:24.468002,1,2,3,16,63
2025-12-22 22:02:27.882003,1,2,7,16,62
2025-12-22 22:02:30.689110,1,2,3,16,62
2025-12-22 22:02:33.592715,1,2,2,16,62
2025-12-22 22:02:37.410500,1,1,1,16,62
2025-12-22 22:02:40.720704,1,2,1,16,62
2025-12-22 22:02:44.082266,1,2,3,17,62
2025-12-22 22:02:47.000652,1,2,5,17,62
2025-12-22 22:02:49.900290,1,2,3,17,62
2025-12-22 22:02:52.709382,1,2,6,17,62
2025-12-22 22:02:56.518521,1,1,1,17,62
2025-12-22 22:03:00.382446,1,2,1,17,62
2025-12-22 22:03:04.340368,1,2,1,17,62
2025-12-22 22:03:07.101301,1,2,2,17,62
2025-12-22 22:03:11.010563,1,2,4,17,62
2025-12-22 22:03:13.917899,1,2,4,17,62
2025-12-22 22:03:16.727199,1,1,3,17,62
2025-12-22 22:03:20.534962,1,2,2,17,62
2025-12-22 22:03:24.396471,1,1,1,16,62
2025-12-22 22:03:29.940066,1,1,2,16,62
2025-12-22 22:03:30.728508,1,1,4,16,62
2025-12-22 22:03:33.574928,1,2,1,15,62
2025-12-22 22:03:37.436868,1,2,5,15,62
2025-12-22 22:03:40.752742,1,2,6,15,62
2025-12-22 22:03:45.067848,1,1,1,15,62
2025-12-22 22:03:49.429526,1,1,2,15,62
2025-12-22 22:03:52.730015,1,2,8,15,62
2025-12-22 22:03:57.038933,1,2,5,15,62
2025-12-22 22:04:00.398341,1,2,7,15,62
2025-12-22 22:04:04.161181,1,2,5,15,62
2025-12-22 22:04:08.020528,1,2,1,16,62
2025-12-22 22:04:11.944785,1,2,1,16,62
2025-12-22 22:04:13.738228,1,2,2,16,62
2025-12-22 22:04:17.651972,1,2,4,16,62
2025-12-22 22:04:20.509271,1,2,5,16,62
2025-12-22 22:04:23.317370,1,1,1,16,62
2025-12-22 22:04:27.126693,1,2,3,16,62
2025-12-22 22:04:30.060952,1,2,4,16,62
2025-12-22 22:04:34.002426,1,2,5,16,62
2025-12-22 22:04:36.759106,1,2,1,16,62
2025-12-22 22:04:39.669834,1,2,12,16,62
2025-12-22 22:04:43.484105,1,1,3,16,62
2025-12-22 22:04:46.788567,1,1,4,16,62
2025-12-22 22:04:49.599209,1,1,2,16,62
2025-12-22 22:04:52.510703,1,1,1,16,62
2025-12-22 22:04:55.370712,1,2,5,16,62
2025-12-22 22:04:58.180092,1,2,10,16,62
2025-12-22 22:05:02.059809,1,1,4,16,62
2025-12-22 22:05:07.504104,1,2,9,16,62
2025-12-22 22:05:10.365156,1,2,11,16,62
2025-12-22 22:05:13.174412,1,1,2,16,62
2025-12-22 22:05:17.099402,1,2,3,16,62
2025-12-22 22:05:19.992025,1,2,1,15,62
2025-12-22 22:05:22.801961,1,2,8,15,62
2025-12-22 22:05:26.163350,1,2,4,15,62
2025-12-22 22:05:30.079484,1,2,8,15,62
2025-12-22 22:05:33.991282,1,1,3,15,62
2025-12-22 22:05:36.809036,1,1,3,15,62
2025-12-22 22:05:39.701487,1,2,5,15,62
2025-12-22 22:05:43.512723,1,2,3,15,62
2025-12-22 22:05:47.027224,1,2,5,15,62
2025-12-22 22:05:50.335270,1,2,4,15,62
2025-12-22 22:05:54.197158,1,1,3,14,62
2025-12-22 22:05:57.111496,1,2,3,14,62
2025-12-22 22:06:00.470299,1,2,8,14,62
2025-12-22 22:06:04.223441,1,2,4,14,62
2025-12-22 22:06:07.637158,1,2,4,14,62
2025-12-22 22:06:10.545507,1,2,2,14,62
2025-12-22 22:06:13.417190,1,2,4,14,63
2025-12-22 22:06:16.217002,1,2,1,14,63
2025-12-22 22:06:20.084211,1,1,9,14,64
2025-12-22 22:06:23.387033,1,2,12,18,67
2025-12-22 22:06:26.801747,1,2,5,17,70
2025-12-22 22:06:31.956440,1,2,1,16,73
2025-12-22 22:06:32.566472,1,2,3,16,73
2025-12-22 22:06:35.389542,1,2,5,15,73
2025-12-22 22:06:39.186447,1,1,4,15,73
2025-12-22 22:06:43.049447,1,2,3,15,73
2025-12-22 22:06:46.439108,1,1,1,15,73
2025-12-22 22:06:49.218147,1,2,2,15,73
2025-12-22 22:06:53.129281,1,2,3,15,71
2025-12-22 22:06:56.038730,1,2,3,14,70
2025-12-22 22:06:58.846680,1,2,3,14,70
2025-12-22 22:07:02.659948,1,1,4,14,70
2025-12-22 22:07:05.571654,1,1,1,14,70
2025-12-22 22:07:08.378775,1,1,1,14,70
2025-12-22 22:07:12.288879,1,2,1,14,68
2025-12-22 22:07:15.149306,1,2,2,14,65
2025-12-22 22:07:18.508414,1,2,3,14,62
2025-12-22 22:07:22.321903,1,2,3,14,62
2025-12-22 22:07:25.131190,1,1,2,14,62
2025-12-22 22:07:28.038118,1,2,1,14,62
2025-12-22 22:07:30.847989,1,2,7,14,64
2025-12-22 22:07:33.759555,1,2,3,14,64
2025-12-22 22:07:37.569941,1,2,4,14,64
2025-12-22 22:07:42.530914,1,1,1,14,63
2025-12-22 22:07:45.441233,1,2,3,14,63
2025-12-22 22:07:48.248865,1,2,1,14,63
2025-12-22 22:07:51.164973,1,2,5,14,63
2025-12-22 22:07:54.523118,1,1,4,14,63
2025-12-22 22:07:58.282920,1,1,3,14,63
2025-12-22 22:08:01.692350,1,2,4,14,63
2025-12-22 22:08:04.608320,1,2,4,14,63
2025-12-22 22:08:07.491723,1,2,5,14,66
2025-12-22 22:08:10.272958,1,1,2,14,63
2025-12-22 22:08:14.142280,1,2,4,14,63
2025-12-22 22:08:17.442936,1,1,2,14,63
2025-12-22 22:08:21.403635,1,2,4,14,63
2025-12-22 22:08:25.714037,1,2,1,14,63
2025-12-22 22:08:28.630814,1,2,5,14,63
2025-12-22 22:08:31.493389,1,2,9,14,63
2025-12-22 22:08:34.309734,1,1,4,14,63
2025-12-22 22:08:38.155828,1,2,1,14,63
2025-12-22 22:08:42.478515,1,2,1,14,63
2025-12-22 22:08:44.272455,1,2,3,14,62
2025-12-22 22:08:47.186115,1,1,4,14,62
2025-12-22 22:08:50.096957,1,2,1,14,62
2025-12-22 22:08:52.911439,1,2,8,14,62
2025-12-22 22:08:57.218051,1,2,3,14,63
2025-12-22 22:09:01.575394,1,2,2,14,67
2025-12-22 22:09:04.889871,1,2,7,14,67
2025-12-22 22:09:09.198877,1,2,9,14,67
2025-12-22 22:09:12.556875,1,2,5,14,67
2025-12-22 22:09:16.321051,1,2,2,14,66
2025-12-22 22:09:20.178259,1,2,3,14,66
2025-12-22 22:09:23.638583,1,2,2,14,66
2025-12-22 22:09:26.445186,1,2,3,14,64
2025-12-22 22:09:30.354932,1,1,2,14,64
2025-12-22 22:09:33.217246,1,2,1,14,64
2025-12-22 22:09:36.577352,1,2,10,14,64
2025-12-22 22:09:40.341327,1,2,1,14,63
2025-12-22 22:09:43.254413,1,1,1,14,62
2025-12-22 22:09:47.158993,1,1,3,14,62
2025-12-22 22:09:50.467703,1,2,1,14,62
2025-12-22 22:09:54.376873,1,2,2,14,62
2025-12-22 22:09:57.239151,1,2,6,14,62
2025-12-22 22:10:00.599302,1,1,2,14,62
2025-12-22 22:10:04.106821,1,1,2,14,62
2025-12-22 22:10:06.917927,1,2,1,14,65
2025-12-22 22:10:09.779914,1,2,7,14,67
2025-12-22 22:10:13.643863,1,2,6,14,67
2025-12-22 22:10:16.949153,1,2,6,14,67
2025-12-22 22:10:20.764794,1,2,5,14,67
2025-12-22 22:10:23.667310,1,2,1,14,67
2025-12-22 22:10:26.477502,1,2,4,14,67
2025-12-22 22:10:31.789811,1,2,2,14,67
2025-12-22 22:10:34.702298,1,2,2,14,67
2025-12-22 22:10:37.559551,1,1,1,14,67
2025-12-22 22:10:40.423081,1,2,4,14,67
2025-12-22 22:10:43.229886,1,2,4,14,67
2025-12-22 22:10:46.139790,1,1,2,14,67
2025-12-22 22:10:48.950474,1,2,3,14,67
2025-12-22 22:10:51.862340,1,2,2,14,67
2025-12-22 22:10:55.674189,1,2,2,14,67
2025-12-22 22:10:58.986591,1,1,1,14,67
2025-12-22 22:11:01.845743,1,1,6,14,67
2025-12-22 22:11:04.707949,1,2,6,14,67
2025-12-22 22:11:07.565962,1,2,5,14,68
2025-12-22 22:11:10.424490,1,1,2,14,68
2025-12-22 22:11:14.232370,1,2,3,14,68
2025-12-22 22:11:17.193474,1,2,3,14,68
2025-12-22 22:11:20.501900,1,2,8,14,68
2025-12-22 22:11:24.363110,1,2,8,14,68
2025-12-22 22:11:27.290792,1,2,4,14,68
2025-12-22 22:11:30.632469,1,2,3,14,68
2025-12-22 22:11:34.395204,1,2,3,14,68
2025-12-22 22:11:37.305357,1,2,2,14,68
2025-12-22 22:11:40.713686,1,2,3,14,68
2025-12-22 22:11:43.580066,1,2,3,14,69
2025-12-22 22:11:46.435761,1,1,1,14,70
2025-12-22 22:11:50.243138,1,2,4,14,70
2025-12-22 22:11:53.548838,1,2,3,14,70
2025-12-22 22:11:57.911419,1,2,2,14,70
2025-12-22 22:12:02.225817,1,2,2,14,70
2025-12-22 22:12:05.531536,1,2,2,14,69
2025-12-22 22:12:09.897931,1,2,1,14,63
2025-12-22 22:12:13.705581,1,2,2,14,62
2025-12-22 22:12:17.012290,1,2,5,14,62
2025-12-22 22:12:21.322285,1,2,4,14,62
2025-12-22 22:12:25.686373,1,2,4,14,62
2025-12-22 22:12:28.997935,1,2,4,14,64
2025-12-22 22:12:32.808435,1,1,1,14,67
2025-12-22 22:12:36.670815,1,1,4,14,67
2025-12-22 22:12:40.424152,1,1,6,14,67
2025-12-22 22:12:44.282140,1,2,1,14,67
2025-12-22 22:12:47.194574,1,2,1,14,67
2025-12-22 22:12:50.003859,1,2,4,14,67
2025-12-22 22:12:53.868902,1,2,6,14,67
2025-12-22 22:12:56.774043,1,1,1,14,67
2025-12-22 22:12:59.587295,1,2,3,14,67
2025-12-22 22:13:04.046102,1,2,3,14,67
2025-12-22 22:13:07.308638,1,2,8,14,67
2025-12-22 22:13:10.217142,1,1,4,14,67
2025-12-22 22:13:13.027151,1,2,4,14,67
2025-12-22 22:13:15.885841,1,2,4,14,67
2025-12-22 22:13:19.750628,1,2,3,14,67
2025-12-22 22:13:22.657601,1,2,3,14,67
2025-12-22 22:13:25.468300,1,2,1,14,67
2025-12-22 22:13:29.326254,1,2,2,14,67
2025-12-22 22:13:32.236521,1,2,2,14,67
2025-12-22 22:13:35.054499,1,1,22,14,67
2025-12-22 22:13:38.855699,1,2,8,14,69
2025-12-22 22:13:42.267332,1,2,16,14,72
2025-12-22 22:13:45.654921,1,2,12,23,100
2025-12-22 22:13:48.442061,1,2,1,23,100
2025-12-22 22:13:51.358228,1,2,1,24,100
2025-12-22 22:13:54.710076,1,1,2,23,100
2025-12-22 22:13:58.478836,1,1,1,23,100
2025-12-22 22:14:01.377395,1,1,1,24,100
2025-12-22 22:14:04.791765,1,2,1,22,100
2025-12-22 22:14:07.648708,1,2,3,21,100
2025-12-22 22:14:10.459391,1,2,2,20,100
2025-12-22 22:14:14.335682,1,1,2,20,94
2025-12-22 22:14:17.638780,1,1,1,19,88
2025-12-22 22:14:22.088458,1,1,2,19,77
2025-12-22 22:14:25.352556,1,1,2,19,74
2025-12-22 22:14:28.255814,1,1,2,19,71
2025-12-22 22:14:31.566279,1,2,1,19,70
2025-12-22 22:14:34.378095,1,2,1,19,70
2025-12-22 22:14:37.292644,1,2,2,19,69
2025-12-22 22:14:41.797801,1,2,2,18,69
2025-12-22 22:14:44.607123,1,2,1,17,69
2025-12-22 22:14:49.419591,1,2,2,16,69
2025-12-22 22:14:52.833290,1,1,1,16,70
2025-12-22 22:14:55.690709,1,1,1,15,73
2025-12-22 22:14:58.502680,1,1,1,15,76
2025-12-22 22:15:01.870721,1,1,1,15,79
2025-12-22 22:15:05.273380,1,2,1,15,77
2025-12-22 22:15:08.083306,1,1,2,15,74
2025-12-22 22:15:11.945693,1,1,1,15,73
2025-12-22 22:15:14.856470,1,1,1,15,74
2025-12-22 22:15:18.770549,1,1,1,15,77
2025-12-22 22:15:22.074947,1,1,2,15,81
2025-12-22 22:15:24.989089,1,1,1,15,81
2025-12-22 22:15:29.398085,1,1,1,15,81
2025-12-22 22:15:32.310969,1,2,1,15,81
2025-12-22 22:15:35.126065,1,1,2,15,81
2025-12-22 22:15:38.930326,1,1,2,15,80
2025-12-22 22:15:41.839816,1,1,1,15,76
2025-12-22 22:15:44.652250,1,1,1,15,71
2025-12-22 22:15:48.533536,1,1,1,15,68
2025-12-22 22:15:51.422510,1,1,1,15,65
2025-12-22 22:15:54.737052,1,1,1,15,63
2025-12-22 22:15:57.495746,1,2,1,15,63
2025-12-22 22:16:00.402921,1,1,2,15,65
2025-12-22 22:16:04.313816,1,1,1,15,65
2025-12-22 22:16:07.123993,1,1,1,14,65
2025-12-22 22:16:09.984574,1,1,2,16,66
2025-12-22 22:16:14.397261,1,1,1,18,69
2025-12-22 22:16:17.310385,1,1,1,20,72
2025-12-22 22:16:20.121622,1,1,1,20,75
2025-12-22 22:16:23.976555,1,1,1,22,78
2025-12-22 22:16:26.886108,1,1,1,23,81
2025-12-22 22:16:29.692629,1,1,1,24,81
2025-12-22 22:16:34.057863,1,1,1,24,81
2025-12-22 22:16:38.415151,1,1,1,25,81
2025-12-22 22:16:41.324676,1,1,1,25,81
2025-12-22 22:16:44.152044,1,1,1,25,81
2025-12-22 22:16:47.997864,1,1,2,25,81
2025-12-22 22:16:50.908527,1,2,2,25,81
2025-12-22 22:16:54.365233,1,1,1,25,81
2025-12-22 22:16:57.732201,1,1,1,25,81
2025-12-22 22:17:00.586365,1,1,1,24,81
2025-12-22 22:17:03.449128,1,2,2,23,81
2025-12-22 22:17:06.808621,1,1,1,22,81
2025-12-22 22:17:10.569845,1,1,1,22,81
2025-12-22 22:17:13.483252,1,2,1,21,81
2025-12-22 22:17:16.900698,1,1,2,21,81
2025-12-22 22:17:19.747335,1,1,1,21,81
2025-12-22 22:17:22.557305,1,1,1,22,81
2025-12-22 22:17:26.416196,1,1,1,23,81
2025-12-22 22:17:29.726839,1,1,1,22,81
2025-12-22 22:17:33.687552,1,1,2,21,80
2025-12-22 22:17:37.504538,1,1,3,20,78
2025-12-22 22:17:40.910805,1,2,2,19,81
2025-12-22 22:17:43.770773,1,1,1,20,81
2025-12-22 22:17:46.579861,1,1,1,19,81
2025-12-22 22:17:50.441554,1,1,1,20,81
2025-12-22 22:17:53.349522,1,1,1,22,81
2025-12-22 22:17:56.159059,1,1,2,22,81
2025-12-22 22:18:00.070054,1,1,1,19,81
2025-12-22 22:18:02.938564,1,1,1,20,81
2025-12-22 22:18:05.739055,1,1,1,19,81
2025-12-22 22:18:09.553124,1,1,2,19,79
2025-12-22 22:18:12.461666,1,1,1,20,79
2025-12-22 22:18:16.369670,1,1,1,18,79
2025-12-22 22:18:19.190925,1,1,1,17,76
2025-12-22 22:18:22.051212,1,1,1,16,73
2025-12-22 22:18:25.897022,1,1,1,15,73
2025-12-22 22:18:29.206664,1,1,1,15,73
2025-12-22 22:18:32.572247,1,1,1,15,73
2025-12-22 22:18:35.476710,1,1,2,14,73
2025-12-22 22:18:38.387176,1,1,1,14,73
2025-12-22 22:18:41.199133,1,1,1,14,73
2025-12-22 22:18:45.007800,1,1,1,15,73
2025-12-22 22:18:48.866388,1,1,1,15,73
2025-12-22 22:18:52.233449,1,1,1,15,73
2025-12-22 22:18:55.035760,1,2,1,15,73
2025-12-22 22:18:58.950423,1,1,1,15,73
2025-12-22 22:19:01.847254,1,1,1,15,73
2025-12-22 22:19:04.668356,1,1,1,15,73
2025-12-22 22:19:08.477890,1,1,1,15,73
2025-12-22 22:19:12.438986,1,1,1,15,75
2025-12-22 22:19:15.799188,1,1,1,15,79
2025-12-22 22:19:18.612543,1,2,1,15,79
2025-12-22 22:19:21.518307,1,1,1,15,79
2025-12-22 22:19:24.879585,1,1,1,15,79
2025-12-22 22:19:28.640395,1,1,1,15,79
2025-12-22 22:19:32.507640,1,1,1,15,79
2025-12-22 22:19:35.453662,1,1,1,15,77
2025-12-22 22:19:40.037381,1,1,1,15,76
2025-12-22 22:19:42.126914,1,1,1,15,78
2025-12-22 22:19:44.988749,1,1,1,15,78
2025-12-22 22:19:47.798577,1,1,1,15,78
2025-12-22 22:19:51.611500,1,1,1,15,78
2025-12-22 22:19:54.519434,1,1,1,16,78
2025-12-22 22:19:58.428847,1,1,1,17,81
2025-12-22 22:20:01.235954,1,1,1,18,81
2025-12-22 22:20:04.098804,1,1,1,19,81
2025-12-22 22:20:07.959033,1,1,1,18,81
2025-12-22 22:20:11.274551,1,1,1,17,81
2025-12-22 22:20:14.126363,1,1,1,16,81
2025-12-22 22:20:16.995660,1,1,1,15,81
2025-12-22 22:20:19.845049,1,1,2,15,81
2025-12-22 22:20:22.656214,1,1,1,15,81
2025-12-22 22:20:26.520108,1,1,1,14,81
2025-12-22 22:20:29.824564,1,1,1,14,81
2025-12-22 22:20:32.635698,1,1,1,14,81
2025-12-22 22:20:35.593252,1,2,1,14,81
2025-12-22 22:20:38.466005,1,1,2,14,81
2025-12-22 22:20:41.264290,1,1,1,14,81
2025-12-22 22:20:45.582083,1,1,1,14,81
2025-12-22 22:20:48.934610,1,2,1,14,81
2025-12-22 22:20:52.444510,1,1,1,14,85
2025-12-22 22:20:55.259244,1,1,2,14,88
2025-12-22 22:20:58.116736,1,1,1,14,89
2025-12-22 22:21:01.974295,1,1,1,14,89
2025-12-22 22:21:05.285388,1,1,1,14,89
2025-12-22 22:21:09.098869,1,2,1,14,89
2025-12-22 22:21:12.003309,1,1,1,14,89
2025-12-22 22:21:14.820197,1,1,1,14,89
2025-12-22 22:21:18.673704,1,1,1,14,90
2025-12-22 22:21:21.583766,1,1,1,14,90
2025-12-22 22:21:24.957975,1,1,1,14,90
2025-12-22 22:21:28.705597,1,1,1,14,90
2025-12-22 22:21:31.569095,1,2,1,14,90
2025-12-22 22:21:34.474551,1,1,1,14,90
2025-12-22 22:21:37.284308,1,1,1,14,90
2025-12-22 22:21:40.147246,1,2,1,14,90
2025-12-22 22:21:44.006690,1,1,1,14,90
2025-12-22 22:21:47.315834,1,1,1,14,90
2025-12-22 22:21:50.176039,1,1,1,14,90
2025-12-22 22:21:53.033576,1,1,1,14,90
2025-12-22 22:21:55.890745,1,1,1,14,90
2025-12-22 22:21:58.701038,1,1,1,14,90
2025-12-22 22:22:02.560204,1,1,1,14,90
2025-12-22 22:22:05.871596,1,1,1,14,90
2025-12-22 22:22:09.330239,1,1,1,14,90
2025-12-22 22:22:12.141773,1,1,1,14,90
2025-12-22 22:22:15.052148,1,1,1,14,87
2025-12-22 22:22:17.868878,1,1,1,14,84
2025-12-22 22:22:21.670641,1,1,1,14,87
2025-12-22 22:22:26.030886,1,1,1,14,88
2025-12-22 22:22:28.967745,1,1,1,14,85
2025-12-22 22:22:31.698433,1,1,1,14,82
2025-12-22 22:22:35.610676,1,1,1,14,81
2025-12-22 22:22:38.519086,1,1,1,14,81
2025-12-22 22:22:41.327719,1,1,1,14,77
2025-12-22 22:22:45.138882,1,1,1,14,73
2025-12-22 22:22:48.996155,1,1,1,14,70
2025-12-22 22:22:52.507584,1,1,1,14,66
2025-12-22 22:22:55.315970,1,1,1,14,66
2025-12-22 22:23:00.053558,1,1,1,14,66
2025-12-22 22:23:02.050601,1,1,1,14,66
2025-12-22 22:23:05.352652,1,1,1,14,66
2025-12-22 22:23:09.155845,1,1,1,14,66
2025-12-22 22:23:12.068347,1,1,1,14,66
2025-12-22 22:23:14.875319,1,1,1,14,66
2025-12-22 22:23:18.743881,1,1,1,14,66
2025-12-22 22:23:21.647773,1,1,1,14,66
2025-12-22 22:23:25.005477,1,1,1,14,66
2025-12-22 22:23:28.775744,1,1,1,14,62
2025-12-22 22:23:32.575123,1,1,1,14,62
2025-12-22 22:23:35.884755,1,1,1,14,62
2025-12-22 22:23:39.695724,1,2,1,14,62
2025-12-22 22:23:44.055500,1,1,1,14,62
2025-12-22 22:23:47.364583,1,1,2,14,62
2025-12-22 22:23:51.173569,1,1,1,14,62
2025-12-22 22:23:54.137024,1,1,1,14,62
2025-12-22 22:23:58.544705,1,1,1,14,62
2025-12-22 22:24:01.384917,1,1,1,14,63
2025-12-22 22:24:04.217864,1,1,1,14,66
2025-12-22 22:24:08.074531,1,1,1,14,66
2025-12-22 22:24:11.382678,1,1,1,14,63
2025-12-22 22:24:14.744981,1,1,1,14,63
2025-12-22 22:24:17.662400,1,1,1,14,64
2025-12-22 22:24:20.580323,1,1,1,14,64
2025-12-22 22:24:23.374231,1,1,1,14,64
2025-12-22 22:24:27.184481,1,1,1,14,64
2025-12-22 22:24:31.043146,1,1,1,14,64
2025-12-22 22:24:34.404326,1,1,1,14,64
2025-12-22 22:24:37.264470,1,1,1,14,64
2025-12-22 22:24:41.124911,1,1,1,14,64
2025-12-22 22:24:43.987779,1,1,1,14,64
2025-12-22 22:24:46.799269,1,1,1,14,64
2025-12-22 22:24:50.659587,1,1,1,14,64
2025-12-22 22:24:53.616628,1,1,1,14,64
2025-12-22 22:24:56.934676,1,1,1,14,64
2025-12-22 22:25:00.786623,1,1,1,16,65
2025-12-22 22:25:03.694612,1,1,1,17,67
2025-12-22 22:25:07.055569,1,1,1,19,70
2025-12-22 22:25:10.818173,1,1,1,20,76
2025-12-22 22:25:13.776032,1,1,1,21,79
2025-12-22 22:25:17.683670,1,1,1,23,81
2025-12-22 22:25:20.594116,1,1,1,23,81
2025-12-22 22:25:23.402231,1,1,1,23,81
2025-12-22 22:25:27.211609,1,1,1,21,81
2025-12-22 22:25:32.133714,1,1,1,19,75
2025-12-22 22:25:35.043088,1,1,1,18,70
2025-12-22 22:25:37.797187,1,1,1,17,67
2025-12-22 22:25:41.703967,1,1,1,15,64
2025-12-22 22:25:44.614872,1,1,1,15,63
2025-12-22 22:25:47.435363,1,1,1,15,63
2025-12-22 22:25:51.234384,1,2,42,15,63
2025-12-22 22:25:54.649597,1,2,5,15,63
2025-12-22 22:25:58.007304,1,2,3,15,63
2025-12-22 22:26:00.817987,1,2,8,15,63
2025-12-22 22:26:03.725419,1,2,8,15,63
2025-12-22 22:26:07.089247,1,2,2,15,63
2025-12-22 22:26:10.848888,1,2,4,15,63
2025-12-22 22:26:14.705969,1,2,2,15,63
2025-12-22 22:26:17.615487,1,2,1,17,62
2025-12-22 22:26:20.422358,1,2,1,17,62
2025-12-22 22:26:24.331222,1,2,3,18,62
2025-12-22 22:26:27.193816,1,2,7,18,62
2025-12-22 22:26:30.001940,1,2,6,18,62
2025-12-22 22:26:33.814966,1,1,1,18,62
2025-12-22 22:26:36.727943,1,2,1,18,62
2025-12-22 22:26:40.637210,1,2,3,18,62
2025-12-22 22:26:43.451869,1,2,1,18,65
2025-12-22 22:26:46.357552,1,1,2,18,68
2025-12-22 22:26:50.168157,1,2,1,18,69
2025-12-22 22:26:53.681558,1,1,2,18,69
2025-12-22 22:26:56.986989,1,2,1,17,69
2025-12-22 22:27:01.800504,1,2,2,16,69
2025-12-22 22:27:05.667715,1,2,1,15,69
2025-12-22 22:27:08.473682,1,2,2,15,71
2025-12-22 22:27:12.380273,1,1,2,15,72
2025-12-22 22:27:15.746221,1,1,1,14,72
2025-12-22 22:27:19.102488,1,2,2,14,72
2025-12-22 22:27:22.865027,1,2,3,14,72
2025-12-22 22:27:26.719696,1,1,7,14,72
2025-12-22 22:27:30.039112,1,2,4,14,72
2025-12-22 22:27:33.839500,1,1,5,14,72
2025-12-22 22:27:36.753222,1,2,1,14,72
2025-12-22 22:27:40.660242,1,2,2,14,72
2025-12-22 22:27:43.473473,1,2,9,14,72
2025-12-22 22:27:46.366030,1,1,2,14,72
2025-12-22 22:27:50.193292,1,1,1,14,72
2025-12-22 22:27:53.502764,1,1,3,14,72
2025-12-22 22:27:56.868998,1,2,1,14,72
2025-12-22 22:27:59.773842,1,2,1,14,73
2025-12-22 22:28:02.681931,1,2,6,14,76
2025-12-22 22:28:05.491440,1,1,1,14,79
2025-12-22 22:28:09.302401,1,2,1,14,82
2025-12-22 22:28:13.164613,1,2,1,14,83
2025-12-22 22:28:17.126150,1,2,1,14,83
2025-12-22 22:28:19.940747,1,2,2,14,83
2025-12-22 22:28:23.804695,1,1,2,14,83
2025-12-22 22:28:26.704563,1,1,2,14,83
2025-12-22 22:28:29.515130,1,1,1,14,83
2025-12-22 22:28:33.822493,1,2,1,14,83
2025-12-22 22:28:37.232687,1,2,8,14,80
2025-12-22 22:28:40.095718,1,2,5,14,77
2025-12-22 22:28:42.952653,1,1,2,14,77
2025-12-22 22:28:45.813089,1,2,1,14,76
2025-12-22 22:28:49.174204,1,2,1,14,76
2025-12-22 22:28:52.935029,1,2,1,14,72
2025-12-22 22:28:55.807248,1,2,7,14,70
2025-12-22 22:28:58.709427,1,1,2,14,70
2025-12-22 22:29:01.521462,1,2,1,14,70
2025-12-22 22:29:04.374422,1,1,1,14,70
2025-12-22 22:29:08.236504,1,1,1,14,70
2025-12-22 22:29:11.544084,1,1,1,14,70
2025-12-22 22:29:14.407153,1,1,2,14,70
2025-12-22 22:29:17.260433,1,2,3,14,70
2025-12-22 22:29:20.142726,1,2,1,14,70
2025-12-22 22:29:22.988742,1,2,1,14,70
2025-12-22 22:29:26.790784,1,2,1,14,70
2025-12-22 22:29:30.103046,1,2,1,14,70
2025-12-22 22:29:34.068395,1,2,2,14,70
2025-12-22 22:29:37.924712,1,2,1,14,70
2025-12-22 22:29:41.832468,1,2,1,14,70
2025-12-22 22:29:44.742148,1,2,2,14,70
2025-12-22 22:29:47.556954,1,1,2,14,70
2025-12-22 22:29:51.367673,1,1,1,14,70
2025-12-22 22:29:54.775773,1,1,1,14,70
2025-12-22 22:29:58.133791,1,2,1,14,70
2025-12-22 22:30:00.941716,1,2,7,14,70
2025-12-22 22:30:03.851060,1,1,1,14,70
2025-12-22 22:30:07.232728,1,2,1,14,70
2025-12-22 22:30:10.971993,1,2,1,14,70
2025-12-22 22:30:14.389352,1,2,1,14,70
2025-12-22 22:30:17.291904,1,2,5,14,70
2025-12-22 22:30:20.157675,1,1,1,14,70
2025-12-22 22:30:22.986310,1,2,1,14,70
2025-12-22 22:30:26.828203,1,1,1,14,70
2025-12-22 22:30:30.136056,1,2,2,14,70
2025-12-22 22:30:33.996942,1,2,3,14,70
2025-12-22 22:30:37.303330,1,1,1,14,70
2025-12-22 22:30:40.163995,1,1,1,14,70
2025-12-22 22:30:42.971899,1,1,3,14,70
2025-12-22 22:30:45.895689,1,1,1,14,70
2025-12-22 22:30:49.241066,1,2,2,14,70
2025-12-22 22:30:53.202455,1,2,2,14,70
2025-12-22 22:30:55.969531,1,1,4,14,70
2025-12-22 22:30:59.876149,1,1,5,14,70
2025-12-22 22:31:02.782780,1,1,1,14,70
2025-12-22 22:31:05.593113,1,2,1,14,70
2025-12-22 22:31:09.405625,1,2,2,14,70
2025-12-22 22:31:12.364187,1,2,2,14,70
2025-12-22 22:31:16.771953,1,2,3,14,70
2025-12-22 22:31:19.583737,1,2,2,14,70
2025-12-22 22:31:22.444093,1,2,1,14,69
2025-12-22 22:31:26.308006,1,2,2,14,66
2025-12-22 22:31:29.613770,1,2,2,14,63
2025-12-22 22:31:33.075375,1,1,2,14,62
2025-12-22 22:31:36.432155,1,1,4,14,62
2025-12-22 22:31:39.343985,1,2,1,14,62
2025-12-22 22:31:42.150682,1,1,1,14,62
2025-12-22 22:31:46.470196,1,1,1,14,65
2025-12-22 22:31:50.320594,1,2,2,14,67
2025-12-22 22:31:53.632389,1,2,5,14,68
2025-12-22 22:31:56.516654,1,2,4,14,68
2025-12-22 22:31:59.352313,1,1,1,14,68
2025-12-22 22:32:02.209814,1,1,1,14,68
2025-12-22 22:32:05.026796,1,2,1,14,68
2025-12-22 22:32:08.882083,1,1,6,14,68
2025-12-22 22:32:12.891698,1,2,3,14,69
2025-12-22 22:32:16.802476,1,2,2,14,69
2025-12-22 22:32:19.615145,1,1,5,14,69
2025-12-22 22:32:22.523318,1,1,1,14,69
2025-12-22 22:32:26.341311,1,1,1,14,69
2025-12-22 22:32:29.652766,1,1,1,14,69
2025-12-22 22:32:33.001720,1,2,2,14,69
2025-12-22 22:32:36.911947,1,1,4,14,69
2025-12-22 22:32:40.824188,1,1,6,14,69
2025-12-22 22:32:43.634140,1,2,1,14,69
2025-12-22 22:32:46.550692,1,1,1,14,69
2025-12-22 22:32:50.353092,1,2,1,14,69
2025-12-22 22:32:53.879490,1,2,2,14,69
2025-12-22 22:32:57.183314,1,1,3,14,69
2025-12-22 22:33:01.037632,1,2,3,14,69
2025-12-22 22:33:03.943849,1,1,4,14,69
2025-12-22 22:33:07.304822,1,1,1,14,69
2025-12-22 22:33:11.067069,1,2,1,14,69
2025-12-22 22:33:14.481929,1,2,1,14,69
2025-12-22 22:33:17.382494,1,2,8,14,69
2025-12-22 22:33:20.248759,1,1,1,14,69
2025-12-22 22:33:23.062954,1,1,5,14,66
2025-12-22 22:33:26.912832,1,2,4,14,68
2025-12-22 22:33:30.232292,1,2,2,14,68
2025-12-22 22:33:34.084397,1,2,3,14,67
2025-12-22 22:33:37.402678,1,2,10,14,63
2025-12-22 22:33:40.265053,1,1,1,14,62
2025-12-22 22:33:43.115589,1,2,1,14,62
2025-12-22 22:33:45.979860,1,1,1,14,65
2025-12-22 22:33:49.333203,1,2,2,14,68
2025-12-22 22:33:53.294115,1,2,2,14,68
2025-12-22 22:33:56.071885,1,1,7,14,68
2025-12-22 22:33:59.971989,1,1,4,14,65
2025-12-22 22:34:02.878059,1,1,2,14,63
2025-12-22 22:34:05.686570,1,2,2,14,63
2025-12-22 22:34:09.495375,1,2,4,14,63
2025-12-22 22:34:12.455550,1,2,3,14,63
2025-12-22 22:34:16.870002,1,2,2,14,63
2025-12-22 22:34:19.694778,1,1,1,14,63
2025-12-22 22:34:22.533702,1,1,2,14,63
2025-12-22 22:34:26.400131,1,2,4,14,63
2025-12-22 22:34:29.706088,1,2,1,14,62
2025-12-22 22:34:33.067982,1,2,1,14,62
2025-12-22 22:34:35.995590,1,1,7,14,62
2025-12-22 22:34:38.894571,1,1,5,14,62
2025-12-22 22:34:41.695289,1,2,3,14,62
2025-12-22 22:34:45.503858,1,2,3,14,64
2025-12-22 22:34:50.626985,1,2,4,15,67
2025-12-22 22:34:52.724240,1,2,9,15,67
2025-12-22 22:34:55.538436,1,1,2,15,67
2025-12-22 22:34:59.446882,1,1,1,15,67
2025-12-22 22:35:02.312314,1,1,1,15,67
2025-12-22 22:35:05.114676,1,1,1,15,68
2025-12-22 22:35:08.984972,1,2,1,15,68
2025-12-22 22:35:12.438850,1,2,1,15,68
2025-12-22 22:35:15.246901,1,2,4,15,68
2025-12-22 22:35:19.107046,1,1,3,15,68
2025-12-22 22:35:22.018370,1,1,1,15,68
2025-12-22 22:35:25.385501,1,2,1,15,68
2025-12-22 22:35:29.793683,1,2,6,15,68
2025-12-22 22:35:32.569573,1,2,3,15,68
2025-12-22 22:35:35.458121,1,2,7,15,68
2025-12-22 22:35:38.319513,1,1,1,15,66
2025-12-22 22:35:41.129526,1,1,1,15,63
2025-12-22 22:35:44.989254,1,1,2,15,62
2025-12-22 22:35:48.313014,1,2,1,15,62
2025-12-22 22:35:51.168918,1,1,3,15,62
2025-12-22 22:35:54.020416,1,1,1,15,65
2025-12-22 22:35:56.925460,1,1,2,15,67
2025-12-22 22:35:59.736563,1,2,2,15,67
2025-12-22 22:36:03.547729,1,2,7,15,67
2025-12-22 22:36:07.413164,1,2,4,15,67
2025-12-22 22:36:10.764366,1,2,1,15,67
2025-12-22 22:36:13.637596,1,1,1,15,68
2025-12-22 22:36:17.485259,1,2,1,15,71
2025-12-22 22:36:20.348552,1,1,1,15,71
2025-12-22 22:36:23.161232,1,1,5,15,71
2025-12-22 22:36:27.018427,1,1,1,15,71
2025-12-22 22:36:30.525989,1,1,5,15,71
2025-12-22 22:36:34.937402,1,2,4,15,68
2025-12-22 22:36:37.746080,1,1,2,15,65
2025-12-22 22:36:40.656239,1,1,2,15,64
2025-12-22 22:36:44.464917,1,2,3,15,64
2025-12-22 22:36:47.776401,1,2,1,15,62
2025-12-22 22:36:51.184827,1,2,3,15,62
2025-12-22 22:36:54.495530,1,2,11,15,62
2025-12-22 22:36:57.306051,1,1,1,15,62
2025-12-22 22:37:02.621014,1,1,3,15,66
2025-12-22 22:37:05.529454,1,1,2,15,69
2025-12-22 22:37:08.388259,1,2,2,15,69
2025-12-22 22:37:12.401275,1,1,7,15,69
2025-12-22 22:37:15.170977,1,2,1,15,69
2025-12-22 22:37:18.078910,1,2,2,15,69
2025-12-22 22:37:20.976602,1,2,2,15,69
2025-12-22 22:37:23.786430,1,1,2,15,69
2025-12-22 22:37:28.101574,1,1,1,15,69
2025-12-22 22:37:33.064524,1,1,3,15,69
2025-12-22 22:37:35.968328,1,2,4,15,69
2025-12-22 22:37:38.782802,1,1,5,15,69
2025-12-22 22:37:42.646995,1,2,3,15,69
2025-12-22 22:37:45.547172,1,2,2,15,69
2025-12-22 22:37:48.357527,1,2,9,15,69
2025-12-22 22:37:51.819020,1,2,3,15,69
2025-12-22 22:37:54.630009,1,1,1,15,69
2025-12-22 22:37:57.540123,1,2,2,15,69
2025-12-22 22:38:00.367310,1,2,5,15,69
2025-12-22 22:38:04.159366,1,2,5,15,66
2025-12-22 22:38:08.034396,1,1,6,15,62
2025-12-22 22:38:11.435991,1,1,2,15,62
2025-12-22 22:38:14.238221,1,1,1,15,62
2025-12-22 22:38:18.100809,1,2,1,15,65
2025-12-22 22:38:21.015359,1,2,3,15,68
2025-12-22 22:38:23.839232,1,1,3,15,68
2025-12-22 22:38:27.632727,1,2,3,15,66
2025-12-22 22:38:32.142753,1,1,2,15,62
2025-12-22 22:38:36.009005,1,2,2,15,62
2025-12-22 22:38:38.810679,1,1,2,15,62
2025-12-22 22:38:42.727428,1,1,1,15,62
2025-12-22 22:38:45.587304,1,1,2,15,62
2025-12-22 22:38:48.390763,1,2,3,15,62
2025-12-22 22:38:52.648688,1,1,3,15,62
2025-12-22 22:38:54.110246,1,1,2,15,62
2025-12-22 22:38:57.021055,1,2,5,15,62
2025-12-22 22:38:59.834375,1,2,10,15,62
2025-12-22 22:39:03.652147,1,2,6,15,65
2025-12-22 22:39:07.508160,1,1,3,15,68
2025-12-22 22:39:11.861293,1,1,5,15,66
2025-12-22 22:39:14.672829,1,2,8,15,63
2025-12-22 22:39:17.582394,1,2,1,15,62
2025-12-22 22:39:20.441715,1,2,4,15,62
2025-12-22 22:39:23.255721,1,2,2,15,62
2025-12-22 22:39:27.117224,1,1,2,15,62
2025-12-22 22:39:30.023623,1,2,1,15,63
2025-12-22 22:39:32.833992,1,2,1,15,66
2025-12-22 22:39:36.740779,1,2,9,15,67
2025-12-22 22:39:39.603277,1,1,2,15,67
2025-12-22 22:39:42.412462,1,1,1,15,67
2025-12-22 22:39:46.224528,1,1,1,15,67
2025-12-22 22:39:49.133691,1,2,1,15,67
2025-12-22 22:39:53.048020,1,1,5,15,64
2025-12-22 22:39:55.853404,1,1,2,15,64
2025-12-22 22:39:58.776225,1,1,3,15,64
2025-12-22 22:40:02.575177,1,2,7,15,64
2025-12-22 22:40:08.154382,1,2,5,15,64
2025-12-22 22:40:08.695499,1,2,8,15,64
2025-12-22 22:40:11.601645,1,2,2,15,63
2025-12-22 22:40:14.460796,1,1,1,15,63
2025-12-22 22:40:17.327436,1,2,1,15,63
2025-12-22 22:40:21.132363,1,1,13,15,63
2025-12-22 22:40:24.439511,1,2,1,15,63
2025-12-22 22:40:27.252864,1,1,2,15,63
2025-12-22 22:40:30.164206,1,1,1,15,63
2025-12-22 22:40:33.074696,1,1,1,15,63
2025-12-22 22:40:35.879324,1,2,2,15,63
2025-12-22 22:40:40.192483,1,1,5,15,63
2025-12-22 22:40:43.550621,1,2,9,15,62
2025-12-22 22:40:47.061491,1,2,8,15,62
2025-12-22 22:40:49.870576,1,2,1,15,62
2025-12-22 22:40:52.730146,1,2,1,15,62
2025-12-22 22:40:56.588496,1,2,6,15,62
2025-12-22 22:40:59.907471,1,2,5,15,62
2025-12-22 22:41:03.709467,1,2,3,15,62
2025-12-22 22:41:07.168608,1,2,7,15,62
2025-12-22 22:41:11.082370,1,1,8,15,66
2025-12-22 22:41:13.887804,1,1,6,15,69
2025-12-22 22:41:16.796285,1,1,1,15,72
2025-12-22 22:41:20.606885,1,1,1,15,72
2025-12-22 22:41:23.919786,1,1,1,15,72
2025-12-22 22:41:27.278326,1,2,4,15,72
2025-12-22 22:41:30.187378,1,1,4,15,72
2025-12-22 22:41:33.099889,1,2,3,15,72
2025-12-22 22:41:35.906922,1,2,9,15,71
2025-12-22 22:41:39.717132,1,2,1,15,68
2025-12-22 22:41:43.582406,1,1,1,15,66
2025-12-22 22:41:47.340588,1,1,1,15,66
2025-12-22 22:41:51.149660,1,2,1,15,66
2025-12-22 22:41:54.458386,1,2,2,15,64
2025-12-22 22:41:58.284800,1,2,1,15,62
2025-12-22 22:42:02.633015,1,1,1,15,62
2025-12-22 22:42:05.949008,1,1,1,15,62
2025-12-22 22:42:09.300144,1,2,2,15,62
2025-12-22 22:42:12.208301,1,2,11,15,62
2025-12-22 22:42:15.124906,1,2,4,15,62
2025-12-22 22:42:17.931642,1,2,2,15,62
2025-12-22 22:42:21.749604,1,2,1,15,62
2025-12-22 22:42:25.598611,1,2,1,15,62
2025-12-22 22:42:29.358993,1,2,8,15,62
2025-12-22 22:42:33.171346,1,1,11,15,62
2025-12-22 22:42:36.477400,1,1,9,15,62
2025-12-22 22:42:40.290653,1,1,6,15,62
2025-12-22 22:42:44.156165,1,1,4,15,62
2025-12-22 22:42:46.960660,1,1,1,15,62
2025-12-22 22:42:50.320022,1,1,2,15,62
2025-12-22 22:42:53.227941,1,2,5,15,62
2025-12-22 22:42:56.139579,1,2,4,15,65
2025-12-22 22:42:58.947933,1,1,1,15,68
2025-12-22 22:43:01.855704,1,1,1,15,68
2025-12-22 22:43:05.717335,1,2,3,15,67
2025-12-22 22:43:08.578861,1,2,8,15,68
2025-12-22 22:43:11.335423,1,1,2,15,68
2025-12-22 22:43:15.196409,1,1,1,15,68
2025-12-22 22:43:18.507734,1,1,1,15,68
2025-12-22 22:43:22.822331,1,2,1,15,68
2025-12-22 22:43:26.675841,1,2,1,15,68
2025-12-22 22:43:29.987731,1,1,1,15,68
2025-12-22 22:43:32.801129,1,2,5,15,68
2025-12-22 22:43:35.707325,1,1,1,15,68
2025-12-22 22:43:38.564968,1,1,1,15,68
2025-12-22 22:43:41.381182,1,2,2,15,68
2025-12-22 22:43:45.249713,1,1,15,15,70
2025-12-22 22:43:48.550758,1,1,4,15,71
2025-12-22 22:43:51.404406,1,1,1,15,73
2025-12-22 22:43:54.270166,1,2,6,15,73
2025-12-22 22:43:57.180949,1,2,1,15,73
2025-12-22 22:43:59.987959,1,2,5,15,71
2025-12-22 22:44:04.294695,1,1,3,15,68
2025-12-22 22:44:07.664828,1,2,5,15,65
2025-12-22 22:44:11.619341,1,1,5,15,62
2025-12-22 22:44:14.434672,1,1,1,15,62
2025-12-22 22:44:18.295781,1,2,1,15,62
2025-12-22 22:44:21.193953,1,1,1,15,63
2025-12-22 22:44:24.007600,1,2,16,15,66
2025-12-22 22:44:28.321045,1,1,7,15,69
2025-12-22 22:44:32.177427,1,2,6,15,75
2025-12-22 22:44:34.989414,1,1,10,15,78
2025-12-22 22:44:37.898774,1,1,5,15,81
2025-12-22 22:44:41.755199,1,2,2,15,82
2025-12-22 22:44:44.616311,1,2,2,15,82
2025-12-22 22:44:47.424441,1,2,7,15,82
2025-12-22 22:44:51.237513,1,2,6,15,82
2025-12-22 22:44:54.549043,1,1,1,15,83
2025-12-22 22:44:58.359086,1,1,2,15,83
2025-12-22 22:45:02.218876,1,1,1,15,83
2025-12-22 22:45:05.029597,1,2,3,15,83
2025-12-22 22:45:07.887933,1,2,14,15,83
2025-12-22 22:45:11.753648,1,2,3,15,83
2025-12-22 22:45:14.605717,1,2,2,15,83
2025-12-22 22:45:17.436387,1,2,1,15,83
2025-12-22 22:45:21.277097,1,2,2,15,83
2025-12-22 22:45:24.584491,1,2,1,15,83
2025-12-22 22:45:29.448031,1,2,1,15,71
2025-12-22 22:45:33.906544,1,2,1,15,68
2025-12-22 22:45:36.765940,1,2,2,15,65
2025-12-22 22:45:39.584921,1,2,14,15,62
2025-12-22 22:45:43.491033,1,2,11,15,62
2025-12-22 22:45:46.347778,1,1,1,15,62
2025-12-22 22:45:49.713149,1,1,1,15,65
2025-12-22 22:45:53.670628,1,2,1,15,70
2025-12-22 22:45:56.477605,1,2,3,15,69
2025-12-22 22:46:00.341372,1,2,1,15,66
2025-12-22 22:46:03.254807,1,2,2,15,63
2025-12-22 22:46:06.059588,1,1,2,15,62
2025-12-22 22:46:09.870130,1,2,1,15,62
2025-12-22 22:46:12.779248,1,2,4,15,62
2025-12-22 22:46:15.588441,1,2,1,15,62
2025-12-22 22:46:19.447931,1,2,3,15,62
2025-12-22 22:46:22.360900,1,1,2,15,62
2025-12-22 22:46:25.719099,1,1,1,15,62
2025-12-22 22:46:29.475924,1,1,1,15,62
2025-12-22 22:46:32.384443,1,1,1,15,62
2025-12-22 22:46:36.297582,1,2,2,15,62
2025-12-22 22:46:39.607747,1,2,3,15,62
2025-12-22 22:46:43.470778,1,2,3,15,62
2025-12-22 22:46:46.378570,1,1,1,15,62
2025-12-22 22:46:49.737545,1,1,1,15,62
2025-12-22 22:46:53.698818,1,2,1,15,65
2025-12-22 22:46:56.458883,1,2,2,15,67
2025-12-22 22:47:00.372928,1,2,1,15,65
2025-12-22 22:47:03.290471,1,1,8,15,62
2025-12-22 22:47:06.087968,1,1,1,15,62
2025-12-22 22:47:09.899906,1,1,1,15,62
2025-12-22 22:47:13.309808,1,1,1,15,62
2025-12-22 22:47:16.674821,1,2,2,15,64
2025-12-22 22:47:19.482395,1,2,6,15,64
2025-12-22 22:47:22.394036,1,2,3,15,65
2025-12-22 22:47:25.748117,1,2,1,15,65
2025-12-22 22:47:29.109226,1,2,1,15,65
2025-12-22 22:47:31.973835,1,2,3,15,64
2025-12-22 22:47:35.831266,1,2,2,15,64
2025-12-22 22:47:38.690236,1,2,2,15,64
2025-12-22 22:47:41.547636,1,1,1,15,67
2025-12-22 22:47:45.359166,1,2,2,15,69
2025-12-22 22:47:48.671588,1,2,2,15,69
2025-12-22 22:47:52.129648,1,2,7,15,69
2025-12-22 22:47:54.989713,1,2,2,15,69
2025-12-22 22:47:57.864763,1,1,1,15,69
2025-12-22 22:48:00.658885,1,2,1,15,69
2025-12-22 22:48:04.468705,1,2,2,15,69
2025-12-22 22:48:08.332380,1,2,2,15,65
2025-12-22 22:48:11.696311,1,1,4,15,62
2025-12-22 22:48:14.500724,1,1,4,15,62
2025-12-22 22:48:18.415626,1,2,3,15,62
2025-12-22 22:48:21.322399,1,2,1,15,62
2025-12-22 22:48:24.139616,1,2,10,15,62
2025-12-22 22:48:28.441568,1,2,9,15,62
2025-12-22 22:48:31.856560,1,2,5,15,62
2025-12-22 22:48:34.711539,1,1,1,15,62
2025-12-22 22:48:37.571023,1,2,1,15,62
2025-12-22 22:48:40.432192,1,2,1,15,62
2025-12-22 22:48:43.793820,1,2,4,15,62
2025-12-22 22:48:47.555525,1,2,2,15,62
2025-12-22 22:48:50.413529,1,1,4,15,62
2025-12-22 22:48:53.334605,1,2,1,15,62
2025-12-22 22:48:56.134131,1,2,1,15,62
2025-12-22 22:48:59.040615,1,2,1,15,62
2025-12-22 22:49:02.864921,1,2,1,15,62
2025-12-22 22:49:06.163482,1,1,1,15,62
2025-12-22 22:49:09.035285,1,1,1,15,62
2025-12-22 22:49:11.921541,1,1,1,15,62
2025-12-22 22:49:14.740859,1,2,7,15,62
2025-12-22 22:49:17.628024,1,1,2,15,62
2025-12-22 22:49:21.410405,1,1,1,15,62
2025-12-22 22:49:24.722806,1,1,1,15,62
2025-12-22 22:49:28.182969,1,2,1,15,62
2025-12-22 22:49:31.002558,1,2,1,15,62
2025-12-22 22:49:33.903139,1,2,2,15,62
2025-12-22 22:49:36.713083,1,1,1,15,62
2025-12-22 22:49:40.524086,1,2,1,15,62
2025-12-22 22:49:45.443008,1,2,1,15,62
2025-12-22 22:49:48.364413,1,1,4,15,62
2025-12-22 22:49:51.158778,1,2,3,15,62
2025-12-22 22:49:55.063893,1,2,3,15,62
2025-12-22 22:49:57.932022,1,1,3,15,62
2025-12-22 22:50:00.734521,1,2,6,15,62
2025-12-22 22:50:04.546303,1,2,2,14,62
2025-12-22 22:50:07.454918,1,2,6,14,62
2025-12-22 22:50:11.369287,1,2,7,14,62
2025-12-22 22:50:14.174631,1,2,1,14,62
2025-12-22 22:50:17.049810,1,1,1,14,62
2025-12-22 22:50:20.898343,1,2,1,14,62
2025-12-22 22:50:24.357079,1,2,1,14,63
2025-12-22 22:50:27.176760,1,2,2,14,64
2025-12-22 22:50:31.077987,1,2,5,14,64
2025-12-22 22:50:33.939062,1,1,2,14,64
2025-12-22 22:50:36.744911,1,1,4,14,64
2025-12-22 22:50:40.557540,1,2,1,14,64
2025-12-22 22:50:43.486766,1,2,2,14,64
2025-12-22 22:50:47.384364,1,2,8,14,64
2025-12-22 22:50:50.187854,1,2,1,14,64
2025-12-22 22:50:53.101742,1,1,1,14,64
2025-12-22 22:50:56.910448,1,2,1,14,63
2025-12-22 22:51:00.220380,1,2,2,14,62
2025-12-22 22:51:03.032480,1,2,6,14,62
2025-12-22 22:51:05.938150,1,2,3,14,62
2025-12-22 22:51:08.801927,1,1,1,14,62
2025-12-22 22:51:11.609558,1,2,1,14,62
2025-12-22 22:51:15.492050,1,1,13,14,62
2025-12-22 22:51:18.780609,1,2,2,14,62
2025-12-22 22:51:21.589672,1,1,1,14,62
2025-12-22 22:51:24.500001,1,1,1,14,62
2025-12-22 22:51:27.412693,1,2,1,14,62
2025-12-22 22:51:30.225141,1,2,3,14,62
2025-12-22 22:51:34.528724,1,1,3,14,62
2025-12-22 22:51:37.889667,1,2,1,14,62
2025-12-22 22:51:41.409785,1,1,1,14,62
2025-12-22 22:51:44.213056,1,1,1,14,62
2025-12-22 22:51:47.151968,1,2,8,14,62
2025-12-22 22:51:50.932372,1,1,1,14,62
2025-12-22 22:51:54.239605,1,2,2,14,62
2025-12-22 22:51:58.048935,1,1,1,14,62
2025-12-22 22:52:00.962269,1,1,1,14,62
2025-12-22 22:52:03.771954,1,1,1,14,64
2025-12-22 22:52:07.630359,1,1,1,14,64
2025-12-22 22:52:10.541151,1,2,2,14,64
2025-12-22 22:52:13.907221,1,1,4,14,64
2025-12-22 22:52:17.710369,1,1,9,14,66
2025-12-22 22:52:20.522555,1,1,1,14,68
2025-12-22 22:52:23.429247,1,2,1,14,68
2025-12-22 22:52:26.243984,1,2,6,14,68
2025-12-22 22:52:29.099144,1,2,6,14,68
2025-12-22 22:52:32.960128,1,2,6,14,68
2025-12-22 22:52:36.269705,1,2,6,14,68
2025-12-22 22:52:39.080473,1,2,2,14,68
2025-12-22 22:52:42.007185,1,2,1,14,68
2025-12-22 22:52:44.854107,1,2,8,14,68
2025-12-22 22:52:47.708975,1,1,1,14,68
2025-12-22 22:52:51.517567,1,2,1,14,68
2025-12-22 22:52:54.830546,1,2,1,14,68
2025-12-22 22:52:58.287293,1,1,2,14,68
2025-12-22 22:53:01.097565,1,2,6,14,68
2025-12-22 22:53:04.005144,1,2,6,14,68
2025-12-22 22:53:06.818682,1,2,2,14,68
2025-12-22 22:53:10.627169,1,1,5,14,68
2025-12-22 22:53:14.983126,1,1,1,14,62
2025-12-22 22:53:17.900386,1,1,1,14,62
2025-12-22 22:53:20.704281,1,2,1,14,62
2025-12-22 22:53:24.599494,1,2,1,14,62
2025-12-22 22:53:27.474985,1,2,4,14,62
2025-12-22 22:53:30.285318,1,1,1,14,62
2025-12-22 22:53:34.593393,1,1,1,14,62
2025-12-22 22:53:38.053354,1,1,1,14,62
2025-12-22 22:53:41.468847,1,1,4,14,62
2025-12-22 22:53:44.278439,1,1,1,14,62
2025-12-22 22:53:47.146215,1,2,5,14,62
2025-12-22 22:53:51.002648,1,1,1,14,62
2025-12-22 22:53:54.306310,1,2,4,14,62
2025-12-22 22:53:57.723243,1,1,8,14,62
2025-12-22 22:54:01.031570,1,2,1,14,62
2025-12-22 22:54:03.839996,1,2,1,14,62
2025-12-22 22:54:07.696521,1,2,1,14,62
2025-12-22 22:54:10.607848,1,2,1,14,62
2025-12-22 22:54:13.967956,1,1,5,14,62
2025-12-22 22:54:17.930211,1,1,6,14,68
2025-12-22 22:54:20.738237,1,2,5,14,69
2025-12-22 22:54:24.600039,1,2,1,14,69
2025-12-22 22:54:27.513793,1,2,2,14,66
2025-12-22 22:54:30.321977,1,2,6,14,66
2025-12-22 22:54:34.129458,1,2,6,14,67
2025-12-22 22:54:37.039183,1,1,3,14,69
2025-12-22 22:54:39.854418,1,1,1,14,69
2025-12-22 22:54:44.660976,1,1,3,14,69
2025-12-22 22:54:48.523031,1,1,2,14,69
2025-12-22 22:54:51.331321,1,1,1,14,69
2025-12-22 22:54:55.249476,1,1,1,14,68
2025-12-22 22:54:58.603377,1,1,2,14,65
2025-12-22 22:55:01.971807,1,2,7,14,62
2025-12-22 22:55:05.722938,1,2,3,14,62
2025-12-22 22:55:09.592736,1,2,1,14,62
2025-12-22 22:55:12.909052,1,2,1,14,62
2025-12-22 22:55:16.708214,1,2,1,15,62
2025-12-22 22:55:19.618516,1,1,7,15,62
2025-12-22 22:55:23.524903,1,1,1,15,62
2025-12-22 22:55:26.337975,1,1,1,15,62
2025-12-22 22:55:29.252104,1,2,1,15,62
2025-12-22 22:55:33.072624,1,1,1,15,62
2025-12-22 22:55:36.520045,1,1,1,15,62
2025-12-22 22:55:39.336449,1,2,1,15,62
2025-12-22 22:55:43.186069,1,2,18,15,62
2025-12-22 22:55:46.097948,1,1,1,15,62
2025-12-22 22:55:48.911422,1,1,1,15,62
2025-12-22 22:55:53.216966,1,2,4,15,62
2025-12-22 22:55:56.127710,1,2,3,15,62
2025-12-22 22:55:59.537254,1,2,1,15,62
2025-12-22 22:56:02.349418,1,2,1,15,62
2025-12-22 22:56:05.260519,1,1,1,15,63
2025-12-22 22:56:09.068349,1,2,1,15,66
2025-12-22 22:56:12.383739,1,1,2,15,68
2025-12-22 22:56:15.742793,1,2,1,15,68
2025-12-22 22:56:18.647066,1,1,17,15,69
2025-12-22 22:56:21.567988,1,1,1,15,69
2025-12-22 22:56:24.368933,1,2,1,15,69
2025-12-22 22:56:28.178040,1,2,2,15,69
2025-12-22 22:56:32.059630,1,2,2,15,69
2025-12-22 22:56:35.998749,1,2,1,15,69
2025-12-22 22:56:38.759656,1,1,6,15,69
2025-12-22 22:56:42.669484,1,1,16,15,69
2025-12-22 22:56:45.579695,1,1,2,15,69
2025-12-22 22:56:48.387721,1,2,4,15,69
2025-12-22 22:56:52.200794,1,2,1,15,69
2025-12-22 22:56:55.158769,1,2,8,15,69
2025-12-22 22:56:59.569804,1,2,3,15,69
2025-12-22 22:57:02.380237,1,2,3,15,69
2025-12-22 22:57:05.293899,1,1,1,15,69
2025-12-22 22:57:09.107568,1,1,1,15,69
2025-12-22 22:57:12.415113,1,2,3,15,69
2025-12-22 22:57:15.769706,1,2,3,15,69
2025-12-22 22:57:18.683650,1,2,2,15,69
2025-12-22 22:57:21.592964,1,2,9,15,69
2025-12-22 22:57:24.400974,1,1,4,15,69
2025-12-22 22:57:28.709860,1,2,1,15,69
2025-12-22 22:57:32.071730,1,1,3,15,69
2025-12-22 22:57:36.030065,1,2,4,15,69
2025-12-22 22:57:38.790016,1,1,4,15,69
2025-12-22 22:57:42.698492,1,2,1,15,69
2025-12-22 22:57:45.611574,1,2,1,15,69
2025-12-22 22:57:48.423326,1,1,20,15,69
2025-12-22 22:57:52.233081,1,1,3,15,69
2025-12-22 22:57:55.642720,1,1,9,15,69
2025-12-22 22:57:59.006194,1,2,6,15,69
2025-12-22 22:58:01.806580,1,2,2,15,69
2025-12-22 22:58:04.719459,1,2,7,15,69
2025-12-22 22:58:08.077243,1,2,6,15,69
2025-12-22 22:58:11.837881,1,2,8,15,69
2025-12-22 22:58:14.748972,1,2,6,15,69
2025-12-22 22:58:18.156281,1,2,1,15,69
2025-12-22 22:58:21.018549,1,2,2,15,69
2025-12-22 22:58:24.427471,1,2,9,15,69
2025-12-22 22:58:28.741043,1,1,6,15,69
2025-12-22 22:58:32.097594,1,1,1,15,69
2025-12-22 22:58:35.859227,1,2,3,15,69
2025-12-22 22:58:38.715774,1,2,3,15,69
2025-12-22 22:58:41.629456,1,2,1,15,69
2025-12-22 22:58:44.441381,1,2,2,15,69
2025-12-22 22:58:47.295115,1,1,1,15,69
2025-12-22 22:58:51.156577,1,2,4,15,66
2025-12-22 22:58:54.465313,1,2,1,15,63
2025-12-22 22:58:57.276220,1,2,1,15,63
2025-12-22 22:59:00.184607,1,1,2,15,64
2025-12-22 22:59:03.048046,1,2,8,15,67
2025-12-22 22:59:05.853513,1,1,2,15,70
2025-12-22 22:59:09.762757,1,2,1,15,70
2025-12-22 22:59:13.024931,1,1,1,15,70
2025-12-22 22:59:15.882521,1,2,1,15,71
2025-12-22 22:59:18.748240,1,1,11,15,71
2025-12-22 22:59:21.654621,1,1,3,15,71
2025-12-22 22:59:24.464926,1,1,5,15,71
2025-12-22 22:59:28.774021,1,2,6,15,71
2025-12-22 22:59:32.135662,1,1,3,15,71
2025-12-22 22:59:35.648270,1,1,1,15,72
2025-12-22 22:59:38.456304,1,2,1,15,75
2025-12-22 22:59:41.314957,1,2,7,15,78
2025-12-22 22:59:45.172647,1,1,1,15,79
2025-12-22 22:59:48.485894,1,1,1,15,76
2025-12-22 22:59:52.296851,1,1,1,15,77
2025-12-22 22:59:55.214390,1,2,4,15,80
2025-12-22 22:59:58.013173,1,2,1,15,81
2025-12-22 23:00:01.871196,1,2,5,15,81
2025-12-22 23:00:04.782209,1,2,1,15,81
2025-12-22 23:00:08.147418,1,2,10,15,81
2025-12-22 23:00:11.902661,1,2,4,15,81
2025-12-22 23:00:14.810849,1,1,1,15,81
2025-12-22 23:00:18.721640,1,1,1,15,81
2025-12-22 23:00:22.040177,1,1,1,15,81
2025-12-22 23:00:25.941229,1,1,1,15,81
2025-12-22 23:00:28.803335,1,2,1,15,81
2025-12-22 23:00:32.164780,1,2,1,15,81
2025-12-22 23:00:35.922773,1,2,4,15,81
2025-12-22 23:00:39.735030,1,2,5,15,81
2025-12-22 23:00:43.043369,1,1,4,15,81
2025-12-22 23:00:47.404192,1,1,2,15,81
2025-12-22 23:00:51.213704,1,1,1,15,81
2025-12-22 23:00:54.523249,1,1,1,15,79
2025-12-22 23:00:57.943261,1,1,1,15,76
2025-12-22 23:01:01.247631,1,2,5,15,76
2025-12-22 23:01:04.055358,1,2,3,15,76
2025-12-22 23:01:07.970118,1,2,1,15,76
2025-12-22 23:01:10.824289,1,2,5,15,76
2025-12-22 23:01:14.185842,1,1,2,15,76
2025-12-22 23:01:18.146020,1,1,2,15,76
2025-12-22 23:01:20.905730,1,2,17,15,76
2025-12-22 23:01:24.814841,1,2,31,15,76
2025-12-22 23:01:27.731310,1,2,30,15,76
2025-12-22 23:01:30.541074,1,2,9,15,76
2025-12-22 23:01:34.343750,1,2,7,14,76
2025-12-22 23:01:37.309734,1,2,3,13,76
2025-12-22 23:01:41.717815,1,2,6,13,76
2025-12-22 23:01:44.523834,1,2,1,12,76
2025-12-22 23:01:49.278875,1,2,4,12,76
2025-12-22 23:01:51.257482,1,2,5,12,76
2025-12-22 23:01:54.552653,1,2,6,12,76
2025-12-22 23:01:57.912676,1,2,8,12,76
2025-12-22 23:02:00.824322,1,2,1,12,76
2025-12-22 23:02:03.731838,1,2,3,12,76
2025-12-22 23:02:06.543641,1,2,13,12,76
2025-12-22 23:02:10.354825,1,2,15,12,76
2025-12-22 23:02:14.213292,1,2,2,12,76
2025-12-22 23:02:17.972693,1,2,2,13,76
2025-12-22 23:02:21.793834,1,2,2,14,76
2025-12-22 23:02:25.098193,1,2,1,15,76
2025-12-22 23:02:29.454493,1,2,2,15,76
2025-12-22 23:02:33.270003,1,2,4,15,76
2025-12-22 23:02:36.573318,1,2,10,15,76
2025-12-22 23:02:40.380191,1,2,14,15,76
2025-12-22 23:02:43.288115,1,2,7,15,76
2025-12-22 23:02:46.096832,1,2,7,15,76
2025-12-22 23:02:50.006986,1,2,2,15,76
2025-12-22 23:02:52.868669,1,2,1,14,76
2025-12-22 23:02:56.227676,1,2,8,14,76
2025-12-22 23:03:00.038383,1,2,3,14,76
2025-12-22 23:03:02.896469,1,2,3,14,76
2025-12-22 23:03:06.305494,1,2,1,13,76
2025-12-22 23:03:09.171994,1,1,1,12,74
2025-12-22 23:03:11.976073,1,1,2,12,74
2025-12-22 23:03:15.836531,1,1,2,12,74
2025-12-22 23:03:19.149030,1,2,3,12,73
2025-12-22 23:03:22.957015,1,1,2,12,72
2025-12-22 23:03:27.420347,1,2,4,12,72
2025-12-22 23:03:30.336939,1,2,2,12,72
2025-12-22 23:03:33.188570,1,2,3,12,72
2025-12-22 23:03:36.002079,1,2,1,12,72
2025-12-22 23:03:39.860300,1,2,5,12,73
2025-12-22 23:03:43.868318,1,2,4,12,76
2025-12-22 23:03:47.780506,1,1,1,12,72
2025-12-22 23:03:50.590892,1,2,4,12,72
2025-12-22 23:03:53.502173,1,2,9,12,72
2025-12-22 23:03:57.314487,1,2,4,12,72
2025-12-22 23:04:00.621251,1,2,2,12,72
2025-12-22 23:04:03.979101,1,2,7,12,69
2025-12-22 23:04:06.891202,1,2,23,12,66
2025-12-22 23:04:09.799331,1,2,3,12,63
2025-12-22 23:04:12.613014,1,2,2,12,62
2025-12-22 23:04:16.421355,1,1,1,12,62
2025-12-22 23:04:20.283185,1,2,3,12,62
2025-12-22 23:04:23.995178,1,2,1,12,64
2025-12-22 23:04:27.852995,1,2,1,12,67
2025-12-22 23:04:31.161836,1,2,1,12,70
2025-12-22 23:04:34.972823,1,2,2,12,73
2025-12-22 23:04:39.341318,1,1,1,12,71
2025-12-22 23:04:42.641342,1,2,2,13,68
2025-12-22 23:04:46.104596,1,1,2,14,67
2025-12-22 23:04:48.923218,1,1,1,15,67
2025-12-22 23:04:51.831188,1,2,1,15,67
2025-12-22 23:04:54.637827,1,2,3,15,67
2025-12-22 23:04:58.941038,1,1,1,17,67
2025-12-22 23:05:02.304186,1,1,3,18,66
2025-12-22 23:05:06.072319,1,2,2,17,65
2025-12-22 23:05:09.881373,1,2,1,19,65
2025-12-22 23:05:13.187536,1,2,2,21,65
2025-12-22 23:05:17.000672,1,1,2,22,63
2025-12-22 23:05:21.352583,1,1,3,20,63
2025-12-22 23:05:24.662240,1,2,3,18,63
2025-12-22 23:05:28.026825,1,1,2,17,63
2025-12-22 23:05:31.934609,1,1,1,16,63
2025-12-22 23:05:35.846704,1,2,1,15,63
2025-12-22 23:05:38.662051,1,2,2,15,62
2025-12-22 23:05:41.517557,1,2,2,15,62
2025-12-22 23:05:45.378137,1,1,4,14,62
2025-12-22 23:05:48.288091,1,2,3,14,62
2025-12-22 23:05:51.097995,1,1,1,15,62
2025-12-22 23:05:54.954180,1,2,2,17,62
2025-12-22 23:05:57.864233,1,2,5,17,64
2025-12-22 23:06:00.676124,1,1,2,17,64
2025-12-22 23:06:04.984836,1,2,1,16,64
2025-12-22 23:06:10.054038,1,1,1,16,62
2025-12-22 23:06:12.955542,1,1,1,15,62
2025-12-22 23:06:15.864928,1,2,2,14,62
2025-12-22 23:06:19.126734,1,2,2,14,62
2025-12-22 23:06:21.984779,1,2,1,14,62
2025-12-22 23:06:24.895473,1,1,1,15,62
2025-12-22 23:06:28.256836,1,1,1,17,62
2025-12-22 23:06:31.067206,1,2,7,18,63
2025-12-22 23:06:33.977994,1,2,11,18,66
2025-12-22 23:06:36.886444,1,2,1,18,69
2025-12-22 23:06:39.695281,1,2,5,18,72
2025-12-22 23:06:43.554872,1,2,2,18,74
2025-12-22 23:06:46.418168,1,2,2,19,71
2025-12-22 23:06:49.231299,1,2,3,20,68
2025-12-22 23:06:53.584293,1,1,1,20,69
2025-12-22 23:06:57.395796,1,1,1,20,72
2025-12-22 23:07:00.705225,1,2,1,21,73
2025-12-22 23:07:04.513475,1,1,4,21,71
2025-12-22 23:07:07.972164,1,2,1,21,71
2025-12-22 23:07:11.890554,1,2,4,21,71
2025-12-22 23:07:14.698221,1,1,3,21,71
2025-12-22 23:07:17.557187,1,1,3,21,71
2025-12-22 23:07:21.420609,1,1,2,21,71
2025-12-22 23:07:25.226082,1,1,1,21,71
2025-12-22 23:07:29.685004,1,1,1,21,71
2025-12-22 23:07:32.547060,1,2,1,20,71
2025-12-22 23:07:36.474940,1,2,2,20,71
2025-12-22 23:07:39.317698,1,2,5,20,71
2025-12-22 23:07:42.127325,1,1,1,19,71
2025-12-22 23:07:45.988991,1,2,1,17,73
2025-12-22 23:07:48.898663,1,1,3,17,76
2025-12-22 23:07:51.708241,1,2,2,17,79
2025-12-22 23:07:55.572233,1,2,2,19,82
2025-12-22 23:07:58.486290,1,2,2,20,85
2025-12-22 23:08:01.289336,1,1,2,21,88
2025-12-22 23:08:05.097714,1,2,1,21,90
2025-12-22 23:08:08.013148,1,2,2,21,90
2025-12-22 23:08:11.920609,1,1,1,21,90
2025-12-22 23:08:14.729425,1,1,1,18,87
2025-12-22 23:08:18.148263,1,1,1,16,85
2025-12-22 23:08:21.501981,1,1,1,15,81
2025-12-22 23:08:24.360158,1,2,1,14,75
2025-12-22 23:08:27.171450,1,1,1,13,70
2025-12-22 23:08:31.028911,1,1,1,13,67
2025-12-22 23:08:33.952028,1,1,1,13,64
2025-12-22 23:08:36.748700,1,1,2,13,62
2025-12-22 23:08:40.562974,1,2,1,14,62
2025-12-22 23:08:44.419499,1,2,33,13,62
2025-12-22 23:08:47.777893,1,2,24,12,100
2025-12-22 23:08:50.592055,1,2,37,24,100
2025-12-22 23:08:54.495027,1,2,10,24,100
2025-12-22 23:08:57.357243,1,2,11,23,100
2025-12-22 23:09:00.169001,1,1,1,24,100
2025-12-22 23:09:04.024230,1,1,1,24,100
2025-12-22 23:09:06.993495,1,1,1,23,100
2025-12-22 23:09:10.294171,1,1,1,21,100
2025-12-22 23:09:15.109027,1,1,1,20,100
2025-12-22 23:09:18.516848,1,1,1,19,100
2025-12-22 23:09:21.377580,1,1,1,18,99
2025-12-22 23:09:24.213943,1,1,1,18,93
2025-12-22 23:09:27.997486,1,1,1,18,90
2025-12-22 23:09:31.308984,1,1,1,17,87
2025-12-22 23:09:35.122606,1,1,1,16,84
2025-12-22 23:09:39.481961,1,1,1,16,84
2025-12-22 23:09:42.792013,1,2,1,16,84
2025-12-22 23:09:46.605618,1,1,1,14,84
2025-12-22 23:09:49.557246,1,1,1,15,84
2025-12-22 23:09:54.022801,1,1,1,16,84
2025-12-22 23:09:57.378775,1,1,1,17,84
2025-12-22 23:10:00.189715,1,1,1,19,84
2025-12-22 23:10:04.051475,1,1,1,20,87
2025-12-22 23:10:07.358365,1,1,1,21,90
2025-12-22 23:10:11.181511,1,1,1,22,93
2025-12-22 23:10:14.087613,1,1,1,22,91
2025-12-22 23:10:17.991434,1,1,1,23,91
2025-12-22 23:10:20.806763,1,1,1,24,91
2025-12-22 23:10:23.713878,1,1,1,24,91
2025-12-22 23:10:27.026995,1,1,1,24,91
2025-12-22 23:10:30.383252,1,1,1,22,91
2025-12-22 23:10:33.194362,1,1,1,19,88
2025-12-22 23:10:37.109322,1,1,1,16,84
2025-12-22 23:10:40.015179,1,1,1,14,78
2025-12-22 23:10:42.822099,1,1,1,14,72
2025-12-22 23:10:46.633809,1,1,1,13,69
2025-12-22 23:10:49.547279,1,1,1,13,66
2025-12-22 23:10:52.351963,1,1,1,12,64
2025-12-22 23:10:56.213019,1,1,1,12,64
2025-12-22 23:10:59.124475,1,1,1,12,64
2025-12-22 23:11:02.482060,1,1,1,13,64
2025-12-22 23:11:06.240616,1,1,1,13,64
2025-12-22 23:11:09.180930,1,1,1,13,64
2025-12-22 23:11:12.569177,1,1,1,13,64
2025-12-22 23:11:15.422542,1,1,1,13,64
2025-12-22 23:11:18.283274,1,1,1,13,64
2025-12-22 23:11:22.091708,1,1,1,13,64
2025-12-22 23:11:25.399362,1,1,1,14,64
2025-12-22 23:11:28.860243,1,1,1,15,64
2025-12-22 23:11:31.669696,1,1,2,15,64
2025-12-22 23:11:34.579921,1,1,1,14,63
2025-12-22 23:11:37.390956,1,1,1,13,62
2025-12-22 23:11:41.198323,1,1,1,13,62
2025-12-22 23:11:45.558518,1,2,1,12,62
2025-12-22 23:11:48.470372,1,1,1,12,62
2025-12-22 23:11:51.234145,1,1,1,13,62
2025-12-22 23:11:55.154129,1,1,1,17,65
2025-12-22 23:11:58.047921,1,1,1,18,68
2025-12-22 23:12:00.864346,1,1,1,18,71
2025-12-22 23:12:04.670004,1,1,1,19,74
2025-12-22 23:12:08.526376,1,1,1,18,77
2025-12-22 23:12:12.040153,1,2,5,16,75
2025-12-22 23:12:14.844653,1,1,1,15,72
2025-12-22 23:12:17.706532,1,1,1,16,69
2025-12-22 23:12:21.566789,1,1,1,17,66
2025-12-22 23:12:24.878193,1,1,1,16,66
2025-12-22 23:12:28.688214,1,1,1,18,66
2025-12-22 23:12:31.602543,1,1,1,17,66
2025-12-22 23:12:34.405134,1,1,1,18,68
2025-12-22 23:12:38.265774,1,1,1,19,65
2025-12-22 23:12:41.179189,1,1,1,20,63
2025-12-22 23:12:44.536265,1,1,1,21,63
2025-12-22 23:12:48.295697,1,1,1,21,63
2025-12-22 23:12:51.162126,1,2,1,22,63
2025-12-22 23:12:54.070659,1,1,1,22,63
2025-12-22 23:12:56.876965,1,1,1,22,63
2025-12-22 23:12:59.739240,1,1,1,22,63
2025-12-22 23:13:03.595984,1,1,1,22,63
2025-12-22 23:13:06.927729,1,1,1,22,63
2025-12-22 23:13:09.720049,1,1,1,23,65
2025-12-22 23:13:12.634710,1,1,1,21,65
2025-12-22 23:13:15.483489,1,1,1,19,65
2025-12-22 23:13:18.297246,1,1,1,17,65
2025-12-22 23:13:22.163088,1,1,1,15,65
2025-12-22 23:13:25.469697,1,1,1,16,65
2025-12-22 23:13:28.274465,1,1,1,16,65
2025-12-22 23:13:31.183647,1,1,1,14,65
2025-12-22 23:13:34.097647,1,1,1,13,66
2025-12-22 23:13:36.902879,1,1,1,13,69
2025-12-22 23:13:40.710960,1,1,1,12,70
2025-12-22 23:13:44.572651,1,1,1,12,70
2025-12-22 23:13:47.934633,1,1,1,13,70
2025-12-22 23:13:50.745620,1,1,1,13,70
2025-12-22 23:13:54.655117,1,1,1,13,70
2025-12-22 23:13:57.510890,1,1,1,13,70
2025-12-22 23:14:00.320339,1,1,1,13,70
2025-12-22 23:14:04.179670,1,1,1,13,70
2025-12-22 23:14:07.150893,1,1,1,16,69
2025-12-22 23:14:10.451778,1,1,1,15,69
2025-12-22 23:14:15.265999,1,1,1,14,69
2025-12-22 23:14:18.672966,1,1,1,13,69
2025-12-22 23:14:21.530956,1,1,1,13,69
2025-12-22 23:14:24.373484,1,1,1,12,69
2025-12-22 23:14:28.209814,1,1,1,12,69
2025-12-22 23:14:31.115776,1,1,1,12,69
2025-12-22 23:14:33.922733,1,1,1,12,69
2025-12-22 23:14:37.787111,1,1,1,12,67
2025-12-22 23:14:40.696146,1,1,1,12,67
2025-12-22 23:14:43.505713,1,1,1,12,67
2025-12-22 23:14:46.361768,1,1,1,12,67
2025-12-22 23:14:49.675669,1,1,1,13,67
2025-12-22 23:14:52.481272,1,1,1,13,67
2025-12-22 23:14:57.294969,1,1,1,13,67
2025-12-22 23:15:00.710589,1,1,1,13,67
2025-12-22 23:15:03.564778,1,1,1,13,67
2025-12-22 23:15:06.925200,1,1,1,13,67
2025-12-22 23:15:10.736940,1,1,1,13,64
2025-12-22 23:15:14.595609,1,1,1,13,62
2025-12-22 23:15:18.358983,1,1,1,14,62
2025-12-22 23:15:22.220977,1,1,1,14,62
2025-12-22 23:15:25.526439,1,1,1,14,62
2025-12-22 23:15:28.345612,1,1,1,14,65
2025-12-22 23:15:32.251576,1,1,1,14,65
2025-12-22 23:15:36.160167,1,1,1,14,66
2025-12-22 23:15:38.968018,1,1,1,14,65
2025-12-22 23:15:41.827080,1,1,1,14,65
2025-12-22 23:15:45.685997,1,1,1,14,65
2025-12-22 23:15:48.596789,1,1,1,14,65
2025-12-22 23:15:51.358797,1,1,1,14,65
2025-12-22 23:15:55.267383,1,2,1,15,65
2025-12-22 23:15:58.176784,1,1,1,15,65
2025-12-22 23:16:00.984036,1,1,1,15,65
2025-12-22 23:16:04.794946,1,1,1,15,65
2025-12-22 23:16:07.766583,1,1,1,15,65
2025-12-22 23:16:12.214265,1,1,1,15,65
2025-12-22 23:16:16.025084,1,1,1,14,65
2025-12-22 23:16:18.833268,1,1,1,14,65
2025-12-22 23:16:21.745013,1,1,1,14,65
2025-12-22 23:16:24.605107,1,1,1,14,65
2025-12-22 23:16:27.966104,1,1,1,14,65
2025-12-22 23:16:31.824443,1,1,1,14,65
2025-12-22 23:16:34.734258,1,1,1,14,65
2025-12-22 23:16:37.548811,1,1,1,14,65
2025-12-22 23:16:41.353992,1,1,1,14,65
2025-12-22 23:16:45.712858,1,1,1,14,65
2025-12-22 23:16:48.622938,1,1,1,14,65
2025-12-22 23:16:51.379629,1,1,1,14,65
2025-12-22 23:16:55.291049,1,1,1,14,65
2025-12-22 23:16:58.199973,1,1,1,14,65
2025-12-22 23:17:01.010372,1,2,1,14,65
2025-12-22 23:17:04.820732,1,1,1,14,65
2025-12-22 23:17:08.678382,1,1,1,14,65
2025-12-22 23:17:12.190513,1,2,3,14,65
2025-12-22 23:17:14.997919,1,1,1,14,65
2025-12-22 23:17:17.859760,1,1,1,14,65
2025-12-22 23:17:21.719250,1,1,1,14,65
2025-12-22 23:17:25.031508,1,1,1,14,65
2025-12-22 23:17:28.837949,1,1,1,14,65
2025-12-22 23:17:31.749740,1,1,1,14,65
2025-12-22 23:17:34.563253,1,1,1,14,65
2025-12-22 23:17:38.420470,1,1,1,14,65
2025-12-22 23:17:41.329451,1,1,1,14,65
2025-12-22 23:17:44.709181,1,1,1,14,65
2025-12-22 23:17:48.458272,1,1,1,14,65
2025-12-22 23:17:51.358643,1,1,1,14,65
2025-12-22 23:17:54.770700,1,1,1,14,65
2025-12-22 23:17:57.633502,1,1,1,14,65
2025-12-22 23:18:00.440023,1,1,1,15,65
2025-12-22 23:18:04.300786,1,1,1,15,65
2025-12-22 23:18:07.606650,1,1,1,18,66
2025-12-22 23:18:11.067404,1,1,1,19,69
2025-12-22 23:18:13.878766,1,1,1,20,72
2025-12-22 23:18:16.788629,1,2,1,21,75
2025-12-22 23:18:19.600198,1,1,1,22,77
2025-12-22 23:18:23.408895,1,1,1,23,77
2025-12-22 23:18:27.767267,1,1,1,23,77
2025-12-22 23:18:30.677638,1,1,1,24,77
2025-12-22 23:18:34.035696,1,1,1,24,77
2025-12-22 23:18:37.902918,1,1,1,25,78
2025-12-22 23:18:40.807487,1,1,1,25,81
2025-12-22 23:18:43.616658,1,1,1,25,84
2025-12-22 23:18:47.433454,1,1,1,25,84
2025-12-22 23:18:50.387867,1,1,1,25,84
2025-12-22 23:18:54.799773,1,1,1,23,84
2025-12-22 23:18:57.676006,1,1,1,20,82
2025-12-22 23:19:00.464764,1,1,1,21,76
2025-12-22 23:19:04.326931,1,1,1,21,73
2025-12-22 23:19:07.635640,1,1,1,21,70
2025-12-22 23:19:11.459086,1,1,1,21,67
2025-12-22 23:19:14.361258,1,1,1,20,66
2025-12-22 23:19:18.276552,1,1,1,20,66
2025-12-22 23:19:21.075793,1,1,1,21,66
2025-12-22 23:19:23.936332,1,1,1,22,66
2025-12-22 23:19:27.795106,1,1,1,21,66
2025-12-22 23:19:31.103794,1,1,1,20,65
2025-12-22 23:19:33.918813,1,1,1,20,62
2025-12-22 23:19:36.824041,1,1,1,18,62
2025-12-22 23:19:39.686638,1,1,1,18,62
2025-12-22 23:19:42.496074,1,1,1,18,63
2025-12-22 23:19:46.360023,1,1,1,18,66
2025-12-22 23:19:49.317841,1,1,1,18,68
2025-12-22 23:19:52.627626,1,1,1,18,68
2025-12-22 23:19:56.484989,1,1,1,18,68
2025-12-22 23:19:59.401946,1,1,1,18,68
2025-12-22 23:20:02.757026,1,1,1,17,68
2025-12-22 23:20:06.521156,1,1,1,17,74
2025-12-22 23:20:10.376730,1,1,1,17,74
2025-12-22 23:20:13.638703,1,1,1,17,74
2025-12-22 23:20:17.445933,1,1,1,17,74
2025-12-22 23:20:21.805424,1,1,1,17,74
2025-12-22 23:20:25.114620,1,1,1,17,72
2025-12-22 23:20:28.923928,1,1,1,17,69
2025-12-22 23:20:32.790766,1,1,1,17,66
2025-12-22 23:20:36.296638,1,1,1,17,63
2025-12-22 23:20:39.108873,1,1,1,16,63
2025-12-22 23:20:41.970256,1,1,1,16,63
2025-12-22 23:20:45.828376,1,1,1,16,63
2025-12-22 23:20:49.144877,1,1,1,17,63
2025-12-22 23:20:52.943112,1,1,1,19,65
2025-12-22 23:20:55.853328,1,1,1,20,68
2025-12-22 23:20:58.666197,1,1,1,21,71
2025-12-22 23:21:02.522613,1,1,1,22,74
2025-12-22 23:21:05.435008,1,1,1,23,76
2025-12-22 23:21:08.793147,1,1,1,23,78
2025-12-22 23:21:12.160060,1,1,1,23,80
2025-12-22 23:21:15.514298,1,1,1,24,74
2025-12-22 23:21:19.421586,1,1,1,24,71
2025-12-22 23:21:22.336765,1,1,1,24,71
2025-12-22 23:21:25.143877,1,1,1,24,71
2025-12-22 23:21:28.953333,1,1,1,24,71
2025-12-22 23:21:32.814965,1,1,1,24,74
2025-12-22 23:21:36.171392,1,1,1,25,80
2025-12-22 23:21:38.981929,1,1,1,25,82
2025-12-22 23:21:42.894477,1,1,1,25,82
2025-12-22 23:21:45.751630,1,1,1,25,82
2025-12-22 23:21:48.564898,1,1,1,25,82
2025-12-22 23:21:52.420362,1,1,1,25,82
2025-12-22 23:21:55.732989,1,1,1,21,82
2025-12-22 23:21:58.541959,1,1,1,19,79
2025-12-22 23:22:01.448857,1,1,1,18,75
2025-12-22 23:22:04.357374,1,1,1,18,72
2025-12-22 23:22:07.167414,1,1,1,18,69
2025-12-22 23:22:10.976068,1,1,1,18,66
2025-12-22 23:22:14.864987,1,1,1,17,66
2025-12-22 23:22:18.194079,1,1,1,16,66
2025-12-22 23:22:21.004990,1,1,1,16,66
2025-12-22 23:22:24.913601,1,1,2,15,66
2025-12-22 23:22:27.775265,1,1,1,15,66
2025-12-22 23:22:30.609502,1,1,1,15,66
2025-12-22 23:22:34.446653,1,1,1,15,66
2025-12-22 23:22:37.415213,1,1,1,15,66
2025-12-22 23:22:40.715953,1,1,1,15,66
2025-12-22 23:22:44.576475,1,1,1,15,66
2025-12-22 23:22:47.491938,1,1,1,15,66
2025-12-22 23:22:50.850851,1,1,1,15,66
2025-12-22 23:22:54.605271,1,1,1,16,66
2025-12-22 23:22:57.561859,1,1,1,16,66
2025-12-22 23:23:01.474383,1,1,1,15,66
2025-12-22 23:23:04.398249,1,1,1,14,66
2025-12-22 23:23:07.192929,1,1,1,14,66
2025-12-22 23:23:11.002499,1,1,1,14,66
2025-12-22 23:23:14.861954,1,1,1,14,66
2025-12-22 23:23:18.621024,1,1,1,14,66
2025-12-22 23:23:22.430531,1,1,1,14,66
2025-12-22 23:23:25.742333,1,1,1,14,66
2025-12-22 23:23:29.550056,1,1,1,14,66
2025-12-22 23:23:33.916713,1,1,1,15,66
2025-12-22 23:23:37.224115,1,1,1,15,64
2025-12-22 23:23:41.031382,1,1,1,15,63
2025-12-22 23:23:43.996750,1,1,1,15,63
2025-12-22 23:23:48.398542,1,1,1,15,63
2025-12-22 23:23:51.207873,1,1,1,15,65
2025-12-22 23:23:54.069670,1,1,1,15,65
2025-12-22 23:23:57.930813,1,1,1,15,65
2025-12-22 23:24:01.239893,1,1,1,15,65
2025-12-22 23:24:04.605554,1,1,1,15,67
2025-12-22 23:24:07.510451,1,1,1,15,67
2025-12-22 23:24:10.423538,1,1,1,15,67
2025-12-22 23:24:13.227126,1,1,1,15,66
2025-12-22 23:24:17.045261,1,2,1,15,65
2025-12-22 23:24:20.898838,1,1,3,15,65
2025-12-22 23:24:24.261292,1,1,1,15,67
2025-12-22 23:24:28.068096,1,1,1,15,66
2025-12-22 23:24:30.979622,1,1,1,15,63
2025-12-22 23:24:33.837943,1,1,1,15,63
2025-12-22 23:24:36.647145,1,1,1,15,63
2025-12-22 23:24:40.511423,1,1,1,16,63
2025-12-22 23:24:43.815092,1,1,1,19,63
2025-12-22 23:24:46.631418,1,1,1,21,63
2025-12-22 23:24:49.544459,1,1,1,21,63
2025-12-22 23:24:52.445187,1,1,1,22,63
2025-12-22 23:24:55.255417,1,1,1,22,63
2025-12-22 23:24:59.067210,1,1,1,20,62
2025-12-22 23:25:02.924551,1,1,1,17,62
2025-12-22 23:25:06.435203,1,1,1,16,62
2025-12-22 23:25:09.248525,1,1,1,15,62
2025-12-22 23:25:12.107776,1,1,1,14,62
2025-12-22 23:25:15.971936,1,1,1,13,62
2025-12-22 23:25:19.272274,1,1,1,13,62
2025-12-22 23:25:23.085665,1,1,1,12,62
2025-12-22 23:25:25.993423,1,1,1,14,62
2025-12-22 23:25:28.807310,1,1,1,15,63
2025-12-22 23:25:32.667290,1,1,1,15,66
2025-12-22 23:25:35.578182,1,1,1,14,68
2025-12-22 23:25:38.935977,1,1,1,14,66
2025-12-22 23:25:42.694926,1,1,1,14,66
2025-12-22 23:25:45.602738,1,1,1,14,66
2025-12-22 23:25:49.010468,1,1,1,14,66
2025-12-22 23:25:51.871828,1,1,1,14,66
2025-12-22 23:25:54.679096,1,1,1,14,66
2025-12-22 23:25:58.541982,1,1,1,14,66
2025-12-22 23:26:01.849204,1,1,1,13,66
2025-12-22 23:26:05.666380,1,1,1,13,66
2025-12-22 23:26:08.621799,1,1,1,13,66
2025-12-22 23:26:13.586670,1,1,1,12,66
2025-12-22 23:26:16.494664,1,1,1,12,66
2025-12-22 23:26:19.320407,1,1,1,12,66
2025-12-22 23:26:23.111731,1,1,1,14,66
2025-12-22 23:26:26.075928,1,1,1,15,66
2025-12-22 23:26:30.482794,1,1,1,15,66
2025-12-22 23:26:33.291655,1,1,1,15,66
2025-12-22 23:26:36.156775,1,1,1,16,66
2025-12-22 23:26:40.012272,1,1,1,16,67
2025-12-22 23:26:43.323392,1,1,1,16,70
2025-12-22 23:26:46.690861,1,1,1,18,73
2025-12-22 23:26:49.645261,1,1,1,20,76
2025-12-22 23:26:53.054132,1,1,1,20,79
2025-12-22 23:26:56.929191,1,1,1,19,82
2025-12-22 23:26:59.674984,1,1,1,21,83
2025-12-22 23:27:04.036578,1,1,1,22,83
2025-12-22 23:27:06.945163,1,1,1,22,83
2025-12-22 23:27:09.705603,1,1,1,21,83
2025-12-22 23:27:13.615156,1,1,2,17,83
2025-12-22 23:27:16.528343,1,1,4,16,83
2025-12-22 23:27:19.336508,1,2,7,16,83
2025-12-22 23:27:23.145209,1,2,10,17,83
2025-12-22 23:27:26.056266,1,2,7,18,84
2025-12-22 23:27:28.865114,1,2,13,17,84
2025-12-22 23:27:32.727176,1,2,15,17,84
2025-12-22 23:27:35.638838,1,2,3,17,81
2025-12-22 23:27:38.998128,1,1,1,17,78
2025-12-22 23:27:42.756782,1,2,5,16,73
2025-12-22 23:27:46.566863,1,2,1,16,73
2025-12-22 23:27:49.877193,1,1,2,16,73
2025-12-22 23:27:53.686057,1,2,2,16,75
2025-12-22 23:27:58.049604,1,2,1,16,76
2025-12-22 23:28:01.358045,1,2,2,16,76
2025-12-22 23:28:05.669882,1,2,1,16,76
2025-12-22 23:28:10.729980,1,2,2,16,76
2025-12-22 23:28:13.639693,1,2,2,16,76
2025-12-22 23:28:16.550654,1,2,1,16,76
2025-12-22 23:28:19.359127,1,2,3,16,76
2025-12-22 23:28:23.670148,1,2,2,16,75
2025-12-22 23:28:27.035230,1,1,3,16,71
2025-12-22 23:28:30.544355,1,1,7,16,65
2025-12-22 23:28:33.351812,1,1,1,16,62
2025-12-22 23:28:36.227086,1,1,1,16,63
2025-12-22 23:28:40.069806,1,2,2,16,64
2025-12-22 23:28:43.387902,1,2,1,15,65
2025-12-22 23:28:47.192236,1,1,5,15,66
2025-12-22 23:28:50.100686,1,2,1,15,66
2025-12-22 23:28:52.928915,1,2,4,15,65
2025-12-22 23:28:58.221869,1,2,1,15,65
2025-12-22 23:29:01.131708,1,2,2,15,65
2025-12-22 23:29:03.996853,1,2,6,15,65
2025-12-22 23:29:06.852275,1,1,1,15,65
2025-12-22 23:29:09.665450,1,1,1,15,65
2025-12-22 23:29:12.573993,1,2,3,15,66
2025-12-22 23:29:15.382118,1,2,1,15,69
2025-12-22 23:29:18.246800,1,1,2,15,69
2025-12-22 23:29:23.445729,1,2,4,15,69
2025-12-22 23:29:25.412389,1,1,2,15,67
2025-12-22 23:29:28.220732,1,1,1,15,66
2025-12-22 23:29:31.131921,1,2,3,15,64
2025-12-22 23:29:33.992100,1,2,2,15,63
2025-12-22 23:29:36.851396,1,1,2,15,63
2025-12-22 23:29:40.660709,1,1,1,15,63
2025-12-22 23:29:43.973542,1,2,3,15,63
2025-12-22 23:29:46.785750,1,2,1,14,63
2025-12-22 23:29:49.690718,1,2,3,14,66
2025-12-22 23:29:52.604611,1,2,2,14,69
2025-12-22 23:29:55.406407,1,1,5,14,72
2025-12-22 23:29:59.220098,1,2,1,14,75
2025-12-22 23:30:03.077726,1,2,1,14,78
2025-12-22 23:30:07.043930,1,2,1,14,84
2025-12-22 23:30:10.396490,1,2,5,14,87
2025-12-22 23:30:14.259235,1,2,5,14,88
2025-12-22 23:30:17.167427,1,2,2,14,88
2025-12-22 23:30:19.975792,1,2,4,14,88
2025-12-22 23:30:23.788245,1,1,2,14,88
2025-12-22 23:30:28.705038,1,1,4,14,88
2025-12-22 23:30:31.618792,1,1,2,14,88
2025-12-22 23:30:34.425105,1,2,2,14,88
2025-12-22 23:30:38.330474,1,2,5,14,88
2025-12-22 23:30:41.189761,1,2,5,14,88
2025-12-22 23:30:44.003922,1,2,3,14,88
2025-12-22 23:30:46.809774,1,2,12,14,88
2025-12-22 23:30:49.722221,1,2,2,14,88
2025-12-22 23:30:52.631531,1,2,4,14,87
2025-12-22 23:30:55.443276,1,2,1,14,86
2025-12-22 23:30:59.753605,1,2,3,15,86
2025-12-22 23:31:03.112968,1,2,4,15,86
2025-12-22 23:31:06.472395,1,2,3,15,86
2025-12-22 23:31:09.281971,1,1,1,15,86
2025-12-22 23:31:13.199916,1,2,5,15,86
2025-12-22 23:31:16.048584,1,2,3,15,86
2025-12-22 23:31:18.861879,1,1,4,15,86
2025-12-22 23:31:22.725501,1,2,1,14,86
2025-12-22 23:31:25.676859,1,2,1,14,86
2025-12-22 23:31:28.987546,1,2,7,14,86
2025-12-22 23:31:32.846482,1,2,5,14,85
2025-12-22 23:31:35.758154,1,1,3,14,85
2025-12-22 23:31:39.145200,1,1,1,14,85
2025-12-22 23:31:42.888091,1,1,1,14,85
2025-12-22 23:31:45.790528,1,2,1,14,85
2025-12-22 23:31:49.700426,1,2,1,14,85
2025-12-22 23:31:53.010145,1,2,5,14,88
2025-12-22 23:31:56.879805,1,2,5,14,88
2025-12-22 23:31:59.778787,1,2,4,14,88
2025-12-22 23:32:03.139058,1,1,1,14,88
2025-12-22 23:32:07.506517,1,1,1,14,88
2025-12-22 23:32:10.360045,1,1,1,14,88
2025-12-22 23:32:13.220767,1,2,5,14,88
2025-12-22 23:32:16.078780,1,2,5,14,88
2025-12-22 23:32:18.938382,1,2,1,14,88
2025-12-22 23:32:22.749727,1,2,6,14,88
2025-12-22 23:32:25.709292,1,2,5,14,88
2025-12-22 23:32:29.017519,1,2,3,14,88
2025-12-22 23:32:32.877271,1,1,3,14,86
2025-12-22 23:32:35.789112,1,1,5,14,80
2025-12-22 23:32:39.147132,1,2,10,14,74
2025-12-22 23:32:42.907115,1,2,7,14,68
2025-12-22 23:32:45.874584,1,2,16,14,68
2025-12-22 23:32:49.776625,1,2,8,23,100
2025-12-22 23:32:52.687065,1,2,10,23,100
2025-12-22 23:32:55.496964,1,1,1,23,100
2025-12-22 23:32:59.304139,1,1,1,23,100
2025-12-22 23:33:03.163658,1,1,1,24,100
2025-12-22 23:33:07.966052,1,1,1,22,100
2025-12-22 23:33:09.333305,1,1,1,19,100
2025-12-22 23:33:13.242634,1,1,1,18,100
2025-12-22 23:33:16.102418,1,1,1,17,100
2025-12-22 23:33:18.912432,1,1,1,16,97
2025-12-22 23:33:22.774839,1,1,1,15,94
2025-12-22 23:33:26.084751,1,1,1,14,91
2025-12-22 23:33:29.493585,1,1,1,13,88
2025-12-22 23:33:32.352892,1,1,1,14,86
2025-12-22 23:33:35.264445,1,1,1,16,83
2025-12-22 23:33:38.073307,1,1,1,18,83
2025-12-22 23:33:41.884940,1,1,1,19,82
2025-12-22 23:33:46.240069,1,1,1,20,81
2025-12-22 23:33:49.149135,1,1,1,18,81
2025-12-22 23:33:51.909270,1,1,1,18,79
2025-12-22 23:33:55.821866,1,1,1,19,73
2025-12-22 23:33:58.729209,1,1,1,18,70
2025-12-22 23:34:01.543298,1,1,1,18,67
2025-12-22 23:34:05.348472,1,1,1,15,64
2025-12-22 23:34:08.310535,1,1,1,14,63
2025-12-22 23:34:12.719406,1,1,1,13,64
2025-12-22 23:34:15.533459,1,1,1,13,65
2025-12-22 23:34:18.389478,1,1,1,12,65
2025-12-22 23:34:22.250511,1,1,1,12,65
2025-12-22 23:34:25.565434,1,1,1,12,65
2025-12-22 23:34:29.367080,1,1,1,14,65
2025-12-22 23:34:32.283413,1,1,1,14,65
2025-12-22 23:34:35.092006,1,1,1,14,65
2025-12-22 23:34:38.946361,1,1,1,14,65
2025-12-22 23:34:41.860017,1,1,1,13,63
2025-12-22 23:34:45.220072,1,1,1,13,63
2025-12-22 23:34:48.975711,1,1,1,12,65
2025-12-22 23:34:52.800005,1,1,1,15,65
2025-12-22 23:34:56.095637,1,1,1,19,65
2025-12-22 23:34:59.909838,1,1,1,20,64
2025-12-22 23:35:04.266288,1,1,1,21,63
2025-12-22 23:35:07.578278,1,1,1,22,63
2025-12-22 23:35:11.390816,1,1,1,23,63
2025-12-22 23:35:14.347834,1,1,1,23,63
2025-12-22 23:35:18.754941,1,1,1,23,63
2025-12-22 23:35:21.571281,1,1,1,22,63
2025-12-22 23:35:24.434909,1,1,1,19,63
2025-12-22 23:35:28.311933,1,1,1,17,63
2025-12-22 23:35:32.149606,1,1,1,14,63
2025-12-22 23:35:36.995410,1,1,1,14,63
2025-12-22 23:35:38.421650,1,1,1,13,63
2025-12-22 23:35:41.325481,1,1,1,13,64
2025-12-22 23:35:44.136205,1,1,1,13,67
2025-12-22 23:35:47.945174,1,1,1,13,70
2025-12-22 23:35:52.304648,1,1,1,13,71
2025-12-22 23:35:55.215749,1,1,1,13,70
2025-12-22 23:35:57.979334,1,1,1,13,67
2025-12-22 23:36:01.888493,1,1,1,13,67
2025-12-22 23:36:04.797122,1,1,1,12,67
2025-12-22 23:36:07.607131,1,2,5,12,67
2025-12-22 23:36:11.417220,1,2,10,12,67
2025-12-22 23:36:14.381086,1,2,15,23,67
2025-12-22 23:36:18.795796,1,2,6,23,100
2025-12-22 23:36:23.488169,1,1,6,24,100
2025-12-22 23:36:24.456193,1,1,1,23,100
2025-12-22 23:36:30.487105,1,1,1,24,100
2025-12-22 23:36:31.627195,1,1,8,24,100
2025-12-22 23:36:34.985926,1,2,1,22,100
2025-12-22 23:36:37.899732,1,2,1,20,100
2025-12-22 23:36:40.810090,1,2,1,19,100
2025-12-22 23:36:43.618606,1,1,3,19,99
2025-12-22 23:36:47.429490,1,2,1,18,93
2025-12-22 23:36:51.290497,1,1,2,17,87
2025-12-22 23:36:54.598465,1,2,17,17,75
2025-12-22 23:36:57.464724,1,2,11,16,71
2025-12-22 23:37:01.369666,1,2,9,16,71
2025-12-22 23:37:04.235795,1,2,3,17,74
2025-12-22 23:37:07.053136,1,1,1,17,74
2025-12-22 23:37:10.898332,1,2,2,17,74
2025-12-22 23:37:14.911875,1,1,1,16,74
2025-12-22 23:37:18.820466,1,1,12,17,74
2025-12-22 23:37:21.629538,1,2,42,17,74
2025-12-22 23:37:24.488983,1,2,5,16,75
2025-12-22 23:37:28.348293,1,2,5,16,75
2025-12-22 23:37:31.658833,1,1,2,15,75
2025-12-22 23:37:35.019556,1,1,2,15,74
2025-12-22 23:37:37.928690,1,2,1,15,71
2025-12-22 23:37:40.838500,1,2,1,15,71
2025-12-22 23:37:43.649711,1,2,4,15,71
2025-12-22 23:37:47.958830,1,2,1,15,71
2025-12-22 23:37:51.318613,1,2,4,14,71
2025-12-22 23:37:54.689301,1,1,1,13,71
2025-12-22 23:37:57.487664,1,1,1,12,71
2025-12-22 23:38:01.399798,1,2,4,11,71
2025-12-22 23:38:04.759671,1,1,1,11,71
2025-12-22 23:38:07.516950,1,1,1,11,71
2025-12-22 23:38:10.427212,1,2,2,11,70
2025-12-22 23:38:13.285250,1,1,1,11,67
2025-12-22 23:38:16.095000,1,1,2,11,65
2025-12-22 23:38:19.955387,1,2,2,11,65
2025-12-22 23:38:22.866664,1,2,2,11,65
2025-12-22 23:38:25.674308,1,1,4,11,65
2025-12-22 23:38:29.485384,1,2,1,11,65
2025-12-22 23:38:33.351243,1,2,2,11,65
2025-12-22 23:38:36.855748,1,1,1,11,65
2025-12-22 23:38:39.667723,1,1,7,11,65
2025-12-22 23:38:42.525222,1,2,4,11,65
2025-12-22 23:38:46.386994,1,2,2,11,65
2025-12-22 23:38:49.699342,1,1,2,12,65
2025-12-22 23:38:53.505401,1,1,1,13,65
2025-12-22 23:38:56.413978,1,1,1,13,65
2025-12-22 23:38:59.225379,1,2,7,13,67
2025-12-22 23:39:03.084717,1,2,15,13,69
2025-12-22 23:39:05.994597,1,2,7,13,69
2025-12-22 23:39:09.354749,1,2,91,13,71
2025-12-22 23:39:13.124618,1,2,4,13,77
2025-12-22 23:39:16.924720,1,2,7,13,80
2025-12-22 23:39:20.237654,1,2,4,16,83
2025-12-22 23:39:24.548037,1,1,1,17,89
2025-12-22 23:39:28.405142,1,2,3,17,92
2025-12-22 23:39:31.714589,1,2,1,17,95
2025-12-22 23:39:35.546003,1,2,1,17,92
2025-12-22 23:39:38.484819,1,2,1,18,89
2025-12-22 23:39:42.891665,1,2,6,19,95
2025-12-22 23:39:45.701644,1,2,3,20,98
2025-12-22 23:39:48.612689,1,2,4,21,98
2025-12-22 23:39:52.422248,1,2,5,21,98
2025-12-22 23:39:55.738003,1,2,6,19,96
2025-12-22 23:39:59.092246,1,2,1,18,90
2025-12-22 23:40:02.003386,1,2,5,16,86
2025-12-22 23:40:04.910973,1,1,2,15,83
2025-12-22 23:40:07.722068,1,2,5,15,80
2025-12-22 23:40:12.032411,1,1,3,15,78
2025-12-22 23:40:15.393419,1,1,9,14,78
2025-12-22 23:40:18.762666,1,2,3,14,78
2025-12-22 23:40:21.566398,1,1,3,14,78
2025-12-22 23:40:26.424592,1,2,4,14,78
2025-12-22 23:40:29.733377,1,1,1,14,78
2025-12-22 23:40:32.592394,1,2,10,14,78
2025-12-22 23:40:35.507461,1,2,9,14,78
2025-12-22 23:40:42.515751,1,1,9,14,78
2025-12-22 23:40:43.928590,1,2,3,14,78
2025-12-22 23:40:46.738669,1,1,4,14,78
2025-12-22 23:40:50.597545,1,2,1,14,78
2025-12-22 23:40:53.509236,1,2,2,14,78
2025-12-22 23:40:56.315937,1,2,5,14,78
2025-12-22 23:40:59.181337,1,1,1,14,78
2025-12-22 23:41:02.034490,1,2,10,14,78
2025-12-22 23:41:04.952287,1,1,4,14,78
2025-12-22 23:41:07.758577,1,1,1,14,75
2025-12-22 23:41:12.067806,1,2,1,14,72
2025-12-22 23:41:15.428500,1,2,1,14,72
2025-12-22 23:41:18.946697,1,1,2,14,72
2025-12-22 23:41:21.748821,1,1,3,14,72
2025-12-22 23:41:24.659429,1,2,2,14,72
2025-12-22 23:41:28.470593,1,2,4,14,69
2025-12-22 23:41:31.781673,1,2,4,14,68
2025-12-22 23:41:35.587662,1,1,1,15,66
2025-12-22 23:41:38.504966,1,2,5,16,66
2025-12-22 23:41:41.309444,1,2,7,18,69
2025-12-22 23:41:45.168792,1,2,2,19,72
2025-12-22 23:41:48.085576,1,2,4,18,75
2025-12-22 23:41:51.438141,1,1,2,17,78
2025-12-22 23:41:55.201573,1,1,1,16,70
2025-12-22 23:41:58.065985,1,2,19,15,67
2025-12-22 23:42:00.974940,1,2,44,15,64
2025-12-22 23:42:03.776280,1,2,1,15,62
2025-12-22 23:42:06.636560,1,1,1,15,62
2025-12-22 23:42:11.530782,1,1,1,15,62
2025-12-22 23:42:13.814814,1,1,1,14,62
2025-12-22 23:42:16.616536,1,1,1,14,62
2025-12-22 23:42:19.529675,1,1,1,13,62
2025-12-22 23:42:22.385742,1,1,1,13,62
2025-12-22 23:42:25.202714,1,1,1,14,62
2025-12-22 23:42:29.055601,1,1,1,14,62
2025-12-22 23:42:32.367184,1,1,1,14,62
2025-12-22 23:42:35.175380,1,1,1,13,62
2025-12-22 23:42:38.086610,1,1,1,12,63
2025-12-22 23:42:40.999798,1,1,1,12,64
2025-12-22 23:42:43.804943,1,1,1,12,64
2025-12-22 23:42:47.620190,1,1,1,11,66
2025-12-22 23:42:51.474195,1,1,1,12,69
2025-12-22 23:42:55.252541,1,1,1,12,75
2025-12-22 23:42:59.045805,1,2,1,14,76
2025-12-22 23:43:02.353136,1,1,1,16,76
2025-12-22 23:43:06.169078,1,1,1,15,76
2025-12-22 23:43:10.528002,1,1,1,16,70
2025-12-22 23:43:13.833156,1,1,1,18,70
2025-12-22 23:43:17.194740,1,1,1,19,70
2025-12-22 23:43:20.103952,1,1,1,21,67
2025-12-22 23:43:23.011335,1,1,1,21,67
2025-12-22 23:43:25.823007,1,1,1,21,67
2025-12-22 23:43:29.633011,1,1,1,18,67
2025-12-22 23:43:33.491994,1,1,1,19,67
2025-12-22 23:43:37.259304,1,1,1,20,67
2025-12-22 23:43:41.061242,1,1,1,20,67
2025-12-22 23:43:44.370721,1,1,1,20,67
2025-12-22 23:43:48.180126,1,1,1,21,67
2025-12-22 23:43:52.543195,1,1,1,20,67
2025-12-22 23:43:55.854651,1,1,1,21,70
2025-12-22 23:44:00.160901,1,1,1,22,73
2025-12-22 23:44:04.520394,1,1,1,21,79
2025-12-22 23:44:07.831724,1,1,1,20,82
2025-12-22 23:44:11.646398,1,1,1,17,81
2025-12-22 23:44:15.499954,1,1,1,16,81
2025-12-22 23:44:19.272833,1,1,1,16,77
2025-12-22 23:44:23.120390,1,2,1,15,72
2025-12-22 23:44:26.083285,1,1,1,15,69
2025-12-22 23:44:29.390352,1,1,1,16,66
2025-12-22 23:44:33.251998,1,1,1,17,67
2025-12-22 23:44:36.162865,1,1,1,17,68
2025-12-22 23:44:39.526986,1,1,1,17,68
2025-12-22 23:44:43.281253,1,1,1,18,68
2025-12-22 23:44:46.192301,1,1,1,18,68
2025-12-22 23:44:49.599871,1,1,1,18,71
2025-12-22 23:44:52.459273,1,1,1,18,72
2025-12-22 23:44:55.269073,1,1,1,17,72
2025-12-22 23:44:59.129814,1,1,1,16,72
2025-12-22 23:45:02.438781,1,1,1,15,75
2025-12-22 23:45:06.251111,1,1,1,16,78
2025-12-22 23:45:09.164068,1,1,1,17,78
2025-12-22 23:45:13.068411,1,2,15,17,78
2025-12-22 23:45:15.884985,1,2,69,17,100
2025-12-22 23:45:18.738155,1,2,62,24,100
2025-12-22 23:45:22.598548,1,2,24,24,100
2025-12-22 23:45:26.610174,1,1,1,23,100
2025-12-22 23:45:29.423573,1,2,7,24,100
2025-12-22 23:45:33.893010,1,2,1,23,100
2025-12-22 23:45:36.749547,1,1,1,24,100
2025-12-22 23:45:40.605985,1,1,1,23,100
2025-12-22 23:45:43.914745,1,2,1,23,100
2025-12-22 23:45:47.273023,1,1,5,24,100
2025-12-22 23:45:50.234396,1,1,3,24,100
2025-12-22 23:45:53.646135,1,1,1,24,100
2025-12-22 23:45:56.460711,1,1,1,24,100
2025-12-22 23:46:00.765398,1,1,1,25,100
2025-12-22 23:46:04.631041,1,1,1,25,100
2025-12-22 23:46:07.485799,1,2,1,25,100
2025-12-22 23:46:10.345325,1,2,1,25,100
2025-12-22 23:46:14.206264,1,2,1,25,97
2025-12-22 23:46:17.116759,1,1,3,24,93
2025-12-22 23:46:19.928178,1,1,1,24,90
2025-12-22 23:46:24.237695,1,2,1,20,87
2025-12-22 23:46:28.600291,1,1,1,18,83
2025-12-22 23:46:31.908010,1,2,2,17,80
2025-12-22 23:46:36.217195,1,1,4,16,77
2025-12-22 23:46:39.587214,1,1,1,17,74
2025-12-22 23:46:43.348922,1,1,1,17,75
2025-12-22 23:46:47.199286,1,2,2,18,78
2025-12-22 23:46:50.110236,1,1,5,18,81
2025-12-22 23:46:52.930137,1,1,3,18,82
2025-12-22 23:46:56.829659,1,1,1,19,82
2025-12-22 23:46:59.696175,1,2,1,19,82
2025-12-22 23:47:02.504177,1,2,1,17,82
2025-12-22 23:47:06.808619,1,1,9,15,77
2025-12-22 23:47:10.631620,1,1,1,14,74
2025-12-22 23:47:13.926580,1,1,1,14,77
2025-12-22 23:47:18.238222,1,1,1,13,80
2025-12-22 23:47:21.599911,1,2,12,14,82
2025-12-22 23:47:25.361410,1,1,1,16,82
2025-12-22 23:47:29.266324,1,1,1,15,82
2025-12-22 23:47:32.129261,1,1,1,15,82
2025-12-22 23:47:34.939930,1,1,1,15,79
2025-12-22 23:47:38.798210,1,1,1,14,77
2025-12-22 23:47:41.713500,1,1,1,14,77
2025-12-22 23:47:44.518720,1,1,2,14,74
2025-12-22 23:47:48.330707,1,1,1,14,71
2025-12-22 23:47:51.238378,1,1,1,14,71
2025-12-22 23:47:55.150838,1,1,1,14,71
2025-12-22 23:47:57.962506,1,1,1,14,71
2025-12-22 23:48:01.369461,1,2,16,14,71
2025-12-22 23:48:05.230338,1,2,9,16,71
2025-12-22 23:48:08.540454,1,2,12,24,100
2025-12-22 23:48:12.551227,1,2,2,24,100
2025-12-22 23:48:15.411634,1,1,2,24,100
2025-12-22 23:48:18.277363,1,1,1,24,100
2025-12-22 23:48:21.631333,1,1,1,23,100
2025-12-22 23:48:25.391937,1,1,1,22,100
2025-12-22 23:48:29.250954,1,1,1,20,100
2025-12-22 23:48:32.166811,1,2,1,18,100
2025-12-22 23:48:34.978981,1,1,3,18,96
2025-12-22 23:48:38.834080,1,1,1,17,90
2025-12-22 23:48:41.741787,1,1,1,16,84
2025-12-22 23:48:44.549858,1,1,1,16,78
2025-12-22 23:48:48.362406,1,1,1,16,73
2025-12-22 23:48:51.274567,1,2,1,16,70
2025-12-22 23:48:55.189501,1,1,3,16,65
2025-12-22 23:48:57.994028,1,1,1,15,65
2025-12-22 23:49:00.851797,1,1,1,14,65
2025-12-22 23:49:04.714165,1,2,3,14,64
2025-12-22 23:49:08.029140,1,2,1,14,64
2025-12-22 23:49:10.835140,1,1,1,14,64
2025-12-22 23:49:13.743200,1,1,1,14,64
2025-12-22 23:49:16.605688,1,2,2,14,64
2025-12-22 23:49:19.465051,1,1,1,14,64
2025-12-22 23:49:22.778630,1,1,1,14,64
2025-12-22 23:49:27.787460,1,1,1,14,64
2025-12-22 23:49:31.198981,1,1,1,14,64
2025-12-22 23:49:34.007441,1,2,4,14,64
2025-12-22 23:49:36.870339,1,2,7,14,64
2025-12-22 23:49:40.726771,1,2,6,14,64
2025-12-22 23:49:44.038766,1,2,5,14,64
2025-12-22 23:49:47.897606,1,2,2,14,64
2025-12-22 23:49:51.213624,1,2,2,14,64
2025-12-22 23:49:54.517226,1,1,1,14,64
2025-12-22 23:49:57.337273,1,1,1,14,64
2025-12-22 23:50:01.238311,1,2,2,14,64
2025-12-22 23:50:04.047300,1,2,2,14,64
2025-12-22 23:50:07.406923,1,2,25,14,64
2025-12-22 23:50:11.274100,1,2,27,14,100
2025-12-22 23:50:14.579613,1,2,3,24,100
2025-12-22 23:50:18.388633,1,1,1,23,100
2025-12-22 23:50:22.752290,1,1,1,24,100
2025-12-22 23:50:26.061241,1,1,1,24,100
2025-12-22 23:50:29.420622,1,1,1,23,100
2025-12-22 23:50:32.330095,1,1,1,20,100
2025-12-22 23:50:35.243967,1,1,1,18,100
2025-12-22 23:50:38.048461,1,1,1,18,100
2025-12-22 23:50:41.861988,1,1,1,17,100
2025-12-22 23:50:45.719452,1,1,1,17,100
2025-12-22 23:50:49.030467,1,1,1,18,97
2025-12-22 23:50:51.890619,1,1,1,18,94
2025-12-22 23:50:55.804415,1,2,6,18,91
2025-12-22 23:50:58.660086,1,2,4,18,85
2025-12-22 23:51:01.469140,1,1,1,19,79
2025-12-22 23:51:05.331446,1,1,1,19,76
2025-12-22 23:51:08.289316,1,1,1,20,73
2025-12-22 23:51:11.597972,1,1,2,20,71
2025-12-22 23:51:15.458871,1,1,1,21,71
2025-12-22 23:51:18.368860,1,1,1,22,74
2025-12-22 23:51:21.727926,1,1,1,22,77
2025-12-22 23:51:25.487296,1,1,2,20,83
2025-12-22 23:51:28.996808,1,1,2,19,79
2025-12-22 23:51:31.808474,1,1,1,18,76
2025-12-22 23:51:34.668151,1,1,1,19,75
2025-12-22 23:51:37.482590,1,1,1,20,78
2025-12-22 23:51:41.337623,1,1,1,20,81
2025-12-22 23:51:44.645481,1,1,1,17,81
2025-12-22 23:51:48.458310,1,1,1,16,77
2025-12-22 23:51:51.370850,1,1,1,15,74
2025-12-22 23:51:55.279223,1,1,1,15,69
2025-12-22 23:51:58.088588,1,1,1,14,68
2025-12-22 23:52:01.000386,1,1,1,14,68
2025-12-22 23:52:07.083606,1,1,1,14,68
2025-12-22 23:52:07.717258,1,1,1,14,67
2025-12-22 23:52:10.484085,1,1,1,14,64
2025-12-22 23:52:14.388459,1,1,1,14,63
2025-12-22 23:52:17.322128,1,1,1,14,63
2025-12-22 23:52:20.105544,1,1,1,14,63
2025-12-22 23:52:24.441563,1,1,1,14,63
2025-12-22 23:52:27.780634,1,1,1,14,63
2025-12-22 23:52:31.295202,1,1,1,14,63
2025-12-22 23:52:34.097174,1,1,1,14,63
2025-12-22 23:52:36.955103,1,1,1,14,63
2025-12-22 23:52:40.826937,1,2,3,14,63
2025-12-22 23:52:46.085272,1,1,1,14,64
2025-12-22 23:52:47.944133,1,2,1,14,67
2025-12-22 23:52:50.844812,1,2,21,14,70
2025-12-22 23:52:53.652188,1,2,28,14,73
2025-12-22 23:52:57.513292,1,2,5,15,73
2025-12-22 23:53:00.423690,1,2,3,15,69
2025-12-22 23:53:03.782561,1,2,2,16,66
2025-12-22 23:53:07.593833,1,1,2,16,63
2025-12-22 23:53:10.402886,1,1,4,17,63
2025-12-22 23:53:13.312005,1,2,18,17,63
2025-12-22 23:53:16.120479,1,2,4,17,63
2025-12-22 23:53:19.031366,1,2,12,17,63
2025-12-22 23:53:22.841485,1,2,12,17,65
2025-12-22 23:53:26.153198,1,2,1,17,68
2025-12-22 23:53:29.960788,1,2,12,17,71
2025-12-22 23:53:32.871833,1,2,4,17,74
2025-12-22 23:53:35.684761,1,2,1,17,77
2025-12-22 23:53:40.497692,1,1,1,17,71
2025-12-22 23:53:43.905024,1,1,1,17,68
2025-12-22 23:53:46.769443,1,1,1,17,65
2025-12-22 23:53:50.127863,1,1,3,17,65
2025-12-22 23:53:53.951944,1,1,1,16,65
2025-12-22 23:53:57.797378,1,1,1,16,65
2025-12-22 23:54:01.556970,1,2,1,16,65
2025-12-22 23:54:05.418653,1,1,1,16,65
2025-12-22 23:54:08.726926,1,2,1,16,65
2025-12-22 23:54:11.588298,1,2,1,16,65
2025-12-22 23:54:14.901456,1,1,1,16,65
2025-12-22 23:54:17.708987,1,1,1,16,65
2025-12-22 23:54:23.017868,1,1,3,16,66
2025-12-22 23:54:25.931607,1,2,1,17,69
2025-12-22 23:54:28.790156,1,1,1,16,71
2025-12-22 23:54:32.150005,1,1,1,17,71
2025-12-22 23:54:36.460921,1,1,1,19,69
2025-12-22 23:54:39.820972,1,2,1,19,66
2025-12-22 23:54:43.580234,1,1,1,19,65
2025-12-22 23:54:47.443270,1,1,1,18,65
2025-12-22 23:54:51.853206,1,1,1,16,65
2025-12-22 23:54:54.763546,1,1,1,15,65
2025-12-22 23:54:57.622227,1,1,1,15,65
2025-12-22 23:55:00.932285,1,1,1,14,69
2025-12-22 23:55:03.793637,1,1,2,14,69
2025-12-22 23:55:06.602380,1,2,1,14,69
2025-12-22 23:55:11.564568,1,1,1,14,69
2025-12-22 23:55:14.476859,1,1,2,14,69
2025-12-22 23:55:17.386660,1,1,1,14,69
2025-12-22 23:55:20.194175,1,1,1,14,69
2025-12-22 23:55:24.005920,1,1,1,14,69
2025-12-22 23:55:27.868414,1,2,1,14,68
2025-12-22 23:55:32.176995,1,2,17,14,67
2025-12-22 23:55:35.984399,1,2,5,14,67
2025-12-22 23:55:39.845228,1,2,3,14,67
2025-12-22 23:55:43.604639,1,2,6,14,67
2025-12-22 23:55:47.465249,1,2,11,14,67
2025-12-22 23:55:50.792836,1,1,1,14,67
2025-12-22 23:55:54.238912,1,1,1,14,67
2025-12-22 23:55:57.597559,1,2,1,14,67
2025-12-22 23:56:00.506645,1,2,6,14,66
2025-12-22 23:56:03.867559,1,1,8,13,66
2025-12-22 23:56:07.633111,1,1,1,13,70
2025-12-22 23:56:11.486459,1,1,1,13,73
2025-12-22 23:56:14.399194,1,1,1,15,76
2025-12-22 23:56:17.210954,1,1,1,15,77
2025-12-22 23:56:21.069902,1,1,1,15,77
2025-12-22 23:56:23.986408,1,1,1,14,77
2025-12-22 23:56:26.785199,1,1,1,13,77
2025-12-22 23:56:30.596664,1,1,1,12,77
2025-12-22 23:56:34.004867,1,1,1,11,77
2025-12-22 23:56:37.414752,1,1,1,12,77
2025-12-22 23:56:40.234087,1,2,3,13,77
2025-12-22 23:56:43.086814,1,2,11,14,76
2025-12-22 23:56:46.947968,1,2,4,14,76
2025-12-22 23:56:50.262783,1,1,1,15,76
2025-12-22 23:56:53.618078,1,1,5,15,76
2025-12-22 23:56:56.525708,1,1,2,15,76
2025-12-22 23:56:59.435218,1,1,2,15,75
2025-12-22 23:57:02.245071,1,1,1,15,72
2025-12-22 23:57:06.053680,1,1,1,13,69
2025-12-22 23:57:09.915155,1,1,1,12,66
2025-12-22 23:57:13.675527,1,1,1,11,64
2025-12-22 23:57:17.486690,1,1,1,11,64
2025-12-22 23:57:20.792806,1,1,1,11,64
2025-12-22 23:57:24.613407,1,1,1,11,64
2025-12-22 23:57:28.977735,1,1,1,11,64
2025-12-22 23:57:32.275521,1,1,1,11,64
2025-12-22 23:57:36.083086,1,1,1,12,64
2025-12-22 23:57:38.997767,1,1,2,13,64
2025-12-22 23:57:41.802629,1,1,1,13,64
2025-12-22 23:57:45.662295,1,1,1,14,64
2025-12-22 23:57:48.574912,1,1,1,14,64
2025-12-22 23:57:51.933416,1,1,1,14,64
2025-12-22 23:57:55.703053,1,1,3,14,64
2025-12-22 23:57:59.502749,1,2,14,14,65
2025-12-22 23:58:02.813014,1,1,3,14,65
2025-12-22 23:58:06.623695,1,2,18,14,65
2025-12-22 23:58:10.986178,1,2,6,15,65
2025-12-22 23:58:14.292704,1,2,1,16,65
2025-12-22 23:58:18.105578,1,2,2,16,65
2025-12-22 23:58:21.015158,1,2,2,16,65
2025-12-22 23:58:23.824389,1,2,2,15,67
2025-12-22 23:58:28.637833,1,1,2,15,73
2025-12-22 23:58:32.497247,1,1,1,15,73
2025-12-22 23:58:35.307707,1,1,1,15,73
2025-12-22 23:58:39.166353,1,2,3,13,73
2025-12-22 23:58:42.031598,1,1,1,13,73
2025-12-22 23:58:44.847001,1,1,1,12,73
2025-12-22 23:58:49.148498,1,1,1,12,73
2025-12-22 23:58:53.007475,1,1,1,12,73
2025-12-22 23:58:56.323532,1,1,1,12,73
2025-12-22 23:59:00.127954,1,1,1,12,73
2025-12-22 23:59:04.037495,1,1,1,12,70
2025-12-22 23:59:07.348222,1,1,2,12,70
2025-12-22 23:59:10.159255,1,2,6,12,70
2025-12-22 23:59:14.067229,1,2,3,12,73
2025-12-22 23:59:16.925725,1,1,2,12,76
2025-12-22 23:59:19.744030,1,1,1,12,79
2025-12-22 23:59:23.100810,1,1,1,12,81
2025-12-22 23:59:26.516297,1,2,1,12,81
2025-12-22 23:59:29.317000,1,1,1,12,81
2025-12-22 23:59:33.227479,1,1,1,15,81
2025-12-22 23:59:36.087644,1,1,1,16,84
2025-12-22 23:59:38.899254,1,2,4,18,87
2025-12-22 23:59:41.704379,1,2,27,19,89
2025-12-22 23:59:44.615736,1,2,7,23,100
2025-12-22 23:59:49.625657,1,2,8,24,100
2025-12-22 23:59:50.335496,1,2,5,24,100
2025-12-22 23:59:54.214632,1,1,2,23,100
2025-12-22 23:59:57.103375,1,1,1,24,100
2025-12-23 00:00:03.016169,1,1,1,24,100
2025-12-23 00:00:06.323875,1,2,3,24,100
2025-12-23 00:00:09.239302,1,1,1,23,100
2025-12-23 00:00:12.102192,1,2,2,21,100
2025-12-23 00:00:14.904382,1,2,2,20,98
2025-12-23 00:00:18.721397,1,1,4,21,92
2025-12-23 00:00:21.679946,1,2,20,21,90
2025-12-23 00:00:26.092023,1,2,3,20,90
2025-12-23 00:00:28.946013,1,1,1,19,90
2025-12-23 00:00:31.755746,1,1,1,17,90
2025-12-23 00:00:35.616561,1,1,1,16,90
2025-12-23 00:00:38.923796,1,1,1,17,90
2025-12-23 00:00:42.733073,1,1,1,16,90
2025-12-23 00:00:45.642979,1,1,1,16,86
2025-12-23 00:00:49.556189,1,1,1,15,78
2025-12-23 00:00:52.362131,1,1,1,14,78
2025-12-23 00:00:55.223991,1,1,1,13,78
2025-12-23 00:00:59.082691,1,1,1,13,78
2025-12-23 00:01:02.397336,1,1,1,12,78
2025-12-23 00:01:05.202974,1,1,1,12,78
2025-12-23 00:01:08.118340,1,1,1,12,78
2025-12-23 00:01:10.972599,1,1,1,12,78
2025-12-23 00:01:13.780286,1,1,1,12,78
2025-12-23 00:01:17.649205,1,1,1,12,78
2025-12-23 00:01:20.956115,1,1,1,14,78
2025-12-23 00:01:23.759819,1,1,1,15,78
2025-12-23 00:01:26.668680,1,1,1,15,78
2025-12-23 00:01:29.578891,1,1,1,14,77
2025-12-23 00:01:32.390192,1,1,1,14,76
2025-12-23 00:01:36.198869,1,1,1,14,73
2025-12-23 00:01:40.059411,1,1,1,14,70
2025-12-23 00:01:43.367740,1,1,1,14,66
2025-12-23 00:01:46.228612,1,1,1,14,66
2025-12-23 00:01:50.140161,1,1,1,14,66
2025-12-23 00:01:52.997319,1,1,1,14,66
2025-12-23 00:01:55.823756,1,1,1,14,65
2025-12-23 00:01:59.674453,1,1,1,14,65
2025-12-23 00:02:02.579258,1,1,1,13,65
2025-12-23 00:02:05.419484,1,1,1,13,65
2025-12-23 00:02:09.246544,1,1,1,12,66
2025-12-23 00:02:12.157667,1,1,1,12,66
2025-12-23 00:02:14.972057,1,1,1,12,67
2025-12-23 00:02:18.781661,1,1,1,12,67
2025-12-23 00:02:21.741596,1,1,1,12,68
2025-12-23 00:02:26.197736,1,1,1,12,67
2025-12-23 00:02:29.609211,1,1,1,12,67
2025-12-23 00:02:32.418639,1,1,1,12,67
2025-12-23 00:02:36.227338,1,1,1,12,70
2025-12-23 00:02:40.087210,1,1,1,12,73
2025-12-23 00:02:43.452994,1,1,1,12,79
2025-12-23 00:02:46.812748,1,1,1,12,79
2025-12-23 00:02:50.719728,1,1,1,12,79
2025-12-23 00:02:53.640116,1,1,1,12,76
2025-12-23 00:02:56.443228,1,1,1,12,74
2025-12-23 00:03:00.255925,1,1,1,12,71
2025-12-23 00:03:03.211866,1,1,1,12,70
2025-12-23 00:03:07.620216,1,1,1,12,68
2025-12-23 00:03:10.429240,1,1,1,12,68
2025-12-23 00:03:13.290207,1,1,1,12,68
2025-12-23 00:03:17.159842,1,1,1,12,66
2025-12-23 00:03:20.462938,1,1,1,12,65
2025-12-23 00:03:24.430938,1,1,1,12,65
2025-12-23 00:03:27.280561,1,1,1,12,65
2025-12-23 00:03:30.192975,1,1,1,12,65
2025-12-23 00:03:33.000453,1,1,1,12,65
2025-12-23 00:03:36.808343,1,1,1,12,65
2025-12-23 00:03:41.171266,1,1,1,12,65
2025-12-23 00:03:44.091746,1,1,1,12,65
2025-12-23 00:03:46.838292,1,1,1,12,65
2025-12-23 00:03:50.752120,1,1,1,12,65
2025-12-23 00:03:53.656210,1,1,1,12,65
2025-12-23 00:03:56.467710,1,1,1,12,65
2025-12-23 00:04:00.276599,1,1,1,12,65
2025-12-23 00:04:04.136481,1,1,1,13,65
2025-12-23 00:04:07.647531,1,1,1,13,67
2025-12-23 00:04:10.457131,1,1,1,13,69
2025-12-23 00:04:13.316955,1,1,1,13,69
2025-12-23 00:04:17.176790,1,1,1,13,69
2025-12-23 00:04:20.485145,1,1,1,13,67
2025-12-23 00:04:24.317057,1,1,1,13,64
2025-12-23 00:04:27.207726,1,1,1,13,64
2025-12-23 00:04:30.017271,1,1,1,13,64
2025-12-23 00:04:33.883279,1,1,2,13,64
2025-12-23 00:04:36.785483,1,1,1,13,64
2025-12-23 00:04:40.142793,1,1,1,13,66
2025-12-23 00:04:43.902195,1,1,1,14,67
2025-12-23 00:04:46.825482,1,1,1,13,67
2025-12-23 00:04:50.223270,1,1,1,13,65
2025-12-23 00:04:53.086065,1,1,1,12,65
2025-12-23 00:04:55.892367,1,1,1,12,65
2025-12-23 00:04:59.752849,1,1,1,12,65
2025-12-23 00:05:03.062470,1,1,1,12,65
2025-12-23 00:05:06.473883,1,1,1,12,65
2025-12-23 00:05:09.334815,1,2,2,12,65
2025-12-23 00:05:12.247520,1,1,1,12,65
2025-12-23 00:05:15.052985,1,1,1,12,65
2025-12-23 00:05:18.861195,1,1,1,12,65
2025-12-23 00:05:23.220167,1,1,1,13,65
2025-12-23 00:05:26.134889,1,1,1,13,65
2025-12-23 00:05:28.889753,1,1,1,13,65
2025-12-23 00:05:32.804692,1,1,1,13,65
2025-12-23 00:05:35.712677,1,1,1,13,68
2025-12-23 00:05:38.523085,1,1,1,13,70
2025-12-23 00:05:42.330895,1,1,1,13,70
2025-12-23 00:05:45.748639,1,1,1,13,70
2025-12-23 00:05:49.101502,1,1,1,13,70
2025-12-23 00:05:52.112303,1,1,1,13,70
2025-12-23 00:05:54.922361,1,1,1,13,70
2025-12-23 00:05:57.832800,1,1,2,13,70
2025-12-23 00:06:01.743072,1,1,2,13,69
2025-12-23 00:06:04.548108,1,1,1,13,66
2025-12-23 00:06:07.363757,1,1,2,13,66
2025-12-23 00:06:11.218580,1,1,2,13,66
2025-12-23 00:06:14.532927,1,1,1,12,66
2025-12-23 00:06:18.343319,1,1,1,12,66
2025-12-23 00:06:22.201925,1,1,1,12,66
2025-12-23 00:06:25.968914,1,1,1,12,66
2025-12-23 00:06:28.818312,1,2,1,12,66
2025-12-23 00:06:31.727182,1,1,1,12,66
2025-12-23 00:06:34.536256,1,1,1,12,66
2025-12-23 00:06:37.398219,1,1,1,13,66
2025-12-23 00:06:41.260138,1,1,1,13,66
2025-12-23 00:06:44.567696,1,1,1,13,66
2025-12-23 00:06:47.382511,1,1,1,13,66
2025-12-23 00:06:50.284171,1,1,1,13,66
2025-12-23 00:06:53.145298,1,1,1,13,65
2025-12-23 00:06:55.955820,1,2,2,13,65
2025-12-23 00:06:59.817896,1,1,1,13,65
2025-12-23 00:07:03.126089,1,1,1,12,65
2025-12-23 00:07:06.590407,1,2,1,12,65
2025-12-23 00:07:09.398039,1,1,1,12,65
2025-12-23 00:07:12.304533,1,1,1,12,65
2025-12-23 00:07:15.112682,1,2,1,12,65
2025-12-23 00:07:18.924410,1,1,2,12,65
2025-12-23 00:07:22.787223,1,1,1,12,64
2025-12-23 00:07:26.196298,1,1,1,12,64
2025-12-23 00:07:28.956813,1,1,1,12,64
2025-12-23 00:07:32.867040,1,1,2,12,64
2025-12-23 00:07:35.775918,1,1,1,12,64
2025-12-23 00:07:38.587477,1,1,1,12,64
2025-12-23 00:07:42.396957,1,2,2,12,64
2025-12-23 00:07:45.304598,1,1,1,12,64
2025-12-23 00:07:48.122223,1,1,1,12,64
2025-12-23 00:07:51.974233,1,1,1,12,64
2025-12-23 00:07:54.890803,1,1,1,12,64
2025-12-23 00:07:58.248221,1,1,2,12,64
2025-12-23 00:08:02.008883,1,1,1,13,64
2025-12-23 00:08:04.914798,1,1,1,13,64
2025-12-23 00:08:08.777029,1,1,1,13,64
2025-12-23 00:08:11.584828,1,1,1,13,64
2025-12-23 00:08:15.499283,1,1,1,13,64
2025-12-23 00:08:18.354559,1,1,1,13,64
2025-12-23 00:08:21.163106,1,1,1,13,65
2025-12-23 00:08:25.130291,1,1,1,13,65
2025-12-23 00:08:28.936358,1,1,2,13,65
2025-12-23 00:08:32.351079,1,1,1,13,65
2025-12-23 00:08:35.218340,1,1,2,13,65
2025-12-23 00:08:38.064818,1,1,2,13,65
2025-12-23 00:08:41.876840,1,1,1,13,65
2025-12-23 00:08:44.789868,1,1,1,13,65
2025-12-23 00:08:47.597644,1,2,2,13,65
2025-12-23 00:08:51.456972,1,1,1,15,65
2025-12-23 00:08:54.364527,1,1,1,15,65
2025-12-23 00:08:57.177386,1,1,1,15,65
2025-12-23 00:09:00.984291,1,1,2,14,65
2025-12-23 00:09:03.895734,1,1,1,14,65
2025-12-23 00:09:07.808666,1,1,1,14,65
2025-12-23 00:09:10.620123,1,1,1,13,65
2025-12-23 00:09:13.524543,1,1,1,13,65
2025-12-23 00:09:17.332869,1,1,1,12,65
2025-12-23 00:09:20.642267,1,2,2,12,65
2025-12-23 00:09:24.503632,1,1,2,12,65
2025-12-23 00:09:27.370290,1,1,2,12,65
2025-12-23 00:09:30.172672,1,1,1,12,65
2025-12-23 00:09:35.483184,1,1,1,12,65
2025-12-23 00:09:38.394154,1,1,1,13,67
2025-12-23 00:09:41.264794,1,1,1,13,69
2025-12-23 00:09:45.167347,1,1,1,13,69
2025-12-23 00:09:49.026617,1,1,1,13,69
2025-12-23 00:09:51.938007,1,2,1,13,67
2025-12-23 00:09:55.864380,1,2,3,13,67
2025-12-23 00:09:58.666888,1,2,2,13,67
2025-12-23 00:10:01.520110,1,1,1,15,68
2025-12-23 00:10:04.379078,1,1,1,16,71
2025-12-23 00:10:07.242134,1,1,2,16,74
2025-12-23 00:10:10.049197,1,1,1,15,74
2025-12-23 00:10:12.958841,1,2,1,15,71
2025-12-23 00:10:16.320574,1,1,2,14,68
2025-12-23 00:10:20.090574,1,1,1,14,67
2025-12-23 00:10:22.938954,1,2,1,14,67
2025-12-23 00:10:25.849666,1,2,1,14,67
2025-12-23 00:10:28.660929,1,1,1,15,67
2025-12-23 00:10:31.532563,1,2,2,16,70
2025-12-23 00:10:35.383572,1,2,1,17,73
2025-12-23 00:10:38.694246,1,1,1,18,76
2025-12-23 00:10:41.505896,1,1,1,18,79
2025-12-23 00:10:44.412281,1,2,2,16,80
2025-12-23 00:10:47.271360,1,1,1,15,75
2025-12-23 00:10:50.131558,1,2,1,14,72
2025-12-23 00:10:53.941842,1,2,1,13,69
2025-12-23 00:10:57.310065,1,2,1,12,66
2025-12-23 00:11:00.107975,1,1,2,14,66
2025-12-23 00:11:02.975047,1,1,1,14,66
2025-12-23 00:11:05.878542,1,1,1,14,66
2025-12-23 00:11:08.686510,1,1,2,14,64
2025-12-23 00:11:12.496277,1,1,1,14,64
2025-12-23 00:11:18.192442,1,2,2,14,64
2025-12-23 00:11:19.668625,1,2,4,16,64
2025-12-23 00:11:22.581274,1,1,1,17,64
2025-12-23 00:11:26.439540,1,2,2,17,66
2025-12-23 00:11:29.315464,1,2,2,16,69
2025-12-23 00:11:32.158640,1,1,2,15,69
2025-12-23 00:11:35.976274,1,1,1,14,69
2025-12-23 00:11:38.880047,1,2,1,13,66
2025-12-23 00:11:41.700072,1,1,1,13,65
2025-12-23 00:11:45.600441,1,1,1,12,65
2025-12-23 00:11:48.461276,1,2,1,12,65
2025-12-23 00:11:51.271425,1,2,1,12,65
2025-12-23 00:11:57.195391,1,1,2,12,65
2025-12-23 00:11:59.444840,1,2,2,12,65
2025-12-23 00:12:02.304422,1,1,1,12,64
2025-12-23 00:12:05.161020,1,2,1,12,64
2025-12-23 00:12:09.022929,1,1,2,15,65
2025-12-23 00:12:11.932405,1,1,4,17,68
2025-12-23 00:12:17.453996,1,1,1,16,74
2025-12-23 00:12:20.302486,1,2,34,16,76
2025-12-23 00:12:23.123843,1,2,18,15,77
2025-12-23 00:12:27.023396,1,2,21,16,80
2025-12-23 00:12:29.930961,1,2,3,17,81
2025-12-23 00:12:32.743224,1,2,6,17,81
2025-12-23 00:12:36.553718,1,1,1,20,83
2025-12-23 00:12:39.464105,1,1,2,21,85
2025-12-23 00:12:42.279817,1,2,3,22,85
2025-12-23 00:12:46.135366,1,2,1,23,85
2025-12-23 00:12:49.045627,1,1,1,21,85
2025-12-23 00:12:52.403607,1,1,1,22,85
2025-12-23 00:12:55.764735,1,2,1,22,80
2025-12-23 00:13:00.177146,1,1,2,23,77
2025-12-23 00:13:03.043587,1,1,1,23,74
2025-12-23 00:13:05.948804,1,2,2,22,77
2025-12-23 00:13:08.757121,1,1,1,22,80
2025-12-23 00:13:12.566517,1,2,1,23,81
2025-12-23 00:13:15.475209,1,1,1,21,81
2025-12-23 00:13:18.290228,1,2,3,19,81
2025-12-23 00:13:22.198246,1,1,2,19,79
2025-12-23 00:13:25.059743,1,1,1,18,79
2025-12-23 00:13:28.417701,1,2,1,17,79
2025-12-23 00:13:32.186081,1,2,2,17,71
2025-12-23 00:13:35.086607,1,1,1,17,68
2025-12-23 00:13:38.494625,1,1,1,18,65
2025-12-23 00:13:41.355873,1,1,1,19,63
2025-12-23 00:13:44.162767,1,1,2,19,63
2025-12-23 00:13:48.023803,1,1,1,21,63
2025-12-23 00:13:51.338490,1,1,1,21,63
2025-12-23 00:13:55.200498,1,1,1,19,63
2025-12-23 00:13:58.054014,1,2,1,19,63
2025-12-23 00:14:02.420141,1,1,1,19,63
2025-12-23 00:14:06.176807,1,2,1,17,63
2025-12-23 00:14:09.086199,1,1,2,18,63
2025-12-23 00:14:11.994668,1,1,1,20,65
2025-12-23 00:14:16.008582,1,1,1,21,68
2025-12-23 00:14:19.367136,1,2,4,22,74
2025-12-23 00:14:22.224874,1,1,1,23,74
2025-12-23 00:14:25.094412,1,1,1,23,77
2025-12-23 00:14:28.448083,1,1,3,24,80
2025-12-23 00:14:32.257008,1,1,2,24,86
2025-12-23 00:14:35.715877,1,1,1,25,89
2025-12-23 00:14:38.526316,1,1,1,25,92
2025-12-23 00:14:41.387384,1,1,1,25,89
2025-12-23 00:14:44.253152,1,1,1,25,86
2025-12-23 00:14:48.063999,1,1,1,25,86
2025-12-23 00:14:51.372848,1,1,1,25,86
2025-12-23 00:14:54.824592,1,1,1,25,86
2025-12-23 00:14:57.686700,1,2,5,25,86
2025-12-23 00:15:00.547271,1,1,1,25,86
2025-12-23 00:15:03.355499,1,1,1,25,84
2025-12-23 00:15:07.663953,1,1,1,25,81
2025-12-23 00:15:11.524525,1,2,3,25,84
2025-12-23 00:15:14.835018,1,1,1,25,87
2025-12-23 00:15:17.644825,1,1,1,25,86
2025-12-23 00:15:20.555607,1,2,2,25,87
2025-12-23 00:15:23.414539,1,1,1,25,90
2025-12-23 00:15:26.226240,1,2,1,25,93
2025-12-23 00:15:30.086869,1,1,5,25,96
2025-12-23 00:15:33.997676,1,1,2,25,99
2025-12-23 00:15:36.805247,1,1,1,25,100
2025-12-23 00:15:39.665971,1,2,2,25,100
2025-12-23 00:15:42.584874,1,1,1,25,100
2025-12-23 00:15:45.382739,1,1,1,25,94
2025-12-23 00:15:49.194312,1,2,1,25,88
2025-12-23 00:15:54.108018,1,2,10,25,76
2025-12-23 00:15:57.018374,1,2,13,25,72
2025-12-23 00:15:59.838063,1,2,25,25,69
2025-12-23 00:16:03.742562,1,2,3,25,66
2025-12-23 00:16:06.596245,1,2,5,25,65
2025-12-23 00:16:09.405799,1,1,1,25,66
2025-12-23 00:16:13.818551,1,2,1,25,70
2025-12-23 00:16:18.288300,1,2,1,24,72
2025-12-23 00:16:21.143002,1,2,1,22,75
2025-12-23 00:16:24.054458,1,1,1,21,78
2025-12-23 00:16:26.858597,1,1,1,21,81
2025-12-23 00:16:30.671773,1,2,2,21,84
2025-12-23 00:16:33.627857,1,1,1,22,82
2025-12-23 00:16:38.041080,1,1,2,22,75
2025-12-23 00:16:40.849763,1,1,1,22,70
2025-12-23 00:16:43.757541,1,2,6,22,67
2025-12-23 00:16:47.566785,1,1,1,21,65
2025-12-23 00:16:50.879958,1,1,1,19,65
2025-12-23 00:16:54.241119,1,1,1,17,67
2025-12-23 00:16:57.150247,1,2,5,14,70
2025-12-23 00:17:00.057621,1,1,1,13,73
2025-12-23 00:17:02.866837,1,1,1,13,76
2025-12-23 00:17:06.677216,1,2,2,13,79
2025-12-23 00:17:10.538027,1,1,4,12,79
2025-12-23 00:17:14.997673,1,1,2,12,71
2025-12-23 00:17:18.264796,1,1,2,15,69
2025-12-23 00:17:21.177805,1,1,1,17,72
2025-12-23 00:17:24.085519,1,2,1,18,75
2025-12-23 00:17:26.890132,1,1,8,18,78
2025-12-23 00:17:31.199461,1,1,1,20,81
2025-12-23 00:17:36.261121,1,1,1,21,85
2025-12-23 00:17:39.171563,1,1,1,22,87
2025-12-23 00:17:42.085056,1,2,1,22,90
2025-12-23 00:17:44.893492,1,2,2,22,93
2025-12-23 00:17:48.706452,1,1,1,23,93
2025-12-23 00:17:52.563343,1,2,1,24,93
2025-12-23 00:17:56.073222,1,1,1,24,93
2025-12-23 00:17:58.882963,1,1,1,24,93
2025-12-23 00:18:01.743202,1,1,1,24,94
2025-12-23 00:18:05.602474,1,2,4,23,97
2025-12-23 00:18:08.915399,1,1,1,20,93
2025-12-23 00:18:13.223494,1,1,1,16,87
2025-12-23 00:18:16.631557,1,1,1,15,77
2025-12-23 00:18:19.489807,1,2,5,14,74
2025-12-23 00:18:22.352965,1,1,1,13,74
2025-12-23 00:18:25.210265,1,2,1,13,76
2025-12-23 00:18:28.571114,1,1,2,12,79
2025-12-23 00:18:32.330623,1,1,1,12,77
2025-12-23 00:18:35.249312,1,1,1,12,77
2025-12-23 00:18:38.647810,1,1,2,12,73
2025-12-23 00:18:41.512629,1,1,1,12,70
2025-12-23 00:18:44.319521,1,2,1,12,67
2025-12-23 00:18:48.131046,1,2,1,12,64
2025-12-23 00:18:50.951423,1,1,1,12,63
2025-12-23 00:18:54.310280,1,2,1,12,63
2025-12-23 00:18:57.215168,1,2,2,12,63
2025-12-23 00:19:00.122690,1,1,1,15,63
2025-12-23 00:19:02.930450,1,1,1,15,63
2025-12-23 00:19:06.741088,1,1,3,15,65
2025-12-23 00:19:10.601702,1,2,1,14,68
2025-12-23 00:19:14.118697,1,2,5,13,63
2025-12-23 00:19:16.923220,1,2,2,13,63
2025-12-23 00:19:19.783137,1,2,13,12,63
2025-12-23 00:19:23.645187,1,2,16,13,63
2025-12-23 00:19:26.952423,1,2,15,15,65
2025-12-23 00:19:30.766678,1,2,2,18,68
2025-12-23 00:19:33.672885,1,1,1,20,71
2025-12-23 00:19:36.486679,1,1,1,21,74
2025-12-23 00:19:40.352244,1,1,1,22,77
2025-12-23 00:19:43.253743,1,1,11,23,80
2025-12-23 00:19:46.163292,1,2,1,23,83
2025-12-23 00:19:48.975010,1,1,1,24,86
2025-12-23 00:19:51.781122,1,1,1,24,89
2025-12-23 00:19:54.693474,1,1,1,25,91
2025-12-23 00:19:57.518289,1,1,1,23,91
2025-12-23 00:20:01.313844,1,1,1,21,91
2025-12-23 00:20:05.673911,1,1,1,20,79
2025-12-23 00:20:08.992747,1,1,1,19,74
2025-12-23 00:20:12.791614,1,1,1,18,71
2025-12-23 00:20:15.703221,1,1,1,17,68
2025-12-23 00:20:18.512976,1,1,1,17,65
2025-12-23 00:20:22.382616,1,1,1,16,65
2025-12-23 00:20:25.281219,1,1,1,15,65
2025-12-23 00:20:28.640862,1,1,1,14,65
2025-12-23 00:20:32.006838,1,1,1,15,65
2025-12-23 00:20:34.813791,1,1,1,17,65
2025-12-23 00:20:38.723925,1,2,16,18,65
2025-12-23 00:20:41.584875,1,2,5,19,65
2025-12-23 00:20:44.401834,1,2,7,18,65
2025-12-23 00:20:48.264038,1,1,5,16,65
2025-12-23 00:20:51.712587,1,2,1,15,65
2025-12-23 00:20:55.074974,1,2,2,15,65
2025-12-23 00:20:57.833749,1,2,8,15,65
2025-12-23 00:21:00.744398,1,2,2,15,65
2025-12-23 00:21:03.555930,1,2,4,15,65
2025-12-23 00:21:07.373832,1,1,2,14,65
2025-12-23 00:21:10.274395,1,2,30,13,68
2025-12-23 00:21:14.185466,1,2,29,13,74
2025-12-23 00:21:16.995037,1,2,3,13,77
2025-12-23 00:21:19.911684,1,2,1,14,79
2025-12-23 00:21:23.721855,1,1,1,14,79
2025-12-23 00:21:27.025178,1,1,1,14,79
2025-12-23 00:21:29.885110,1,2,2,14,79
2025-12-23 00:21:32.745115,1,2,1,14,79
2025-12-23 00:21:35.605512,1,1,1,14,74
2025-12-23 00:21:38.426089,1,1,2,14,71
2025-12-23 00:21:42.274814,1,1,1,15,68
2025-12-23 00:21:45.584894,1,1,1,15,68
2025-12-23 00:21:48.445033,1,1,1,16,71
2025-12-23 00:21:51.305869,1,1,1,17,74
2025-12-23 00:21:54.215687,1,2,1,18,77
2025-12-23 00:21:57.025588,1,1,3,18,78
2025-12-23 00:22:00.838152,1,1,1,15,76
2025-12-23 00:22:04.694162,1,1,1,14,71
2025-12-23 00:22:08.207051,1,1,1,13,65
2025-12-23 00:22:11.020286,1,2,6,13,62
2025-12-23 00:22:13.875442,1,2,7,12,62
2025-12-23 00:22:17.741451,1,1,2,12,62
2025-12-23 00:22:21.051419,1,2,2,14,62
2025-12-23 00:22:25.359688,1,1,2,17,62
2025-12-23 00:22:29.714509,1,1,1,16,64
2025-12-23 00:22:33.025537,1,1,1,16,67
2025-12-23 00:22:36.834281,1,2,3,18,67
2025-12-23 00:22:40.699220,1,2,1,20,66
2025-12-23 00:22:44.452768,1,2,1,19,63
2025-12-23 00:22:48.316211,1,1,1,17,63
2025-12-23 00:22:52.229093,1,2,3,20,63
2025-12-23 00:22:55.045555,1,1,3,18,63
2025-12-23 00:22:57.895577,1,1,1,16,63
2025-12-23 00:23:00.808464,1,1,1,15,63
2025-12-23 00:23:03.619373,1,2,4,14,63
2025-12-23 00:23:07.428483,1,1,1,13,63
2025-12-23 00:23:10.337419,1,2,1,13,65
2025-12-23 00:23:14.306280,1,1,1,13,71
2025-12-23 00:23:17.670571,1,2,1,14,71
2025-12-23 00:23:20.518054,1,1,1,17,71
2025-12-23 00:23:24.327524,1,2,1,18,71
2025-12-23 00:23:27.635999,1,2,1,20,74
2025-12-23 00:23:31.503962,1,1,2,19,77
2025-12-23 00:23:34.356746,1,1,1,16,80
2025-12-23 00:23:38.276828,1,2,3,15,81
2025-12-23 00:23:41.081976,1,1,1,14,82
2025-12-23 00:23:43.987648,1,2,2,13,84
2025-12-23 00:23:47.399650,1,1,1,13,84
2025-12-23 00:23:51.416720,1,1,1,15,84
2025-12-23 00:23:54.819939,1,1,1,17,86
2025-12-23 00:23:57.631122,1,1,3,18,89
2025-12-23 00:24:01.442806,1,2,3,18,89
2025-12-23 00:24:05.805414,1,2,1,18,89
2025-12-23 00:24:09.118934,1,1,1,18,85
2025-12-23 00:24:11.921861,1,1,1,18,80
2025-12-23 00:24:14.842076,1,1,2,18,77
2025-12-23 00:24:17.691540,1,1,1,18,74
2025-12-23 00:24:20.551746,1,2,3,19,73
2025-12-23 00:24:24.361324,1,1,1,20,73
2025-12-23 00:24:27.326139,1,1,2,20,73
2025-12-23 00:24:30.631946,1,2,1,19,73
2025-12-23 00:24:34.541146,1,1,2,17,73
2025-12-23 00:24:37.401892,1,2,4,15,73
2025-12-23 00:24:40.764676,1,2,12,15,73
2025-12-23 00:24:44.521260,1,1,2,16,75
2025-12-23 00:24:47.432639,1,2,1,18,76
2025-12-23 00:24:50.840200,1,1,1,18,76
2025-12-23 00:24:54.771063,1,1,1,19,76
2025-12-23 00:24:56.515583,1,1,1,17,76
2025-12-23 00:25:00.372090,1,1,2,16,76
2025-12-23 00:25:03.681783,1,2,4,15,71
2025-12-23 00:25:07.493635,1,2,9,16,68
2025-12-23 00:25:10.431632,1,2,1,16,66
2025-12-23 00:25:14.312566,1,1,1,15,71
2025-12-23 00:25:17.122323,1,2,1,15,74
2025-12-23 00:25:19.981681,1,1,1,14,71
2025-12-23 00:25:23.842386,1,1,1,14,71
2025-12-23 00:25:26.756524,1,1,1,14,71
2025-12-23 00:25:29.566946,1,1,1,14,71
2025-12-23 00:25:33.421173,1,2,2,14,71
2025-12-23 00:25:36.333736,1,2,1,14,71
2025-12-23 00:25:39.141211,1,2,3,14,71
2025-12-23 00:25:42.954963,1,2,10,13,73
2025-12-23 00:25:45.911945,1,2,21,12,76
2025-12-23 00:25:50.322598,1,2,10,12,78
2025-12-23 00:25:53.130626,1,1,1,12,78
2025-12-23 00:25:55.991720,1,2,2,12,79
2025-12-23 00:25:59.852450,1,2,3,12,82
2025-12-23 00:26:03.162685,1,1,1,14,84
2025-12-23 00:26:06.524707,1,1,1,12,81
2025-12-23 00:26:09.434073,1,2,11,12,79
2025-12-23 00:26:12.343958,1,2,6,11,79
2025-12-23 00:26:15.160729,1,2,2,11,79
2025-12-23 00:26:18.962855,1,2,1,11,79
2025-12-23 00:26:22.837366,1,2,3,11,79
2025-12-23 00:26:26.182102,1,2,2,11,79
2025-12-23 00:26:28.992042,1,2,14,11,79
2025-12-23 00:26:32.902597,1,1,1,11,79
2025-12-23 00:26:35.763258,1,1,2,12,77
2025-12-23 00:26:38.571796,1,2,1,15,73
2025-12-23 00:26:42.440794,1,1,1,15,70
2025-12-23 00:26:46.391646,1,1,1,15,70
2025-12-23 00:26:49.760781,1,2,1,15,70
2025-12-23 00:26:52.568433,1,1,1,16,70
2025-12-23 00:26:55.472641,1,1,1,17,70
2025-12-23 00:26:58.831318,1,2,1,16,70
2025-12-23 00:27:02.641812,1,1,2,16,70
2025-12-23 00:27:05.501812,1,1,1,15,70
2025-12-23 00:27:09.367215,1,1,1,16,70
2025-12-23 00:27:12.172302,1,2,1,16,70
2025-12-23 00:27:16.083850,1,1,2,17,70
2025-12-23 00:27:18.942975,1,1,1,19,72
2025-12-23 00:27:21.751397,1,1,1,17,75
2025-12-23 00:27:26.059799,1,2,1,18,77
2025-12-23 00:27:29.869992,1,1,1,19,74
2025-12-23 00:27:33.180322,1,1,1,20,71
2025-12-23 00:27:36.990576,1,1,1,21,69
2025-12-23 00:27:40.856033,1,1,1,22,70
2025-12-23 00:27:44.608783,1,1,2,22,74
2025-12-23 00:27:48.470115,1,2,1,23,77
2025-12-23 00:27:51.381433,1,1,2,24,80
2025-12-23 00:27:54.193615,1,1,1,24,83
2025-12-23 00:27:58.050259,1,1,1,24,86
2025-12-23 00:28:00.959922,1,1,1,24,89
2025-12-23 00:28:03.769532,1,1,1,24,91
2025-12-23 00:28:07.585446,1,1,1,25,91
2025-12-23 00:28:10.493959,1,2,1,25,91
2025-12-23 00:28:14.410437,1,1,1,25,91
2025-12-23 00:28:17.212462,1,1,1,25,91
2025-12-23 00:28:20.073106,1,1,1,25,91
2025-12-23 00:28:23.930951,1,1,1,25,94
2025-12-23 00:28:27.242556,1,1,1,25,96
2025-12-23 00:28:30.061349,1,1,1,25,96
2025-12-23 00:28:32.962050,1,1,1,25,96
2025-12-23 00:28:35.822033,1,1,1,25,96
2025-12-23 00:28:38.632206,1,1,1,25,96
2025-12-23 00:28:42.492140,1,1,1,25,96
2025-12-23 00:28:45.808769,1,1,1,25,95
2025-12-23 00:28:48.610649,1,2,1,25,96
2025-12-23 00:28:51.521413,1,1,1,21,96
2025-12-23 00:28:54.432422,1,1,1,18,95
2025-12-23 00:28:57.237186,1,2,1,18,89
2025-12-23 00:29:01.574715,1,1,1,15,83
2025-12-23 00:29:04.907669,1,1,1,14,77
2025-12-23 00:29:08.218257,1,1,1,13,75
2025-12-23 00:29:11.077568,1,2,2,13,78
2025-12-23 00:29:14.989921,1,1,1,12,78
2025-12-23 00:29:17.847398,1,1,1,12,78
2025-12-23 00:29:20.659880,1,2,1,12,74
2025-12-23 00:29:24.520441,1,1,1,12,71
2025-12-23 00:29:27.428739,1,1,1,12,68
2025-12-23 00:29:30.238711,1,1,1,12,65
2025-12-23 00:29:34.098158,1,1,1,12,65
2025-12-23 00:29:37.017271,1,1,1,12,65
2025-12-23 00:29:39.871323,1,1,1,12,65
2025-12-23 00:29:42.728964,1,1,1,12,66
2025-12-23 00:29:45.549148,1,1,1,13,69
2025-12-23 00:29:48.450258,1,1,2,13,72
2025-12-23 00:29:51.267117,1,1,1,13,75
2025-12-23 00:29:55.577364,1,1,1,13,77
2025-12-23 00:29:58.930609,1,1,2,13,77
2025-12-23 00:30:02.690586,1,1,1,13,77
2025-12-23 00:30:05.597550,1,1,1,13,77
2025-12-23 00:30:09.460186,1,1,1,13,77
2025-12-23 00:30:12.268890,1,1,2,13,77
2025-12-23 00:30:16.132449,1,1,1,14,77
2025-12-23 00:30:19.037798,1,1,1,14,77
2025-12-23 00:30:21.848827,1,2,2,14,74
2025-12-23 00:30:25.258409,1,1,1,13,71
2025-12-23 00:30:28.118692,1,1,1,13,68
2025-12-23 00:30:31.029097,1,2,2,13,65
2025-12-23 00:30:33.837975,1,1,1,12,64
2025-12-23 00:30:38.200138,1,1,1,12,64
2025-12-23 00:30:41.512567,1,1,1,12,63
2025-12-23 00:30:44.871824,1,1,1,12,63
2025-12-23 00:30:47.680874,1,1,1,12,63
2025-12-23 00:30:51.591872,1,1,1,12,63
2025-12-23 00:30:54.513045,1,1,1,12,63
2025-12-23 00:30:57.311667,1,1,1,12,64
2025-12-23 00:31:01.622918,1,1,1,12,64
2025-12-23 00:31:05.031274,1,1,1,12,64
2025-12-23 00:31:07.892265,1,1,1,12,64
2025-12-23 00:31:10.701081,1,1,1,12,64
2025-12-23 00:31:13.613257,1,1,1,12,64
2025-12-23 00:31:16.971065,1,1,1,12,64
2025-12-23 00:31:20.731693,1,1,1,12,64
2025-12-23 00:31:24.544478,1,1,1,12,64
2025-12-23 00:31:27.850814,1,1,1,11,64
2025-12-23 00:31:31.660573,1,1,1,11,64
2025-12-23 00:31:35.524304,1,1,1,11,64
2025-12-23 00:31:38.336709,1,1,2,11,64
2025-12-23 00:31:42.195245,1,1,2,11,64
2025-12-23 00:31:45.505380,1,1,1,12,64
2025-12-23 00:31:48.313426,1,1,1,12,64
2025-12-23 00:31:52.174730,1,1,1,12,64
2025-12-23 00:31:55.085102,1,1,1,12,64
2025-12-23 00:31:57.891209,1,1,1,13,64
2025-12-23 00:32:02.201907,1,2,2,14,64
2025-12-23 00:32:06.011951,1,1,1,14,64
2025-12-23 00:32:09.321907,1,1,1,14,64
2025-12-23 00:32:13.131838,1,1,1,14,64
2025-12-23 00:32:16.991085,1,1,1,14,64
2025-12-23 00:32:20.751794,1,1,1,14,64
2025-12-23 00:32:24.610894,1,1,1,14,64
2025-12-23 00:32:27.523435,1,1,1,12,64
2025-12-23 00:32:30.329781,1,1,1,12,64
2025-12-23 00:32:34.190553,1,2,2,12,64
2025-12-23 00:32:37.099767,1,1,1,12,64
2025-12-23 00:32:39.913460,1,1,1,12,64
2025-12-23 00:32:43.720966,1,1,1,12,64
2025-12-23 00:32:46.633546,1,1,1,12,64
2025-12-23 00:32:50.540068,1,1,1,12,64
2025-12-23 00:32:53.355635,1,1,1,12,64
2025-12-23 00:32:56.265526,1,1,1,12,64
2025-12-23 00:33:00.071118,1,1,1,12,64
2025-12-23 00:33:03.379703,1,1,1,13,64
2025-12-23 00:33:06.745717,1,1,1,13,64
2025-12-23 00:33:09.650094,1,1,1,14,64
2025-12-23 00:33:12.564496,1,1,2,14,64
2025-12-23 00:33:15.373739,1,1,1,14,64
2025-12-23 00:33:19.689587,1,1,1,14,64
2025-12-23 00:33:23.041779,1,2,1,14,64
2025-12-23 00:33:27.003678,1,1,1,14,64
2025-12-23 00:33:29.763177,1,1,1,14,64
2025-12-23 00:33:33.671326,1,2,1,14,64
2025-12-23 00:33:36.581808,1,1,1,14,64
2025-12-23 00:33:39.394119,1,1,1,14,64
2025-12-23 00:33:43.703244,1,1,1,14,64
2025-12-23 00:33:48.063737,1,1,2,14,69
2025-12-23 00:33:51.377498,1,1,1,14,72
2025-12-23 00:33:55.185072,1,1,1,14,75
2025-12-23 00:33:59.045947,1,1,3,14,78
2025-12-23 00:34:02.805718,1,1,1,14,72
2025-12-23 00:34:06.666379,1,1,2,15,70
2025-12-23 00:34:09.576477,1,1,1,16,70
2025-12-23 00:34:12.395135,1,2,1,16,70
2025-12-23 00:34:16.296434,1,1,2,16,70
2025-12-23 00:34:19.156221,1,1,1,16,69
2025-12-23 00:34:21.964787,1,1,1,16,69
2025-12-23 00:34:25.774252,1,1,1,16,69
2025-12-23 00:34:28.699430,1,1,3,16,69
2025-12-23 00:34:32.594348,1,1,1,16,69
2025-12-23 00:34:35.405908,1,1,1,16,69
2025-12-23 00:34:38.263247,1,1,1,16,69
2025-12-23 00:34:42.124187,1,1,1,16,69
2025-12-23 00:34:45.433978,1,1,2,16,69
2025-12-23 00:34:48.851750,1,1,1,16,69
2025-12-23 00:34:52.155865,1,1,1,16,69
2025-12-23 00:34:54.964906,1,2,1,16,69
2025-12-23 00:34:58.822503,1,1,3,18,69
2025-12-23 00:35:01.735247,1,1,1,19,69
2025-12-23 00:35:05.118894,1,1,1,20,72
2025-12-23 00:35:09.056883,1,2,1,21,78
2025-12-23 00:35:11.867291,1,1,1,22,79
2025-12-23 00:35:15.724719,1,2,1,24,79
2025-12-23 00:35:18.636461,1,2,1,24,79
2025-12-23 00:35:21.447094,1,2,2,24,79
2025-12-23 00:35:25.257073,1,1,1,25,79
2025-12-23 00:35:28.165675,1,1,1,25,79
2025-12-23 00:35:30.974823,1,1,1,25,79
2025-12-23 00:35:35.434795,1,1,1,23,79
2025-12-23 00:35:38.297688,1,1,1,20,76
2025-12-23 00:35:42.155150,1,1,1,19,74
2025-12-23 00:35:45.464098,1,1,1,17,74
2025-12-23 00:35:48.930195,1,1,1,16,74
2025-12-23 00:35:51.733173,1,1,1,15,74
2025-12-23 00:35:54.650008,1,1,1,15,74
2025-12-23 00:35:57.458897,1,2,2,15,71
2025-12-23 00:36:01.763989,1,1,1,17,69
2025-12-23 00:36:05.124754,1,1,1,17,66
2025-12-23 00:36:09.087097,1,1,11,16,64
2025-12-23 00:36:11.844418,1,2,13,16,64
2025-12-23 00:36:15.756482,1,2,22,16,63
2025-12-23 00:36:18.664124,1,2,5,15,63
2025-12-23 00:36:21.474961,1,2,8,15,63
2025-12-23 00:36:25.782290,1,1,1,12,63
2025-12-23 00:36:29.242667,1,2,2,12,63
2025-12-23 00:36:32.655834,1,1,1,11,63
2025-12-23 00:36:35.463768,1,1,1,11,63
2025-12-23 00:36:38.326378,1,1,2,11,63
2025-12-23 00:36:42.193263,1,1,1,11,63
2025-12-23 00:36:45.495708,1,2,3,11,63
2025-12-23 00:36:48.503627,1,1,3,11,63
2025-12-23 00:36:51.369395,1,1,1,11,63
2025-12-23 00:36:54.231506,1,1,1,11,63
2025-12-23 00:36:57.089091,1,2,1,11,63
2025-12-23 00:36:59.894587,1,1,2,11,63
2025-12-23 00:37:03.804635,1,1,1,11,63
2025-12-23 00:37:06.728445,1,2,2,11,63
2025-12-23 00:37:10.023166,1,1,1,12,63
2025-12-23 00:37:13.835340,1,1,2,13,62
2025-12-23 00:37:18.801752,1,2,10,14,62
2025-12-23 00:37:21.707234,1,2,4,16,62
2025-12-23 00:37:24.515189,1,2,25,16,62
2025-12-23 00:37:27.978496,1,1,3,15,62
2025-12-23 00:37:30.794946,1,1,1,16,62
2025-12-23 00:37:33.695634,1,2,3,17,62
2025-12-23 00:37:36.509296,1,2,3,17,62
2025-12-23 00:37:40.371170,1,2,4,17,62
2025-12-23 00:37:43.286253,1,2,25,18,62
2025-12-23 00:37:46.745043,1,2,8,18,62
2025-12-23 00:37:50.097380,1,2,7,18,62
2025-12-23 00:37:52.909902,1,1,1,20,62
2025-12-23 00:37:55.818364,1,2,1,21,62
2025-12-23 00:37:59.177077,1,1,1,21,62
2025-12-23 00:38:02.985884,1,2,1,21,62
2025-12-23 00:38:06.798301,1,2,4,22,64
2025-12-23 00:38:09.708851,1,1,2,23,67
2025-12-23 00:38:12.518172,1,1,1,23,70
2025-12-23 00:38:16.378649,1,1,1,23,73
2025-12-23 00:38:19.287707,1,1,1,23,76
2025-12-23 00:38:22.097861,1,2,2,23,75
2025-12-23 00:38:24.910056,1,2,3,23,72
2025-12-23 00:38:27.822406,1,1,1,23,69
2025-12-23 00:38:30.731740,1,1,1,23,69
2025-12-23 00:38:33.539559,1,1,5,23,69
2025-12-23 00:38:37.848714,1,2,4,20,69
2025-12-23 00:38:41.206184,1,1,1,18,69
2025-12-23 00:38:44.521300,1,1,1,19,67
2025-12-23 00:38:47.376957,1,1,1,20,67
2025-12-23 00:38:51.291164,1,1,1,19,67
2025-12-23 00:38:54.603826,1,1,3,20,67
2025-12-23 00:38:57.414156,1,1,1,20,70
2025-12-23 00:39:00.323057,1,2,2,21,73
2025-12-23 00:39:05.277462,1,2,1,22,79
2025-12-23 00:39:08.587879,1,1,1,22,82
2025-12-23 00:39:11.399027,1,1,1,23,84
2025-12-23 00:39:15.307368,1,1,1,23,85
2025-12-23 00:39:18.168703,1,1,3,23,85
2025-12-23 00:39:21.031223,1,1,1,24,85
2025-12-23 00:39:23.839111,1,1,1,24,85
2025-12-23 00:39:26.760650,1,1,2,22,85
2025-12-23 00:39:29.565122,1,2,2,21,84
2025-12-23 00:39:32.470819,1,2,3,22,81
2025-12-23 00:39:36.280877,1,1,1,21,78
2025-12-23 00:39:39.596922,1,2,3,20,76
2025-12-23 00:39:42.452971,1,1,3,19,71
2025-12-23 00:39:45.319196,1,1,2,18,68
2025-12-23 00:39:48.188556,1,2,6,18,65
2025-12-23 00:39:50.979445,1,2,1,17,62
2025-12-23 00:39:54.842124,1,2,1,17,62
2025-12-23 00:39:58.198957,1,1,1,16,62
2025-12-23 00:40:00.958251,1,1,4,16,62
2025-12-23 00:40:03.872948,1,1,3,16,62
2025-12-23 00:40:06.780008,1,1,1,17,62
2025-12-23 00:40:09.590573,1,2,1,17,62
2025-12-23 00:40:13.900430,1,2,6,18,62
2025-12-23 00:40:16.810595,1,1,2,19,62
2025-12-23 00:40:20.173692,1,1,3,20,63
2025-12-23 00:40:23.030635,1,2,2,19,63
2025-12-23 00:40:25.892873,1,1,6,19,63
2025-12-23 00:40:29.252738,1,2,1,19,63
2025-12-23 00:40:33.067017,1,2,1,19,62
2025-12-23 00:40:35.922650,1,1,1,20,62
2025-12-23 00:40:39.335183,1,2,1,20,62
2025-12-23 00:40:42.193000,1,2,3,21,62
2025-12-23 00:40:45.004172,1,1,1,22,65
2025-12-23 00:40:48.864338,1,1,3,23,68
2025-12-23 00:40:52.177478,1,1,1,22,71
2025-12-23 00:40:55.585431,1,2,1,22,68
2025-12-23 00:40:58.496024,1,2,1,22,65
2025-12-23 00:41:01.382352,1,2,3,21,65
2025-12-23 00:41:04.163677,1,2,4,20,65
2025-12-23 00:41:07.973304,1,2,8,20,65
2025-12-23 00:41:11.844448,1,2,6,19,65
2025-12-23 00:41:15.195809,1,1,2,19,65
2025-12-23 00:41:18.013843,1,1,1,19,65
2025-12-23 00:41:21.919466,1,2,2,19,65
2025-12-23 00:41:24.827617,1,1,1,19,65
2025-12-23 00:41:27.645699,1,2,4,19,65
2025-12-23 00:41:31.448038,1,2,1,19,65
2025-12-23 00:41:34.358662,1,2,2,19,65
2025-12-23 00:41:37.170768,1,1,1,19,64
2025-12-23 00:41:41.080862,1,2,1,19,64
2025-12-23 00:41:43.949349,1,2,1,19,64
2025-12-23 00:41:47.298978,1,2,11,19,64
2025-12-23 00:41:51.060036,1,2,3,18,64
2025-12-23 00:41:55.468391,1,1,2,18,64
2025-12-23 00:41:58.384889,1,1,1,17,64
2025-12-23 00:42:01.195203,1,2,3,18,64
2025-12-23 00:42:05.051742,1,2,2,19,67
2025-12-23 00:42:07.962167,1,2,9,20,70
2025-12-23 00:42:12.373634,1,2,6,20,76
2025-12-23 00:42:15.235794,1,2,3,18,78
2025-12-23 00:42:18.049476,1,2,1,17,78
2025-12-23 00:42:21.959517,1,1,3,15,78
2025-12-23 00:42:24.868323,1,2,4,15,78
2025-12-23 00:42:27.678889,1,1,3,15,76
2025-12-23 00:42:30.491166,1,2,4,14,76
2025-12-23 00:42:33.397219,1,2,5,14,74
2025-12-23 00:42:36.258592,1,2,3,14,72
2025-12-23 00:42:39.074097,1,2,5,14,72
2025-12-23 00:42:42.930661,1,2,7,15,72
2025-12-23 00:42:46.315551,1,2,19,15,72
2025-12-23 00:42:49.045378,1,2,3,16,72
2025-12-23 00:42:51.954388,1,2,9,16,72
2025-12-23 00:42:54.878381,1,1,2,16,70
2025-12-23 00:42:57.678292,1,2,2,16,67
2025-12-23 00:43:01.483446,1,1,1,16,67
2025-12-23 00:43:05.343923,1,1,1,16,70
2025-12-23 00:43:09.305292,1,1,1,16,70
2025-12-23 00:43:12.071312,1,2,4,16,70
2025-12-23 00:43:15.974141,1,2,1,16,70
2025-12-23 00:43:18.882476,1,2,1,16,70
2025-12-23 00:43:21.694108,1,1,3,16,70
2025-12-23 00:43:25.500839,1,2,1,17,70
2025-12-23 00:43:28.969296,1,2,3,17,70
2025-12-23 00:43:32.872890,1,2,1,18,70
2025-12-23 00:43:36.191900,1,2,1,18,70
2025-12-23 00:43:38.993767,1,1,1,18,70
2025-12-23 00:43:42.354377,1,2,1,19,70
2025-12-23 00:43:45.114099,1,2,1,19,70
2025-12-23 00:43:49.025658,1,1,2,18,70
2025-12-23 00:43:52.434293,1,2,8,17,70
2025-12-23 00:43:55.244537,1,1,1,17,70
2025-12-23 00:43:59.158613,1,1,3,17,70
2025-12-23 00:44:02.470658,1,2,4,17,70
2025-12-23 00:44:05.337674,1,1,1,17,70
2025-12-23 00:44:08.136855,1,1,1,17,70
2025-12-23 00:44:11.004232,1,1,3,17,70
2025-12-23 00:44:14.909607,1,2,1,16,70
2025-12-23 00:44:18.220535,1,2,2,16,70
2025-12-23 00:44:21.034938,1,2,4,16,70
2025-12-23 00:44:24.992092,1,1,1,16,72
2025-12-23 00:44:27.907533,1,1,6,16,75
2025-12-23 00:44:30.711152,1,2,2,16,78
2025-12-23 00:44:34.571590,1,1,1,16,81
2025-12-23 00:44:37.489653,1,1,1,17,84
2025-12-23 00:44:40.295900,1,1,1,16,87
2025-12-23 00:44:44.113007,1,1,3,16,89
2025-12-23 00:44:47.017258,1,2,1,16,89
2025-12-23 00:44:50.385190,1,1,2,16,84
2025-12-23 00:44:53.144308,1,1,4,16,84
2025-12-23 00:44:56.053654,1,2,3,16,81
2025-12-23 00:44:59.911482,1,1,1,16,78
2025-12-23 00:45:02.722544,1,2,3,17,78
2025-12-23 00:45:05.580112,1,1,5,17,78
2025-12-23 00:45:09.490372,1,2,3,17,77
2025-12-23 00:45:12.359465,1,1,1,17,75
2025-12-23 00:45:15.158043,1,2,2,17,75
2025-12-23 00:45:18.072740,1,2,8,18,75
2025-12-23 00:45:21.479945,1,2,7,18,75
2025-12-23 00:45:24.341072,1,2,2,18,75
2025-12-23 00:45:27.153491,1,2,5,18,75
2025-12-23 00:45:31.009131,1,2,2,18,75
2025-12-23 00:45:35.422709,1,2,2,18,75
2025-12-23 00:45:38.935231,1,2,2,18,75
2025-12-23 00:45:41.742976,1,1,3,18,75
2025-12-23 00:45:44.652556,1,2,3,18,74
2025-12-23 00:45:47.963099,1,2,3,18,71
2025-12-23 00:45:50.774500,1,2,5,18,68
2025-12-23 00:45:53.685518,1,1,1,18,65
2025-12-23 00:45:59.142702,1,1,13,18,64
2025-12-23 00:46:02.056382,1,2,4,18,64
2025-12-23 00:46:05.415308,1,2,6,18,64
2025-12-23 00:46:09.175135,1,1,1,18,64
2025-12-23 00:46:13.032607,1,1,2,18,64
2025-12-23 00:46:16.345344,1,2,1,18,64
2025-12-23 00:46:19.153205,1,1,1,18,64
2025-12-23 00:46:22.064403,1,2,4,18,65
2025-12-23 00:46:24.973574,1,2,2,18,65
2025-12-23 00:46:27.784429,1,2,2,18,65
2025-12-23 00:46:32.092923,1,2,1,18,65
2025-12-23 00:46:35.455480,1,2,3,18,65
2025-12-23 00:46:38.965698,1,2,5,18,65
2025-12-23 00:46:41.775083,1,2,6,18,65
2025-12-23 00:46:44.635040,1,2,2,18,65
2025-12-23 00:46:48.495698,1,2,3,18,65
2025-12-23 00:46:51.806976,1,2,2,18,65
2025-12-23 00:46:55.615276,1,2,5,17,65
2025-12-23 00:46:58.525379,1,2,4,17,65
2025-12-23 00:47:01.334565,1,2,3,17,65
2025-12-23 00:47:06.647534,1,2,1,17,65
2025-12-23 00:47:09.558902,1,2,2,17,65
2025-12-23 00:47:12.417426,1,2,1,17,65
2025-12-23 00:47:15.830758,1,2,1,17,65
2025-12-23 00:47:18.638257,1,1,4,17,65
2025-12-23 00:47:21.550081,1,1,1,17,65
2025-12-23 00:47:24.407740,1,1,4,16,65
2025-12-23 00:47:27.266773,1,1,1,16,65
2025-12-23 00:47:31.077394,1,2,1,16,65
2025-12-23 00:47:35.100828,1,1,1,16,65
2025-12-23 00:47:39.001583,1,2,4,16,65
2025-12-23 00:47:41.806799,1,2,1,16,65
2025-12-23 00:47:44.716826,1,1,1,15,65
2025-12-23 00:47:48.525047,1,1,1,15,65
2025-12-23 00:47:51.836073,1,2,2,14,67
2025-12-23 00:47:55.654440,1,2,1,14,70
2025-12-23 00:47:58.560243,1,2,3,14,73
2025-12-23 00:48:01.366677,1,2,2,14,76
2025-12-23 00:48:05.280241,1,1,3,14,79
2025-12-23 00:48:08.138682,1,2,3,14,79
2025-12-23 00:48:11.499257,1,2,3,14,79
2025-12-23 00:48:14.858880,1,1,1,14,84
2025-12-23 00:48:18.719758,1,1,1,15,84
2025-12-23 00:48:21.580852,1,1,5,16,84
2025-12-23 00:48:24.891242,1,2,1,16,84
2025-12-23 00:48:27.700168,1,2,3,17,84
2025-12-23 00:48:30.621775,1,1,4,18,87
2025-12-23 00:48:34.072527,1,2,1,17,90
2025-12-23 00:48:37.379370,1,2,11,16,87
2025-12-23 00:48:41.239314,1,2,3,16,84
2025-12-23 00:48:44.148407,1,2,2,15,81
2025-12-23 00:48:47.521819,1,1,9,15,79
2025-12-23 00:48:51.275561,1,1,3,15,79
2025-12-23 00:48:54.187226,1,1,1,15,79
2025-12-23 00:48:58.090936,1,2,1,15,79
2025-12-23 00:49:01.411066,1,1,2,15,78
2025-12-23 00:49:05.267002,1,1,1,15,75
2025-12-23 00:49:08.172993,1,2,1,15,72
2025-12-23 00:49:11.535617,1,1,1,15,69
2025-12-23 00:49:17.045107,1,2,4,15,66
2025-12-23 00:49:19.853171,1,2,1,15,66
2025-12-23 00:49:22.715823,1,1,7,15,66
2025-12-23 00:49:25.627012,1,1,1,14,66
2025-12-23 00:49:28.438409,1,1,1,13,66
2025-12-23 00:49:32.746670,1,2,2,13,66
2025-12-23 00:49:36.555689,1,2,5,12,66
2025-12-23 00:49:39.865229,1,2,2,12,66
2025-12-23 00:49:44.177420,1,1,2,17,66
2025-12-23 00:49:47.536128,1,1,1,19,66
2025-12-23 00:49:51.295187,1,1,1,20,66
2025-12-23 00:49:55.155102,1,2,12,19,64
2025-12-23 00:49:58.071001,1,2,2,19,64
2025-12-23 00:50:00.875497,1,2,5,19,64
2025-12-23 00:50:04.735315,1,2,25,20,65
2025-12-23 00:50:07.648265,1,2,10,18,68
2025-12-23 00:50:10.452350,1,2,4,17,70
2025-12-23 00:50:14.817366,1,2,2,17,76
2025-12-23 00:50:19.174806,1,2,1,16,75
2025-12-23 00:50:22.088833,1,2,6,15,73
2025-12-23 00:50:24.895309,1,1,1,15,73
2025-12-23 00:50:28.804079,1,1,1,14,73
2025-12-23 00:50:31.672377,1,2,4,13,73
2025-12-23 00:50:34.479593,1,2,2,13,70
2025-12-23 00:50:38.535165,1,2,26,13,64
2025-12-23 00:50:41.295836,1,2,20,12,64
2025-12-23 00:50:44.210980,1,2,1,12,64
2025-12-23 00:50:47.568741,1,1,1,12,64
2025-12-23 00:50:51.331783,1,2,2,12,66
2025-12-23 00:50:55.249395,1,1,1,13,69
2025-12-23 00:50:59.199303,1,1,1,13,72
2025-12-23 00:51:03.118438,1,2,1,12,68
2025-12-23 00:51:06.421107,1,2,1,12,66
2025-12-23 00:51:09.236165,1,1,2,11,66
2025-12-23 00:51:12.142065,1,1,1,14,66
2025-12-23 00:51:15.957618,1,2,3,12,66
2025-12-23 00:51:18.811497,1,2,6,11,68
2025-12-23 00:51:22.123377,1,1,4,15,69
2025-12-23 00:51:24.932063,1,1,1,15,72
2025-12-23 00:51:28.842580,1,2,1,14,75
2025-12-23 00:51:32.153636,1,2,2,14,78
2025-12-23 00:51:35.561008,1,2,1,16,81
2025-12-23 00:51:38.377718,1,1,1,16,81
2025-12-23 00:51:41.232519,1,2,2,16,81
2025-12-23 00:51:45.144408,1,2,3,15,81
2025-12-23 00:51:47.955073,1,1,4,15,81
2025-12-23 00:51:50.861558,1,2,2,14,81
2025-12-23 00:51:54.274292,1,1,1,16,81
2025-12-23 00:51:58.188140,1,2,1,18,81
2025-12-23 00:52:01.494049,1,1,3,17,81
2025-12-23 00:52:05.403292,1,2,2,16,81
2025-12-23 00:52:08.264407,1,2,6,16,81
2025-12-23 00:52:11.625998,1,2,4,17,81
2025-12-23 00:52:14.989409,1,2,4,18,81
2025-12-23 00:52:17.795249,1,1,1,20,81
2025-12-23 00:52:21.704656,1,2,7,18,81
2025-12-23 00:52:24.577919,1,2,19,17,78
2025-12-23 00:52:27.373658,1,2,55,16,100
2025-12-23 00:52:31.236115,1,2,5,23,100
2025-12-23 00:52:34.746689,1,1,1,23,100
2025-12-23 00:52:39.163775,1,1,1,24,100
2025-12-23 00:52:41.963290,1,1,1,24,100
2025-12-23 00:52:44.833387,1,1,1,23,100
2025-12-23 00:52:48.687465,1,1,1,23,100
2025-12-23 00:52:51.994424,1,1,1,22,100
2025-12-23 00:52:55.353116,1,1,1,21,100
2025-12-23 00:52:58.278764,1,1,1,18,98
2025-12-23 00:53:01.183168,1,1,1,17,92
2025-12-23 00:53:03.984893,1,1,1,17,86
2025-12-23 00:53:07.792873,1,1,1,14,81
2025-12-23 00:53:11.653609,1,1,1,12,78
2025-12-23 00:53:15.010851,1,1,1,11,73
2025-12-23 00:53:17.825902,1,1,1,11,73
2025-12-23 00:53:21.731443,1,1,1,11,73
2025-12-23 00:53:24.591968,1,1,1,11,73
2025-12-23 00:53:27.402194,1,1,1,12,71
2025-12-23 00:53:31.264845,1,1,1,12,68
2025-12-23 00:53:34.581863,1,1,1,13,65
2025-12-23 00:53:37.384413,1,1,1,13,63
2025-12-23 00:53:40.291426,1,1,1,13,63
2025-12-23 00:53:43.201586,1,1,1,13,63
2025-12-23 00:53:46.011412,1,1,1,13,63
2025-12-23 00:53:49.820629,1,1,1,14,63
2025-12-23 00:53:53.681106,1,1,1,14,65
2025-12-23 00:53:57.189935,1,1,1,14,65
2025-12-23 00:53:59.997969,1,1,1,14,65
2025-12-23 00:54:02.858288,1,1,1,14,65
2025-12-23 00:54:06.718365,1,1,1,14,65
2025-12-23 00:54:10.029083,1,1,1,14,64
2025-12-23 00:54:13.842488,1,1,1,14,62
2025-12-23 00:54:17.296768,1,1,1,14,62
2025-12-23 00:54:21.207299,1,1,1,14,63
2025-12-23 00:54:24.030088,1,1,1,14,66
2025-12-23 00:54:26.876579,1,1,1,14,69
2025-12-23 00:54:29.787828,1,1,1,14,72
2025-12-23 00:54:34.450176,1,1,1,14,71
2025-12-23 00:54:36.056930,1,1,1,14,74
2025-12-23 00:54:38.868449,1,1,1,14,77
2025-12-23 00:54:42.729220,1,1,1,14,80
2025-12-23 00:54:46.037410,1,1,1,14,83
2025-12-23 00:54:49.851921,1,1,1,14,86
2025-12-23 00:54:53.715827,1,1,1,14,88
2025-12-23 00:54:57.066876,1,1,1,14,88
2025-12-23 00:54:59.883902,1,1,1,14,88
2025-12-23 00:55:03.783062,1,1,1,14,88
2025-12-23 00:55:06.644712,1,1,1,14,88
2025-12-23 00:55:09.455229,1,1,1,14,88
2025-12-23 00:55:13.313605,1,1,1,14,86
2025-12-23 00:55:16.625942,1,1,1,14,80
2025-12-23 00:55:19.435690,1,2,26,14,78
2025-12-23 00:55:22.342988,1,2,10,14,78
2025-12-23 00:55:25.252768,1,2,1,16,78
2025-12-23 00:55:28.062504,1,1,1,16,79
2025-12-23 00:55:31.877033,1,1,1,19,79
2025-12-23 00:55:36.785768,1,1,1,20,79
2025-12-23 00:55:39.642832,1,1,1,21,79
2025-12-23 00:55:42.453406,1,1,1,22,79
2025-12-23 00:55:46.365508,1,1,1,24,79
2025-12-23 00:55:49.274255,1,1,1,23,79
2025-12-23 00:55:52.082905,1,1,1,23,79
2025-12-23 00:55:55.894545,1,1,1,24,79
2025-12-23 00:55:58.803062,1,1,1,25,79
2025-12-23 00:56:01.615544,1,1,1,25,79
2025-12-23 00:56:05.473845,1,1,1,25,79
2025-12-23 00:56:08.380508,1,1,1,25,79
2025-12-23 00:56:11.740167,1,1,1,25,79
2025-12-23 00:56:15.499064,1,1,1,25,79
2025-12-23 00:56:18.413561,1,1,1,24,79
2025-12-23 00:56:21.817466,1,1,1,22,79
2025-12-23 00:56:24.681053,1,2,4,21,74
2025-12-23 00:56:27.487512,1,1,1,20,71
2025-12-23 00:56:31.349192,1,1,1,19,68
2025-12-23 00:56:34.663871,1,1,1,18,67
2025-12-23 00:56:38.468744,1,1,1,17,67
2025-12-23 00:56:41.377712,1,1,1,17,67
2025-12-23 00:56:46.457532,1,1,1,17,66
2025-12-23 00:56:48.096875,1,1,1,17,63
2025-12-23 00:56:50.959166,1,1,1,17,62
2025-12-23 00:56:54.816857,1,1,1,17,65
2025-12-23 00:56:57.728285,1,1,1,18,67
2025-12-23 00:57:00.488786,1,1,1,19,67
2025-12-23 00:57:04.419812,1,1,1,17,68
2025-12-23 00:57:07.306256,1,1,1,18,71
2025-12-23 00:57:10.116582,1,1,1,18,72
2025-12-23 00:57:13.924226,1,1,1,17,71
2025-12-23 00:57:17.786113,1,1,1,18,68
2025-12-23 00:57:21.294008,1,2,1,18,65
2025-12-23 00:57:24.114158,1,1,1,18,67
2025-12-23 00:57:26.965148,1,2,29,16,67
2025-12-23 00:57:30.832749,1,2,95,15,64
2025-12-23 00:57:34.133870,1,2,7,15,62
2025-12-23 00:57:38.444900,1,2,3,15,62
2025-12-23 00:57:41.854650,1,2,5,15,62
2025-12-23 00:57:45.174346,1,2,3,15,62
2025-12-23 00:57:48.032743,1,1,1,16,63
2025-12-23 00:57:51.334926,1,2,1,16,66
2025-12-23 00:57:54.147185,1,2,2,16,69
2025-12-23 00:57:58.467059,1,1,1,16,72
2025-12-23 00:58:00.328498,1,2,1,16,75
2025-12-23 00:58:03.125006,1,2,3,15,78
2025-12-23 00:58:06.035670,1,1,2,15,75
2025-12-23 00:58:09.899858,1,2,4,14,72
2025-12-23 00:58:12.758931,1,1,1,16,69
2025-12-23 00:58:15.616824,1,1,4,17,72
2025-12-23 00:58:18.434424,1,2,3,18,75
2025-12-23 00:58:21.787650,1,2,1,19,78
2025-12-23 00:58:26.468633,1,1,1,19,78
2025-12-23 00:58:28.460057,1,2,2,15,81
2025-12-23 00:58:31.366719,1,2,2,14,82
2025-12-23 00:58:34.683679,1,1,1,14,82
2025-12-23 00:58:38.605323,1,2,2,13,79
2025-12-23 00:58:41.451779,1,1,4,13,76
2025-12-23 00:58:45.361810,1,1,1,12,76
2025-12-23 00:58:48.189875,1,1,1,12,76
2025-12-23 00:58:51.080489,1,2,3,12,76
2025-12-23 00:58:55.441778,1,1,1,12,76
2025-12-23 00:58:58.352768,1,1,1,12,78
2025-12-23 00:59:01.664723,1,2,3,12,81
2025-12-23 00:59:04.474010,1,1,2,12,84
2025-12-23 00:59:07.393070,1,2,2,12,87
2025-12-23 00:59:10.195581,1,2,1,12,90
2025-12-23 00:59:14.056463,1,2,2,12,90
2025-12-23 00:59:16.965088,1,1,1,12,90
2025-12-23 00:59:21.385364,1,1,2,12,86
2025-12-23 00:59:24.185159,1,1,2,12,83
2025-12-23 00:59:27.053001,1,1,1,12,80
2025-12-23 00:59:30.906586,1,2,2,12,79
2025-12-23 00:59:33.767210,1,1,1,12,82
2025-12-23 00:59:36.626886,1,1,1,12,83
2025-12-23 00:59:40.493517,1,1,1,12,83
2025-12-23 00:59:43.404361,1,2,3,13,83
2025-12-23 00:59:46.208659,1,1,1,13,83
2025-12-23 00:59:50.118559,1,2,1,13,82
2025-12-23 00:59:53.478769,1,1,1,13,79
2025-12-23 00:59:57.392458,1,2,5,13,76
2025-12-23 01:00:00.200035,1,2,1,13,73
2025-12-23 01:00:03.066266,1,1,1,13,70
2025-12-23 01:00:06.920371,1,2,1,13,67
2025-12-23 01:00:10.391175,1,1,1,13,67
2025-12-23 01:00:13.696681,1,1,3,13,67
2025-12-23 01:00:16.502882,1,1,2,13,67
2025-12-23 01:00:19.810532,1,1,5,13,67
2025-12-23 01:00:22.623948,1,1,1,13,67
2025-12-23 01:00:25.532829,1,1,1,13,67
2025-12-23 01:00:29.945932,1,2,3,13,67
2025-12-23 01:00:33.259712,1,2,1,13,67
2025-12-23 01:00:36.064810,1,1,1,13,67
2025-12-23 01:00:39.975573,1,1,1,12,67
2025-12-23 01:00:42.834041,1,1,4,12,67
2025-12-23 01:00:45.707699,1,2,4,12,67
2025-12-23 01:00:49.056406,1,1,4,12,67
2025-12-23 01:00:51.967123,1,1,1,12,67
2025-12-23 01:00:54.829169,1,2,3,12,67
2025-12-23 01:00:57.636256,1,2,2,12,67
2025-12-23 01:01:01.498982,1,2,1,12,68
2025-12-23 01:01:04.459390,1,2,2,15,71
2025-12-23 01:01:07.770816,1,1,1,17,74
2025-12-23 01:01:13.134058,1,2,4,18,70
2025-12-23 01:01:16.449032,1,1,1,19,67
2025-12-23 01:01:19.255559,1,2,1,19,66
2025-12-23 01:01:23.111257,1,1,1,18,66
2025-12-23 01:01:27.978919,1,2,1,18,67
2025-12-23 01:01:30.837324,1,1,1,19,70
2025-12-23 01:01:33.643471,1,2,1,18,73
2025-12-23 01:01:37.504921,1,2,2,18,72
2025-12-23 01:01:40.812885,1,1,1,20,69
2025-12-23 01:01:44.625852,1,2,1,20,66
2025-12-23 01:01:47.585898,1,2,5,20,66
2025-12-23 01:01:52.598446,1,1,1,18,66
2025-12-23 01:01:56.007369,1,1,4,15,66
2025-12-23 01:01:59.350411,1,1,1,14,66
2025-12-23 01:02:02.132157,1,2,2,13,66
2025-12-23 01:02:05.538886,1,1,1,13,66
2025-12-23 01:02:09.954316,1,1,1,12,64
2025-12-23 01:02:13.464801,1,2,2,12,64
2025-12-23 01:02:16.270336,1,2,1,12,64
2025-12-23 01:02:20.580601,1,2,3,12,64
2025-12-23 01:02:23.940830,1,1,1,12,64
2025-12-23 01:02:27.698187,1,1,1,12,64
2025-12-23 01:02:31.065790,1,1,5,12,64
2025-12-23 01:02:34.474261,1,1,2,12,64
2025-12-23 01:02:37.282011,1,1,1,12,64
2025-12-23 01:02:41.148470,1,2,2,12,64
2025-12-23 01:02:44.052354,1,2,2,12,64
2025-12-23 01:02:47.983725,1,2,2,12,64
2025-12-23 01:02:50.878418,1,1,1,12,64
2025-12-23 01:02:53.733667,1,2,2,12,64
2025-12-23 01:02:57.046418,1,1,1,12,64
2025-12-23 01:02:59.905832,1,1,1,12,64
2025-12-23 01:03:02.763951,1,2,2,12,64
2025-12-23 01:03:06.133143,1,1,2,12,64
2025-12-23 01:03:10.055973,1,2,1,12,64
2025-12-23 01:03:12.900256,1,2,3,12,65
2025-12-23 01:03:15.706857,1,1,2,12,68
2025-12-23 01:03:19.575680,1,1,1,13,71
2025-12-23 01:03:22.875583,1,2,2,13,71
2025-12-23 01:03:26.892717,1,2,3,13,71
2025-12-23 01:03:29.751381,1,1,2,13,71
2025-12-23 01:03:32.610295,1,1,1,13,72
2025-12-23 01:03:35.986719,1,2,5,13,75
2025-12-23 01:03:39.735252,1,2,1,14,81
2025-12-23 01:03:44.198103,1,1,1,14,81
2025-12-23 01:03:47.601734,1,2,1,14,81
2025-12-23 01:03:51.519000,1,1,1,14,81
2025-12-23 01:03:54.322659,1,2,3,14,81
2025-12-23 01:03:57.232382,1,1,5,14,81
2025-12-23 01:04:00.550782,1,1,1,14,81
2025-12-23 01:04:03.904936,1,1,4,14,79
2025-12-23 01:04:06.767015,1,2,1,14,79
2025-12-23 01:04:10.085201,1,1,1,14,79
2025-12-23 01:04:12.940189,1,2,2,14,80
2025-12-23 01:04:15.750943,1,1,1,14,81
2025-12-23 01:04:19.264445,1,1,2,13,80
2025-12-23 01:04:23.217306,1,1,1,18,74
2025-12-23 01:04:26.080072,1,2,2,19,70
2025-12-23 01:04:28.890205,1,2,2,20,67
2025-12-23 01:04:32.712684,1,1,2,19,64
2025-12-23 01:04:37.060669,1,1,4,18,63
2025-12-23 01:04:39.923789,1,1,3,17,66
2025-12-23 01:04:42.731792,1,1,1,16,69
2025-12-23 01:04:46.644030,1,2,1,15,72
2025-12-23 01:04:49.555530,1,2,2,15,75
2025-12-23 01:04:52.369327,1,1,4,15,78
2025-12-23 01:04:56.175200,1,2,1,16,75
2025-12-23 01:04:59.134105,1,1,3,17,74
2025-12-23 01:05:03.547902,1,1,1,18,80
2025-12-23 01:05:06.356560,1,2,5,19,83
2025-12-23 01:05:09.218502,1,1,1,18,86
2025-12-23 01:05:13.079111,1,2,3,19,82
2025-12-23 01:05:16.591501,1,2,2,21,76
2025-12-23 01:05:19.905685,1,1,1,22,71
2025-12-23 01:05:23.811292,1,1,1,22,68
2025-12-23 01:05:26.676059,1,2,4,23,65
2025-12-23 01:05:30.033624,1,1,1,23,65
2025-12-23 01:05:33.851333,1,1,2,23,63
2025-12-23 01:05:37.254534,1,1,2,23,62
2025-12-23 01:05:40.565544,1,1,1,23,62
2025-12-23 01:05:43.875912,1,2,4,23,62
2025-12-23 01:05:46.694131,1,1,1,23,62
2025-12-23 01:05:49.597105,1,1,1,23,62
2025-12-23 01:05:55.106454,1,2,2,23,63
2025-12-23 01:05:57.968587,1,2,6,23,66
2025-12-23 01:06:00.779980,1,2,3,23,69
2025-12-23 01:06:04.684156,1,2,5,23,72
2025-12-23 01:06:07.593893,1,2,15,22,74
2025-12-23 01:06:10.415775,1,2,41,22,76
2025-12-23 01:06:14.213703,1,2,3,23,100
2025-12-23 01:06:17.122344,1,2,1,24,100
2025-12-23 01:06:19.932393,1,2,34,24,100
2025-12-23 01:06:23.845133,1,2,1,23,100
2025-12-23 01:06:27.153984,1,1,1,23,100
2025-12-23 01:06:30.018699,1,1,1,22,100
2025-12-23 01:06:32.873855,1,1,1,22,100
2025-12-23 01:06:35.683222,1,2,5,22,100
2025-12-23 01:06:39.594864,1,2,10,21,96
2025-12-23 01:06:42.402102,1,2,40,19,93
2025-12-23 01:06:45.313918,1,2,3,18,90
2025-12-23 01:06:48.646483,1,1,1,18,86
2025-12-23 01:06:52.518722,1,1,1,19,83
2025-12-23 01:06:55.796817,1,1,1,19,80
2025-12-23 01:06:58.706023,1,1,1,20,77
2025-12-23 01:07:01.616697,1,1,1,21,77
2025-12-23 01:07:04.427791,1,2,6,21,78
2025-12-23 01:07:08.235705,1,2,1,22,81
2025-12-23 01:07:12.093763,1,1,1,22,78
2025-12-23 01:07:15.606891,1,1,1,21,84
2025-12-23 01:07:18.412520,1,1,1,20,85
2025-12-23 01:07:21.274503,1,1,1,18,82
2025-12-23 01:07:25.134527,1,1,1,17,79
2025-12-23 01:07:28.445002,1,1,1,16,77
2025-12-23 01:07:32.253552,1,1,1,13,77
2025-12-23 01:07:35.161658,1,1,1,13,79
2025-12-23 01:07:37.972117,1,1,1,13,82
2025-12-23 01:07:41.833487,1,1,1,13,85
2025-12-23 01:07:44.742774,1,1,1,12,88
2025-12-23 01:07:48.102696,1,1,1,12,90
2025-12-23 01:07:51.861182,1,1,1,11,85
2025-12-23 01:07:55.223731,1,1,1,11,85
2025-12-23 01:07:58.640174,1,1,1,11,85
2025-12-23 01:08:01.445958,1,1,1,11,85
2025-12-23 01:08:05.306321,1,1,1,12,85
2025-12-23 01:08:08.211028,1,1,1,14,85
2025-12-23 01:08:11.024470,1,1,1,15,85
2025-12-23 01:08:14.431407,1,1,1,17,85
2025-12-23 01:08:17.301354,1,1,1,18,85
2025-12-23 01:08:20.204386,1,1,1,19,85
2025-12-23 01:08:23.014675,1,1,1,18,85
2025-12-23 01:08:26.822822,1,1,1,17,85
2025-12-23 01:08:31.183942,1,1,1,15,85
2025-12-23 01:08:34.091589,1,1,1,15,85
2025-12-23 01:08:36.854754,1,1,1,15,83
2025-12-23 01:08:40.761015,1,1,1,16,83
2025-12-23 01:08:43.670757,1,1,1,15,77
2025-12-23 01:08:46.482006,1,1,1,15,73
2025-12-23 01:08:50.288027,1,1,1,14,70
2025-12-23 01:08:53.248263,1,1,1,14,67
2025-12-23 01:08:57.660286,1,1,1,14,62
2025-12-23 01:09:00.470142,1,1,1,14,62
2025-12-23 01:09:03.327877,1,1,1,14,62
2025-12-23 01:09:07.191593,1,1,1,14,62
2025-12-23 01:09:10.499749,1,2,6,14,62
2025-12-23 01:09:13.857721,1,2,38,14,62
2025-12-23 01:09:16.818741,1,2,10,16,63
2025-12-23 01:09:20.230538,1,2,8,17,66
2025-12-23 01:09:23.041553,1,2,6,19,69
2025-12-23 01:09:27.402667,1,2,1,18,75
2025-12-23 01:09:31.217787,1,2,5,18,77
2025-12-23 01:09:35.022081,1,1,2,17,73
2025-12-23 01:09:38.898347,1,2,5,16,70
2025-12-23 01:09:41.792524,1,2,3,16,67
2025-12-23 01:09:45.704822,1,1,3,16,65
2025-12-23 01:09:48.513997,1,2,2,15,65
2025-12-23 01:09:51.424823,1,2,3,15,65
2025-12-23 01:09:55.837783,1,2,11,15,65
2025-12-23 01:09:59.247678,1,2,32,17,65
2025-12-23 01:10:02.059735,1,2,2,17,65
2025-12-23 01:10:05.966857,1,2,3,16,65
2025-12-23 01:10:08.829823,1,1,4,16,65
2025-12-23 01:10:12.788961,1,1,4,15,65
2025-12-23 01:10:15.703038,1,1,1,15,65
2025-12-23 01:10:18.509641,1,1,3,15,65
2025-12-23 01:10:21.420790,1,2,2,15,65
2025-12-23 01:10:25.235393,1,1,1,15,65
2025-12-23 01:10:28.543012,1,2,5,14,65
2025-12-23 01:10:31.901247,1,1,1,14,65
2025-12-23 01:10:34.813349,1,2,1,14,65
2025-12-23 01:10:37.722658,1,1,1,14,65
2025-12-23 01:10:40.533750,1,2,1,14,65
2025-12-23 01:10:44.348340,1,2,3,14,65
2025-12-23 01:10:48.202555,1,2,1,14,65
2025-12-23 01:10:51.564280,1,1,1,14,64
2025-12-23 01:10:54.375793,1,1,1,14,62
2025-12-23 01:10:58.285797,1,2,2,13,62
2025-12-23 01:11:01.143890,1,2,12,12,62
2025-12-23 01:11:04.003504,1,1,1,12,62
2025-12-23 01:11:07.319607,1,2,13,11,62
2025-12-23 01:11:10.727526,1,1,4,11,62
2025-12-23 01:11:13.535503,1,2,13,11,63
2025-12-23 01:11:17.395972,1,2,11,13,66
2025-12-23 01:11:20.304986,1,2,6,14,69
2025-12-23 01:11:23.114971,1,1,1,15,72
2025-12-23 01:11:27.425052,1,2,4,16,76
2025-12-23 01:11:32.285195,1,1,2,15,79
2025-12-23 01:11:35.096379,1,2,2,16,81
2025-12-23 01:11:38.907265,1,1,2,16,82
2025-12-23 01:11:42.768401,1,2,2,16,84
2025-12-23 01:11:45.576918,1,1,1,16,83
2025-12-23 01:11:48.937331,1,2,1,16,80
2025-12-23 01:11:52.856501,1,1,2,18,78
2025-12-23 01:11:55.759858,1,1,2,19,81
2025-12-23 01:11:58.569833,1,1,1,19,84
2025-12-23 01:12:02.377782,1,1,1,21,84
2025-12-23 01:12:06.238241,1,1,2,21,85
2025-12-23 01:12:10.000388,1,2,3,22,85
2025-12-23 01:12:12.859900,1,1,1,22,85
2025-12-23 01:12:15.765740,1,2,13,20,85
2025-12-23 01:12:18.579560,1,2,1,20,85
2025-12-23 01:12:21.989592,1,2,20,20,85
2025-12-23 01:12:25.846517,1,2,13,20,85
2025-12-23 01:12:29.159224,1,2,5,21,85
2025-12-23 01:12:33.170896,1,1,1,22,85
2025-12-23 01:12:36.035068,1,1,1,22,85
2025-12-23 01:12:38.888830,1,1,11,23,85
2025-12-23 01:12:42.249645,1,2,1,23,85
2025-12-23 01:12:46.011439,1,2,1,21,85
2025-12-23 01:12:49.422609,1,1,1,19,85
2025-12-23 01:12:52.333651,1,1,1,18,85
2025-12-23 01:12:55.190266,1,1,1,20,85
2025-12-23 01:12:58.001697,1,1,3,21,85
2025-12-23 01:13:01.860773,1,1,1,20,85
2025-12-23 01:13:05.171413,1,2,12,21,82
2025-12-23 01:13:08.979189,1,1,2,18,79
2025-12-23 01:13:11.941710,1,1,1,19,77
2025-12-23 01:13:16.911603,1,1,1,19,77
2025-12-23 01:13:19.820257,1,1,1,19,77
2025-12-23 01:13:23.130388,1,1,2,19,77
2025-12-23 01:13:25.934358,1,1,1,16,77
2025-12-23 01:13:29.345556,1,1,1,15,77
2025-12-23 01:13:32.152840,1,1,1,14,77
2025-12-23 01:13:36.015245,1,1,1,15,77
2025-12-23 01:13:38.925867,1,2,16,16,77
2025-12-23 01:13:42.283744,1,2,16,17,77
2025-12-23 01:13:46.044818,1,1,3,18,77
2025-12-23 01:13:52.007963,1,2,5,19,77
2025-12-23 01:13:55.867961,1,2,4,19,75
2025-12-23 01:13:59.176051,1,1,3,19,70
2025-12-23 01:14:02.986270,1,1,3,19,67
2025-12-23 01:14:06.848875,1,1,1,18,62
2025-12-23 01:14:09.662132,1,1,1,17,62
2025-12-23 01:14:12.473982,1,1,2,16,62
2025-12-23 01:14:16.380172,1,1,1,15,62
2025-12-23 01:14:19.244114,1,1,1,15,62
2025-12-23 01:14:22.047128,1,1,1,14,62
2025-12-23 01:14:25.907826,1,1,1,14,62
2025-12-23 01:14:29.214606,1,1,1,14,62
2025-12-23 01:14:33.177424,1,2,3,14,62
2025-12-23 01:14:36.986405,1,1,1,14,62
2025-12-23 01:14:40.851512,1,2,1,13,62
2025-12-23 01:14:43.656839,1,1,2,13,62
2025-12-23 01:14:47.572598,1,1,1,13,62
2025-12-23 01:14:50.427484,1,1,1,12,64
2025-12-23 01:14:54.289427,1,1,2,12,67
2025-12-23 01:14:58.048800,1,1,1,12,69
2025-12-23 01:15:01.911548,1,1,1,12,69
2025-12-23 01:15:05.218657,1,1,1,12,69
2025-12-23 01:15:09.026318,1,2,1,12,69
2025-12-23 01:15:13.387199,1,1,2,12,69
2025-12-23 01:15:16.295652,1,1,1,12,69
2025-12-23 01:15:19.057159,1,1,1,12,70
2025-12-23 01:15:22.967060,1,2,1,12,70
2025-12-23 01:15:25.877896,1,1,1,12,70
2025-12-23 01:15:28.684996,1,1,1,12,70
2025-12-23 01:15:32.496424,1,1,1,12,69
2025-12-23 01:15:36.954758,1,1,1,14,71
2025-12-23 01:15:39.890316,1,2,1,16,74
2025-12-23 01:15:42.677011,1,1,1,17,77
2025-12-23 01:15:45.537254,1,1,1,18,80
2025-12-23 01:15:49.396108,1,1,2,18,82
2025-12-23 01:15:52.707455,1,1,1,16,82
2025-12-23 01:15:57.016362,1,1,1,14,79
2025-12-23 01:16:01.375290,1,1,1,13,76
2025-12-23 01:16:04.687813,1,1,1,13,77
2025-12-23 01:16:08.495641,1,1,1,12,80
2025-12-23 01:16:12.356038,1,1,1,12,83
2025-12-23 01:16:16.114787,1,2,3,12,86
2025-12-23 01:16:19.975918,1,1,1,12,87
2025-12-23 01:16:22.887295,1,1,1,12,88
2025-12-23 01:16:25.694857,1,2,1,12,88
2025-12-23 01:16:29.609324,1,1,3,12,89
2025-12-23 01:16:32.468571,1,1,1,12,90
2025-12-23 01:16:35.276528,1,2,1,12,90
2025-12-23 01:16:39.089192,1,2,1,12,90
2025-12-23 01:16:41.998492,1,1,3,12,90
2025-12-23 01:16:45.906172,1,1,1,12,90
2025-12-23 01:16:48.719285,1,1,1,12,90
2025-12-23 01:16:51.627235,1,1,1,12,90
2025-12-23 01:16:55.435989,1,1,1,12,90
2025-12-23 01:16:58.744277,1,1,1,12,90
2025-12-23 01:17:02.103580,1,1,1,12,90
2025-12-23 01:17:05.015300,1,1,2,12,90
2025-12-23 01:17:07.929934,1,1,1,12,90
2025-12-23 01:17:10.735192,1,2,1,12,90
2025-12-23 01:17:14.541629,1,1,1,12,90
2025-12-23 01:17:18.404707,1,1,1,12,90
2025-12-23 01:17:21.762383,1,1,1,12,90
2025-12-23 01:17:24.634743,1,2,1,12,90
2025-12-23 01:17:28.480869,1,1,1,12,89
2025-12-23 01:17:31.342060,1,1,1,12,87
2025-12-23 01:17:34.151744,1,2,1,12,87
2025-12-23 01:17:38.012319,1,1,1,12,87
2025-12-23 01:17:42.371149,1,1,2,12,87
2025-12-23 01:17:45.131596,1,1,1,12,87
2025-12-23 01:17:48.042184,1,2,2,12,87
2025-12-23 01:17:51.951039,1,1,1,12,87
2025-12-23 01:17:54.768526,1,1,1,12,87
2025-12-23 01:17:57.620812,1,2,3,12,87
2025-12-23 01:18:00.535368,1,1,1,12,87
2025-12-23 01:18:03.943569,1,1,1,12,87
2025-12-23 01:18:06.754361,1,2,2,12,87
2025-12-23 01:18:09.662676,1,1,1,12,87
2025-12-23 01:18:13.473847,1,1,1,12,87
2025-12-23 01:18:16.781876,1,2,1,12,89
2025-12-23 01:18:21.392142,1,1,4,12,89
2025-12-23 01:18:24.151789,1,1,1,12,89
2025-12-23 01:18:27.063403,1,1,1,12,89
2025-12-23 01:18:32.590476,1,1,1,12,89
2025-12-23 01:18:34.180432,1,2,1,12,77
2025-12-23 01:18:38.040958,1,1,1,12,74
2025-12-23 01:18:41.351470,1,1,1,12,77
2025-12-23 01:18:44.159622,1,2,1,12,80
2025-12-23 01:18:47.069415,1,1,1,12,82
2025-12-23 01:18:49.979334,1,1,1,12,82
2025-12-23 01:18:52.789631,1,1,2,12,82
2025-12-23 01:18:56.605199,1,1,1,12,83
2025-12-23 01:19:00.459008,1,1,3,12,83
2025-12-23 01:19:03.969416,1,1,1,12,83
2025-12-23 01:19:06.778412,1,1,1,12,83
2025-12-23 01:19:09.638516,1,2,1,12,83
2025-12-23 01:19:13.501398,1,1,1,12,83
2025-12-23 01:19:16.807052,1,1,1,12,83
2025-12-23 01:19:21.117771,1,1,1,13,83
2025-12-23 01:19:25.479141,1,1,1,13,76
2025-12-23 01:19:28.788010,1,1,1,13,73
2025-12-23 01:19:32.596777,1,1,1,13,70
2025-12-23 01:19:36.459466,1,1,2,13,67
2025-12-23 01:19:40.216367,1,1,2,13,67
2025-12-23 01:19:44.077401,1,1,1,14,67
2025-12-23 01:19:48.086840,1,1,1,13,67
2025-12-23 01:19:51.997645,1,1,1,12,67
2025-12-23 01:19:54.812833,1,1,2,12,67
2025-12-23 01:19:57.667351,1,1,1,12,67
2025-12-23 01:20:01.527499,1,1,1,12,67
2025-12-23 01:20:04.836980,1,1,1,13,67
2025-12-23 01:20:10.097035,1,1,1,13,67
2025-12-23 01:20:11.107995,1,2,3,13,67
2025-12-23 01:20:14.018777,1,1,1,13,67
2025-12-23 01:20:16.828220,1,1,1,13,67
2025-12-23 01:20:20.638149,1,1,1,13,67
2025-12-23 01:20:24.497134,1,1,1,13,68
2025-12-23 01:20:28.305997,1,1,3,13,71
2025-12-23 01:20:31.116364,1,1,1,13,71
2025-12-23 01:20:34.025489,1,2,1,13,71
2025-12-23 01:20:36.835550,1,1,3,14,72
2025-12-23 01:20:39.695817,1,1,1,15,75
2025-12-23 01:20:43.557568,1,2,1,15,78
2025-12-23 01:20:46.866497,1,1,1,14,81
2025-12-23 01:20:49.696578,1,1,1,13,81
2025-12-23 01:20:52.590663,1,1,1,13,78
2025-12-23 01:20:55.445635,1,1,1,12,79
2025-12-23 01:20:58.254917,1,2,1,12,81
2025-12-23 01:21:02.119656,1,1,1,12,81
2025-12-23 01:21:05.474949,1,1,2,12,81
2025-12-23 01:21:08.235079,1,1,1,12,81
2025-12-23 01:21:11.143325,1,1,1,12,81
2025-12-23 01:21:14.056868,1,1,1,12,81
2025-12-23 01:21:16.862351,1,1,1,12,81
2025-12-23 01:21:20.670707,1,1,1,12,81
2025-12-23 01:21:24.533270,1,2,3,12,81
2025-12-23 01:21:28.491672,1,1,1,12,81
2025-12-23 01:21:31.252063,1,1,1,12,81
2025-12-23 01:21:35.161989,1,1,1,12,81
2025-12-23 01:21:38.073404,1,2,1,12,81
2025-12-23 01:21:40.894774,1,1,1,12,81
2025-12-23 01:21:44.695064,1,1,1,15,83
2025-12-23 01:21:47.604007,1,1,2,16,86
2025-12-23 01:21:50.416746,1,1,1,16,89
2025-12-23 01:21:55.777250,1,1,1,15,91
2025-12-23 01:21:58.634251,1,1,1,14,89
2025-12-23 01:22:01.493314,1,2,3,13,87
2025-12-23 01:22:04.306232,1,1,1,13,86
2025-12-23 01:22:07.163809,1,2,1,12,81
2025-12-23 01:22:10.076592,1,1,2,12,75
2025-12-23 01:22:12.884980,1,1,1,12,71
2025-12-23 01:22:15.791319,1,2,3,12,68
2025-12-23 01:22:19.603127,1,1,1,12,65
2025-12-23 01:22:22.912197,1,1,1,12,64
2025-12-23 01:22:26.272962,1,1,1,12,64
2025-12-23 01:22:29.183070,1,2,1,12,64
2025-12-23 01:22:32.097277,1,1,1,12,64
2025-12-23 01:22:37.115551,1,1,1,12,67
2025-12-23 01:22:38.710205,1,2,1,12,70
2025-12-23 01:22:42.572460,1,1,2,12,73
2025-12-23 01:22:45.933221,1,1,1,12,79
2025-12-23 01:22:48.741664,1,1,1,12,79
2025-12-23 01:22:52.653483,1,2,1,12,79
2025-12-23 01:22:55.512045,1,2,2,12,79
2025-12-23 01:22:58.371008,1,1,1,12,79
2025-12-23 01:23:02.181081,1,2,1,12,79
2025-12-23 01:23:05.490681,1,1,1,12,79
2025-12-23 01:23:08.299754,1,1,1,12,80
2025-12-23 01:23:11.213507,1,2,1,12,82
2025-12-23 01:23:14.120589,1,1,1,12,82
2025-12-23 01:23:16.928498,1,1,1,12,82
2025-12-23 01:23:20.744676,1,1,1,12,85
2025-12-23 01:23:23.700810,1,2,1,12,88
2025-12-23 01:23:28.111241,1,1,3,12,89
2025-12-23 01:23:30.929643,1,1,2,12,89
2025-12-23 01:23:33.787263,1,1,1,12,89
2025-12-23 01:23:37.639279,1,1,1,12,89
2025-12-23 01:23:40.952304,1,1,2,12,89
2025-12-23 01:23:44.364140,1,1,1,12,89
2025-12-23 01:23:47.671540,1,1,1,12,89
2025-12-23 01:23:50.486882,1,2,1,12,89
2025-12-23 01:23:54.391818,1,1,2,13,89
2025-12-23 01:23:57.254799,1,1,1,13,89
2025-12-23 01:24:00.621094,1,2,1,13,89
2025-12-23 01:24:03.974320,1,1,1,13,89
2025-12-23 01:24:06.830025,1,1,1,13,89
2025-12-23 01:24:10.691101,1,1,1,13,89
2025-12-23 01:24:13.552518,1,2,1,13,89
2025-12-23 01:24:16.410708,1,1,1,13,89
2025-12-23 01:24:20.222189,1,1,1,13,89
2025-12-23 01:24:23.683604,1,2,1,12,86
2025-12-23 01:24:26.493123,1,2,2,12,89
2025-12-23 01:24:31.803500,1,1,4,12,89
2025-12-23 01:24:34.715194,1,1,1,12,89
2025-12-23 01:24:37.574947,1,1,1,12,89
2025-12-23 01:24:40.385012,1,1,1,12,89
2025-12-23 01:24:44.209782,1,1,2,12,89
2025-12-23 01:24:47.516433,1,1,1,12,89
2025-12-23 01:24:51.315718,1,1,1,12,89
2025-12-23 01:24:55.177359,1,1,1,12,89
2025-12-23 01:24:57.985774,1,1,1,12,89
2025-12-23 01:25:01.398052,1,1,1,14,89
2025-12-23 01:25:05.858074,1,1,1,17,89
2025-12-23 01:25:08.728932,1,1,1,17,89
2025-12-23 01:25:11.526741,1,1,1,16,89
2025-12-23 01:25:17.126628,1,2,1,15,89
2025-12-23 01:25:19.697076,1,1,1,15,89
2025-12-23 01:25:23.007428,1,1,1,14,89
2025-12-23 01:25:25.818085,1,1,1,14,89
2025-12-23 01:25:28.741684,1,1,1,15,89
2025-12-23 01:25:31.591985,1,1,1,17,89
2025-12-23 01:25:34.448082,1,1,1,18,89
2025-12-23 01:25:38.256919,1,1,1,16,89
2025-12-23 01:25:41.568099,1,1,2,14,89
2025-12-23 01:25:44.377353,1,1,1,13,89
2025-12-23 01:25:47.287716,1,1,2,13,89
2025-12-23 01:25:50.201972,1,1,1,12,89
2025-12-23 01:25:53.005463,1,2,1,12,89
2025-12-23 01:25:56.813499,1,1,1,12,89
2025-12-23 01:26:00.675675,1,2,5,12,89
2025-12-23 01:26:04.638687,1,2,1,12,89
2025-12-23 01:26:07.397358,1,1,4,13,88
2025-12-23 01:26:11.305677,1,1,2,17,88
2025-12-23 01:26:14.220953,1,2,1,18,84
2025-12-23 01:26:17.028786,1,2,4,18,84
2025-12-23 01:26:20.837209,1,2,1,18,84
2025-12-23 01:26:23.757328,1,1,1,17,78
2025-12-23 01:26:26.554521,1,2,4,16,72
2025-12-23 01:26:31.368925,1,2,4,17,66
2025-12-23 01:26:35.228090,1,1,5,20,63
2025-12-23 01:26:38.038006,1,1,2,20,62
2025-12-23 01:26:41.898852,1,2,5,18,62
2025-12-23 01:26:44.757969,1,1,2,19,62
2025-12-23 01:26:47.566546,1,1,1,20,62
2025-12-23 01:26:51.376480,1,2,2,21,63
2025-12-23 01:26:55.238807,1,2,3,19,69
2025-12-23 01:26:58.049758,1,1,4,17,72
2025-12-23 01:27:01.459673,1,2,1,16,75
2025-12-23 01:27:04.770108,1,2,1,15,76
2025-12-23 01:27:07.636993,1,2,3,14,77
2025-12-23 01:27:10.491387,1,1,2,13,80
2025-12-23 01:27:14.301156,1,1,3,13,83
2025-12-23 01:27:17.615559,1,2,4,12,86
2025-12-23 01:27:21.433248,1,1,4,12,88
2025-12-23 01:27:24.331192,1,1,1,12,88
2025-12-23 01:27:28.241584,1,2,4,12,88
2025-12-23 01:27:31.048193,1,2,3,12,88
2025-12-23 01:27:33.965521,1,1,1,12,88
2025-12-23 01:27:37.769965,1,2,7,12,88
2025-12-23 01:27:41.088172,1,2,5,12,88
2025-12-23 01:27:43.890483,1,1,1,13,88
2025-12-23 01:27:46.798311,1,1,1,14,89
2025-12-23 01:27:49.663597,1,2,4,15,89
2025-12-23 01:27:52.471377,1,1,4,17,89
2025-12-23 01:27:56.328902,1,2,1,15,89
2025-12-23 01:27:59.639453,1,2,1,14,89
2025-12-23 01:28:02.497193,1,2,5,13,87
2025-12-23 01:28:05.354781,1,1,1,13,87
2025-12-23 01:28:08.268146,1,2,2,15,87
2025-12-23 01:28:11.078025,1,1,5,15,89
2025-12-23 01:28:14.884750,1,1,3,15,92
2025-12-23 01:28:18.749266,1,1,1,15,93
2025-12-23 01:28:22.459372,1,1,1,14,93
2025-12-23 01:28:26.317331,1,2,4,14,93
2025-12-23 01:28:29.626004,1,2,4,14,90
2025-12-23 01:28:33.440266,1,1,4,14,88
2025-12-23 01:28:37.797096,1,2,1,16,90
2025-12-23 01:28:41.107780,1,1,1,15,93
2025-12-23 01:28:44.467359,1,2,2,14,92
2025-12-23 01:28:47.377850,1,1,1,13,89
2025-12-23 01:28:50.288004,1,2,1,13,88
2025-12-23 01:28:53.104304,1,1,2,13,88
2025-12-23 01:28:57.404903,1,1,4,12,88
2025-12-23 01:29:00.764758,1,1,1,12,88
2025-12-23 01:29:04.729386,1,2,1,12,88
2025-12-23 01:29:07.540267,1,2,3,12,88
2025-12-23 01:29:11.396395,1,2,1,12,88
2025-12-23 01:29:14.306740,1,2,4,12,88
2025-12-23 01:29:17.125406,1,1,1,12,88
2025-12-23 01:29:21.453764,1,2,1,15,88
2025-12-23 01:29:25.292484,1,1,1,16,88
2025-12-23 01:29:28.122741,1,2,5,17,87
2025-12-23 01:29:30.960978,1,1,1,17,86
2025-12-23 01:29:34.877106,1,1,1,16,83
2025-12-23 01:29:37.731305,1,2,6,15,83
2025-12-23 01:29:40.542461,1,1,4,15,83
2025-12-23 01:29:44.351744,1,2,1,14,84
2025-12-23 01:29:47.663121,1,2,1,14,85
2025-12-23 01:29:51.972885,1,2,1,16,85
2025-12-23 01:29:55.833797,1,2,4,16,85
2025-12-23 01:29:59.142772,1,2,4,15,85
2025-12-23 01:30:03.451703,1,1,6,13,85
2025-12-23 01:30:07.812980,1,2,4,13,85
2025-12-23 01:30:11.124061,1,2,4,13,85
2025-12-23 01:30:14.933696,1,1,1,13,85
2025-12-23 01:30:18.794618,1,1,1,13,85
2025-12-23 01:30:22.553661,1,2,1,13,85
2025-12-23 01:30:26.412118,1,2,4,13,85
2025-12-23 01:30:29.327686,1,2,5,13,85
2025-12-23 01:30:32.133096,1,1,3,13,85
2025-12-23 01:30:35.993423,1,1,1,13,84
2025-12-23 01:30:38.904353,1,1,1,13,80
2025-12-23 01:30:41.712328,1,2,4,13,80
2025-12-23 01:30:45.533612,1,1,4,13,80
2025-12-23 01:30:48.436014,1,1,1,13,80
2025-12-23 01:30:52.345927,1,2,1,13,74
2025-12-23 01:30:55.184624,1,2,4,13,71
2025-12-23 01:30:58.017518,1,1,1,13,68
2025-12-23 01:31:01.874590,1,2,1,13,67
2025-12-23 01:31:05.186932,1,2,6,13,67
2025-12-23 01:31:08.046047,1,2,4,13,67
2025-12-23 01:31:10.920619,1,1,1,13,67
2025-12-23 01:31:13.766198,1,1,2,13,67
2025-12-23 01:31:16.578127,1,2,4,13,67
2025-12-23 01:31:20.434247,1,1,4,13,67
2025-12-23 01:31:23.745005,1,2,1,13,67
2025-12-23 01:31:26.557573,1,2,1,13,67
2025-12-23 01:31:29.466685,1,1,4,13,67
2025-12-23 01:31:32.376284,1,2,1,13,67
2025-12-23 01:31:35.187137,1,2,1,13,70
2025-12-23 01:31:38.994688,1,1,3,13,73
2025-12-23 01:31:42.404267,1,1,3,13,76
2025-12-23 01:31:45.763952,1,2,1,13,82
2025-12-23 01:31:48.624598,1,2,4,13,82
2025-12-23 01:31:51.496841,1,1,3,13,84
2025-12-23 01:31:54.847080,1,2,1,14,84
2025-12-23 01:31:58.603489,1,2,2,16,86
2025-12-23 01:32:02.516387,1,1,4,17,89
2025-12-23 01:32:05.929089,1,2,2,14,92
2025-12-23 01:32:08.735578,1,1,1,14,92
2025-12-23 01:32:12.649003,1,1,1,13,92
2025-12-23 01:32:15.506233,1,2,1,13,92
2025-12-23 01:32:18.870301,1,1,2,13,90
2025-12-23 01:32:23.329802,1,1,3,15,91
2025-12-23 01:32:26.591360,1,1,4,16,94
2025-12-23 01:32:29.499777,1,2,1,15,97
2025-12-23 01:32:32.408441,1,2,5,15,91
2025-12-23 01:32:35.219489,1,2,3,15,87
2025-12-23 01:32:39.028356,1,1,1,14,84
2025-12-23 01:32:42.437351,1,1,1,14,81
2025-12-23 01:32:45.797773,1,2,1,14,80
2025-12-23 01:32:48.655976,1,2,3,14,80
2025-12-23 01:32:51.531309,1,1,2,14,80
2025-12-23 01:32:54.879624,1,2,1,14,80
2025-12-23 01:32:58.640111,1,2,5,14,80
2025-12-23 01:33:01.547868,1,1,2,14,80
2025-12-23 01:33:05.408310,1,1,1,14,80
2025-12-23 01:33:08.218120,1,2,5,14,80
2025-12-23 01:33:12.080617,1,2,4,14,80
2025-12-23 01:33:14.991832,1,2,4,14,80
2025-12-23 01:33:17.797245,1,1,1,14,80
2025-12-23 01:33:21.759625,1,2,4,14,79
2025-12-23 01:33:26.073145,1,2,6,14,74
2025-12-23 01:33:28.979920,1,2,3,13,74
2025-12-23 01:33:31.842677,1,1,1,13,71
2025-12-23 01:33:34.651210,1,2,1,12,68
2025-12-23 01:33:38.516177,1,2,5,12,65
2025-12-23 01:33:41.820947,1,1,6,12,62
2025-12-23 01:33:44.678269,1,1,1,12,62
2025-12-23 01:33:47.540230,1,2,1,12,62
2025-12-23 01:33:50.451264,1,2,6,13,65
2025-12-23 01:33:53.266588,1,1,1,13,65
2025-12-23 01:33:57.569383,1,2,1,13,65
2025-12-23 01:34:01.434145,1,1,1,13,62
2025-12-23 01:34:04.241700,1,2,4,13,62
2025-12-23 01:34:07.151522,1,2,2,13,62
2025-12-23 01:34:11.029591,1,1,1,13,62
2025-12-23 01:34:13.882577,1,1,1,13,62
2025-12-23 01:34:16.683463,1,2,1,13,62
2025-12-23 01:34:20.491472,1,1,3,13,62
2025-12-23 01:34:23.802172,1,1,1,13,62
2025-12-23 01:34:27.612422,1,1,1,13,62
2025-12-23 01:34:31.974214,1,2,4,13,62
2025-12-23 01:34:35.283247,1,2,4,13,62
2025-12-23 01:34:39.096504,1,1,2,13,62
2025-12-23 01:34:42.454008,1,1,4,13,65
2025-12-23 01:34:45.263202,1,2,2,13,68
2025-12-23 01:34:48.172201,1,2,3,13,71
2025-12-23 01:34:51.032206,1,1,1,12,74
2025-12-23 01:34:53.841397,1,1,1,12,76
2025-12-23 01:34:57.651280,1,2,1,12,76
2025-12-23 01:35:00.561963,1,1,4,12,76
2025-12-23 01:35:04.472722,1,1,1,12,74
2025-12-23 01:35:07.287716,1,1,1,12,71
2025-12-23 01:35:10.200483,1,2,3,12,68
2025-12-23 01:35:14.003852,1,1,1,12,65
2025-12-23 01:35:17.316019,1,1,1,13,64
2025-12-23 01:35:20.125969,1,2,1,13,64
2025-12-23 01:35:23.035800,1,2,3,13,64
2025-12-23 01:35:25.896574,1,1,1,13,64
2025-12-23 01:35:28.704295,1,2,4,13,64
2025-12-23 01:35:32.563455,1,1,1,13,64
2025-12-23 01:35:35.875051,1,1,1,15,64
2025-12-23 01:35:38.731918,1,2,1,14,64
2025-12-23 01:35:41.591377,1,1,4,13,64
2025-12-23 01:35:44.503974,1,1,1,13,64
2025-12-23 01:35:47.354365,1,2,5,13,64
2025-12-23 01:35:51.629528,1,1,5,12,64
2025-12-23 01:35:55.002010,1,1,4,12,64
2025-12-23 01:35:58.494935,1,1,1,12,64
2025-12-23 01:36:01.304199,1,2,1,12,64
2025-12-23 01:36:04.228960,1,2,4,12,64
2025-12-23 01:36:08.024978,1,1,1,12,64
2025-12-23 01:36:11.334810,1,1,1,12,64
2025-12-23 01:36:15.143930,1,2,1,12,64
2025-12-23 01:36:18.054595,1,2,3,12,64
2025-12-23 01:36:20.865995,1,1,1,12,64
2025-12-23 01:36:24.727914,1,1,1,12,64
2025-12-23 01:36:27.634241,1,2,4,13,64
2025-12-23 01:36:31.002593,1,1,4,15,64
2025-12-23 01:36:34.755618,1,1,1,16,70
2025-12-23 01:36:38.564430,1,2,1,18,73
2025-12-23 01:36:41.873095,1,2,1,20,76
2025-12-23 01:36:47.201346,1,2,4,20,82
2025-12-23 01:36:50.043912,1,2,4,21,85
2025-12-23 01:36:53.355396,1,2,3,22,88
2025-12-23 01:36:57.166820,1,1,1,18,91
2025-12-23 01:37:00.534453,1,1,1,16,88
2025-12-23 01:37:03.343697,1,1,2,16,82
2025-12-23 01:37:06.195190,1,1,1,15,79
2025-12-23 01:37:09.113584,1,1,1,16,76
2025-12-23 01:37:11.913979,1,2,4,17,79
2025-12-23 01:37:15.731327,1,1,2,19,82
2025-12-23 01:37:18.642256,1,2,1,20,85
2025-12-23 01:37:22.547329,1,2,1,20,91
2025-12-23 01:37:25.356848,1,2,3,21,94
2025-12-23 01:37:28.223008,1,1,1,22,94
2025-12-23 01:37:32.078085,1,1,1,22,94
2025-12-23 01:37:35.391965,1,2,6,23,96
2025-12-23 01:37:38.196910,1,2,4,23,99
2025-12-23 01:37:41.106053,1,1,1,23,100
2025-12-23 01:37:43.976291,1,2,4,24,100
2025-12-23 01:37:46.777073,1,1,4,24,100
2025-12-23 01:37:50.672788,1,2,1,24,100
2025-12-23 01:37:53.946748,1,2,1,25,98
2025-12-23 01:37:57.807323,1,2,5,21,97
2025-12-23 01:38:00.668878,1,1,1,18,97
2025-12-23 01:38:04.578600,1,1,1,17,91
2025-12-23 01:38:07.402720,1,2,1,15,85
2025-12-23 01:38:10.256581,1,1,1,14,85
2025-12-23 01:38:13.657043,1,1,1,13,85
2025-12-23 01:38:16.569915,1,2,1,13,85
2025-12-23 01:38:19.378009,1,1,5,13,81
2025-12-23 01:38:22.293350,1,1,1,12,75
2025-12-23 01:38:26.100300,1,2,5,12,74
2025-12-23 01:38:29.413357,1,2,2,12,77
2025-12-23 01:38:32.770911,1,1,3,12,80
2025-12-23 01:38:35.681478,1,1,1,12,76
2025-12-23 01:38:38.591320,1,2,1,12,73
2025-12-23 01:38:41.398425,1,2,1,12,70
2025-12-23 01:38:45.707504,1,1,1,12,69
2025-12-23 01:38:49.068693,1,2,1,12,69
2025-12-23 01:38:53.531173,1,2,1,12,65
2025-12-23 01:38:56.790847,1,2,1,12,64
2025-12-23 01:38:59.707871,1,2,2,12,64
2025-12-23 01:39:02.610323,1,1,1,12,64
2025-12-23 01:39:05.418628,1,2,4,12,64
2025-12-23 01:39:09.727416,1,1,4,12,64
2025-12-23 01:39:12.637643,1,1,4,12,64
2025-12-23 01:39:15.999046,1,1,1,12,64
2025-12-23 01:39:18.857563,1,2,3,13,64
2025-12-23 01:39:22.169348,1,2,3,14,66
2025-12-23 01:39:25.030580,1,1,1,16,69
2025-12-23 01:39:27.890119,1,2,4,17,69
2025-12-23 01:39:30.750112,1,1,3,18,72
2025-12-23 01:39:34.610765,1,1,1,19,78
2025-12-23 01:39:37.420836,1,2,1,20,81
2025-12-23 01:39:40.335657,1,2,2,21,84
2025-12-23 01:39:44.151029,1,1,1,22,87
2025-12-23 01:39:47.456014,1,1,1,22,87
2025-12-23 01:39:50.860690,1,2,2,23,87
2025-12-23 01:39:54.169660,1,1,1,18,87
2025-12-23 01:39:56.983001,1,1,1,16,83
2025-12-23 01:40:01.795257,1,1,1,15,72
2025-12-23 01:40:06.712332,1,2,1,13,69
2025-12-23 01:40:08.464100,1,2,3,13,66
2025-12-23 01:40:11.274940,1,1,1,13,64
2025-12-23 01:40:14.186371,1,2,1,12,64
2025-12-23 01:40:17.043843,1,2,4,12,64
2025-12-23 01:40:19.912897,1,2,2,12,64
2025-12-23 01:40:23.765148,1,2,1,12,64
2025-12-23 01:40:26.676651,1,2,2,12,64
2025-12-23 01:40:29.989004,1,2,3,12,64
2025-12-23 01:40:34.301400,1,1,1,12,64
2025-12-23 01:40:38.157508,1,1,1,12,64
2025-12-23 01:40:41.468960,1,1,1,14,65
2025-12-23 01:40:45.280768,1,2,4,17,68
2025-12-23 01:40:48.687891,1,1,2,18,71
2025-12-23 01:40:52.048478,1,1,1,19,77
2025-12-23 01:40:54.909397,1,2,1,20,77
2025-12-23 01:40:57.773284,1,1,4,19,80
2025-12-23 01:41:01.132019,1,1,1,17,83
2025-12-23 01:41:04.893488,1,2,1,15,75
2025-12-23 01:41:08.300324,1,2,4,14,72
2025-12-23 01:41:11.761017,1,1,2,14,69
2025-12-23 01:41:14.672166,1,2,1,13,67
2025-12-23 01:41:17.479765,1,2,1,13,67
2025-12-23 01:41:21.790766,1,1,3,12,67
2025-12-23 01:41:25.150694,1,1,1,12,66
2025-12-23 01:41:28.511048,1,1,1,12,65
2025-12-23 01:41:31.386454,1,2,4,12,65
2025-12-23 01:41:34.681164,1,1,2,12,65
2025-12-23 01:41:37.490918,1,1,1,12,65
2025-12-23 01:41:40.403687,1,2,2,12,65
2025-12-23 01:41:43.714388,1,1,4,12,65
2025-12-23 01:41:47.127252,1,1,1,12,65
2025-12-23 01:41:50.481397,1,2,5,12,65
2025-12-23 01:41:54.343770,1,2,5,12,65
2025-12-23 01:41:57.252355,1,1,1,12,65
2025-12-23 01:42:00.060372,1,1,2,12,65
2025-12-23 01:42:03.871856,1,2,1,12,65
2025-12-23 01:42:09.789702,1,1,1,12,65
2025-12-23 01:42:13.145378,1,2,1,12,65
2025-12-23 01:42:16.955464,1,1,2,13,66
2025-12-23 01:42:20.767110,1,1,2,15,69
2025-12-23 01:42:24.077444,1,1,1,18,72
2025-12-23 01:42:27.884838,1,1,1,16,75
2025-12-23 01:42:30.798299,1,2,1,15,78
2025-12-23 01:42:34.708442,1,1,2,14,71
2025-12-23 01:42:37.517929,1,1,1,13,68
2025-12-23 01:42:40.379250,1,1,1,13,67
2025-12-23 01:42:44.238861,1,2,2,12,67
2025-12-23 01:42:48.252460,1,2,4,12,69
2025-12-23 01:42:51.060365,1,1,1,12,72
2025-12-23 01:42:54.921584,1,1,1,12,74
2025-12-23 01:42:57.832470,1,2,2,12,71
2025-12-23 01:43:01.194260,1,1,3,12,68
2025-12-23 01:43:04.950960,1,1,1,12,66
2025-12-23 01:43:08.815545,1,2,2,12,69
2025-12-23 01:43:11.723327,1,2,1,12,72
2025-12-23 01:43:14.535164,1,1,2,12,74
2025-12-23 01:43:18.398325,1,1,1,12,74
2025-12-23 01:43:21.303551,1,1,1,12,74
2025-12-23 01:43:24.112538,1,2,3,12,74
2025-12-23 01:43:28.523217,1,1,1,12,74
2025-12-23 01:43:32.391001,1,1,1,12,74
2025-12-23 01:43:35.297566,1,1,1,12,74
2025-12-23 01:43:38.607720,1,2,2,12,74
2025-12-23 01:43:41.466194,1,1,1,12,74
2025-12-23 01:43:44.776924,1,2,1,12,74
2025-12-23 01:43:48.140975,1,2,4,12,74
2025-12-23 01:43:51.000771,1,1,1,12,74
2025-12-23 01:43:54.308971,1,1,1,12,74
2025-12-23 01:43:57.120608,1,2,5,12,72
2025-12-23 01:44:02.439413,1,2,1,12,69
2025-12-23 01:44:07.493274,1,2,3,12,69
2025-12-23 01:44:11.854965,1,2,1,12,69
2025-12-23 01:44:15.224428,1,2,4,12,70
2025-12-23 01:44:18.024625,1,2,1,12,71
2025-12-23 01:44:20.885986,1,2,5,12,71
2025-12-23 01:44:23.801214,1,1,4,12,71
2025-12-23 01:44:27.112058,1,1,1,12,71
2025-12-23 01:44:32.566682,1,1,1,12,71
2025-12-23 01:44:36.478576,1,1,1,12,71
2025-12-23 01:44:39.789320,1,2,1,12,71
2025-12-23 01:44:42.596405,1,2,2,12,74
2025-12-23 01:44:45.458702,1,1,1,12,77
2025-12-23 01:44:48.770379,1,1,1,13,80
2025-12-23 01:44:51.577792,1,1,3,14,83
2025-12-23 01:44:54.487317,1,1,1,13,84
2025-12-23 01:44:57.349382,1,2,6,13,83
2025-12-23 01:45:00.158853,1,1,1,12,83
2025-12-23 01:45:04.468739,1,1,1,12,83
2025-12-23 01:45:08.881159,1,1,1,12,83
2025-12-23 01:45:11.792880,1,2,1,12,83
2025-12-23 01:45:14.602741,1,2,2,12,83
2025-12-23 01:45:18.463635,1,2,4,12,81
2025-12-23 01:45:21.375511,1,1,2,13,77
2025-12-23 01:45:25.288840,1,1,1,15,78
2025-12-23 01:45:28.596399,1,2,6,16,81
2025-12-23 01:45:31.456838,1,1,1,18,81
2025-12-23 01:45:35.369785,1,1,1,19,81
2025-12-23 01:45:38.728648,1,1,1,20,81
2025-12-23 01:45:42.042176,1,2,2,21,81
2025-12-23 01:45:47.000789,1,2,1,22,81
2025-12-23 01:45:50.861243,1,2,4,22,81
2025-12-23 01:45:54.173602,1,2,5,20,81
2025-12-23 01:45:58.483015,1,2,4,18,79
2025-12-23 01:46:02.341012,1,1,2,17,76
2025-12-23 01:46:08.361704,1,1,4,15,73
2025-12-23 01:46:12.867964,1,2,4,14,73
2025-12-23 01:46:16.227242,1,2,5,14,72
2025-12-23 01:46:19.036642,1,1,2,14,72
2025-12-23 01:46:21.976617,1,2,1,14,73
2025-12-23 01:46:26.749513,1,2,1,14,75
2025-12-23 01:46:28.869604,1,2,1,14,77
2025-12-23 01:46:32.230778,1,1,3,14,76
2025-12-23 01:46:35.090470,1,1,1,14,74
2025-12-23 01:46:38.906506,1,1,1,14,74
2025-12-23 01:46:42.212321,1,2,4,14,73
2025-12-23 01:46:46.681089,1,2,2,14,71
2025-12-23 01:46:49.985742,1,1,3,14,73
2025-12-23 01:46:54.947873,1,1,2,14,76
2025-12-23 01:46:58.856443,1,1,1,14,82
2025-12-23 01:47:01.665553,1,1,1,14,85
2025-12-23 01:47:04.578176,1,2,3,15,84
2025-12-23 01:47:08.894319,1,1,3,16,81
2025-12-23 01:47:12.199487,1,1,2,16,80
2025-12-23 01:47:16.514503,1,1,1,15,80
2025-12-23 01:47:20.372052,1,2,3,14,76
2025-12-23 01:47:23.681125,1,2,4,13,73
2025-12-23 01:47:27.992475,1,1,4,13,70
2025-12-23 01:47:32.411983,1,1,1,12,66
2025-12-23 01:47:35.922275,1,1,1,12,66
2025-12-23 01:47:39.224066,1,2,1,12,66
2025-12-23 01:47:44.538041,1,1,1,12,66
2025-12-23 01:47:47.444792,1,2,1,12,66
2025-12-23 01:47:50.305660,1,1,3,12,66
2025-12-23 01:47:53.069791,1,2,1,12,66
2025-12-23 01:47:56.927655,1,2,3,12,66
2025-12-23 01:48:00.239296,1,1,4,12,66
2025-12-23 01:48:04.058444,1,1,2,12,66
2025-12-23 01:48:08.409152,1,1,1,12,66
2025-12-23 01:48:11.870813,1,1,1,12,66
2025-12-23 01:48:14.679644,1,2,2,12,66
2025-12-23 01:48:18.596863,1,2,3,13,66
2025-12-23 01:48:21.453514,1,1,1,15,66
2025-12-23 01:48:24.260621,1,2,4,16,66
2025-12-23 01:48:28.580317,1,1,1,17,68
2025-12-23 01:48:31.882100,1,1,1,18,71
2025-12-23 01:48:35.191124,1,1,2,19,74
2025-12-23 01:48:38.006985,1,2,1,20,77
2025-12-23 01:48:40.913055,1,2,5,19,78
2025-12-23 01:48:44.228191,1,2,2,17,78
2025-12-23 01:48:47.032904,1,2,1,15,77
2025-12-23 01:48:53.047190,1,2,1,16,78
2025-12-23 01:48:56.460747,1,1,1,17,81
2025-12-23 01:48:59.319998,1,2,3,18,83
2025-12-23 01:49:02.179184,1,1,1,19,83
2025-12-23 01:49:06.589076,1,2,1,21,83
2025-12-23 01:49:12.002935,1,2,3,22,83
2025-12-23 01:49:15.363016,1,1,1,23,85
2025-12-23 01:49:18.171975,1,2,4,21,87
2025-12-23 01:49:21.033345,1,1,3,18,89
2025-12-23 01:49:23.947645,1,2,1,16,86
2025-12-23 01:49:26.755343,1,2,2,16,80
2025-12-23 01:49:29.565003,1,1,1,15,76
2025-12-23 01:49:32.523533,1,2,2,14,75
2025-12-23 01:49:35.944591,1,2,6,14,75
2025-12-23 01:49:38.744949,1,1,3,14,75
2025-12-23 01:49:42.654735,1,1,1,15,75
2025-12-23 01:49:45.965136,1,2,1,15,75
2025-12-23 01:49:49.334253,1,1,4,15,75
2025-12-23 01:49:52.186804,1,2,1,14,75
2025-12-23 01:49:55.048971,1,2,2,13,75
2025-12-23 01:49:58.963932,1,1,3,13,73
2025-12-23 01:50:01.769667,1,1,1,12,70
2025-12-23 01:50:05.130987,1,2,1,12,71
2025-12-23 01:50:09.086893,1,2,10,12,74
2025-12-23 01:50:12.499049,1,2,4,13,77
2025-12-23 01:50:15.307228,1,1,2,13,78
2025-12-23 01:50:19.231681,1,1,1,14,75
2025-12-23 01:50:22.080917,1,2,1,13,75
2025-12-23 01:50:27.041006,1,2,1,12,78
2025-12-23 01:50:29.952845,1,2,1,13,78
2025-12-23 01:50:33.265028,1,1,4,13,76
2025-12-23 01:50:36.072230,1,1,1,16,74
2025-12-23 01:50:38.987532,1,2,1,17,77
2025-12-23 01:50:41.797022,1,1,1,17,80
2025-12-23 01:50:45.810426,1,1,1,17,83
2025-12-23 01:50:48.613479,1,2,2,17,86
2025-12-23 01:50:51.525915,1,2,4,16,86
2025-12-23 01:50:54.334453,1,1,1,15,86
2025-12-23 01:50:58.644540,1,2,1,15,86
2025-12-23 01:51:03.059400,1,2,5,15,86
2025-12-23 01:51:05.968190,1,1,2,17,86
2025-12-23 01:51:08.780002,1,1,1,17,86
2025-12-23 01:51:12.639495,1,2,2,14,86
2025-12-23 01:51:15.550291,1,2,4,14,89
2025-12-23 01:51:18.360273,1,1,1,13,89
2025-12-23 01:51:22.372699,1,2,1,13,89
2025-12-23 01:51:25.182889,1,1,3,12,89
2025-12-23 01:51:28.092914,1,1,1,12,89
2025-12-23 01:51:31.453319,1,2,1,15,89
2025-12-23 01:51:34.213449,1,1,3,17,89
2025-12-23 01:51:39.177023,1,1,4,20,89
2025-12-23 01:51:42.086689,1,1,1,19,89
2025-12-23 01:51:44.997742,1,2,1,17,89
2025-12-23 01:51:48.307731,1,1,2,17,89
2025-12-23 01:51:51.117505,1,1,2,14,89
2025-12-23 01:51:54.028140,1,2,3,14,89
2025-12-23 01:51:57.362374,1,1,4,13,89
2025-12-23 01:52:02.656503,1,2,3,13,89
2025-12-23 01:52:05.568178,1,2,4,12,89
2025-12-23 01:52:08.881074,1,2,1,12,89
2025-12-23 01:52:11.680866,1,1,1,12,89
2025-12-23 01:52:14.590906,1,2,3,12,89
2025-12-23 01:52:18.003964,1,1,1,15,89
2025-12-23 01:52:20.811641,1,2,1,15,89
2025-12-23 01:52:24.675246,1,2,4,18,89
2025-12-23 01:52:27.584934,1,2,3,19,89
2025-12-23 01:52:30.392156,1,1,1,20,89
2025-12-23 01:52:34.242049,1,2,2,21,89
2025-12-23 01:52:37.118916,1,2,5,21,89
2025-12-23 01:52:40.426424,1,2,4,20,89
2025-12-23 01:52:43.236105,1,1,1,19,89
2025-12-23 01:52:46.149389,1,2,4,17,89
2025-12-23 01:52:49.505952,1,1,3,17,89
2025-12-23 01:52:53.265237,1,1,1,17,89
2025-12-23 01:52:56.725396,1,2,1,18,89
2025-12-23 01:52:59.584021,1,2,5,19,89
2025-12-23 01:53:02.854327,1,1,1,20,89
2025-12-23 01:53:06.719565,1,1,2,21,89
2025-12-23 01:53:09.656379,1,1,1,22,89
2025-12-23 01:53:13.566605,1,2,2,20,89
2025-12-23 01:53:16.935718,1,2,4,18,89
2025-12-23 01:53:19.695734,1,1,1,18,87
2025-12-23 01:53:23.607291,1,2,2,16,88
2025-12-23 01:53:26.470160,1,2,4,17,88
2025-12-23 01:53:29.329407,1,1,1,18,88
2025-12-23 01:53:33.238382,1,2,1,19,88
2025-12-23 01:53:36.200692,1,2,1,21,88
2025-12-23 01:53:39.613713,1,2,2,22,88
2025-12-23 01:53:42.421335,1,1,1,21,88
2025-12-23 01:53:46.243711,1,2,1,18,88
2025-12-23 01:53:52.697029,1,1,1,15,88
2025-12-23 01:53:56.556344,1,2,1,14,88
2025-12-23 01:53:59.867393,1,1,1,13,88
2025-12-23 01:54:04.179547,1,1,1,13,88
2025-12-23 01:54:07.537548,1,2,4,12,88
2025-12-23 01:54:11.347622,1,2,5,12,88
2025-12-23 01:54:16.359535,1,2,3,12,88
2025-12-23 01:54:19.220582,1,2,3,12,88
2025-12-23 01:54:24.196941,1,1,3,14,88
2025-12-23 01:54:27.092440,1,1,4,15,88
2025-12-23 01:54:29.904719,1,2,2,15,88
2025-12-23 01:54:33.711407,1,2,5,14,88
2025-12-23 01:54:36.620786,1,2,2,14,88
2025-12-23 01:54:39.441177,1,1,1,14,88
2025-12-23 01:54:44.243868,1,1,1,14,88
2025-12-23 01:54:49.207751,1,2,1,14,88
2025-12-23 01:54:53.117018,1,2,1,14,88
2025-12-23 01:54:56.931308,1,2,5,15,88
2025-12-23 01:55:00.289351,1,1,3,17,88
2025-12-23 01:55:04.752272,1,1,3,15,88
2025-12-23 01:55:08.613822,1,1,1,14,88
2025-12-23 01:55:11.948316,1,2,1,13,86
2025-12-23 01:55:15.730032,1,2,5,13,80
2025-12-23 01:55:18.689930,1,1,2,12,77
2025-12-23 01:55:23.102724,1,1,1,12,79
2025-12-23 01:55:25.910520,1,1,1,12,79
2025-12-23 01:55:28.820127,1,2,4,12,79
2025-12-23 01:55:32.632281,1,1,1,12,79
2025-12-23 01:55:36.493763,1,1,1,12,79
2025-12-23 01:55:39.301773,1,2,1,12,82
2025-12-23 01:55:42.211727,1,1,2,12,85
2025-12-23 01:55:45.521104,1,1,1,12,85
2025-12-23 01:55:48.381736,1,1,1,12,85
2025-12-23 01:55:51.243185,1,1,3,12,85
2025-12-23 01:55:54.554273,1,1,1,12,85
2025-12-23 01:55:57.915800,1,2,3,12,85
2025-12-23 01:56:00.921928,1,2,3,13,85
2025-12-23 01:56:03.849229,1,1,1,14,85
2025-12-23 01:56:06.691024,1,2,7,14,85
2025-12-23 01:56:09.504775,1,2,9,15,85
2025-12-23 01:56:13.368260,1,2,4,16,85
2025-12-23 01:56:16.221393,1,2,13,15,85
2025-12-23 01:56:19.583989,1,2,5,14,87
2025-12-23 01:56:23.343966,1,2,22,13,88
2025-12-23 01:56:27.200838,1,2,2,23,100
2025-12-23 01:56:30.509576,1,2,10,23,100
2025-12-23 01:56:34.320132,1,2,1,24,100
2025-12-23 01:56:39.232273,1,2,5,23,100
2025-12-23 01:56:42.195158,1,2,1,20,100
2025-12-23 01:56:45.506838,1,2,1,17,100
2025-12-23 01:56:49.364421,1,1,4,16,100
2025-12-23 01:56:52.277378,1,2,8,16,99
2025-12-23 01:56:55.656879,1,2,1,16,94
2025-12-23 01:57:00.495264,1,2,1,16,88
2025-12-23 01:57:04.306437,1,2,2,16,86
2025-12-23 01:57:08.669948,1,2,4,15,86
2025-12-23 01:57:11.982819,1,2,3,16,86
2025-12-23 01:57:16.290082,1,1,3,16,86
2025-12-23 01:57:19.646503,1,1,1,16,86
2025-12-23 01:57:23.005529,1,1,1,16,86
2025-12-23 01:57:25.816840,1,2,5,17,86
2025-12-23 01:57:29.732844,1,1,1,18,86
2025-12-23 01:57:32.586281,1,1,1,19,86
2025-12-23 01:57:35.394521,1,2,1,18,86
2025-12-23 01:57:39.258040,1,1,1,19,85
2025-12-23 01:57:42.716703,1,2,5,16,83
2025-12-23 01:57:45.525755,1,1,1,16,83
2025-12-23 01:57:49.397349,1,1,1,15,80
2025-12-23 01:57:52.297539,1,2,4,15,82
2025-12-23 01:57:55.662434,1,1,1,14,82
2025-12-23 01:57:59.415009,1,1,1,14,82
2025-12-23 01:58:02.276344,1,1,1,14,82
2025-12-23 01:58:05.186516,1,1,3,14,82
2025-12-23 01:58:07.998710,1,1,1,14,82
2025-12-23 01:58:10.903822,1,2,4,13,83
2025-12-23 01:58:14.715943,1,1,1,13,86
2025-12-23 01:58:18.030309,1,1,5,12,88
2025-12-23 01:58:21.534214,1,2,1,12,86
2025-12-23 01:58:25.393582,1,2,3,12,85
2025-12-23 01:58:28.310409,1,2,14,12,85
2025-12-23 01:58:31.663689,1,2,9,12,85
2025-12-23 01:58:35.426886,1,2,13,12,85
2025-12-23 01:58:39.287475,1,2,16,13,85
2025-12-23 01:58:42.246126,1,2,4,16,85
2025-12-23 01:58:45.556580,1,1,1,15,85
2025-12-23 01:58:49.414383,1,1,1,17,85
2025-12-23 01:58:52.324837,1,1,1,18,87
2025-12-23 01:58:55.685571,1,1,1,19,90
2025-12-23 01:58:59.445338,1,1,1,20,93
2025-12-23 01:59:02.402190,1,1,1,20,93
2025-12-23 01:59:06.314093,1,1,1,18,91
2025-12-23 01:59:09.225319,1,1,1,19,86
2025-12-23 01:59:13.837926,1,1,1,19,85
2025-12-23 01:59:15.848477,1,1,1,22,85
2025-12-23 01:59:19.720385,1,1,1,22,85
2025-12-23 01:59:23.065463,1,1,1,23,91
2025-12-23 01:59:25.881316,1,1,1,24,94
2025-12-23 01:59:29.785667,1,1,2,24,97
2025-12-23 01:59:32.647076,1,1,1,25,97
2025-12-23 01:59:35.455186,1,1,1,25,97
2025-12-23 01:59:39.314112,1,1,1,25,97
2025-12-23 01:59:42.675933,1,1,1,23,94
2025-12-23 01:59:45.433160,1,1,1,23,91
2025-12-23 01:59:48.342749,1,1,1,23,89
2025-12-23 01:59:51.252419,1,1,1,23,87
2025-12-23 01:59:54.065249,1,1,1,23,87
2025-12-23 01:59:57.873929,1,1,1,24,83
2025-12-23 02:00:00.834468,1,1,1,24,77
2025-12-23 02:00:05.241534,1,1,1,24,83
2025-12-23 02:00:08.050549,1,1,1,23,83
2025-12-23 02:00:10.912100,1,1,1,23,80
2025-12-23 02:00:14.778425,1,1,1,22,74
2025-12-23 02:00:18.081072,1,1,1,21,70
2025-12-23 02:00:21.889885,1,1,1,16,67
2025-12-23 02:00:24.799273,1,1,1,17,66
2025-12-23 02:00:27.616193,1,1,1,18,66
2025-12-23 02:00:31.470084,1,1,1,19,66
2025-12-23 02:00:34.377397,1,1,1,20,66
2025-12-23 02:00:37.737118,1,1,1,21,65
2025-12-23 02:00:41.498989,1,1,1,21,65
2025-12-23 02:00:44.456424,1,1,1,22,65
2025-12-23 02:00:48.368151,1,1,1,22,65
2025-12-23 02:00:51.279010,1,1,1,22,65
2025-12-23 02:00:54.090381,1,1,1,22,65
2025-12-23 02:00:57.905148,1,1,1,22,63
2025-12-23 02:01:01.756582,1,1,1,22,62
2025-12-23 02:01:05.118524,1,1,1,22,62
2025-12-23 02:01:07.929583,1,1,1,22,62
2025-12-23 02:01:11.838579,1,1,1,21,62
2025-12-23 02:01:14.696976,1,1,1,22,62
2025-12-23 02:01:17.511845,1,1,1,19,62
2025-12-23 02:01:21.366934,1,1,1,16,62
2025-12-23 02:01:24.725355,1,1,1,14,62
2025-12-23 02:01:27.512061,1,1,1,14,63
2025-12-23 02:01:30.395254,1,1,1,14,66
2025-12-23 02:01:33.303420,1,1,1,15,69
2025-12-23 02:01:36.112578,1,1,1,15,72
2025-12-23 02:01:39.921636,1,1,1,15,75
2025-12-23 02:01:43.786017,1,1,1,16,78
2025-12-23 02:01:47.092576,1,1,1,14,83
2025-12-23 02:01:49.956592,1,1,1,13,83
2025-12-23 02:01:53.868866,1,1,1,12,83
2025-12-23 02:01:56.722843,1,1,1,12,83
2025-12-23 02:01:59.528951,1,1,1,12,83
2025-12-23 02:02:03.390449,1,1,1,11,83
2025-12-23 02:02:06.350277,1,1,1,11,83
2025-12-23 02:02:09.661049,1,1,1,11,83
2025-12-23 02:02:13.520458,1,1,1,11,79
2025-12-23 02:02:16.432017,1,1,1,11,73
2025-12-23 02:02:19.796608,1,1,1,11,69
2025-12-23 02:02:23.549602,1,1,1,11,63
2025-12-23 02:02:26.516464,1,1,1,11,62
2025-12-23 02:02:30.420040,1,1,1,11,62
2025-12-23 02:02:33.330171,1,1,1,11,62
2025-12-23 02:02:36.148636,1,1,1,11,62
2025-12-23 02:02:39.976144,1,1,1,11,62
2025-12-23 02:02:43.823415,1,1,1,11,62
2025-12-23 02:02:47.594074,1,1,1,11,62
2025-12-23 02:02:51.384789,1,1,1,12,62
2025-12-23 02:02:54.697535,1,1,1,12,62
2025-12-23 02:02:58.497685,1,1,1,12,62
2025-12-23 02:03:02.865652,1,1,1,12,62
2025-12-23 02:03:06.170773,1,1,1,12,62
2025-12-23 02:03:09.978525,1,1,1,12,62
2025-12-23 02:03:12.891680,1,1,1,12,62
2025-12-23 02:03:15.702132,1,1,1,12,62
2025-12-23 02:03:19.566918,1,1,1,12,63
2025-12-23 02:03:22.468939,1,1,1,12,65
2025-12-23 02:03:25.829173,1,1,1,12,65
2025-12-23 02:03:29.605986,1,1,1,12,64
2025-12-23 02:03:32.517638,1,1,1,12,65
2025-12-23 02:03:35.927003,1,1,1,13,67
2025-12-23 02:03:38.765537,1,1,1,12,65
2025-12-23 02:03:41.573406,1,1,1,13,64
2025-12-23 02:03:45.434912,1,1,1,14,64
2025-12-23 02:03:48.742489,1,1,1,16,64
2025-12-23 02:03:52.552731,1,1,1,18,64
2025-12-23 02:03:55.470186,1,1,1,19,64
2025-12-23 02:03:59.376571,1,1,1,20,64
2025-12-23 02:04:02.195467,1,1,1,21,67
2025-12-23 02:04:05.043871,1,1,1,22,70
2025-12-23 02:04:08.906182,1,1,1,22,73
2025-12-23 02:04:11.814493,1,1,1,23,76
2025-12-23 02:04:14.579058,1,1,1,23,79
2025-12-23 02:04:18.488662,1,1,1,24,82
2025-12-23 02:04:21.398288,1,1,1,24,85
2025-12-23 02:04:24.209387,1,1,1,24,88
2025-12-23 02:04:28.013779,1,1,1,25,91
2025-12-23 02:04:31.873887,1,1,1,25,93
2025-12-23 02:04:35.206791,1,1,1,25,83
2025-12-23 02:04:38.051629,1,1,1,25,77
2025-12-23 02:04:41.954600,1,1,1,25,72
2025-12-23 02:04:44.815597,1,1,1,25,69
2025-12-23 02:04:47.623684,1,1,1,25,66
2025-12-23 02:04:51.491779,1,1,1,25,64
2025-12-23 02:04:55.407882,1,1,1,25,64
2025-12-23 02:04:58.204918,1,1,1,25,64
2025-12-23 02:05:01.064535,1,1,1,25,64
2025-12-23 02:05:04.005059,1,1,1,25,64
2025-12-23 02:05:06.796210,1,1,1,25,64
2025-12-23 02:05:10.602528,1,1,1,25,64
2025-12-23 02:05:13.556843,1,1,1,25,64
2025-12-23 02:05:17.963682,1,1,1,24,66
2025-12-23 02:05:20.825208,1,1,1,22,69
2025-12-23 02:05:23.637545,1,1,1,21,72
2025-12-23 02:05:27.502091,1,1,1,21,72
2025-12-23 02:05:30.455718,1,1,1,22,69
2025-12-23 02:05:33.765965,1,1,1,22,69
2025-12-23 02:05:37.626430,1,1,1,22,68
2025-12-23 02:05:40.534954,1,1,1,21,66
2025-12-23 02:05:43.896398,1,1,1,20,66
2025-12-23 02:05:47.657239,1,1,1,20,68
2025-12-23 02:05:50.565676,1,1,1,20,71
2025-12-23 02:05:53.982310,1,1,1,21,74
2025-12-23 02:05:56.835154,1,1,1,22,77
2025-12-23 02:05:59.644225,1,1,1,22,80
2025-12-23 02:06:03.521724,1,1,1,22,80
2025-12-23 02:06:06.814057,1,1,1,19,77
2025-12-23 02:06:11.778098,1,1,1,18,68
2025-12-23 02:06:15.635399,1,1,1,17,65
2025-12-23 02:06:18.563033,1,1,1,16,62
2025-12-23 02:06:21.454947,1,1,1,16,62
2025-12-23 02:06:24.281842,1,1,1,16,62
2025-12-23 02:06:28.077730,1,1,1,16,62
2025-12-23 02:06:32.986301,1,2,3,18,62
2025-12-23 02:06:36.349950,1,1,1,19,64
2025-12-23 02:06:39.110094,1,1,1,20,67
2025-12-23 02:06:42.016384,1,1,1,20,70
2025-12-23 02:06:44.885095,1,1,1,21,69
2025-12-23 02:06:47.689290,1,1,1,21,66
2025-12-23 02:06:50.602887,1,1,1,22,63
2025-12-23 02:06:54.012689,1,1,1,22,62
2025-12-23 02:06:56.869369,1,1,1,22,62
2025-12-23 02:06:59.676168,1,1,1,23,62
2025-12-23 02:07:03.535132,1,1,1,23,62
2025-12-23 02:07:06.846940,1,1,1,23,62
2025-12-23 02:07:10.656597,1,1,1,23,62
2025-12-23 02:07:13.568528,1,1,1,19,62
2025-12-23 02:07:17.475815,1,1,1,16,62
2025-12-23 02:07:20.287963,1,1,1,14,62
2025-12-23 02:07:23.146232,1,1,1,12,62
2025-12-23 02:07:27.003729,1,1,1,13,62
2025-12-23 02:07:30.315328,1,1,1,13,62
2025-12-23 02:07:33.128010,1,1,1,15,62
2025-12-23 02:07:36.032200,1,1,1,16,62
2025-12-23 02:07:38.892391,1,1,1,17,62
2025-12-23 02:07:41.707882,1,1,1,17,62
2025-12-23 02:07:45.560615,1,1,1,17,62
2025-12-23 02:07:48.877412,1,1,1,17,62
2025-12-23 02:07:51.679747,1,1,1,18,62
2025-12-23 02:07:54.596782,1,1,1,19,62
2025-12-23 02:07:57.503188,1,1,1,19,62
2025-12-23 02:08:00.308530,1,1,1,19,62
2025-12-23 02:08:04.120529,1,1,1,19,62
2025-12-23 02:08:07.979998,1,1,1,20,62
2025-12-23 02:08:11.338947,1,1,1,21,62
2025-12-23 02:08:14.148733,1,1,1,22,62
2025-12-23 02:08:18.060807,1,1,1,22,62
2025-12-23 02:08:20.919395,1,1,1,19,62
2025-12-23 02:08:23.726791,1,1,1,17,62
2025-12-23 02:08:27.588633,1,1,1,16,62
2025-12-23 02:08:30.550193,1,1,1,14,62
2025-12-23 02:08:33.859166,1,1,1,13,62
2025-12-23 02:08:37.716044,1,1,1,13,62
2025-12-23 02:08:40.627678,1,1,1,13,62
2025-12-23 02:08:43.987071,1,1,1,13,62
2025-12-23 02:08:47.746031,1,1,1,14,62
2025-12-23 02:08:51.608090,1,1,1,14,62
2025-12-23 02:08:55.518795,1,1,1,14,62
2025-12-23 02:08:58.328727,1,1,1,14,62
2025-12-23 02:09:01.187572,1,1,1,14,62
2025-12-23 02:09:04.095001,1,1,1,14,62
2025-12-23 02:09:06.912389,1,1,1,14,62
2025-12-23 02:09:10.720047,1,1,1,14,62
2025-12-23 02:09:13.625976,1,1,1,14,63
2025-12-23 02:09:17.536824,1,1,1,14,69
2025-12-23 02:09:20.346400,1,1,1,14,70
2025-12-23 02:09:23.216716,1,1,1,14,67
2025-12-23 02:09:27.066074,1,1,1,14,64
2025-12-23 02:09:30.384021,1,2,12,14,63
2025-12-23 02:09:33.184658,1,2,8,14,63
2025-12-23 02:09:36.120079,1,2,6,14,63
2025-12-23 02:09:38.963823,1,1,1,14,63
2025-12-23 02:09:41.816898,1,2,4,14,63
2025-12-23 02:09:45.634127,1,1,2,14,63
2025-12-23 02:09:48.936873,1,2,3,14,63
2025-12-23 02:09:51.745763,1,2,1,15,63
2025-12-23 02:09:54.656045,1,2,5,17,63
2025-12-23 02:09:57.572973,1,1,4,18,65
2025-12-23 02:10:00.375844,1,2,1,18,68
2025-12-23 02:10:04.185524,1,1,3,21,71
2025-12-23 02:10:08.045814,1,1,8,22,74
2025-12-23 02:10:11.571558,1,1,9,23,80
2025-12-23 02:10:14.364339,1,1,4,23,83
2025-12-23 02:10:17.280369,1,2,1,24,86
2025-12-23 02:10:21.085310,1,2,2,24,89
2025-12-23 02:10:24.395747,1,1,1,22,90
2025-12-23 02:10:28.705167,1,1,1,20,89
2025-12-23 02:10:33.066237,1,1,3,18,77
2025-12-23 02:10:36.376125,1,1,1,17,74
2025-12-23 02:10:40.184433,1,2,1,15,71
2025-12-23 02:10:44.046551,1,1,4,15,68
2025-12-23 02:10:47.805185,1,1,2,14,69
2025-12-23 02:10:51.665649,1,1,1,14,72
2025-12-23 02:10:56.026775,1,1,1,13,72
2025-12-23 02:10:59.794948,1,2,1,13,73
2025-12-23 02:11:03.646201,1,1,2,13,74
2025-12-23 02:11:06.958615,1,1,1,12,74
2025-12-23 02:11:10.765010,1,2,1,12,74
2025-12-23 02:11:15.123360,1,2,3,12,74
2025-12-23 02:11:19.135348,1,1,1,14,74
2025-12-23 02:11:21.948202,1,1,1,14,74
2025-12-23 02:11:26.780008,1,1,3,15,74
2025-12-23 02:11:30.168293,1,1,1,15,74
2025-12-23 02:11:33.025951,1,1,1,15,74
2025-12-23 02:11:35.842278,1,1,5,15,74
2025-12-23 02:11:39.345663,1,1,2,15,74
2025-12-23 02:11:42.155867,1,1,1,15,74
2025-12-23 02:11:45.014215,1,1,2,15,74
2025-12-23 02:11:47.824175,1,1,1,15,74
2025-12-23 02:11:51.709406,1,2,1,15,74
2025-12-23 02:11:54.995437,1,2,1,15,74
2025-12-23 02:11:58.855400,1,2,2,15,74
2025-12-23 02:12:01.716697,1,2,2,15,74
2025-12-23 02:12:05.636057,1,1,1,15,70
2025-12-23 02:12:08.444000,1,2,1,15,69
2025-12-23 02:12:11.299083,1,2,2,14,69
2025-12-23 02:12:15.159355,1,2,1,14,69
2025-12-23 02:12:18.067399,1,1,1,14,69
2025-12-23 02:12:20.867646,1,2,1,14,66
2025-12-23 02:12:24.739908,1,2,1,14,63
2025-12-23 02:12:27.649912,1,2,1,14,63
2025-12-23 02:12:30.960398,1,1,2,14,64
2025-12-23 02:12:33.770927,1,1,4,14,64
2025-12-23 02:12:37.181292,1,1,3,14,64
2025-12-23 02:12:39.993973,1,2,4,14,64
2025-12-23 02:12:44.800554,1,1,3,14,64
2025-12-23 02:12:48.218546,1,2,16,14,64
2025-12-23 02:12:51.070973,1,2,14,14,64
2025-12-23 02:12:53.880994,1,2,6,14,64
2025-12-23 02:12:57.692160,1,2,1,14,64
2025-12-23 02:13:01.004795,1,2,1,14,64
2025-12-23 02:13:05.312530,1,1,2,14,64
2025-12-23 02:13:09.172606,1,2,2,14,64
2025-12-23 02:13:12.484470,1,1,3,14,64
2025-12-23 02:13:16.794606,1,2,1,14,67
2025-12-23 02:13:21.154811,1,2,3,14,72
2025-12-23 02:13:24.464432,1,2,1,14,72
2025-12-23 02:13:28.273015,1,1,1,15,72
2025-12-23 02:13:32.137591,1,2,1,15,72
2025-12-23 02:13:35.894925,1,2,4,14,72
2025-12-23 02:13:39.757805,1,2,3,14,72
2025-12-23 02:13:42.677553,1,2,1,14,72
2025-12-23 02:13:45.478208,1,2,1,14,72
2025-12-23 02:13:49.385998,1,2,2,13,74
2025-12-23 02:13:52.248982,1,2,2,12,74
2025-12-23 02:13:55.056933,1,1,1,12,76
2025-12-23 02:13:58.517182,1,1,1,12,79
2025-12-23 02:14:01.327011,1,1,2,11,82
2025-12-23 02:14:04.238342,1,2,1,11,82
2025-12-23 02:14:07.050718,1,1,1,11,81
2025-12-23 02:14:10.857686,1,2,1,11,78
2025-12-23 02:14:15.218485,1,2,2,11,77
2025-12-23 02:14:18.734476,1,1,2,11,77
2025-12-23 02:14:22.044891,1,1,5,12,75
2025-12-23 02:14:25.948017,1,2,1,13,72
2025-12-23 02:14:28.811428,1,2,1,16,72
2025-12-23 02:14:32.172469,1,1,1,15,70
2025-12-23 02:14:35.931081,1,1,1,15,65
2025-12-23 02:14:38.839132,1,1,1,15,65
2025-12-23 02:14:42.250141,1,1,1,14,65
2025-12-23 02:14:45.107417,1,1,2,14,65
2025-12-23 02:14:47.977828,1,2,2,14,65
2025-12-23 02:14:51.784451,1,1,1,14,65
2025-12-23 02:14:55.091046,1,1,1,15,65
2025-12-23 02:14:59.050505,1,2,2,17,66
2025-12-23 02:15:02.865471,1,2,1,18,72
2025-12-23 02:15:06.720748,1,1,3,20,75
2025-12-23 02:15:09.531923,1,1,1,20,78
2025-12-23 02:15:13.439809,1,1,1,21,81
2025-12-23 02:15:16.301238,1,2,3,20,83
2025-12-23 02:15:21.267826,1,2,1,18,83
2025-12-23 02:15:24.121048,1,2,1,18,83
2025-12-23 02:15:26.990359,1,1,1,19,83
2025-12-23 02:15:30.842967,1,1,5,15,83
2025-12-23 02:15:33.753938,1,2,1,14,83
2025-12-23 02:15:37.662337,1,1,3,14,83
2025-12-23 02:15:40.978438,1,1,1,13,83
2025-12-23 02:15:43.836631,1,2,1,13,83
2025-12-23 02:15:47.743811,1,1,3,12,83
2025-12-23 02:15:50.553458,1,1,1,12,79
2025-12-23 02:15:53.466223,1,1,1,12,74
2025-12-23 02:15:57.275402,1,1,1,12,70
2025-12-23 02:16:00.153964,1,1,2,12,67
2025-12-23 02:16:02.953067,1,1,1,12,64
2025-12-23 02:16:06.863957,1,1,1,12,63
2025-12-23 02:16:09.768463,1,2,2,12,63
2025-12-23 02:16:12.573736,1,2,2,12,63
2025-12-23 02:16:16.882263,1,1,2,16,63
2025-12-23 02:16:21.952248,1,1,1,17,63
2025-12-23 02:16:24.857051,1,1,2,17,63
2025-12-23 02:16:27.770432,1,1,1,17,63
2025-12-23 02:16:30.574920,1,2,1,17,63
2025-12-23 02:16:34.383190,1,2,3,20,63
2025-12-23 02:16:38.244641,1,1,2,21,64
2025-12-23 02:16:42.210295,1,1,2,22,70
2025-12-23 02:16:46.431524,1,2,1,23,73
2025-12-23 02:16:48.875991,1,2,1,24,76
2025-12-23 02:16:52.256053,1,2,2,25,79
2025-12-23 02:16:55.090790,1,1,2,25,79
2025-12-23 02:16:57.935034,1,1,1,25,79
2025-12-23 02:17:01.315298,1,2,3,25,79
2025-12-23 02:17:04.136746,1,1,1,25,79
2025-12-23 02:17:09.488426,1,2,3,25,79
2025-12-23 02:17:12.351632,1,1,2,25,79
2025-12-23 02:17:15.210645,1,1,2,25,74
2025-12-23 02:17:18.022489,1,1,4,25,71
2025-12-23 02:17:21.888122,1,1,1,25,68
2025-12-23 02:17:24.788498,1,2,2,25,68
2025-12-23 02:17:27.603557,1,1,3,25,68
2025-12-23 02:17:31.463484,1,2,1,25,68
2025-12-23 02:17:34.374785,1,2,2,25,68
2025-12-23 02:17:37.178166,1,2,3,25,69
2025-12-23 02:17:40.991286,1,2,2,24,69
2025-12-23 02:17:43.903511,1,2,2,22,69
2025-12-23 02:17:47.280012,1,2,1,19,70
2025-12-23 02:17:50.141908,1,1,2,17,73
2025-12-23 02:17:52.935321,1,1,1,16,73
2025-12-23 02:17:56.846978,1,2,7,15,78
2025-12-23 02:18:00.206669,1,2,10,14,78
2025-12-23 02:18:03.015316,1,2,3,15,78
2025-12-23 02:18:06.935346,1,2,30,17,78
2025-12-23 02:18:09.843272,1,2,12,18,78
2025-12-23 02:18:12.645828,1,2,19,18,78
2025-12-23 02:18:15.453190,1,1,1,20,78
2025-12-23 02:18:18.372741,1,2,1,21,78
2025-12-23 02:18:21.224570,1,2,1,22,78
2025-12-23 02:18:24.054656,1,2,12,23,78
2025-12-23 02:18:27.897143,1,2,7,23,78
2025-12-23 02:18:31.204952,1,2,2,23,79
2025-12-23 02:18:34.612377,1,1,1,23,79
2025-12-23 02:18:37.502155,1,1,1,23,79
2025-12-23 02:18:40.384848,1,1,2,22,79
2025-12-23 02:18:43.192494,1,1,1,22,79
2025-12-23 02:18:47.003263,1,1,1,22,79
2025-12-23 02:18:51.966879,1,1,1,22,79
2025-12-23 02:18:55.375477,1,2,1,22,79
2025-12-23 02:18:58.185589,1,2,2,22,79
2025-12-23 02:19:02.999508,1,2,2,22,79
2025-12-23 02:19:06.861090,1,2,3,22,79
2025-12-23 02:19:09.671620,1,1,3,22,79
2025-12-23 02:19:13.178979,1,2,1,22,79
2025-12-23 02:19:17.009961,1,2,1,22,79
2025-12-23 02:19:20.855817,1,1,3,20,83
2025-12-23 02:19:23.663252,1,1,3,19,83
2025-12-23 02:19:26.581928,1,1,1,17,83
2025-12-23 02:19:30.430877,1,2,2,16,83
2025-12-23 02:19:35.393032,1,2,4,16,83
2025-12-23 02:19:38.263981,1,2,4,16,83
2025-12-23 02:19:41.064360,1,2,1,18,83
2025-12-23 02:19:43.974225,1,2,7,17,83
2025-12-23 02:19:47.883145,1,1,1,16,79
2025-12-23 02:19:50.699227,1,1,1,16,74
2025-12-23 02:19:53.506548,1,2,3,17,71
2025-12-23 02:19:57.363247,1,1,1,16,70
2025-12-23 02:20:00.679420,1,1,1,14,70
2025-12-23 02:20:04.984773,1,2,1,13,70
2025-12-23 02:20:08.343736,1,2,3,13,70
2025-12-23 02:20:12.108572,1,2,1,12,70
2025-12-23 02:20:15.017976,1,2,6,12,70
2025-12-23 02:20:18.924701,1,1,4,14,69
2025-12-23 02:20:22.232835,1,2,1,17,66
2025-12-23 02:20:26.092123,1,2,2,19,63
2025-12-23 02:20:29.005076,1,1,1,20,64
2025-12-23 02:20:32.364261,1,1,1,21,64
2025-12-23 02:20:36.325951,1,2,1,21,69
2025-12-23 02:20:39.086136,1,2,1,21,72
2025-12-23 02:20:42.995209,1,1,2,22,75
2025-12-23 02:20:45.905552,1,1,3,23,78
2025-12-23 02:20:49.214252,1,2,1,23,81
2025-12-23 02:20:52.024630,1,2,2,24,84
2025-12-23 02:20:57.034957,1,2,1,23,86
2025-12-23 02:21:00.898875,1,1,1,24,82
2025-12-23 02:21:03.708266,1,1,4,24,77
2025-12-23 02:21:07.616329,1,2,1,24,74
2025-12-23 02:21:10.479667,1,1,1,24,71
2025-12-23 02:21:13.288205,1,2,2,24,69
2025-12-23 02:21:16.747834,1,1,1,24,69
2025-12-23 02:21:19.568121,1,1,1,22,69
2025-12-23 02:21:22.468237,1,2,4,20,69
2025-12-23 02:21:25.284272,1,2,1,18,69
2025-12-23 02:21:29.093914,1,1,1,17,69
2025-12-23 02:21:33.445392,1,2,2,17,67
2025-12-23 02:21:36.364298,1,1,1,17,64
2025-12-23 02:21:39.165506,1,2,1,17,62
2025-12-23 02:21:43.027850,1,1,6,20,62
2025-12-23 02:21:45.937623,1,1,1,20,62
2025-12-23 02:21:48.799547,1,2,1,21,62
2025-12-23 02:21:51.604322,1,1,1,21,62
2025-12-23 02:21:54.472090,1,2,1,21,62
2025-12-23 02:21:57.326371,1,2,1,22,65
2025-12-23 02:22:00.135026,1,1,1,21,65
2025-12-23 02:22:03.996137,1,1,1,18,65
2025-12-23 02:22:07.305201,1,1,2,14,65
2025-12-23 02:22:11.617654,1,1,1,13,65
2025-12-23 02:22:14.482761,1,1,1,16,65
2025-12-23 02:22:17.344446,1,2,2,18,65
2025-12-23 02:22:20.195455,1,1,1,20,65
2025-12-23 02:22:23.057069,1,2,1,21,68
2025-12-23 02:22:26.417111,1,1,3,21,71
2025-12-23 02:22:30.230830,1,1,4,22,72
2025-12-23 02:22:33.043856,1,1,1,22,72
2025-12-23 02:22:35.951556,1,2,1,19,72
2025-12-23 02:22:38.757101,1,1,1,17,72
2025-12-23 02:22:41.616573,1,1,1,17,72
2025-12-23 02:22:45.477086,1,2,4,18,72
2025-12-23 02:22:48.795716,1,1,2,19,72
2025-12-23 02:22:51.647494,1,1,1,20,72
2025-12-23 02:22:54.958160,1,1,1,21,72
2025-12-23 02:22:57.766562,1,1,2,21,72
2025-12-23 02:23:01.676574,1,1,2,22,72
2025-12-23 02:23:04.536868,1,2,2,22,72
2025-12-23 02:23:07.347316,1,1,1,23,72
2025-12-23 02:23:11.209657,1,1,1,23,72
2025-12-23 02:23:14.069621,1,2,1,23,70
2025-12-23 02:23:18.443249,1,1,2,23,64
2025-12-23 02:23:22.191908,1,1,1,23,64
2025-12-23 02:23:25.147409,1,2,1,23,64
2025-12-23 02:23:28.009750,1,2,5,23,64
2025-12-23 02:23:31.320416,1,1,1,23,64
2025-12-23 02:23:35.630764,1,2,3,23,64
2025-12-23 02:23:39.490891,1,2,4,23,64
2025-12-23 02:23:42.803070,1,1,1,23,64
2025-12-23 02:23:46.620089,1,2,2,23,67
2025-12-23 02:23:50.471882,1,2,1,23,70
2025-12-23 02:23:53.981089,1,1,2,23,74
2025-12-23 02:23:56.793355,1,1,1,23,74
2025-12-23 02:23:59.704127,1,2,2,23,74
2025-12-23 02:24:04.974510,1,1,1,23,74
2025-12-23 02:24:06.822070,1,1,1,23,74
2025-12-23 02:24:10.628624,1,2,1,23,74
2025-12-23 02:24:13.541364,1,2,2,20,74
2025-12-23 02:24:16.354921,1,1,1,18,77
2025-12-23 02:24:21.716260,1,1,1,16,79
2025-12-23 02:24:24.586916,1,1,1,16,79
2025-12-23 02:24:27.432816,1,2,3,17,81
2025-12-23 02:24:31.348111,1,1,1,18,82
2025-12-23 02:24:34.802920,1,1,1,20,82
2025-12-23 02:24:37.664936,1,2,1,20,82
2025-12-23 02:24:40.574922,1,1,1,21,83
2025-12-23 02:24:43.383567,1,1,1,22,84
2025-12-23 02:24:47.193697,1,2,1,22,85
2025-12-23 02:24:52.108153,1,2,1,22,85
2025-12-23 02:24:55.017546,1,1,1,23,85
2025-12-23 02:24:57.828352,1,1,1,23,82
2025-12-23 02:25:01.688182,1,1,1,22,79
2025-12-23 02:25:04.596943,1,1,3,19,76
2025-12-23 02:25:07.406556,1,1,1,17,73
2025-12-23 02:25:10.868693,1,1,1,16,70
2025-12-23 02:25:13.677668,1,2,3,15,67
2025-12-23 02:25:16.587952,1,2,1,16,65
2025-12-23 02:25:19.399565,1,2,1,17,66
2025-12-23 02:25:23.708913,1,2,1,17,72
2025-12-23 02:25:27.570460,1,2,2,16,75
2025-12-23 02:25:30.430777,1,1,1,17,78
2025-12-23 02:25:33.239886,1,1,2,16,77
2025-12-23 02:25:37.151558,1,2,33,16,74
2025-12-23 02:25:40.063907,1,2,33,23,100
2025-12-23 02:25:42.871675,1,2,24,23,100
2025-12-23 02:25:46.685664,1,2,2,24,100
2025-12-23 02:25:49.591786,1,2,3,23,100
2025-12-23 02:25:52.402695,1,2,1,23,100
2025-12-23 02:25:57.214632,1,2,1,24,100
2025-12-23 02:26:01.073066,1,1,1,20,100
2025-12-23 02:26:03.884789,1,2,2,20,100
2025-12-23 02:26:08.245608,1,1,1,17,100
2025-12-23 02:26:11.160210,1,2,1,16,100
2025-12-23 02:26:14.517863,1,2,3,15,94
2025-12-23 02:26:18.274858,1,1,3,15,82
2025-12-23 02:26:22.134974,1,2,1,14,76
2025-12-23 02:26:25.444541,1,1,3,14,71
2025-12-23 02:26:28.905460,1,2,4,13,68
2025-12-23 02:26:31.765177,1,1,1,13,69
2025-12-23 02:26:34.625451,1,2,1,14,72
2025-12-23 02:26:37.431541,1,1,3,13,74
2025-12-23 02:26:41.244626,1,1,1,12,74
2025-12-23 02:26:45.105646,1,2,2,12,77
2025-12-23 02:26:49.118675,1,2,3,11,77
2025-12-23 02:26:52.427209,1,1,2,11,77
2025-12-23 02:26:57.791353,1,1,1,11,77
2025-12-23 02:27:02.490888,1,1,1,11,74
2025-12-23 02:27:03.511833,1,2,3,11,71
2025-12-23 02:27:06.369588,1,1,1,12,70
2025-12-23 02:27:09.181632,1,2,1,13,71
2025-12-23 02:27:12.109876,1,1,1,13,74
2025-12-23 02:27:14.902720,1,1,1,12,76
2025-12-23 02:27:17.812073,1,1,1,12,76
2025-12-23 02:27:21.624046,1,1,1,12,76
2025-12-23 02:27:24.934740,1,1,2,12,76
2025-12-23 02:27:27.790502,1,2,1,12,76
2025-12-23 02:27:30.650435,1,2,2,11,76
2025-12-23 02:27:33.510512,1,2,2,11,76
2025-12-23 02:27:36.368460,1,1,1,11,76
2025-12-23 02:27:40.179965,1,2,2,11,76
2025-12-23 02:27:44.041043,1,1,3,11,72
2025-12-23 02:27:47.299570,1,2,2,11,69
2025-12-23 02:27:50.212428,1,1,1,11,66
2025-12-23 02:27:54.120973,1,1,1,11,64
2025-12-23 02:27:56.932833,1,2,2,11,64
2025-12-23 02:27:59.789372,1,2,1,11,64
2025-12-23 02:28:03.649372,1,1,1,11,64
2025-12-23 02:28:06.559866,1,1,1,11,64
2025-12-23 02:28:09.320448,1,1,1,11,64
2025-12-23 02:28:13.230557,1,2,1,11,64
2025-12-23 02:28:16.142826,1,1,1,12,64
2025-12-23 02:28:18.958097,1,1,4,12,64
2025-12-23 02:28:23.258576,1,1,1,13,64
2025-12-23 02:28:26.668007,1,1,1,13,64
2025-12-23 02:28:29.527266,1,1,1,13,64
2025-12-23 02:28:32.388256,1,2,2,13,64
2025-12-23 02:28:35.248473,1,1,1,13,64
2025-12-23 02:28:38.610471,1,1,1,13,64
2025-12-23 02:28:42.418314,1,1,1,13,64
2025-12-23 02:28:45.778454,1,1,1,13,64
2025-12-23 02:28:48.690828,1,1,3,13,64
2025-12-23 02:28:51.549961,1,2,3,12,64
2025-12-23 02:28:54.410103,1,1,3,12,64
2025-12-23 02:28:58.218802,1,1,1,12,64
2025-12-23 02:29:01.530952,1,1,1,12,64
2025-12-23 02:29:04.939550,1,1,1,12,64
2025-12-23 02:29:07.810714,1,2,1,12,64
2025-12-23 02:29:10.708473,1,2,1,12,64
2025-12-23 02:29:13.527389,1,2,1,12,64
2025-12-23 02:29:17.328911,1,1,2,12,64
2025-12-23 02:29:21.688795,1,1,2,12,64
2025-12-23 02:29:24.598585,1,2,1,12,64
2025-12-23 02:29:27.412713,1,1,1,12,64
2025-12-23 02:29:31.270324,1,1,1,12,64
2025-12-23 02:29:34.202474,1,2,1,12,64
2025-12-23 02:29:36.990011,1,2,2,12,64
2025-12-23 02:29:41.304200,1,1,2,12,64
2025-12-23 02:29:45.659733,1,1,1,12,65
2025-12-23 02:29:48.970730,1,2,1,12,68
2025-12-23 02:29:52.780204,1,2,1,12,71
2025-12-23 02:29:56.639972,1,2,2,12,68
2025-12-23 02:30:00.399496,1,2,1,12,68
2025-12-23 02:30:04.259033,1,1,4,12,71
2025-12-23 02:30:08.672604,1,1,2,12,74
2025-12-23 02:30:11.580913,1,2,2,12,70
2025-12-23 02:30:14.439422,1,2,3,12,70
2025-12-23 02:30:17.300366,1,1,1,13,67
2025-12-23 02:30:20.661049,1,1,1,13,65
2025-12-23 02:30:24.420996,1,1,2,13,65
2025-12-23 02:30:27.330032,1,2,1,13,65
2025-12-23 02:30:31.192802,1,2,2,13,67
2025-12-23 02:30:34.002982,1,1,1,13,70
2025-12-23 02:30:37.909970,1,1,1,12,73
2025-12-23 02:30:40.771346,1,2,3,12,76
2025-12-23 02:30:43.579207,1,1,2,12,73
2025-12-23 02:30:47.395567,1,1,3,12,72
2025-12-23 02:30:50.302698,1,2,1,12,72
2025-12-23 02:30:54.213311,1,2,1,12,66
2025-12-23 02:30:57.033025,1,1,1,12,65
2025-12-23 02:30:59.882993,1,2,3,12,65
2025-12-23 02:31:03.743728,1,1,2,12,67
2025-12-23 02:31:06.654607,1,1,1,12,70
2025-12-23 02:31:09.413501,1,1,1,12,71
2025-12-23 02:31:13.323728,1,2,2,12,71
2025-12-23 02:31:16.232066,1,1,1,12,71
2025-12-23 02:31:19.044552,1,1,1,12,71
2025-12-23 02:31:23.354083,1,2,3,12,71
2025-12-23 02:31:26.764035,1,2,2,12,71
2025-12-23 02:31:29.623502,1,2,2,12,71
2025-12-23 02:31:32.481874,1,1,1,12,71
2025-12-23 02:31:35.810200,1,2,5,12,71
2025-12-23 02:31:38.652948,1,1,2,12,71
2025-12-23 02:31:41.513167,1,2,1,12,71
2025-12-23 02:31:44.323676,1,2,2,12,71
2025-12-23 02:31:48.283211,1,1,1,13,69
2025-12-23 02:31:51.644174,1,2,2,13,66
2025-12-23 02:31:54.502898,1,1,2,12,66
2025-12-23 02:31:58.313906,1,1,3,12,65
2025-12-23 02:32:01.626841,1,1,1,12,64
2025-12-23 02:32:05.490637,1,1,1,12,64
2025-12-23 02:32:09.945222,1,2,2,12,64
2025-12-23 02:32:12.807680,1,1,1,13,64
2025-12-23 02:32:15.665856,1,1,1,15,64
2025-12-23 02:32:18.479205,1,2,3,16,64
2025-12-23 02:32:22.336347,1,1,2,17,63
2025-12-23 02:32:25.746811,1,2,5,19,63
2025-12-23 02:32:29.056012,1,1,1,18,63
2025-12-23 02:32:31.966658,1,2,1,16,63
2025-12-23 02:32:34.828120,1,2,3,15,63
2025-12-23 02:32:37.640764,1,1,1,14,65
2025-12-23 02:32:42.106819,1,2,2,13,65
2025-12-23 02:32:45.358590,1,2,1,13,65
2025-12-23 02:32:48.273059,1,1,2,12,65
2025-12-23 02:32:51.079519,1,2,1,12,65
2025-12-23 02:32:53.938973,1,2,2,12,65
2025-12-23 02:32:57.801076,1,2,3,12,65
2025-12-23 02:33:00.708594,1,1,1,12,65
2025-12-23 02:33:03.469197,1,1,1,13,67
2025-12-23 02:33:07.379238,1,2,2,16,70
2025-12-23 02:33:10.289483,1,1,2,18,73
2025-12-23 02:33:13.099741,1,2,2,18,76
2025-12-23 02:33:16.912629,1,2,1,20,77
2025-12-23 02:33:19.819486,1,1,1,21,80
2025-12-23 02:33:22.631725,1,2,3,21,81
2025-12-23 02:33:27.447814,1,1,2,22,81
2025-12-23 02:33:31.306018,1,2,3,23,83
2025-12-23 02:33:34.119301,1,2,1,23,83
2025-12-23 02:33:38.022842,1,2,2,24,83
2025-12-23 02:33:42.386928,1,2,2,24,86
2025-12-23 02:33:45.299187,1,1,1,24,88
2025-12-23 02:33:48.106600,1,2,1,24,91
2025-12-23 02:33:51.018519,1,1,3,24,94
2025-12-23 02:33:54.876950,1,1,1,25,97
2025-12-23 02:33:59.847445,1,1,1,23,97
2025-12-23 02:34:02.698693,1,2,1,20,93
2025-12-23 02:34:05.582925,1,1,1,18,93
2025-12-23 02:34:08.418952,1,2,1,16,87
2025-12-23 02:34:11.731817,1,2,1,15,76
2025-12-23 02:34:14.544260,1,1,1,14,76
2025-12-23 02:34:17.433588,1,1,2,13,73
2025-12-23 02:34:20.768958,1,2,3,13,67
2025-12-23 02:34:23.571735,1,2,3,12,67
2025-12-23 02:34:26.882560,1,1,1,12,63
2025-12-23 02:34:29.742514,1,1,1,12,63
2025-12-23 02:34:32.603286,1,1,1,12,63
2025-12-23 02:34:35.413118,1,1,1,12,63
2025-12-23 02:34:38.771731,1,1,2,12,63
2025-12-23 02:34:42.531107,1,1,1,12,63
2025-12-23 02:34:46.394743,1,2,2,12,63
2025-12-23 02:34:49.705449,1,1,1,17,63
2025-12-23 02:34:54.522205,1,1,3,17,63
2025-12-23 02:34:57.428972,1,2,1,15,63
2025-12-23 02:35:00.334187,1,1,1,14,63
2025-12-23 02:35:03.143992,1,2,4,13,63
2025-12-23 02:35:06.005543,1,1,2,13,63
2025-12-23 02:35:09.876755,1,1,1,13,63
2025-12-23 02:35:13.177186,1,2,3,12,63
2025-12-23 02:35:16.036878,1,1,1,12,63
2025-12-23 02:35:18.896804,1,2,1,12,63
2025-12-23 02:35:21.756175,1,1,3,12,63
2025-12-23 02:35:24.570839,1,1,1,12,63
2025-12-23 02:35:28.426745,1,2,3,12,63
2025-12-23 02:35:31.940969,1,2,1,12,62
2025-12-23 02:35:36.855723,1,1,1,12,62
2025-12-23 02:35:39.757620,1,2,3,12,62
2025-12-23 02:35:42.568830,1,1,1,15,62
2025-12-23 02:35:46.434589,1,2,3,14,62
2025-12-23 02:35:49.738292,1,1,1,13,62
2025-12-23 02:35:54.149882,1,1,2,12,62
2025-12-23 02:35:57.060242,1,1,3,12,62
2025-12-23 02:36:00.924544,1,2,2,12,62
2025-12-23 02:36:03.779448,1,2,1,12,62
2025-12-23 02:36:06.589083,1,1,2,12,62
2025-12-23 02:36:10.449871,1,1,1,12,62
2025-12-23 02:36:13.367287,1,2,4,12,62
2025-12-23 02:36:16.671546,1,1,2,12,62
2025-12-23 02:36:19.481760,1,1,1,12,62
2025-12-23 02:36:22.393109,1,2,2,12,62
2025-12-23 02:36:25.201965,1,1,2,12,62
2025-12-23 02:36:29.010949,1,1,1,12,62
2025-12-23 02:36:31.920733,1,2,2,12,65
2025-12-23 02:36:34.731789,1,1,1,12,68
2025-12-23 02:36:38.590190,1,1,2,12,71
2025-12-23 02:36:41.501940,1,2,1,12,71
2025-12-23 02:36:44.864120,1,1,4,12,70
2025-12-23 02:36:49.626198,1,1,3,12,66
2025-12-23 02:36:52.486714,1,2,1,12,66
2025-12-23 02:36:55.396154,1,1,1,12,66
2025-12-23 02:36:58.207134,1,2,1,12,66
2025-12-23 02:37:02.118128,1,2,3,13,65
2025-12-23 02:37:04.980829,1,2,1,13,65
2025-12-23 02:37:09.937961,1,1,1,13,65
2025-12-23 02:37:12.797761,1,2,2,13,65
2025-12-23 02:37:15.656538,1,1,2,13,65
2025-12-23 02:37:19.522951,1,1,3,13,65
2025-12-23 02:37:22.430115,1,1,2,13,65
2025-12-23 02:37:25.243215,1,2,1,13,67
2025-12-23 02:37:28.599969,1,2,1,13,67
2025-12-23 02:37:31.507998,1,1,1,13,70
2025-12-23 02:37:34.416925,1,2,2,13,73
2025-12-23 02:37:37.232593,1,2,1,13,74
2025-12-23 02:37:41.541135,1,2,2,12,75
2025-12-23 02:37:44.895898,1,1,1,12,75
2025-12-23 02:37:48.265850,1,2,2,12,75
2025-12-23 02:37:51.067157,1,2,2,12,75
2025-12-23 02:37:54.978108,1,1,2,12,75
2025-12-23 02:37:57.835316,1,1,1,12,75
2025-12-23 02:38:00.695036,1,2,1,12,75
2025-12-23 02:38:04.507179,1,2,3,12,75
2025-12-23 02:38:09.467840,1,1,2,12,75
2025-12-23 02:38:12.828003,1,1,4,12,75
2025-12-23 02:38:15.636005,1,1,1,12,75
2025-12-23 02:38:19.551441,1,2,2,12,75
2025-12-23 02:38:22.854635,1,2,2,12,75
2025-12-23 02:38:25.671140,1,1,2,12,75
2025-12-23 02:38:28.577602,1,2,1,12,75
2025-12-23 02:38:31.985830,1,2,2,12,75
2025-12-23 02:38:34.794520,1,1,1,12,75
2025-12-23 02:38:39.608550,1,1,2,12,75
2025-12-23 02:38:43.474979,1,1,2,12,75
2025-12-23 02:38:46.278795,1,2,1,12,75
2025-12-23 02:38:49.641870,1,2,1,12,75
2025-12-23 02:38:52.548548,1,1,1,12,75
2025-12-23 02:38:55.461056,1,2,1,12,75
2025-12-23 02:38:58.268980,1,1,2,12,76
2025-12-23 02:39:02.127955,1,1,1,12,79
2025-12-23 02:39:05.044486,1,1,2,12,82
2025-12-23 02:39:08.452684,1,1,1,12,83
2025-12-23 02:39:11.271553,1,2,1,12,83
2025-12-23 02:39:14.176959,1,1,3,12,83
2025-12-23 02:39:17.039846,1,1,1,12,83
2025-12-23 02:39:20.395080,1,1,1,12,83
2025-12-23 02:39:23.704263,1,1,2,13,83
2025-12-23 02:39:28.116314,1,2,2,13,80
2025-12-23 02:39:31.027562,1,2,1,13,79
2025-12-23 02:39:33.886926,1,2,3,13,79
2025-12-23 02:39:36.696205,1,1,1,13,76
2025-12-23 02:39:40.561129,1,2,1,13,73
2025-12-23 02:39:44.022526,1,1,1,13,70
2025-12-23 02:39:47.379181,1,2,1,13,67
2025-12-23 02:39:50.188781,1,1,2,13,67
2025-12-23 02:39:53.502861,1,1,1,13,67
2025-12-23 02:39:56.333043,1,1,2,13,67
2025-12-23 02:39:59.221023,1,2,2,12,70
2025-12-23 02:40:02.582634,1,1,1,12,71
2025-12-23 02:40:06.491313,1,2,1,12,71
2025-12-23 02:40:09.303225,1,1,1,12,71
2025-12-23 02:40:12.212042,1,2,1,13,71
2025-12-23 02:40:16.023613,1,1,1,13,71
2025-12-23 02:40:19.339900,1,1,2,13,71
2025-12-23 02:40:22.191897,1,1,1,13,71
2025-12-23 02:40:25.050873,1,2,2,13,70
2025-12-23 02:40:27.911196,1,1,1,13,67
2025-12-23 02:40:30.772881,1,1,1,13,66
2025-12-23 02:40:34.582511,1,2,1,13,66
2025-12-23 02:40:37.894444,1,1,1,13,66
2025-12-23 02:40:41.308329,1,2,2,13,66
2025-12-23 02:40:44.160769,1,1,1,13,66
2025-12-23 02:40:47.073674,1,2,1,13,66
2025-12-23 02:40:49.890577,1,1,1,13,69
2025-12-23 02:40:54.196436,1,1,3,13,66
2025-12-23 02:40:58.055511,1,1,1,13,65
2025-12-23 02:41:01.372257,1,2,2,13,65
2025-12-23 02:41:04.224252,1,1,1,13,65
2025-12-23 02:41:07.083457,1,1,1,13,65
2025-12-23 02:41:09.945407,1,1,2,13,65
2025-12-23 02:41:12.805020,1,1,2,13,65
2025-12-23 02:41:17.165871,1,1,1,13,65
2025-12-23 02:41:20.075588,1,1,1,13,65
2025-12-23 02:41:22.886945,1,1,1,13,65
2025-12-23 02:41:26.796459,1,1,1,13,65
2025-12-23 02:41:30.107660,1,1,1,13,65
2025-12-23 02:41:32.966781,1,1,1,13,65
2025-12-23 02:41:37.377344,1,1,1,13,65
2025-12-23 02:41:40.237698,1,2,1,13,65
2025-12-23 02:41:43.096031,1,1,1,13,65
2025-12-23 02:41:45.962023,1,1,3,13,65
2025-12-23 02:41:48.815213,1,1,1,13,65
2025-12-23 02:41:52.625297,1,2,1,13,65
2025-12-23 02:41:55.586541,1,2,2,13,65
2025-12-23 02:41:58.899003,1,1,1,12,64
2025-12-23 02:42:02.762791,1,1,3,12,64
2025-12-23 02:42:05.668626,1,1,1,12,64
2025-12-23 02:42:09.033454,1,1,1,12,64
2025-12-23 02:42:12.797309,1,2,3,12,68
2025-12-23 02:42:16.650685,1,1,2,12,68
2025-12-23 02:42:19.562391,1,2,1,12,68
2025-12-23 02:42:22.374967,1,1,1,12,68
2025-12-23 02:42:26.234958,1,2,2,12,68
2025-12-23 02:42:29.165936,1,2,2,12,68
2025-12-23 02:42:34.103759,1,1,1,13,68
2025-12-23 02:42:36.964692,1,1,1,13,68
2025-12-23 02:42:39.823683,1,2,2,13,68
2025-12-23 02:42:43.685324,1,1,1,13,68
2025-12-23 02:42:46.597112,1,1,1,12,68
2025-12-23 02:42:49.406270,1,2,2,12,68
2025-12-23 02:42:53.217676,1,1,2,12,68
2025-12-23 02:42:56.131711,1,1,2,12,68
2025-12-23 02:42:58.935980,1,2,1,12,68
2025-12-23 02:43:02.801750,1,1,1,12,70
2025-12-23 02:43:05.706934,1,1,2,12,72
2025-12-23 02:43:09.077118,1,1,3,12,71
2025-12-23 02:43:12.876368,1,1,2,12,65
2025-12-23 02:43:15.687915,1,1,1,13,68
2025-12-23 02:43:19.049541,1,2,2,13,71
2025-12-23 02:43:21.859642,1,1,1,13,72
2025-12-23 02:43:25.717673,1,1,1,13,72
2025-12-23 02:43:29.029821,1,2,1,13,72
2025-12-23 02:43:31.838075,1,2,2,13,69
2025-12-23 02:43:34.698749,1,1,1,13,66
2025-12-23 02:43:37.606710,1,1,1,13,66
2025-12-23 02:43:40.416779,1,2,4,13,66
2025-12-23 02:43:44.277561,1,2,3,13,66
2025-12-23 02:43:47.186553,1,1,1,13,66
2025-12-23 02:43:50.599282,1,1,2,13,66
2025-12-23 02:43:53.915769,1,2,3,13,66
2025-12-23 02:43:56.719388,1,2,2,13,66
2025-12-23 02:44:00.078950,1,2,3,13,64
2025-12-23 02:44:02.840076,1,2,1,13,64
2025-12-23 02:44:05.750149,1,1,1,13,62
2025-12-23 02:44:09.667590,1,1,1,13,66
2025-12-23 02:44:13.025082,1,1,1,13,69
2025-12-23 02:44:15.836704,1,1,1,13,71
2025-12-23 02:44:19.743849,1,2,3,13,73
2025-12-23 02:44:22.662370,1,1,2,13,76
2025-12-23 02:44:25.964236,1,1,1,13,79
2025-12-23 02:44:29.776936,1,2,1,13,81
2025-12-23 02:44:34.740965,1,1,2,12,81
2025-12-23 02:44:38.151321,1,1,2,12,81
2025-12-23 02:44:41.015468,1,1,1,12,81
2025-12-23 02:44:45.473529,1,2,1,12,81
2025-12-23 02:44:48.831416,1,2,2,12,82
2025-12-23 02:44:52.693255,1,2,1,12,84
2025-12-23 02:44:56.002618,1,2,1,12,84
2025-12-23 02:45:00.317167,1,2,1,12,76
2025-12-23 02:45:04.179996,1,1,1,13,73
2025-12-23 02:45:07.989045,1,2,1,13,70
2025-12-23 02:45:11.895519,1,1,2,13,67
2025-12-23 02:45:15.205825,1,2,2,13,66
2025-12-23 02:45:18.066169,1,1,1,13,66
2025-12-23 02:45:20.876576,1,1,2,13,66
2025-12-23 02:45:23.790664,1,2,1,13,66
2025-12-23 02:45:29.200088,1,1,1,13,66
2025-12-23 02:45:32.007944,1,2,1,13,66
2025-12-23 02:45:36.873338,1,1,1,13,66
2025-12-23 02:45:40.230282,1,1,1,13,66
2025-12-23 02:45:43.094807,1,1,1,13,66
2025-12-23 02:45:45.953430,1,2,1,13,66
2025-12-23 02:45:50.364198,1,2,2,13,66
2025-12-23 02:45:53.675509,1,1,1,13,68
2025-12-23 02:45:56.485376,1,1,1,13,67
2025-12-23 02:45:59.344284,1,2,4,13,70
2025-12-23 02:46:02.252560,1,2,2,13,71
2025-12-23 02:46:06.712979,1,1,1,13,71
2025-12-23 02:46:10.075253,1,1,1,13,71
2025-12-23 02:46:12.884842,1,2,3,13,71
2025-12-23 02:46:16.744279,1,1,1,13,71
2025-12-23 02:46:20.054266,1,1,3,13,71
2025-12-23 02:46:24.413389,1,1,1,13,75
2025-12-23 02:46:30.106545,1,2,1,13,78
2025-12-23 02:46:31.236052,1,2,3,13,78
2025-12-23 02:46:34.095040,1,2,4,13,78
2025-12-23 02:46:36.906037,1,2,9,13,78
2025-12-23 02:46:40.776019,1,2,1,13,78
2025-12-23 02:46:44.079754,1,2,7,12,76
2025-12-23 02:46:47.535401,1,2,8,12,76
2025-12-23 02:46:50.344995,1,2,21,12,76
2025-12-23 02:46:53.254632,1,2,2,12,76
2025-12-23 02:46:56.063766,1,1,1,12,76
2025-12-23 02:46:59.875533,1,1,1,12,76
2025-12-23 02:47:03.737048,1,1,1,13,76
2025-12-23 02:47:07.104578,1,2,5,15,73
2025-12-23 02:47:09.911033,1,2,3,17,72
2025-12-23 02:47:13.822802,1,1,5,20,72
2025-12-23 02:47:16.729784,1,1,3,20,72
2025-12-23 02:47:19.539238,1,1,1,20,72
2025-12-23 02:47:23.347471,1,2,6,21,72
2025-12-23 02:47:26.256778,1,2,5,22,72
2025-12-23 02:47:29.069470,1,1,1,22,72
2025-12-23 02:47:33.883204,1,1,1,22,72
2025-12-23 02:47:37.740759,1,1,1,22,72
2025-12-23 02:47:40.552765,1,2,2,22,72
2025-12-23 02:47:44.409080,1,2,23,21,73
2025-12-23 02:47:47.269228,1,2,4,20,76
2025-12-23 02:47:50.079339,1,2,2,21,79
2025-12-23 02:47:53.891271,1,2,1,21,82
2025-12-23 02:47:58.251390,1,1,1,21,82
2025-12-23 02:48:01.560773,1,2,4,22,76
2025-12-23 02:48:05.375628,1,1,4,21,72
2025-12-23 02:48:08.279972,1,1,1,20,69
2025-12-23 02:48:11.090694,1,2,8,20,66
2025-12-23 02:48:15.002292,1,2,1,19,66
2025-12-23 02:48:17.867593,1,2,1,19,66
2025-12-23 02:48:21.172741,1,2,10,19,72
2025-12-23 02:48:23.980302,1,2,12,18,72
2025-12-23 02:48:26.842991,1,2,12,23,74
2025-12-23 02:48:30.752212,1,2,16,24,100
2025-12-23 02:48:33.560632,1,2,1,23,100
2025-12-23 02:48:36.420094,1,1,1,24,100
2025-12-23 02:48:40.278740,1,1,1,24,100
2025-12-23 02:48:43.589093,1,1,1,23,100
2025-12-23 02:48:46.403821,1,1,1,24,100
2025-12-23 02:48:49.308901,1,1,1,20,100
2025-12-23 02:48:52.171408,1,1,1,17,100
2025-12-23 02:48:56.130470,1,1,1,15,100
2025-12-23 02:48:58.838047,1,1,1,13,96
2025-12-23 02:49:02.152456,1,1,1,12,90
2025-12-23 02:49:05.607497,1,1,1,13,86
2025-12-23 02:49:08.421507,1,1,1,15,83
2025-12-23 02:49:11.328237,1,1,1,17,82
2025-12-23 02:49:14.139276,1,2,6,18,85
2025-12-23 02:49:17.951372,1,1,1,20,85
2025-12-23 02:49:22.316010,1,1,1,21,85
2025-12-23 02:49:25.216721,1,1,1,18,85
2025-12-23 02:49:27.984874,1,1,1,16,79
2025-12-23 02:49:31.887815,1,1,1,12,74
2025-12-23 02:49:34.796533,1,1,1,12,73
2025-12-23 02:49:37.608109,1,1,1,12,76
2025-12-23 02:49:41.416389,1,1,1,11,79
2025-12-23 02:49:44.827511,1,1,1,11,79
2025-12-23 02:49:48.187862,1,1,1,11,79
2025-12-23 02:49:51.001731,1,1,1,11,79
2025-12-23 02:49:53.909789,1,1,1,11,79
2025-12-23 02:49:57.271367,1,1,1,11,77
2025-12-23 02:50:01.025277,1,1,1,11,74
2025-12-23 02:50:04.886944,1,1,1,11,74
2025-12-23 02:50:07.846061,1,1,1,11,74
2025-12-23 02:50:11.155574,1,1,1,11,73
2025-12-23 02:50:15.013923,1,1,1,11,72
2025-12-23 02:50:17.925048,1,1,1,12,72
2025-12-23 02:50:21.286285,1,1,1,13,72
2025-12-23 02:50:25.044335,1,1,1,14,72
2025-12-23 02:50:28.853997,1,1,1,16,72
2025-12-23 02:50:32.163662,1,1,1,18,72
2025-12-23 02:50:36.023992,1,1,1,16,72
2025-12-23 02:50:38.955004,1,1,1,15,72
2025-12-23 02:50:42.844654,1,1,1,14,72
2025-12-23 02:50:45.661795,1,1,3,13,72
2025-12-23 02:50:49.465179,1,1,1,13,72
2025-12-23 02:50:52.374029,1,1,1,12,72
2025-12-23 02:50:55.240074,1,1,1,11,72
2025-12-23 02:50:58.044556,1,1,1,11,70
2025-12-23 02:51:01.955864,1,1,1,16,67
2025-12-23 02:51:04.864302,1,1,1,17,67
2025-12-23 02:51:08.177263,1,1,1,19,65
2025-12-23 02:51:11.983742,1,1,1,20,65
2025-12-23 02:51:16.345149,1,1,1,21,65
2025-12-23 02:51:19.651921,1,1,1,19,64
2025-12-23 02:51:23.464375,1,1,1,15,64
2025-12-23 02:51:27.324802,1,1,1,14,64
2025-12-23 02:51:30.683728,1,1,1,14,69
2025-12-23 02:51:33.492219,1,1,1,13,69
2025-12-23 02:51:37.406424,1,1,1,13,71
2025-12-23 02:51:40.264863,1,1,1,16,71
2025-12-23 02:51:43.072940,1,1,1,18,71
2025-12-23 02:51:46.937798,1,1,1,18,72
2025-12-23 02:51:49.893126,1,1,1,16,75
2025-12-23 02:51:53.201944,1,1,1,15,75
2025-12-23 02:51:57.069584,1,1,1,14,75
2025-12-23 02:52:02.158934,1,1,1,13,70
2025-12-23 02:52:03.336846,1,1,1,13,67
2025-12-23 02:52:07.092705,1,1,1,12,62
2025-12-23 02:52:10.001368,1,1,1,12,64
2025-12-23 02:52:13.411787,1,1,1,12,67
2025-12-23 02:52:16.270539,1,1,1,12,70
2025-12-23 02:52:19.079351,1,1,1,12,73
2025-12-23 02:52:22.940451,1,1,1,12,76
2025-12-23 02:52:26.249284,1,1,1,13,79
2025-12-23 02:52:30.064402,1,2,4,15,82
2025-12-23 02:52:32.972378,1,1,1,16,83
2025-12-23 02:52:36.884254,1,2,1,16,83
2025-12-23 02:52:39.693166,1,1,1,16,79
2025-12-23 02:52:42.554624,1,1,1,15,76
2025-12-23 02:52:46.415812,1,1,1,14,73
2025-12-23 02:52:49.321925,1,1,1,13,70
2025-12-23 02:52:52.081466,1,1,1,13,69
2025-12-23 02:52:55.992022,1,1,1,14,69
2025-12-23 02:52:58.902226,1,1,2,14,69
2025-12-23 02:53:01.713386,1,1,1,14,69
2025-12-23 02:53:05.521832,1,1,1,14,69
2025-12-23 02:53:08.482968,1,1,1,14,66
2025-12-23 02:53:12.891694,1,1,1,14,64
2025-12-23 02:53:15.705108,1,1,1,14,62
2025-12-23 02:53:18.562826,1,1,1,13,62
2025-12-23 02:53:22.420798,1,1,1,13,62
2025-12-23 02:53:25.732436,1,1,1,12,62
2025-12-23 02:53:30.653327,1,1,1,12,62
2025-12-23 02:53:32.451722,1,1,1,12,62
2025-12-23 02:53:35.267277,1,1,1,12,62
2025-12-23 02:53:39.120369,1,1,1,13,62
2025-12-23 02:53:42.031806,1,1,1,15,62
2025-12-23 02:53:45.390881,1,1,1,16,65
2025-12-23 02:53:48.756153,1,1,1,18,71
2025-12-23 02:53:51.563014,1,1,1,19,74
2025-12-23 02:53:55.471663,1,1,1,20,77
2025-12-23 02:53:58.331692,1,1,1,20,79
2025-12-23 02:54:01.142108,1,1,1,21,79
2025-12-23 02:54:05.002764,1,1,1,21,79
2025-12-23 02:54:08.310510,1,1,1,22,79
2025-12-23 02:54:11.122585,1,1,1,23,79
2025-12-23 02:54:14.030524,1,1,1,23,79
2025-12-23 02:54:16.939251,1,1,1,23,79
2025-12-23 02:54:19.749028,1,1,1,23,79
2025-12-23 02:54:23.558541,1,1,1,23,79
2025-12-23 02:54:27.428246,1,1,1,24,79
2025-12-23 02:54:30.928319,1,1,1,24,79
2025-12-23 02:54:33.737436,1,1,1,24,79
2025-12-23 02:54:36.602056,1,1,1,24,79
2025-12-23 02:54:40.459855,1,1,1,24,81
2025-12-23 02:54:43.778013,1,1,1,25,84
2025-12-23 02:54:47.579590,1,1,1,25,87
2025-12-23 02:54:50.491714,1,2,1,25,88
2025-12-23 02:54:53.300790,1,1,1,25,88
2025-12-23 02:54:58.113851,1,1,1,25,88
2025-12-23 02:55:01.522497,1,1,1,25,88
2025-12-23 02:55:04.384416,1,1,1,25,87
2025-12-23 02:55:08.301132,1,1,1,25,84
2025-12-23 02:55:12.104524,1,1,2,25,83
2025-12-23 02:55:16.464447,1,1,1,25,83
2025-12-23 02:55:19.772869,1,1,1,25,83
2025-12-23 02:55:23.586927,1,1,1,25,83
2025-12-23 02:55:27.443439,1,1,1,25,83
2025-12-23 02:55:30.816847,1,1,1,24,86
2025-12-23 02:55:34.164933,1,1,1,21,82
2025-12-23 02:55:39.175544,1,1,1,19,76
2025-12-23 02:55:42.086385,1,1,1,19,73
2025-12-23 02:55:45.447326,1,1,1,18,70
2025-12-23 02:55:49.204371,1,1,1,16,66
2025-12-23 02:55:53.069052,1,2,8,15,66
2025-12-23 02:55:55.977313,1,2,1,13,66
2025-12-23 02:55:58.788544,1,1,1,13,66
2025-12-23 02:56:02.658836,1,1,1,12,66
2025-12-23 02:56:05.557982,1,1,1,12,66
2025-12-23 02:56:08.366808,1,1,1,12,66
2025-12-23 02:56:12.231808,1,1,1,12,66
2025-12-23 02:56:15.087807,1,1,1,12,66
2025-12-23 02:56:18.995604,1,1,1,13,66
2025-12-23 02:56:21.809824,1,1,1,13,66
2025-12-23 02:56:24.665315,1,1,1,13,66
2025-12-23 02:56:28.526219,1,1,1,13,67
2025-12-23 02:56:31.835288,1,1,1,13,70
2025-12-23 02:56:34.645779,1,1,1,13,71
2025-12-23 02:56:37.554836,1,1,1,13,71
2025-12-23 02:56:40.414693,1,1,1,13,71
2025-12-23 02:56:43.230918,1,1,1,14,71
2025-12-23 02:56:47.085751,1,1,1,16,70
2025-12-23 02:56:50.045481,1,1,1,19,71
2025-12-23 02:56:53.354567,1,2,38,20,74
2025-12-23 02:56:58.167999,1,2,11,19,80
2025-12-23 02:57:01.578474,1,1,1,16,82
2025-12-23 02:57:04.440501,1,2,5,14,82
2025-12-23 02:57:07.247904,1,2,7,13,82
2025-12-23 02:57:10.668027,1,2,1,14,82
2025-12-23 02:57:14.122788,1,1,1,14,82
2025-12-23 02:57:17.477307,1,2,1,15,76
2025-12-23 02:57:20.237319,1,2,26,15,72
2025-12-23 02:57:23.149147,1,2,12,15,69
2025-12-23 02:57:26.057370,1,2,22,15,68
2025-12-23 02:57:31.068034,1,2,1,15,68
2025-12-23 02:57:34.429539,1,1,1,15,68
2025-12-23 02:57:37.238368,1,2,1,15,67
2025-12-23 02:57:41.099077,1,2,1,15,64
2025-12-23 02:57:44.410569,1,1,7,15,64
2025-12-23 02:57:48.219754,1,1,1,15,64
2025-12-23 02:57:51.180706,1,2,1,15,64
2025-12-23 02:57:55.091539,1,2,1,15,64
2025-12-23 02:57:58.452114,1,1,1,15,64
2025-12-23 02:58:01.313656,1,1,1,15,64
2025-12-23 02:58:04.625270,1,2,3,15,64
2025-12-23 02:58:07.483021,1,2,7,15,64
2025-12-23 02:58:10.293162,1,1,1,15,64
2025-12-23 02:58:13.606127,1,2,4,15,64
2025-12-23 02:58:16.462934,1,1,1,15,64
2025-12-23 02:58:19.278918,1,2,1,15,64
2025-12-23 02:58:23.133583,1,1,1,14,64
2025-12-23 02:58:26.446831,1,2,1,15,64
2025-12-23 02:58:29.255394,1,2,1,17,64
2025-12-23 02:58:32.163978,1,1,6,16,64
2025-12-23 02:58:35.075747,1,1,1,15,64
2025-12-23 02:58:37.885182,1,2,3,15,64
2025-12-23 02:58:41.693171,1,1,1,18,64
2025-12-23 02:58:45.556170,1,1,1,19,64
2025-12-23 02:58:49.366119,1,2,1,20,64
2025-12-23 02:58:52.175977,1,1,1,21,64
2025-12-23 02:58:55.085960,1,1,1,22,64
2025-12-23 02:58:57.894715,1,2,1,22,62
2025-12-23 02:59:00.808054,1,2,3,23,62
2025-12-23 02:59:03.716028,1,1,1,23,62
2025-12-23 02:59:07.623364,1,2,4,23,62
2025-12-23 02:59:10.487730,1,1,1,20,62
2025-12-23 02:59:13.296066,1,2,1,18,62
2025-12-23 02:59:17.156102,1,2,1,16,62
2025-12-23 02:59:20.464849,1,1,1,18,62
2025-12-23 02:59:25.275763,1,1,2,19,62
2025-12-23 02:59:29.139515,1,2,1,21,62
2025-12-23 02:59:32.446882,1,1,1,22,62
2025-12-23 02:59:36.807034,1,2,2,22,62
2025-12-23 02:59:40.614916,1,1,5,23,62
2025-12-23 02:59:43.925894,1,1,1,23,62
2025-12-23 02:59:48.245895,1,2,1,23,62
2025-12-23 02:59:51.648304,1,1,1,23,62
2025-12-23 02:59:54.521221,1,1,2,23,62
2025-12-23 02:59:57.365731,1,1,1,22,62
2025-12-23 03:00:00.226426,1,2,2,19,62
2025-12-23 03:00:03.585420,1,1,6,20,62
2025-12-23 03:00:07.344184,1,1,1,21,62
2025-12-23 03:00:10.205832,1,2,1,21,62
2025-12-23 03:00:13.117064,1,1,1,22,62
2025-12-23 03:00:15.928048,1,2,1,22,62
2025-12-23 03:00:18.789061,1,2,1,22,65
2025-12-23 03:00:22.645567,1,2,2,23,65
2025-12-23 03:00:25.956270,1,2,2,23,65
2025-12-23 03:00:29.915955,1,2,3,23,65
2025-12-23 03:00:32.775638,1,1,1,24,65
2025-12-23 03:00:35.686638,1,1,1,24,65
2025-12-23 03:00:38.496290,1,2,3,24,66
2025-12-23 03:00:42.857790,1,1,1,24,69
2025-12-23 03:00:46.671651,1,1,1,24,69
2025-12-23 03:00:49.524584,1,2,1,24,69
2025-12-23 03:00:52.386019,1,2,4,24,69
2025-12-23 03:00:56.245823,1,1,1,24,69
2025-12-23 03:00:59.154697,1,1,1,24,66
2025-12-23 03:01:01.966447,1,1,4,24,65
2025-12-23 03:01:05.779432,1,1,1,24,65
2025-12-23 03:01:08.686232,1,2,2,24,65
2025-12-23 03:01:11.495348,1,2,3,24,65
2025-12-23 03:01:16.806355,1,2,5,24,65
2025-12-23 03:01:19.720306,1,2,3,24,66
2025-12-23 03:01:22.576858,1,1,1,24,69
2025-12-23 03:01:25.436965,1,1,3,24,72
2025-12-23 03:01:28.246305,1,2,2,24,75
2025-12-23 03:01:31.158508,1,2,1,24,78
2025-12-23 03:01:33.967146,1,1,3,24,80
2025-12-23 03:01:36.877090,1,1,2,24,77
2025-12-23 03:01:40.686508,1,2,3,24,74
2025-12-23 03:01:43.596561,1,2,3,24,77
2025-12-23 03:01:46.359463,1,1,1,24,78
2025-12-23 03:01:50.267506,1,2,1,24,80
2025-12-23 03:01:53.185924,1,1,6,24,83
2025-12-23 03:01:55.988791,1,1,1,24,83
2025-12-23 03:01:59.797200,1,2,1,21,83
2025-12-23 03:02:03.207040,1,2,3,18,83
2025-12-23 03:02:06.572720,1,1,2,18,83
2025-12-23 03:02:09.426107,1,2,2,19,83
2025-12-23 03:02:12.292513,1,1,2,20,81
2025-12-23 03:02:15.649476,1,1,1,21,79
2025-12-23 03:02:19.412581,1,1,1,22,80
2025-12-23 03:02:22.819265,1,2,3,22,82
2025-12-23 03:02:25.729602,1,2,1,23,82
2025-12-23 03:02:28.589912,1,1,2,23,81
2025-12-23 03:02:31.446483,1,2,2,21,80
2025-12-23 03:02:35.258239,1,1,1,18,81
2025-12-23 03:02:39.119170,1,1,1,17,84
2025-12-23 03:02:42.379501,1,2,1,18,87
2025-12-23 03:02:45.289873,1,1,1,19,87
2025-12-23 03:02:49.200385,1,1,1,18,81
2025-12-23 03:02:52.007881,1,2,6,17,80
2025-12-23 03:02:54.870773,1,2,9,16,81
2025-12-23 03:02:58.730094,1,2,23,15,81
2025-12-23 03:03:01.637793,1,2,26,14,78
2025-12-23 03:03:04.397840,1,2,1,13,75
2025-12-23 03:03:08.308097,1,2,1,12,72
2025-12-23 03:03:11.219624,1,1,1,12,69
2025-12-23 03:03:14.027439,1,1,1,12,67
2025-12-23 03:03:17.839051,1,2,1,12,67
2025-12-23 03:03:21.696427,1,1,1,13,67
2025-12-23 03:03:25.206273,1,1,1,14,67
2025-12-23 03:03:28.014391,1,1,1,15,67
2025-12-23 03:03:30.874527,1,1,1,16,67
2025-12-23 03:03:34.734312,1,1,1,16,67
2025-12-23 03:03:38.044797,1,1,1,17,67
2025-12-23 03:03:41.856028,1,1,1,17,67
2025-12-23 03:03:44.765015,1,1,1,17,67
2025-12-23 03:03:47.573294,1,2,2,17,67
2025-12-23 03:03:51.434288,1,2,1,17,67
2025-12-23 03:03:54.347442,1,1,2,16,67
2025-12-23 03:03:57.706726,1,2,1,16,67
2025-12-23 03:04:01.466783,1,2,1,16,67
2025-12-23 03:04:04.326097,1,1,1,16,67
2025-12-23 03:04:07.236141,1,1,1,16,67
2025-12-23 03:04:10.046179,1,1,1,16,67
2025-12-23 03:04:12.906143,1,1,1,15,67
2025-12-23 03:04:16.765745,1,1,1,14,65
2025-12-23 03:04:20.075011,1,1,1,13,64
2025-12-23 03:04:22.886224,1,1,1,13,64
2025-12-23 03:04:25.803539,1,1,1,13,64
2025-12-23 03:04:28.653934,1,1,1,12,64
2025-12-23 03:04:31.472986,1,1,3,12,64
2025-12-23 03:04:35.325371,1,1,2,12,64
2025-12-23 03:04:38.631811,1,1,1,12,64
2025-12-23 03:04:42.092856,1,1,1,12,64
2025-12-23 03:04:44.903788,1,1,1,12,64
2025-12-23 03:04:47.818814,1,1,1,12,64
2025-12-23 03:04:51.714418,1,1,2,12,64
2025-12-23 03:04:54.431504,1,1,1,12,64
2025-12-23 03:04:58.789328,1,1,1,12,64
2025-12-23 03:05:01.698605,1,1,1,12,64
2025-12-23 03:05:04.458067,1,1,1,12,64
2025-12-23 03:05:08.369739,1,1,1,12,64
2025-12-23 03:05:11.281171,1,1,1,12,64
2025-12-23 03:05:14.087789,1,1,1,12,64
2025-12-23 03:05:17.897080,1,1,1,12,64
2025-12-23 03:05:21.763152,1,1,1,12,64
2025-12-23 03:05:25.716329,1,2,1,12,64
2025-12-23 03:05:28.475720,1,1,1,12,64
2025-12-23 03:05:32.386984,1,2,1,12,64
2025-12-23 03:05:35.295371,1,1,2,12,64
2025-12-23 03:05:38.106707,1,1,1,12,64
2025-12-23 03:05:41.924484,1,1,1,12,65
2025-12-23 03:05:45.325437,1,1,1,12,65
2025-12-23 03:05:48.690856,1,1,1,12,65
2025-12-23 03:05:51.499364,1,1,2,12,65
2025-12-23 03:05:54.404485,1,2,1,12,65
2025-12-23 03:05:57.765908,1,1,1,12,65
2025-12-23 03:06:01.524719,1,1,1,12,64
2025-12-23 03:06:04.436914,1,1,1,12,64
2025-12-23 03:06:07.843334,1,1,1,12,66
2025-12-23 03:06:10.703842,1,1,1,12,68
2025-12-23 03:06:13.514654,1,1,1,12,68
2025-12-23 03:06:17.373826,1,1,1,12,67
2025-12-23 03:06:20.683577,1,1,1,12,65
2025-12-23 03:06:24.491618,1,1,1,12,65
2025-12-23 03:06:27.453572,1,1,1,12,67
2025-12-23 03:06:31.315349,1,1,1,12,65
2025-12-23 03:06:34.126685,1,1,4,12,63
2025-12-23 03:06:37.037786,1,1,2,12,64
2025-12-23 03:06:40.845237,1,1,1,12,65
2025-12-23 03:06:43.757532,1,1,1,12,65
2025-12-23 03:06:46.568785,1,1,2,13,65
2025-12-23 03:06:50.426734,1,1,1,13,65
2025-12-23 03:06:53.335827,1,1,1,13,65
2025-12-23 03:06:56.147778,1,1,1,13,65
2025-12-23 03:06:59.954533,1,1,1,13,65
2025-12-23 03:07:02.865269,1,1,3,13,65
2025-12-23 03:07:05.674925,1,1,1,13,65
2025-12-23 03:07:10.487170,1,1,1,13,65
2025-12-23 03:07:14.350217,1,1,2,13,65
2025-12-23 03:07:17.160907,1,2,1,13,64
2025-12-23 03:07:21.022536,1,1,5,12,64
2025-12-23 03:07:23.928542,1,2,24,12,64
2025-12-23 03:07:27.787960,1,2,23,13,64
2025-12-23 03:07:32.731741,1,2,1,14,64
2025-12-23 03:07:35.410475,1,1,1,14,65
2025-12-23 03:07:38.719360,1,2,1,14,65
2025-12-23 03:07:42.532401,1,2,2,15,65
2025-12-23 03:07:45.441450,1,1,2,16,65
2025-12-23 03:07:49.352659,1,1,1,17,65
2025-12-23 03:07:52.161532,1,1,1,18,68
2025-12-23 03:07:55.021840,1,1,1,20,71
2025-12-23 03:07:58.881155,1,1,1,20,71
2025-12-23 03:08:02.193070,1,1,1,21,73
2025-12-23 03:08:05.001284,1,1,1,21,76
2025-12-23 03:08:07.911332,1,1,1,19,78
2025-12-23 03:08:10.771439,1,1,1,19,80
2025-12-23 03:08:13.580073,1,1,1,20,82
2025-12-23 03:08:17.440701,1,1,1,19,82
2025-12-23 03:08:20.750798,1,1,1,19,82
2025-12-23 03:08:23.612134,1,1,1,20,82
2025-12-23 03:08:26.572369,1,1,1,20,82
2025-12-23 03:08:29.482726,1,1,2,19,81
2025-12-23 03:08:32.394172,1,1,1,19,81
2025-12-23 03:08:35.202725,1,1,2,19,78
2025-12-23 03:08:39.615293,1,1,1,19,78
2025-12-23 03:08:43.629586,1,1,1,18,78
2025-12-23 03:08:47.434162,1,1,1,16,78
2025-12-23 03:08:50.741086,1,1,1,14,78
2025-12-23 03:08:54.552843,1,2,1,13,78
2025-12-23 03:08:58.910605,1,1,1,13,78
2025-12-23 03:09:02.222311,1,1,1,12,75
2025-12-23 03:09:05.030513,1,1,1,12,71
2025-12-23 03:09:07.943063,1,2,1,12,68
2025-12-23 03:09:10.804053,1,1,1,12,65
2025-12-23 03:09:13.609083,1,1,1,12,63
2025-12-23 03:09:17.474499,1,1,1,12,63
2025-12-23 03:09:20.780253,1,1,1,12,63
2025-12-23 03:09:23.592275,1,1,1,12,63
2025-12-23 03:09:26.498520,1,1,1,12,63
2025-12-23 03:09:29.415798,1,1,3,12,63
2025-12-23 03:09:32.220138,1,1,1,12,63
2025-12-23 03:09:36.028802,1,1,2,12,63
2025-12-23 03:09:39.889657,1,1,2,12,63
2025-12-23 03:09:43.197995,1,1,1,12,67
2025-12-23 03:09:46.057630,1,1,1,12,70
2025-12-23 03:09:49.969330,1,1,1,12,73
2025-12-23 03:09:52.828486,1,1,1,12,76
2025-12-23 03:09:55.637483,1,1,1,12,79
2025-12-23 03:09:59.497595,1,1,1,12,82
2025-12-23 03:10:02.807212,1,1,1,12,84
2025-12-23 03:10:05.615204,1,1,1,12,84
2025-12-23 03:10:09.747712,1,1,2,12,84
2025-12-23 03:10:11.434630,1,1,1,12,84
2025-12-23 03:10:14.244279,1,1,1,12,82
2025-12-23 03:10:18.052077,1,1,1,15,79
2025-12-23 03:10:21.914197,1,1,1,17,76
2025-12-23 03:10:25.423043,1,2,1,19,73
2025-12-23 03:10:28.235018,1,1,1,20,73
2025-12-23 03:10:31.094892,1,1,1,20,73
2025-12-23 03:10:34.961716,1,1,1,21,73
2025-12-23 03:10:38.263050,1,1,1,21,73
2025-12-23 03:10:42.074007,1,1,1,22,70
2025-12-23 03:10:44.983576,1,1,1,22,67
2025-12-23 03:10:47.792323,1,1,1,22,66
2025-12-23 03:10:52.605408,1,1,1,22,66
2025-12-23 03:10:56.472623,1,1,1,22,66
2025-12-23 03:10:59.277497,1,1,1,22,66
2025-12-23 03:11:02.285209,1,1,1,22,66
2025-12-23 03:11:05.096637,1,2,1,22,66
2025-12-23 03:11:08.005947,1,1,1,22,66
2025-12-23 03:11:10.865729,1,2,1,22,66
2025-12-23 03:11:13.675342,1,1,1,22,66
2025-12-23 03:11:17.536171,1,1,1,22,66
2025-12-23 03:11:20.843573,1,1,2,22,66
2025-12-23 03:11:23.671129,1,1,1,22,67
2025-12-23 03:11:27.115338,1,2,1,22,70
2025-12-23 03:11:30.024619,1,1,1,22,73
2025-12-23 03:11:32.834047,1,1,1,22,76
2025-12-23 03:11:37.150291,1,1,4,22,82
2025-12-23 03:11:41.004456,1,1,1,22,85
2025-12-23 03:11:43.864714,1,1,1,22,85
2025-12-23 03:11:46.676848,1,1,1,22,81
2025-12-23 03:11:50.584639,1,1,4,22,75
2025-12-23 03:11:53.494974,1,1,1,22,70
2025-12-23 03:11:56.302735,1,1,1,22,67
2025-12-23 03:12:00.120354,1,1,1,22,64
2025-12-23 03:12:03.020025,1,1,2,22,62
2025-12-23 03:12:05.840010,1,1,1,22,62
2025-12-23 03:12:09.690317,1,1,1,22,62
2025-12-23 03:12:12.600708,1,1,1,22,62
2025-12-23 03:12:15.961333,1,1,1,23,63
2025-12-23 03:12:19.768982,1,1,5,23,69
2025-12-23 03:12:22.628078,1,1,2,23,72
2025-12-23 03:12:26.041279,1,1,1,24,75
2025-12-23 03:12:28.909256,1,1,1,24,78
2025-12-23 03:12:31.709358,1,1,1,24,81
2025-12-23 03:12:35.580330,1,2,1,23,84
2025-12-23 03:12:38.880771,1,1,1,20,81
2025-12-23 03:12:42.338900,1,1,4,18,75
2025-12-23 03:12:45.158843,1,1,1,17,73
2025-12-23 03:12:48.061173,1,1,1,16,73
2025-12-23 03:12:50.868559,1,2,2,15,73
2025-12-23 03:12:54.682162,1,2,1,15,72
2025-12-23 03:12:59.039838,1,1,1,14,67
2025-12-23 03:13:02.554211,1,1,1,14,67
2025-12-23 03:13:05.861684,1,1,1,14,67
2025-12-23 03:13:09.770243,1,1,1,14,67
2025-12-23 03:13:12.630233,1,1,1,13,67
2025-12-23 03:13:15.993003,1,2,1,13,67
2025-12-23 03:13:19.750581,1,1,1,12,67
2025-12-23 03:13:22.662185,1,2,1,12,67
2025-12-23 03:13:27.074359,1,1,1,14,67
2025-12-23 03:13:29.886158,1,1,1,14,67
2025-12-23 03:13:33.743215,1,2,1,15,67
2025-12-23 03:13:36.653794,1,2,7,15,67
2025-12-23 03:13:40.012658,1,1,1,16,67
2025-12-23 03:13:43.374451,1,1,1,16,67
2025-12-23 03:13:46.184795,1,2,3,16,67
2025-12-23 03:13:50.091629,1,1,2,15,67
2025-12-23 03:13:52.954835,1,1,1,15,67
2025-12-23 03:13:55.764537,1,1,1,15,67
2025-12-23 03:13:59.625794,1,2,1,15,67
2025-12-23 03:14:02.534304,1,1,1,15,67
2025-12-23 03:14:05.343124,1,2,2,15,67
2025-12-23 03:14:09.202803,1,2,1,15,67
2025-12-23 03:14:12.115144,1,2,3,15,67
2025-12-23 03:14:14.922081,1,1,1,15,69
2025-12-23 03:14:19.282554,1,1,1,15,73
2025-12-23 03:14:23.716331,1,1,1,15,73
2025-12-23 03:14:27.105631,1,1,1,14,76
2025-12-23 03:14:30.466329,1,1,1,14,79
2025-12-23 03:14:33.226480,1,1,1,14,79
2025-12-23 03:14:36.141775,1,1,1,14,77
2025-12-23 03:14:38.946300,1,1,10,14,72
2025-12-23 03:14:41.753314,1,2,10,15,69
2025-12-23 03:14:44.663968,1,2,14,16,66
2025-12-23 03:14:47.573050,1,2,23,18,63
2025-12-23 03:14:50.383962,1,2,4,18,63
2025-12-23 03:14:54.198715,1,2,1,20,63
2025-12-23 03:14:58.053131,1,1,3,20,63
2025-12-23 03:15:01.363783,1,1,1,21,63
2025-12-23 03:15:04.224377,1,1,2,22,63
2025-12-23 03:15:08.132760,1,1,1,21,63
2025-12-23 03:15:10.994606,1,2,3,22,63
2025-12-23 03:15:13.803800,1,1,1,21,63
2025-12-23 03:15:17.685935,1,1,1,21,63
2025-12-23 03:15:20.624095,1,2,5,21,63
2025-12-23 03:15:23.936347,1,2,5,21,63
2025-12-23 03:15:27.841946,1,2,2,21,63
2025-12-23 03:15:30.705108,1,2,1,21,63
2025-12-23 03:15:34.065071,1,1,1,21,63
2025-12-23 03:15:38.428051,1,1,1,20,63
2025-12-23 03:15:42.237729,1,1,2,18,66
2025-12-23 03:15:45.147163,1,2,1,17,68
2025-12-23 03:15:47.956510,1,1,1,16,66
2025-12-23 03:15:52.770727,1,2,1,16,64
2025-12-23 03:15:56.178409,1,1,1,16,64
2025-12-23 03:15:59.040539,1,2,2,16,64
2025-12-23 03:16:02.400445,1,1,1,15,64
2025-12-23 03:16:06.209634,1,1,1,15,64
2025-12-23 03:16:10.070649,1,1,3,15,64
2025-12-23 03:16:13.881067,1,1,3,15,64
2025-12-23 03:16:17.692757,1,1,4,15,64
2025-12-23 03:16:20.998834,1,1,2,15,64
2025-12-23 03:16:24.812318,1,1,1,16,64
2025-12-23 03:16:27.721525,1,2,1,16,67
2025-12-23 03:16:31.036083,1,1,3,17,72
2025-12-23 03:16:33.893141,1,2,2,16,72
2025-12-23 03:16:36.754876,1,1,2,15,72
2025-12-23 03:16:40.715017,1,1,1,15,72
2025-12-23 03:16:45.292087,1,2,8,16,72
2025-12-23 03:16:46.431618,1,2,4,16,72
2025-12-23 03:16:49.292202,1,2,9,16,72
2025-12-23 03:16:53.150540,1,2,12,15,72
2025-12-23 03:16:56.463338,1,2,3,15,72
2025-12-23 03:17:00.721549,1,1,2,15,73
2025-12-23 03:17:04.082608,1,1,1,15,73
2025-12-23 03:17:07.846420,1,2,7,15,69
2025-12-23 03:17:11.705131,1,1,1,15,66
2025-12-23 03:17:15.013689,1,1,2,15,66
2025-12-23 03:17:18.832769,1,2,1,15,66
2025-12-23 03:17:21.786576,1,1,1,15,67
2025-12-23 03:17:25.648226,1,2,1,15,73
2025-12-23 03:17:28.457995,1,1,1,15,75
2025-12-23 03:17:31.318482,1,1,1,15,75
2025-12-23 03:17:35.187446,1,2,1,14,75
2025-12-23 03:17:39.491385,1,1,1,14,75
2025-12-23 03:17:42.851524,1,1,1,15,75
2025-12-23 03:17:45.762380,1,2,1,14,75
2025-12-23 03:17:49.073669,1,1,3,14,74
2025-12-23 03:17:51.932088,1,1,1,13,74
2025-12-23 03:17:55.242207,1,1,1,14,74
2025-12-23 03:17:59.706044,1,1,2,13,74
2025-12-23 03:18:03.014337,1,1,1,14,74
2025-12-23 03:18:06.827223,1,1,1,15,74
2025-12-23 03:18:11.186431,1,1,2,15,71
2025-12-23 03:18:14.500750,1,1,1,16,68
2025-12-23 03:18:18.806811,1,1,1,16,67
2025-12-23 03:18:23.219566,1,1,2,16,67
2025-12-23 03:18:26.082699,1,2,2,16,66
2025-12-23 03:18:28.890064,1,1,1,16,64
2025-12-23 03:18:32.797449,1,1,5,16,64
2025-12-23 03:18:35.707810,1,1,1,16,64
2025-12-23 03:18:38.519803,1,1,1,16,67
2025-12-23 03:18:41.328839,1,1,1,16,69
2025-12-23 03:18:44.788236,1,1,1,16,67
2025-12-23 03:18:47.699820,1,1,1,16,67
2025-12-23 03:18:50.506923,1,1,2,16,67
2025-12-23 03:18:54.321439,1,2,1,16,67
2025-12-23 03:18:58.180444,1,1,1,16,67
2025-12-23 03:19:02.190264,1,2,3,16,67
2025-12-23 03:19:05.701298,1,1,1,16,67
2025-12-23 03:19:08.511682,1,1,1,16,67
2025-12-23 03:19:12.321945,1,1,1,17,67
2025-12-23 03:19:16.180978,1,2,1,17,70
2025-12-23 03:19:19.941505,1,1,1,17,71
2025-12-23 03:19:24.403794,1,1,2,17,74
2025-12-23 03:19:27.714385,1,2,5,17,75
2025-12-23 03:19:30.521991,1,2,2,17,75
2025-12-23 03:19:33.383873,1,2,2,17,75
2025-12-23 03:19:36.295092,1,1,1,17,75
2025-12-23 03:19:43.257934,1,1,4,17,75
2025-12-23 03:19:46.119623,1,1,1,17,75
2025-12-23 03:19:48.927935,1,1,1,17,75
2025-12-23 03:19:51.840681,1,1,2,18,75
2025-12-23 03:19:55.748740,1,2,1,19,69
2025-12-23 03:19:58.559165,1,1,3,19,66
2025-12-23 03:20:03.306180,1,1,1,19,63
2025-12-23 03:20:05.279509,1,2,1,18,63
2025-12-23 03:20:08.140740,1,2,3,18,63
2025-12-23 03:20:10.949172,1,1,1,18,63
2025-12-23 03:20:14.861077,1,1,1,18,63
2025-12-23 03:20:17.770556,1,1,1,18,63
2025-12-23 03:20:21.082574,1,1,1,18,63
2025-12-23 03:20:25.394502,1,1,1,18,63
2025-12-23 03:20:29.255056,1,1,1,18,63
2025-12-23 03:20:32.564837,1,2,1,18,63
2025-12-23 03:20:36.387224,1,2,1,18,63
2025-12-23 03:20:39.835420,1,1,1,18,63
2025-12-23 03:20:43.796858,1,1,1,18,63
2025-12-23 03:20:47.156817,1,1,9,18,63
2025-12-23 03:20:49.966579,1,2,1,18,63
2025-12-23 03:20:53.831671,1,1,1,17,63
2025-12-23 03:20:57.137465,1,1,1,17,65
2025-12-23 03:21:01.048384,1,1,2,17,68
2025-12-23 03:21:03.858528,1,2,2,17,69
2025-12-23 03:21:07.772389,1,1,1,17,72
2025-12-23 03:21:11.077558,1,2,4,17,75
2025-12-23 03:21:13.888658,1,1,4,17,75
2025-12-23 03:21:17.201019,1,2,2,17,73
2025-12-23 03:21:21.032836,1,2,1,17,71
2025-12-23 03:21:24.321578,1,1,1,17,70
2025-12-23 03:21:28.184011,1,2,5,17,70
2025-12-23 03:21:31.593814,1,2,3,16,72
2025-12-23 03:21:34.455895,1,2,1,16,73
2025-12-23 03:21:37.867610,1,1,1,15,76
2025-12-23 03:21:41.276125,1,2,2,15,77
2025-12-23 03:21:44.585771,1,1,1,15,77
2025-12-23 03:21:48.394957,1,2,2,15,77
2025-12-23 03:21:52.256951,1,2,1,14,77
2025-12-23 03:21:56.026095,1,2,1,14,77
2025-12-23 03:21:59.877726,1,2,2,14,77
2025-12-23 03:22:02.786425,1,2,1,14,77
2025-12-23 03:22:05.598097,1,1,1,14,77
2025-12-23 03:22:09.455479,1,1,5,14,77
2025-12-23 03:22:12.368418,1,1,1,14,77
2025-12-23 03:22:15.178632,1,1,1,14,74
2025-12-23 03:22:18.637509,1,1,1,13,70
2025-12-23 03:22:21.498716,1,2,3,13,67
2025-12-23 03:22:25.909912,1,1,7,12,63
2025-12-23 03:22:28.822907,1,2,71,12,63
2025-12-23 03:22:31.629103,1,2,21,12,63
2025-12-23 03:22:34.542529,1,2,9,12,63
2025-12-23 03:22:38.905274,1,1,1,12,63
2025-12-23 03:22:41.810794,1,1,1,12,63
2025-12-23 03:22:44.618172,1,1,1,12,63
2025-12-23 03:22:48.428179,1,1,1,12,63
2025-12-23 03:22:52.290181,1,1,1,12,63
2025-12-23 03:22:56.050447,1,1,1,12,63
2025-12-23 03:22:58.957898,1,1,1,12,63
2025-12-23 03:23:02.369252,1,1,1,12,63
2025-12-23 03:23:05.229652,1,2,3,12,63
2025-12-23 03:23:08.038251,1,1,1,12,63
2025-12-23 03:23:11.902550,1,1,1,12,63
2025-12-23 03:23:15.209490,1,1,1,13,63
2025-12-23 03:23:18.667983,1,1,1,13,63
2025-12-23 03:23:21.480520,1,1,1,13,63
2025-12-23 03:23:24.390216,1,1,1,13,63
2025-12-23 03:23:27.197131,1,1,1,14,63
2025-12-23 03:23:31.010384,1,1,1,14,63
2025-12-23 03:23:35.367644,1,1,1,14,63
2025-12-23 03:23:38.285497,1,1,1,14,63
2025-12-23 03:23:41.637496,1,1,1,14,63
2025-12-23 03:23:45.499309,1,2,1,14,63
2025-12-23 03:23:48.410160,1,1,1,14,63
2025-12-23 03:23:51.218700,1,1,1,14,63
2025-12-23 03:23:55.029778,1,1,1,14,63
2025-12-23 03:23:58.007761,1,1,1,14,63
2025-12-23 03:24:02.458830,1,1,1,14,63
2025-12-23 03:24:05.858906,1,1,1,13,63
2025-12-23 03:24:08.667752,1,1,1,13,63
2025-12-23 03:24:12.478763,1,1,1,12,63
2025-12-23 03:24:16.338135,1,1,1,12,63
2025-12-23 03:24:19.696825,1,1,1,12,63
2025-12-23 03:24:22.508689,1,1,1,12,63
2025-12-23 03:24:26.416509,1,1,1,12,63
2025-12-23 03:24:29.277593,1,1,1,12,63
2025-12-23 03:24:32.087763,1,1,1,12,63
2025-12-23 03:24:35.947162,1,1,1,13,63
2025-12-23 03:24:39.257546,1,1,1,17,63
2025-12-23 03:24:42.065878,1,1,1,18,63
2025-12-23 03:24:44.975473,1,1,1,19,63
2025-12-23 03:24:47.885379,1,1,1,20,63
2025-12-23 03:24:50.694645,1,1,1,20,63
2025-12-23 03:24:54.503312,1,1,1,21,63
2025-12-23 03:24:58.364202,1,1,1,21,63
2025-12-23 03:25:01.674164,1,1,1,21,62
2025-12-23 03:25:04.539243,1,1,1,21,62
2025-12-23 03:25:08.444843,1,1,1,21,62
2025-12-23 03:25:11.303332,1,2,1,22,62
2025-12-23 03:25:14.116092,1,1,1,21,62
2025-12-23 03:25:17.975618,1,1,1,18,62
2025-12-23 03:25:20.887098,1,1,1,15,62
2025-12-23 03:25:23.694287,1,1,1,15,65
2025-12-23 03:25:27.553296,1,1,1,14,68
2025-12-23 03:25:30.493611,1,1,1,13,71
2025-12-23 03:25:33.273502,1,1,1,13,74
2025-12-23 03:25:37.083051,1,1,1,12,77
2025-12-23 03:25:40.994856,1,1,1,12,83
2025-12-23 03:25:43.903855,1,1,1,12,84
2025-12-23 03:25:46.713806,1,1,1,12,84
2025-12-23 03:25:49.574710,1,1,1,12,84
2025-12-23 03:25:53.433202,1,1,1,12,84
2025-12-23 03:25:56.742622,1,1,1,13,84
2025-12-23 03:26:00.103182,1,1,2,13,84
2025-12-23 03:26:03.012993,1,1,1,14,80
2025-12-23 03:26:05.922725,1,1,1,16,75
2025-12-23 03:26:08.733016,1,2,4,16,77
2025-12-23 03:26:12.547433,1,1,1,18,80
2025-12-23 03:26:16.403111,1,1,1,18,81
2025-12-23 03:26:19.763511,1,2,18,18,72
2025-12-23 03:26:22.573877,1,2,26,18,73
2025-12-23 03:26:26.483967,1,2,9,17,74
2025-12-23 03:26:29.349063,1,2,2,15,77
2025-12-23 03:26:32.203123,1,1,2,14,74
2025-12-23 03:26:35.514239,1,1,1,13,71
2025-12-23 03:26:38.924044,1,1,1,13,68
2025-12-23 03:26:41.734094,1,2,1,13,65
2025-12-23 03:26:45.643295,1,2,3,12,65
2025-12-23 03:26:48.501897,1,1,2,12,65
2025-12-23 03:26:51.315810,1,2,2,11,65
2025-12-23 03:26:55.624510,1,1,1,11,65
2025-12-23 03:26:58.493603,1,1,1,11,65
2025-12-23 03:27:01.354165,1,2,10,11,65
2025-12-23 03:27:04.204311,1,1,1,11,65
2025-12-23 03:27:07.067418,1,1,2,11,65
2025-12-23 03:27:10.426385,1,2,4,11,65
2025-12-23 03:27:14.186115,1,2,1,11,65
2025-12-23 03:27:17.996473,1,1,2,11,65
2025-12-23 03:27:21.305985,1,1,1,11,65
2025-12-23 03:27:25.123986,1,1,2,11,65
2025-12-23 03:27:29.477668,1,1,1,11,64
2025-12-23 03:27:32.785557,1,1,1,11,64
2025-12-23 03:27:37.099430,1,1,1,11,64
2025-12-23 03:27:40.513578,1,1,1,12,65
2025-12-23 03:27:43.370102,1,1,1,12,68
2025-12-23 03:27:46.175748,1,1,1,13,68
2025-12-23 03:27:49.087640,1,1,2,13,69
2025-12-23 03:27:52.397735,1,1,1,13,72
2025-12-23 03:27:55.216155,1,2,4,14,72
2025-12-23 03:27:58.069456,1,1,1,14,72
2025-12-23 03:28:01.979150,1,2,1,14,72
2025-12-23 03:28:04.789940,1,2,1,14,73
2025-12-23 03:28:07.650442,1,2,3,14,76
2025-12-23 03:28:11.511224,1,2,3,14,79
2025-12-23 03:28:15.219672,1,2,2,15,82
2025-12-23 03:28:18.087582,1,1,1,15,82
2025-12-23 03:28:20.990392,1,1,1,15,77
2025-12-23 03:28:23.799785,1,1,3,15,73
2025-12-23 03:28:27.714507,1,2,3,15,70
2025-12-23 03:28:30.572132,1,2,1,15,67
2025-12-23 03:28:34.035097,1,1,1,15,64
2025-12-23 03:28:37.391028,1,1,1,15,63
2025-12-23 03:28:40.207129,1,2,1,15,63
2025-12-23 03:28:43.116871,1,1,6,15,63
2025-12-23 03:28:46.474295,1,1,1,15,63
2025-12-23 03:28:50.230547,1,1,1,15,63
2025-12-23 03:28:53.642338,1,2,2,15,63
2025-12-23 03:28:56.551956,1,1,1,15,63
2025-12-23 03:28:59.414933,1,1,1,14,63
2025-12-23 03:29:02.223651,1,2,1,14,63
2025-12-23 03:29:06.080467,1,2,1,14,63
2025-12-23 03:29:09.393553,1,1,1,16,63
2025-12-23 03:29:13.248990,1,1,1,17,63
2025-12-23 03:29:16.110859,1,1,1,18,66
2025-12-23 03:29:21.123662,1,1,1,19,72
2025-12-23 03:29:24.035930,1,2,1,21,75
2025-12-23 03:29:26.842180,1,2,1,21,78
2025-12-23 03:29:31.152483,1,1,1,22,79
2025-12-23 03:29:35.018176,1,1,1,20,79
2025-12-23 03:29:37.824152,1,1,2,20,73
2025-12-23 03:29:40.685271,1,1,1,19,70
2025-12-23 03:29:44.593647,1,2,4,19,67
2025-12-23 03:29:47.454414,1,2,2,20,68
2025-12-23 03:29:50.263473,1,2,1,20,71
2025-12-23 03:29:53.171601,1,2,2,19,70
2025-12-23 03:29:56.582870,1,1,1,19,67
2025-12-23 03:29:59.442398,1,1,1,18,64
2025-12-23 03:30:02.304784,1,1,2,19,64
2025-12-23 03:30:06.112502,1,2,1,20,67
2025-12-23 03:30:09.424877,1,1,1,20,70
2025-12-23 03:30:13.283047,1,1,1,20,67
2025-12-23 03:30:16.146283,1,1,2,20,64
2025-12-23 03:30:20.057525,1,1,1,21,64
2025-12-23 03:30:22.866307,1,1,6,21,63
2025-12-23 03:30:25.774964,1,2,3,21,63
2025-12-23 03:30:29.594190,1,1,1,21,63
2025-12-23 03:30:32.453209,1,1,3,21,63
2025-12-23 03:30:35.258729,1,2,1,21,63
2025-12-23 03:30:39.167200,1,2,1,19,63
2025-12-23 03:30:42.079393,1,1,2,19,63
2025-12-23 03:30:44.888572,1,1,1,19,63
2025-12-23 03:30:48.698068,1,1,3,18,63
2025-12-23 03:30:51.607232,1,2,1,18,63
2025-12-23 03:30:54.415612,1,2,2,17,63
2025-12-23 03:30:58.329369,1,1,1,17,63
2025-12-23 03:31:01.186330,1,2,2,17,63
2025-12-23 03:31:04.550232,1,1,1,18,63
2025-12-23 03:31:08.308676,1,1,4,19,63
2025-12-23 03:31:12.768643,1,2,2,21,63
2025-12-23 03:31:15.629120,1,1,1,21,63
2025-12-23 03:31:18.438790,1,1,1,21,63
2025-12-23 03:31:23.251539,1,2,1,22,63
2025-12-23 03:31:27.113456,1,1,1,20,63
2025-12-23 03:31:32.122736,1,1,1,19,63
2025-12-23 03:31:35.487270,1,1,1,18,63
2025-12-23 03:31:38.297064,1,1,1,18,63
2025-12-23 03:31:42.154508,1,1,1,18,63
2025-12-23 03:31:45.464554,1,2,5,18,63
2025-12-23 03:31:49.825575,1,1,2,19,63
2025-12-23 03:31:54.137236,1,2,2,18,63
2025-12-23 03:31:57.448514,1,1,1,18,62
2025-12-23 03:32:01.807634,1,1,1,18,62
2025-12-23 03:32:05.616551,1,1,4,18,62
2025-12-23 03:32:08.928460,1,2,5,18,62
2025-12-23 03:32:12.746866,1,1,1,19,62
2025-12-23 03:32:15.648062,1,1,2,20,64
2025-12-23 03:32:18.458815,1,1,1,21,64
2025-12-23 03:32:22.365334,1,1,1,21,62
2025-12-23 03:32:25.230237,1,2,4,21,62
2025-12-23 03:32:28.597576,1,1,1,22,64
2025-12-23 03:32:32.349731,1,2,1,22,64
2025-12-23 03:32:35.260303,1,1,2,23,64
2025-12-23 03:32:38.716697,1,2,1,22,64
2025-12-23 03:32:42.130167,1,2,1,21,64
2025-12-23 03:32:44.938599,1,1,2,21,64
2025-12-23 03:32:49.249272,1,2,2,19,64
2025-12-23 03:32:52.609161,1,1,3,17,64
2025-12-23 03:32:55.921868,1,1,1,17,64
2025-12-23 03:32:58.779943,1,2,2,16,64
2025-12-23 03:33:02.692120,1,2,2,16,64
2025-12-23 03:33:05.550525,1,2,3,15,63
2025-12-23 03:33:08.408912,1,1,1,15,63
2025-12-23 03:33:12.220028,1,1,1,15,63
2025-12-23 03:33:15.141224,1,2,1,14,63
2025-12-23 03:33:17.941777,1,2,2,14,62
2025-12-23 03:33:21.803494,1,1,1,14,62
2025-12-23 03:33:24.713077,1,2,3,14,62
2025-12-23 03:33:27.522280,1,1,3,14,62
2025-12-23 03:33:31.332540,1,1,2,14,62
2025-12-23 03:33:34.240961,1,1,1,14,62
2025-12-23 03:33:38.161859,1,2,1,14,62
2025-12-23 03:33:40.962927,1,2,2,14,62
2025-12-23 03:33:43.827843,1,1,1,14,62
2025-12-23 03:33:47.683431,1,1,1,14,62
2025-12-23 03:33:50.592475,1,2,3,14,62
2025-12-23 03:33:53.414057,1,1,1,14,62
2025-12-23 03:33:57.264506,1,1,22,14,62
2025-12-23 03:34:00.173349,1,2,1,14,62
2025-12-23 03:34:02.999572,1,2,1,14,62
2025-12-23 03:34:06.793137,1,2,1,14,62
2025-12-23 03:34:10.253856,1,1,2,14,65
2025-12-23 03:34:14.720431,1,1,3,14,71
2025-12-23 03:34:17.579422,1,2,2,14,74
2025-12-23 03:34:20.439078,1,1,1,14,75
2025-12-23 03:34:24.253660,1,1,1,14,75
2025-12-23 03:34:27.560450,1,1,1,14,75
2025-12-23 03:34:31.625520,1,1,1,14,72
2025-12-23 03:34:34.430725,1,1,1,14,72
2025-12-23 03:34:37.299282,1,1,2,14,71
2025-12-23 03:34:40.652435,1,2,1,13,71
2025-12-23 03:34:44.412461,1,2,1,13,65
2025-12-23 03:34:48.274590,1,1,1,12,64
2025-12-23 03:34:52.181685,1,1,1,12,64
2025-12-23 03:34:54.992614,1,1,1,12,64
2025-12-23 03:34:57.901623,1,1,1,12,64
2025-12-23 03:35:00.762233,1,2,2,12,64
2025-12-23 03:35:03.570890,1,1,1,11,64
2025-12-23 03:35:07.381488,1,2,19,11,64
2025-12-23 03:35:10.293211,1,2,16,11,64
2025-12-23 03:35:14.201563,1,2,12,11,64
2025-12-23 03:35:17.011184,1,2,4,11,64
2025-12-23 03:35:19.872618,1,1,1,12,64
2025-12-23 03:35:23.734386,1,1,1,11,64
2025-12-23 03:35:26.643012,1,2,1,11,64
2025-12-23 03:35:29.402004,1,1,1,11,63
2025-12-23 03:35:33.313153,1,2,1,13,63
2025-12-23 03:35:36.236608,1,2,1,13,63
2025-12-23 03:35:40.134167,1,1,2,12,63
2025-12-23 03:35:42.893349,1,1,3,12,63
2025-12-23 03:35:45.804924,1,2,3,12,63
2025-12-23 03:35:50.228282,1,2,2,13,63
2025-12-23 03:35:53.028196,1,1,1,13,66
2025-12-23 03:35:55.885833,1,2,1,16,69
2025-12-23 03:35:59.748201,1,1,1,17,70
2025-12-23 03:36:03.058047,1,2,2,19,67
2025-12-23 03:36:05.919133,1,2,1,20,66
2025-12-23 03:36:09.277700,1,2,1,18,66
2025-12-23 03:36:12.588992,1,2,2,19,66
2025-12-23 03:36:16.448667,1,1,1,20,66
2025-12-23 03:36:19.359994,1,2,1,20,66
2025-12-23 03:36:22.720363,1,1,1,21,66
2025-12-23 03:36:26.081569,1,2,1,21,66
2025-12-23 03:36:28.938703,1,2,2,21,66
2025-12-23 03:36:32.254756,1,1,1,21,66
2025-12-23 03:36:35.061458,1,2,1,21,66
2025-12-23 03:36:37.971536,1,1,2,21,67
2025-12-23 03:36:42.331750,1,1,1,21,67
2025-12-23 03:36:45.641796,1,2,2,21,67
2025-12-23 03:36:48.452048,1,1,1,21,67
2025-12-23 03:36:51.362119,1,1,1,21,67
2025-12-23 03:36:54.278359,1,2,1,21,67
2025-12-23 03:36:57.082176,1,1,1,21,67
2025-12-23 03:37:00.991090,1,1,1,16,67
2025-12-23 03:37:04.408821,1,1,1,14,67
2025-12-23 03:37:08.812271,1,1,1,13,67
2025-12-23 03:37:11.673021,1,1,1,12,67
2025-12-23 03:37:14.481461,1,1,1,13,67
2025-12-23 03:37:18.341146,1,2,2,15,69
2025-12-23 03:37:21.651526,1,1,1,13,72
2025-12-23 03:37:24.459530,1,1,1,12,75
2025-12-23 03:37:27.370041,1,1,1,12,78
2025-12-23 03:37:30.280053,1,1,2,11,78
2025-12-23 03:37:33.088335,1,2,9,11,78
2025-12-23 03:37:36.897978,1,2,26,11,78
2025-12-23 03:37:40.758333,1,2,2,11,78
2025-12-23 03:37:44.267217,1,2,53,24,100
2025-12-23 03:37:47.074868,1,2,1,23,100
2025-12-23 03:37:49.940598,1,1,1,24,100
2025-12-23 03:37:53.795977,1,1,1,24,100
2025-12-23 03:37:57.109006,1,1,1,23,100
2025-12-23 03:38:00.914612,1,1,1,19,100
2025-12-23 03:38:05.829930,1,2,17,17,100
