Timestamp,Presence,Movement,MovingRange,BreathingRate,HeartRate
2025-12-24 00:13:41.898233,1,1,1,22,67
2025-12-24 00:13:45.375211,1,2,6,22,68
2025-12-24 00:13:48.713113,1,2,11,22,69
2025-12-24 00:13:51.622913,1,2,23,22,71
2025-12-24 00:13:55.002179,1,2,12,22,71
2025-12-24 00:13:58.749441,1,2,30,23,110
2025-12-24 00:14:02.601340,1,2,16,24,113
2025-12-24 00:14:05.512190,1,2,10,24,116
2025-12-24 00:14:08.323740,1,2,20,24,119
2025-12-24 00:14:12.182619,1,2,6,23,122
2025-12-24 00:14:15.090981,1,1,3,23,125
2025-12-24 00:14:17.898012,1,2,13,22,121
2025-12-24 00:14:21.709649,1,2,5,22,115
2025-12-24 00:14:24.673129,1,2,6,20,109
2025-12-24 00:14:29.085894,1,1,3,19,97
2025-12-24 00:14:31.945487,1,2,4,19,91
2025-12-24 00:14:34.748325,1,2,5,18,85
2025-12-24 00:14:38.609289,1,2,4,17,80
2025-12-24 00:14:41.921585,1,2,6,16,77
2025-12-24 00:14:45.378237,1,2,2,16,74
2025-12-24 00:14:48.237737,1,1,1,16,71
2025-12-24 00:14:51.098580,1,2,4,16,71
2025-12-24 00:14:53.908237,1,2,4,16,71
2025-12-24 00:14:58.218060,1,2,3,16,71
2025-12-24 00:15:02.076827,1,2,2,16,71
2025-12-24 00:15:04.994410,1,1,1,16,71
2025-12-24 00:15:07.796230,1,2,3,16,71
2025-12-24 00:15:11.656867,1,1,4,16,71
2025-12-24 00:15:14.569982,1,2,3,16,73
2025-12-24 00:15:17.380325,1,1,2,16,76
2025-12-24 00:15:21.686119,1,2,2,16,75
2025-12-24 00:15:25.143704,1,1,2,16,70
2025-12-24 00:15:28.565036,1,2,11,16,70
2025-12-24 00:15:31.365255,1,2,5,16,72
2025-12-24 00:15:34.275291,1,2,5,16,75
2025-12-24 00:15:38.089270,1,2,2,16,78
2025-12-24 00:15:41.396818,1,2,2,16,81
2025-12-24 00:15:44.752909,1,2,2,16,81
2025-12-24 00:15:47.663797,1,2,4,16,81
2025-12-24 00:15:50.660041,1,2,3,16,81
2025-12-24 00:15:53.427645,1,2,4,16,81
2025-12-24 00:15:57.199898,1,2,3,16,78
2025-12-24 00:16:01.052542,1,2,4,16,75
2025-12-24 00:16:04.808236,1,2,10,16,71
2025-12-24 00:16:08.621672,1,2,8,16,71
2025-12-24 00:16:11.928883,1,2,2,16,71
2025-12-24 00:16:15.737596,1,2,1,16,71
2025-12-24 00:16:19.602318,1,2,11,17,70
2025-12-24 00:16:22.409844,1,2,9,17,70
2025-12-24 00:16:25.769278,1,2,8,17,70
2025-12-24 00:16:29.683889,1,1,1,17,70
2025-12-24 00:16:32.588542,1,2,3,17,70
2025-12-24 00:16:35.397898,1,2,22,17,70
2025-12-24 00:16:39.209293,1,2,6,17,70
2025-12-24 00:16:43.106853,1,2,2,17,70
2025-12-24 00:16:46.826162,1,2,2,17,70
2025-12-24 00:16:49.685495,1,1,1,18,68
2025-12-24 00:16:52.602213,1,2,3,18,65
2025-12-24 00:16:55.410396,1,1,2,18,64
2025-12-24 00:16:58.314727,1,2,2,17,64
2025-12-24 00:17:02.125280,1,1,3,16,64
2025-12-24 00:17:05.036507,1,2,3,16,64
2025-12-24 00:17:07.799891,1,2,4,15,64
2025-12-24 00:17:11.708689,1,2,5,14,64
2025-12-24 00:17:14.617038,1,2,2,14,64
2025-12-24 00:17:17.429780,1,2,3,14,64
2025-12-24 00:17:21.235326,1,2,3,14,64
2025-12-24 00:17:24.194039,1,2,3,14,64
2025-12-24 00:17:28.605585,1,2,3,14,67
2025-12-24 00:17:31.413208,1,1,1,14,69
2025-12-24 00:17:34.273025,1,2,3,15,69
2025-12-24 00:17:38.132748,1,2,3,16,69
2025-12-24 00:17:41.443208,1,2,4,16,69
2025-12-24 00:17:45.751319,1,2,8,17,69
2025-12-24 00:17:50.111721,1,2,7,17,69
2025-12-24 00:17:53.420822,1,2,12,17,69
2025-12-24 00:17:57.230961,1,2,5,17,69
2025-12-24 00:18:01.089661,1,2,1,18,69
2025-12-24 00:18:04.854078,1,2,7,18,72
2025-12-24 00:18:08.723557,1,2,6,18,72
2025-12-24 00:18:11.619008,1,2,3,18,72
2025-12-24 00:18:14.432271,1,2,5,18,72
2025-12-24 00:18:18.288308,1,2,2,18,72
2025-12-24 00:18:21.197893,1,2,3,19,72
2025-12-24 00:18:24.010142,1,2,3,19,72
2025-12-24 00:18:27.823116,1,2,4,20,72
2025-12-24 00:18:30.733500,1,2,5,20,72
2025-12-24 00:18:34.637216,1,2,7,20,72
2025-12-24 00:18:37.457108,1,2,3,19,72
2025-12-24 00:18:40.307971,1,2,3,19,74
2025-12-24 00:18:44.165135,1,2,2,18,77
2025-12-24 00:18:47.485093,1,2,5,18,80
2025-12-24 00:18:50.947875,1,2,2,17,83
2025-12-24 00:18:53.744611,1,2,1,17,83
2025-12-24 00:18:56.655631,1,2,2,17,80
2025-12-24 00:18:59.465739,1,2,4,17,77
2025-12-24 00:19:03.277242,1,2,1,17,74
2025-12-24 00:19:07.134186,1,1,1,17,71
2025-12-24 00:19:11.094775,1,1,4,15,67
2025-12-24 00:19:13.854651,1,1,1,14,67
2025-12-24 00:19:17.766070,1,2,4,12,70
2025-12-24 00:19:20.674025,1,2,6,12,73
2025-12-24 00:19:23.482354,1,2,5,12,70
2025-12-24 00:19:27.292808,1,2,4,12,68
2025-12-24 00:19:30.751671,1,2,3,14,68
2025-12-24 00:19:34.670247,1,2,9,15,64
2025-12-24 00:19:37.467284,1,2,4,15,64
2025-12-24 00:19:40.327604,1,2,16,16,66
2025-12-24 00:19:44.186170,1,2,19,16,69
2025-12-24 00:19:47.496338,1,2,49,17,107
2025-12-24 00:19:51.810080,1,2,17,23,110
2025-12-24 00:19:56.167900,1,2,4,24,116
2025-12-24 00:19:59.475235,1,2,5,23,119
2025-12-24 00:20:03.287099,1,2,3,23,122
2025-12-24 00:20:07.144249,1,2,21,22,122
2025-12-24 00:20:10.905663,1,2,2,21,110
2025-12-24 00:20:14.763340,1,2,6,20,104
2025-12-24 00:20:18.247275,1,2,3,20,98
2025-12-24 00:20:21.039956,1,2,3,20,92
2025-12-24 00:20:24.944611,1,2,2,19,86
2025-12-24 00:20:27.811442,1,2,2,18,82
2025-12-24 00:20:31.718124,1,2,1,17,76
2025-12-24 00:20:34.531058,1,2,4,17,74
2025-12-24 00:20:37.334923,1,2,5,17,74
2025-12-24 00:20:41.275783,1,2,4,17,74
2025-12-24 00:20:44.103898,1,1,3,17,74
2025-12-24 00:20:46.972157,1,1,1,17,74
2025-12-24 00:20:50.775154,1,2,3,17,74
2025-12-24 00:20:54.635863,1,2,1,17,71
2025-12-24 00:20:57.950022,1,2,2,17,68
2025-12-24 00:21:00.816144,1,1,1,17,66
2025-12-24 00:21:04.715534,1,1,1,17,66
2025-12-24 00:21:07.525274,1,1,1,17,66
2025-12-24 00:21:10.396362,1,1,1,17,66
2025-12-24 00:21:13.295029,1,2,4,17,66
2025-12-24 00:21:16.708976,1,1,7,18,66
2025-12-24 00:21:19.522689,1,2,7,18,66
2025-12-24 00:21:22.377123,1,1,2,18,68
2025-12-24 00:21:26.234336,1,1,1,18,71
2025-12-24 00:21:29.544481,1,1,1,18,70
2025-12-24 00:21:32.954686,1,1,1,18,67
2025-12-24 00:21:36.267643,1,1,1,18,65
2025-12-24 00:21:39.075073,1,1,1,17,65
2025-12-24 00:21:42.934012,1,1,1,17,68
2025-12-24 00:21:45.845701,1,2,1,16,71
2025-12-24 00:21:49.205100,1,1,1,16,72
2025-12-24 00:21:52.915482,1,1,2,16,66
2025-12-24 00:21:56.776222,1,1,2,16,66
2025-12-24 00:22:00.084162,1,1,1,16,66
2025-12-24 00:22:04.445557,1,2,2,16,68
2025-12-24 00:22:08.257202,1,2,4,16,68
2025-12-24 00:22:11.564786,1,2,2,16,68
2025-12-24 00:22:14.983624,1,2,2,16,67
2025-12-24 00:22:18.282568,1,2,5,15,64
2025-12-24 00:22:21.092128,1,2,3,15,62
2025-12-24 00:22:26.415574,1,2,2,15,62
2025-12-24 00:22:29.316301,1,1,1,15,62
2025-12-24 00:22:32.179439,1,2,3,15,62
2025-12-24 00:22:34.984735,1,2,2,15,64
2025-12-24 00:22:38.795987,1,2,4,16,67
2025-12-24 00:22:42.102123,1,2,1,16,65
2025-12-24 00:22:45.913505,1,1,7,16,62
2025-12-24 00:22:49.775387,1,1,1,16,66
2025-12-24 00:22:52.585445,1,1,1,16,69
2025-12-24 00:22:55.407795,1,1,1,16,66
2025-12-24 00:22:59.303348,1,2,2,16,64
2025-12-24 00:23:02.168153,1,2,31,16,64
2025-12-24 00:23:04.975870,1,2,4,16,64
2025-12-24 00:23:08.839920,1,2,4,16,64
2025-12-24 00:23:12.196260,1,1,4,16,64
2025-12-24 00:23:15.010960,1,1,1,16,67
2025-12-24 00:23:17.872182,1,2,2,16,70
2025-12-24 00:23:20.781326,1,2,5,15,71
2025-12-24 00:23:23.585874,1,2,9,15,71
2025-12-24 00:23:27.890613,1,2,2,15,71
2025-12-24 00:23:31.251779,1,2,1,14,71
2025-12-24 00:23:34.763431,1,2,2,14,71
2025-12-24 00:23:37.570986,1,1,4,14,71
2025-12-24 00:23:40.433166,1,1,1,14,71
2025-12-24 00:23:44.290281,1,1,1,14,68
2025-12-24 00:23:47.603077,1,2,1,14,65
2025-12-24 00:23:51.913463,1,1,1,14,65
2025-12-24 00:23:56.272616,1,2,1,14,65
2025-12-24 00:23:59.581567,1,2,3,14,65
2025-12-24 00:24:03.389096,1,2,3,14,65
2025-12-24 00:24:07.253587,1,2,5,13,65
2025-12-24 00:24:11.061538,1,2,1,13,65
2025-12-24 00:24:14.379399,1,2,8,13,65
2025-12-24 00:24:17.787442,1,2,3,14,65
2025-12-24 00:24:20.591838,1,1,1,14,65
2025-12-24 00:24:24.449990,1,1,1,15,65
2025-12-24 00:24:27.366072,1,2,1,16,65
2025-12-24 00:24:30.172409,1,2,2,16,65
2025-12-24 00:24:34.633493,1,1,1,17,70
2025-12-24 00:24:37.894443,1,1,1,17,73
2025-12-24 00:24:40.819626,1,1,1,17,76
2025-12-24 00:24:43.609769,1,2,2,17,79
2025-12-24 00:24:46.471080,1,1,1,17,82
2025-12-24 00:24:50.328945,1,1,1,17,84
2025-12-24 00:24:55.395527,1,1,2,17,80
2025-12-24 00:24:58.806386,1,2,2,17,75
2025-12-24 00:25:01.620318,1,1,1,18,73
2025-12-24 00:25:04.520124,1,2,3,18,75
2025-12-24 00:25:08.330602,1,1,2,18,78
2025-12-24 00:25:11.640164,1,1,2,17,81
2025-12-24 00:25:14.999854,1,1,1,16,82
2025-12-24 00:25:17.911997,1,1,1,14,77
2025-12-24 00:25:20.827867,1,2,1,14,71
2025-12-24 00:25:23.630341,1,2,3,14,68
2025-12-24 00:25:27.442729,1,2,2,14,65
2025-12-24 00:25:31.302046,1,2,8,14,64
2025-12-24 00:25:34.664969,1,1,1,14,64
2025-12-24 00:25:38.021485,1,1,2,14,64
2025-12-24 00:25:41.932869,1,2,1,14,64
2025-12-24 00:25:44.844364,1,2,5,14,63
2025-12-24 00:25:47.660195,1,1,2,14,63
2025-12-24 00:25:51.963758,1,2,2,15,63
2025-12-24 00:25:56.374761,1,1,2,16,67
2025-12-24 00:26:00.833819,1,1,1,17,68
2025-12-24 00:26:03.649640,1,1,2,17,68
2025-12-24 00:26:06.553489,1,1,1,17,68
2025-12-24 00:26:09.421940,1,2,5,17,68
2025-12-24 00:26:12.272337,1,1,1,17,66
2025-12-24 00:26:15.035591,1,2,2,17,65
2025-12-24 00:26:17.949577,1,2,1,17,65
2025-12-24 00:26:20.854052,1,2,3,17,65
2025-12-24 00:26:23.671635,1,2,2,17,65
2025-12-24 00:26:27.474206,1,1,1,17,65
2025-12-24 00:26:30.933721,1,2,2,17,65
2025-12-24 00:26:34.845019,1,2,4,17,65
2025-12-24 00:26:37.656649,1,1,3,17,65
2025-12-24 00:26:40.563391,1,2,3,17,65
2025-12-24 00:26:44.376319,1,1,1,16,65
2025-12-24 00:26:47.683701,1,2,1,15,65
2025-12-24 00:26:51.093110,1,2,1,15,65
2025-12-24 00:26:53.955114,1,2,5,14,65
2025-12-24 00:26:56.863543,1,2,1,15,65
2025-12-24 00:26:59.722426,1,2,6,16,65
2025-12-24 00:27:02.531322,1,1,2,16,65
2025-12-24 00:27:05.447403,1,1,1,16,65
2025-12-24 00:27:09.257261,1,1,1,15,67
2025-12-24 00:27:12.661941,1,2,1,15,70
2025-12-24 00:27:15.525224,1,2,1,15,73
2025-12-24 00:27:18.430779,1,2,2,15,76
2025-12-24 00:27:21.241088,1,2,4,15,76
2025-12-24 00:27:25.152038,1,1,2,15,76
2025-12-24 00:27:27.960911,1,1,1,15,76
2025-12-24 00:27:31.323110,1,1,1,15,76
2025-12-24 00:27:35.082150,1,2,1,15,76
2025-12-24 00:27:38.941036,1,1,1,15,76
2025-12-24 00:27:42.249993,1,1,2,15,76
2025-12-24 00:27:46.061987,1,1,2,16,76
2025-12-24 00:27:48.976653,1,1,1,15,76
2025-12-24 00:27:52.882498,1,2,1,15,76
2025-12-24 00:27:55.694519,1,2,2,15,76
2025-12-24 00:27:58.552567,1,2,4,14,76
2025-12-24 00:28:02.409718,1,2,1,14,79
2025-12-24 00:28:05.720334,1,2,1,14,79
2025-12-24 00:28:08.578501,1,2,2,14,79
2025-12-24 00:28:11.945520,1,2,4,14,79
2025-12-24 00:28:15.252799,1,1,2,14,79
2025-12-24 00:28:19.159372,1,1,1,14,79
2025-12-24 00:28:22.032431,1,1,1,14,79
2025-12-24 00:28:25.382443,1,2,3,14,79
2025-12-24 00:28:28.890518,1,2,6,14,79
2025-12-24 00:28:31.698987,1,1,2,14,79
2025-12-24 00:28:34.608247,1,2,1,14,79
2025-12-24 00:28:38.419027,1,2,4,14,79
2025-12-24 00:28:41.728976,1,1,3,14,79
2025-12-24 00:28:45.537895,1,1,3,14,79
2025-12-24 00:28:48.449218,1,1,1,14,79
2025-12-24 00:28:51.269038,1,1,1,14,79
2025-12-24 00:28:55.168067,1,1,1,15,81
2025-12-24 00:28:58.028515,1,2,1,15,84
2025-12-24 00:29:01.397764,1,1,2,15,87
2025-12-24 00:29:06.148870,1,1,2,15,89
2025-12-24 00:29:09.009394,1,1,2,14,89
2025-12-24 00:29:11.922844,1,2,1,14,89
2025-12-24 00:29:14.730001,1,1,2,14,83
2025-12-24 00:29:18.589261,1,2,1,14,77
2025-12-24 00:29:21.498925,1,1,1,14,71
2025-12-24 00:29:25.911867,1,1,4,14,76
2025-12-24 00:29:29.221256,1,2,2,14,76
2025-12-24 00:29:32.029332,1,2,3,14,76
2025-12-24 00:29:34.942050,1,2,5,14,76
2025-12-24 00:29:37.751828,1,1,2,14,77
2025-12-24 00:29:40.662094,1,2,3,14,77
2025-12-24 00:29:44.969255,1,1,1,14,77
2025-12-24 00:29:48.279532,1,1,1,14,77
2025-12-24 00:29:52.590810,1,2,1,14,77
2025-12-24 00:29:56.458567,1,2,3,14,77
2025-12-24 00:29:59.761952,1,2,1,14,77
2025-12-24 00:30:03.570503,1,1,1,14,77
2025-12-24 00:30:06.480211,1,1,1,14,77
2025-12-24 00:30:09.287814,1,1,1,14,78
2025-12-24 00:30:14.653746,1,1,1,14,79
2025-12-24 00:30:17.508968,1,1,1,14,79
2025-12-24 00:30:20.370332,1,2,1,14,79
2025-12-24 00:30:23.179252,1,2,5,14,79
2025-12-24 00:30:26.046226,1,1,3,14,79
2025-12-24 00:30:29.948840,1,1,1,14,79
2025-12-24 00:30:32.783634,1,2,1,14,78
2025-12-24 00:30:36.619041,1,2,7,14,75
2025-12-24 00:30:39.534268,1,1,1,14,72
2025-12-24 00:30:42.337900,1,1,1,14,71
2025-12-24 00:30:45.198395,1,2,2,14,71
2025-12-24 00:30:48.057592,1,2,1,14,72
2025-12-24 00:30:50.965470,1,2,2,14,74
2025-12-24 00:30:53.784099,1,1,5,14,74
2025-12-24 00:30:57.585962,1,2,1,14,74
2025-12-24 00:31:01.445847,1,2,1,14,74
2025-12-24 00:31:04.954496,1,2,2,14,72
2025-12-24 00:31:07.766965,1,1,2,14,71
2025-12-24 00:31:10.631285,1,2,2,14,71
2025-12-24 00:31:14.485642,1,2,5,14,71
2025-12-24 00:31:17.805765,1,2,1,14,71
2025-12-24 00:31:21.604858,1,2,4,14,71
2025-12-24 00:31:24.518077,1,1,1,14,71
2025-12-24 00:31:27.334290,1,1,1,14,71
2025-12-24 00:31:32.156814,1,1,2,14,71
2025-12-24 00:31:35.546045,1,1,1,14,71
2025-12-24 00:31:38.410711,1,1,1,14,71
2025-12-24 00:31:41.264811,1,1,1,14,71
2025-12-24 00:31:44.124937,1,2,1,14,71
2025-12-24 00:31:47.990515,1,1,1,14,71
2025-12-24 00:31:50.795158,1,2,2,14,71
2025-12-24 00:31:54.705009,1,1,2,14,71
2025-12-24 00:31:58.014303,1,1,1,14,71
2025-12-24 00:32:00.822760,1,2,1,14,71
2025-12-24 00:32:03.680996,1,1,2,14,71
2025-12-24 00:32:06.547878,1,2,1,14,71
2025-12-24 00:32:09.349179,1,2,4,14,71
2025-12-24 00:32:14.161450,1,1,3,14,71
2025-12-24 00:32:17.572703,1,1,3,14,71
2025-12-24 00:32:20.432937,1,2,1,14,71
2025-12-24 00:32:23.193479,1,1,1,14,70
2025-12-24 00:32:27.055215,1,1,1,14,67
2025-12-24 00:32:30.364083,1,1,1,14,65
2025-12-24 00:32:34.674244,1,1,1,14,65
2025-12-24 00:32:38.533552,1,2,1,13,65
2025-12-24 00:32:41.846091,1,1,1,13,65
2025-12-24 00:32:45.204288,1,2,5,14,65
2025-12-24 00:32:48.116440,1,2,1,14,65
2025-12-24 00:32:51.025037,1,1,8,15,65
2025-12-24 00:32:53.834255,1,2,8,15,65
2025-12-24 00:32:57.647021,1,2,17,16,65
2025-12-24 00:33:00.553276,1,2,8,16,65
2025-12-24 00:33:03.362524,1,2,5,16,65
2025-12-24 00:33:08.176815,1,2,3,15,65
2025-12-24 00:33:11.583582,1,1,8,16,65
2025-12-24 00:33:14.446090,1,2,7,18,65
2025-12-24 00:33:17.304899,1,1,1,19,65
2025-12-24 00:33:20.112145,1,2,2,17,65
2025-12-24 00:33:23.023309,1,2,3,16,65
2025-12-24 00:33:25.842758,1,1,2,16,67
2025-12-24 00:33:28.694112,1,2,8,15,70
2025-12-24 00:33:32.552960,1,1,1,15,73
2025-12-24 00:33:35.863941,1,2,5,14,76
2025-12-24 00:33:38.673905,1,2,1,14,77
2025-12-24 00:33:41.581956,1,2,2,14,74
2025-12-24 00:33:44.447634,1,2,9,14,73
2025-12-24 00:33:47.299642,1,2,8,14,73
2025-12-24 00:33:51.109811,1,2,4,14,75
2025-12-24 00:33:54.418457,1,2,9,14,76
2025-12-24 00:33:57.231020,1,1,12,16,76
2025-12-24 00:34:00.147460,1,1,3,16,76
2025-12-24 00:34:03.048257,1,2,1,15,76
2025-12-24 00:34:05.859392,1,2,8,15,76
2025-12-24 00:34:09.670779,1,2,10,14,76
2025-12-24 00:34:13.526532,1,2,1,14,76
2025-12-24 00:34:17.236120,1,1,1,14,76
2025-12-24 00:34:21.097434,1,2,2,14,76
2025-12-24 00:34:24.962068,1,2,1,14,76
2025-12-24 00:34:27.720217,1,2,5,14,76
2025-12-24 00:34:30.627392,1,2,2,14,76
2025-12-24 00:34:33.436523,1,2,14,14,76
2025-12-24 00:34:36.850178,1,2,9,14,76
2025-12-24 00:34:39.715694,1,1,1,14,78
2025-12-24 00:34:42.615482,1,2,2,14,81
2025-12-24 00:34:45.427761,1,2,12,14,83
2025-12-24 00:34:49.284299,1,2,6,14,83
2025-12-24 00:34:52.205253,1,2,6,14,83
2025-12-24 00:34:56.263369,1,2,3,16,83
2025-12-24 00:34:59.074410,1,2,3,17,83
2025-12-24 00:35:01.885290,1,2,1,18,83
2025-12-24 00:35:04.736119,1,2,8,19,83
2025-12-24 00:35:08.595895,1,2,6,20,85
2025-12-24 00:35:11.903940,1,1,1,21,88
2025-12-24 00:35:14.767086,1,1,1,22,91
2025-12-24 00:35:17.623051,1,2,15,22,91
2025-12-24 00:35:20.482775,1,2,8,23,88
2025-12-24 00:35:23.342761,1,2,1,23,86
2025-12-24 00:35:27.152100,1,2,9,23,86
2025-12-24 00:35:30.463298,1,2,6,24,86
2025-12-24 00:35:33.272159,1,1,6,24,86
2025-12-24 00:35:36.182249,1,2,1,24,86
2025-12-24 00:35:39.138235,1,2,4,25,86
2025-12-24 00:35:41.907632,1,2,7,25,86
2025-12-24 00:35:45.709021,1,2,9,20,86
2025-12-24 00:35:49.570280,1,2,18,18,85
2025-12-24 00:35:52.879400,1,2,11,18,79
2025-12-24 00:35:55.750255,1,1,1,18,77
2025-12-24 00:35:59.647365,1,2,2,20,80
2025-12-24 00:36:02.506461,1,2,11,21,82
2025-12-24 00:36:05.320535,1,1,5,22,82
2025-12-24 00:36:09.176352,1,2,1,21,82
2025-12-24 00:36:12.144247,1,2,3,17,82
2025-12-24 00:36:15.443343,1,2,13,15,79
2025-12-24 00:36:19.307129,1,2,12,14,78
2025-12-24 00:36:22.224172,1,2,14,14,78
2025-12-24 00:36:25.583566,1,2,1,14,78
2025-12-24 00:36:29.385171,1,2,1,14,79
2025-12-24 00:36:33.943707,1,2,5,14,79
2025-12-24 00:36:36.803004,1,2,5,14,79
2025-12-24 00:36:39.669697,1,2,9,14,79
2025-12-24 00:36:42.472996,1,2,1,14,79
2025-12-24 00:36:46.782398,1,2,10,14,79
2025-12-24 00:36:50.643822,1,2,4,14,79
2025-12-24 00:36:53.951247,1,2,17,14,79
2025-12-24 00:36:56.784507,1,2,4,14,77
2025-12-24 00:36:59.671949,1,2,2,14,77
2025-12-24 00:37:02.530491,1,2,6,14,77
2025-12-24 00:37:05.340066,1,2,6,14,77
2025-12-24 00:37:09.203473,1,2,6,14,77
2025-12-24 00:37:12.558904,1,2,1,14,76
2025-12-24 00:37:15.367445,1,2,6,14,75
2025-12-24 00:37:18.229565,1,2,10,14,75
2025-12-24 00:37:21.140276,1,2,3,14,75
2025-12-24 00:37:23.948292,1,2,8,14,75
2025-12-24 00:37:27.759417,1,1,7,14,73
2025-12-24 00:37:31.167359,1,1,2,14,70
2025-12-24 00:37:34.529359,1,2,1,14,70
2025-12-24 00:37:37.337997,1,2,15,14,70
2025-12-24 00:37:40.248073,1,2,4,14,70
2025-12-24 00:37:43.607667,1,2,2,14,71
2025-12-24 00:37:47.374081,1,2,11,14,77
2025-12-24 00:37:50.328418,1,2,17,14,80
2025-12-24 00:37:54.235957,1,1,5,14,83
2025-12-24 00:37:57.146938,1,1,4,14,84
2025-12-24 00:37:59.956814,1,2,1,14,84
2025-12-24 00:38:04.270520,1,2,12,14,84
2025-12-24 00:38:07.639062,1,2,10,14,84
2025-12-24 00:38:11.602616,1,1,9,14,84
2025-12-24 00:38:14.397755,1,2,1,14,84
2025-12-24 00:38:18.258650,1,2,1,14,84
2025-12-24 00:38:21.166511,1,2,12,14,84
2025-12-24 00:38:23.974594,1,1,5,14,84
2025-12-24 00:38:28.290419,1,2,2,14,84
2025-12-24 00:38:31.200565,1,2,2,14,84
2025-12-24 00:38:34.552596,1,2,14,14,86
2025-12-24 00:38:37.367701,1,1,8,14,86
2025-12-24 00:38:40.276104,1,1,1,14,86
2025-12-24 00:38:43.633264,1,2,3,14,86
2025-12-24 00:38:47.391944,1,2,3,14,88
2025-12-24 00:38:51.253011,1,2,8,14,88
2025-12-24 00:38:54.659697,1,2,2,14,88
2025-12-24 00:38:57.971109,1,2,12,14,88
2025-12-24 00:39:00.832430,1,2,4,15,88
2025-12-24 00:39:03.742317,1,1,1,15,88
2025-12-24 00:39:06.554941,1,2,12,15,88
2025-12-24 00:39:10.360347,1,2,8,15,86
2025-12-24 00:39:13.272131,1,1,1,15,83
2025-12-24 00:39:17.181202,1,2,1,15,78
2025-12-24 00:39:19.988688,1,2,6,15,81
2025-12-24 00:39:22.858896,1,2,12,14,84
2025-12-24 00:39:26.719022,1,1,3,14,84
2025-12-24 00:39:29.618215,1,2,2,14,84
2025-12-24 00:39:32.378376,1,2,6,14,84
2025-12-24 00:39:36.289514,1,2,9,14,84
2025-12-24 00:39:39.197967,1,2,3,14,84
2025-12-24 00:39:42.014694,1,2,10,14,84
2025-12-24 00:39:45.821034,1,1,9,14,84
2025-12-24 00:39:49.677598,1,1,7,15,84
2025-12-24 00:39:53.238334,1,1,3,16,85
2025-12-24 00:39:56.602114,1,2,2,18,88
2025-12-24 00:39:59.419187,1,2,12,19,91
2025-12-24 00:40:03.269387,1,2,12,20,94
2025-12-24 00:40:06.576852,1,2,9,18,97
2025-12-24 00:40:10.386589,1,1,4,17,98
2025-12-24 00:40:13.309573,1,2,2,16,95
2025-12-24 00:40:17.213256,1,2,2,15,85
2025-12-24 00:40:20.016801,1,2,6,15,79
2025-12-24 00:40:22.927813,1,2,10,14,74
2025-12-24 00:40:26.738174,1,2,1,14,71
2025-12-24 00:40:30.750490,1,1,5,14,68
2025-12-24 00:40:33.566498,1,2,1,14,65
2025-12-24 00:40:37.468390,1,2,8,14,64
2025-12-24 00:40:40.328594,1,2,10,14,64
2025-12-24 00:40:43.696214,1,1,7,14,64
2025-12-24 00:40:47.446907,1,1,4,14,63
2025-12-24 00:40:50.957042,1,2,4,14,62
2025-12-24 00:40:54.225366,1,2,6,14,62
2025-12-24 00:40:57.083199,1,2,7,14,62
2025-12-24 00:41:00.885886,1,2,5,14,62
2025-12-24 00:41:03.800923,1,2,1,14,62
2025-12-24 00:41:06.624649,1,2,18,14,62
2025-12-24 00:41:10.062218,1,2,2,14,62
2025-12-24 00:41:12.874269,1,2,1,14,62
2025-12-24 00:41:15.782387,1,2,3,14,62
2025-12-24 00:41:18.591473,1,2,13,14,62
2025-12-24 00:41:22.401597,1,1,9,14,62
2025-12-24 00:41:26.761533,1,1,1,14,62
2025-12-24 00:41:30.071714,1,1,9,14,62
2025-12-24 00:41:32.882171,1,1,1,14,62
2025-12-24 00:41:35.788838,1,2,2,14,62
2025-12-24 00:41:38.659811,1,2,7,14,62
2025-12-24 00:41:41.461614,1,2,4,14,62
2025-12-24 00:41:45.321073,1,2,9,14,62
2025-12-24 00:41:48.629616,1,2,3,14,62
2025-12-24 00:41:51.439331,1,1,9,14,62
2025-12-24 00:41:54.357577,1,1,1,14,62
2025-12-24 00:41:57.256879,1,2,1,14,62
2025-12-24 00:42:00.068062,1,2,7,14,62
2025-12-24 00:42:03.875970,1,2,7,14,62
2025-12-24 00:42:07.739059,1,2,7,14,62
2025-12-24 00:42:11.246024,1,1,3,14,62
2025-12-24 00:42:14.059022,1,2,6,14,63
2025-12-24 00:42:16.965177,1,2,11,14,63
2025-12-24 00:42:20.779855,1,1,3,14,63
2025-12-24 00:42:24.094973,1,1,9,14,63
2025-12-24 00:42:28.394664,1,2,2,14,63
2025-12-24 00:42:32.754026,1,2,3,14,63
2025-12-24 00:42:36.063860,1,2,2,14,63
2025-12-24 00:42:39.876720,1,2,6,14,63
2025-12-24 00:42:43.734904,1,2,9,14,62
2025-12-24 00:42:46.493841,1,1,10,14,62
2025-12-24 00:42:49.405736,1,1,1,14,62
2025-12-24 00:42:52.814420,1,2,1,14,62
2025-12-24 00:42:55.688911,1,2,10,14,62
2025-12-24 00:42:58.538517,1,1,4,14,62
2025-12-24 00:43:01.394764,1,2,2,14,62
2025-12-24 00:43:05.303808,1,2,7,14,62
2025-12-24 00:43:08.115494,1,2,10,14,62
2025-12-24 00:43:10.961803,1,2,6,14,62
2025-12-24 00:43:14.784942,1,1,5,14,62
2025-12-24 00:43:18.092029,1,1,1,14,62
2025-12-24 00:43:21.903111,1,2,2,14,62
2025-12-24 00:43:25.765127,1,2,5,14,62
2025-12-24 00:43:29.521052,1,2,9,14,62
2025-12-24 00:43:32.385409,1,1,5,14,62
2025-12-24 00:43:35.291865,1,2,1,14,62
2025-12-24 00:43:38.097594,1,2,8,14,62
2025-12-24 00:43:40.962949,1,2,9,14,62
2025-12-24 00:43:44.819083,1,2,8,14,62
2025-12-24 00:43:48.131414,1,2,10,14,62
2025-12-24 00:43:50.947610,1,2,9,14,62
2025-12-24 00:43:53.852151,1,1,1,14,62
2025-12-24 00:43:56.725657,1,2,4,14,62
2025-12-24 00:43:59.570984,1,2,4,14,63
2025-12-24 00:44:03.379724,1,2,4,14,63
2025-12-24 00:44:07.791715,1,2,1,14,63
2025-12-24 00:44:10.708767,1,1,8,14,63
2025-12-24 00:44:13.563943,1,2,2,14,63
2025-12-24 00:44:16.417641,1,2,7,14,63
2025-12-24 00:44:19.780687,1,1,2,14,63
2025-12-24 00:44:23.540094,1,1,2,14,63
2025-12-24 00:44:26.449997,1,2,4,14,63
2025-12-24 00:44:29.858873,1,2,12,14,63
2025-12-24 00:44:32.718037,1,2,7,14,63
2025-12-24 00:44:35.582271,1,2,1,14,63
2025-12-24 00:44:39.391348,1,2,3,14,63
2025-12-24 00:44:42.710793,1,2,1,14,62
2025-12-24 00:44:46.516493,1,2,4,14,62
2025-12-24 00:44:49.418419,1,2,13,14,62
2025-12-24 00:44:53.331082,1,2,9,14,62
2025-12-24 00:44:56.147639,1,2,1,14,62
2025-12-24 00:44:59.055863,1,2,3,14,62
2025-12-24 00:45:02.867387,1,1,1,14,62
2025-12-24 00:45:06.324082,1,1,3,14,62
2025-12-24 00:45:09.145741,1,2,1,14,62
2025-12-24 00:45:13.037617,1,2,12,14,62
2025-12-24 00:45:15.904487,1,2,9,14,62
2025-12-24 00:45:18.705654,1,2,1,14,62
2025-12-24 00:45:22.516968,1,2,8,14,62
2025-12-24 00:45:25.426850,1,2,1,14,62
2025-12-24 00:45:29.335494,1,2,14,14,62
2025-12-24 00:45:32.144534,1,2,3,14,63
2025-12-24 00:45:35.011932,1,2,2,14,66
2025-12-24 00:45:38.865112,1,2,9,14,69
2025-12-24 00:45:42.183829,1,2,14,14,72
2025-12-24 00:45:45.586995,1,2,12,14,75
2025-12-24 00:45:48.899809,1,2,7,14,78
2025-12-24 00:45:51.703743,1,1,1,14,81
2025-12-24 00:45:55.629412,1,2,2,14,84
2025-12-24 00:45:58.474155,1,2,15,14,84
2025-12-24 00:46:01.834540,1,2,2,14,84
2025-12-24 00:46:05.192614,1,2,8,14,84
2025-12-24 00:46:08.001904,1,2,12,14,85
2025-12-24 00:46:11.915010,1,2,15,14,88
2025-12-24 00:46:14.772512,1,2,11,14,90
2025-12-24 00:46:17.583219,1,1,7,14,90
2025-12-24 00:46:21.441138,1,2,1,14,90
2025-12-24 00:46:24.750898,1,2,1,14,90
2025-12-24 00:46:27.562798,1,2,15,14,90
2025-12-24 00:46:30.476064,1,1,7,14,90
2025-12-24 00:46:33.386677,1,2,4,14,90
2025-12-24 00:46:36.197057,1,2,4,14,90
2025-12-24 00:46:40.002012,1,2,5,14,90
2025-12-24 00:46:42.911489,1,2,10,14,90
2025-12-24 00:46:45.722177,1,1,1,14,86
2025-12-24 00:46:49.643634,1,2,1,14,80
2025-12-24 00:46:52.492811,1,2,4,14,74
2025-12-24 00:46:55.857348,1,2,5,14,71
2025-12-24 00:46:59.609687,1,2,2,14,77
2025-12-24 00:47:03.419771,1,2,3,14,75
2025-12-24 00:47:06.729005,1,2,2,14,72
2025-12-24 00:47:11.091644,1,2,2,14,72
2025-12-24 00:47:14.903174,1,2,8,14,75
2025-12-24 00:47:18.209135,1,2,7,14,78
2025-12-24 00:47:22.519427,1,2,11,14,81
2025-12-24 00:47:27.584370,1,1,8,14,82
2025-12-24 00:47:30.492618,1,2,5,14,82
2025-12-24 00:47:33.400976,1,1,4,14,82
2025-12-24 00:47:36.216580,1,2,1,14,82
2025-12-24 00:47:40.521642,1,2,1,14,82
2025-12-24 00:47:43.881280,1,2,4,14,82
2025-12-24 00:47:47.390552,1,2,11,14,82
2025-12-24 00:47:50.202489,1,1,7,14,82
2025-12-24 00:47:53.060316,1,2,6,14,82
2025-12-24 00:47:56.922765,1,2,8,14,78
2025-12-24 00:48:00.229621,1,2,6,14,72
2025-12-24 00:48:04.039062,1,1,6,14,69
2025-12-24 00:48:06.949264,1,2,5,14,66
2025-12-24 00:48:09.764069,1,2,2,14,63
2025-12-24 00:48:14.569919,1,2,7,14,62
2025-12-24 00:48:17.981023,1,2,4,14,62
2025-12-24 00:48:20.838706,1,2,2,14,62
2025-12-24 00:48:23.649591,1,2,4,14,62
2025-12-24 00:48:27.459626,1,2,1,14,62
2025-12-24 00:48:30.768084,1,2,1,14,62
2025-12-24 00:48:34.579056,1,2,1,14,62
2025-12-24 00:48:38.439643,1,2,3,14,62
2025-12-24 00:48:41.248818,1,2,5,14,62
2025-12-24 00:48:44.107216,1,2,1,14,62
2025-12-24 00:48:47.967209,1,2,7,14,62
2025-12-24 00:48:50.828654,1,2,15,14,62
2025-12-24 00:48:53.635442,1,1,2,14,63
2025-12-24 00:48:57.494320,1,2,3,14,66
2025-12-24 00:49:00.804700,1,2,11,14,69
2025-12-24 00:49:05.167141,1,2,3,14,75
2025-12-24 00:49:09.476242,1,2,5,14,78
2025-12-24 00:49:12.787468,1,2,5,14,81
2025-12-24 00:49:16.596068,1,2,6,14,82
2025-12-24 00:49:20.959051,1,2,11,14,82
2025-12-24 00:49:24.264734,1,2,5,14,82
2025-12-24 00:49:28.083272,1,2,2,14,82
2025-12-24 00:49:30.983700,1,1,6,14,82
2025-12-24 00:49:33.794331,1,2,9,14,82
2025-12-24 00:49:37.702982,1,2,6,14,82
2025-12-24 00:49:40.567422,1,1,8,14,82
2025-12-24 00:49:43.925426,1,1,1,14,82
2025-12-24 00:49:47.734920,1,2,1,14,82
2025-12-24 00:49:50.546919,1,2,5,14,82
2025-12-24 00:49:53.460202,1,1,9,14,82
2025-12-24 00:49:56.262462,1,2,3,14,82
2025-12-24 00:49:59.176149,1,2,15,14,82
2025-12-24 00:50:02.982670,1,2,2,14,82
2025-12-24 00:50:06.292142,1,2,2,14,82
2025-12-24 00:50:09.157726,1,1,8,14,82
2025-12-24 00:50:12.010053,1,2,9,14,82
2025-12-24 00:50:14.872253,1,2,4,14,82
2025-12-24 00:50:17.729625,1,2,1,14,82
2025-12-24 00:50:21.542004,1,2,10,14,82
2025-12-24 00:50:24.849745,1,1,1,14,82
2025-12-24 00:50:27.661786,1,2,3,14,80
2025-12-24 00:50:31.569921,1,2,4,14,80
2025-12-24 00:50:35.482862,1,2,6,13,80
2025-12-24 00:50:38.288725,1,1,9,13,82
2025-12-24 00:50:41.155149,1,2,1,12,84
2025-12-24 00:50:45.007312,1,2,6,12,84
2025-12-24 00:50:47.916241,1,2,7,12,84
2025-12-24 00:50:50.679469,1,2,8,12,84
2025-12-24 00:50:54.588487,1,2,7,12,84
2025-12-24 00:50:57.500760,1,1,1,13,84
2025-12-24 00:51:00.309270,1,2,9,13,84
2025-12-24 00:51:04.617196,1,2,12,14,82
2025-12-24 00:51:09.576515,1,2,10,14,76
2025-12-24 00:51:12.489788,1,2,12,14,73
2025-12-24 00:51:15.298887,1,1,5,14,76
2025-12-24 00:51:19.213181,1,1,1,14,79
2025-12-24 00:51:22.070886,1,2,10,14,82
2025-12-24 00:51:24.875577,1,2,6,14,85
2025-12-24 00:51:28.285273,1,2,2,14,83
2025-12-24 00:51:31.194039,1,2,8,14,83
2025-12-24 00:51:34.054254,1,2,9,14,83
2025-12-24 00:51:36.865211,1,1,9,14,81
2025-12-24 00:51:41.173830,1,2,1,14,81
2025-12-24 00:51:45.039614,1,2,2,14,81
2025-12-24 00:51:47.895715,1,2,4,14,81
2025-12-24 00:51:50.703323,1,2,8,14,81
2025-12-24 00:51:54.615807,1,2,11,14,81
2025-12-24 00:51:57.522644,1,2,1,14,81
2025-12-24 00:52:00.335300,1,2,5,14,81
2025-12-24 00:52:04.641268,1,1,4,14,81
2025-12-24 00:52:08.502990,1,2,7,14,81
2025-12-24 00:52:11.312983,1,1,7,14,81
2025-12-24 00:52:14.174001,1,1,2,14,81
2025-12-24 00:52:18.083246,1,2,6,14,81
2025-12-24 00:52:20.953223,1,2,10,14,81
2025-12-24 00:52:23.750105,1,1,1,14,81
2025-12-24 00:52:27.562854,1,2,7,14,81
2025-12-24 00:52:30.872720,1,2,11,14,81
2025-12-24 00:52:34.681763,1,1,8,14,81
2025-12-24 00:52:38.543098,1,1,7,14,85
2025-12-24 00:52:41.352425,1,2,3,14,88
2025-12-24 00:52:44.765120,1,2,12,14,89
2025-12-24 00:52:48.536567,1,2,9,14,89
2025-12-24 00:52:51.333075,1,2,8,14,89
2025-12-24 00:52:55.244757,1,1,2,13,89
2025-12-24 00:52:58.103596,1,2,8,12,89
2025-12-24 00:53:00.916654,1,2,5,12,89
2025-12-24 00:53:04.774973,1,2,12,12,89
2025-12-24 00:53:07.641770,1,2,4,12,89
2025-12-24 00:53:11.993964,1,2,6,12,85
2025-12-24 00:53:15.755049,1,2,11,13,82
2025-12-24 00:53:18.663683,1,2,2,13,80
2025-12-24 00:53:21.573276,1,2,2,13,80
2025-12-24 00:53:26.034878,1,2,1,13,80
2025-12-24 00:53:28.943105,1,2,1,13,80
2025-12-24 00:53:31.756667,1,2,9,13,80
2025-12-24 00:53:34.662208,1,2,3,13,80
2025-12-24 00:53:38.021490,1,2,13,13,78
2025-12-24 00:53:41.781045,1,2,18,13,72
2025-12-24 00:53:44.688812,1,2,19,13,72
2025-12-24 00:53:48.099651,1,2,7,13,72
2025-12-24 00:53:50.959009,1,2,11,13,75
2025-12-24 00:53:53.768253,1,2,15,13,78
2025-12-24 00:53:57.637189,1,2,22,12,81
2025-12-24 00:54:00.936420,1,2,25,12,82
2025-12-24 00:54:04.747814,1,2,2,12,78
2025-12-24 00:54:07.658489,1,2,1,12,72
2025-12-24 00:54:12.019351,1,2,1,12,74
2025-12-24 00:54:15.779273,1,2,2,14,75
2025-12-24 00:54:18.710702,1,2,1,18,78
2025-12-24 00:54:22.048433,1,2,7,19,81
2025-12-24 00:54:25.408475,1,2,2,20,84
2025-12-24 00:54:28.219052,1,2,3,21,86
2025-12-24 00:54:31.133019,1,2,2,22,88
2025-12-24 00:54:33.938937,1,2,2,23,88
2025-12-24 00:54:38.750604,1,1,1,24,88
2025-12-24 00:54:42.612172,1,1,1,21,88
2025-12-24 00:54:45.920586,1,2,1,20,88
2025-12-24 00:54:50.733829,1,2,3,18,88
2025-12-24 00:54:54.595442,1,1,1,18,88
2025-12-24 00:54:57.426940,1,1,1,18,88
2025-12-24 00:55:01.324870,1,1,1,17,88
2025-12-24 00:55:04.173639,1,2,7,16,88
2025-12-24 00:55:08.033601,1,2,5,16,88
2025-12-24 00:55:11.791511,1,2,5,17,88
2025-12-24 00:55:15.652712,1,2,2,17,88
2025-12-24 00:55:18.963357,1,2,31,16,88
2025-12-24 00:55:22.772786,1,2,22,16,88
2025-12-24 00:55:27.128888,1,2,4,15,85
2025-12-24 00:55:30.040470,1,1,1,15,81
2025-12-24 00:55:32.800123,1,2,1,15,78
2025-12-24 00:55:36.709910,1,1,1,15,78
2025-12-24 00:55:39.619607,1,1,1,15,78
2025-12-24 00:55:42.427400,1,1,1,15,76
2025-12-24 00:55:46.239224,1,1,1,15,73
2025-12-24 00:55:49.195506,1,1,1,15,70
2025-12-24 00:55:53.657197,1,1,1,15,66
2025-12-24 00:55:57.015791,1,1,1,15,66
2025-12-24 00:55:59.829861,1,1,1,15,66
2025-12-24 00:56:03.687109,1,1,1,14,66
2025-12-24 00:56:06.994867,1,1,1,13,65
2025-12-24 00:56:10.454905,1,1,1,11,68
2025-12-24 00:56:13.265920,1,1,1,11,71
2025-12-24 00:56:16.174245,1,1,1,11,74
2025-12-24 00:56:18.982070,1,1,1,13,77
2025-12-24 00:56:22.792072,1,1,1,16,79
2025-12-24 00:56:27.154095,1,1,1,18,79
2025-12-24 00:56:30.066969,1,1,1,19,79
2025-12-24 00:56:32.819835,1,1,1,20,75
2025-12-24 00:56:36.729652,1,1,1,21,72
2025-12-24 00:56:39.647058,1,1,1,18,69
2025-12-24 00:56:42.446768,1,1,1,18,66
2025-12-24 00:56:46.756962,1,1,1,20,66
2025-12-24 00:56:50.126526,1,2,3,21,66
2025-12-24 00:56:53.424393,1,2,6,19,67
2025-12-24 00:56:57.338313,1,1,1,17,67
2025-12-24 00:57:00.199654,1,1,1,15,67
2025-12-24 00:57:03.057429,1,2,1,14,67
2025-12-24 00:57:05.869364,1,1,1,13,67
2025-12-24 00:57:09.729374,1,1,1,12,67
2025-12-24 00:57:12.635777,1,1,1,11,67
2025-12-24 00:57:15.479243,1,1,1,11,67
2025-12-24 00:57:19.302359,1,1,1,11,67
2025-12-24 00:57:22.226153,1,1,1,11,67
2025-12-24 00:57:25.044815,1,1,1,11,67
2025-12-24 00:57:28.831838,1,1,1,11,67
2025-12-24 00:57:31.754831,1,1,1,13,65
2025-12-24 00:57:35.650852,1,1,1,14,64
2025-12-24 00:57:38.461236,1,1,1,13,64
2025-12-24 00:57:41.323675,1,1,1,13,64
2025-12-24 00:57:45.231033,1,2,2,15,66
2025-12-24 00:57:48.092195,1,1,1,17,69
2025-12-24 00:57:50.850338,1,1,1,19,70
2025-12-24 00:57:54.759237,1,1,1,21,67
2025-12-24 00:57:57.669098,1,1,2,22,64
2025-12-24 00:58:00.480293,1,1,1,22,62
2025-12-24 00:58:04.287255,1,1,1,23,62
2025-12-24 00:58:08.148655,1,1,1,23,62
2025-12-24 00:58:11.509389,1,1,1,22,62
2025-12-24 00:58:14.319369,1,1,1,22,62
2025-12-24 00:58:18.226396,1,1,1,22,62
2025-12-24 00:58:21.085478,1,1,1,22,62
2025-12-24 00:58:23.893408,1,1,1,23,62
2025-12-24 00:58:27.754708,1,1,1,23,62
2025-12-24 00:58:31.119660,1,1,1,23,62
2025-12-24 00:58:33.871432,1,1,1,23,62
2025-12-24 00:58:36.781808,1,1,1,23,62
2025-12-24 00:58:39.691162,1,1,1,23,62
2025-12-24 00:58:42.501505,1,1,1,23,62
2025-12-24 00:58:46.312284,1,1,1,23,62
2025-12-24 00:58:50.175826,1,1,1,23,62
2025-12-24 00:58:53.478549,1,1,1,23,62
2025-12-24 00:58:56.337871,1,1,1,23,62
2025-12-24 00:59:00.247634,1,1,1,23,62
2025-12-24 00:59:03.111605,1,1,1,23,62
2025-12-24 00:59:05.915845,1,1,1,24,62
2025-12-24 00:59:09.780402,1,1,1,24,62
2025-12-24 00:59:12.688437,1,1,1,24,62
2025-12-24 00:59:15.498195,1,1,1,24,62
2025-12-24 00:59:19.356627,1,1,1,24,62
2025-12-24 00:59:22.265092,1,1,1,24,63
2025-12-24 00:59:25.077597,1,1,1,24,66
2025-12-24 00:59:28.885231,1,1,1,24,67
2025-12-24 00:59:31.796477,1,1,1,24,66
2025-12-24 00:59:35.705614,1,1,1,24,66
2025-12-24 00:59:38.516924,1,1,1,24,66
2025-12-24 00:59:41.376711,1,1,1,24,66
2025-12-24 00:59:44.834538,1,1,1,24,64
2025-12-24 00:59:47.754869,1,1,1,24,64
2025-12-24 00:59:51.113928,1,1,1,24,64
2025-12-24 00:59:53.914254,1,1,1,24,64
2025-12-24 00:59:57.772700,1,1,1,24,64
2025-12-24 01:00:01.082890,1,1,1,24,64
2025-12-24 01:00:04.895977,1,1,1,24,64
2025-12-24 01:00:09.261552,1,1,1,24,64
2025-12-24 01:00:12.165074,1,1,1,24,64
2025-12-24 01:00:14.920239,1,1,1,24,65
2025-12-24 01:00:18.834317,1,1,1,24,68
2025-12-24 01:00:21.739785,1,1,1,25,71
2025-12-24 01:00:24.552231,1,1,1,25,74
2025-12-24 01:00:28.361371,1,1,1,25,76
2025-12-24 01:00:32.319336,1,1,1,25,76
2025-12-24 01:00:35.737368,1,1,1,25,76
2025-12-24 01:00:38.539022,1,1,1,25,76
2025-12-24 01:00:41.404359,1,1,1,25,77
2025-12-24 01:00:45.276160,1,1,1,25,78
2025-12-24 01:00:48.569529,1,1,1,25,78
2025-12-24 01:00:51.927069,1,1,1,25,78
2025-12-24 01:00:54.838394,1,1,1,25,78
2025-12-24 01:00:57.746903,1,1,1,25,78
2025-12-24 01:01:00.555829,1,1,1,25,79
2025-12-24 01:01:04.363956,1,1,1,25,79
2025-12-24 01:01:08.224348,1,1,1,25,79
2025-12-24 01:01:11.582568,1,1,1,25,79
2025-12-24 01:01:14.406164,1,1,1,25,79
2025-12-24 01:01:18.303601,1,1,1,25,79
2025-12-24 01:01:21.160189,1,1,1,25,79
2025-12-24 01:01:23.971705,1,1,1,25,79
2025-12-24 01:01:27.830810,1,1,1,25,79
2025-12-24 01:01:31.157600,1,1,1,25,79
2025-12-24 01:01:33.949602,1,1,1,25,79
2025-12-24 01:01:36.857956,1,1,1,25,79
2025-12-24 01:01:39.769884,1,1,1,25,79
2025-12-24 01:01:42.577753,1,1,1,25,81
2025-12-24 01:01:46.391595,1,1,1,25,81
2025-12-24 01:01:50.245442,1,1,1,25,81
2025-12-24 01:01:53.605898,1,1,1,25,84
2025-12-24 01:01:56.413229,1,1,1,25,87
2025-12-24 01:02:00.322624,1,1,1,25,90
2025-12-24 01:02:03.183983,1,1,1,25,93
2025-12-24 01:02:05.990153,1,1,1,25,96
2025-12-24 01:02:09.853527,1,1,1,25,99
2025-12-24 01:02:13.159720,1,1,1,25,99
2025-12-24 01:02:15.968978,1,1,1,25,97
2025-12-24 01:02:18.876459,1,1,1,25,96
2025-12-24 01:02:21.786695,1,1,1,25,95
2025-12-24 01:02:24.598335,1,1,1,25,95
2025-12-24 01:02:28.402343,1,1,1,25,95
2025-12-24 01:02:32.266155,1,1,1,25,95
2025-12-24 01:02:35.623202,1,1,1,25,95
2025-12-24 01:02:38.436056,1,1,1,25,95
2025-12-24 01:02:42.340813,1,1,1,25,89
2025-12-24 01:02:45.205985,1,1,1,25,83
2025-12-24 01:02:48.010308,1,1,1,25,77
2025-12-24 01:02:51.875075,1,1,1,25,72
2025-12-24 01:02:54.832424,1,1,1,25,69
2025-12-24 01:02:58.138999,1,1,1,25,66
2025-12-24 01:03:02.000237,1,1,1,25,64
2025-12-24 01:03:04.911834,1,1,1,25,64
2025-12-24 01:03:08.268166,1,1,1,25,64
2025-12-24 01:03:12.026964,1,1,1,25,63
2025-12-24 01:03:15.889068,1,1,1,25,63
2025-12-24 01:03:18.796097,1,1,1,25,63
2025-12-24 01:03:21.605509,1,1,1,25,63
2025-12-24 01:03:25.466906,1,1,1,25,63
2025-12-24 01:03:28.373700,1,1,1,23,62
2025-12-24 01:03:31.184752,1,1,1,20,62
2025-12-24 01:03:34.992920,1,1,1,19,62
2025-12-24 01:03:37.902429,1,1,1,19,62
2025-12-24 01:03:42.364526,1,1,1,19,66
2025-12-24 01:03:45.222673,1,1,1,19,69
2025-12-24 01:03:48.030893,1,1,1,20,72
2025-12-24 01:03:51.890989,1,1,1,21,75
2025-12-24 01:03:55.200275,1,1,1,22,78
2025-12-24 01:03:58.012537,1,1,1,22,80
2025-12-24 01:04:00.922197,1,1,1,23,80
2025-12-24 01:04:03.834255,1,1,1,22,80
2025-12-24 01:04:06.638843,1,1,1,22,80
2025-12-24 01:04:10.446946,1,1,1,22,79
2025-12-24 01:04:14.309353,1,1,1,21,76
2025-12-24 01:04:17.676244,1,1,1,19,76
2025-12-24 01:04:20.476737,1,1,1,20,79
2025-12-24 01:04:24.387456,1,1,1,18,78
2025-12-24 01:04:27.244954,1,1,1,18,74
2025-12-24 01:04:30.088506,1,1,1,18,71
2025-12-24 01:04:33.916907,1,1,1,19,68
2025-12-24 01:04:36.874406,1,1,1,20,65
2025-12-24 01:04:40.187177,1,1,1,21,63
2025-12-24 01:04:44.045058,1,1,1,19,63
2025-12-24 01:04:46.954755,1,1,1,19,63
2025-12-24 01:04:50.342043,1,1,1,18,63
2025-12-24 01:04:54.075903,1,1,1,17,63
2025-12-24 01:04:56.983540,1,1,1,16,63
2025-12-24 01:05:00.401980,1,1,1,15,63
2025-12-24 01:05:03.253432,1,1,1,15,63
2025-12-24 01:05:06.063042,1,1,1,14,63
2025-12-24 01:05:09.926219,1,1,1,14,63
2025-12-24 01:05:13.232023,1,1,1,14,63
2025-12-24 01:05:16.692874,1,1,1,16,63
2025-12-24 01:05:19.501853,1,1,1,17,64
2025-12-24 01:05:22.414398,1,1,1,18,67
2025-12-24 01:05:25.223174,1,1,1,18,70
2025-12-24 01:05:29.031770,1,1,1,20,73
2025-12-24 01:05:33.391718,1,1,1,21,69
2025-12-24 01:05:36.299269,1,1,1,18,66
2025-12-24 01:05:39.060759,1,1,1,17,64
2025-12-24 01:05:42.970180,1,1,1,20,66
2025-12-24 01:05:45.880682,1,1,1,20,69
2025-12-24 01:05:48.688404,1,1,1,20,72
2025-12-24 01:05:52.498337,1,1,1,22,75
2025-12-24 01:05:55.457900,1,1,1,22,78
2025-12-24 01:05:59.871596,1,1,1,23,82
2025-12-24 01:06:02.679054,1,1,1,23,82
2025-12-24 01:06:05.538285,1,1,1,23,82
2025-12-24 01:06:09.397362,1,1,1,24,82
2025-12-24 01:06:12.707823,1,1,1,24,82
2025-12-24 01:06:16.067868,1,1,1,24,82
2025-12-24 01:06:19.029793,1,1,1,25,82
2025-12-24 01:06:22.439041,1,1,1,25,82
2025-12-24 01:06:25.245828,1,1,1,25,76
2025-12-24 01:06:29.056391,1,1,1,25,72
2025-12-24 01:06:33.440339,1,1,1,25,66
2025-12-24 01:06:36.325601,1,1,1,25,65
2025-12-24 01:06:39.085299,1,1,1,24,65
2025-12-24 01:06:42.993809,1,1,1,21,65
2025-12-24 01:06:45.904260,1,1,1,20,65
2025-12-24 01:06:48.715835,1,1,1,20,65
2025-12-24 01:06:52.529821,1,1,1,19,65
2025-12-24 01:06:55.484983,1,1,1,18,67
2025-12-24 01:06:59.897362,1,1,1,18,73
2025-12-24 01:07:02.699869,1,1,1,18,76
2025-12-24 01:07:05.560571,1,1,1,18,76
2025-12-24 01:07:09.419935,1,1,1,17,76
2025-12-24 01:07:12.733631,1,1,1,16,76
2025-12-24 01:07:16.543367,1,1,1,17,76
2025-12-24 01:07:19.449545,1,1,1,18,76
2025-12-24 01:07:22.256613,1,1,1,19,77
2025-12-24 01:07:26.121431,1,1,1,20,80
2025-12-24 01:07:29.037868,1,1,1,20,83
2025-12-24 01:07:32.385090,1,1,1,21,85
2025-12-24 01:07:36.162228,1,1,1,21,85
2025-12-24 01:07:39.056652,1,1,1,22,85
2025-12-24 01:07:42.464919,1,1,1,21,85
2025-12-24 01:07:45.339674,1,1,1,19,84
2025-12-24 01:07:48.133346,1,1,1,18,81
2025-12-24 01:07:51.993307,1,1,1,17,81
2025-12-24 01:07:55.309779,1,1,1,16,81
2025-12-24 01:07:58.762511,1,1,1,16,78
2025-12-24 01:08:01.576633,1,1,1,16,75
2025-12-24 01:08:04.480711,1,1,1,16,72
2025-12-24 01:08:07.290309,1,1,1,15,69
2025-12-24 01:08:11.101524,1,1,1,17,69
2025-12-24 01:08:15.460330,1,1,1,19,75
2025-12-24 01:08:18.368018,1,1,1,20,76
2025-12-24 01:08:21.126789,1,1,1,21,76
2025-12-24 01:08:25.037466,1,1,1,18,76
2025-12-24 01:08:27.951946,1,1,1,17,75
2025-12-24 01:08:30.755722,1,1,1,17,72
2025-12-24 01:08:34.564921,1,1,1,18,70
2025-12-24 01:08:38.423526,1,1,1,19,70
2025-12-24 01:08:41.968813,1,1,1,19,70
2025-12-24 01:08:44.745467,1,1,1,20,67
2025-12-24 01:08:47.604074,1,1,1,21,64
2025-12-24 01:08:51.474235,1,1,1,21,63
2025-12-24 01:08:54.776784,1,1,1,22,63
2025-12-24 01:08:58.581341,1,1,1,23,63
2025-12-24 01:09:01.545880,1,1,1,23,64
2025-12-24 01:09:05.953443,1,1,1,23,64
2025-12-24 01:09:08.758865,1,1,1,23,64
2025-12-24 01:09:11.619088,1,1,1,23,64
2025-12-24 01:09:15.480582,1,1,1,24,64
2025-12-24 01:09:18.787870,1,1,1,24,64
2025-12-24 01:09:22.147124,1,1,1,23,64
2025-12-24 01:09:25.058118,1,1,1,18,64
2025-12-24 01:09:27.969024,1,1,1,17,64
2025-12-24 01:09:30.778373,1,1,1,17,64
2025-12-24 01:09:34.585422,1,1,1,18,64
2025-12-24 01:09:38.446806,1,1,1,19,64
2025-12-24 01:09:42.406219,1,1,1,20,64
2025-12-24 01:09:45.165405,1,1,1,20,64
2025-12-24 01:09:49.075688,1,1,1,21,64
2025-12-24 01:09:51.987088,1,1,1,22,64
2025-12-24 01:09:54.797044,1,1,1,22,64
2025-12-24 01:09:58.603569,1,1,1,23,64
2025-12-24 01:10:01.569738,1,1,1,23,64
2025-12-24 01:10:05.971959,1,1,1,23,64
2025-12-24 01:10:08.781880,1,1,1,23,64
2025-12-24 01:10:11.649042,1,1,1,23,64
2025-12-24 01:10:15.500838,1,1,1,24,64
2025-12-24 01:10:18.815250,1,1,1,24,64
2025-12-24 01:10:22.620058,1,1,1,24,64
2025-12-24 01:10:25.530130,1,1,1,24,64
2025-12-24 01:10:28.337503,1,1,1,24,64
2025-12-24 01:10:32.198874,1,1,1,24,64
2025-12-24 01:10:35.108575,1,1,1,24,64
2025-12-24 01:10:38.469733,1,1,1,24,64
2025-12-24 01:10:42.228205,1,1,1,24,64
2025-12-24 01:10:46.037414,1,1,1,24,64
2025-12-24 01:10:49.347358,1,1,1,24,64
2025-12-24 01:10:53.157525,1,1,1,25,65
2025-12-24 01:10:57.521952,1,1,1,25,71
2025-12-24 01:11:00.826769,1,1,1,25,74
2025-12-24 01:11:04.636153,1,1,1,25,77
2025-12-24 01:11:07.605240,1,1,1,24,77
2025-12-24 01:11:12.006032,1,1,1,23,77
2025-12-24 01:11:14.814724,1,1,1,24,77
2025-12-24 01:11:17.673697,1,1,1,20,76
2025-12-24 01:11:21.533740,1,1,1,18,76
2025-12-24 01:11:24.844256,1,1,1,18,76
2025-12-24 01:11:28.202144,1,1,1,19,79
2025-12-24 01:11:31.679473,1,1,9,17,79
2025-12-24 01:11:34.573224,1,1,2,15,78
2025-12-24 01:11:37.381975,1,2,8,17,73
2025-12-24 01:11:41.743965,1,2,2,17,67
2025-12-24 01:11:45.061925,1,1,1,18,64
2025-12-24 01:11:48.463180,1,1,1,19,64
2025-12-24 01:11:51.220902,1,1,1,19,67
2025-12-24 01:11:55.131579,1,1,1,20,69
2025-12-24 01:11:58.041037,1,1,1,20,69
2025-12-24 01:12:00.849692,1,2,1,20,69
2025-12-24 01:12:04.660375,1,2,4,20,69
2025-12-24 01:12:07.618601,1,2,18,20,69
2025-12-24 01:12:12.030665,1,2,4,20,69
2025-12-24 01:12:14.837919,1,2,5,21,69
2025-12-24 01:12:17.703752,1,1,1,20,69
2025-12-24 01:12:21.555359,1,1,2,20,69
2025-12-24 01:12:24.875428,1,2,1,20,69
2025-12-24 01:12:28.676100,1,2,1,21,69
2025-12-24 01:12:31.585901,1,1,1,22,69
2025-12-24 01:12:34.395320,1,2,9,22,69
2025-12-24 01:12:38.252015,1,2,4,20,69
2025-12-24 01:12:41.165555,1,1,4,19,69
2025-12-24 01:12:44.523558,1,1,2,19,69
2025-12-24 01:12:48.282949,1,2,1,20,69
2025-12-24 01:12:51.144219,1,2,1,20,69
2025-12-24 01:12:54.054938,1,2,1,21,72
2025-12-24 01:12:56.865354,1,1,1,21,74
2025-12-24 01:12:59.772372,1,2,3,21,74
2025-12-24 01:13:03.582215,1,1,1,21,74
2025-12-24 01:13:06.896999,1,2,2,20,74
2025-12-24 01:13:09.702065,1,2,4,20,74
2025-12-24 01:13:12.623945,1,2,7,20,74
2025-12-24 01:13:15.471802,1,2,2,20,74
2025-12-24 01:13:18.283211,1,2,1,20,74
2025-12-24 01:13:22.145621,1,2,1,20,74
2025-12-24 01:13:26.554523,1,1,4,20,76
2025-12-24 01:13:29.464201,1,2,1,21,78
2025-12-24 01:13:32.322164,1,2,3,21,78
2025-12-24 01:13:35.185669,1,1,1,20,78
2025-12-24 01:13:38.545461,1,2,5,18,78
2025-12-24 01:13:42.303538,1,2,4,18,78
2025-12-24 01:13:45.714622,1,2,1,16,78
2025-12-24 01:13:48.635967,1,2,5,15,76
2025-12-24 01:13:51.483195,1,1,1,14,73
2025-12-24 01:13:54.292725,1,1,2,13,70
2025-12-24 01:13:58.163774,1,2,3,13,67
2025-12-24 01:14:01.461208,1,2,1,12,65
2025-12-24 01:14:05.327111,1,1,1,13,63
2025-12-24 01:14:08.183518,1,2,6,14,63
2025-12-24 01:14:12.091890,1,1,1,14,63
2025-12-24 01:14:14.899817,1,2,1,14,63
2025-12-24 01:14:17.764081,1,1,1,14,63
2025-12-24 01:14:21.619854,1,2,5,15,63
2025-12-24 01:14:24.530945,1,2,30,15,63
2025-12-24 01:14:27.894278,1,2,11,15,63
2025-12-24 01:14:31.750883,1,2,15,15,63
2025-12-24 01:14:34.668823,1,2,5,15,63
2025-12-24 01:14:37.469630,1,2,3,14,63
2025-12-24 01:14:41.281143,1,1,2,15,64
2025-12-24 01:14:44.191402,1,1,1,15,67
2025-12-24 01:14:48.099022,1,1,1,16,69
2025-12-24 01:14:50.908668,1,1,2,16,68
2025-12-24 01:14:53.768863,1,1,1,16,68
2025-12-24 01:14:57.627266,1,1,1,16,66
2025-12-24 01:15:00.937713,1,1,1,16,65
2025-12-24 01:15:04.298124,1,1,2,16,64
2025-12-24 01:15:07.207026,1,1,1,17,63
2025-12-24 01:15:10.123793,1,1,1,17,63
2025-12-24 01:15:12.941451,1,2,1,17,63
2025-12-24 01:15:16.738031,1,1,6,18,65
2025-12-24 01:15:20.593912,1,1,1,18,68
2025-12-24 01:15:24.354364,1,1,1,18,72
2025-12-24 01:15:28.168877,1,1,1,17,69
2025-12-24 01:15:31.476351,1,1,1,16,66
2025-12-24 01:15:35.832947,1,2,2,15,63
2025-12-24 01:15:39.643538,1,2,4,14,63
2025-12-24 01:15:42.953566,1,2,2,14,63
2025-12-24 01:15:46.762522,1,1,1,14,63
2025-12-24 01:15:49.673920,1,1,1,14,63
2025-12-24 01:15:52.484551,1,2,3,14,63
2025-12-24 01:15:56.395547,1,1,1,14,65
2025-12-24 01:15:59.266635,1,2,1,14,67
2025-12-24 01:16:02.614354,1,2,2,14,69
2025-12-24 01:16:07.073940,1,1,1,13,69
2025-12-24 01:16:10.333564,1,1,1,13,69
2025-12-24 01:16:13.242349,1,2,2,12,69
2025-12-24 01:16:16.159192,1,1,1,13,69
2025-12-24 01:16:18.973156,1,1,1,13,69
2025-12-24 01:16:23.272593,1,1,1,18,70
2025-12-24 01:16:27.231191,1,1,1,19,74
2025-12-24 01:16:30.150905,1,2,1,21,75
2025-12-24 01:16:33.031608,1,1,4,21,74
2025-12-24 01:16:35.811672,1,1,1,22,74
2025-12-24 01:16:39.670645,1,2,2,22,74
2025-12-24 01:16:42.980778,1,2,2,23,74
2025-12-24 01:16:46.341313,1,1,1,23,74
2025-12-24 01:16:49.251778,1,1,1,23,74
2025-12-24 01:16:52.170446,1,1,5,23,74
2025-12-24 01:16:54.968802,1,1,1,23,74
2025-12-24 01:16:58.777972,1,2,1,23,74
2025-12-24 01:17:02.639526,1,1,2,23,74
2025-12-24 01:17:06.016185,1,1,1,23,72
2025-12-24 01:17:08.809861,1,2,5,23,72
2025-12-24 01:17:12.719117,1,1,1,23,71
2025-12-24 01:17:15.577893,1,1,1,23,68
2025-12-24 01:17:18.438595,1,1,2,22,65
2025-12-24 01:17:22.247579,1,1,1,20,64
2025-12-24 01:17:26.258553,1,1,2,16,64
2025-12-24 01:17:30.168173,1,1,1,14,64
2025-12-24 01:17:32.977356,1,1,2,13,64
2025-12-24 01:17:35.886232,1,1,1,13,64
2025-12-24 01:17:39.697600,1,1,1,12,64
2025-12-24 01:17:43.039005,1,2,1,12,64
2025-12-24 01:17:46.368201,1,1,4,11,64
2025-12-24 01:17:49.286161,1,1,1,11,64
2025-12-24 01:17:52.188913,1,2,1,11,64
2025-12-24 01:17:54.996832,1,1,1,11,64
2025-12-24 01:17:59.334887,1,1,1,11,64
2025-12-24 01:18:02.675290,1,2,1,11,64
2025-12-24 01:18:07.330159,1,2,1,11,63
2025-12-24 01:18:10.737966,1,1,1,11,62
2025-12-24 01:18:13.550070,1,2,4,11,62
2025-12-24 01:18:17.906925,1,1,1,11,62
2025-12-24 01:18:21.715282,1,1,1,11,62
2025-12-24 01:18:25.025585,1,1,1,11,62
2025-12-24 01:18:28.384285,1,2,1,11,62
2025-12-24 01:18:31.296905,1,2,2,11,62
2025-12-24 01:18:34.205502,1,1,1,11,62
2025-12-24 01:18:37.563172,1,2,1,12,62
2025-12-24 01:18:41.875197,1,1,3,13,62
2025-12-24 01:18:45.739695,1,2,2,14,64
2025-12-24 01:18:48.643445,1,1,2,16,67
2025-12-24 01:18:51.409770,1,1,1,17,70
2025-12-24 01:18:55.313516,1,2,1,16,73
2025-12-24 01:18:58.228643,1,1,1,15,75
2025-12-24 01:19:01.046453,1,2,1,15,75
2025-12-24 01:19:04.841121,1,2,4,13,75
2025-12-24 01:19:08.702172,1,1,2,13,75
2025-12-24 01:19:12.209103,1,1,2,12,75
2025-12-24 01:19:15.043322,1,1,1,12,75
2025-12-24 01:19:17.938873,1,2,2,12,73
2025-12-24 01:19:21.742785,1,1,2,13,72
2025-12-24 01:19:25.056740,1,1,1,14,72
2025-12-24 01:19:28.980784,1,2,1,17,70
2025-12-24 01:19:32.319903,1,1,1,18,67
2025-12-24 01:19:36.235290,1,2,1,19,62
2025-12-24 01:19:39.041035,1,1,2,20,62
2025-12-24 01:19:41.918532,1,1,1,20,65
2025-12-24 01:19:45.762121,1,1,1,21,68
2025-12-24 01:19:48.674443,1,1,1,22,71
2025-12-24 01:19:51.432221,1,1,1,22,74
2025-12-24 01:19:55.346046,1,2,1,23,77
2025-12-24 01:19:58.252616,1,1,1,23,80
2025-12-24 01:20:01.085099,1,1,2,23,83
2025-12-24 01:20:05.368790,1,1,1,23,86
2025-12-24 01:20:10.430676,1,1,1,21,89
2025-12-24 01:20:13.340472,1,1,1,18,89
2025-12-24 01:20:16.252565,1,2,1,17,89
2025-12-24 01:20:19.069236,1,1,2,17,83
2025-12-24 01:20:22.880510,1,1,1,16,80
2025-12-24 01:20:26.737700,1,1,1,16,77
2025-12-24 01:20:31.391834,1,1,2,16,72
2025-12-24 01:20:34.801751,1,1,1,16,72
2025-12-24 01:20:37.610778,1,1,2,16,71
2025-12-24 01:20:41.421550,1,2,1,16,68
2025-12-24 01:20:45.284052,1,2,1,17,72
2025-12-24 01:20:48.093917,1,2,2,18,75
2025-12-24 01:20:50.904380,1,1,1,19,78
2025-12-24 01:20:54.813088,1,2,2,20,81
2025-12-24 01:20:57.673488,1,1,1,21,84
2025-12-24 01:21:00.490886,1,2,6,22,87
2025-12-24 01:21:04.342832,1,2,1,22,88
2025-12-24 01:21:07.708953,1,2,1,18,88
2025-12-24 01:21:10.517254,1,1,2,17,82
2025-12-24 01:21:13.371328,1,1,1,16,76
2025-12-24 01:21:16.282834,1,2,1,15,72
2025-12-24 01:21:19.095644,1,2,1,15,70
2025-12-24 01:21:23.398512,1,2,4,14,70
2025-12-24 01:21:26.762337,1,2,2,14,70
2025-12-24 01:21:30.279298,1,1,1,14,67
2025-12-24 01:21:33.078367,1,1,1,14,68
2025-12-24 01:21:35.991531,1,2,2,14,68
2025-12-24 01:21:39.797593,1,2,1,14,68
2025-12-24 01:21:43.112441,1,2,1,14,68
2025-12-24 01:21:47.416995,1,1,2,14,68
2025-12-24 01:21:51.777831,1,1,1,14,69
2025-12-24 01:21:55.085308,1,1,1,14,71
2025-12-24 01:21:58.894663,1,1,2,14,74
2025-12-24 01:22:02.762374,1,2,2,14,76
2025-12-24 01:22:06.565206,1,1,3,14,76
2025-12-24 01:22:10.408484,1,1,1,14,76
2025-12-24 01:22:13.286384,1,1,1,15,76
2025-12-24 01:22:16.096247,1,1,1,15,76
2025-12-24 01:22:20.005310,1,2,1,18,76
2025-12-24 01:22:22.864600,1,2,5,20,78
2025-12-24 01:22:25.673996,1,1,1,21,81
2025-12-24 01:22:29.984048,1,1,1,22,87
2025-12-24 01:22:32.846861,1,1,1,23,90
2025-12-24 01:22:35.705967,1,2,3,23,93
2025-12-24 01:22:38.565007,1,1,1,24,93
2025-12-24 01:22:41.427387,1,1,1,23,96
2025-12-24 01:22:44.783101,1,1,1,22,99
2025-12-24 01:22:48.549070,1,2,1,23,99
2025-12-24 01:22:51.402725,1,2,1,24,99
2025-12-24 01:22:54.312265,1,1,1,24,99
2025-12-24 01:22:57.121995,1,2,1,24,99
2025-12-24 01:22:59.981555,1,1,1,24,99
2025-12-24 01:23:03.841651,1,1,1,24,98
2025-12-24 01:23:07.158377,1,1,1,23,95
2025-12-24 01:23:09.959880,1,2,3,21,90
2025-12-24 01:23:12.868858,1,1,1,19,84
2025-12-24 01:23:15.726204,1,1,1,17,78
2025-12-24 01:23:18.536267,1,1,1,16,74
2025-12-24 01:23:22.397152,1,1,1,16,71
2025-12-24 01:23:25.708540,1,1,3,16,70
2025-12-24 01:23:29.566018,1,2,2,16,70
2025-12-24 01:23:32.477667,1,1,2,16,71
2025-12-24 01:23:36.338039,1,1,1,15,74
2025-12-24 01:23:39.175316,1,2,1,14,74
2025-12-24 01:23:42.057049,1,1,1,14,74
2025-12-24 01:23:45.866294,1,2,1,14,74
2025-12-24 01:23:48.776932,1,1,2,15,74
2025-12-24 01:23:51.584967,1,2,2,15,74
2025-12-24 01:23:55.445139,1,1,1,15,74
2025-12-24 01:23:58.356260,1,1,2,16,74
2025-12-24 01:24:01.166778,1,1,1,16,74
2025-12-24 01:24:05.476241,1,1,1,16,73
2025-12-24 01:24:09.839396,1,1,2,16,72
2025-12-24 01:24:13.186127,1,1,1,16,72
2025-12-24 01:24:17.455209,1,1,1,16,72
2025-12-24 01:24:20.813493,1,2,3,16,72
2025-12-24 01:24:24.573261,1,1,1,16,72
2025-12-24 01:24:28.449431,1,1,1,16,72
2025-12-24 01:24:31.399709,1,1,1,16,72
2025-12-24 01:24:36.352616,1,2,1,16,72
2025-12-24 01:24:39.199166,1,1,1,16,72
2025-12-24 01:24:42.024741,1,2,2,15,72
2025-12-24 01:24:45.883745,1,2,2,15,72
2025-12-24 01:24:49.192810,1,2,1,15,72
2025-12-24 01:24:52.616565,1,2,8,15,72
2025-12-24 01:24:55.913228,1,2,3,16,72
2025-12-24 01:24:58.722677,1,1,1,16,72
2025-12-24 01:25:04.034125,1,1,2,16,72
2025-12-24 01:25:06.953547,1,2,2,16,72
2025-12-24 01:25:09.818264,1,1,1,16,72
2025-12-24 01:25:12.614349,1,2,1,16,72
2025-12-24 01:25:16.425303,1,1,3,15,72
2025-12-24 01:25:19.741990,1,1,1,15,72
2025-12-24 01:25:24.045882,1,1,2,15,69
2025-12-24 01:25:27.904873,1,1,1,15,66
2025-12-24 01:25:31.214969,1,1,1,15,65
2025-12-24 01:25:34.080242,1,1,1,15,65
2025-12-24 01:25:36.934326,1,2,1,15,65
2025-12-24 01:25:39.792983,1,1,1,15,65
2025-12-24 01:25:42.601156,1,1,1,14,65
2025-12-24 01:25:46.462873,1,1,2,14,66
2025-12-24 01:25:49.775708,1,2,5,14,69
2025-12-24 01:25:52.580940,1,1,3,14,70
2025-12-24 01:25:55.504626,1,2,3,14,70
2025-12-24 01:25:58.403430,1,1,2,14,70
2025-12-24 01:26:01.213452,1,1,2,14,71
2025-12-24 01:26:05.525811,1,1,2,15,74
2025-12-24 01:26:08.886343,1,1,2,14,77
2025-12-24 01:26:12.392173,1,1,1,14,81
2025-12-24 01:26:15.201382,1,1,2,14,81
2025-12-24 01:26:18.061383,1,2,2,15,81
2025-12-24 01:26:21.921425,1,1,1,16,81
2025-12-24 01:26:25.230766,1,2,1,17,81
2025-12-24 01:26:29.039552,1,2,3,20,83
2025-12-24 01:26:32.949297,1,1,1,21,89
2025-12-24 01:26:35.809144,1,2,1,22,92
2025-12-24 01:26:38.619519,1,1,1,22,92
2025-12-24 01:26:41.530414,1,2,1,19,92
2025-12-24 01:26:44.889944,1,1,6,21,92
2025-12-24 01:26:48.698601,1,1,2,22,92
2025-12-24 01:26:51.510394,1,2,1,19,92
2025-12-24 01:26:54.421211,1,1,3,18,87
2025-12-24 01:26:57.230825,1,2,1,17,81
2025-12-24 01:27:00.090771,1,2,3,16,78
2025-12-24 01:27:03.948746,1,1,2,15,77
2025-12-24 01:27:07.965171,1,1,1,15,77
2025-12-24 01:27:10.770150,1,2,1,16,77
2025-12-24 01:27:16.132207,1,2,1,16,77
2025-12-24 01:27:18.991655,1,2,2,15,77
2025-12-24 01:27:21.853002,1,1,2,15,77
2025-12-24 01:27:24.662728,1,2,1,16,77
2025-12-24 01:27:28.071248,1,2,1,17,77
2025-12-24 01:27:30.981962,1,1,1,18,79
2025-12-24 01:27:33.853507,1,2,2,18,82
2025-12-24 01:27:36.652032,1,2,3,17,82
2025-12-24 01:27:40.514721,1,1,1,18,82
2025-12-24 01:27:43.824777,1,2,2,17,82
2025-12-24 01:27:47.280452,1,1,2,16,81
2025-12-24 01:27:50.089679,1,2,2,16,82
2025-12-24 01:27:52.996133,1,2,5,16,82
2025-12-24 01:27:55.805910,1,2,2,16,82
2025-12-24 01:27:59.614544,1,2,1,17,81
2025-12-24 01:28:03.973476,1,2,1,18,76
2025-12-24 01:28:07.283701,1,2,1,17,76
2025-12-24 01:28:10.095074,1,2,4,16,76
2025-12-24 01:28:13.005572,1,1,1,16,76
2025-12-24 01:28:15.879606,1,2,3,15,76
2025-12-24 01:28:18.671745,1,1,1,15,73
2025-12-24 01:28:22.531752,1,2,2,15,70
2025-12-24 01:28:25.842432,1,1,1,16,67
2025-12-24 01:28:28.656807,1,1,2,17,64
2025-12-24 01:28:31.561965,1,2,1,17,64
2025-12-24 01:28:34.474420,1,1,4,17,66
2025-12-24 01:28:37.284607,1,2,1,17,69
2025-12-24 01:28:41.593824,1,1,2,17,72
2025-12-24 01:28:45.504712,1,2,1,17,72
2025-12-24 01:28:48.863413,1,2,1,17,72
2025-12-24 01:28:51.723005,1,2,2,17,70
2025-12-24 01:28:55.584501,1,2,2,17,69
2025-12-24 01:28:58.494212,1,2,2,17,69
2025-12-24 01:29:01.304012,1,1,1,17,69
2025-12-24 01:29:04.719851,1,1,1,16,69
2025-12-24 01:29:07.575594,1,1,1,15,69
2025-12-24 01:29:10.483754,1,2,1,15,69
2025-12-24 01:29:13.293462,1,1,3,15,69
2025-12-24 01:29:17.101450,1,2,3,14,69
2025-12-24 01:29:20.962579,1,2,2,14,69
2025-12-24 01:29:24.925990,1,2,1,14,69
2025-12-24 01:29:27.683021,1,1,10,14,69
2025-12-24 01:29:31.593130,1,2,9,13,69
2025-12-24 01:29:34.504415,1,2,32,13,69
2025-12-24 01:29:37.309706,1,2,13,13,69
2025-12-24 01:29:41.122558,1,2,3,13,69
2025-12-24 01:29:44.580064,1,2,1,12,69
2025-12-24 01:29:48.990015,1,1,2,13,69
2025-12-24 01:29:51.898947,1,1,2,14,69
2025-12-24 01:29:54.708361,1,2,2,14,69
2025-12-24 01:29:58.583036,1,1,5,15,69
2025-12-24 01:30:01.877348,1,2,5,15,67
2025-12-24 01:30:05.341376,1,2,26,15,67
2025-12-24 01:30:08.197630,1,2,10,16,67
2025-12-24 01:30:11.061398,1,2,1,16,67
2025-12-24 01:30:14.418673,1,1,1,16,67
2025-12-24 01:30:17.176220,1,2,1,16,67
2025-12-24 01:30:20.085387,1,1,1,16,67
2025-12-24 01:30:24.547866,1,1,1,17,67
2025-12-24 01:30:27.905887,1,1,1,19,67
2025-12-24 01:30:31.315183,1,1,1,18,67
2025-12-24 01:30:35.126541,1,1,1,19,65
2025-12-24 01:30:38.985454,1,1,1,19,62
2025-12-24 01:30:42.745989,1,1,1,19,62
2025-12-24 01:30:46.608645,1,1,1,19,62
2025-12-24 01:30:49.564767,1,1,1,19,63
2025-12-24 01:30:52.876921,1,1,1,19,66
2025-12-24 01:30:56.735166,1,1,1,19,69
2025-12-24 01:30:59.647485,1,1,1,20,69
2025-12-24 01:31:03.020497,1,1,1,21,66
2025-12-24 01:31:06.362710,1,1,1,19,66
2025-12-24 01:31:09.722731,1,1,1,20,64
2025-12-24 01:31:13.636658,1,1,1,21,63
2025-12-24 01:31:16.543436,1,1,1,21,63
2025-12-24 01:31:19.351629,1,1,1,21,63
2025-12-24 01:31:23.161293,1,1,1,21,63
2025-12-24 01:31:27.020345,1,1,1,21,65
2025-12-24 01:31:30.337521,1,1,1,22,65
2025-12-24 01:31:33.192213,1,1,1,22,65
2025-12-24 01:31:37.117060,1,1,1,22,65
2025-12-24 01:31:39.965370,1,1,1,22,65
2025-12-24 01:31:42.768357,1,1,1,22,65
2025-12-24 01:31:46.626521,1,1,1,22,65
2025-12-24 01:31:49.540268,1,1,1,20,65
2025-12-24 01:31:52.345422,1,1,1,20,65
2025-12-24 01:31:56.206354,1,1,1,22,65
2025-12-24 01:31:59.114663,1,1,1,22,65
2025-12-24 01:32:01.925851,1,1,1,23,65
2025-12-24 01:32:05.745937,1,1,1,23,65
2025-12-24 01:32:08.644878,1,1,1,23,65
2025-12-24 01:32:12.557070,1,1,1,23,65
2025-12-24 01:32:15.370372,1,1,1,23,65
2025-12-24 01:32:18.224073,1,1,1,24,64
2025-12-24 01:32:22.085983,1,1,1,24,64
2025-12-24 01:32:25.393768,1,1,1,24,64
2025-12-24 01:32:28.205340,1,1,1,24,64
2025-12-24 01:32:31.114257,1,1,1,24,64
2025-12-24 01:32:33.983392,1,1,1,24,64
2025-12-24 01:32:36.782216,1,1,1,24,64
2025-12-24 01:32:40.642094,1,1,1,24,64
2025-12-24 01:32:43.951804,1,1,1,20,64
2025-12-24 01:32:46.763479,1,1,1,20,64
2025-12-24 01:32:49.672489,1,1,1,19,64
2025-12-24 01:32:52.582022,1,1,1,20,64
2025-12-24 01:32:55.391540,1,1,1,20,64
2025-12-24 01:32:59.209017,1,1,1,21,64
2025-12-24 01:33:03.060805,1,1,1,22,64
2025-12-24 01:33:06.373107,1,1,1,19,70
2025-12-24 01:33:09.228545,1,1,1,20,67
2025-12-24 01:33:13.137756,1,1,1,18,66
2025-12-24 01:33:16.006071,1,1,1,16,66
2025-12-24 01:33:18.813761,1,1,1,15,66
2025-12-24 01:33:22.669592,1,1,1,14,66
2025-12-24 01:33:25.579578,1,1,1,13,66
2025-12-24 01:33:28.390740,1,1,1,13,66
2025-12-24 01:33:32.248870,1,1,1,13,66
2025-12-24 01:33:35.160747,1,1,1,12,66
2025-12-24 01:33:37.967613,1,1,1,12,66
2025-12-24 01:33:41.775878,1,1,1,11,66
2025-12-24 01:33:44.685338,1,1,1,11,66
2025-12-24 01:33:48.603013,1,1,1,11,66
2025-12-24 01:33:51.403791,1,1,1,11,66
2025-12-24 01:33:54.263373,1,1,1,11,66
2025-12-24 01:33:58.128949,1,1,1,11,66
2025-12-24 01:34:01.434331,1,1,1,11,66
2025-12-24 01:34:04.794710,1,1,1,11,66
2025-12-24 01:34:07.704425,1,1,1,12,66
2025-12-24 01:34:10.613183,1,1,1,12,64
2025-12-24 01:34:13.421107,1,1,1,12,64
2025-12-24 01:34:17.231775,1,1,1,12,62
2025-12-24 01:34:21.093341,1,1,1,12,62
2025-12-24 01:34:24.448553,1,1,1,11,62
2025-12-24 01:34:27.258915,1,1,1,11,62
2025-12-24 01:34:31.169234,1,1,1,11,62
2025-12-24 01:34:34.026522,1,1,1,11,62
2025-12-24 01:34:36.839923,1,1,1,11,62
2025-12-24 01:34:40.697402,1,1,1,11,62
2025-12-24 01:34:44.008150,1,1,1,11,62
2025-12-24 01:34:46.814093,1,1,1,11,62
2025-12-24 01:34:49.723785,1,1,1,11,62
2025-12-24 01:34:52.632362,1,1,1,11,62
2025-12-24 01:34:55.458062,1,1,1,11,62
2025-12-24 01:34:59.250810,1,1,1,11,62
2025-12-24 01:35:03.113905,1,1,1,11,62
2025-12-24 01:35:06.626592,1,1,1,11,62
2025-12-24 01:35:09.429601,1,1,1,11,62
2025-12-24 01:35:12.290107,1,1,1,11,62
2025-12-24 01:35:16.152239,1,1,1,11,62
2025-12-24 01:35:19.467903,1,1,1,11,62
2025-12-24 01:35:23.268612,1,1,1,11,62
2025-12-24 01:35:26.227296,1,1,1,11,62
2025-12-24 01:35:30.637474,1,1,1,11,62
2025-12-24 01:35:33.446607,1,1,1,11,62
2025-12-24 01:35:36.306956,1,1,1,11,62
2025-12-24 01:35:40.165056,1,1,1,11,62
2025-12-24 01:35:43.475664,1,1,1,11,62
2025-12-24 01:35:46.833945,1,1,1,11,62
2025-12-24 01:35:49.746732,1,1,1,11,62
2025-12-24 01:35:52.662280,1,1,1,11,62
2025-12-24 01:35:55.462605,1,1,1,11,62
2025-12-24 01:35:59.273330,1,1,1,11,62
2025-12-24 01:36:03.133501,1,1,1,11,62
2025-12-24 01:36:06.891052,1,1,1,11,62
2025-12-24 01:36:10.700678,1,1,1,11,62
2025-12-24 01:36:14.010194,1,1,1,11,62
2025-12-24 01:36:17.818755,1,1,1,11,62
2025-12-24 01:36:22.184458,1,1,1,11,62
2025-12-24 01:36:25.525549,1,1,1,11,62
2025-12-24 01:36:29.304591,1,1,1,11,62
2025-12-24 01:36:32.256139,1,1,1,11,62
2025-12-24 01:36:36.668275,1,1,1,11,62
2025-12-24 01:36:39.473526,1,1,1,11,62
2025-12-24 01:36:42.332574,1,1,1,11,62
2025-12-24 01:36:46.194117,1,1,1,11,62
2025-12-24 01:36:49.503699,1,1,1,11,62
2025-12-24 01:36:53.321800,1,1,1,11,62
2025-12-24 01:36:56.222688,1,1,1,11,62
2025-12-24 01:36:59.031678,1,1,1,11,62
2025-12-24 01:37:02.891417,1,1,1,11,62
2025-12-24 01:37:05.803157,1,1,1,11,62
2025-12-24 01:37:09.160410,1,1,1,11,62
2025-12-24 01:37:12.921940,1,1,1,11,66
2025-12-24 01:37:16.728690,1,1,1,11,66
2025-12-24 01:37:20.037918,1,1,1,11,66
2025-12-24 01:37:23.845806,1,1,1,11,66
2025-12-24 01:37:28.209329,1,1,1,11,66
2025-12-24 01:37:31.516667,1,1,1,11,66
2025-12-24 01:37:35.325188,1,1,1,12,66
2025-12-24 01:37:38.285540,1,1,1,14,66
2025-12-24 01:37:42.698172,1,1,1,16,70
2025-12-24 01:37:45.503929,1,1,1,17,73
2025-12-24 01:37:48.363375,1,1,1,18,76
2025-12-24 01:37:52.222130,1,1,1,18,79
2025-12-24 01:37:55.540885,1,1,1,17,79
2025-12-24 01:37:58.892774,1,1,1,16,74
2025-12-24 01:38:01.810200,1,1,1,15,71
2025-12-24 01:38:04.712705,1,1,1,14,68
2025-12-24 01:38:07.521601,1,1,1,14,66
2025-12-24 01:38:11.328811,1,1,1,16,67
2025-12-24 01:38:15.189379,1,1,1,17,70
2025-12-24 01:38:18.900238,1,1,1,18,76
2025-12-24 01:38:22.758612,1,1,1,20,79
2025-12-24 01:38:26.080005,1,1,1,22,82
2025-12-24 01:38:29.878632,1,1,1,23,85
2025-12-24 01:38:34.238439,1,1,1,23,91
2025-12-24 01:38:37.547288,1,1,1,24,94
2025-12-24 01:38:41.357481,1,1,1,25,97
2025-12-24 01:38:44.265569,1,1,1,25,97
2025-12-24 01:38:47.085812,1,1,1,25,97
2025-12-24 01:38:50.933815,1,1,1,25,97
2025-12-24 01:38:53.845809,1,1,1,25,97
2025-12-24 01:38:57.206289,1,1,1,25,97
2025-12-24 01:39:00.963441,1,1,1,25,95
2025-12-24 01:39:05.825107,1,1,1,25,95
2025-12-24 01:39:09.187103,1,1,1,25,95
2025-12-24 01:39:12.945181,1,1,1,25,91
2025-12-24 01:39:16.806151,1,1,1,25,90
2025-12-24 01:39:20.114784,1,1,1,25,90
2025-12-24 01:39:23.926046,1,1,1,25,92
2025-12-24 01:39:27.887010,1,1,1,25,98
2025-12-24 01:39:31.298201,1,1,1,25,99
2025-12-24 01:39:34.164196,1,1,1,25,99
2025-12-24 01:39:36.965574,1,1,1,25,99
2025-12-24 01:39:40.827806,1,1,1,25,99
2025-12-24 01:39:44.136408,1,1,1,25,99
2025-12-24 01:39:46.946186,1,1,1,25,99
2025-12-24 01:39:49.856591,1,1,1,25,99
2025-12-24 01:39:52.769642,1,1,1,25,99
2025-12-24 01:39:55.576932,1,1,1,25,99
2025-12-24 01:39:59.385966,1,1,1,25,99
2025-12-24 01:40:02.350040,1,1,1,25,99
2025-12-24 01:40:06.807083,1,1,1,25,99
2025-12-24 01:40:10.165846,1,1,1,25,99
2025-12-24 01:40:12.975120,1,1,1,25,99
2025-12-24 01:40:16.836960,1,1,1,25,99
2025-12-24 01:40:20.149736,1,1,1,25,99
2025-12-24 01:40:23.608218,1,1,1,25,99
2025-12-24 01:40:26.967603,1,1,1,25,99
2025-12-24 01:40:29.878418,1,1,1,25,99
2025-12-24 01:40:33.236859,1,1,1,25,99
2025-12-24 01:40:35.995997,1,1,1,25,99
2025-12-24 01:40:38.906075,1,1,1,25,99
2025-12-24 01:40:43.314902,1,1,1,25,99
2025-12-24 01:40:46.193904,1,1,1,25,99
2025-12-24 01:40:48.989441,1,1,1,25,99
2025-12-24 01:40:52.846575,1,1,1,25,99
2025-12-24 01:40:56.156766,1,1,1,25,99
2025-12-24 01:40:59.966709,1,1,1,25,99
2025-12-24 01:41:02.885642,1,1,1,25,99
2025-12-24 01:41:06.794382,1,1,1,25,99
2025-12-24 01:41:09.607810,1,1,1,24,99
2025-12-24 01:41:12.455705,1,1,1,21,97
2025-12-24 01:41:16.315614,1,1,1,18,91
2025-12-24 01:41:19.625812,1,1,1,16,85
2025-12-24 01:41:22.434757,1,1,1,15,79
2025-12-24 01:41:25.798957,1,1,1,14,76
2025-12-24 01:41:28.604499,1,1,1,14,73
2025-12-24 01:41:32.464486,1,1,1,13,70
2025-12-24 01:41:35.375616,1,1,1,13,69
2025-12-24 01:41:38.185503,1,1,1,13,69
2025-12-24 01:41:40.993587,1,1,1,15,69
2025-12-24 01:41:43.940562,1,1,1,16,71
2025-12-24 01:41:46.812074,1,1,1,17,74
2025-12-24 01:41:49.619300,1,1,1,17,77
2025-12-24 01:41:53.428343,1,1,1,20,80
2025-12-24 01:41:57.296965,1,1,1,20,83
2025-12-24 01:42:00.648394,1,1,1,21,89
2025-12-24 01:42:03.458337,1,1,1,22,92
2025-12-24 01:42:07.368620,1,1,1,22,95
2025-12-24 01:42:10.230476,1,1,1,21,97
2025-12-24 01:42:13.036725,1,1,1,19,93
2025-12-24 01:42:16.899859,1,1,1,17,87
2025-12-24 01:42:19.858074,1,1,1,16,81
2025-12-24 01:42:23.167969,1,1,1,15,75
2025-12-24 01:42:27.977402,1,1,1,15,68
2025-12-24 01:42:31.398355,1,1,1,14,65
2025-12-24 01:42:34.245897,1,1,1,14,64
2025-12-24 01:42:37.055282,1,1,1,14,64
2025-12-24 01:42:40.016170,1,1,1,14,64
2025-12-24 01:42:43.930095,1,1,1,13,64
2025-12-24 01:42:46.838215,1,1,1,12,64
2025-12-24 01:42:49.642824,1,1,1,12,64
2025-12-24 01:42:53.453638,1,1,1,12,64
2025-12-24 01:42:57.312910,1,1,1,12,64
2025-12-24 01:43:00.674551,1,1,1,12,64
2025-12-24 01:43:03.481982,1,1,1,12,64
2025-12-24 01:43:07.390417,1,1,1,12,64
2025-12-24 01:43:10.251365,1,1,1,14,65
2025-12-24 01:43:13.067623,1,1,1,15,68
2025-12-24 01:43:16.919702,1,1,1,14,70
2025-12-24 01:43:20.229120,1,1,1,13,67
2025-12-24 01:43:23.039804,1,1,1,13,66
2025-12-24 01:43:25.948670,1,1,1,12,66
2025-12-24 01:43:28.860626,1,1,1,12,66
2025-12-24 01:43:31.711321,1,1,1,12,66
2025-12-24 01:43:35.478510,1,1,1,12,66
2025-12-24 01:43:39.337778,1,1,1,12,66
2025-12-24 01:43:42.849688,1,1,1,12,66
2025-12-24 01:43:45.656553,1,1,1,12,66
2025-12-24 01:43:48.517749,1,1,1,12,66
2025-12-24 01:43:52.386883,1,1,1,14,68
2025-12-24 01:43:55.685124,1,1,1,15,71
2025-12-24 01:43:59.493607,1,1,1,17,74
2025-12-24 01:44:02.417818,1,1,1,16,77
2025-12-24 01:44:05.215896,1,1,1,15,78
2025-12-24 01:44:09.070802,1,1,1,15,73
2025-12-24 01:44:11.982986,1,1,1,15,70
2025-12-24 01:44:15.341004,1,1,1,14,67
2025-12-24 01:44:19.113622,1,1,1,14,65
2025-12-24 01:44:22.010496,1,1,1,14,65
2025-12-24 01:44:25.431206,1,1,1,14,65
2025-12-24 01:44:28.278824,1,1,1,14,65
2025-12-24 01:44:31.097827,1,1,1,14,65
2025-12-24 01:44:34.949904,1,1,1,14,65
2025-12-24 01:44:38.262691,1,1,1,14,65
2025-12-24 01:44:41.718033,1,1,1,14,65
2025-12-24 01:44:44.529811,1,1,1,14,65
2025-12-24 01:44:47.439756,1,1,1,15,65
2025-12-24 01:44:50.252222,1,1,1,17,66
2025-12-24 01:44:54.060095,1,1,1,18,69
2025-12-24 01:44:58.415822,1,1,1,19,75
2025-12-24 01:45:01.333405,1,1,1,20,78
2025-12-24 01:45:04.089103,1,1,1,21,81
2025-12-24 01:45:07.994461,1,1,1,22,84
2025-12-24 01:45:10.910062,1,1,1,23,87
2025-12-24 01:45:13.713476,1,1,1,23,90
2025-12-24 01:45:17.525420,1,1,1,23,93
2025-12-24 01:45:20.488009,1,1,1,24,96
2025-12-24 01:45:24.892467,1,1,1,24,97
2025-12-24 01:45:27.700803,1,1,1,23,97
2025-12-24 01:45:30.560731,1,1,1,21,97
2025-12-24 01:45:34.422390,1,1,1,22,97
2025-12-24 01:45:37.737139,1,1,1,22,97
2025-12-24 01:45:41.540628,1,1,1,23,97
2025-12-24 01:45:44.449442,1,1,1,23,97
2025-12-24 01:45:47.258743,1,1,1,23,94
2025-12-24 01:45:51.117520,1,1,1,24,94
2025-12-24 01:45:54.028644,1,1,1,24,94
2025-12-24 01:45:57.387662,1,1,1,21,94
2025-12-24 01:46:01.146877,1,1,1,19,88
2025-12-24 01:46:04.955352,1,1,1,18,82
2025-12-24 01:46:08.269586,1,1,1,16,76
2025-12-24 01:46:12.076473,1,1,1,15,71
2025-12-24 01:46:16.436105,1,1,1,15,65
2025-12-24 01:46:19.750025,1,1,1,14,63
2025-12-24 01:46:24.106142,1,1,1,14,63
2025-12-24 01:46:27.066572,1,1,1,14,63
2025-12-24 01:46:31.477130,1,1,1,14,63
2025-12-24 01:46:34.338146,1,1,1,14,63
2025-12-24 01:46:37.151200,1,1,1,14,63
2025-12-24 01:46:41.008037,1,1,1,14,63
2025-12-24 01:46:44.320177,1,1,1,14,63
2025-12-24 01:46:47.164661,1,1,1,14,63
2025-12-24 01:46:50.043135,1,1,1,14,63
2025-12-24 01:46:52.946521,1,1,1,14,63
2025-12-24 01:46:55.754098,1,1,1,14,63
2025-12-24 01:46:59.565882,1,1,1,14,63
2025-12-24 01:47:03.424766,1,1,1,14,63
2025-12-24 01:47:06.983280,1,1,1,16,68
2025-12-24 01:47:10.344077,1,1,1,18,71
2025-12-24 01:47:13.154570,1,1,1,19,74
2025-12-24 01:47:17.015775,1,1,1,20,77
2025-12-24 01:47:20.325615,1,1,1,22,80
2025-12-24 01:47:24.137856,1,1,1,23,83
2025-12-24 01:47:27.101243,1,1,1,24,85
2025-12-24 01:47:31.506776,1,1,1,24,85
2025-12-24 01:47:34.365762,1,1,1,25,85
2025-12-24 01:47:37.174537,1,1,1,25,85
2025-12-24 01:47:41.048920,1,1,1,25,85
2025-12-24 01:47:44.393009,1,1,1,25,85
2025-12-24 01:47:47.157834,1,1,1,22,85
2025-12-24 01:47:50.063633,1,1,1,19,83
2025-12-24 01:47:52.973878,1,1,1,20,79
2025-12-24 01:47:55.783977,1,1,1,20,77
2025-12-24 01:47:59.593422,1,1,1,22,77
2025-12-24 01:48:04.404947,1,1,1,22,77
2025-12-24 01:48:07.164455,1,1,1,23,77
2025-12-24 01:48:11.026007,1,1,1,23,77
2025-12-24 01:48:14.335125,1,1,1,24,77
2025-12-24 01:48:18.144351,1,1,1,24,77
2025-12-24 01:48:22.506131,1,1,1,24,77
2025-12-24 01:48:25.414226,1,1,1,24,77
2025-12-24 01:48:28.774886,1,1,1,25,77
2025-12-24 01:48:32.638070,1,1,1,25,78
2025-12-24 01:48:35.544784,1,1,1,22,81
2025-12-24 01:48:38.360403,1,1,1,20,84
2025-12-24 01:48:42.167232,1,1,1,18,78
2025-12-24 01:48:46.522171,1,1,1,17,71
2025-12-24 01:48:49.380591,1,1,1,16,68
2025-12-24 01:48:52.195019,1,1,1,15,67
2025-12-24 01:48:56.100960,1,1,1,14,67
2025-12-24 01:48:59.011117,1,1,1,14,67
2025-12-24 01:49:01.822588,1,1,1,14,67
2025-12-24 01:49:05.632036,1,1,1,14,67
2025-12-24 01:49:08.539393,1,1,1,14,67
2025-12-24 01:49:11.350402,1,1,1,14,67
2025-12-24 01:49:15.210597,1,1,1,14,67
2025-12-24 01:49:18.121438,1,1,1,14,67
2025-12-24 01:49:21.488274,1,1,1,14,67
2025-12-24 01:49:24.837764,1,1,1,14,67
2025-12-24 01:49:27.650502,1,1,1,14,65
2025-12-24 01:49:31.575039,1,1,1,14,65
2025-12-24 01:49:34.416448,1,1,1,14,65
2025-12-24 01:49:37.264195,1,1,1,14,65
2025-12-24 01:49:41.088589,1,1,1,15,65
2025-12-24 01:49:44.395552,1,1,1,15,67
2025-12-24 01:49:47.204828,1,1,1,15,70
2025-12-24 01:49:50.114774,1,1,1,16,73
2025-12-24 01:49:53.023431,1,1,1,16,76
2025-12-24 01:49:55.863331,1,1,1,16,79
2025-12-24 01:49:59.644039,1,1,1,18,82
2025-12-24 01:50:03.504075,1,1,1,19,85
2025-12-24 01:50:06.813225,1,1,1,20,86
2025-12-24 01:50:09.677742,1,1,1,21,86
2025-12-24 01:50:13.580809,1,1,1,21,86
2025-12-24 01:50:16.443735,1,1,1,22,86
2025-12-24 01:50:19.251906,1,1,1,22,86
2025-12-24 01:50:23.714943,1,1,1,23,86
2025-12-24 01:50:27.575466,1,1,1,23,80
2025-12-24 01:50:31.435384,1,1,1,23,74
2025-12-24 01:50:34.243470,1,1,1,23,70
2025-12-24 01:50:38.153502,1,1,1,24,67
2025-12-24 01:50:41.062361,1,1,1,22,64
2025-12-24 01:50:43.870832,1,1,1,22,62
2025-12-24 01:50:46.696226,1,1,1,20,62
2025-12-24 01:50:49.593661,1,1,1,18,62
2025-12-24 01:50:52.450116,1,1,1,17,62
2025-12-24 01:50:55.293346,1,1,1,16,62
2025-12-24 01:50:59.121762,1,1,1,15,62
2025-12-24 01:51:02.431904,1,1,1,14,62
2025-12-24 01:51:06.239986,1,1,1,14,62
2025-12-24 01:51:09.155688,1,1,1,14,62
2025-12-24 01:51:13.060490,1,1,1,14,62
2025-12-24 01:51:15.872272,1,1,1,14,62
2025-12-24 01:51:18.732501,1,1,1,16,63
2025-12-24 01:51:22.598126,1,1,1,17,66
2025-12-24 01:51:25.458826,1,1,1,16,69
2025-12-24 01:51:28.260909,1,1,1,16,69
2025-12-24 01:51:32.175189,1,1,1,15,69
2025-12-24 01:51:35.083292,1,1,1,16,69
2025-12-24 01:51:37.888730,1,1,1,16,70
2025-12-24 01:51:41.714460,1,1,1,19,73
2025-12-24 01:51:44.665773,1,1,1,20,76
2025-12-24 01:51:49.069844,1,1,1,20,82
2025-12-24 01:51:51.878799,1,1,1,21,85
2025-12-24 01:51:54.739129,1,1,1,22,86
2025-12-24 01:51:58.597915,1,1,1,22,86
2025-12-24 01:52:01.521321,1,1,1,23,86
2025-12-24 01:52:04.866716,1,1,1,23,86
2025-12-24 01:52:08.729211,1,1,1,24,86
2025-12-24 01:52:11.637487,1,1,1,24,86
2025-12-24 01:52:14.445021,1,1,1,24,86
2025-12-24 01:52:18.257935,1,1,1,24,86
2025-12-24 01:52:21.218170,1,1,1,25,86
2025-12-24 01:52:25.626894,1,1,1,22,86
2025-12-24 01:52:28.487692,1,1,1,20,82
2025-12-24 01:52:31.295761,1,1,1,18,79
2025-12-24 01:52:35.156419,1,1,1,17,76
2025-12-24 01:52:38.464095,1,1,1,15,73
2025-12-24 01:52:42.276059,1,1,1,15,70
2025-12-24 01:52:45.185203,1,1,1,15,67
2025-12-24 01:52:49.095621,1,1,1,14,66
2025-12-24 01:52:51.903586,1,1,1,14,66
2025-12-24 01:52:54.764977,1,1,1,14,67
2025-12-24 01:52:58.622874,1,1,1,13,70
2025-12-24 01:53:01.536857,1,1,1,14,73
2025-12-24 01:53:04.291937,1,1,1,14,71
2025-12-24 01:53:08.205342,1,1,1,13,70
2025-12-24 01:53:11.112070,1,1,1,12,67
2025-12-24 01:53:13.923742,1,1,1,12,67
2025-12-24 01:53:17.731403,1,1,1,12,67
2025-12-24 01:53:21.593788,1,1,1,12,67
2025-12-24 01:53:25.150237,1,1,1,12,66
2025-12-24 01:53:28.551287,1,1,1,12,66
2025-12-24 01:53:31.319235,1,1,1,12,66
2025-12-24 01:53:35.180599,1,1,1,14,67
2025-12-24 01:53:38.488113,1,1,1,17,70
2025-12-24 01:53:42.298431,1,1,1,17,73
2025-12-24 01:53:45.210365,1,1,1,16,76
2025-12-24 01:53:49.119859,1,1,1,15,72
2025-12-24 01:53:51.927700,1,1,1,14,69
2025-12-24 01:53:54.791051,1,1,1,13,66
2025-12-24 01:53:58.647313,1,1,1,13,66
2025-12-24 01:54:01.958940,1,1,1,15,66
2025-12-24 01:54:04.778542,1,1,1,15,66
2025-12-24 01:54:07.674131,1,1,1,15,66
2025-12-24 01:54:10.536594,1,1,1,15,66
2025-12-24 01:54:13.343480,1,1,1,16,66
2025-12-24 01:54:17.206698,1,1,1,18,66
2025-12-24 01:54:20.513066,1,1,1,19,65
2025-12-24 01:54:23.922181,1,1,1,20,65
2025-12-24 01:54:26.784363,1,1,1,20,65
2025-12-24 01:54:29.690645,1,1,1,20,65
2025-12-24 01:54:32.500605,1,1,1,20,65
2025-12-24 01:54:36.309400,1,1,1,20,65
2025-12-24 01:54:40.674481,1,1,1,20,70
2025-12-24 01:54:43.578497,1,1,1,18,72
2025-12-24 01:54:46.337455,1,1,1,16,72
2025-12-24 01:54:50.248708,1,1,1,14,71
2025-12-24 01:54:53.159464,1,1,1,14,70
2025-12-24 01:54:55.968655,1,1,1,14,70
2025-12-24 01:54:59.776267,1,1,1,17,70
2025-12-24 01:55:03.193447,1,2,1,18,70
2025-12-24 01:55:06.547720,1,1,1,19,64
2025-12-24 01:55:09.356887,1,1,1,20,64
2025-12-24 01:55:12.264390,1,1,1,21,62
2025-12-24 01:55:15.689168,1,1,1,21,62
2025-12-24 01:55:19.383658,1,1,1,22,62
2025-12-24 01:55:23.242892,1,1,1,22,62
2025-12-24 01:55:26.153805,1,1,1,23,62
2025-12-24 01:55:28.964638,1,1,1,23,62
2025-12-24 01:55:32.820807,1,1,1,24,63
2025-12-24 01:55:35.733970,1,1,1,24,66
2025-12-24 01:55:38.544341,1,1,1,25,69
2025-12-24 01:55:42.351040,1,1,1,25,72
2025-12-24 01:55:45.261792,1,1,1,25,75
2025-12-24 01:55:49.173411,1,1,1,25,81
2025-12-24 01:55:51.982149,1,1,1,25,83
2025-12-24 01:55:54.839156,1,1,1,25,83
2025-12-24 01:55:58.698194,1,1,1,25,83
2025-12-24 01:56:02.041859,1,1,1,25,86
2025-12-24 01:56:04.864013,1,1,1,25,86
2025-12-24 01:56:07.727152,1,1,1,25,86
2025-12-24 01:56:10.591263,1,1,1,24,86
2025-12-24 01:56:13.397325,1,2,1,21,82
2025-12-24 01:56:17.267634,1,1,1,19,79
2025-12-24 01:56:20.565477,1,1,1,17,76
2025-12-24 01:56:23.374548,1,1,1,16,73
2025-12-24 01:56:26.292252,1,1,1,15,71
2025-12-24 01:56:29.214741,1,1,1,14,70
2025-12-24 01:56:32.004748,1,1,1,14,70
2025-12-24 01:56:35.811020,1,1,1,13,70
2025-12-24 01:56:39.673480,1,1,1,12,70
2025-12-24 01:56:43.031883,1,1,1,12,70
2025-12-24 01:56:45.842243,1,1,1,12,67
2025-12-24 01:56:49.748735,1,1,1,12,64
2025-12-24 01:56:52.608849,1,1,1,12,63
2025-12-24 01:56:55.419354,1,1,1,12,63
2025-12-24 01:56:59.278868,1,1,1,12,63
2025-12-24 01:57:02.239323,1,1,1,13,63
2025-12-24 01:57:05.548062,1,1,1,13,63
2025-12-24 01:57:09.411276,1,1,1,13,63
2025-12-24 01:57:12.323369,1,1,1,13,63
2025-12-24 01:57:15.682054,1,1,1,13,63
2025-12-24 01:57:19.435510,1,1,1,13,63
2025-12-24 01:57:23.296515,1,1,1,13,62
2025-12-24 01:57:26.204044,1,1,1,13,62
2025-12-24 01:57:29.014273,1,1,1,13,62
2025-12-24 01:57:32.876059,1,1,1,12,62
2025-12-24 01:57:35.781413,1,1,1,12,62
2025-12-24 01:57:38.588531,1,1,1,12,62
2025-12-24 01:57:42.400511,1,1,1,12,62
2025-12-24 01:57:45.311962,1,1,1,12,62
2025-12-24 01:57:49.217432,1,1,1,12,62
2025-12-24 01:57:52.029242,1,1,1,12,62
2025-12-24 01:57:54.893896,1,1,1,12,62
2025-12-24 01:57:58.753811,1,1,1,12,62
2025-12-24 01:58:02.056165,1,1,1,12,62
2025-12-24 01:58:05.415699,1,1,1,12,62
2025-12-24 01:58:09.729710,1,1,1,12,62
2025-12-24 01:58:11.234059,1,1,1,12,62
2025-12-24 01:58:14.045927,1,1,1,12,62
2025-12-24 01:58:17.866653,1,1,1,12,62
2025-12-24 01:58:21.712986,1,1,1,12,62
2025-12-24 01:58:25.472153,1,1,1,12,62
2025-12-24 01:58:29.283432,1,1,1,12,62
2025-12-24 01:58:32.591645,1,1,1,12,62
2025-12-24 01:58:36.403066,1,1,1,12,62
2025-12-24 01:58:40.760502,1,1,1,12,66
2025-12-24 01:58:44.071845,1,1,1,14,69
2025-12-24 01:58:47.884655,1,1,1,15,72
2025-12-24 01:58:50.788785,1,1,1,15,75
2025-12-24 01:58:53.597506,1,1,1,14,73
2025-12-24 01:58:57.464893,1,1,1,14,70
2025-12-24 01:59:00.371544,1,1,1,14,69
2025-12-24 01:59:03.726930,1,1,1,14,69
2025-12-24 01:59:07.485421,1,1,1,14,69
2025-12-24 01:59:10.395842,1,1,1,14,69
2025-12-24 01:59:13.805704,1,1,1,14,69
2025-12-24 01:59:16.677979,1,1,1,14,69
2025-12-24 01:59:19.476939,1,1,1,14,69
2025-12-24 01:59:23.336594,1,1,1,14,69
2025-12-24 01:59:26.645907,1,1,1,14,69
2025-12-24 01:59:30.102916,1,1,1,14,69
2025-12-24 01:59:32.919974,1,1,1,14,71
2025-12-24 01:59:35.823671,1,1,1,14,72
2025-12-24 01:59:38.632423,1,1,1,14,70
2025-12-24 01:59:42.443867,1,1,1,14,70
2025-12-24 01:59:46.800458,1,1,1,14,70
2025-12-24 01:59:49.712653,1,1,1,14,70
2025-12-24 01:59:52.470507,1,1,1,16,72
2025-12-24 01:59:56.379809,1,1,1,18,75
2025-12-24 01:59:59.291614,1,1,1,19,78
2025-12-24 02:00:02.099665,1,1,1,19,81
2025-12-24 02:00:05.907470,1,1,1,21,84
2025-12-24 02:00:08.872046,1,1,1,22,87
2025-12-24 02:00:13.279175,1,1,1,22,93
2025-12-24 02:00:16.086609,1,1,1,22,95
2025-12-24 02:00:18.948346,1,1,1,23,91
2025-12-24 02:00:22.806706,1,1,1,23,89
2025-12-24 02:00:26.115775,1,1,1,23,89
2025-12-24 02:00:29.934214,1,1,1,24,89
2025-12-24 02:00:34.786528,1,1,1,24,89
2025-12-24 02:00:38.095787,1,1,1,24,89
2025-12-24 02:00:41.904860,1,1,1,24,89
2025-12-24 02:00:45.766067,1,1,1,24,89
2025-12-24 02:00:49.528065,1,1,1,22,78
2025-12-24 02:00:53.384216,1,1,1,20,78
2025-12-24 02:00:56.291507,1,1,1,18,81
2025-12-24 02:00:59.102113,1,1,1,18,82
2025-12-24 02:01:02.960388,1,1,1,16,80
2025-12-24 02:01:05.883454,1,1,1,16,80
2025-12-24 02:01:08.681032,1,1,1,15,78
2025-12-24 02:01:12.488896,1,1,1,15,75
2025-12-24 02:01:15.452723,1,1,1,15,72
2025-12-24 02:01:19.858286,1,1,1,15,69
2025-12-24 02:01:22.718464,1,1,1,15,69
2025-12-24 02:01:25.527702,1,1,1,15,69
2025-12-24 02:01:29.391919,1,1,1,16,69
2025-12-24 02:01:32.697395,1,1,1,16,69
2025-12-24 02:01:36.505921,1,1,1,17,67
2025-12-24 02:01:39.423966,1,1,1,17,65
2025-12-24 02:01:43.325916,1,1,1,18,67
2025-12-24 02:01:46.132422,1,1,1,19,70
2025-12-24 02:01:49.000658,1,1,1,20,73
2025-12-24 02:01:52.853507,1,1,1,21,72
2025-12-24 02:02:00.234350,1,1,1,21,69
2025-12-24 02:02:00.234450,1,1,1,22,66
2025-12-24 02:02:01.880955,1,1,1,22,65
2025-12-24 02:02:04.740297,1,1,1,22,65
2025-12-24 02:02:07.550025,1,1,1,23,65
2025-12-24 02:02:11.409912,1,1,1,23,65
2025-12-24 02:02:15.169958,1,1,1,22,65
2025-12-24 02:02:17.980234,1,1,1,23,65
2025-12-24 02:02:20.889760,1,1,1,22,65
2025-12-24 02:02:23.697830,1,1,1,22,65
2025-12-24 02:02:27.557222,1,1,1,23,67
2025-12-24 02:02:30.467553,1,1,1,23,70
2025-12-24 02:02:33.826061,1,1,1,24,73
2025-12-24 02:02:37.335295,1,1,1,23,79
2025-12-24 02:02:40.148338,1,1,1,21,81
2025-12-24 02:02:43.005868,1,1,1,19,81
2025-12-24 02:02:46.875363,1,1,1,18,81
2025-12-24 02:02:50.187840,1,1,1,16,81
2025-12-24 02:02:53.982931,1,1,1,16,81
2025-12-24 02:02:56.943211,1,1,1,15,81
2025-12-24 02:03:01.351977,1,1,1,15,72
2025-12-24 02:03:04.173148,1,1,1,16,69
2025-12-24 02:03:07.019715,1,1,1,17,72
2025-12-24 02:03:10.879314,1,1,1,19,75
2025-12-24 02:03:14.188679,1,1,1,20,78
2025-12-24 02:03:17.999122,1,1,1,22,78
2025-12-24 02:03:20.907075,1,1,1,21,78
2025-12-24 02:03:23.717822,1,1,1,20,78
2025-12-24 02:03:27.575641,1,1,1,18,77
2025-12-24 02:03:30.484761,1,1,1,18,74
2025-12-24 02:03:33.847361,1,1,1,16,71
2025-12-24 02:03:37.603632,1,1,1,16,67
2025-12-24 02:03:40.511952,1,1,1,15,67
2025-12-24 02:03:43.933965,1,1,1,14,67
2025-12-24 02:03:46.780150,1,1,1,13,67
2025-12-24 02:03:49.589382,1,1,1,14,67
2025-12-24 02:03:53.449324,1,1,1,16,67
2025-12-24 02:03:56.757806,1,1,1,18,67
2025-12-24 02:04:00.572473,1,1,1,19,67
2025-12-24 02:04:03.490534,1,1,1,19,67
2025-12-24 02:04:07.387393,1,1,1,17,68
2025-12-24 02:04:10.199882,1,1,1,18,68
2025-12-24 02:04:13.106561,1,1,1,20,70
2025-12-24 02:04:16.917451,1,1,1,21,73
2025-12-24 02:04:20.235169,1,1,1,21,76
2025-12-24 02:04:23.034951,1,1,1,22,79
2025-12-24 02:04:25.951732,1,1,1,23,81
2025-12-24 02:04:28.804345,1,1,1,23,81
2025-12-24 02:04:31.613284,1,1,1,23,81
2025-12-24 02:04:35.493992,1,1,1,24,81
2025-12-24 02:04:38.783498,1,1,1,22,81
2025-12-24 02:04:41.594168,1,1,1,22,81
2025-12-24 02:04:44.517216,1,1,1,22,81
2025-12-24 02:04:47.412405,1,1,1,23,81
2025-12-24 02:04:50.220137,1,1,1,23,84
2025-12-24 02:04:54.029229,1,1,1,24,86
2025-12-24 02:04:57.889016,1,1,1,25,86
2025-12-24 02:05:01.400559,1,1,1,25,86
2025-12-24 02:05:04.206924,1,1,1,25,86
2025-12-24 02:05:07.070140,1,1,1,25,86
2025-12-24 02:05:10.926108,1,1,1,25,86
2025-12-24 02:05:13.839264,1,1,1,25,86
2025-12-24 02:05:16.646264,1,1,1,25,86
2025-12-24 02:05:19.554545,1,1,1,25,86
2025-12-24 02:05:22.966338,1,1,1,25,86
2025-12-24 02:05:25.824969,1,1,1,25,86
2025-12-24 02:05:28.633178,1,1,1,25,86
2025-12-24 02:05:32.541278,1,1,1,25,86
2025-12-24 02:05:35.453895,1,1,1,24,86
2025-12-24 02:05:38.811833,1,1,1,21,86
2025-12-24 02:05:41.620503,1,1,1,19,82
2025-12-24 02:05:44.533822,1,1,1,18,76
2025-12-24 02:05:47.438587,1,1,1,16,73
2025-12-24 02:05:50.258256,1,1,1,16,70
2025-12-24 02:05:54.062268,1,1,1,15,67
2025-12-24 02:05:57.917932,1,1,1,15,65
2025-12-24 02:06:01.434703,1,1,1,16,66
2025-12-24 02:06:04.234131,1,1,1,18,69
2025-12-24 02:06:07.096264,1,1,1,19,72
2025-12-24 02:06:10.953798,1,1,1,20,75
2025-12-24 02:06:14.270974,1,1,1,20,77
2025-12-24 02:06:18.072006,1,1,1,21,77
2025-12-24 02:06:21.032403,1,1,1,22,77
2025-12-24 02:06:25.441710,1,1,1,22,77
2025-12-24 02:06:28.251197,1,1,1,23,77
2025-12-24 02:06:31.110791,1,1,1,23,77
2025-12-24 02:06:34.970884,1,1,1,24,80
2025-12-24 02:06:38.288706,1,1,1,24,83
2025-12-24 02:06:41.644184,1,1,1,24,86
2025-12-24 02:06:44.551385,1,1,1,24,89
2025-12-24 02:06:47.461255,1,1,1,25,92
2025-12-24 02:06:50.266698,1,1,1,25,95
2025-12-24 02:06:54.082805,1,1,1,25,98
2025-12-24 02:06:57.935516,1,1,1,25,98
2025-12-24 02:07:01.703393,1,1,1,25,98
2025-12-24 02:07:05.505548,1,1,1,25,98
2025-12-24 02:07:08.815214,1,1,1,25,98
2025-12-24 02:07:12.625208,1,1,1,25,98
2025-12-24 02:07:16.990220,1,1,1,25,97
2025-12-24 02:07:20.293383,1,1,1,24,94
2025-12-24 02:07:24.105884,1,1,1,21,91
2025-12-24 02:07:27.016655,1,1,1,22,88
2025-12-24 02:07:29.819980,1,1,1,20,88
2025-12-24 02:07:33.680180,1,1,1,18,88
2025-12-24 02:07:36.591910,1,1,1,19,88
2025-12-24 02:07:39.959855,1,1,1,20,88
2025-12-24 02:07:43.714451,1,1,1,21,88
2025-12-24 02:07:46.619446,1,1,1,21,88
2025-12-24 02:07:50.028124,1,1,1,22,88
2025-12-24 02:07:52.887626,1,1,1,22,88
2025-12-24 02:07:55.696036,1,1,1,23,88
2025-12-24 02:07:59.559450,1,1,1,23,88
2025-12-24 02:08:02.865540,1,1,1,24,88
2025-12-24 02:08:06.677143,1,1,1,24,88
2025-12-24 02:08:09.585608,1,1,1,24,88
2025-12-24 02:08:12.896405,1,1,1,24,88
2025-12-24 02:08:15.706438,1,1,1,25,88
2025-12-24 02:08:18.616247,1,1,1,25,88
2025-12-24 02:08:21.974433,1,1,1,25,89
2025-12-24 02:08:25.338246,1,1,1,25,95
2025-12-24 02:08:28.145092,1,1,1,25,98
2025-12-24 02:08:32.053488,1,1,1,25,99
2025-12-24 02:08:34.922391,1,1,1,25,99
2025-12-24 02:08:37.726261,1,1,1,25,99
2025-12-24 02:08:41.585351,1,1,1,25,99
2025-12-24 02:08:44.547465,1,1,1,25,99
2025-12-24 02:08:47.852473,1,1,1,25,99
2025-12-24 02:08:51.711820,1,1,1,25,99
2025-12-24 02:08:54.625949,1,1,1,25,99
2025-12-24 02:08:57.982411,1,1,1,25,99
2025-12-24 02:09:01.752450,1,1,1,25,99
2025-12-24 02:09:04.649278,1,1,1,25,99
2025-12-24 02:09:08.060781,1,1,1,25,99
2025-12-24 02:09:10.922150,1,1,1,25,99
2025-12-24 02:09:13.730541,1,1,1,25,99
2025-12-24 02:09:17.589605,1,1,1,25,99
2025-12-24 02:09:20.902065,1,1,1,25,99
2025-12-24 02:09:24.710658,1,1,1,25,99
2025-12-24 02:09:27.619767,1,1,1,25,97
2025-12-24 02:09:31.537614,1,1,1,25,91
2025-12-24 02:09:34.339562,1,1,1,25,91
2025-12-24 02:09:37.198484,1,1,1,25,91
2025-12-24 02:09:41.060418,1,1,1,25,91
2025-12-24 02:09:43.971061,1,1,1,25,91
2025-12-24 02:09:47.340839,1,1,1,25,91
2025-12-24 02:09:51.187863,1,1,1,25,92
2025-12-24 02:09:54.102832,1,1,1,25,95
2025-12-24 02:09:56.906131,1,1,1,25,97
2025-12-24 02:10:00.716781,1,1,1,25,97
2025-12-24 02:10:05.079305,1,1,1,25,97
2025-12-24 02:10:07.936533,1,1,1,25,97
2025-12-24 02:10:10.796196,1,1,1,25,97
2025-12-24 02:10:14.656298,1,1,1,25,97
2025-12-24 02:10:17.569504,1,1,1,25,97
2025-12-24 02:10:20.375357,1,1,1,25,97
2025-12-24 02:10:23.786029,1,1,1,25,97
2025-12-24 02:10:27.695735,1,1,1,25,97
2025-12-24 02:10:32.662855,1,1,1,25,97
2025-12-24 02:10:35.567077,1,1,1,25,97
2025-12-24 02:10:38.375532,1,1,2,25,97
2025-12-24 02:10:42.184528,1,1,1,24,97
2025-12-24 02:10:45.145928,1,1,1,23,93
2025-12-24 02:10:49.554317,1,1,1,23,81
2025-12-24 02:10:52.364135,1,1,1,23,75
2025-12-24 02:10:55.223678,1,1,1,22,72
2025-12-24 02:10:59.085647,1,1,1,21,69
2025-12-24 02:11:02.393092,1,1,1,20,66
2025-12-24 02:11:05.753777,1,1,10,20,65
2025-12-24 02:11:08.666824,1,2,23,20,65
2025-12-24 02:11:11.573170,1,2,12,19,68
2025-12-24 02:11:14.381532,1,2,37,19,71
2025-12-24 02:11:18.689866,1,2,6,19,74
2025-12-24 02:11:22.051037,1,1,4,16,77
2025-12-24 02:11:25.422655,1,2,2,14,77
2025-12-24 02:11:28.225230,1,2,3,13,77
2025-12-24 02:11:32.133131,1,2,3,12,79
2025-12-24 02:11:34.991115,1,2,5,11,82
2025-12-24 02:11:37.801096,1,2,1,11,84
2025-12-24 02:11:41.662717,1,1,2,11,87
2025-12-24 02:11:44.620759,1,2,2,13,90
2025-12-24 02:11:47.930536,1,2,1,13,86
2025-12-24 02:11:51.839959,1,2,1,14,80
2025-12-24 02:11:54.701669,1,2,3,14,77
2025-12-24 02:11:58.060678,1,1,1,15,73
2025-12-24 02:12:01.819782,1,1,1,15,67
2025-12-24 02:12:05.329199,1,2,1,15,67
2025-12-24 02:12:08.140017,1,2,3,15,67
2025-12-24 02:12:10.998827,1,1,1,15,67
2025-12-24 02:12:13.808810,1,2,1,15,70
2025-12-24 02:12:17.669020,1,1,1,15,71
2025-12-24 02:12:20.976767,1,1,3,14,71
2025-12-24 02:12:24.787867,1,1,1,14,69
2025-12-24 02:12:27.699127,1,2,1,13,66
2025-12-24 02:12:31.619524,1,1,1,13,65
2025-12-24 02:12:34.422533,1,2,1,12,67
2025-12-24 02:12:37.338093,1,1,1,12,70
2025-12-24 02:12:41.138397,1,2,1,12,70
2025-12-24 02:12:44.601815,1,2,3,11,70
2025-12-24 02:12:47.409200,1,1,1,11,73
2025-12-24 02:12:51.270121,1,1,1,11,76
2025-12-24 02:12:54.177286,1,1,1,11,76
2025-12-24 02:12:56.992216,1,1,2,11,76
2025-12-24 02:13:01.297627,1,1,3,11,70
2025-12-24 02:13:04.706186,1,1,1,11,67
2025-12-24 02:13:07.617254,1,1,1,11,67
2025-12-24 02:13:10.425883,1,1,2,12,65
2025-12-24 02:13:13.290149,1,1,1,14,63
2025-12-24 02:13:17.145363,1,2,1,16,63
2025-12-24 02:13:20.459217,1,1,1,17,63
2025-12-24 02:13:23.915335,1,1,2,19,66
2025-12-24 02:13:26.727910,1,2,1,19,69
2025-12-24 02:13:29.639510,1,1,1,18,72
2025-12-24 02:13:32.446758,1,1,1,18,73
2025-12-24 02:13:36.754330,1,1,1,15,70
2025-12-24 02:13:40.120466,1,2,1,14,69
2025-12-24 02:13:44.076958,1,1,4,13,69
2025-12-24 02:13:46.835352,1,1,1,14,69
2025-12-24 02:13:50.745611,1,2,1,17,69
2025-12-24 02:13:53.656149,1,1,1,16,69
2025-12-24 02:13:56.468539,1,1,2,16,69
2025-12-24 02:14:00.275606,1,2,1,15,69
2025-12-24 02:14:03.184218,1,1,1,14,69
2025-12-24 02:14:05.997304,1,1,1,13,69
2025-12-24 02:14:09.903540,1,2,2,12,69
2025-12-24 02:14:12.771076,1,2,1,12,69
2025-12-24 02:14:16.127090,1,1,1,11,69
2025-12-24 02:14:19.882808,1,2,1,11,69
2025-12-24 02:14:23.692661,1,1,2,11,69
2025-12-24 02:14:27.020894,1,1,1,11,69
2025-12-24 02:14:30.814237,1,2,1,11,69
2025-12-24 02:14:35.176457,1,1,2,11,69
2025-12-24 02:14:38.525447,1,1,1,11,69
2025-12-24 02:14:42.797889,1,1,2,11,70
2025-12-24 02:14:46.207831,1,2,3,11,70
2025-12-24 02:14:49.064196,1,1,1,11,70
2025-12-24 02:14:51.879134,1,1,3,11,70
2025-12-24 02:14:54.784262,1,1,2,12,69
2025-12-24 02:14:58.149243,1,2,1,12,66
2025-12-24 02:15:01.952785,1,1,3,12,66
2025-12-24 02:15:04.763031,1,1,2,12,66
2025-12-24 02:15:07.673180,1,1,1,12,66
2025-12-24 02:15:10.485359,1,1,3,12,66
2025-12-24 02:15:13.394282,1,1,1,12,66
2025-12-24 02:15:17.203520,1,1,1,12,66
2025-12-24 02:15:22.173468,1,1,1,12,66
2025-12-24 02:15:25.074538,1,1,1,12,66
2025-12-24 02:15:27.890412,1,1,2,12,66
2025-12-24 02:15:30.794178,1,1,1,12,66
2025-12-24 02:15:34.154335,1,1,1,12,65
2025-12-24 02:15:37.913345,1,2,1,12,64
2025-12-24 02:15:41.422377,1,1,1,12,64
2025-12-24 02:15:44.242580,1,1,1,13,65
2025-12-24 02:15:47.090911,1,1,1,13,68
2025-12-24 02:15:49.950688,1,1,1,13,68
2025-12-24 02:15:53.770153,1,1,1,13,68
2025-12-24 02:15:57.080360,1,2,3,13,68
2025-12-24 02:16:00.886832,1,1,1,12,70
2025-12-24 02:16:03.801072,1,1,3,12,70
2025-12-24 02:16:07.701515,1,2,1,12,70
2025-12-24 02:16:10.512179,1,1,1,12,70
2025-12-24 02:16:13.370281,1,1,1,12,70
2025-12-24 02:16:17.230972,1,1,1,12,70
2025-12-24 02:16:21.240765,1,1,1,12,69
2025-12-24 02:16:24.052484,1,1,1,13,69
2025-12-24 02:16:27.911829,1,2,1,13,69
2025-12-24 02:16:30.823938,1,2,1,14,69
2025-12-24 02:16:34.189980,1,1,1,14,69
2025-12-24 02:16:37.939902,1,1,1,14,70
2025-12-24 02:16:41.449116,1,2,1,14,73
2025-12-24 02:16:44.258675,1,2,3,14,76
2025-12-24 02:16:47.135684,1,2,2,14,78
2025-12-24 02:16:49.988150,1,2,1,14,73
2025-12-24 02:16:53.789590,1,2,1,14,69
2025-12-24 02:16:57.099424,1,1,1,14,68
2025-12-24 02:17:00.958611,1,2,2,14,68
2025-12-24 02:17:03.818387,1,1,2,14,68
2025-12-24 02:17:07.739673,1,2,1,14,62
2025-12-24 02:17:10.539732,1,1,1,14,62
2025-12-24 02:17:13.400326,1,1,2,14,62
2025-12-24 02:17:17.262886,1,1,1,14,62
2025-12-24 02:17:20.719240,1,1,1,14,62
2025-12-24 02:17:23.529835,1,2,1,14,62
2025-12-24 02:17:27.387608,1,2,2,14,62
2025-12-24 02:17:30.301681,1,2,2,14,62
2025-12-24 02:17:33.106776,1,1,1,14,62
2025-12-24 02:17:36.919992,1,2,1,14,62
2025-12-24 02:17:39.827800,1,1,2,14,62
2025-12-24 02:17:43.738486,1,2,1,14,62
2025-12-24 02:17:46.548523,1,1,1,14,63
2025-12-24 02:17:49.458405,1,2,2,14,63
2025-12-24 02:17:53.271158,1,1,1,14,63
2025-12-24 02:17:56.577921,1,1,1,14,63
2025-12-24 02:17:59.386286,1,2,1,14,62
2025-12-24 02:18:02.298849,1,1,1,14,62
2025-12-24 02:18:05.156067,1,1,2,14,62
2025-12-24 02:18:07.966004,1,2,1,14,62
2025-12-24 02:18:11.827102,1,1,1,14,62
2025-12-24 02:18:15.134071,1,1,1,14,64
2025-12-24 02:18:18.600586,1,1,1,14,67
2025-12-24 02:18:21.405219,1,2,1,14,67
2025-12-24 02:18:24.313027,1,1,1,14,67
2025-12-24 02:18:27.120844,1,1,1,14,67
2025-12-24 02:18:31.430497,1,1,1,14,67
2025-12-24 02:18:35.292628,1,1,2,15,67
2025-12-24 02:18:39.150363,1,1,1,16,67
2025-12-24 02:18:41.971927,1,1,2,16,67
2025-12-24 02:18:44.875948,1,1,1,17,67
2025-12-24 02:18:47.778696,1,1,1,16,67
2025-12-24 02:18:50.590287,1,2,1,16,67
2025-12-24 02:18:54.396970,1,1,1,15,67
2025-12-24 02:18:58.256616,1,1,1,15,67
2025-12-24 02:19:01.766141,1,1,2,14,67
2025-12-24 02:19:05.074969,1,2,1,14,67
2025-12-24 02:19:07.885166,1,1,2,15,67
2025-12-24 02:19:10.794988,1,1,1,14,67
2025-12-24 02:19:13.616924,1,2,1,13,67
2025-12-24 02:19:16.513732,1,1,1,13,67
2025-12-24 02:19:20.874942,1,1,1,12,67
2025-12-24 02:19:23.785675,1,2,1,12,67
2025-12-24 02:19:26.604646,1,1,2,12,67
2025-12-24 02:19:30.915375,1,1,1,12,67
2025-12-24 02:19:34.264896,1,2,1,12,67
2025-12-24 02:19:38.075317,1,1,1,12,64
2025-12-24 02:19:40.883653,1,1,1,11,62
2025-12-24 02:19:43.795448,1,1,1,11,62
2025-12-24 02:19:46.608106,1,1,1,11,62
2025-12-24 02:19:49.464804,1,1,1,12,62
2025-12-24 02:19:53.324612,1,1,1,13,62
2025-12-24 02:19:57.033494,1,1,1,14,62
2025-12-24 02:19:59.893994,1,1,1,15,65
2025-12-24 02:20:02.803905,1,1,1,15,65
2025-12-24 02:20:05.624410,1,1,1,15,65
2025-12-24 02:20:09.525126,1,1,1,15,65
2025-12-24 02:20:12.385918,1,1,1,15,65
2025-12-24 02:20:17.344744,1,1,1,15,65
2025-12-24 02:20:20.203804,1,1,1,15,65
2025-12-24 02:20:23.016705,1,2,1,15,65
2025-12-24 02:20:26.925769,1,1,1,15,65
2025-12-24 02:20:29.834957,1,2,3,15,65
2025-12-24 02:20:32.646353,1,1,1,15,65
2025-12-24 02:20:35.457968,1,1,1,15,65
2025-12-24 02:20:38.366655,1,2,1,15,68
2025-12-24 02:20:41.222207,1,1,1,15,71
2025-12-24 02:20:44.033143,1,1,1,15,74
2025-12-24 02:20:47.892478,1,1,1,14,77
2025-12-24 02:20:51.201243,1,1,2,13,79
2025-12-24 02:20:54.663218,1,1,1,12,79
2025-12-24 02:20:57.521277,1,1,1,12,79
2025-12-24 02:21:00.385604,1,1,2,13,79
2025-12-24 02:21:03.190764,1,1,1,14,79
2025-12-24 02:21:07.013275,1,1,1,15,79
2025-12-24 02:21:11.360600,1,1,2,15,77
2025-12-24 02:21:14.269415,1,2,3,15,74
2025-12-24 02:21:17.093381,1,1,3,15,74
2025-12-24 02:21:20.940712,1,2,1,16,74
2025-12-24 02:21:23.850562,1,1,1,16,75
2025-12-24 02:21:26.660041,1,2,1,16,77
2025-12-24 02:21:30.970776,1,1,1,16,78
2025-12-24 02:21:34.430794,1,1,1,16,84
2025-12-24 02:21:37.840290,1,2,1,16,87
2025-12-24 02:21:40.651300,1,1,1,17,90
2025-12-24 02:21:43.558691,1,1,1,17,90
2025-12-24 02:21:47.368282,1,2,3,17,90
2025-12-24 02:21:50.678552,1,1,1,17,90
2025-12-24 02:21:54.152484,1,1,3,17,90
2025-12-24 02:21:56.949267,1,2,1,17,90
2025-12-24 02:21:59.858234,1,1,1,17,90
2025-12-24 02:22:02.673568,1,1,2,17,88
2025-12-24 02:22:06.475562,1,1,1,17,82
2025-12-24 02:22:10.335686,1,1,1,17,76
2025-12-24 02:22:13.703187,1,1,1,17,68
2025-12-24 02:22:16.504288,1,2,1,17,65
2025-12-24 02:22:20.415017,1,1,1,16,62
2025-12-24 02:22:23.283830,1,2,2,16,62
2025-12-24 02:22:26.136480,1,1,1,15,62
2025-12-24 02:22:29.944005,1,1,1,15,62
2025-12-24 02:22:33.454718,1,2,1,14,62
2025-12-24 02:22:37.867158,1,1,2,14,62
2025-12-24 02:22:40.675696,1,1,2,14,62
2025-12-24 02:22:43.536903,1,1,1,14,62
2025-12-24 02:22:47.403876,1,1,1,14,62
2025-12-24 02:22:50.703014,1,1,1,14,62
2025-12-24 02:22:54.065046,1,2,1,14,62
2025-12-24 02:22:56.982684,1,1,2,14,62
2025-12-24 02:22:59.883442,1,1,2,14,62
2025-12-24 02:23:02.692257,1,2,1,14,62
2025-12-24 02:23:06.501603,1,1,2,14,62
2025-12-24 02:23:10.364108,1,1,1,14,62
2025-12-24 02:23:13.722428,1,1,2,14,62
2025-12-24 02:23:16.586601,1,1,1,14,62
2025-12-24 02:23:20.440375,1,2,2,14,62
2025-12-24 02:23:23.301783,1,1,1,14,62
2025-12-24 02:23:26.114092,1,1,2,14,62
2025-12-24 02:23:29.969279,1,1,1,14,62
2025-12-24 02:23:33.479045,1,2,1,14,62
2025-12-24 02:23:37.890170,1,2,1,14,62
2025-12-24 02:23:40.701731,1,1,2,14,62
2025-12-24 02:23:43.609878,1,1,1,15,63
2025-12-24 02:23:47.426852,1,1,1,15,64
2025-12-24 02:23:50.732052,1,1,1,15,65
2025-12-24 02:23:53.539935,1,1,1,15,65
2025-12-24 02:23:56.448713,1,2,3,16,65
2025-12-24 02:23:59.310311,1,1,1,16,65
2025-12-24 02:24:02.121606,1,1,1,16,65
2025-12-24 02:24:05.979867,1,2,1,16,65
2025-12-24 02:24:09.290178,1,1,1,16,65
2025-12-24 02:24:12.148556,1,1,1,15,65
2025-12-24 02:24:15.009937,1,1,1,14,65
2025-12-24 02:24:17.925016,1,1,1,13,65
2025-12-24 02:24:20.734488,1,1,3,13,68
2025-12-24 02:24:24.536852,1,2,1,13,70
2025-12-24 02:24:28.396997,1,1,1,13,70
2025-12-24 02:24:31.758130,1,1,3,13,70
2025-12-24 02:24:34.570973,1,1,1,13,70
2025-12-24 02:24:38.477254,1,2,1,13,70
2025-12-24 02:24:41.338399,1,2,3,14,70
2025-12-24 02:24:44.196696,1,2,2,14,70
2025-12-24 02:24:48.015531,1,1,1,14,70
2025-12-24 02:24:50.917124,1,2,1,14,70
2025-12-24 02:24:53.736782,1,1,3,14,70
2025-12-24 02:24:57.635396,1,1,1,14,70
2025-12-24 02:25:00.498885,1,1,1,14,70
2025-12-24 02:25:03.304798,1,2,2,15,70
2025-12-24 02:25:07.122724,1,1,2,15,70
2025-12-24 02:25:10.026467,1,2,1,16,70
2025-12-24 02:25:13.937075,1,2,3,16,70
2025-12-24 02:25:16.759256,1,2,1,15,70
2025-12-24 02:25:19.656781,1,2,3,15,70
2025-12-24 02:25:23.476383,1,1,2,15,70
2025-12-24 02:25:26.774793,1,1,1,15,69
2025-12-24 02:25:29.664307,1,2,4,15,69
2025-12-24 02:25:32.494699,1,1,1,15,69
2025-12-24 02:25:35.356387,1,2,2,15,69
2025-12-24 02:25:38.172097,1,2,1,16,69
2025-12-24 02:25:42.024073,1,1,1,16,69
2025-12-24 02:25:45.383472,1,1,1,17,69
2025-12-24 02:25:48.741658,1,2,1,16,72
2025-12-24 02:25:51.603595,1,2,2,16,75
2025-12-24 02:25:54.513030,1,1,1,15,78
2025-12-24 02:25:57.322561,1,1,1,15,75
2025-12-24 02:26:01.633137,1,1,2,15,69
2025-12-24 02:26:05.044290,1,1,2,15,67
2025-12-24 02:26:07.957001,1,1,1,15,67
2025-12-24 02:26:10.764983,1,2,2,15,67
2025-12-24 02:26:13.624629,1,1,1,15,67
2025-12-24 02:26:17.484080,1,2,2,14,67
2025-12-24 02:26:20.793864,1,2,1,14,67
2025-12-24 02:26:24.210412,1,1,1,14,67
2025-12-24 02:26:27.516846,1,1,1,14,67
2025-12-24 02:26:30.324653,1,2,2,14,67
2025-12-24 02:26:35.687146,1,2,1,15,67
2025-12-24 02:26:38.546548,1,1,1,17,67
2025-12-24 02:26:41.406319,1,1,1,18,67
2025-12-24 02:26:44.169100,1,2,3,19,70
2025-12-24 02:26:48.025179,1,1,2,20,73
2025-12-24 02:26:51.336254,1,1,1,22,72
2025-12-24 02:26:55.647855,1,2,1,22,66
2025-12-24 02:26:59.504974,1,1,1,22,66
2025-12-24 02:27:02.815462,1,1,1,23,66
2025-12-24 02:27:05.674440,1,1,1,23,66
2025-12-24 02:27:08.534403,1,1,2,23,66
2025-12-24 02:27:11.400834,1,1,1,23,66
2025-12-24 02:27:14.254828,1,1,1,23,66
2025-12-24 02:27:18.064272,1,1,1,23,66
2025-12-24 02:27:21.373396,1,1,3,23,66
2025-12-24 02:27:24.237790,1,1,3,22,66
2025-12-24 02:27:27.104639,1,1,1,20,66
2025-12-24 02:27:30.003917,1,1,1,19,66
2025-12-24 02:27:32.821551,1,1,2,19,66
2025-12-24 02:27:36.625766,1,1,3,17,66
2025-12-24 02:27:40.481442,1,2,7,17,66
2025-12-24 02:27:43.991659,1,2,16,17,66
2025-12-24 02:27:46.804568,1,2,4,16,66
2025-12-24 02:27:49.661952,1,2,5,16,66
2025-12-24 02:27:53.524762,1,2,6,16,66
2025-12-24 02:27:56.831193,1,2,4,16,66
2025-12-24 02:28:00.639480,1,2,4,16,66
2025-12-24 02:28:03.550280,1,2,13,15,66
2025-12-24 02:28:06.360398,1,2,8,15,66
2025-12-24 02:28:10.269825,1,2,2,14,66
2025-12-24 02:28:13.131140,1,1,1,15,66
2025-12-24 02:28:16.491115,1,2,1,17,66
2025-12-24 02:28:20.261433,1,2,3,19,66
2025-12-24 02:28:24.167591,1,1,2,20,66
2025-12-24 02:28:27.570675,1,1,1,22,67
2025-12-24 02:28:30.928838,1,1,1,22,70
2025-12-24 02:28:33.690512,1,1,1,21,73
2025-12-24 02:28:36.600267,1,2,1,20,76
2025-12-24 02:28:41.562443,1,2,3,19,73
2025-12-24 02:28:44.422256,1,2,8,20,73
2025-12-24 02:28:47.230181,1,2,17,21,73
2025-12-24 02:28:51.141857,1,2,20,21,73
2025-12-24 02:28:54.051158,1,2,5,20,76
2025-12-24 02:28:56.859755,1,2,39,20,76
2025-12-24 02:29:00.670360,1,2,20,23,76
2025-12-24 02:29:03.578827,1,2,10,23,108
2025-12-24 02:29:06.386805,1,1,1,23,111
2025-12-24 02:29:10.249491,1,1,1,23,114
2025-12-24 02:29:13.157477,1,1,1,24,117
2025-12-24 02:29:16.517122,1,1,1,23,120
2025-12-24 02:29:19.887463,1,1,1,23,117
2025-12-24 02:29:22.689515,1,1,1,20,111
2025-12-24 02:29:26.596855,1,1,1,19,105
2025-12-24 02:29:29.457361,1,2,3,18,99
2025-12-24 02:29:32.266350,1,1,1,17,95
2025-12-24 02:29:36.137983,1,2,7,16,92
2025-12-24 02:29:39.086598,1,1,1,15,91
2025-12-24 02:29:42.395348,1,1,1,15,91
2025-12-24 02:29:46.256578,1,1,1,15,91
2025-12-24 02:29:49.167281,1,1,2,15,91
2025-12-24 02:29:52.526338,1,2,5,15,91
2025-12-24 02:29:56.336614,1,1,1,15,86
2025-12-24 02:29:59.204506,1,1,1,16,86
2025-12-24 02:30:02.656468,1,1,1,16,86
2025-12-24 02:30:06.066514,1,1,1,16,86
2025-12-24 02:30:08.886450,1,1,1,16,86
2025-12-24 02:30:12.692557,1,1,1,13,86
2025-12-24 02:30:16.556886,1,1,1,12,86
2025-12-24 02:30:19.905175,1,1,1,11,86
2025-12-24 02:30:22.764305,1,1,1,11,86
2025-12-24 02:30:26.623784,1,2,5,13,86
2025-12-24 02:30:29.484766,1,2,10,14,86
2025-12-24 02:30:32.354806,1,2,1,14,86
2025-12-24 02:30:36.155870,1,1,1,16,86
2025-12-24 02:30:39.067419,1,1,1,17,86
2025-12-24 02:30:41.876093,1,1,1,17,86
2025-12-24 02:30:45.737036,1,1,1,14,86
2025-12-24 02:30:48.644986,1,1,1,13,86
2025-12-24 02:30:51.454806,1,1,1,14,86
2025-12-24 02:30:55.263591,1,1,1,16,86
2025-12-24 02:30:58.225703,1,1,1,17,82
2025-12-24 02:31:02.634260,1,1,1,18,74
2025-12-24 02:31:05.497012,1,1,1,19,71
2025-12-24 02:31:08.304625,1,1,1,19,69
2025-12-24 02:31:12.163636,1,1,1,19,69
2025-12-24 02:31:15.473453,1,1,1,20,69
2025-12-24 02:31:18.902202,1,1,1,20,69
2025-12-24 02:31:21.751215,1,1,1,21,69
2025-12-24 02:31:24.663589,1,1,1,20,69
2025-12-24 02:31:27.461778,1,1,1,20,69
2025-12-24 02:31:31.273542,1,1,1,20,66
2025-12-24 02:31:35.633252,1,1,1,20,62
2025-12-24 02:31:38.496694,1,1,1,20,62
2025-12-24 02:31:41.303070,1,1,1,20,62
2025-12-24 02:31:45.212936,1,1,1,22,63
2025-12-24 02:31:48.121647,1,1,1,22,66
2025-12-24 02:31:50.930878,1,1,1,22,69
2025-12-24 02:31:54.762291,1,1,1,21,69
2025-12-24 02:31:57.648791,1,1,1,19,67
2025-12-24 02:32:00.460313,1,1,1,19,67
2025-12-24 02:32:05.272470,1,1,1,16,67
2025-12-24 02:32:08.681864,1,1,1,15,69
2025-12-24 02:32:11.552665,1,1,1,13,72
2025-12-24 02:32:14.352185,1,1,1,12,75
2025-12-24 02:32:17.720952,1,1,1,12,78
2025-12-24 02:32:21.120860,1,1,1,11,81
2025-12-24 02:32:23.934034,1,1,1,11,84
2025-12-24 02:32:27.790568,1,1,1,11,84
2025-12-24 02:32:30.699567,1,1,1,11,84
2025-12-24 02:32:33.508446,1,1,1,11,84
2025-12-24 02:32:36.316320,1,1,1,11,84
2025-12-24 02:32:39.228344,1,1,1,11,84
2025-12-24 02:32:42.137412,1,1,1,11,84
2025-12-24 02:32:44.946274,1,1,1,11,84
2025-12-24 02:32:48.756351,1,1,1,11,84
2025-12-24 02:32:52.613681,1,1,1,11,84
2025-12-24 02:32:55.975249,1,1,1,11,84
2025-12-24 02:32:59.333915,1,1,1,11,80
2025-12-24 02:33:03.243298,1,1,1,11,75
2025-12-24 02:33:06.152990,1,1,1,11,73
2025-12-24 02:33:08.981914,1,1,1,11,73
2025-12-24 02:33:12.771969,1,1,1,11,73
2025-12-24 02:33:15.729307,1,1,1,12,73
2025-12-24 02:33:20.139892,1,1,1,15,73
2025-12-24 02:33:22.948390,1,1,1,17,73
2025-12-24 02:33:25.809768,1,1,1,19,73
2025-12-24 02:33:29.668357,1,1,1,20,73
2025-12-24 02:33:32.979862,1,1,1,21,70
2025-12-24 02:33:36.790292,1,1,1,17,67
2025-12-24 02:33:39.702632,1,1,1,17,64
2025-12-24 02:33:42.504724,1,1,1,16,63
2025-12-24 02:33:47.317191,1,1,1,15,68
2025-12-24 02:33:50.726479,1,1,1,14,71
2025-12-24 02:33:53.586927,1,1,1,13,74
2025-12-24 02:33:56.401945,1,1,1,12,77
2025-12-24 02:33:59.766062,1,1,1,12,74
2025-12-24 02:34:03.168621,1,1,1,11,71
2025-12-24 02:34:05.976058,1,1,1,11,68
2025-12-24 02:34:09.836633,1,1,1,11,65
2025-12-24 02:34:12.746058,1,1,1,11,64
2025-12-24 02:34:16.056982,1,1,1,11,64
2025-12-24 02:34:19.386876,1,1,1,12,64
2025-12-24 02:34:22.275792,1,1,1,12,64
2025-12-24 02:34:26.184878,1,1,1,12,64
2025-12-24 02:34:28.993096,1,1,1,12,64
2025-12-24 02:34:31.854031,1,1,1,13,64
2025-12-24 02:34:35.711771,1,1,1,13,64
2025-12-24 02:34:38.582117,1,1,1,15,64
2025-12-24 02:34:41.382644,1,1,1,15,64
2025-12-24 02:34:45.297208,1,1,1,14,64
2025-12-24 02:34:48.201407,1,1,1,14,64
2025-12-24 02:34:51.010417,1,1,1,14,64
2025-12-24 02:34:54.819373,1,1,1,18,64
2025-12-24 02:34:57.727898,1,1,1,19,63
2025-12-24 02:35:00.740838,1,1,1,21,63
2025-12-24 02:35:03.547259,1,1,1,21,63
2025-12-24 02:35:07.358617,1,1,1,22,63
2025-12-24 02:35:11.716505,1,1,1,22,65
2025-12-24 02:35:15.029118,1,1,1,23,65
2025-12-24 02:35:17.837698,1,1,1,23,65
2025-12-24 02:35:20.747293,1,1,1,23,65
2025-12-24 02:35:23.613396,1,1,1,23,65
2025-12-24 02:35:26.414634,1,1,1,23,65
2025-12-24 02:35:30.276212,1,1,1,23,65
2025-12-24 02:35:33.585183,1,1,1,24,65
2025-12-24 02:35:37.010610,1,1,1,24,65
2025-12-24 02:35:39.853827,1,1,1,24,65
2025-12-24 02:35:42.763177,1,1,1,24,65
2025-12-24 02:35:45.571527,1,1,1,24,65
2025-12-24 02:35:49.380770,1,1,1,24,65
2025-12-24 02:35:53.740199,1,1,1,24,63
2025-12-24 02:35:56.659874,1,1,2,24,62
2025-12-24 02:35:59.412881,1,1,1,24,62
2025-12-24 02:36:03.322237,1,1,1,23,62
2025-12-24 02:36:06.227641,1,1,1,20,62
2025-12-24 02:36:09.037213,1,1,1,20,62
2025-12-24 02:36:12.845280,1,1,1,19,62
2025-12-24 02:36:16.706799,1,1,1,20,62
2025-12-24 02:36:20.217480,1,1,1,21,62
2025-12-24 02:36:23.023777,1,1,1,21,62
2025-12-24 02:36:25.884531,1,1,1,22,62
2025-12-24 02:36:29.742490,1,1,1,22,62
2025-12-24 02:36:33.052541,1,1,1,22,62
2025-12-24 02:36:36.864096,1,1,1,23,62
2025-12-24 02:36:39.820453,1,1,1,23,62
2025-12-24 02:36:44.231989,1,1,1,23,66
2025-12-24 02:36:47.039509,1,1,1,24,67
2025-12-24 02:36:49.900616,1,1,1,24,67
2025-12-24 02:36:53.761814,1,1,1,24,67
2025-12-24 02:36:57.069226,1,1,1,24,66
2025-12-24 02:37:00.430267,1,1,1,24,65
2025-12-24 02:37:03.339513,1,1,1,24,65
2025-12-24 02:37:06.248879,1,1,1,24,65
2025-12-24 02:37:09.058955,1,1,1,24,65
2025-12-24 02:37:12.866782,1,1,1,24,65
2025-12-24 02:37:16.732044,1,1,1,24,65
2025-12-24 02:37:20.087320,1,1,1,21,65
2025-12-24 02:37:22.896148,1,1,1,20,65
2025-12-24 02:37:26.806208,1,1,1,21,68
2025-12-24 02:37:29.664024,1,1,1,22,71
2025-12-24 02:37:32.474682,1,1,1,22,74
2025-12-24 02:37:36.334182,1,1,1,23,77
2025-12-24 02:37:39.295033,1,1,1,23,80
2025-12-24 02:37:42.603586,1,1,1,23,78
2025-12-24 02:37:46.465078,1,1,1,23,74
2025-12-24 02:37:49.375495,1,1,1,24,71
2025-12-24 02:37:52.736904,1,1,1,25,72
2025-12-24 02:37:56.492856,1,1,1,25,78
2025-12-24 02:38:00.353084,1,1,1,25,81
2025-12-24 02:38:03.261253,1,1,1,24,78
2025-12-24 02:38:06.072714,1,1,1,24,74
2025-12-24 02:38:09.930781,1,1,1,24,71
2025-12-24 02:38:12.842670,1,1,1,24,68
2025-12-24 02:38:15.648872,1,1,1,24,65
2025-12-24 02:38:19.458788,1,1,1,24,63
2025-12-24 02:38:22.380020,1,1,1,23,66
2025-12-24 02:38:26.278026,1,1,1,23,66
2025-12-24 02:38:29.090769,1,1,1,23,63
2025-12-24 02:38:31.947274,1,1,1,22,62
2025-12-24 02:38:35.805845,1,1,1,22,62
2025-12-24 02:38:39.117351,1,1,1,22,62
2025-12-24 02:38:43.265536,1,1,1,18,62
2025-12-24 02:38:44.836145,1,1,1,15,62
2025-12-24 02:38:47.696263,1,1,1,14,62
2025-12-24 02:38:50.505308,1,1,1,13,62
2025-12-24 02:38:54.367422,1,1,1,12,62
2025-12-24 02:38:57.678892,1,1,1,11,62
2025-12-24 02:39:00.484078,1,1,1,11,62
2025-12-24 02:39:03.394740,1,1,1,11,62
2025-12-24 02:39:06.305089,1,1,1,11,62
2025-12-24 02:39:09.114023,1,1,1,11,62
2025-12-24 02:39:12.924890,1,1,1,11,62
2025-12-24 02:39:16.781689,1,1,1,11,62
2025-12-24 02:39:20.093177,1,1,1,11,62
2025-12-24 02:39:22.953577,1,1,1,11,62
2025-12-24 02:39:26.861044,1,1,1,11,62
2025-12-24 02:39:29.723526,1,1,1,11,62
2025-12-24 02:39:32.531358,1,1,1,14,62
2025-12-24 02:39:36.397475,1,1,1,17,62
2025-12-24 02:39:39.300624,1,1,1,20,62
2025-12-24 02:39:42.110804,1,1,1,20,62
2025-12-24 02:39:45.970796,1,1,1,21,62
2025-12-24 02:39:48.877908,1,1,1,22,62
2025-12-24 02:39:51.687324,1,1,1,22,62
2025-12-24 02:39:55.497018,1,1,1,22,62
2025-12-24 02:39:58.458074,1,1,1,23,62
2025-12-24 02:40:02.867090,1,1,1,23,62
2025-12-24 02:40:05.725823,1,1,1,23,62
2025-12-24 02:40:08.535190,1,1,1,23,62
2025-12-24 02:40:12.396090,1,1,2,24,62
2025-12-24 02:40:15.704847,1,1,1,24,62
2025-12-24 02:40:19.164487,1,1,1,24,62
2025-12-24 02:40:21.974557,1,1,1,24,62
2025-12-24 02:40:24.885890,1,1,1,24,62
2025-12-24 02:40:27.694207,1,1,1,22,62
2025-12-24 02:40:31.504125,1,1,1,19,62
2025-12-24 02:40:36.415141,1,1,1,17,62
2025-12-24 02:40:39.374129,1,1,1,14,62
2025-12-24 02:40:42.684089,1,1,1,14,62
2025-12-24 02:40:46.544642,1,1,1,13,62
2025-12-24 02:40:49.453951,1,1,1,13,62
2025-12-24 02:40:52.813941,1,1,1,13,62
2025-12-24 02:40:56.577029,1,1,1,12,62
2025-12-24 02:40:59.480767,1,1,1,12,62
2025-12-24 02:41:02.892170,1,1,1,12,62
2025-12-24 02:41:05.758001,1,1,1,12,62
2025-12-24 02:41:08.559053,1,1,1,12,62
2025-12-24 02:41:12.420901,1,1,1,12,62
2025-12-24 02:41:15.728556,1,1,1,12,62
2025-12-24 02:41:19.537848,1,1,1,12,62
2025-12-24 02:41:22.447710,1,1,1,14,62
2025-12-24 02:41:26.357917,1,1,1,15,62
2025-12-24 02:41:29.167408,1,1,1,17,62
2025-12-24 02:41:32.048713,1,1,1,18,62
2025-12-24 02:41:35.885718,1,1,1,19,62
2025-12-24 02:41:39.197115,1,1,1,20,62
2025-12-24 02:41:42.005689,1,1,1,20,62
2025-12-24 02:41:44.932711,1,1,1,21,62
2025-12-24 02:41:47.777156,1,1,1,21,62
2025-12-24 02:41:50.583447,1,1,1,22,62
2025-12-24 02:41:54.445723,1,1,1,22,63
2025-12-24 02:41:57.766548,1,1,1,22,66
2025-12-24 02:42:00.561033,1,1,1,22,69
2025-12-24 02:42:03.471031,1,1,1,23,72
2025-12-24 02:42:06.778195,1,2,3,23,75
2025-12-24 02:42:09.588891,1,2,7,19,78
2025-12-24 02:42:12.497851,1,1,1,16,81
2025-12-24 02:42:15.409131,1,1,1,14,83
2025-12-24 02:42:18.768353,1,1,1,12,86
2025-12-24 02:42:21.576443,1,1,1,11,89
2025-12-24 02:42:24.505900,1,1,1,11,89
2025-12-24 02:42:27.396220,1,1,1,11,89
2025-12-24 02:42:30.205585,1,1,1,11,89
2025-12-24 02:42:34.065971,1,1,1,11,89
2025-12-24 02:42:36.975208,1,1,1,11,89
2025-12-24 02:42:40.836407,1,1,1,11,89
2025-12-24 02:42:44.594347,1,1,1,11,89
2025-12-24 02:42:48.493294,1,1,6,11,89
2025-12-24 02:42:51.766575,1,2,2,11,89
2025-12-24 02:42:55.629519,1,2,12,11,89
2025-12-24 02:42:58.487114,1,2,33,11,89
2025-12-24 02:43:02.399296,1,2,5,11,83
2025-12-24 02:43:05.204799,1,2,2,11,81
2025-12-24 02:43:08.063921,1,2,3,11,81
2025-12-24 02:43:11.931260,1,1,1,11,81
2025-12-24 02:43:15.234991,1,2,1,11,81
2025-12-24 02:43:18.747884,1,2,2,13,81
2025-12-24 02:43:22.654127,1,2,1,13,81
2025-12-24 02:43:25.514466,1,2,4,13,81
2025-12-24 02:43:28.873519,1,1,1,14,81
2025-12-24 02:43:32.635541,1,1,1,14,81
2025-12-24 02:43:36.492871,1,2,2,14,81
2025-12-24 02:43:39.810338,1,2,1,14,81
2025-12-24 02:43:42.661745,1,2,4,14,81
2025-12-24 02:43:45.530480,1,2,1,14,81
2025-12-24 02:43:48.433210,1,2,1,14,80
2025-12-24 02:43:51.242911,1,2,8,14,77
2025-12-24 02:43:55.553991,1,1,1,14,74
2025-12-24 02:44:00.514709,1,1,3,14,68
2025-12-24 02:44:03.423672,1,2,3,14,66
2025-12-24 02:44:06.232576,1,2,6,14,66
2025-12-24 02:44:10.140137,1,2,3,15,66
2025-12-24 02:44:13.003332,1,2,13,16,66
2025-12-24 02:44:15.809127,1,2,30,18,66
2025-12-24 02:44:19.269496,1,2,7,19,68
2025-12-24 02:44:22.080695,1,2,3,20,71
2025-12-24 02:44:24.989985,1,2,1,19,74
2025-12-24 02:44:27.802961,1,2,1,18,77
2025-12-24 02:44:32.112068,1,2,2,18,83
2025-12-24 02:44:35.970781,1,2,4,17,86
2025-12-24 02:44:39.431840,1,2,1,17,88
2025-12-24 02:44:42.242131,1,2,1,17,88
2025-12-24 02:44:46.102284,1,2,2,17,88
2025-12-24 02:44:49.015344,1,2,1,17,88
2025-12-24 02:44:51.821658,1,1,1,17,88
2025-12-24 02:44:55.664037,1,2,1,17,88
2025-12-24 02:44:58.542311,1,2,2,17,88
2025-12-24 02:45:02.453903,1,1,3,17,88
2025-12-24 02:45:05.265400,1,2,1,17,89
2025-12-24 02:45:08.122324,1,2,7,17,89
2025-12-24 02:45:11.982202,1,2,3,18,85
2025-12-24 02:45:15.292590,1,1,1,18,79
2025-12-24 02:45:18.101318,1,2,5,16,73
2025-12-24 02:45:21.010455,1,2,9,15,70
2025-12-24 02:45:23.871013,1,2,1,14,67
2025-12-24 02:45:26.686661,1,2,1,13,67
2025-12-24 02:45:30.538797,1,1,5,13,67
2025-12-24 02:45:33.846525,1,2,3,15,69
2025-12-24 02:45:36.707760,1,2,1,15,72
2025-12-24 02:45:39.565785,1,2,6,15,74
2025-12-24 02:45:42.479283,1,1,3,14,74
2025-12-24 02:45:45.286155,1,2,1,14,71
2025-12-24 02:45:49.102010,1,2,7,15,69
2025-12-24 02:45:52.954633,1,2,6,14,67
2025-12-24 02:45:57.315401,1,1,6,13,66
2025-12-24 02:46:00.125443,1,1,1,13,66
2025-12-24 02:46:03.042023,1,1,1,12,66
2025-12-24 02:46:05.893162,1,2,4,12,66
2025-12-24 02:46:08.702870,1,2,2,12,66
2025-12-24 02:46:12.569286,1,2,1,12,66
2025-12-24 02:46:16.046002,1,1,1,12,66
2025-12-24 02:46:18.831437,1,2,1,12,66
2025-12-24 02:46:22.740391,1,2,4,12,66
2025-12-24 02:46:25.604684,1,1,3,13,66
2025-12-24 02:46:28.982854,1,2,1,13,66
2025-12-24 02:46:32.722294,1,2,1,13,69
2025-12-24 02:46:35.581411,1,2,7,13,72
2025-12-24 02:46:38.492932,1,1,2,13,69
2025-12-24 02:46:41.303004,1,1,1,13,66
2025-12-24 02:46:44.161186,1,2,6,13,64
2025-12-24 02:46:48.021475,1,1,3,13,64
2025-12-24 02:46:51.329662,1,1,4,13,64
2025-12-24 02:46:54.139216,1,2,3,13,64
2025-12-24 02:46:57.049248,1,2,1,13,64
2025-12-24 02:46:59.909614,1,2,4,13,64
2025-12-24 02:47:02.768739,1,2,1,13,64
2025-12-24 02:47:06.578740,1,2,4,13,64
2025-12-24 02:47:09.888829,1,2,3,13,64
2025-12-24 02:47:12.746782,1,1,1,13,64
2025-12-24 02:47:15.607060,1,2,1,13,64
2025-12-24 02:47:18.517343,1,2,9,13,64
2025-12-24 02:47:21.324476,1,1,1,13,64
2025-12-24 02:47:25.635084,1,2,1,13,64
2025-12-24 02:47:28.994414,1,2,4,13,64
2025-12-24 02:47:32.755584,1,2,8,13,64
2025-12-24 02:47:36.563140,1,1,2,13,64
2025-12-24 02:47:39.873415,1,2,1,13,67
2025-12-24 02:47:43.682945,1,1,1,13,70
2025-12-24 02:47:47.547532,1,1,2,13,76
2025-12-24 02:47:50.358891,1,2,1,13,79
2025-12-24 02:47:53.214103,1,2,8,13,82
2025-12-24 02:47:57.078501,1,2,4,13,81
2025-12-24 02:47:59.934482,1,2,1,13,81
2025-12-24 02:48:02.795772,1,2,4,13,81
2025-12-24 02:48:06.603181,1,1,3,13,81
2025-12-24 02:48:09.921358,1,1,2,13,81
2025-12-24 02:48:12.721473,1,2,1,13,81
2025-12-24 02:48:15.631383,1,2,4,13,81
2025-12-24 02:48:18.544907,1,1,3,13,81
2025-12-24 02:48:21.353580,1,2,1,13,81
2025-12-24 02:48:25.166207,1,2,10,13,75
2025-12-24 02:48:29.033017,1,2,4,13,72
2025-12-24 02:48:32.331230,1,2,2,13,66
2025-12-24 02:48:35.194215,1,1,1,13,65
2025-12-24 02:48:39.101638,1,2,5,12,65
2025-12-24 02:48:41.960363,1,2,6,12,65
2025-12-24 02:48:44.818776,1,2,3,12,65
2025-12-24 02:48:48.629092,1,2,1,12,64
2025-12-24 02:48:51.939286,1,2,1,12,64
2025-12-24 02:48:54.799676,1,2,5,12,64
2025-12-24 02:48:57.660374,1,2,4,12,64
2025-12-24 02:49:00.570111,1,1,1,12,63
2025-12-24 02:49:03.388115,1,2,6,12,63
2025-12-24 02:49:07.703811,1,2,4,13,63
2025-12-24 02:49:11.098398,1,2,6,13,63
2025-12-24 02:49:13.961595,1,2,1,13,63
2025-12-24 02:49:16.765846,1,2,1,13,63
2025-12-24 02:49:19.676197,1,2,7,13,63
2025-12-24 02:49:23.045247,1,1,3,13,63
2025-12-24 02:49:26.795691,1,1,1,13,63
2025-12-24 02:49:29.706281,1,2,1,13,66
2025-12-24 02:49:33.115979,1,2,10,13,69
2025-12-24 02:49:35.975667,1,2,4,13,72
2025-12-24 02:49:38.841673,1,2,1,13,75
2025-12-24 02:49:42.646365,1,2,21,13,76
2025-12-24 02:49:45.955113,1,2,4,13,76
2025-12-24 02:49:49.421790,1,2,3,13,75
2025-12-24 02:49:52.273284,1,1,1,13,73
2025-12-24 02:49:55.134254,1,2,2,13,73
2025-12-24 02:49:58.449776,1,1,2,13,73
2025-12-24 02:50:01.304260,1,1,1,13,73
2025-12-24 02:50:04.166683,1,2,7,13,73
2025-12-24 02:50:07.575775,1,1,4,13,71
2025-12-24 02:50:10.382878,1,1,1,13,69
2025-12-24 02:50:13.291327,1,2,4,14,69
2025-12-24 02:50:16.156798,1,1,1,13,69
2025-12-24 02:50:18.961831,1,1,1,13,69
2025-12-24 02:50:22.829677,1,2,2,13,69
2025-12-24 02:50:25.730391,1,1,3,12,67
2025-12-24 02:50:30.089167,1,1,1,12,63
2025-12-24 02:50:34.513948,1,1,4,12,63
2025-12-24 02:50:37.310249,1,1,3,12,63
2025-12-24 02:50:40.168399,1,2,6,12,63
2025-12-24 02:50:42.977658,1,2,5,12,63
2025-12-24 02:50:46.437808,1,1,4,12,63
2025-12-24 02:50:49.299878,1,2,3,12,63
2025-12-24 02:50:52.158755,1,2,3,12,63
2025-12-24 02:50:54.969348,1,1,1,13,63
2025-12-24 02:50:58.829735,1,1,4,13,63
2025-12-24 02:51:01.741507,1,2,2,13,63
2025-12-24 02:51:05.665662,1,2,2,13,67
2025-12-24 02:51:09.016164,1,2,2,13,70
2025-12-24 02:51:11.870891,1,1,1,13,69
2025-12-24 02:51:15.730468,1,2,2,13,69
2025-12-24 02:51:18.645186,1,2,1,13,69
2025-12-24 02:51:22.000569,1,2,3,13,69
2025-12-24 02:51:24.862124,1,1,1,13,69
2025-12-24 02:51:27.721974,1,2,1,13,69
2025-12-24 02:51:30.630062,1,2,4,13,70
2025-12-24 02:51:33.438290,1,1,4,13,73
2025-12-24 02:51:37.248451,1,2,1,13,74
2025-12-24 02:51:41.115736,1,2,2,13,72
2025-12-24 02:51:44.622962,1,2,5,13,71
2025-12-24 02:51:47.426254,1,2,1,13,68
2025-12-24 02:51:50.838861,1,2,5,13,67
2025-12-24 02:51:54.197477,1,2,5,13,67
2025-12-24 02:51:57.073659,1,2,6,13,67
2025-12-24 02:51:59.869487,1,1,2,13,68
2025-12-24 02:52:03.726583,1,2,1,13,70
2025-12-24 02:52:06.639713,1,2,1,13,70
2025-12-24 02:52:09.465657,1,2,7,13,70
2025-12-24 02:52:13.257189,1,1,1,13,70
2025-12-24 02:52:17.117201,1,1,1,13,70
2025-12-24 02:52:20.874632,1,1,2,13,70
2025-12-24 02:52:24.691752,1,2,4,13,70
2025-12-24 02:52:27.995175,1,2,7,13,70
2025-12-24 02:52:31.806647,1,2,2,13,70
2025-12-24 02:52:35.667196,1,2,4,13,69
2025-12-24 02:52:38.476149,1,2,1,13,72
2025-12-24 02:52:41.849163,1,2,1,13,74
2025-12-24 02:52:45.748410,1,2,3,13,73
2025-12-24 02:52:48.657131,1,2,8,13,72
2025-12-24 02:52:51.478970,1,1,5,13,70
2025-12-24 02:52:55.282744,1,2,1,13,70
2025-12-24 02:52:59.136270,1,2,1,13,70
2025-12-24 02:53:02.896909,1,2,4,13,70
2025-12-24 02:53:06.705140,1,1,6,13,70
2025-12-24 02:53:10.014754,1,2,5,13,70
2025-12-24 02:53:13.825306,1,1,4,13,72
2025-12-24 02:53:18.184636,1,1,2,13,78
2025-12-24 02:53:21.494866,1,2,4,13,81
2025-12-24 02:53:25.802491,1,2,4,13,84
2025-12-24 02:53:30.165342,1,2,5,13,82
2025-12-24 02:53:33.473910,1,2,8,13,81
2025-12-24 02:53:37.788453,1,1,4,13,81
2025-12-24 02:53:41.142849,1,1,5,13,81
2025-12-24 02:53:44.902933,1,1,3,13,81
2025-12-24 02:53:48.769377,1,2,1,13,81
2025-12-24 02:53:51.671911,1,2,1,13,81
2025-12-24 02:53:54.481018,1,2,5,13,81
2025-12-24 02:53:58.338867,1,2,4,13,81
2025-12-24 02:54:01.256498,1,1,1,13,81
2025-12-24 02:54:04.068129,1,2,5,13,80
2025-12-24 02:54:07.870604,1,2,3,13,80
2025-12-24 02:54:10.781153,1,1,1,13,80
2025-12-24 02:54:14.690103,1,2,2,13,78
2025-12-24 02:54:17.499951,1,2,4,13,79
2025-12-24 02:54:20.359908,1,1,1,13,82
2025-12-24 02:54:24.218650,1,2,2,13,85
2025-12-24 02:54:28.032961,1,2,4,13,85
2025-12-24 02:54:32.092128,1,2,1,13,83
2025-12-24 02:54:34.949282,1,2,12,14,83
2025-12-24 02:54:37.818432,1,1,3,13,81
2025-12-24 02:54:41.169413,1,2,1,13,80
2025-12-24 02:54:44.927611,1,2,10,13,74
2025-12-24 02:54:48.788229,1,1,6,13,71
2025-12-24 02:54:51.702864,1,1,4,13,69
2025-12-24 02:54:54.508557,1,2,1,13,69
2025-12-24 02:54:58.367429,1,2,7,12,69
2025-12-24 02:55:01.278223,1,1,2,12,69
2025-12-24 02:55:04.098065,1,1,1,12,69
2025-12-24 02:55:08.456007,1,2,7,12,69
2025-12-24 02:55:12.761069,1,2,5,12,69
2025-12-24 02:55:16.068061,1,2,45,12,67
2025-12-24 02:55:19.877177,1,2,42,23,67
2025-12-24 02:55:24.238444,1,2,12,23,111
2025-12-24 02:55:27.547479,1,2,14,23,114
2025-12-24 02:55:31.855473,1,2,2,24,117
2025-12-24 02:55:35.275989,1,1,4,23,123
2025-12-24 02:55:38.623419,1,2,6,24,123
2025-12-24 02:55:41.434480,1,1,1,22,117
2025-12-24 02:55:45.322306,1,2,4,20,111
2025-12-24 02:55:48.152808,1,2,3,19,105
2025-12-24 02:55:51.011115,1,1,1,20,99
2025-12-24 02:55:53.872868,1,1,1,19,94
2025-12-24 02:55:57.793552,1,2,1,17,91
2025-12-24 02:56:01.643760,1,1,3,17,88
2025-12-24 02:56:04.403567,1,2,4,16,86
2025-12-24 02:56:07.313722,1,2,3,16,86
2025-12-24 02:56:10.125554,1,1,3,17,84
2025-12-24 02:56:12.990876,1,2,1,18,81
2025-12-24 02:56:15.842875,1,1,1,19,78
2025-12-24 02:56:18.752988,1,1,1,19,77
2025-12-24 02:56:21.562756,1,2,1,19,77
2025-12-24 02:56:25.871027,1,1,1,19,77
2025-12-24 02:56:29.239256,1,1,1,19,77
2025-12-24 02:56:32.742775,1,2,1,19,77
2025-12-24 02:56:35.562493,1,2,2,17,77
2025-12-24 02:56:38.464359,1,1,1,17,77
2025-12-24 02:56:42.269998,1,2,2,16,77
2025-12-24 02:56:45.580579,1,1,1,16,72
2025-12-24 02:56:49.389427,1,2,1,15,69
2025-12-24 02:56:52.301028,1,2,5,16,66
2025-12-24 02:56:55.109287,1,2,1,16,64
2025-12-24 02:57:00.422590,1,1,1,17,64
2025-12-24 02:57:03.337436,1,2,2,15,64
2025-12-24 02:57:06.191400,1,2,2,14,64
2025-12-24 02:57:10.113426,1,1,1,14,64
2025-12-24 02:57:13.912330,1,2,2,13,64
2025-12-24 02:57:18.275458,1,1,3,13,64
2025-12-24 02:57:22.082865,1,2,1,14,64
2025-12-24 02:57:24.892405,1,2,1,13,64
2025-12-24 02:57:27.807648,1,1,1,12,64
2025-12-24 02:57:31.161788,1,1,1,12,64
2025-12-24 02:57:34.022637,1,1,1,12,64
2025-12-24 02:57:36.881930,1,1,1,12,64
2025-12-24 02:57:39.792497,1,2,1,12,64
2025-12-24 02:57:43.098345,1,2,4,12,63
2025-12-24 02:57:45.912592,1,1,1,12,63
2025-12-24 02:57:48.820509,1,1,1,12,63
2025-12-24 02:57:52.134308,1,2,2,12,63
2025-12-24 02:57:55.940022,1,2,1,12,63
2025-12-24 02:58:00.301186,1,2,4,12,63
2025-12-24 02:58:03.609583,1,2,2,12,63
2025-12-24 02:58:07.919145,1,1,1,13,63
2025-12-24 02:58:10.830839,1,1,1,13,62
2025-12-24 02:58:14.188091,1,2,1,13,62
2025-12-24 02:58:17.055868,1,2,3,13,62
2025-12-24 02:58:19.908267,1,1,1,13,62
2025-12-24 02:58:23.268529,1,1,1,13,62
2025-12-24 02:58:27.029167,1,2,1,13,62
2025-12-24 02:58:30.438841,1,2,3,13,63
2025-12-24 02:58:33.351842,1,1,1,13,63
2025-12-24 02:58:36.207531,1,1,1,13,63
2025-12-24 02:58:39.017798,1,2,1,13,63
2025-12-24 02:58:42.878854,1,1,1,13,63
2025-12-24 02:58:46.193515,1,1,1,14,63
2025-12-24 02:58:50.149918,1,2,1,16,65
2025-12-24 02:58:54.107644,1,2,1,17,71
2025-12-24 02:58:56.924581,1,1,2,18,74
2025-12-24 02:58:59.826660,1,1,1,19,77
2025-12-24 02:59:03.137291,1,1,2,19,77
2025-12-24 02:59:05.947473,1,1,2,17,77
2025-12-24 02:59:09.411863,1,1,1,16,77
2025-12-24 02:59:12.817243,1,2,1,14,75
2025-12-24 02:59:15.629845,1,2,1,14,71
2025-12-24 02:59:19.936480,1,1,2,13,68
2025-12-24 02:59:23.250242,1,1,1,13,63
2025-12-24 02:59:26.057736,1,2,1,12,63
2025-12-24 02:59:31.526800,1,2,1,12,63
2025-12-24 02:59:34.379675,1,2,3,12,63
2025-12-24 02:59:37.190192,1,1,1,12,63
2025-12-24 02:59:41.102852,1,1,2,12,63
2025-12-24 02:59:43.963968,1,2,1,12,63
2025-12-24 02:59:49.925028,1,2,1,12,63
2025-12-24 02:59:53.235520,1,2,2,14,64
2025-12-24 02:59:56.045679,1,2,1,15,64
2025-12-24 02:59:58.955692,1,1,2,17,67
2025-12-24 03:00:02.867978,1,1,2,17,73
2025-12-24 03:00:06.784219,1,2,1,16,74
2025-12-24 03:00:09.038996,1,2,1,15,71
2025-12-24 03:00:12.898979,1,1,4,15,71
2025-12-24 03:00:16.206703,1,2,1,14,71
2025-12-24 03:00:20.517335,1,1,1,14,71
2025-12-24 03:00:24.379505,1,1,1,14,70
2025-12-24 03:00:27.689619,1,2,4,14,67
2025-12-24 03:00:30.549005,1,1,1,14,67
2025-12-24 03:00:35.410137,1,1,1,14,67
2025-12-24 03:00:38.270289,1,1,4,14,67
2025-12-24 03:00:41.080656,1,1,1,14,67
2025-12-24 03:00:43.990875,1,2,1,14,67
2025-12-24 03:00:47.902987,1,2,5,14,67
2025-12-24 03:00:51.273640,1,1,1,14,67
2025-12-24 03:00:54.074398,1,2,1,16,67
2025-12-24 03:00:57.990676,1,2,1,15,67
2025-12-24 03:01:00.896944,1,1,3,14,67
2025-12-24 03:01:04.204629,1,1,1,14,67
2025-12-24 03:01:08.668635,1,1,1,14,67
2025-12-24 03:01:11.573472,1,1,1,14,67
2025-12-24 03:01:14.888404,1,1,1,14,67
2025-12-24 03:01:18.201603,1,1,4,14,67
2025-12-24 03:01:21.011365,1,1,1,14,67
2025-12-24 03:01:25.967848,1,1,1,14,67
2025-12-24 03:01:29.278388,1,1,1,14,67
2025-12-24 03:01:32.088984,1,2,2,14,67
2025-12-24 03:01:35.011150,1,2,2,14,67
2025-12-24 03:01:38.912413,1,1,1,14,67
2025-12-24 03:01:41.921177,1,2,2,14,67
2025-12-24 03:01:45.283135,1,2,1,14,67
2025-12-24 03:01:48.144161,1,1,1,14,67
2025-12-24 03:01:51.454288,1,1,1,14,67
2025-12-24 03:01:54.323362,1,2,3,15,67
2025-12-24 03:01:57.174267,1,1,1,16,70
2025-12-24 03:02:01.691503,1,1,2,17,73
2025-12-24 03:02:05.102546,1,2,1,18,76
2025-12-24 03:02:08.007774,1,2,2,19,79
2025-12-24 03:02:11.376659,1,2,3,19,82
2025-12-24 03:02:15.125697,1,1,2,18,79
2025-12-24 03:02:18.996414,1,2,2,17,76
2025-12-24 03:02:22.296805,1,2,2,16,73
2025-12-24 03:02:25.107225,1,1,6,17,70
2025-12-24 03:02:28.016061,1,2,1,18,69
2025-12-24 03:02:31.328693,1,2,1,19,69
2025-12-24 03:02:34.146844,1,1,4,20,69
2025-12-24 03:02:39.698607,1,1,5,21,69
2025-12-24 03:02:43.509138,1,2,4,22,69
2025-12-24 03:02:47.369402,1,2,4,22,74
2025-12-24 03:02:50.131470,1,1,1,22,74
2025-12-24 03:02:53.045905,1,2,1,23,77
2025-12-24 03:02:56.957059,1,2,5,23,82
2025-12-24 03:03:00.311525,1,1,1,23,82
2025-12-24 03:03:03.724537,1,2,1,21,82
2025-12-24 03:03:08.041694,1,2,2,17,82
2025-12-24 03:03:11.391767,1,1,1,18,82
2025-12-24 03:03:15.150805,1,2,4,17,82
2025-12-24 03:03:19.062760,1,1,3,16,82
2025-12-24 03:03:22.470519,1,2,1,15,82
2025-12-24 03:03:25.282442,1,1,1,14,82
2025-12-24 03:03:29.148475,1,2,1,14,82
2025-12-24 03:03:32.053394,1,1,4,14,82
2025-12-24 03:03:35.418146,1,1,1,14,82
2025-12-24 03:03:38.771869,1,2,1,14,82
2025-12-24 03:03:41.580977,1,2,3,14,82
2025-12-24 03:03:46.042744,1,2,3,14,82
2025-12-24 03:03:48.951381,1,2,1,14,77
2025-12-24 03:03:51.760926,1,2,2,14,74
2025-12-24 03:03:56.078904,1,1,2,14,71
2025-12-24 03:04:00.033422,1,1,1,14,69
2025-12-24 03:04:03.444046,1,2,2,14,69
2025-12-24 03:04:06.355600,1,2,2,14,69
2025-12-24 03:04:09.163448,1,2,2,13,69
2025-12-24 03:04:13.021218,1,2,2,14,69
2025-12-24 03:04:16.331200,1,2,2,15,69
2025-12-24 03:04:20.743168,1,1,1,15,69
2025-12-24 03:04:23.652290,1,1,1,16,70
2025-12-24 03:04:27.511383,1,2,4,17,70
2025-12-24 03:04:30.374516,1,2,1,16,70
2025-12-24 03:04:33.183557,1,2,1,15,70
2025-12-24 03:04:37.041201,1,1,2,15,70
2025-12-24 03:04:40.515083,1,2,10,14,70
2025-12-24 03:04:43.313193,1,2,7,16,70
2025-12-24 03:04:47.180239,1,2,23,17,71
2025-12-24 03:04:50.090928,1,2,8,18,74
2025-12-24 03:04:53.438313,1,2,33,19,77
2025-12-24 03:04:57.197669,1,2,14,23,108
2025-12-24 03:05:01.057722,1,2,1,24,111
2025-12-24 03:05:03.968883,1,1,1,24,114
2025-12-24 03:05:06.779300,1,1,1,24,117
2025-12-24 03:05:10.636923,1,1,1,23,120
2025-12-24 03:05:13.548147,1,1,1,20,117
2025-12-24 03:05:16.355184,1,1,1,18,111
2025-12-24 03:05:20.167747,1,1,1,17,105
2025-12-24 03:05:23.075071,1,1,1,16,99
2025-12-24 03:05:26.986403,1,1,1,16,92
2025-12-24 03:05:29.796126,1,1,1,15,89
2025-12-24 03:05:32.653414,1,1,1,15,86
2025-12-24 03:05:36.513280,1,1,1,15,83
2025-12-24 03:05:39.832417,1,1,3,15,81
2025-12-24 03:05:42.681089,1,2,2,15,81
2025-12-24 03:05:45.992300,1,1,1,16,81
2025-12-24 03:05:48.800491,1,1,1,16,81
2025-12-24 03:05:52.663563,1,1,1,16,81
2025-12-24 03:05:55.569596,1,1,1,16,76
2025-12-24 03:05:58.376812,1,1,1,16,73
2025-12-24 03:06:01.786563,1,1,1,16,70
2025-12-24 03:06:04.656012,1,1,1,16,67
2025-12-24 03:06:07.555918,1,1,1,16,67
2025-12-24 03:06:10.376562,1,1,1,15,67
2025-12-24 03:06:14.177081,1,1,1,15,67
2025-12-24 03:06:18.552526,1,1,1,15,67
2025-12-24 03:06:21.454450,1,1,1,15,67
2025-12-24 03:06:24.807290,1,2,1,15,67
2025-12-24 03:06:28.663594,1,1,1,17,70
2025-12-24 03:06:31.575985,1,1,1,17,73
2025-12-24 03:06:34.385064,1,1,1,15,73
2025-12-24 03:06:38.196481,1,1,1,14,73
2025-12-24 03:06:41.105008,1,1,1,14,71
2025-12-24 03:06:45.016292,1,1,1,13,71
2025-12-24 03:06:47.825853,1,1,2,13,71
2025-12-24 03:06:50.683261,1,1,1,12,71
2025-12-24 03:06:54.544252,1,1,1,12,71
2025-12-24 03:06:57.853351,1,1,1,12,71
2025-12-24 03:07:00.662399,1,1,1,12,72
2025-12-24 03:07:03.571668,1,1,1,15,75
2025-12-24 03:07:06.430994,1,1,1,14,78
2025-12-24 03:07:09.241610,1,1,1,13,79
2025-12-24 03:07:13.103177,1,2,1,13,77
2025-12-24 03:07:16.411522,1,1,1,12,74
2025-12-24 03:07:19.270599,1,1,1,12,71
2025-12-24 03:07:22.584322,1,1,1,13,68
2025-12-24 03:07:25.393199,1,1,1,16,65
2025-12-24 03:07:29.253929,1,1,1,16,64
2025-12-24 03:07:32.164701,1,1,1,15,64
2025-12-24 03:07:35.523449,1,1,1,14,64
2025-12-24 03:07:39.042614,1,1,1,13,65
2025-12-24 03:07:41.840068,1,1,1,13,66
2025-12-24 03:07:44.703205,1,1,2,14,67
2025-12-24 03:07:48.562199,1,1,1,14,67
2025-12-24 03:07:51.870510,1,1,1,13,66
2025-12-24 03:07:55.681450,1,1,1,13,66
2025-12-24 03:07:58.590515,1,1,1,12,66
2025-12-24 03:08:01.397876,1,1,1,13,66
2025-12-24 03:08:05.255714,1,1,1,14,66
2025-12-24 03:08:08.187843,1,1,1,12,66
2025-12-24 03:08:11.527653,1,1,1,11,66
2025-12-24 03:08:15.287882,1,1,1,13,66
2025-12-24 03:08:18.204609,1,1,1,15,66
2025-12-24 03:08:21.612265,1,1,1,17,66
2025-12-24 03:08:24.464404,1,1,1,19,66
2025-12-24 03:08:27.275350,1,1,1,20,66
2025-12-24 03:08:31.144679,1,1,1,21,66
2025-12-24 03:08:34.444863,1,1,1,22,64
2025-12-24 03:08:37.914110,1,1,1,23,64
2025-12-24 03:08:40.714801,1,1,1,23,67
2025-12-24 03:08:44.134934,1,1,1,23,70
2025-12-24 03:08:47.484403,1,1,1,23,70
2025-12-24 03:08:50.334739,1,1,1,23,70
2025-12-24 03:08:53.205225,1,1,1,23,68
2025-12-24 03:08:57.615637,1,1,1,23,70
2025-12-24 03:09:00.473042,1,1,1,23,70
2025-12-24 03:09:03.282975,1,1,1,24,70
2025-12-24 03:09:07.142300,1,1,1,24,70
2025-12-24 03:09:10.450704,1,1,1,24,70
2025-12-24 03:09:14.288023,1,1,1,24,70
2025-12-24 03:09:17.171715,1,1,1,24,70
2025-12-24 03:09:21.081007,1,1,1,24,70
2025-12-24 03:09:23.893924,1,1,1,24,70
2025-12-24 03:09:26.750783,1,1,1,24,70
2025-12-24 03:09:30.610951,1,1,1,24,70
2025-12-24 03:09:33.951190,1,1,1,24,70
2025-12-24 03:09:37.329453,1,1,1,24,70
2025-12-24 03:09:40.639383,1,1,1,19,70
2025-12-24 03:09:43.451308,1,1,1,17,70
2025-12-24 03:09:47.310901,1,1,1,16,69
2025-12-24 03:09:50.219053,1,1,1,14,69
2025-12-24 03:09:53.578508,1,1,1,14,71
2025-12-24 03:09:56.936506,1,1,1,13,75
2025-12-24 03:09:59.749432,1,1,1,13,75
2025-12-24 03:10:03.655783,1,1,1,12,75
2025-12-24 03:10:06.515999,1,1,1,12,73
2025-12-24 03:10:09.323233,1,1,1,13,72
2025-12-24 03:10:13.185834,1,1,1,14,72
2025-12-24 03:10:16.145149,1,1,1,17,72
2025-12-24 03:10:19.453439,1,1,1,18,71
2025-12-24 03:10:23.311994,1,1,1,16,70
2025-12-24 03:10:26.231951,1,1,1,15,70
2025-12-24 03:10:29.583583,1,1,1,14,70
2025-12-24 03:10:33.943532,1,1,1,13,65
2025-12-24 03:10:37.304157,1,1,1,13,65
2025-12-24 03:10:40.213179,1,1,1,13,65
2025-12-24 03:10:43.123132,1,2,1,15,65
2025-12-24 03:10:45.942230,1,2,1,15,65
2025-12-24 03:10:49.745116,1,1,1,13,65
2025-12-24 03:10:53.601833,1,1,1,13,65
2025-12-24 03:10:56.962557,1,1,1,12,64
2025-12-24 03:10:59.772877,1,1,1,12,62
2025-12-24 03:11:03.683146,1,1,1,12,62
2025-12-24 03:11:06.542236,1,2,10,12,64
2025-12-24 03:11:09.350630,1,2,3,12,67
2025-12-24 03:11:13.210503,1,2,23,12,68
2025-12-24 03:11:17.222743,1,1,1,11,69
2025-12-24 03:11:21.142710,1,2,3,13,75
2025-12-24 03:11:23.940982,1,2,1,15,77
2025-12-24 03:11:26.851674,1,1,1,15,77
2025-12-24 03:11:30.662403,1,2,2,15,73
2025-12-24 03:11:33.972182,1,2,2,15,70
2025-12-24 03:11:37.383096,1,2,3,14,67
2025-12-24 03:11:40.691266,1,2,3,14,65
2025-12-24 03:11:43.503214,1,1,2,14,65
2025-12-24 03:11:47.361137,1,2,5,14,65
2025-12-24 03:11:50.270351,1,2,17,14,65
2025-12-24 03:11:53.629021,1,2,62,15,65
2025-12-24 03:11:56.989295,1,2,3,17,65
2025-12-24 03:11:59.871118,1,1,1,17,65
2025-12-24 03:12:03.711453,1,2,4,17,65
2025-12-24 03:12:06.566374,1,2,2,17,65
2025-12-24 03:12:09.383660,1,2,1,17,65
2025-12-24 03:12:13.235610,1,2,2,17,65
2025-12-24 03:12:16.594442,1,1,1,18,65
2025-12-24 03:12:19.360452,1,1,1,18,65
2025-12-24 03:12:22.265561,1,1,1,18,65
2025-12-24 03:12:25.174550,1,1,1,18,65
2025-12-24 03:12:27.991383,1,2,4,18,65
2025-12-24 03:12:32.291760,1,1,1,17,65
2025-12-24 03:12:35.652938,1,1,1,18,65
2025-12-24 03:12:39.162722,1,2,2,18,65
2025-12-24 03:12:41.974805,1,2,2,18,65
2025-12-24 03:12:44.882055,1,1,1,18,65
2025-12-24 03:12:48.698603,1,1,2,17,65
2025-12-24 03:12:52.001233,1,2,1,17,65
2025-12-24 03:12:56.314192,1,2,3,17,68
2025-12-24 03:12:59.724382,1,2,3,15,70
2025-12-24 03:13:02.591246,1,1,1,14,72
2025-12-24 03:13:05.438962,1,2,1,13,72
2025-12-24 03:13:08.300028,1,2,1,13,75
2025-12-24 03:13:11.660236,1,1,1,13,78
2025-12-24 03:13:15.418289,1,1,1,13,83
2025-12-24 03:13:18.280728,1,2,1,13,83
2025-12-24 03:13:21.190413,1,2,2,13,83
2025-12-24 03:13:24.007205,1,1,1,13,83
2025-12-24 03:13:26.858647,1,2,3,13,80
2025-12-24 03:13:30.720741,1,1,1,13,76
2025-12-24 03:13:34.028626,1,1,1,13,73
2025-12-24 03:13:36.836039,1,2,2,13,70
2025-12-24 03:13:39.747916,1,2,3,13,67
2025-12-24 03:13:42.605783,1,1,1,13,65
2025-12-24 03:13:45.465955,1,2,1,13,65
2025-12-24 03:13:49.276091,1,1,1,12,65
2025-12-24 03:13:52.584571,1,1,1,12,65
2025-12-24 03:13:55.444056,1,2,1,12,65
2025-12-24 03:13:58.304491,1,2,3,12,65
2025-12-24 03:14:01.220324,1,1,1,12,65
2025-12-24 03:14:04.032563,1,2,3,12,65
2025-12-24 03:14:07.834349,1,1,2,12,65
2025-12-24 03:14:11.711967,1,1,1,12,65
2025-12-24 03:14:15.204261,1,2,1,12,65
2025-12-24 03:14:18.014295,1,2,2,12,65
2025-12-24 03:14:20.875092,1,2,2,12,65
2025-12-24 03:14:24.735414,1,1,1,12,65
2025-12-24 03:14:28.044130,1,1,1,12,65
2025-12-24 03:14:31.855105,1,1,2,12,65
2025-12-24 03:14:34.767438,1,2,1,12,65
2025-12-24 03:14:37.574304,1,1,2,12,65
2025-12-24 03:14:41.484147,1,1,1,12,65
2025-12-24 03:14:44.344998,1,2,2,12,65
2025-12-24 03:14:47.717736,1,1,2,12,65
2025-12-24 03:14:52.164605,1,1,1,12,63
2025-12-24 03:14:55.424477,1,1,1,13,63
2025-12-24 03:14:58.343258,1,2,3,13,63
2025-12-24 03:15:01.246581,1,1,2,13,63
2025-12-24 03:15:04.059795,1,1,2,13,63
2025-12-24 03:15:08.367262,1,2,1,13,63
2025-12-24 03:15:11.875674,1,2,4,12,63
2025-12-24 03:15:15.236728,1,1,2,12,63
2025-12-24 03:15:18.045470,1,1,3,12,63
2025-12-24 03:15:20.954759,1,2,4,12,63
2025-12-24 03:15:24.763393,1,2,1,12,63
2025-12-24 03:15:28.073680,1,1,1,12,63
2025-12-24 03:15:31.433941,1,2,1,12,63
2025-12-24 03:15:34.343170,1,2,4,12,63
2025-12-24 03:15:37.253041,1,1,2,12,63
2025-12-24 03:15:40.064074,1,2,2,12,63
2025-12-24 03:15:43.881740,1,2,6,12,63
2025-12-24 03:15:47.743050,1,2,5,12,63
2025-12-24 03:15:51.489812,1,2,3,12,63
2025-12-24 03:15:55.300668,1,1,1,12,63
2025-12-24 03:15:58.629403,1,1,2,12,63
2025-12-24 03:16:02.421214,1,1,3,12,63
2025-12-24 03:16:06.781185,1,1,1,12,63
2025-12-24 03:16:10.091443,1,1,1,12,63
2025-12-24 03:16:13.501172,1,2,3,12,63
2025-12-24 03:16:16.812834,1,2,2,13,63
2025-12-24 03:16:19.621206,1,1,1,13,63
2025-12-24 03:16:23.489990,1,1,1,13,63
2025-12-24 03:16:26.395943,1,2,7,13,63
2025-12-24 03:16:29.754809,1,1,2,13,63
2025-12-24 03:16:33.265778,1,1,1,13,63
2025-12-24 03:16:36.075043,1,2,1,13,63
2025-12-24 03:16:38.932589,1,2,3,13,63
2025-12-24 03:16:42.795506,1,1,1,13,63
2025-12-24 03:16:46.102330,1,2,3,13,63
2025-12-24 03:16:49.912650,1,2,1,13,63
2025-12-24 03:16:52.824289,1,1,2,12,63
2025-12-24 03:16:55.653156,1,2,1,12,63
2025-12-24 03:17:00.942097,1,2,1,12,63
2025-12-24 03:17:03.851957,1,1,1,12,63
2025-12-24 03:17:06.720275,1,2,3,12,63
2025-12-24 03:17:09.572488,1,1,1,12,63
2025-12-24 03:17:12.382015,1,2,1,12,63
2025-12-24 03:17:15.303528,1,1,7,12,63
2025-12-24 03:17:18.102315,1,1,1,12,63
2025-12-24 03:17:20.959777,1,2,6,12,63
2025-12-24 03:17:24.821086,1,1,1,12,63
2025-12-24 03:17:28.128768,1,1,3,12,63
2025-12-24 03:17:30.938888,1,2,2,12,63
2025-12-24 03:17:33.846749,1,2,3,12,63
2025-12-24 03:17:36.706813,1,1,1,12,63
2025-12-24 03:17:39.568118,1,2,3,12,63
2025-12-24 03:17:43.375632,1,1,2,12,63
2025-12-24 03:17:46.685488,1,1,3,12,63
2025-12-24 03:17:49.495229,1,1,1,12,63
2025-12-24 03:17:52.405303,1,2,3,12,63
2025-12-24 03:17:55.316710,1,2,2,12,63
2025-12-24 03:17:58.126569,1,1,1,12,63
2025-12-24 03:18:01.936771,1,2,1,13,63
2025-12-24 03:18:05.793578,1,2,5,14,63
2025-12-24 03:18:09.313698,1,1,5,14,63
2025-12-24 03:18:12.113230,1,1,3,14,63
2025-12-24 03:18:15.023269,1,2,1,14,63
2025-12-24 03:18:18.833476,1,2,2,14,63
2025-12-24 03:18:22.646115,1,1,1,14,63
2025-12-24 03:18:25.454439,1,2,1,14,63
2025-12-24 03:18:28.870412,1,2,4,15,63
2025-12-24 03:18:31.673613,1,1,3,14,63
2025-12-24 03:18:35.583103,1,1,1,13,63
2025-12-24 03:18:38.451707,1,2,1,13,63
2025-12-24 03:18:41.803210,1,2,3,13,63
2025-12-24 03:18:45.566538,1,1,4,12,63
2025-12-24 03:18:48.433379,1,1,1,12,63
2025-12-24 03:18:51.331113,1,1,1,12,63
2025-12-24 03:18:54.139674,1,2,2,12,63
2025-12-24 03:18:57.049653,1,2,1,12,63
2025-12-24 03:19:00.875638,1,2,4,12,63
2025-12-24 03:19:04.170998,1,2,4,12,63
2025-12-24 03:19:07.028597,1,1,1,12,63
2025-12-24 03:19:09.889193,1,2,3,12,63
2025-12-24 03:19:12.752965,1,2,2,14,65
2025-12-24 03:19:15.558027,1,1,1,16,68
2025-12-24 03:19:19.423199,1,2,3,17,71
2025-12-24 03:19:22.725604,1,2,4,15,74
2025-12-24 03:19:25.536352,1,2,1,14,71
2025-12-24 03:19:28.446456,1,2,1,13,69
2025-12-24 03:19:31.358605,1,2,1,13,69
2025-12-24 03:19:34.172784,1,1,4,13,69
2025-12-24 03:19:37.974734,1,1,1,12,69
2025-12-24 03:19:41.837236,1,1,1,12,69
2025-12-24 03:19:47.352109,1,2,1,12,69
2025-12-24 03:19:50.156285,1,1,2,12,69
2025-12-24 03:19:53.015436,1,2,1,13,69
2025-12-24 03:19:55.931994,1,2,4,13,69
2025-12-24 03:19:58.736484,1,2,1,13,69
2025-12-24 03:20:02.546326,1,1,1,13,69
2025-12-24 03:20:05.457557,1,2,3,13,69
2025-12-24 03:20:09.368483,1,1,1,13,69
2025-12-24 03:20:12.175674,1,1,2,13,69
2025-12-24 03:20:15.086576,1,2,4,13,67
2025-12-24 03:20:18.894346,1,1,1,13,67
2025-12-24 03:20:22.205233,1,1,1,13,67
2025-12-24 03:20:25.013431,1,2,1,13,67
2025-12-24 03:20:27.923651,1,1,1,13,67
2025-12-24 03:20:30.787769,1,1,1,13,67
2025-12-24 03:20:34.703320,1,2,8,12,67
2025-12-24 03:20:37.506992,1,1,3,12,67
2025-12-24 03:20:41.415634,1,1,1,12,67
2025-12-24 03:20:44.776620,1,1,1,12,67
2025-12-24 03:20:47.591465,1,2,2,12,67
2025-12-24 03:20:50.498104,1,1,4,12,67
2025-12-24 03:20:53.857739,1,1,1,12,67
2025-12-24 03:20:57.616559,1,2,3,12,67
2025-12-24 03:21:00.532113,1,1,1,12,67
2025-12-24 03:21:04.391297,1,2,3,12,67
2025-12-24 03:21:07.195771,1,2,5,12,67
2025-12-24 03:21:11.056521,1,2,4,13,68
2025-12-24 03:21:13.977714,1,2,7,13,71
2025-12-24 03:21:16.772862,1,2,14,13,74
2025-12-24 03:21:20.232620,1,2,5,13,77
2025-12-24 03:21:23.042566,1,2,12,13,80
2025-12-24 03:21:25.952384,1,2,10,24,106
2025-12-24 03:21:28.762681,1,2,8,23,109
2025-12-24 03:21:32.578501,1,1,2,23,112
2025-12-24 03:21:36.442253,1,1,1,24,118
2025-12-24 03:21:39.853170,1,1,1,23,121
2025-12-24 03:21:42.605610,1,1,3,23,118
2025-12-24 03:21:46.520031,1,2,2,17,112
2025-12-24 03:21:49.438559,1,2,1,15,106
2025-12-24 03:21:52.239007,1,2,3,15,100
2025-12-24 03:21:56.546300,1,1,5,13,94
2025-12-24 03:22:00.902948,1,1,2,12,82
2025-12-24 03:22:04.224065,1,1,1,12,76
2025-12-24 03:22:08.522904,1,2,2,14,73
2025-12-24 03:22:11.882238,1,2,1,14,70
2025-12-24 03:22:15.643344,1,1,1,14,69
2025-12-24 03:22:19.504885,1,1,11,14,67
2025-12-24 03:22:22.463554,1,2,11,13,66
2025-12-24 03:22:25.771464,1,1,1,13,66
2025-12-24 03:22:30.582379,1,2,4,13,66
2025-12-24 03:22:33.999140,1,2,33,13,66
2025-12-24 03:22:36.854571,1,2,84,13,66
2025-12-24 03:22:39.661465,1,2,8,14,66
2025-12-24 03:22:42.578265,1,1,1,15,66
2025-12-24 03:22:45.980715,1,1,1,16,66
2025-12-24 03:22:48.839761,1,1,1,16,66
2025-12-24 03:22:51.648115,1,1,1,16,66
2025-12-24 03:22:55.509436,1,1,1,17,66
2025-12-24 03:22:58.816410,1,1,1,20,66
2025-12-24 03:23:02.281168,1,1,1,21,66
2025-12-24 03:23:05.093343,1,1,1,22,66
2025-12-24 03:23:07.997311,1,1,1,22,66
2025-12-24 03:23:10.805428,1,1,1,22,66
2025-12-24 03:23:14.614953,1,1,1,22,66
2025-12-24 03:23:18.973727,1,1,1,21,62
2025-12-24 03:23:21.885743,1,1,1,20,62
2025-12-24 03:23:24.645370,1,1,1,20,63
2025-12-24 03:23:28.557056,1,1,1,20,63
2025-12-24 03:23:31.466221,1,1,1,18,63
2025-12-24 03:23:34.275667,1,1,1,18,64
2025-12-24 03:23:38.083890,1,1,1,15,67
2025-12-24 03:23:41.044873,1,1,1,14,70
2025-12-24 03:23:45.453680,1,1,1,13,75
2025-12-24 03:23:48.264257,1,1,1,13,76
2025-12-24 03:23:51.131539,1,1,1,13,73
2025-12-24 03:23:54.981833,1,1,1,12,70
2025-12-24 03:23:58.295463,1,1,1,12,67
2025-12-24 03:24:02.101452,1,1,2,11,66
2025-12-24 03:24:05.016377,1,1,1,11,66
2025-12-24 03:24:07.819853,1,1,1,11,66
2025-12-24 03:24:11.678581,1,1,1,11,66
2025-12-24 03:24:14.594930,1,1,1,11,66
2025-12-24 03:24:17.948447,1,1,1,11,66
2025-12-24 03:24:21.706737,1,1,1,11,66
2025-12-24 03:24:25.517045,1,1,1,11,66
2025-12-24 03:24:28.824605,1,1,1,11,66
2025-12-24 03:24:32.634411,1,1,1,11,66
2025-12-24 03:24:36.045557,1,1,1,11,66
2025-12-24 03:24:38.914280,1,1,1,11,66
2025-12-24 03:24:41.714078,1,1,2,11,66
2025-12-24 03:24:44.580351,1,1,1,11,66
2025-12-24 03:24:47.935067,1,1,1,12,66
2025-12-24 03:24:51.713931,1,1,1,12,66
2025-12-24 03:24:55.555131,1,1,1,12,66
2025-12-24 03:24:58.862237,1,1,1,13,66
2025-12-24 03:25:02.672327,1,1,1,12,65
2025-12-24 03:25:05.582126,1,1,1,12,62
2025-12-24 03:25:09.491129,1,1,1,12,62
2025-12-24 03:25:12.300871,1,1,1,12,62
2025-12-24 03:25:15.166169,1,1,1,12,62
2025-12-24 03:25:19.019895,1,1,1,12,62
2025-12-24 03:25:22.331290,1,1,1,12,62
2025-12-24 03:25:25.337340,1,1,1,12,62
2025-12-24 03:25:28.150815,1,1,1,12,62
2025-12-24 03:25:31.079053,1,1,1,12,62
2025-12-24 03:25:33.914425,1,1,1,12,62
2025-12-24 03:25:36.727245,1,1,1,12,62
2025-12-24 03:25:40.633470,1,1,1,12,62
2025-12-24 03:25:43.581857,1,1,1,11,62
2025-12-24 03:25:46.856004,1,1,1,11,62
2025-12-24 03:25:50.662880,1,1,1,12,62
2025-12-24 03:25:55.023093,1,1,1,13,62
2025-12-24 03:25:58.368324,1,1,1,14,62
2025-12-24 03:26:02.139829,1,1,1,17,65
2025-12-24 03:26:06.008651,1,1,1,18,67
2025-12-24 03:26:09.358990,1,1,1,19,67
2025-12-24 03:26:12.173386,1,1,1,20,67
2025-12-24 03:26:16.078239,1,1,1,17,66
2025-12-24 03:26:18.938782,1,1,1,17,64
2025-12-24 03:26:21.747930,1,1,1,16,64
2025-12-24 03:26:25.607292,1,1,1,15,64
2025-12-24 03:26:28.567511,1,1,1,13,64
2025-12-24 03:26:31.876835,1,1,1,13,67
2025-12-24 03:26:35.735464,1,1,1,12,70
2025-12-24 03:26:38.648835,1,1,1,12,70
2025-12-24 03:26:42.004576,1,1,1,12,70
2025-12-24 03:26:45.764130,1,1,1,12,69
2025-12-24 03:26:49.624008,1,1,1,12,69
2025-12-24 03:26:52.532484,1,1,1,12,69
2025-12-24 03:26:55.347922,1,1,1,12,69
2025-12-24 03:26:59.200630,1,1,1,12,67
2025-12-24 03:27:02.112353,1,1,1,12,64
2025-12-24 03:27:04.918337,1,1,1,12,65
2025-12-24 03:27:08.736977,1,1,1,12,68
2025-12-24 03:27:11.648284,1,1,1,12,71
2025-12-24 03:27:15.549527,1,1,1,12,77
2025-12-24 03:27:18.357635,1,1,1,12,80
2025-12-24 03:27:21.215978,1,1,1,12,83
2025-12-24 03:27:25.076629,1,1,1,12,86
2025-12-24 03:27:28.385374,1,1,1,12,89
2025-12-24 03:27:31.745690,1,1,1,12,89
2025-12-24 03:27:35.205291,1,1,1,12,85
2025-12-24 03:27:38.116264,1,1,1,12,79
2025-12-24 03:27:40.949506,1,1,1,12,74
2025-12-24 03:27:44.742868,1,1,1,12,72
2025-12-24 03:27:49.094864,1,1,1,12,68
2025-12-24 03:27:52.002421,1,1,1,12,65
2025-12-24 03:27:54.773344,1,1,1,12,64
2025-12-24 03:27:58.670768,1,1,1,12,64
2025-12-24 03:28:01.580062,1,1,1,12,64
2025-12-24 03:28:04.389885,1,1,1,12,64
2025-12-24 03:28:08.198725,1,1,1,12,64
2025-12-24 03:28:12.058860,1,1,1,12,64
2025-12-24 03:28:15.567059,1,1,1,12,64
2025-12-24 03:28:18.376215,1,1,1,12,64
2025-12-24 03:28:21.236986,1,1,1,12,64
2025-12-24 03:28:25.101236,1,1,1,12,64
2025-12-24 03:28:28.405138,1,1,1,12,64
2025-12-24 03:28:32.220281,1,1,1,12,64
2025-12-24 03:28:35.125305,1,1,1,12,64
2025-12-24 03:28:37.937600,1,1,1,12,64
2025-12-24 03:28:41.801259,1,1,1,12,64
2025-12-24 03:28:44.703591,1,1,1,12,64
2025-12-24 03:28:48.063327,1,1,1,12,66
2025-12-24 03:28:51.826101,1,1,1,12,72
2025-12-24 03:28:54.738244,1,1,1,12,75
2025-12-24 03:28:58.191418,1,1,1,12,77
2025-12-24 03:29:01.604799,1,1,1,12,77
2025-12-24 03:29:04.410367,1,1,1,12,77
2025-12-24 03:29:08.219860,1,1,1,12,77
2025-12-24 03:29:12.081492,1,1,1,12,77
2025-12-24 03:29:15.440015,1,1,1,12,77
2025-12-24 03:29:18.799960,1,1,1,12,77
2025-12-24 03:29:22.751979,1,1,1,12,77
2025-12-24 03:29:25.640308,1,1,1,12,77
2025-12-24 03:29:28.437530,1,1,1,12,77
2025-12-24 03:29:32.239599,1,1,1,12,77
2025-12-24 03:29:35.203074,1,1,1,12,77
2025-12-24 03:29:39.608870,1,1,1,12,77
2025-12-24 03:29:42.417403,1,1,1,12,77
2025-12-24 03:29:45.278130,1,1,1,12,77
2025-12-24 03:29:49.139071,1,1,1,12,77
2025-12-24 03:29:52.453592,1,1,1,12,76
2025-12-24 03:29:55.808206,1,1,1,12,73
2025-12-24 03:29:58.717723,1,1,1,12,72
2025-12-24 03:30:01.628715,1,1,1,13,72
2025-12-24 03:30:04.439288,1,1,1,13,73
2025-12-24 03:30:08.246834,1,1,1,16,76
2025-12-24 03:30:12.115536,1,1,1,18,79
2025-12-24 03:30:15.465482,1,1,1,19,85
2025-12-24 03:30:18.827175,1,1,1,20,88
2025-12-24 03:30:22.742746,1,1,1,20,91
2025-12-24 03:30:25.648307,1,1,1,18,93
2025-12-24 03:30:28.457015,1,1,1,18,89
2025-12-24 03:30:32.272913,1,1,1,16,83
2025-12-24 03:30:37.777875,1,1,1,15,73
2025-12-24 03:30:41.188675,1,1,1,14,70
2025-12-24 03:30:43.996374,1,1,1,14,67
2025-12-24 03:30:47.858191,1,1,1,15,64
2025-12-24 03:30:50.766840,1,1,1,14,62
2025-12-24 03:30:54.123617,1,1,1,13,62
2025-12-24 03:30:57.483576,1,1,1,13,62
2025-12-24 03:31:00.292646,1,1,1,12,62
2025-12-24 03:31:04.205207,1,1,1,12,62
2025-12-24 03:31:07.063101,1,1,1,12,62
2025-12-24 03:31:09.873184,1,1,1,12,63
2025-12-24 03:31:13.734136,1,1,1,12,65
2025-12-24 03:31:16.690982,1,1,1,12,67
2025-12-24 03:31:20.000086,1,1,1,12,68
2025-12-24 03:31:23.858960,1,1,1,12,69
2025-12-24 03:31:26.771675,1,1,1,12,72
2025-12-24 03:31:30.129871,1,1,1,12,75
2025-12-24 03:31:33.490246,1,1,1,12,76
2025-12-24 03:31:36.850475,1,1,1,13,76
2025-12-24 03:31:40.759745,1,1,1,13,76
2025-12-24 03:31:43.669290,1,1,1,13,76
2025-12-24 03:31:46.480337,1,1,1,13,76
2025-12-24 03:31:50.288901,1,1,1,13,76
2025-12-24 03:31:54.150752,1,1,1,13,76
2025-12-24 03:31:57.906178,1,1,1,13,76
2025-12-24 03:32:01.715382,1,1,1,13,76
2025-12-24 03:32:05.024718,1,1,1,13,71
2025-12-24 03:32:08.835841,1,1,1,13,68
2025-12-24 03:32:13.196553,1,1,1,13,63
2025-12-24 03:32:16.502843,1,1,1,13,63
2025-12-24 03:32:20.312976,1,1,1,13,65
2025-12-24 03:32:23.221805,1,1,1,13,68
2025-12-24 03:32:26.032396,1,1,1,13,68
2025-12-24 03:32:29.898407,1,1,1,13,65
2025-12-24 03:32:32.801610,1,1,1,13,64
2025-12-24 03:32:36.160692,1,1,1,12,64
2025-12-24 03:32:39.922371,1,1,1,12,68
2025-12-24 03:32:42.829036,1,1,1,12,71
2025-12-24 03:32:46.240098,1,1,1,12,74
2025-12-24 03:32:49.100740,1,1,1,12,77
2025-12-24 03:32:51.910142,1,1,1,12,80
2025-12-24 03:32:55.772078,1,1,1,12,83
2025-12-24 03:32:59.086687,1,1,1,12,85
2025-12-24 03:33:02.537188,1,1,1,12,85
2025-12-24 03:33:05.351692,1,1,1,12,85
2025-12-24 03:33:08.256109,1,1,1,12,85
2025-12-24 03:33:11.066713,1,1,1,12,85
2025-12-24 03:33:14.874732,1,1,1,12,85
2025-12-24 03:33:19.233534,1,1,1,12,85
2025-12-24 03:33:22.544597,1,1,1,12,85
2025-12-24 03:33:25.352475,1,2,1,12,86
2025-12-24 03:33:28.262230,1,1,1,12,86
2025-12-24 03:33:31.125836,1,1,1,12,86
2025-12-24 03:33:33.929844,1,1,1,12,86
2025-12-24 03:33:37.801026,1,1,1,12,86
2025-12-24 03:33:41.099763,1,1,1,12,80
2025-12-24 03:33:43.914502,1,1,1,12,77
2025-12-24 03:33:46.828497,1,1,1,12,74
2025-12-24 03:33:49.727335,1,1,1,12,71
2025-12-24 03:33:52.545792,1,1,1,12,70
2025-12-24 03:33:56.346059,1,1,1,12,70
2025-12-24 03:34:00.208686,1,1,1,12,70
2025-12-24 03:34:03.575679,1,1,1,12,70
2025-12-24 03:34:06.376290,1,1,1,12,70
2025-12-24 03:34:10.285510,1,1,1,12,70
2025-12-24 03:34:13.145522,1,1,1,13,70
2025-12-24 03:34:15.952948,1,1,1,13,70
2025-12-24 03:34:19.814662,1,1,1,13,70
2025-12-24 03:34:22.773575,1,1,1,13,68
2025-12-24 03:34:26.082725,1,2,8,13,66
2025-12-24 03:34:29.945026,1,2,10,13,66
2025-12-24 03:34:32.858963,1,2,7,15,66
2025-12-24 03:34:46.527850,1,2,4,17,66
2025-12-24 03:34:46.527948,1,1,2,18,72
2025-12-24 03:34:46.528537,1,2,2,19,75
2025-12-24 03:34:46.528596,1,2,10,20,78
2025-12-24 03:34:49.154075,1,2,25,20,81
2025-12-24 03:34:51.961038,1,2,12,21,83
2025-12-24 03:34:55.824103,1,2,12,21,83
2025-12-24 03:34:59.132307,1,2,2,18,83
2025-12-24 03:35:02.992002,1,2,6,17,83
2025-12-24 03:35:06.302004,1,1,4,16,83
2025-12-24 03:35:09.166325,1,2,1,16,83
2025-12-24 03:35:12.020458,1,1,1,16,83
2025-12-24 03:35:14.881117,1,2,2,16,83
2025-12-24 03:35:18.240574,1,1,2,15,83
2025-12-24 03:35:21.754596,1,2,4,16,81
2025-12-24 03:35:24.561120,1,2,1,16,75
2025-12-24 03:35:27.471419,1,2,2,16,71
2025-12-24 03:35:31.279213,1,1,2,16,69
2025-12-24 03:35:34.590510,1,1,1,16,69
2025-12-24 03:35:38.404795,1,2,1,17,69
2025-12-24 03:35:41.309766,1,2,3,18,69
2025-12-24 03:35:44.117836,1,2,2,19,70
2025-12-24 03:35:48.931958,1,1,2,19,74
2025-12-24 03:35:52.341218,1,1,1,19,73
2025-12-24 03:35:55.202786,1,2,5,18,74
2025-12-24 03:35:58.011075,1,1,1,16,77
2025-12-24 03:36:01.820583,1,2,1,15,80
2025-12-24 03:36:05.130402,1,2,2,14,83
2025-12-24 03:36:08.940307,1,1,2,13,86
2025-12-24 03:36:13.297297,1,2,2,13,86
2025-12-24 03:36:16.606844,1,1,1,12,86
2025-12-24 03:36:20.924318,1,2,3,12,86
2025-12-24 03:36:24.877244,1,1,2,12,78
2025-12-24 03:36:27.788334,1,2,1,12,75
2025-12-24 03:36:30.599296,1,2,3,11,72
2025-12-24 03:36:33.456968,1,2,4,11,70
2025-12-24 03:36:37.317899,1,2,1,11,70
2025-12-24 03:36:40.625151,1,2,1,11,73
2025-12-24 03:36:44.035470,1,1,3,11,76
2025-12-24 03:36:47.344599,1,2,10,11,79
2025-12-24 03:36:50.154170,1,2,18,13,82
2025-12-24 03:36:54.014534,1,2,7,14,85
2025-12-24 03:36:56.925485,1,2,5,14,88
2025-12-24 03:37:00.295384,1,1,2,15,83
2025-12-24 03:37:04.246980,1,2,2,15,77
2025-12-24 03:37:07.055486,1,1,1,16,76
2025-12-24 03:37:10.914541,1,1,1,16,76
2025-12-24 03:37:13.828605,1,1,2,16,76
2025-12-24 03:37:16.634700,1,2,1,16,76
2025-12-24 03:37:20.442858,1,1,1,17,76
2025-12-24 03:37:23.802773,1,1,1,17,76
2025-12-24 03:37:26.618885,1,1,1,17,76
2025-12-24 03:37:29.530025,1,1,3,17,76
2025-12-24 03:37:32.382695,1,1,1,17,74
2025-12-24 03:37:35.202339,1,2,1,17,71
2025-12-24 03:37:39.563989,1,1,1,17,65
2025-12-24 03:37:43.865180,1,1,2,17,62
2025-12-24 03:37:47.173837,1,2,2,17,62
2025-12-24 03:37:51.485078,1,1,2,16,62
2025-12-24 03:37:55.343278,1,2,4,15,62
2025-12-24 03:37:58.653238,1,1,1,14,62
2025-12-24 03:38:02.461273,1,1,3,12,62
2025-12-24 03:38:05.370625,1,2,4,12,62
2025-12-24 03:38:08.184318,1,1,1,12,62
2025-12-24 03:38:12.044044,1,1,1,11,62
2025-12-24 03:38:14.954873,1,2,2,11,63
2025-12-24 03:38:18.313309,1,1,3,14,64
2025-12-24 03:38:22.072903,1,1,1,14,64
2025-12-24 03:38:24.931464,1,2,8,16,64
2025-12-24 03:38:27.890732,1,1,1,18,64
2025-12-24 03:38:31.251852,1,2,1,16,64
2025-12-24 03:38:34.114704,1,2,2,15,64
2025-12-24 03:38:37.923929,1,1,2,14,64
2025-12-24 03:38:41.232589,1,1,1,12,64
2025-12-24 03:38:44.043660,1,2,1,12,65
2025-12-24 03:38:46.953885,1,1,3,12,68
2025-12-24 03:38:49.863711,1,1,1,12,68
2025-12-24 03:38:52.681407,1,2,2,12,68
2025-12-24 03:38:56.486112,1,1,2,12,68
2025-12-24 03:39:00.996039,1,1,1,12,68
2025-12-24 03:39:04.855510,1,1,1,12,68
2025-12-24 03:39:07.666792,1,2,1,12,68
2025-12-24 03:39:11.524236,1,2,3,12,68
2025-12-24 03:39:14.441790,1,1,1,12,68
2025-12-24 03:39:17.246117,1,2,6,12,68
2025-12-24 03:39:21.261815,1,1,1,11,69
2025-12-24 03:39:24.115951,1,2,1,11,69
2025-12-24 03:39:26.977227,1,2,1,11,72
2025-12-24 03:39:30.341606,1,2,1,11,75
2025-12-24 03:39:34.100277,1,2,2,11,81
2025-12-24 03:39:37.012453,1,1,2,11,80
2025-12-24 03:39:40.416546,1,1,1,11,80
2025-12-24 03:39:43.282984,1,2,3,11,80
2025-12-24 03:39:46.085230,1,1,1,11,80
2025-12-24 03:39:49.948102,1,1,1,11,80
2025-12-24 03:39:53.255964,1,2,2,11,80
2025-12-24 03:39:57.117495,1,2,1,12,80
2025-12-24 03:40:00.978027,1,2,7,14,76
2025-12-24 03:40:03.898471,1,2,3,15,73
2025-12-24 03:40:06.701459,1,2,5,16,70
2025-12-24 03:40:09.608080,1,2,5,16,69
2025-12-24 03:40:12.918863,1,2,3,17,69
2025-12-24 03:40:16.928458,1,2,3,17,69
2025-12-24 03:40:20.238576,1,1,3,17,69
2025-12-24 03:40:24.151115,1,2,1,17,69
2025-12-24 03:40:27.011250,1,1,3,17,69
2025-12-24 03:40:30.373998,1,1,2,17,69
2025-12-24 03:40:35.287084,1,1,6,17,69
2025-12-24 03:40:38.093664,1,1,5,17,69
2025-12-24 03:40:41.004248,1,2,1,17,69
2025-12-24 03:40:43.913246,1,2,2,17,69
2025-12-24 03:40:46.722515,1,1,5,17,69
2025-12-24 03:40:51.033784,1,2,1,16,69
2025-12-24 03:40:55.454274,1,2,1,17,67
2025-12-24 03:40:58.308628,1,1,1,16,67
2025-12-24 03:41:01.111779,1,2,1,16,67
2025-12-24 03:41:05.025523,1,1,5,15,67
2025-12-24 03:41:07.934578,1,2,8,14,67
2025-12-24 03:41:10.741295,1,1,3,14,67
2025-12-24 03:41:14.551787,1,1,1,14,66
2025-12-24 03:41:17.463662,1,1,1,17,64
2025-12-24 03:41:20.272795,1,2,6,18,64
2025-12-24 03:41:25.595495,1,1,3,20,68
2025-12-24 03:41:28.494092,1,2,2,20,68
2025-12-24 03:41:31.354964,1,2,4,20,68
2025-12-24 03:41:34.167374,1,2,1,21,68
2025-12-24 03:41:38.076244,1,2,2,22,68
2025-12-24 03:41:41.488282,1,2,3,20,68
2025-12-24 03:41:44.293742,1,2,3,20,68
2025-12-24 03:41:48.206451,1,2,9,19,68
2025-12-24 03:41:52.021017,1,2,3,18,68
2025-12-24 03:41:54.926432,1,1,3,17,68
2025-12-24 03:41:58.236423,1,2,2,17,68
2025-12-24 03:42:01.053172,1,2,1,16,68
2025-12-24 03:42:03.957466,1,2,4,16,67
2025-12-24 03:42:06.767899,1,1,3,15,66
2025-12-24 03:42:10.126494,1,1,3,15,69
2025-12-24 03:42:13.592822,1,2,2,15,70
2025-12-24 03:42:16.496489,1,1,1,15,71
2025-12-24 03:42:19.355442,1,2,3,15,71
2025-12-24 03:42:22.217478,1,1,1,15,72
2025-12-24 03:42:26.025690,1,2,1,15,72
2025-12-24 03:42:29.536309,1,1,1,15,71
2025-12-24 03:42:33.947139,1,1,1,15,65
2025-12-24 03:42:36.757550,1,1,1,15,65
2025-12-24 03:42:39.666781,1,1,1,15,65
2025-12-24 03:42:43.477061,1,2,5,15,65
2025-12-24 03:42:46.787768,1,2,2,15,65
2025-12-24 03:42:49.646631,1,2,2,15,65
2025-12-24 03:42:52.957797,1,2,4,15,65
2025-12-24 03:42:55.767952,1,2,3,15,65
2025-12-24 03:42:59.627215,1,1,1,15,65
2025-12-24 03:43:02.538126,1,1,1,15,68
2025-12-24 03:43:07.500101,1,2,1,16,70
2025-12-24 03:43:10.360243,1,2,3,17,70
2025-12-24 03:43:13.171576,1,2,3,17,70
2025-12-24 03:43:17.082471,1,1,7,17,68
2025-12-24 03:43:20.393263,1,1,2,17,65
2025-12-24 03:43:23.205187,1,1,5,16,63
2025-12-24 03:43:26.611187,1,2,1,16,63
2025-12-24 03:43:29.522616,1,2,4,15,63
2025-12-24 03:43:32.330205,1,2,3,15,65
2025-12-24 03:43:36.198175,1,1,3,15,65
2025-12-24 03:43:39.101518,1,2,2,16,65
2025-12-24 03:43:42.488479,1,1,3,15,65
2025-12-24 03:43:46.475701,1,2,1,15,65
2025-12-24 03:43:49.386549,1,1,1,16,65
2025-12-24 03:43:52.242764,1,1,1,16,65
2025-12-24 03:43:55.554665,1,2,4,16,65
2025-12-24 03:43:58.416728,1,2,1,16,65
2025-12-24 03:44:02.827531,1,2,4,16,65
2025-12-24 03:44:05.638635,1,2,2,16,65
2025-12-24 03:44:08.546254,1,2,2,16,65
2025-12-24 03:44:11.362604,1,1,1,16,65
2025-12-24 03:44:15.666607,1,2,1,16,65
2025-12-24 03:44:19.527026,1,2,2,16,65
2025-12-24 03:44:23.036508,1,1,5,14,65
2025-12-24 03:44:26.345868,1,2,4,16,65
2025-12-24 03:44:30.205860,1,2,5,18,66
2025-12-24 03:44:33.117752,1,2,3,19,69
2025-12-24 03:44:36.479125,1,1,4,20,72
2025-12-24 03:44:40.288439,1,1,3,21,78
2025-12-24 03:44:44.600533,1,2,1,23,81
2025-12-24 03:44:48.460827,1,1,4,24,82
2025-12-24 03:44:52.217567,1,2,3,21,82
2025-12-24 03:44:56.078058,1,2,5,21,82
2025-12-24 03:44:59.386317,1,2,3,20,76
2025-12-24 03:45:03.199015,1,2,2,21,79
2025-12-24 03:45:06.123944,1,1,4,21,80
2025-12-24 03:45:10.018963,1,1,3,22,86
2025-12-24 03:45:12.846038,1,2,3,22,89
2025-12-24 03:45:15.687566,1,1,1,23,89
2025-12-24 03:45:19.554746,1,2,2,23,92
2025-12-24 03:45:22.858317,1,2,6,21,95
2025-12-24 03:45:26.821792,1,2,4,17,89
2025-12-24 03:45:29.728686,1,1,1,16,83
2025-12-24 03:45:32.588295,1,1,1,15,80
2025-12-24 03:45:35.400664,1,2,2,15,80
2025-12-24 03:45:39.216642,1,1,2,14,80
2025-12-24 03:45:42.172489,1,2,1,14,79
2025-12-24 03:45:46.577100,1,2,4,13,76
2025-12-24 03:45:49.438435,1,2,4,13,76
2025-12-24 03:45:52.298352,1,2,1,13,76
2025-12-24 03:45:56.108829,1,2,1,12,78
2025-12-24 03:45:59.417255,1,2,1,12,81
2025-12-24 03:46:03.379686,1,2,4,12,84
2025-12-24 03:46:06.838857,1,2,7,12,82
2025-12-24 03:46:09.744324,1,2,3,12,80
2025-12-24 03:46:13.556383,1,2,3,13,80
2025-12-24 03:46:16.867737,1,2,5,13,80
2025-12-24 03:46:21.173407,1,1,4,14,81
2025-12-24 03:46:24.092621,1,1,6,14,83
2025-12-24 03:46:27.446036,1,1,1,14,79
2025-12-24 03:46:30.256484,1,2,1,14,79
2025-12-24 03:46:33.168596,1,1,2,14,76
2025-12-24 03:46:36.528324,1,2,1,14,74
2025-12-24 03:46:40.285267,1,1,1,14,74
2025-12-24 03:46:43.195491,1,2,2,15,72
2025-12-24 03:46:47.057744,1,2,5,15,72
2025-12-24 03:46:49.869072,1,2,4,15,72
2025-12-24 03:46:53.784045,1,2,7,15,72
2025-12-24 03:46:56.635338,1,1,1,15,72
2025-12-24 03:46:59.445258,1,2,1,15,72
2025-12-24 03:47:02.305228,1,2,6,15,75
2025-12-24 03:47:05.208082,1,2,3,16,77
2025-12-24 03:47:08.074983,1,1,2,16,77
2025-12-24 03:47:10.888704,1,1,1,16,77
2025-12-24 03:47:15.193041,1,2,3,15,77
2025-12-24 03:47:18.555168,1,2,6,15,77
2025-12-24 03:47:22.521807,1,1,1,15,77
2025-12-24 03:47:25.324436,1,2,2,15,77
2025-12-24 03:47:29.183296,1,2,3,15,77
2025-12-24 03:47:32.094364,1,2,1,15,77
2025-12-24 03:47:34.923426,1,2,1,15,77
2025-12-24 03:47:39.219671,1,2,6,15,77
2025-12-24 03:47:45.179791,1,1,4,15,77
2025-12-24 03:47:48.536472,1,2,4,15,77
2025-12-24 03:47:52.294850,1,1,1,15,78
2025-12-24 03:47:56.156848,1,2,1,15,78
2025-12-24 03:47:59.466786,1,2,3,16,78
2025-12-24 03:48:04.430642,1,1,1,17,81
2025-12-24 03:48:08.348338,1,1,1,19,84
2025-12-24 03:48:11.199998,1,2,2,19,87
2025-12-24 03:48:14.111587,1,2,1,18,90
2025-12-24 03:48:16.919077,1,1,1,18,86
2025-12-24 03:48:20.727944,1,2,1,17,80
2025-12-24 03:48:23.687423,1,2,3,17,74
2025-12-24 03:48:28.599797,1,2,1,16,67
2025-12-24 03:48:31.507836,1,2,1,17,68
2025-12-24 03:48:34.318068,1,2,2,18,71
2025-12-24 03:48:38.182666,1,1,2,19,74
2025-12-24 03:48:41.486270,1,2,4,20,77
2025-12-24 03:48:45.296551,1,2,2,20,80
2025-12-24 03:48:48.207852,1,1,5,20,81
2025-12-24 03:48:52.119657,1,2,1,19,73
2025-12-24 03:48:54.930370,1,1,1,19,70
2025-12-24 03:48:57.838417,1,2,5,20,67
2025-12-24 03:49:01.647883,1,2,4,20,66
2025-12-24 03:49:04.557747,1,2,3,19,66
2025-12-24 03:49:07.320952,1,2,1,18,65
2025-12-24 03:49:11.240004,1,1,3,17,65
2025-12-24 03:49:14.139064,1,2,4,16,65
2025-12-24 03:49:16.947562,1,1,1,16,65
2025-12-24 03:49:20.757585,1,1,3,16,65
2025-12-24 03:49:24.171852,1,1,1,16,65
2025-12-24 03:49:27.528094,1,2,1,16,69
2025-12-24 03:49:30.338550,1,2,3,16,69
2025-12-24 03:49:33.256337,1,2,2,16,72
2025-12-24 03:49:36.609056,1,1,1,16,75
2025-12-24 03:49:40.368896,1,2,4,16,77
2025-12-24 03:49:44.176587,1,2,4,16,77
2025-12-24 03:49:47.486389,1,2,4,16,73
2025-12-24 03:49:51.309030,1,1,1,16,70
2025-12-24 03:49:55.656939,1,1,2,16,64
2025-12-24 03:49:58.968752,1,2,2,16,65
2025-12-24 03:50:03.276878,1,2,1,16,65
2025-12-24 03:50:06.686468,1,1,1,16,65
2025-12-24 03:50:09.544048,1,1,1,16,65
2025-12-24 03:50:12.402817,1,2,2,16,65
2025-12-24 03:50:15.261447,1,2,3,16,65
2025-12-24 03:50:18.622711,1,2,8,16,65
2025-12-24 03:50:22.380555,1,2,4,16,69
2025-12-24 03:50:25.294112,1,2,4,16,72
2025-12-24 03:50:28.703390,1,2,7,16,75
2025-12-24 03:50:31.565551,1,1,3,16,77
2025-12-24 03:50:35.475864,1,1,1,16,76
2025-12-24 03:50:38.281287,1,1,1,15,76
2025-12-24 03:50:41.191350,1,1,2,15,76
2025-12-24 03:50:44.500947,1,2,3,15,76
2025-12-24 03:50:48.358795,1,2,11,15,76
2025-12-24 03:50:51.270233,1,2,20,15,76
2025-12-24 03:50:54.630290,1,2,7,15,72
2025-12-24 03:50:58.388168,1,2,5,15,66
2025-12-24 03:51:02.248264,1,2,5,15,63
2025-12-24 03:51:05.213818,1,2,1,15,63
2025-12-24 03:51:08.518509,1,2,2,14,63
2025-12-24 03:51:13.330152,1,2,1,14,65
2025-12-24 03:51:17.190322,1,2,1,14,65
2025-12-24 03:51:20.000784,1,1,1,14,65
2025-12-24 03:51:24.460100,1,1,1,13,65
2025-12-24 03:51:27.275740,1,2,2,14,65
2025-12-24 03:51:30.631974,1,1,2,15,65
2025-12-24 03:51:34.391593,1,1,3,13,65
2025-12-24 03:51:38.250581,1,2,1,14,65
2025-12-24 03:51:41.566885,1,2,1,17,65
2025-12-24 03:51:45.870706,1,1,7,17,65
2025-12-24 03:51:48.730015,1,2,3,17,65
2025-12-24 03:51:51.589932,1,1,1,19,68
2025-12-24 03:51:54.452902,1,2,4,20,68
2025-12-24 03:51:57.767698,1,1,1,21,72
2025-12-24 03:52:00.629033,1,1,1,22,72
2025-12-24 03:52:03.429577,1,1,4,22,72
2025-12-24 03:52:07.841829,1,1,1,22,68
2025-12-24 03:52:10.750182,1,2,9,23,71
2025-12-24 03:52:13.613175,1,2,2,23,74
2025-12-24 03:52:16.470392,1,2,4,21,74
2025-12-24 03:52:20.282461,1,1,1,18,74
2025-12-24 03:52:23.615431,1,2,1,15,73
2025-12-24 03:52:26.411909,1,1,3,14,70
2025-12-24 03:52:29.325463,1,1,1,13,67
2025-12-24 03:52:32.223913,1,1,2,13,64
2025-12-24 03:52:35.028290,1,2,2,13,64
2025-12-24 03:52:38.844771,1,2,9,14,64
2025-12-24 03:52:42.258190,1,1,1,14,64
2025-12-24 03:52:45.615437,1,2,2,13,64
2025-12-24 03:52:48.466818,1,1,2,12,64
2025-12-24 03:52:51.328344,1,1,1,11,64
2025-12-24 03:52:54.694217,1,2,1,11,64
2025-12-24 03:52:58.447807,1,1,1,11,64
2025-12-24 03:53:01.359503,1,1,2,11,64
2025-12-24 03:53:05.277412,1,2,1,11,64
2025-12-24 03:53:08.577101,1,1,1,11,64
2025-12-24 03:53:13.392801,1,2,1,11,65
2025-12-24 03:53:16.798645,1,1,1,11,65
2025-12-24 03:53:19.660576,1,1,1,11,65
2025-12-24 03:53:23.467679,1,2,2,11,65
2025-12-24 03:53:26.327666,1,1,1,11,65
2025-12-24 03:53:29.238243,1,2,1,11,65
2025-12-24 03:53:32.047721,1,1,3,11,66
2025-12-24 03:53:35.960517,1,1,1,11,69
2025-12-24 03:53:38.817531,1,2,1,12,72
2025-12-24 03:53:43.377348,1,2,2,14,78
2025-12-24 03:53:46.785857,1,2,3,16,81
2025-12-24 03:53:49.646489,1,1,1,18,81
2025-12-24 03:53:52.526027,1,1,4,19,84
2025-12-24 03:53:56.316986,1,1,1,17,87
2025-12-24 03:53:59.629033,1,1,1,13,90
2025-12-24 03:54:03.585442,1,2,2,12,90
2025-12-24 03:54:07.895887,1,1,3,12,90
2025-12-24 03:54:10.805081,1,1,1,12,90
2025-12-24 03:54:13.665175,1,1,1,11,90
2025-12-24 03:54:16.475383,1,1,3,11,90
2025-12-24 03:54:20.336702,1,2,1,11,86
2025-12-24 03:54:23.306667,1,1,1,11,80
2025-12-24 03:54:26.603712,1,2,1,11,74
2025-12-24 03:54:30.461817,1,2,1,11,70
2025-12-24 03:54:33.372854,1,1,4,11,67
2025-12-24 03:54:36.733948,1,1,1,11,64
2025-12-24 03:54:40.492396,1,1,1,11,64
2025-12-24 03:54:43.400924,1,1,4,11,64
2025-12-24 03:54:47.262436,1,1,2,11,64
2025-12-24 03:54:50.080253,1,2,1,11,64
2025-12-24 03:54:53.933528,1,2,3,11,64
2025-12-24 03:54:56.851207,1,2,1,11,64
2025-12-24 03:54:59.650264,1,2,5,11,64
2025-12-24 03:55:03.611365,1,1,1,11,64
2025-12-24 03:55:07.071262,1,1,1,11,64
2025-12-24 03:55:09.930747,1,2,2,11,64
2025-12-24 03:55:13.790136,1,2,2,11,64
2025-12-24 03:55:17.101797,1,1,1,11,64
2025-12-24 03:55:20.960133,1,1,1,11,64
2025-12-24 03:55:23.870819,1,1,1,11,64
2025-12-24 03:55:27.783434,1,2,2,14,64
2025-12-24 03:55:31.094615,1,1,1,13,64
2025-12-24 03:55:34.001862,1,1,1,13,64
2025-12-24 03:55:37.812281,1,2,5,12,64
2025-12-24 03:55:41.122352,1,2,4,12,64
2025-12-24 03:55:43.932850,1,1,2,12,64
2025-12-24 03:55:46.856577,1,1,1,12,64
2025-12-24 03:55:49.701907,1,1,1,12,64
2025-12-24 03:55:52.515196,1,1,1,12,64
2025-12-24 03:55:56.372196,1,1,3,12,64
2025-12-24 03:55:59.679962,1,1,1,12,64
2025-12-24 03:56:02.491764,1,2,1,12,64
2025-12-24 03:56:05.402346,1,1,2,13,64
2025-12-24 03:56:08.308483,1,1,1,15,64
2025-12-24 03:56:11.117902,1,2,3,15,63
2025-12-24 03:56:14.927357,1,1,3,14,63
2025-12-24 03:56:18.797971,1,1,1,13,63
2025-12-24 03:56:22.755600,1,2,1,12,63
2025-12-24 03:56:25.510385,1,1,3,12,62
2025-12-24 03:56:29.418456,1,1,1,11,62
2025-12-24 03:56:32.343652,1,2,1,11,62
2025-12-24 03:56:35.148083,1,2,3,11,62
2025-12-24 03:56:39.451824,1,1,2,11,62
2025-12-24 03:56:43.808899,1,1,1,11,62
2025-12-24 03:56:47.119324,1,1,2,11,62
2025-12-24 03:56:50.926771,1,1,1,11,62
2025-12-24 03:56:54.786511,1,1,1,11,62
2025-12-24 03:56:58.599602,1,2,1,11,62
2025-12-24 03:57:02.417765,1,1,4,11,62
2025-12-24 03:57:05.724088,1,1,3,11,62
2025-12-24 03:57:09.730198,1,1,2,11,62
2025-12-24 03:57:12.584753,1,2,1,12,62
2025-12-24 03:57:15.447207,1,1,7,12,62
2025-12-24 03:57:18.806991,1,1,2,13,62
2025-12-24 03:57:22.568009,1,1,1,13,62
2025-12-24 03:57:26.378698,1,2,1,12,62
2025-12-24 03:57:29.687295,1,2,1,12,62
2025-12-24 03:57:33.997490,1,2,3,12,62
2025-12-24 03:57:37.855950,1,1,1,12,62
2025-12-24 03:57:41.166659,1,1,3,12,62
2025-12-24 03:57:44.975578,1,2,1,12,62
2025-12-24 03:57:47.890680,1,2,3,12,63
2025-12-24 03:57:50.709596,1,1,3,12,66
2025-12-24 03:57:54.558389,1,1,1,12,69
2025-12-24 03:57:57.467229,1,2,1,12,72
2025-12-24 03:58:00.847976,1,1,2,12,75
2025-12-24 03:58:05.190305,1,2,2,12,81
2025-12-24 03:58:08.548847,1,1,1,12,83
2025-12-24 03:58:11.459417,1,2,1,12,83
2025-12-24 03:58:14.370249,1,1,2,12,83
2025-12-24 03:58:17.179933,1,1,1,12,83
2025-12-24 03:58:20.989284,1,2,1,12,83
2025-12-24 03:58:23.950152,1,2,10,12,85
2025-12-24 03:58:28.871402,1,1,3,12,89
2025-12-24 03:58:31.775124,1,1,1,12,89
2025-12-24 03:58:34.579006,1,2,1,12,85
2025-12-24 03:58:38.443516,1,1,6,12,79
2025-12-24 03:58:41.749146,1,1,6,12,76
2025-12-24 03:58:45.560731,1,1,2,12,73
2025-12-24 03:58:48.477886,1,1,2,12,70
2025-12-24 03:58:52.380691,1,2,1,13,68
2025-12-24 03:58:55.196428,1,2,3,14,70
2025-12-24 03:58:58.049130,1,1,1,16,73
2025-12-24 03:59:01.910743,1,1,1,17,76
2025-12-24 03:59:04.771257,1,2,1,16,77
2025-12-24 03:59:07.579949,1,2,1,15,76
2025-12-24 03:59:11.490181,1,1,1,14,76
2025-12-24 03:59:14.400667,1,2,5,14,73
2025-12-24 03:59:17.212522,1,1,1,14,71
2025-12-24 03:59:21.018700,1,2,1,14,71
2025-12-24 03:59:23.928408,1,2,1,14,71
2025-12-24 03:59:26.745047,1,1,1,14,71
2025-12-24 03:59:30.648818,1,1,1,14,74
2025-12-24 03:59:33.521931,1,1,1,14,77
2025-12-24 03:59:36.881317,1,1,1,14,75
2025-12-24 03:59:42.831693,1,1,1,14,73
2025-12-24 03:59:46.592089,1,2,1,14,73
2025-12-24 03:59:50.456725,1,2,1,14,73
2025-12-24 03:59:53.762371,1,2,3,14,74
2025-12-24 03:59:57.571207,1,2,30,14,77
2025-12-24 04:00:01.935735,1,2,5,14,77
2025-12-24 04:00:04.852602,1,2,3,14,77
2025-12-24 04:00:07.599840,1,2,2,14,74
2025-12-24 04:00:11.510221,1,2,3,15,71
2025-12-24 04:00:14.423241,1,2,2,16,70
2025-12-24 04:00:17.230378,1,2,1,16,70
2025-12-24 04:00:21.040000,1,1,2,16,67
2025-12-24 04:00:24.000831,1,2,2,16,64
2025-12-24 04:00:28.910915,1,2,1,16,63
2025-12-24 04:00:31.859086,1,2,3,16,63
2025-12-24 04:00:34.682531,1,2,11,16,63
2025-12-24 04:00:38.492007,1,2,6,16,63
2025-12-24 04:00:41.801798,1,2,4,16,63
2025-12-24 04:00:45.263160,1,1,3,16,63
2025-12-24 04:00:48.120289,1,2,4,15,63
2025-12-24 04:00:50.979589,1,2,4,15,62
2025-12-24 04:00:53.790295,1,2,2,15,62
2025-12-24 04:00:57.606091,1,1,5,15,62
2025-12-24 04:01:01.962893,1,1,1,15,66
2025-12-24 04:01:05.470669,1,1,1,15,69
2025-12-24 04:01:08.779483,1,2,1,15,72
2025-12-24 04:01:12.641697,1,2,4,15,75
2025-12-24 04:01:15.552818,1,2,4,15,75
2025-12-24 04:01:20.343102,1,1,2,15,75
2025-12-24 04:01:22.674303,1,1,4,15,75
2025-12-24 04:01:25.579205,1,2,1,15,75
2025-12-24 04:01:28.990400,1,2,2,15,75
2025-12-24 04:01:31.848678,1,2,5,15,75
2025-12-24 04:01:34.707369,1,1,3,15,75
2025-12-24 04:01:38.518350,1,2,3,14,75
2025-12-24 04:01:41.829489,1,2,5,14,75
2025-12-24 04:01:45.286972,1,2,4,14,74
2025-12-24 04:01:48.110022,1,1,1,14,71
2025-12-24 04:01:51.005877,1,2,3,14,71
2025-12-24 04:01:53.840021,1,2,3,14,71
2025-12-24 04:01:57.647969,1,1,5,14,71
2025-12-24 04:02:01.983942,1,1,3,14,76
2025-12-24 04:02:05.295522,1,2,5,14,79
2025-12-24 04:02:08.105240,1,1,3,14,82
2025-12-24 04:02:11.012862,1,1,1,14,85
2025-12-24 04:02:13.873317,1,2,5,15,88
2025-12-24 04:02:16.733172,1,1,3,14,90
2025-12-24 04:02:20.554203,1,2,1,13,90
2025-12-24 04:02:23.503709,1,2,3,13,90
2025-12-24 04:02:26.812050,1,1,5,14,90
2025-12-24 04:02:31.631085,1,1,4,16,89
2025-12-24 04:02:35.496000,1,1,4,17,88
2025-12-24 04:02:38.294181,1,1,2,17,88
2025-12-24 04:02:42.205737,1,2,1,19,88
2025-12-24 04:02:45.566554,1,2,2,17,88
2025-12-24 04:02:48.930482,1,1,4,16,88
2025-12-24 04:02:52.733092,1,2,3,14,88
2025-12-24 04:02:56.544722,1,2,1,14,89
2025-12-24 04:02:59.852787,1,2,4,17,91
2025-12-24 04:03:04.162831,1,2,1,19,97
2025-12-24 04:03:07.024562,1,2,4,20,99
2025-12-24 04:03:09.880904,1,1,1,20,99
2025-12-24 04:03:12.691032,1,2,4,21,99
2025-12-24 04:03:15.601197,1,2,3,22,99
2025-12-24 04:03:18.960688,1,2,2,22,99
2025-12-24 04:03:22.719743,1,2,7,21,99
2025-12-24 04:03:25.630995,1,1,3,19,98
2025-12-24 04:03:29.054120,1,1,3,17,98
2025-12-24 04:03:31.902323,1,2,2,15,98
2025-12-24 04:03:34.710424,1,1,2,14,98
2025-12-24 04:03:38.570359,1,1,1,14,96
2025-12-24 04:03:41.882468,1,2,1,13,94
2025-12-24 04:03:45.790887,1,2,3,12,94
2025-12-24 04:03:48.602107,1,2,2,12,94
2025-12-24 04:03:52.509523,1,1,2,12,94
2025-12-24 04:03:55.321059,1,2,2,12,94
2025-12-24 04:03:58.235743,1,2,5,13,94
2025-12-24 04:04:02.050001,1,2,3,13,94
2025-12-24 04:04:04.899586,1,1,1,13,94
2025-12-24 04:04:07.758396,1,2,3,13,94
2025-12-24 04:04:11.618503,1,2,6,13,92
2025-12-24 04:04:14.528260,1,2,5,13,89
2025-12-24 04:04:17.937952,1,1,5,13,86
2025-12-24 04:04:20.750140,1,2,1,14,86
2025-12-24 04:04:23.608624,1,2,6,14,86
2025-12-24 04:04:26.518884,1,1,3,14,86
2025-12-24 04:04:29.330302,1,2,2,14,86
2025-12-24 04:04:33.637297,1,1,1,14,86
2025-12-24 04:04:37.000371,1,2,1,14,86
2025-12-24 04:04:40.761996,1,2,3,13,83
2025-12-24 04:04:44.569655,1,1,3,13,80
2025-12-24 04:04:47.890698,1,1,1,13,77
2025-12-24 04:04:51.687311,1,1,1,13,74
2025-12-24 04:04:56.045948,1,2,4,13,69
2025-12-24 04:04:59.355440,1,2,5,13,69
2025-12-24 04:05:03.168499,1,2,1,13,70
2025-12-24 04:05:06.075738,1,1,1,13,73
2025-12-24 04:05:08.886122,1,2,1,13,74
2025-12-24 04:05:12.747693,1,2,24,13,74
2025-12-24 04:05:15.707020,1,2,30,13,74
2025-12-24 04:05:20.071786,1,2,72,24,110
2025-12-24 04:05:23.373838,1,2,2,24,113
2025-12-24 04:05:26.185724,1,1,1,24,116
2025-12-24 04:05:29.095818,1,1,1,23,119
2025-12-24 04:05:31.957121,1,1,1,23,122
2025-12-24 04:05:34.772493,1,1,1,24,122
2025-12-24 04:05:38.623566,1,1,1,21,116
2025-12-24 04:05:41.934577,1,1,2,18,110
2025-12-24 04:05:44.745360,1,1,1,18,104
2025-12-24 04:05:47.653947,1,1,1,18,98
2025-12-24 04:05:50.567883,1,1,1,18,92
2025-12-24 04:05:53.369707,1,1,1,18,86
2025-12-24 04:05:57.180176,1,1,1,17,82
2025-12-24 04:06:01.038624,1,1,1,17,79
2025-12-24 04:06:04.402839,1,1,1,17,77
2025-12-24 04:06:07.209135,1,1,1,17,77
2025-12-24 04:06:11.116914,1,1,1,17,77
2025-12-24 04:06:13.994212,1,1,1,16,77
2025-12-24 04:06:16.792153,1,1,1,16,77
2025-12-24 04:06:20.647124,1,1,1,15,77
2025-12-24 04:06:23.608121,1,1,1,13,77
2025-12-24 04:06:26.935420,1,1,1,12,77
2025-12-24 04:06:31.729776,1,1,1,12,77
2025-12-24 04:06:35.141325,1,1,1,11,77
2025-12-24 04:06:38.000350,1,1,1,11,74
2025-12-24 04:06:40.810610,1,1,1,11,71
2025-12-24 04:06:44.770379,1,1,1,11,70
2025-12-24 04:06:47.685798,1,1,1,11,73
2025-12-24 04:06:50.590558,1,1,1,11,76
2025-12-24 04:06:53.397252,1,1,1,11,79
2025-12-24 04:06:57.206712,1,1,1,11,80
2025-12-24 04:07:01.067870,1,1,1,11,76
2025-12-24 04:07:04.376968,1,1,1,11,69
2025-12-24 04:07:07.236372,1,1,1,11,66
2025-12-24 04:07:11.145297,1,1,1,14,67
2025-12-24 04:07:14.005201,1,1,1,16,70
2025-12-24 04:07:16.815387,1,1,1,17,72
2025-12-24 04:07:20.674853,1,1,1,17,69
2025-12-24 04:07:23.585813,1,1,1,19,66
2025-12-24 04:07:26.393017,1,1,1,19,65
2025-12-24 04:07:30.252313,1,1,1,16,65
2025-12-24 04:07:33.162210,1,1,1,15,65
2025-12-24 04:07:35.970724,1,1,1,16,65
2025-12-24 04:07:39.789880,1,1,1,18,65
2025-12-24 04:07:42.742433,1,1,1,19,65
2025-12-24 04:07:47.151109,1,1,1,21,62
2025-12-24 04:07:50.009787,1,1,1,21,62
2025-12-24 04:07:52.819729,1,1,1,22,62
2025-12-24 04:07:56.689654,1,1,1,21,62
2025-12-24 04:07:59.989462,1,1,1,22,62
2025-12-24 04:08:03.802126,1,1,1,23,62
2025-12-24 04:08:06.760417,1,1,1,23,62
2025-12-24 04:08:11.171789,1,1,1,23,62
2025-12-24 04:08:14.031206,1,1,1,23,62
2025-12-24 04:08:16.839635,1,1,1,24,64
2025-12-24 04:08:20.701259,1,1,1,24,67
2025-12-24 04:08:23.668401,1,1,1,24,70
2025-12-24 04:08:26.968735,1,1,1,25,73
2025-12-24 04:08:30.826898,1,1,1,25,76
2025-12-24 04:08:33.736442,1,1,1,25,79
2025-12-24 04:08:37.097163,1,1,1,25,82
2025-12-24 04:08:40.855766,1,1,1,25,88
2025-12-24 04:08:43.765816,1,1,1,25,91
2025-12-24 04:08:47.175452,1,1,1,25,94
2025-12-24 04:08:50.041419,1,1,1,25,97
2025-12-24 04:08:52.843033,1,1,1,25,99
2025-12-24 04:08:56.702216,1,1,1,25,99
2025-12-24 04:09:00.011028,1,1,1,25,99
2025-12-24 04:09:03.824409,1,1,1,25,98
2025-12-24 04:09:06.731855,1,1,1,25,95
2025-12-24 04:09:10.642205,1,1,1,25,95
2025-12-24 04:09:13.449063,1,1,1,25,95
2025-12-24 04:09:16.309768,1,1,1,25,92
2025-12-24 04:09:20.168555,1,1,1,25,87
2025-12-24 04:09:23.478560,1,1,1,25,81
2025-12-24 04:09:26.291088,1,1,1,25,77
2025-12-24 04:09:29.198557,1,1,1,25,74
2025-12-24 04:09:32.057790,1,1,1,25,71
2025-12-24 04:09:34.874207,1,1,1,25,69
2025-12-24 04:09:38.730090,1,1,1,25,69
2025-12-24 04:09:42.039807,1,1,1,25,69
2025-12-24 04:09:45.496292,1,1,1,25,69
2025-12-24 04:09:48.312619,1,1,1,25,69
2025-12-24 04:09:51.222615,1,1,1,25,69
2025-12-24 04:09:54.025620,1,1,1,25,69
2025-12-24 04:09:57.832684,1,1,1,25,68
2025-12-24 04:10:02.193180,1,1,1,25,66
2025-12-24 04:10:05.102070,1,1,1,25,66
2025-12-24 04:10:07.864010,1,1,1,25,66
2025-12-24 04:10:11.772266,1,1,1,25,66
2025-12-24 04:10:14.683440,1,1,1,25,66
2025-12-24 04:10:17.491020,1,1,1,25,66
2025-12-24 04:10:21.299306,1,1,1,25,66
2025-12-24 04:10:24.262080,1,1,1,25,65
2025-12-24 04:10:28.669208,1,1,1,25,65
2025-12-24 04:10:31.479538,1,1,1,25,65
2025-12-24 04:10:34.389822,1,1,1,25,65
2025-12-24 04:10:38.199592,1,1,1,23,64
2025-12-24 04:10:41.509382,1,1,1,23,62
2025-12-24 04:10:44.868209,1,1,1,20,62
2025-12-24 04:10:47.778883,1,1,1,17,62
2025-12-24 04:10:50.688968,1,1,1,15,62
2025-12-24 04:10:53.499559,1,1,1,15,62
2025-12-24 04:10:57.312947,1,1,1,14,62
2025-12-24 04:11:01.174364,1,1,1,13,62
2025-12-24 04:11:04.925832,1,1,1,13,62
2025-12-24 04:11:08.736569,1,1,1,12,62
2025-12-24 04:11:12.044759,1,1,1,12,62
2025-12-24 04:11:15.860625,1,1,1,12,62
2025-12-24 04:11:20.214261,1,1,1,12,62
2025-12-24 04:11:23.522696,1,1,1,12,62
2025-12-24 04:11:27.336182,1,1,1,12,62
2025-12-24 04:11:30.243933,1,1,1,12,62
2025-12-24 04:11:33.056077,1,1,1,12,62
2025-12-24 04:11:36.909295,1,1,1,12,62
2025-12-24 04:11:39.829545,1,1,1,12,62
2025-12-24 04:11:43.180129,1,1,1,12,62
2025-12-24 04:11:46.938805,1,1,1,12,62
2025-12-24 04:11:49.851273,1,1,1,12,62
2025-12-24 04:11:53.264772,1,1,1,12,62
2025-12-24 04:11:56.116782,1,1,1,12,62
2025-12-24 04:11:58.927511,1,1,1,12,62
2025-12-24 04:12:02.786920,1,1,1,12,62
2025-12-24 04:12:06.095962,1,1,1,12,62
2025-12-24 04:12:09.555865,1,1,1,12,62
2025-12-24 04:12:12.366516,1,1,1,12,62
2025-12-24 04:12:15.275753,1,1,1,12,62
2025-12-24 04:12:18.091139,1,1,1,12,62
2025-12-24 04:12:21.895233,1,1,1,12,62
2025-12-24 04:12:26.256774,1,1,1,12,62
2025-12-24 04:12:29.164295,1,1,1,12,62
2025-12-24 04:12:31.924212,1,1,1,12,62
2025-12-24 04:12:35.834246,1,1,1,12,62
2025-12-24 04:12:38.741716,1,1,1,12,62
2025-12-24 04:12:41.551378,1,1,1,12,62
2025-12-24 04:12:45.361195,1,1,1,12,62
2025-12-24 04:12:49.221339,1,1,1,12,62
2025-12-24 04:12:52.729991,1,1,1,12,62
2025-12-24 04:12:55.543367,1,1,1,12,62
2025-12-24 04:12:58.406312,1,1,1,12,62
2025-12-24 04:13:02.259181,1,1,1,12,62
2025-12-24 04:13:05.569697,1,1,1,12,62
2025-12-24 04:13:09.377443,1,1,1,12,62
2025-12-24 04:13:12.287737,1,1,1,12,62
2025-12-24 04:13:15.101496,1,1,1,12,62
2025-12-24 04:13:18.956145,1,1,1,12,62
2025-12-24 04:13:21.867186,1,1,1,12,62
2025-12-24 04:13:25.225675,1,1,1,12,62
2025-12-24 04:13:28.985225,1,1,1,12,62
2025-12-24 04:13:32.796412,1,1,1,12,62
2025-12-24 04:13:36.104668,1,1,1,12,62
2025-12-24 04:13:39.914416,1,1,1,12,62
2025-12-24 04:13:44.273766,1,1,1,12,62
2025-12-24 04:13:47.585990,1,1,1,12,62
2025-12-24 04:13:51.393042,1,1,1,13,64
2025-12-24 04:13:54.351140,1,1,1,13,67
2025-12-24 04:13:58.762041,1,1,1,13,72
2025-12-24 04:14:01.573901,1,1,1,13,70
2025-12-24 04:14:04.430162,1,1,1,14,70
2025-12-24 04:14:08.290288,1,1,1,14,69
2025-12-24 04:14:12.100241,1,1,1,14,66
2025-12-24 04:14:15.961330,1,1,1,14,69
2025-12-24 04:14:18.870915,1,1,1,16,69
2025-12-24 04:14:22.780967,1,1,1,17,72
2025-12-24 04:14:25.589554,1,1,1,17,75
2025-12-24 04:14:28.450116,1,1,1,16,77
2025-12-24 04:14:32.314489,1,1,1,15,74
2025-12-24 04:14:35.217421,1,1,1,15,71
2025-12-24 04:14:37.978449,1,1,1,14,68
2025-12-24 04:14:41.886490,1,1,1,14,67
2025-12-24 04:14:44.795543,1,1,1,14,67
2025-12-24 04:14:47.604216,1,1,1,14,67
2025-12-24 04:14:51.413889,1,1,1,14,67
2025-12-24 04:14:55.274709,1,1,1,14,67
2025-12-24 04:14:58.783676,1,1,1,16,72
2025-12-24 04:15:01.604679,1,1,1,15,75
2025-12-24 04:15:04.452566,1,1,1,14,73
2025-12-24 04:15:08.311379,1,1,1,13,70
2025-12-24 04:15:11.622277,1,1,1,13,68
2025-12-24 04:15:15.430164,1,1,1,12,68
2025-12-24 04:15:18.393172,1,1,1,12,68
2025-12-24 04:15:22.799897,1,1,1,15,68
2025-12-24 04:15:25.610891,1,1,1,17,68
2025-12-24 04:15:28.472942,1,1,1,19,68
2025-12-24 04:15:32.329380,1,1,1,20,68
2025-12-24 04:15:35.638850,1,1,1,21,68
2025-12-24 04:15:38.997678,1,1,1,21,68
2025-12-24 04:15:41.907053,1,1,1,17,70
2025-12-24 04:15:44.815928,1,1,1,16,71
2025-12-24 04:15:47.636407,1,1,1,16,69
2025-12-24 04:15:51.433323,1,1,1,16,67
2025-12-24 04:15:55.297982,1,1,1,17,67
2025-12-24 04:15:59.053512,1,1,1,18,67
2025-12-24 04:16:02.863548,1,1,1,19,67
2025-12-24 04:16:06.172485,1,1,1,17,67
2025-12-24 04:16:09.982427,1,1,1,15,67
2025-12-24 04:16:14.342127,1,1,1,14,67
2025-12-24 04:16:17.651297,1,1,1,14,67
2025-12-24 04:16:21.461194,1,1,1,13,67
2025-12-24 04:16:24.368693,1,1,1,12,67
2025-12-24 04:16:27.179142,1,1,1,12,67
2025-12-24 04:16:31.038246,1,1,1,12,67
2025-12-24 04:16:33.952932,1,1,1,12,67
2025-12-24 04:16:37.308489,1,1,1,12,67
2025-12-24 04:16:41.066651,1,1,1,12,69
2025-12-24 04:16:43.976563,1,1,1,12,69
2025-12-24 04:16:47.384922,1,1,1,12,69
2025-12-24 04:16:50.249267,1,1,1,14,71
2025-12-24 04:16:53.054880,1,1,1,16,74
2025-12-24 04:16:56.913452,1,1,1,17,77
2025-12-24 04:17:00.222749,1,1,1,19,80
2025-12-24 04:17:04.033057,1,1,1,20,83
2025-12-24 04:17:06.943643,1,1,1,21,85
2025-12-24 04:17:10.851694,1,1,1,22,85
2025-12-24 04:17:13.661830,1,1,1,22,85
2025-12-24 04:17:16.532767,1,1,1,23,85
2025-12-24 04:17:20.379695,1,1,1,23,85
2025-12-24 04:17:23.690782,1,1,1,24,85
2025-12-24 04:17:26.505803,1,1,1,24,85
2025-12-24 04:17:29.416825,1,1,1,25,85
2025-12-24 04:17:32.268655,1,1,1,25,85
2025-12-24 04:17:35.078026,1,1,1,24,85
2025-12-24 04:17:38.945451,1,1,1,22,85
2025-12-24 04:17:42.253875,1,1,1,18,85
2025-12-24 04:17:45.057156,1,1,1,20,84
2025-12-24 04:17:47.971350,1,1,1,21,84
2025-12-24 04:17:50.876021,1,1,1,19,84
2025-12-24 04:17:53.686215,1,1,1,19,84
2025-12-24 04:17:57.494104,1,1,1,16,84
2025-12-24 04:18:01.354204,1,1,1,15,84
2025-12-24 04:18:04.863802,1,1,1,17,84
2025-12-24 04:18:07.672351,1,1,1,18,84
2025-12-24 04:18:10.532748,1,1,1,19,84
2025-12-24 04:18:14.392504,1,1,1,20,84
2025-12-24 04:18:17.701091,1,1,1,17,84
2025-12-24 04:18:21.510775,1,1,1,14,78
2025-12-24 04:18:24.421181,1,1,1,14,72
2025-12-24 04:18:27.237055,1,1,1,16,69
2025-12-24 04:18:31.089965,1,1,1,17,66
2025-12-24 04:18:34.002139,1,1,1,18,65
2025-12-24 04:18:37.360386,1,1,1,19,65
2025-12-24 04:18:41.117701,1,1,1,20,65
2025-12-24 04:18:44.033600,1,1,1,21,65
2025-12-24 04:18:47.436928,1,1,1,21,65
2025-12-24 04:18:50.298347,1,1,1,22,65
2025-12-24 04:18:53.106958,1,1,1,22,65
2025-12-24 04:18:56.969964,1,1,1,22,65
2025-12-24 04:19:00.275873,1,1,1,23,65
2025-12-24 04:19:04.093579,1,1,1,23,65
2025-12-24 04:19:06.995740,1,1,1,23,65
2025-12-24 04:19:10.906197,1,1,1,24,66
2025-12-24 04:19:13.724707,1,1,1,24,69
2025-12-24 04:19:16.586011,1,1,1,24,72
2025-12-24 04:19:20.440393,1,1,1,24,75
2025-12-24 04:19:23.345407,1,1,1,24,78
2025-12-24 04:19:26.105878,1,1,1,24,78
2025-12-24 04:19:30.015423,1,1,1,24,78
2025-12-24 04:19:32.924350,1,1,1,22,76
2025-12-24 04:19:35.732520,1,1,1,22,72
2025-12-24 04:19:39.541308,1,1,1,19,69
2025-12-24 04:19:43.400709,1,1,1,17,68
2025-12-24 04:19:46.910628,1,1,1,15,68
2025-12-24 04:19:49.720784,1,1,1,14,68
2025-12-24 04:19:52.580443,1,1,1,14,66
2025-12-24 04:19:56.438516,1,1,1,13,63
2025-12-24 04:19:59.748736,1,1,1,14,63
2025-12-24 04:20:03.558220,1,1,1,15,63
2025-12-24 04:20:06.469699,1,1,1,16,63
2025-12-24 04:20:09.828027,1,1,1,15,63
2025-12-24 04:20:12.593473,1,1,1,15,63
2025-12-24 04:20:15.498990,1,1,1,15,63
2025-12-24 04:20:18.307648,1,1,1,17,63
2025-12-24 04:20:22.116371,1,1,1,18,65
2025-12-24 04:20:25.028386,1,1,1,18,68
2025-12-24 04:20:28.946854,1,1,1,19,74
2025-12-24 04:20:31.743955,1,1,1,20,77
2025-12-24 04:20:34.661147,1,1,1,19,78
2025-12-24 04:20:38.465300,1,1,1,20,76
2025-12-24 04:20:41.777480,1,1,1,21,73
2025-12-24 04:20:44.583298,1,1,1,22,71
2025-12-24 04:20:47.495830,1,1,1,22,71
2025-12-24 04:20:50.352122,1,1,1,23,71
2025-12-24 04:20:53.170144,1,1,1,23,71
2025-12-24 04:20:57.020985,1,1,1,22,72
2025-12-24 04:21:00.335932,1,1,1,17,72
2025-12-24 04:21:03.146642,1,1,1,15,75
2025-12-24 04:21:06.051264,1,1,1,14,74
2025-12-24 04:21:09.360875,1,1,1,14,74
2025-12-24 04:21:12.175132,1,1,1,13,71
2025-12-24 04:21:15.078690,1,1,1,13,68
2025-12-24 04:21:17.988614,1,1,1,12,65
2025-12-24 04:21:21.305817,1,1,1,12,62
2025-12-24 04:21:25.158230,1,1,1,13,62
2025-12-24 04:21:28.068933,1,1,1,14,63
2025-12-24 04:21:31.428060,1,1,1,16,66
2025-12-24 04:21:35.188721,1,1,1,16,72
2025-12-24 04:21:39.053423,1,1,1,17,75
2025-12-24 04:21:41.956701,1,1,1,18,78
2025-12-24 04:21:44.766592,1,1,1,18,81
2025-12-24 04:21:48.626637,1,1,1,18,84
2025-12-24 04:21:51.549260,1,1,1,17,87
2025-12-24 04:21:54.344262,1,1,1,16,86
2025-12-24 04:21:58.154670,1,1,1,15,84
2025-12-24 04:22:01.064667,1,1,1,14,84
2025-12-24 04:22:04.972715,1,1,1,14,81
2025-12-24 04:22:07.790111,1,1,1,13,75
2025-12-24 04:22:10.647794,1,1,1,13,71
2025-12-24 04:22:14.502670,1,1,1,12,69
2025-12-24 04:22:17.811766,1,1,1,13,69
2025-12-24 04:22:21.620749,1,1,1,14,69
2025-12-24 04:22:24.530930,1,1,1,14,69
2025-12-24 04:22:27.338420,1,1,1,14,67
2025-12-24 04:22:31.199005,1,1,1,14,66
2025-12-24 04:22:34.132742,1,1,1,14,66
2025-12-24 04:22:37.468935,1,1,1,16,66
2025-12-24 04:22:41.228129,1,1,1,17,65
2025-12-24 04:22:45.037112,1,1,1,18,65
2025-12-24 04:22:48.345606,1,1,1,20,65
2025-12-24 04:22:52.157340,1,1,1,19,65
2025-12-24 04:22:56.516348,1,1,1,17,65
2025-12-24 04:22:59.826005,1,1,1,16,67
2025-12-24 04:23:03.634279,1,1,1,16,70
2025-12-24 04:23:06.543226,1,1,1,15,73
2025-12-24 04:23:09.356341,1,1,1,14,76
2025-12-24 04:23:13.214563,1,1,1,13,76
2025-12-24 04:23:16.121804,1,1,1,13,73
2025-12-24 04:23:19.487503,1,1,1,12,71
2025-12-24 04:23:23.240410,1,1,1,12,71
2025-12-24 04:23:26.150766,1,1,1,12,71
2025-12-24 04:23:29.560354,1,1,1,12,73
2025-12-24 04:23:32.417457,1,1,1,12,76
2025-12-24 04:23:35.235453,1,1,1,12,77
2025-12-24 04:23:39.087413,1,1,1,12,77
2025-12-24 04:23:42.399012,1,1,1,12,77
2025-12-24 04:23:46.207658,1,1,1,12,77
2025-12-24 04:23:49.120065,1,1,1,12,77
2025-12-24 04:23:53.027166,1,1,1,12,72
2025-12-24 04:23:55.837183,1,1,1,12,69
2025-12-24 04:23:58.697838,1,1,1,12,66
2025-12-24 04:24:02.555782,1,1,1,12,63
2025-12-24 04:24:06.267063,1,1,1,12,62
2025-12-24 04:24:10.134424,1,1,1,12,62
2025-12-24 04:24:13.524328,1,1,1,12,62
2025-12-24 04:24:17.248646,1,1,1,12,62
2025-12-24 04:24:21.108256,1,1,1,12,62
2025-12-24 04:24:24.416703,1,1,1,12,62
2025-12-24 04:24:28.224144,1,1,1,12,62
2025-12-24 04:24:31.133453,1,1,1,12,64
2025-12-24 04:24:35.043302,1,1,1,12,68
2025-12-24 04:24:37.851349,1,1,1,12,68
2025-12-24 04:24:40.712587,1,1,1,12,67
2025-12-24 04:24:44.572985,1,1,1,12,67
2025-12-24 04:24:47.887664,1,1,1,12,67
2025-12-24 04:24:50.689919,1,1,1,12,67
2025-12-24 04:24:53.601975,1,1,1,12,67
2025-12-24 04:24:56.458382,1,1,1,12,64
2025-12-24 04:24:59.271294,1,1,1,12,63
2025-12-24 04:25:03.131401,1,1,1,14,65
2025-12-24 04:25:06.488604,1,1,1,15,68
2025-12-24 04:25:09.250146,1,1,1,16,71
2025-12-24 04:25:12.157495,1,1,1,16,74
2025-12-24 04:25:15.066352,1,1,1,15,74
2025-12-24 04:25:17.875615,1,1,1,15,74
2025-12-24 04:25:21.690350,1,1,1,14,70
2025-12-24 04:25:25.545941,1,1,1,13,67
2025-12-24 04:25:28.904324,1,1,1,13,63
2025-12-24 04:25:31.713599,1,1,1,12,63
2025-12-24 04:25:35.623583,1,1,1,12,63
2025-12-24 04:25:38.499676,1,1,1,12,63
2025-12-24 04:25:41.330277,1,1,1,12,63
2025-12-24 04:25:45.151750,1,1,1,12,63
2025-12-24 04:25:48.112540,1,1,1,12,63
2025-12-24 04:25:51.420698,1,1,1,12,63
2025-12-24 04:25:55.279562,1,1,1,12,63
2025-12-24 04:25:58.222387,1,1,1,12,64
2025-12-24 04:26:01.549391,1,1,1,12,67
2025-12-24 04:26:05.308800,1,1,1,12,73
2025-12-24 04:26:09.176350,1,1,1,12,76
2025-12-24 04:26:12.079643,1,1,1,13,76
2025-12-24 04:26:14.895142,1,1,1,13,76
2025-12-24 04:26:18.756027,1,1,1,16,76
2025-12-24 04:26:21.657273,1,1,1,18,76
2025-12-24 04:26:24.494033,1,1,1,19,76
2025-12-24 04:26:28.276762,1,1,1,20,76
2025-12-24 04:26:31.187592,1,1,1,21,76
2025-12-24 04:26:35.095525,1,1,1,21,76
2025-12-24 04:26:37.903642,1,1,1,21,76
2025-12-24 04:26:40.763831,1,1,1,21,76
2025-12-24 04:26:44.623934,1,1,1,21,78
2025-12-24 04:26:47.932581,1,1,1,22,81
2025-12-24 04:26:50.740986,1,1,1,22,84
2025-12-24 04:26:53.650479,1,1,1,23,85
2025-12-24 04:26:56.511738,1,1,1,23,81
2025-12-24 04:26:59.322918,1,1,1,23,78
2025-12-24 04:27:03.178485,1,1,1,23,75
2025-12-24 04:27:06.489494,1,1,1,23,72
2025-12-24 04:27:09.947170,1,1,1,23,69
2025-12-24 04:27:12.757711,1,1,1,23,66
2025-12-24 04:27:15.676603,1,1,1,23,66
2025-12-24 04:27:18.480026,1,1,1,24,66
2025-12-24 04:27:22.288167,1,1,1,24,66
2025-12-24 04:27:26.646314,1,1,1,24,66
2025-12-24 04:27:29.558079,1,1,1,24,66
2025-12-24 04:27:32.321711,1,1,1,24,66
2025-12-24 04:27:36.239147,1,1,1,21,65
2025-12-24 04:27:39.135156,1,1,1,20,65
2025-12-24 04:27:41.942367,1,1,1,20,64
2025-12-24 04:27:45.751503,1,1,1,17,64
2025-12-24 04:27:49.613270,1,1,1,16,64
2025-12-24 04:27:53.125798,1,1,1,16,64
2025-12-24 04:27:55.930241,1,1,1,15,63
2025-12-24 04:27:58.790634,1,1,1,15,62
2025-12-24 04:28:02.649078,1,1,1,15,62
2025-12-24 04:28:05.960633,1,1,1,15,62
2025-12-24 04:28:09.774026,1,1,1,14,62
2025-12-24 04:28:12.726713,1,1,1,14,62
2025-12-24 04:28:17.138439,1,1,1,14,62
2025-12-24 04:28:19.948445,1,1,1,14,62
2025-12-24 04:28:22.813793,1,2,21,14,62
2025-12-24 04:28:26.670665,1,2,9,15,62
2025-12-24 04:28:29.975911,1,2,77,13,62
2025-12-24 04:28:32.784692,1,2,4,11,62
2025-12-24 04:28:35.696412,1,2,1,12,64
2025-12-24 04:28:38.553373,1,2,3,13,65
2025-12-24 04:28:41.417704,1,1,3,14,67
2025-12-24 04:28:45.223554,1,2,5,14,70
2025-12-24 04:28:48.533632,1,2,2,14,72
2025-12-24 04:28:51.992491,1,1,1,12,72
2025-12-24 04:28:54.852307,1,1,3,12,72
2025-12-24 04:28:57.712923,1,1,1,12,72
2025-12-24 04:29:00.523426,1,1,1,13,72
2025-12-24 04:29:04.335974,1,1,1,13,70
2025-12-24 04:29:08.693542,1,1,2,12,70
2025-12-24 04:29:11.602456,1,2,5,12,70
2025-12-24 04:29:14.410699,1,1,3,13,70
2025-12-24 04:29:18.270316,1,2,3,15,70
2025-12-24 04:29:21.208189,1,2,1,15,70
2025-12-24 04:29:23.990953,1,2,3,15,70
2025-12-24 04:29:27.805253,1,1,2,15,70
2025-12-24 04:29:31.210747,1,1,3,14,70
2025-12-24 04:29:34.570730,1,1,1,14,70
2025-12-24 04:29:37.378225,1,2,1,14,70
2025-12-24 04:29:40.290251,1,1,2,14,70
2025-12-24 04:29:43.650948,1,2,1,14,70
2025-12-24 04:29:47.462784,1,1,2,14,70
2025-12-24 04:29:50.273255,1,1,1,14,70
2025-12-24 04:29:53.180066,1,2,1,13,70
2025-12-24 04:29:55.992637,1,2,2,13,70
2025-12-24 04:29:58.900814,1,2,1,12,70
2025-12-24 04:30:02.709357,1,1,3,12,70
2025-12-24 04:30:06.018966,1,2,1,12,73
2025-12-24 04:30:08.878740,1,2,3,12,75
2025-12-24 04:30:11.750212,1,2,16,12,75
2025-12-24 04:30:14.602329,1,2,36,12,76
2025-12-24 04:30:17.408760,1,2,2,12,79
2025-12-24 04:30:21.271980,1,2,1,12,77
2025-12-24 04:30:24.576322,1,2,1,12,73
2025-12-24 04:30:27.387356,1,1,1,12,70
2025-12-24 04:30:30.301130,1,1,2,12,67
2025-12-24 04:30:33.208322,1,1,1,12,64
2025-12-24 04:30:36.016842,1,1,1,12,63
2025-12-24 04:30:40.330157,1,1,1,13,63
2025-12-24 04:30:43.687064,1,1,1,13,63
2025-12-24 04:30:46.996535,1,1,2,14,63
2025-12-24 04:30:49.864568,1,1,1,15,63
2025-12-24 04:30:53.768243,1,2,2,15,63
2025-12-24 04:30:56.628944,1,1,2,14,63
2025-12-24 04:30:59.437509,1,1,1,14,63
2025-12-24 04:31:03.297908,1,1,2,14,63
2025-12-24 04:31:06.211486,1,1,1,12,63
2025-12-24 04:31:09.019995,1,1,1,12,63
2025-12-24 04:31:12.879472,1,1,3,14,63
2025-12-24 04:31:15.789645,1,1,1,16,66
2025-12-24 04:31:18.602230,1,2,1,14,69
2025-12-24 04:31:21.459461,1,1,1,14,69
2025-12-24 04:31:24.319438,1,1,1,13,69
2025-12-24 04:31:27.636570,1,2,2,13,68
2025-12-24 04:31:30.489590,1,1,1,13,69
2025-12-24 04:31:33.347317,1,2,1,13,68
2025-12-24 04:31:36.707302,1,1,2,12,65
2025-12-24 04:31:40.066812,1,1,1,12,63
2025-12-24 04:31:42.884336,1,1,1,11,63
2025-12-24 04:31:45.788835,1,1,1,11,63
2025-12-24 04:31:48.605794,1,2,1,11,63
2025-12-24 04:31:52.909578,1,2,1,11,64
2025-12-24 04:31:56.767917,1,1,2,11,64
2025-12-24 04:31:59.628137,1,1,1,11,64
2025-12-24 04:32:02.463684,1,2,1,11,64
2025-12-24 04:32:06.348031,1,1,2,11,64
2025-12-24 04:32:09.258008,1,1,1,11,65
2025-12-24 04:32:12.070135,1,2,3,11,67
2025-12-24 04:32:15.479033,1,1,1,11,67
2025-12-24 04:32:18.842001,1,1,1,11,67
2025-12-24 04:32:23.251648,1,2,4,11,63
2025-12-24 04:32:26.061576,1,2,2,11,63
2025-12-24 04:32:28.970392,1,1,1,11,63
2025-12-24 04:32:32.781715,1,1,2,11,63
2025-12-24 04:32:36.291599,1,1,2,14,63
2025-12-24 04:32:39.602404,1,1,1,17,66
2025-12-24 04:32:44.962565,1,1,3,18,72
2025-12-24 04:32:48.272792,1,1,2,16,75
2025-12-24 04:32:51.104344,1,1,1,16,78
2025-12-24 04:32:54.952846,1,1,1,14,81
2025-12-24 04:32:57.800681,1,1,1,13,84
2025-12-24 04:33:01.110783,1,1,1,13,83
2025-12-24 04:33:03.921538,1,2,2,12,77
2025-12-24 04:33:06.830486,1,1,1,12,80
2025-12-24 04:33:09.640097,1,2,1,12,83
2025-12-24 04:33:13.549711,1,1,3,12,85
2025-12-24 04:33:16.365525,1,1,1,12,85
2025-12-24 04:33:19.721780,1,2,1,12,81
2025-12-24 04:33:23.481360,1,1,3,14,74
2025-12-24 04:33:27.362966,1,1,1,15,77
2025-12-24 04:33:30.650118,1,2,1,18,80
2025-12-24 04:33:34.461481,1,2,3,19,83
2025-12-24 04:33:37.370314,1,1,1,20,86
2025-12-24 04:33:41.294052,1,2,1,18,92
2025-12-24 04:33:44.103290,1,2,3,16,92
2025-12-24 04:33:47.002897,1,1,1,15,92
2025-12-24 04:33:50.811295,1,2,3,14,92
2025-12-24 04:33:54.120528,1,2,1,13,90
2025-12-24 04:33:56.979987,1,1,1,12,88
2025-12-24 04:33:59.842733,1,2,2,12,88
2025-12-24 04:34:02.698657,1,2,3,11,88
2025-12-24 04:34:05.519109,1,1,1,11,88
2025-12-24 04:34:09.369378,1,2,2,11,88
2025-12-24 04:34:13.783825,1,1,3,11,85
2025-12-24 04:34:16.705537,1,2,1,11,76
2025-12-24 04:34:19.503777,1,2,1,11,76
2025-12-24 04:34:22.411187,1,2,3,11,72
2025-12-24 04:34:25.769415,1,1,3,11,69
2025-12-24 04:34:29.528242,1,1,1,11,63
2025-12-24 04:34:32.445350,1,2,1,11,63
2025-12-24 04:34:35.847933,1,2,2,11,63
2025-12-24 04:34:38.709412,1,1,1,11,63
2025-12-24 04:34:41.567707,1,2,3,11,63
2025-12-24 04:34:45.377262,1,1,1,11,62
2025-12-24 04:34:48.688499,1,1,1,11,62
2025-12-24 04:34:53.097323,1,2,1,11,62
2025-12-24 04:34:56.012171,1,1,1,11,62
2025-12-24 04:34:59.870931,1,1,1,11,62
2025-12-24 04:35:02.727682,1,1,1,11,62
2025-12-24 04:35:05.587515,1,1,4,11,62
2025-12-24 04:35:09.396636,1,1,2,12,62
2025-12-24 04:35:13.409567,1,1,2,13,62
2025-12-24 04:35:17.318587,1,1,2,13,62
2025-12-24 04:35:20.136546,1,1,1,13,62
2025-12-24 04:35:23.042108,1,2,1,13,64
2025-12-24 04:35:26.849341,1,1,1,13,67
2025-12-24 04:35:30.159237,1,2,1,13,70
2025-12-24 04:35:33.517088,1,1,2,13,71
2025-12-24 04:35:36.427546,1,1,1,13,71
2025-12-24 04:35:39.337545,1,2,1,12,71
2025-12-24 04:35:42.145769,1,1,2,12,71
2025-12-24 04:35:45.956531,1,2,1,11,71
2025-12-24 04:35:49.816513,1,2,1,11,70
2025-12-24 04:35:53.174013,1,2,1,11,70
2025-12-24 04:35:55.985037,1,1,1,11,70
2025-12-24 04:35:59.899781,1,2,2,11,70
2025-12-24 04:36:02.754165,1,2,2,11,70
2025-12-24 04:36:05.564849,1,1,1,11,70
2025-12-24 04:36:09.425651,1,2,3,11,70
2025-12-24 04:36:12.733384,1,1,3,11,70
2025-12-24 04:36:15.542745,1,1,1,11,70
2025-12-24 04:36:18.461030,1,2,1,12,70
2025-12-24 04:36:21.364052,1,1,1,12,70
2025-12-24 04:36:24.173301,1,2,1,12,70
2025-12-24 04:36:27.984147,1,1,3,12,70
2025-12-24 04:36:31.393090,1,2,3,12,70
2025-12-24 04:36:34.752705,1,1,1,12,70
2025-12-24 04:36:37.568421,1,1,1,12,70
2025-12-24 04:36:40.475325,1,2,4,12,70
2025-12-24 04:36:43.838618,1,2,1,12,70
2025-12-24 04:36:47.591964,1,1,2,12,70
2025-12-24 04:36:50.459732,1,2,1,12,70
2025-12-24 04:36:53.363683,1,1,5,12,70
2025-12-24 04:36:56.170064,1,1,1,12,70
2025-12-24 04:36:59.029496,1,1,4,12,67
2025-12-24 04:37:02.890058,1,1,1,12,66
2025-12-24 04:37:06.200117,1,1,1,12,66
2025-12-24 04:37:09.559068,1,2,1,12,66
2025-12-24 04:37:12.469335,1,1,1,12,66
2025-12-24 04:37:15.380482,1,1,1,12,66
2025-12-24 04:37:18.187203,1,1,1,12,66
2025-12-24 04:37:22.498429,1,2,1,12,66
2025-12-24 04:37:25.857228,1,2,2,12,66
2025-12-24 04:37:29.615657,1,2,2,12,63
2025-12-24 04:37:33.427298,1,1,1,11,63
2025-12-24 04:37:36.736593,1,1,5,11,66
2025-12-24 04:37:41.098957,1,1,1,11,72
2025-12-24 04:37:44.908072,1,2,1,11,75
2025-12-24 04:37:48.216774,1,1,1,13,74
2025-12-24 04:37:51.679461,1,2,2,18,71
2025-12-24 04:37:55.126927,1,2,2,19,68
2025-12-24 04:37:57.945425,1,2,1,19,66
2025-12-24 04:38:00.759352,1,1,1,19,66
2025-12-24 04:38:04.567005,1,2,1,17,66
2025-12-24 04:38:08.427129,1,1,2,17,66
2025-12-24 04:38:11.836978,1,1,1,15,66
2025-12-24 04:38:14.648548,1,2,1,14,69
2025-12-24 04:38:18.507937,1,1,1,12,72
2025-12-24 04:38:21.425949,1,1,1,12,75
2025-12-24 04:38:24.226557,1,1,1,12,78
2025-12-24 04:38:28.037012,1,1,1,12,81
2025-12-24 04:38:30.945144,1,2,1,12,75
2025-12-24 04:38:33.753696,1,1,1,12,72
2025-12-24 04:38:38.567717,1,1,1,12,70
2025-12-24 04:38:41.976241,1,1,1,12,73
2025-12-24 04:38:44.835621,1,2,1,12,76
2025-12-24 04:38:47.697168,1,1,1,12,79
2025-12-24 04:38:50.505600,1,1,1,12,81
2025-12-24 04:38:53.414696,1,1,2,12,81
2025-12-24 04:38:56.222368,1,1,1,11,81
2025-12-24 04:38:59.132607,1,2,2,11,78
2025-12-24 04:39:02.943179,1,1,1,11,75
2025-12-24 04:39:06.253818,1,1,2,11,72
2025-12-24 04:39:09.062643,1,2,2,11,69
2025-12-24 04:39:11.972302,1,1,1,11,69
2025-12-24 04:39:14.834654,1,1,1,11,69
2025-12-24 04:39:17.699900,1,1,1,11,69
2025-12-24 04:39:21.503125,1,2,2,11,69
2025-12-24 04:39:24.811947,1,2,2,11,69
2025-12-24 04:39:27.675359,1,1,1,12,70
2025-12-24 04:39:30.535127,1,2,1,13,73
2025-12-24 04:39:33.443006,1,1,2,13,74
2025-12-24 04:39:36.253851,1,1,3,13,71
2025-12-24 04:39:40.060335,1,1,1,14,69
2025-12-24 04:39:43.919742,1,2,2,14,69
2025-12-24 04:39:47.431790,1,2,1,14,69
2025-12-24 04:39:50.246859,1,1,1,14,69
2025-12-24 04:39:53.099197,1,1,1,14,69
2025-12-24 04:39:56.959098,1,2,3,14,69
2025-12-24 04:40:00.270260,1,2,1,14,71
2025-12-24 04:40:04.078610,1,1,1,14,74
2025-12-24 04:40:06.994636,1,1,1,14,77
2025-12-24 04:40:09.796069,1,1,1,14,80
2025-12-24 04:40:13.657654,1,1,1,14,83
2025-12-24 04:40:16.567439,1,2,3,14,86
2025-12-24 04:40:19.928791,1,1,2,14,89
2025-12-24 04:40:23.689618,1,1,1,14,77
2025-12-24 04:40:26.547979,1,2,1,15,73
2025-12-24 04:40:29.459408,1,1,1,15,70
2025-12-24 04:40:32.266187,1,2,1,15,70
2025-12-24 04:40:35.682335,1,1,1,15,71
2025-12-24 04:40:39.040539,1,2,1,15,74
2025-12-24 04:40:44.551370,1,1,2,16,80
2025-12-24 04:40:47.461090,1,1,1,18,83
2025-12-24 04:40:50.283362,1,1,1,19,86
2025-12-24 04:40:53.183876,1,1,2,21,89
2025-12-24 04:40:56.992019,1,1,1,19,89
2025-12-24 04:41:00.306937,1,1,1,17,85
2025-12-24 04:41:03.760253,1,2,2,18,80
2025-12-24 04:41:06.570219,1,1,3,18,81
2025-12-24 04:41:09.483582,1,1,2,18,84
2025-12-24 04:41:12.290075,1,2,1,18,81
2025-12-24 04:41:16.098476,1,2,5,20,75
2025-12-24 04:41:19.959344,1,1,1,20,72
2025-12-24 04:41:23.923073,1,2,1,20,66
2025-12-24 04:41:26.679841,1,2,2,21,65
2025-12-24 04:41:30.588362,1,1,3,22,65
2025-12-24 04:41:33.511289,1,2,1,23,65
2025-12-24 04:41:36.309215,1,1,3,23,65
2025-12-24 04:41:40.618424,1,2,1,23,65
2025-12-24 04:41:44.031116,1,2,4,23,65
2025-12-24 04:41:46.886729,1,2,3,23,65
2025-12-24 04:41:49.745782,1,1,1,23,65
2025-12-24 04:41:52.606589,1,2,1,20,65
2025-12-24 04:41:55.967603,1,2,1,17,65
2025-12-24 04:41:59.775627,1,2,1,15,65
2025-12-24 04:42:03.135948,1,1,1,14,65
2025-12-24 04:42:06.049085,1,2,4,14,65
2025-12-24 04:42:08.917490,1,2,3,14,65
2025-12-24 04:42:11.716535,1,2,1,14,65
2025-12-24 04:42:15.583808,1,2,5,15,65
2025-12-24 04:42:18.885050,1,2,1,15,65
2025-12-24 04:42:22.342381,1,2,4,14,65
2025-12-24 04:42:25.153871,1,2,5,14,67
2025-12-24 04:42:28.064363,1,2,2,13,70
2025-12-24 04:42:30.871831,1,2,2,13,73
2025-12-24 04:42:34.683276,1,1,1,13,75
2025-12-24 04:42:38.546730,1,2,2,13,71
2025-12-24 04:42:41.954432,1,2,3,13,71
2025-12-24 04:42:44.716994,1,2,23,13,71
2025-12-24 04:42:48.624103,1,2,21,13,72
2025-12-24 04:42:51.532651,1,2,4,13,74
2025-12-24 04:42:54.346375,1,2,13,13,74
2025-12-24 04:42:58.150686,1,2,21,12,74
2025-12-24 04:43:01.066204,1,2,14,11,74
2025-12-24 04:43:03.870852,1,1,2,11,76
2025-12-24 04:43:08.682777,1,2,1,11,82
2025-12-24 04:43:12.091875,1,1,3,11,81
2025-12-24 04:43:14.951640,1,1,2,11,78
2025-12-24 04:43:17.764286,1,1,1,11,75
2025-12-24 04:43:21.572726,1,1,4,11,74
2025-12-24 04:43:24.881755,1,1,2,11,74
2025-12-24 04:43:28.697582,1,2,1,11,74
2025-12-24 04:43:33.051120,1,2,13,11,74
2025-12-24 04:43:36.359336,1,2,2,11,74
2025-12-24 04:43:40.170135,1,2,7,11,74
2025-12-24 04:43:43.129223,1,2,9,11,74
2025-12-24 04:43:47.537975,1,2,1,12,71
2025-12-24 04:43:50.349398,1,2,2,13,68
2025-12-24 04:43:53.210815,1,1,1,15,66
2025-12-24 04:43:57.078369,1,2,2,17,66
2025-12-24 04:43:59.987734,1,1,2,19,66
2025-12-24 04:44:03.787358,1,1,2,20,66
2025-12-24 04:44:06.649161,1,2,3,22,68
2025-12-24 04:44:09.558547,1,1,1,22,71
2025-12-24 04:44:12.367033,1,2,1,22,74
2025-12-24 04:44:16.176610,1,1,5,23,77
2025-12-24 04:44:20.038574,1,1,1,22,80
2025-12-24 04:44:23.795961,1,2,1,22,86
2025-12-24 04:44:27.606545,1,2,2,22,89
2025-12-24 04:44:30.915659,1,1,3,22,90
2025-12-24 04:44:34.725175,1,1,1,22,90
2025-12-24 04:44:38.587456,1,2,3,20,84
2025-12-24 04:44:41.399212,1,2,2,18,81
2025-12-24 04:44:44.760693,1,1,2,16,78
2025-12-24 04:44:48.667841,1,2,1,18,78
2025-12-24 04:44:51.579818,1,2,3,19,78
2025-12-24 04:44:54.386669,1,1,2,19,77
2025-12-24 04:44:58.225372,1,2,1,20,74
2025-12-24 04:45:02.055410,1,2,4,21,73
2025-12-24 04:45:06.030163,1,1,1,21,73
2025-12-24 04:45:08.783670,1,1,1,21,73
2025-12-24 04:45:12.686930,1,1,3,21,73
2025-12-24 04:45:15.595739,1,2,1,21,73
2025-12-24 04:45:18.408458,1,1,2,21,73
2025-12-24 04:45:22.215238,1,2,2,21,73
2025-12-24 04:45:26.025224,1,2,7,21,73
2025-12-24 04:45:29.834692,1,1,2,22,73
2025-12-24 04:45:33.645059,1,1,2,22,73
2025-12-24 04:45:36.956040,1,2,1,22,73
2025-12-24 04:45:40.764169,1,2,1,22,73
2025-12-24 04:45:45.130869,1,2,2,22,67
2025-12-24 04:45:48.039292,1,1,1,22,67
2025-12-24 04:45:50.795892,1,1,1,22,67
2025-12-24 04:45:54.702593,1,1,1,22,67
2025-12-24 04:45:57.612047,1,2,1,22,67
2025-12-24 04:46:00.420387,1,2,2,22,67
2025-12-24 04:46:04.233270,1,1,1,16,67
2025-12-24 04:46:07.640423,1,2,1,15,67
2025-12-24 04:46:11.001351,1,2,1,13,67
2025-12-24 04:46:13.859684,1,1,2,12,67
2025-12-24 04:46:16.721887,1,2,1,14,67
2025-12-24 04:46:20.077130,1,1,3,14,67
2025-12-24 04:46:23.840274,1,1,2,13,67
2025-12-24 04:46:27.697491,1,2,1,12,67
2025-12-24 04:46:30.606237,1,2,2,11,67
2025-12-24 04:46:33.418284,1,1,2,11,67
2025-12-24 04:46:37.273774,1,1,1,11,67
2025-12-24 04:46:40.185422,1,2,3,11,67
2025-12-24 04:46:42.994704,1,2,2,11,67
2025-12-24 04:46:47.315806,1,1,1,11,67
2025-12-24 04:46:51.113660,1,2,2,11,67
2025-12-24 04:46:54.424079,1,2,5,11,67
2025-12-24 04:46:58.235060,1,1,2,11,67
2025-12-24 04:47:02.091916,1,1,1,11,64
2025-12-24 04:47:05.852126,1,2,3,11,62
2025-12-24 04:47:09.712196,1,1,2,11,62
2025-12-24 04:47:12.620690,1,1,1,11,62
2025-12-24 04:47:15.431059,1,2,12,11,62
2025-12-24 04:47:19.340283,1,2,2,11,62
2025-12-24 04:47:22.212650,1,1,1,11,64
2025-12-24 04:47:25.009757,1,2,9,11,64
2025-12-24 04:47:28.821486,1,1,1,11,62
2025-12-24 04:47:31.741161,1,2,2,11,62
2025-12-24 04:47:35.640349,1,2,3,11,62
2025-12-24 04:47:38.447649,1,1,5,11,62
2025-12-24 04:47:41.309854,1,2,1,11,62
2025-12-24 04:47:45.167151,1,1,2,11,62
2025-12-24 04:47:48.516625,1,1,2,11,62
2025-12-24 04:47:51.836185,1,2,2,11,62
2025-12-24 04:47:54.746133,1,2,4,11,63
2025-12-24 04:47:57.657516,1,1,3,11,66
2025-12-24 04:48:00.499265,1,2,2,11,69
2025-12-24 04:48:04.276670,1,2,2,11,72
2025-12-24 04:48:08.135368,1,1,5,11,75
2025-12-24 04:48:12.097052,1,1,2,11,76
2025-12-24 04:48:14.857962,1,1,1,11,76
2025-12-24 04:48:18.765219,1,2,3,11,76
2025-12-24 04:48:21.677953,1,2,2,11,76
2025-12-24 04:48:24.485334,1,2,1,11,76
2025-12-24 04:48:28.293899,1,1,1,11,76
2025-12-24 04:48:31.755076,1,2,1,11,76
2025-12-24 04:48:35.665271,1,2,1,11,76
2025-12-24 04:48:38.479253,1,2,3,11,76
2025-12-24 04:48:41.383883,1,1,1,11,76
2025-12-24 04:48:45.193056,1,2,3,11,76
2025-12-24 04:48:48.502427,1,2,7,11,76
2025-12-24 04:48:51.915395,1,1,1,11,76
2025-12-24 04:48:55.223089,1,1,1,11,77
2025-12-24 04:48:58.043064,1,2,3,11,79
2025-12-24 04:49:02.847874,1,2,1,11,80
2025-12-24 04:49:06.264086,1,2,3,11,83
2025-12-24 04:49:09.127438,1,1,1,11,86
2025-12-24 04:49:11.924739,1,2,1,11,89
2025-12-24 04:49:15.735374,1,1,3,11,89
2025-12-24 04:49:19.048145,1,1,4,11,89
2025-12-24 04:49:23.355851,1,1,1,11,88
2025-12-24 04:49:27.215026,1,2,2,11,85
2025-12-24 04:49:30.523455,1,2,4,11,79
2025-12-24 04:49:33.434902,1,2,1,11,79
2025-12-24 04:49:36.243227,1,2,4,11,77
2025-12-24 04:49:39.103838,1,1,1,11,73
2025-12-24 04:49:41.913012,1,2,4,11,70
2025-12-24 04:49:45.775460,1,1,2,11,67
2025-12-24 04:49:49.083925,1,2,4,11,64
2025-12-24 04:49:51.892207,1,2,6,11,67
2025-12-24 04:49:54.802822,1,2,8,11,70
2025-12-24 04:49:57.710338,1,2,2,11,73
2025-12-24 04:50:00.520468,1,2,18,11,76
2025-12-24 04:50:04.329003,1,2,32,11,78
2025-12-24 04:50:08.197999,1,2,6,24,106
2025-12-24 04:50:11.499563,1,1,1,23,112
2025-12-24 04:50:14.360243,1,1,1,24,115
2025-12-24 04:50:18.267253,1,1,1,24,118
2025-12-24 04:50:21.129036,1,1,1,23,121
2025-12-24 04:50:23.935974,1,1,1,23,118
2025-12-24 04:50:27.796080,1,1,1,20,112
2025-12-24 04:50:30.755547,1,1,1,17,106
2025-12-24 04:50:34.065255,1,1,1,17,100
2025-12-24 04:50:38.876536,1,1,1,16,93
2025-12-24 04:50:42.286506,1,1,1,16,90
2025-12-24 04:50:45.157446,1,1,1,15,88
2025-12-24 04:50:47.956521,1,1,1,15,88
2025-12-24 04:50:52.836601,1,1,1,15,88
2025-12-24 04:50:56.208667,1,1,1,15,85
2025-12-24 04:50:59.940711,1,1,1,15,80
2025-12-24 04:51:03.798099,1,1,1,15,77
2025-12-24 04:51:07.106650,1,1,1,18,74
2025-12-24 04:51:10.915794,1,1,1,17,73
2025-12-24 04:51:13.827652,1,1,1,18,72
2025-12-24 04:51:17.737176,1,1,1,19,77
2025-12-24 04:51:20.545940,1,1,1,20,79
2025-12-24 04:51:23.423228,1,1,1,20,74
2025-12-24 04:51:27.268862,1,1,1,18,71
2025-12-24 04:51:30.575312,1,1,1,16,68
2025-12-24 04:51:33.932944,1,1,1,18,65
2025-12-24 04:51:36.844179,1,1,1,19,63
2025-12-24 04:51:39.755625,1,1,1,20,63
2025-12-24 04:51:42.564566,1,1,1,20,63
2025-12-24 04:51:46.371919,1,1,1,16,63
2025-12-24 04:51:50.232261,1,1,1,18,63
2025-12-24 04:51:53.590739,1,1,1,19,63
2025-12-24 04:51:56.401121,1,1,1,20,63
2025-12-24 04:52:00.311740,1,2,1,21,63
2025-12-24 04:52:03.173896,1,1,1,21,63
2025-12-24 04:52:05.981105,1,1,1,22,63
2025-12-24 04:52:09.840383,1,1,1,22,63
2025-12-24 04:52:12.800706,1,1,1,22,63
2025-12-24 04:52:16.110876,1,1,1,22,63
2025-12-24 04:52:19.975467,1,1,1,22,63
2025-12-24 04:52:22.879784,1,1,1,22,63
2025-12-24 04:52:26.243423,1,1,1,23,63
2025-12-24 04:52:29.999227,1,1,1,23,63
2025-12-24 04:52:32.908401,1,1,1,23,63
2025-12-24 04:52:36.321164,1,1,1,23,63
2025-12-24 04:52:39.177118,1,1,1,23,63
2025-12-24 04:52:41.987037,1,1,1,23,63
2025-12-24 04:52:45.846772,1,1,1,23,63
2025-12-24 04:52:49.155996,1,1,1,24,62
2025-12-24 04:52:52.617325,1,1,1,24,62
2025-12-24 04:52:55.438828,1,1,1,24,62
2025-12-24 04:52:58.335084,1,1,1,24,62
2025-12-24 04:53:01.144197,1,1,1,24,62
2025-12-24 04:53:04.953529,1,1,1,24,62
2025-12-24 04:53:09.313330,1,1,1,22,62
2025-12-24 04:53:12.623448,1,1,1,21,62
2025-12-24 04:53:15.432882,1,1,1,22,64
2025-12-24 04:53:18.342797,1,1,1,23,67
2025-12-24 04:53:21.203249,1,1,1,23,70
2025-12-24 04:53:24.015472,1,1,1,24,73
2025-12-24 04:53:27.869313,1,1,1,24,76
2025-12-24 04:53:31.179047,1,1,1,24,79
2025-12-24 04:53:33.989284,1,1,1,24,82
2025-12-24 04:53:36.900519,1,1,1,24,82
2025-12-24 04:53:39.807414,1,1,1,24,85
2025-12-24 04:53:42.617946,1,1,1,24,88
2025-12-24 04:53:46.434457,1,1,1,23,91
2025-12-24 04:53:50.294317,1,1,1,23,85
2025-12-24 04:53:53.798366,1,1,1,23,73
2025-12-24 04:53:56.613050,1,1,1,23,70
2025-12-24 04:53:59.470261,1,1,1,21,67
2025-12-24 04:54:03.325557,1,1,1,21,64
2025-12-24 04:54:06.632887,1,1,1,22,64
2025-12-24 04:54:10.441711,1,1,1,20,63
2025-12-24 04:54:13.355641,1,1,1,21,63
2025-12-24 04:54:16.162354,1,1,1,22,63
2025-12-24 04:54:20.021789,1,1,1,22,63
2025-12-24 04:54:22.932146,1,1,1,21,63
2025-12-24 04:54:26.296507,1,1,1,20,63
2025-12-24 04:54:30.055033,1,1,1,20,63
2025-12-24 04:54:35.015464,1,1,1,21,63
2025-12-24 04:54:37.924179,1,1,1,22,63
2025-12-24 04:54:41.831936,1,1,1,22,65
2025-12-24 04:54:44.639950,1,1,1,23,68
2025-12-24 04:54:47.500500,1,1,1,23,69
2025-12-24 04:54:51.358682,1,1,1,24,71
2025-12-24 04:54:54.268170,1,1,1,24,74
2025-12-24 04:54:57.030181,1,1,1,25,77
2025-12-24 04:55:00.939570,1,1,1,25,80
2025-12-24 04:55:03.848863,1,1,8,25,83
2025-12-24 04:55:06.669167,1,2,1,25,85
2025-12-24 04:55:10.967387,1,1,1,20,85
2025-12-24 04:55:15.931166,1,1,1,19,80
2025-12-24 04:55:18.840385,1,1,1,17,77
2025-12-24 04:55:21.650078,1,1,1,17,74
2025-12-24 04:55:25.506805,1,1,1,16,72
2025-12-24 04:55:28.418121,1,1,1,16,72
2025-12-24 04:55:31.225964,1,2,4,16,72
2025-12-24 04:55:35.046200,1,2,9,16,72
2025-12-24 04:55:37.948686,1,2,23,16,72
2025-12-24 04:55:41.855214,1,2,13,13,72
2025-12-24 04:55:44.667249,1,1,3,12,72
2025-12-24 04:55:47.573064,1,1,1,11,73
2025-12-24 04:55:51.382423,1,2,3,11,76
2025-12-24 04:55:54.293703,1,1,1,11,79
2025-12-24 04:55:57.111320,1,2,9,11,82
2025-12-24 04:56:00.965021,1,1,7,11,82
2025-12-24 04:56:03.873931,1,2,3,11,82
2025-12-24 04:56:06.682966,1,2,6,11,82
2025-12-24 04:56:10.991621,1,2,6,11,83
2025-12-24 04:56:13.901722,1,2,5,11,83
2025-12-24 04:56:17.263881,1,2,6,11,83
2025-12-24 04:56:20.121052,1,2,1,12,83
2025-12-24 04:56:22.982100,1,2,2,12,83
2025-12-24 04:56:26.343835,1,2,4,12,83
2025-12-24 04:56:30.102395,1,1,3,13,83
2025-12-24 04:56:33.010829,1,2,1,13,83
2025-12-24 04:56:36.872730,1,1,1,13,86
2025-12-24 04:56:39.682732,1,1,10,13,88
2025-12-24 04:56:43.590774,1,1,1,13,88
2025-12-24 04:56:46.453689,1,2,4,13,83
2025-12-24 04:56:49.264360,1,1,1,13,78
2025-12-24 04:56:53.174394,1,2,1,13,75
2025-12-24 04:56:56.021779,1,2,1,13,72
2025-12-24 04:56:59.892024,1,1,1,13,71
2025-12-24 04:57:02.699808,1,2,1,13,71
2025-12-24 04:57:05.564073,1,2,4,13,71
2025-12-24 04:57:09.419478,1,1,1,13,71
2025-12-24 04:57:12.731394,1,2,1,12,71
2025-12-24 04:57:15.589815,1,2,3,12,71
2025-12-24 04:57:18.448115,1,1,1,11,71
2025-12-24 04:57:21.308771,1,1,2,11,71
2025-12-24 04:57:24.119110,1,1,2,11,71
2025-12-24 04:57:27.978683,1,2,1,11,71
2025-12-24 04:57:31.286544,1,2,2,11,71
2025-12-24 04:57:34.157022,1,1,3,11,71
2025-12-24 04:57:37.005521,1,1,1,11,71
2025-12-24 04:57:39.917750,1,1,5,11,71
2025-12-24 04:57:42.768221,1,1,1,11,71
2025-12-24 04:57:46.534892,1,2,2,11,71
2025-12-24 04:57:49.959474,1,2,6,11,71
2025-12-24 04:57:53.304624,1,1,2,11,67
2025-12-24 04:57:56.120391,1,2,1,11,67
2025-12-24 04:57:59.025521,1,2,5,11,64
2025-12-24 04:58:02.385135,1,1,1,11,62
2025-12-24 04:58:06.145572,1,1,1,11,62
2025-12-24 04:58:09.654565,1,2,1,11,62
2025-12-24 04:58:12.463839,1,2,5,11,63
2025-12-24 04:58:15.323251,1,1,1,11,66
2025-12-24 04:58:18.148828,1,2,7,11,69
2025-12-24 04:58:21.994975,1,1,1,11,72
2025-12-24 04:58:25.302612,1,1,1,11,75
2025-12-24 04:58:29.112986,1,1,1,11,76
2025-12-24 04:58:32.024362,1,2,1,11,76
2025-12-24 04:58:35.933296,1,1,4,11,76
2025-12-24 04:58:38.740523,1,2,1,11,76
2025-12-24 04:58:41.650608,1,1,2,11,76
2025-12-24 04:58:45.466950,1,2,7,11,76
2025-12-24 04:58:48.781578,1,2,3,11,76
2025-12-24 04:58:52.134094,1,1,2,11,76
2025-12-24 04:58:55.039994,1,2,1,11,76
2025-12-24 04:58:57.949650,1,1,3,11,76
2025-12-24 04:59:00.757807,1,2,1,11,76
2025-12-24 04:59:04.568631,1,2,4,11,71
2025-12-24 04:59:08.428423,1,2,5,11,68
2025-12-24 04:59:12.337364,1,2,5,11,68
2025-12-24 04:59:15.147173,1,1,7,11,68
2025-12-24 04:59:19.058534,1,1,3,12,68
2025-12-24 04:59:21.968557,1,2,1,13,68
2025-12-24 04:59:24.777667,1,2,3,13,68
2025-12-24 04:59:29.086510,1,1,1,13,70
2025-12-24 04:59:33.449020,1,1,1,13,75
2025-12-24 04:59:36.755451,1,1,1,12,77
2025-12-24 04:59:40.564077,1,2,4,13,78
2025-12-24 04:59:44.427052,1,1,4,14,78
2025-12-24 04:59:48.187182,1,1,1,15,81
2025-12-24 04:59:52.046417,1,2,1,15,84
2025-12-24 04:59:54.954106,1,2,1,15,84
2025-12-24 04:59:57.763453,1,1,5,15,84
2025-12-24 05:00:02.573803,1,1,4,13,84
2025-12-24 05:00:05.989996,1,1,2,13,84
2025-12-24 05:00:08.797734,1,2,1,14,84
2025-12-24 05:00:11.703692,1,2,4,13,84
2025-12-24 05:00:16.016011,1,1,5,13,84
2025-12-24 05:00:19.325198,1,1,3,12,84
2025-12-24 05:00:23.134119,1,1,2,12,84
2025-12-24 05:00:26.994783,1,1,1,13,84
2025-12-24 05:00:29.806273,1,2,8,15,86
2025-12-24 05:00:33.172350,1,1,6,17,89
2025-12-24 05:00:37.078068,1,1,1,16,92
2025-12-24 05:00:39.989863,1,2,2,15,90
2025-12-24 05:00:42.797433,1,1,1,15,90
2025-12-24 05:00:47.108012,1,2,1,18,90
2025-12-24 05:00:50.470267,1,2,1,18,90
2025-12-24 05:00:53.827411,1,2,5,19,90
2025-12-24 05:00:56.689573,1,1,1,21,90
2025-12-24 05:01:00.547894,1,2,5,21,90
2025-12-24 05:01:03.408561,1,2,5,21,88
2025-12-24 05:01:06.226248,1,1,5,18,84
2025-12-24 05:01:10.081671,1,2,1,16,82
2025-12-24 05:01:12.986462,1,2,1,18,82
2025-12-24 05:01:15.796210,1,2,4,18,82
2025-12-24 05:01:19.657908,1,1,1,16,82
2025-12-24 05:01:22.575189,1,2,1,15,82
2025-12-24 05:01:25.373054,1,2,6,14,82
2025-12-24 05:01:29.185066,1,1,4,13,82
2025-12-24 05:01:32.097950,1,2,1,13,82
2025-12-24 05:01:36.006114,1,2,7,12,82
2025-12-24 05:01:38.826439,1,2,3,12,82
2025-12-24 05:01:41.725177,1,1,1,13,82
2025-12-24 05:01:45.534499,1,2,6,14,82
2025-12-24 05:01:48.846100,1,2,1,16,82
2025-12-24 05:01:51.711739,1,2,3,17,82
2025-12-24 05:01:54.562470,1,2,1,17,83
2025-12-24 05:01:57.423502,1,2,11,18,84
2025-12-24 05:02:00.283237,1,1,2,19,84
2025-12-24 05:02:04.096592,1,2,1,18,84
2025-12-24 05:02:07.401128,1,2,1,17,84
2025-12-24 05:02:10.212373,1,1,9,19,84
2025-12-24 05:02:13.121435,1,1,1,20,84
2025-12-24 05:02:16.033877,1,2,1,20,84
2025-12-24 05:02:18.842866,1,1,4,20,84
2025-12-24 05:02:22.651403,1,1,1,22,84
2025-12-24 05:02:26.510304,1,1,1,22,86
2025-12-24 05:02:29.819853,1,2,1,23,86
2025-12-24 05:02:32.731408,1,2,11,23,86
2025-12-24 05:02:36.588700,1,1,1,23,86
2025-12-24 05:02:39.447747,1,1,1,24,88
2025-12-24 05:02:42.257424,1,2,1,24,89
2025-12-24 05:02:46.118171,1,1,6,24,89
2025-12-24 05:02:49.028548,1,1,3,25,91
2025-12-24 05:02:51.841646,1,1,1,25,94
2025-12-24 05:02:55.710807,1,2,1,22,97
2025-12-24 05:02:58.609479,1,2,3,21,98
2025-12-24 05:03:01.416231,1,1,1,22,95
2025-12-24 05:03:05.230203,1,2,1,20,95
2025-12-24 05:03:08.137569,1,2,11,21,97
2025-12-24 05:03:12.048573,1,1,1,22,103
2025-12-24 05:03:14.860316,1,2,1,23,105
2025-12-24 05:03:17.767916,1,2,4,23,105
2025-12-24 05:03:21.578942,1,1,1,24,105
2025-12-24 05:03:24.886740,1,1,1,22,105
2025-12-24 05:03:27.707047,1,2,2,19,102
2025-12-24 05:03:30.603604,1,2,4,17,99
2025-12-24 05:03:33.472111,1,1,1,15,96
2025-12-24 05:03:36.273786,1,2,1,15,93
2025-12-24 05:03:40.134685,1,1,8,17,94
2025-12-24 05:03:43.442676,1,1,3,20,97
2025-12-24 05:03:47.314060,1,1,1,21,100
2025-12-24 05:03:50.612833,1,1,1,21,105
2025-12-24 05:03:53.474004,1,2,11,22,105
2025-12-24 05:03:56.333559,1,1,1,23,105
2025-12-24 05:03:59.205860,1,2,1,23,105
2025-12-24 05:04:02.553023,1,1,5,23,105
2025-12-24 05:04:06.062796,1,1,1,24,105
2025-12-24 05:04:08.873671,1,2,1,24,105
2025-12-24 05:04:11.733069,1,1,1,24,105
2025-12-24 05:04:15.592094,1,1,1,24,105
2025-12-24 05:04:18.901832,1,1,3,24,105
2025-12-24 05:04:23.210763,1,1,1,25,105
2025-12-24 05:04:27.078379,1,1,1,25,97
2025-12-24 05:04:29.881493,1,2,1,25,91
2025-12-24 05:04:32.791316,1,2,3,24,85
2025-12-24 05:04:36.650106,1,1,1,24,79
2025-12-24 05:04:39.510567,1,1,1,24,76
2025-12-24 05:04:42.324058,1,2,1,24,73
2025-12-24 05:04:45.179431,1,2,2,24,74
2025-12-24 05:04:48.091852,1,1,2,24,77
2025-12-24 05:04:50.898948,1,2,1,24,77
2025-12-24 05:04:53.808709,1,2,3,24,77
2025-12-24 05:04:57.617785,1,1,1,24,77
2025-12-24 05:05:00.928710,1,1,1,24,77
2025-12-24 05:05:03.786141,1,1,1,24,78
2025-12-24 05:05:06.648911,1,2,6,24,81
2025-12-24 05:05:09.508274,1,1,2,23,83
2025-12-24 05:05:12.369085,1,1,1,22,84
2025-12-24 05:05:16.178456,1,2,1,22,87
2025-12-24 05:05:19.497909,1,2,1,18,88
2025-12-24 05:05:22.350397,1,2,6,18,88
2025-12-24 05:05:25.204427,1,1,3,17,88
2025-12-24 05:05:28.119329,1,1,1,17,88
2025-12-24 05:05:30.925021,1,2,1,17,88
2025-12-24 05:05:34.733900,1,2,12,16,88
2025-12-24 05:05:38.594558,1,2,2,15,88
2025-12-24 05:05:42.553398,1,1,6,15,88
2025-12-24 05:05:45.373814,1,1,1,15,86
2025-12-24 05:05:49.227026,1,2,2,16,83
2025-12-24 05:05:52.132815,1,2,5,18,83
2025-12-24 05:05:54.942705,1,1,4,18,83
2025-12-24 05:05:58.754070,1,1,1,20,85
2025-12-24 05:06:01.719764,1,2,1,18,88
2025-12-24 05:06:05.572932,1,2,6,18,94
2025-12-24 05:06:08.332723,1,1,2,19,94
2025-12-24 05:06:11.245800,1,2,1,20,97
2025-12-24 05:06:14.604312,1,2,8,21,99
2025-12-24 05:06:18.366799,1,2,2,21,104
2025-12-24 05:06:21.222608,1,1,1,22,104
2025-12-24 05:06:24.130982,1,2,1,22,104
2025-12-24 05:06:26.940087,1,1,9,23,104
2025-12-24 05:06:29.856088,1,1,1,23,104
2025-12-24 05:06:33.660353,1,2,6,24,104
2025-12-24 05:06:36.968852,1,2,1,24,104
2025-12-24 05:06:40.328307,1,1,3,19,103
2025-12-24 05:06:43.239680,1,2,1,17,100
2025-12-24 05:06:46.149474,1,1,6,15,99
2025-12-24 05:06:48.960037,1,1,1,15,99
2025-12-24 05:06:52.769922,1,2,1,14,98
2025-12-24 05:06:56.629880,1,2,5,13,95
2025-12-24 05:07:00.587006,1,1,6,13,95
2025-12-24 05:07:03.398952,1,1,1,12,95
2025-12-24 05:07:07.257383,1,2,1,12,95
2025-12-24 05:07:10.167433,1,1,8,12,95
2025-12-24 05:07:12.977238,1,1,4,12,95
2025-12-24 05:07:16.791571,1,1,1,12,95
2025-12-24 05:07:20.597023,1,1,1,12,92
2025-12-24 05:07:24.357679,1,1,1,13,86
2025-12-24 05:07:28.214647,1,2,2,16,84
2025-12-24 05:07:31.526615,1,2,1,19,84
2025-12-24 05:07:35.844612,1,2,8,20,89
2025-12-24 05:07:39.694451,1,2,10,19,92
2025-12-24 05:07:43.008076,1,1,4,19,93
2025-12-24 05:07:45.863985,1,1,1,17,93
2025-12-24 05:07:48.725050,1,2,9,16,92
2025-12-24 05:07:51.588245,1,1,1,15,89
2025-12-24 05:07:54.396529,1,2,1,15,86
2025-12-24 05:07:58.253844,1,1,2,15,86
2025-12-24 05:08:01.201210,1,1,10,14,86
2025-12-24 05:08:03.975494,1,1,1,14,86
2025-12-24 05:08:07.833024,1,1,1,14,86
2025-12-24 05:08:10.746586,1,2,5,14,86
2025-12-24 05:08:13.554069,1,1,1,14,86
2025-12-24 05:08:17.866632,1,1,1,14,81
2025-12-24 05:08:20.727858,1,1,2,15,80
2025-12-24 05:08:23.589481,1,2,4,17,83
2025-12-24 05:08:26.445203,1,1,1,18,83
2025-12-24 05:08:29.306544,1,2,1,19,86
2025-12-24 05:08:32.666753,1,1,4,20,89
2025-12-24 05:08:36.424514,1,1,5,20,89
2025-12-24 05:08:39.290828,1,1,1,20,89
2025-12-24 05:08:42.195892,1,1,5,21,89
2025-12-24 05:08:45.007433,1,1,1,19,89
2025-12-24 05:08:47.914066,1,2,6,18,89
2025-12-24 05:08:51.729761,1,1,1,17,89
2025-12-24 05:08:55.033878,1,1,1,18,89
2025-12-24 05:08:57.890229,1,1,1,19,89
2025-12-24 05:09:00.749656,1,2,10,20,89
2025-12-24 05:09:03.608780,1,1,1,21,89
2025-12-24 05:09:06.418651,1,2,1,19,88
2025-12-24 05:09:10.280291,1,1,4,17,88
2025-12-24 05:09:13.589236,1,1,2,14,88
2025-12-24 05:09:16.398541,1,1,1,14,88
2025-12-24 05:09:19.308063,1,2,7,13,90
2025-12-24 05:09:22.218266,1,1,2,13,90
2025-12-24 05:09:25.038251,1,2,1,13,90
2025-12-24 05:09:28.836338,1,2,2,12,90
2025-12-24 05:09:32.712234,1,2,6,13,90
2025-12-24 05:09:36.207083,1,1,5,15,90
2025-12-24 05:09:39.017799,1,1,1,17,87
2025-12-24 05:09:41.879284,1,2,3,18,85
2025-12-24 05:09:45.738255,1,2,7,19,88
2025-12-24 05:09:49.053328,1,2,7,20,89
2025-12-24 05:09:52.857463,1,1,1,18,89
2025-12-24 05:09:55.767390,1,1,1,17,86
2025-12-24 05:09:58.576834,1,2,5,16,85
2025-12-24 05:10:02.487641,1,2,4,15,85
2025-12-24 05:10:05.352745,1,1,1,15,85
2025-12-24 05:10:08.708917,1,2,1,14,85
2025-12-24 05:10:12.469677,1,2,7,14,84
2025-12-24 05:10:16.278561,1,1,1,14,84
2025-12-24 05:10:19.587385,1,2,1,14,84
2025-12-24 05:10:23.396608,1,1,1,13,86
2025-12-24 05:10:27.761130,1,1,2,13,86
2025-12-24 05:10:31.067881,1,2,12,13,86
2025-12-24 05:10:34.879394,1,2,8,12,86
2025-12-24 05:10:39.741583,1,2,6,12,88
2025-12-24 05:10:43.046935,1,2,4,12,88
2025-12-24 05:10:46.856355,1,1,1,12,88
2025-12-24 05:10:50.715159,1,1,1,12,88
2025-12-24 05:10:54.472926,1,1,1,12,88
2025-12-24 05:10:58.334376,1,2,5,12,88
2025-12-24 05:11:01.247275,1,1,6,13,90
2025-12-24 05:11:04.053387,1,1,1,13,90
2025-12-24 05:11:07.963593,1,1,1,15,90
2025-12-24 05:11:10.821609,1,2,7,14,90
2025-12-24 05:11:13.629893,1,2,3,13,90
2025-12-24 05:11:17.944966,1,1,5,13,90
2025-12-24 05:11:21.750417,1,1,1,12,90
2025-12-24 05:11:25.059523,1,1,1,12,88
2025-12-24 05:11:29.370280,1,2,1,13,87
2025-12-24 05:11:32.733873,1,2,1,13,87
2025-12-24 05:11:36.492308,1,2,5,13,90
2025-12-24 05:11:40.348020,1,1,2,13,90
2025-12-24 05:11:43.659581,1,2,2,13,90
2025-12-24 05:11:46.517435,1,2,2,13,90
2025-12-24 05:11:49.390322,1,1,4,13,90
2025-12-24 05:11:52.286994,1,2,1,13,90
2025-12-24 05:11:55.095969,1,2,2,13,90
2025-12-24 05:11:59.406326,1,1,3,14,90
2025-12-24 05:12:03.316677,1,2,9,13,90
2025-12-24 05:12:06.679808,1,1,1,13,90
2025-12-24 05:12:09.543159,1,2,1,12,90
2025-12-24 05:12:13.411601,1,2,1,12,90
2025-12-24 05:12:16.310263,1,2,6,12,90
2025-12-24 05:12:19.120937,1,1,1,12,90
2025-12-24 05:12:21.926134,1,1,1,12,90
2025-12-24 05:12:24.849060,1,2,2,12,90
2025-12-24 05:12:27.697491,1,1,1,12,90
2025-12-24 05:12:30.506923,1,2,1,12,90
2025-12-24 05:12:34.371603,1,2,5,13,90
2025-12-24 05:12:37.674793,1,2,4,13,84
2025-12-24 05:12:41.090363,1,1,1,13,79
2025-12-24 05:12:44.004386,1,1,2,13,76
2025-12-24 05:12:46.854592,1,2,5,13,73
2025-12-24 05:12:49.664870,1,2,3,13,74
2025-12-24 05:12:53.478835,1,1,2,13,77
2025-12-24 05:12:57.335765,1,1,3,13,83
2025-12-24 05:13:00.697868,1,2,1,13,84
2025-12-24 05:13:03.506409,1,2,6,13,86
2025-12-24 05:13:07.415614,1,1,3,13,86
2025-12-24 05:13:10.324853,1,1,2,13,86
2025-12-24 05:13:13.134344,1,1,1,13,86
2025-12-24 05:13:17.444955,1,2,1,13,86
2025-12-24 05:13:21.811523,1,2,2,13,86
2025-12-24 05:13:25.112995,1,2,6,13,86
2025-12-24 05:13:29.425782,1,2,3,13,83
2025-12-24 05:13:32.783145,1,1,3,13,79
2025-12-24 05:13:36.543496,1,1,2,13,72
2025-12-24 05:13:40.404594,1,1,1,13,70
2025-12-24 05:13:43.314842,1,2,1,13,70
2025-12-24 05:13:46.124819,1,2,3,13,70
2025-12-24 05:13:50.033463,1,2,3,13,70
2025-12-24 05:13:52.891974,1,1,1,13,70
2025-12-24 05:13:55.703039,1,1,2,13,70
2025-12-24 05:13:59.514786,1,2,1,13,70
2025-12-24 05:14:02.424638,1,1,5,13,70
2025-12-24 05:14:06.336004,1,2,1,13,70
2025-12-24 05:14:09.141761,1,1,3,13,70
2025-12-24 05:14:12.051461,1,2,11,13,70
2025-12-24 05:14:15.861871,1,1,2,13,70
2025-12-24 05:14:19.172813,1,1,1,13,70
2025-12-24 05:14:22.031680,1,2,2,13,70
2025-12-24 05:14:24.903445,1,2,5,13,70
2025-12-24 05:14:27.753320,1,1,2,13,70
2025-12-24 05:14:30.611068,1,2,1,13,70
2025-12-24 05:14:34.422083,1,2,5,13,70
2025-12-24 05:14:37.728541,1,2,8,13,70
2025-12-24 05:14:40.592606,1,1,1,13,70
2025-12-24 05:14:43.476652,1,2,1,13,70
2025-12-24 05:14:46.358541,1,1,7,13,71
2025-12-24 05:14:49.174429,1,1,1,13,74
2025-12-24 05:14:53.480966,1,2,3,13,76
2025-12-24 05:14:56.838678,1,2,5,13,76
2025-12-24 05:15:00.348943,1,2,4,13,77
2025-12-24 05:15:03.156485,1,1,2,13,79
2025-12-24 05:15:06.066537,1,2,2,13,82
2025-12-24 05:15:09.880864,1,2,9,13,85
2025-12-24 05:15:13.191642,1,2,2,13,88
2025-12-24 05:15:17.493326,1,2,2,13,90
2025-12-24 05:15:22.554375,1,1,1,13,90
2025-12-24 05:15:25.467830,1,1,1,13,90
2025-12-24 05:15:28.380014,1,2,2,12,88
2025-12-24 05:15:31.191764,1,1,2,12,88
2025-12-24 05:15:34.995258,1,2,2,12,88
2025-12-24 05:15:38.857942,1,2,3,12,88
2025-12-24 05:15:43.221015,1,1,5,12,88
2025-12-24 05:15:46.028278,1,1,1,12,88
2025-12-24 05:15:48.934498,1,2,3,12,88
2025-12-24 05:15:51.794215,1,2,6,12,88
2025-12-24 05:15:54.607383,1,2,1,12,88
2025-12-24 05:15:58.469464,1,2,2,12,88
2025-12-24 05:16:01.775555,1,1,4,12,88
2025-12-24 05:16:04.630011,1,1,1,12,88
2025-12-24 05:16:07.500691,1,2,2,12,88
2025-12-24 05:16:10.399680,1,1,3,12,88
2025-12-24 05:16:13.214163,1,2,1,12,88
2025-12-24 05:16:17.517966,1,2,2,11,88
2025-12-24 05:16:21.429690,1,2,4,11,88
2025-12-24 05:16:24.790740,1,2,2,11,84
2025-12-24 05:16:27.604618,1,2,1,11,78
2025-12-24 05:16:31.509431,1,2,1,11,72
2025-12-24 05:16:34.418489,1,2,3,11,69
2025-12-24 05:16:37.241156,1,1,1,11,66
2025-12-24 05:16:40.588521,1,2,4,11,63
2025-12-24 05:16:44.076054,1,1,2,11,63
2025-12-24 05:16:46.961024,1,1,1,11,63
2025-12-24 05:16:49.771130,1,2,2,11,63
2025-12-24 05:16:54.130097,1,1,4,11,63
2025-12-24 05:16:57.939822,1,1,2,11,63
2025-12-24 05:17:00.799975,1,1,1,11,63
2025-12-24 05:17:03.659472,1,2,1,11,63
2025-12-24 05:17:07.519967,1,1,6,11,63
2025-12-24 05:17:10.432487,1,1,3,11,63
2025-12-24 05:17:13.239153,1,1,1,11,63
2025-12-24 05:17:17.547407,1,2,3,11,63
2025-12-24 05:17:21.908246,1,2,10,11,63
2025-12-24 05:17:25.217683,1,2,4,11,63
2025-12-24 05:17:29.026539,1,1,4,11,63
2025-12-24 05:17:32.887706,1,2,3,11,63
2025-12-24 05:17:36.645554,1,1,1,11,69
2025-12-24 05:17:40.514216,1,2,2,11,72
2025-12-24 05:17:44.516641,1,2,2,12,75
2025-12-24 05:17:48.426574,1,2,4,13,79
2025-12-24 05:17:51.234817,1,1,4,13,79
2025-12-24 05:17:54.144901,1,1,1,13,79
2025-12-24 05:17:57.955343,1,2,9,13,79
2025-12-24 05:18:01.264982,1,2,2,12,79
2025-12-24 05:18:04.631277,1,1,5,12,79
2025-12-24 05:18:07.533870,1,1,1,12,82
2025-12-24 05:18:10.444403,1,2,2,12,82
2025-12-24 05:18:13.253691,1,1,6,12,82
2025-12-24 05:18:17.562106,1,2,1,12,82
2025-12-24 05:18:20.922175,1,2,2,12,82
2025-12-24 05:18:24.882092,1,2,1,12,83
2025-12-24 05:18:27.692118,1,2,5,12,86
2025-12-24 05:18:31.570307,1,2,3,12,86
2025-12-24 05:18:34.463183,1,1,1,12,86
2025-12-24 05:18:37.272841,1,2,4,12,86
2025-12-24 05:18:41.581977,1,2,4,12,86
2025-12-24 05:18:45.445260,1,2,4,12,86
2025-12-24 05:18:48.254259,1,2,1,12,86
2025-12-24 05:18:51.168658,1,2,5,13,86
2025-12-24 05:18:55.023431,1,1,1,13,86
2025-12-24 05:18:57.883743,1,1,1,13,86
2025-12-24 05:19:00.745432,1,2,3,13,87
2025-12-24 05:19:03.565785,1,1,4,13,89
2025-12-24 05:19:06.463115,1,2,1,12,89
2025-12-24 05:19:09.272672,1,2,6,12,89
2025-12-24 05:19:12.131714,1,1,1,12,89
2025-12-24 05:19:15.992185,1,2,1,12,89
2025-12-24 05:19:19.300905,1,2,2,12,89
2025-12-24 05:19:22.160842,1,2,5,12,89
2025-12-24 05:19:25.020813,1,1,2,12,89
2025-12-24 05:19:27.881854,1,2,4,12,89
2025-12-24 05:19:30.694172,1,1,2,12,89
2025-12-24 05:19:34.549242,1,2,1,12,89
2025-12-24 05:19:37.865527,1,2,2,12,89
2025-12-24 05:19:40.667918,1,1,3,12,89
2025-12-24 05:19:43.579004,1,1,1,12,89
2025-12-24 05:19:46.493389,1,2,3,12,89
2025-12-24 05:19:49.304190,1,1,4,12,89
2025-12-24 05:19:53.608211,1,1,1,12,89
2025-12-24 05:19:56.968327,1,2,3,12,87
2025-12-24 05:20:00.478584,1,2,2,12,78
2025-12-24 05:20:03.288353,1,1,5,12,75
2025-12-24 05:20:06.198272,1,1,1,12,72
2025-12-24 05:20:10.014634,1,2,4,12,72
2025-12-24 05:20:13.317615,1,2,6,12,72
2025-12-24 05:20:17.127135,1,2,10,12,72
2025-12-24 05:20:20.045947,1,2,3,12,72
2025-12-24 05:20:22.847851,1,2,2,12,72
2025-12-24 05:20:27.660135,1,2,1,12,72
2025-12-24 05:20:31.524448,1,2,2,13,72
2025-12-24 05:20:34.336332,1,2,4,13,72
2025-12-24 05:20:38.948130,1,1,1,13,72
2025-12-24 05:20:41.752978,1,2,1,13,72
2025-12-24 05:20:44.615050,1,2,2,13,72
2025-12-24 05:20:48.522895,1,2,3,13,75
2025-12-24 05:20:51.341685,1,1,4,13,75
2025-12-24 05:20:54.247622,1,2,2,13,75
2025-12-24 05:20:58.558311,1,2,1,13,75
2025-12-24 05:21:01.861812,1,2,4,13,75
2025-12-24 05:21:05.674257,1,2,4,13,75
2025-12-24 05:21:09.534278,1,1,3,13,74
2025-12-24 05:21:12.356081,1,1,1,12,71
2025-12-24 05:21:15.706368,1,1,4,12,69
2025-12-24 05:21:19.616188,1,1,4,12,69
2025-12-24 05:21:22.525851,1,1,1,12,71
2025-12-24 05:21:25.334844,1,2,3,12,72
2025-12-24 05:21:29.643377,1,1,5,12,72
2025-12-24 05:21:33.016202,1,1,1,12,72
2025-12-24 05:21:36.763331,1,1,3,12,76
2025-12-24 05:21:40.575469,1,2,2,12,79
2025-12-24 05:21:43.880999,1,2,3,12,82
2025-12-24 05:21:47.692843,1,1,4,12,85
2025-12-24 05:21:51.554075,1,2,5,12,86
2025-12-24 05:21:54.374394,1,2,1,12,86
2025-12-24 05:21:57.773713,1,2,3,12,86
2025-12-24 05:22:01.082573,1,2,2,12,86
2025-12-24 05:22:03.945851,1,2,2,12,86
2025-12-24 05:22:07.921293,1,2,8,12,86
2025-12-24 05:22:10.613114,1,1,1,12,86
2025-12-24 05:22:13.934897,1,2,1,12,86
2025-12-24 05:22:17.786566,1,2,4,12,83
2025-12-24 05:22:21.092900,1,2,5,12,83
2025-12-24 05:22:23.952655,1,1,2,12,83
2025-12-24 05:22:26.758903,1,2,3,12,83
2025-12-24 05:22:29.673513,1,1,2,12,83
2025-12-24 05:22:33.030159,1,2,1,12,83
2025-12-24 05:22:36.790082,1,2,4,12,83
2025-12-24 05:22:40.702559,1,2,11,12,83
2025-12-24 05:22:44.111852,1,2,6,12,83
2025-12-24 05:22:46.947515,1,1,1,12,83
2025-12-24 05:22:52.230553,1,2,1,12,83
2025-12-24 05:22:55.141820,1,2,3,12,83
2025-12-24 05:22:58.952373,1,1,2,12,81
2025-12-24 05:23:01.760819,1,2,2,12,77
2025-12-24 05:23:04.670696,1,1,3,12,74
2025-12-24 05:23:07.592533,1,2,1,12,74
2025-12-24 05:23:10.396349,1,2,2,12,74
2025-12-24 05:23:14.251192,1,2,3,12,74
2025-12-24 05:23:17.110722,1,1,1,12,74
2025-12-24 05:23:19.921666,1,2,1,12,74
2025-12-24 05:23:23.730520,1,2,4,12,74
2025-12-24 05:23:27.591999,1,1,3,12,74
2025-12-24 05:23:30.402342,1,2,1,12,74
2025-12-24 05:23:33.260655,1,2,3,12,74
2025-12-24 05:23:36.121053,1,1,2,13,74
2025-12-24 05:23:38.981177,1,2,4,13,74
2025-12-24 05:23:41.790115,1,2,7,12,74
2025-12-24 05:23:44.701695,1,1,1,12,75
2025-12-24 05:23:48.610318,1,2,2,12,81
2025-12-24 05:23:51.421594,1,2,5,12,84
2025-12-24 05:23:54.282431,1,1,1,12,87
2025-12-24 05:23:58.089413,1,2,5,12,89
2025-12-24 05:24:01.400244,1,2,3,12,90
2025-12-24 05:24:05.209718,1,1,1,12,90
2025-12-24 05:24:09.071382,1,2,2,12,90
2025-12-24 05:24:12.830310,1,2,3,12,90
2025-12-24 05:24:15.688960,1,2,2,12,90
2025-12-24 05:24:18.598698,1,1,1,11,90
2025-12-24 05:24:21.411801,1,2,3,11,90
2025-12-24 05:24:24.268700,1,1,2,11,90
2025-12-24 05:24:28.129734,1,1,2,11,90
2025-12-24 05:24:31.439161,1,1,1,11,90
2025-12-24 05:24:34.249203,1,2,4,11,88
2025-12-24 05:24:37.163268,1,1,1,11,85
2025-12-24 05:24:40.017238,1,2,2,11,83
2025-12-24 05:24:42.827424,1,2,2,11,83
2025-12-24 05:24:46.687962,1,2,1,11,83
2025-12-24 05:24:49.996666,1,1,3,12,83
2025-12-24 05:24:52.855596,1,2,1,13,83
2025-12-24 05:24:55.719590,1,2,2,13,84
2025-12-24 05:24:58.630225,1,1,3,13,82
2025-12-24 05:25:01.438222,1,2,1,13,79
2025-12-24 05:25:05.246027,1,2,5,13,76
2025-12-24 05:25:08.654418,1,1,3,13,73
2025-12-24 05:25:12.018199,1,1,1,13,72
2025-12-24 05:25:14.823477,1,2,8,13,72
2025-12-24 05:25:17.736258,1,2,15,14,72
2025-12-24 05:25:21.094528,1,2,12,23,72
2025-12-24 05:25:24.861842,1,2,5,23,111
2025-12-24 05:25:28.712640,1,2,2,23,114
2025-12-24 05:25:31.628503,1,2,5,23,117
2025-12-24 05:25:34.432492,1,1,1,23,120
2025-12-24 05:25:38.349835,1,2,1,20,117
2025-12-24 05:25:41.202188,1,1,2,17,111
2025-12-24 05:25:44.011710,1,2,4,15,105
2025-12-24 05:25:47.820456,1,2,6,14,99
2025-12-24 05:25:50.730322,1,1,3,13,94
2025-12-24 05:25:54.651836,1,1,1,14,88
2025-12-24 05:25:57.447772,1,1,12,16,86
2025-12-24 05:26:00.309218,1,2,4,17,86
2025-12-24 05:26:04.171027,1,2,3,18,86
2025-12-24 05:26:07.476824,1,2,2,19,86
2025-12-24 05:26:10.287528,1,1,2,19,83
2025-12-24 05:26:13.196564,1,1,1,18,77
2025-12-24 05:26:16.055364,1,2,3,18,72
2025-12-24 05:26:18.871433,1,1,1,18,69
2025-12-24 05:26:22.725065,1,2,3,17,66
2025-12-24 05:26:26.039809,1,1,4,17,66
2025-12-24 05:26:29.443456,1,1,1,17,66
2025-12-24 05:26:32.303634,1,1,1,17,66
2025-12-24 05:26:35.214614,1,2,1,17,69
2025-12-24 05:26:38.023761,1,2,3,17,71
2025-12-24 05:26:42.384450,1,1,1,17,77
2025-12-24 05:26:46.193284,1,1,1,16,80
2025-12-24 05:26:49.452684,1,2,5,16,83
2025-12-24 05:26:53.261913,1,1,1,19,86
2025-12-24 05:26:57.122699,1,2,27,20,83
2025-12-24 05:27:00.886721,1,2,2,21,79
2025-12-24 05:27:04.746199,1,2,13,22,82
2025-12-24 05:27:08.049891,1,2,10,21,83
2025-12-24 05:27:11.913385,1,2,9,22,83
2025-12-24 05:27:15.219842,1,2,2,22,83
2025-12-24 05:27:18.079406,1,1,1,21,83
2025-12-24 05:27:20.944585,1,1,1,20,83
2025-12-24 05:27:23.798371,1,1,1,19,83
2025-12-24 05:27:27.160985,1,1,1,19,83
2025-12-24 05:27:30.518386,1,1,1,18,83
2025-12-24 05:27:33.328146,1,1,1,18,83
2025-12-24 05:27:37.249218,1,1,1,18,83
2025-12-24 05:27:40.096651,1,1,1,18,83
2025-12-24 05:27:42.905656,1,1,1,17,83
2025-12-24 05:27:46.770251,1,1,1,17,83
2025-12-24 05:27:50.076513,1,1,1,15,83
2025-12-24 05:27:53.513736,1,1,1,14,83
2025-12-24 05:27:56.351605,1,1,1,13,83
2025-12-24 05:27:59.254980,1,1,1,12,83
2025-12-24 05:28:02.069242,1,1,1,12,78
2025-12-24 05:28:05.879621,1,1,1,14,73
2025-12-24 05:28:08.849982,1,1,1,13,70
2025-12-24 05:28:13.248913,1,1,1,12,68
2025-12-24 05:28:16.107502,1,1,1,12,68
2025-12-24 05:28:18.923764,1,1,1,11,68
2025-12-24 05:28:22.777222,1,1,1,11,68
2025-12-24 05:28:26.086850,1,1,1,11,68
2025-12-24 05:28:29.892908,1,1,1,11,68
2025-12-24 05:28:32.808126,1,1,1,11,68
2025-12-24 05:28:36.712521,1,1,1,11,68
2025-12-24 05:28:39.535341,1,1,1,11,68
2025-12-24 05:28:42.383540,1,1,1,11,68
2025-12-24 05:28:46.242254,1,1,1,11,68
2025-12-24 05:28:49.152528,1,1,1,11,67
2025-12-24 05:28:51.923710,1,1,1,12,67
2025-12-24 05:28:55.828451,1,1,1,16,67
2025-12-24 05:28:58.731783,1,1,1,17,67
2025-12-24 05:29:01.540924,1,1,1,17,67
2025-12-24 05:29:05.349039,1,1,1,15,67
2025-12-24 05:29:08.759481,1,1,1,15,67
2025-12-24 05:29:12.120337,1,1,1,16,67
2025-12-24 05:29:14.928152,1,1,1,17,67
2025-12-24 05:29:17.848629,1,1,1,18,67
2025-12-24 05:29:21.201340,1,1,1,17,66
2025-12-24 05:29:24.957210,1,1,1,15,66
2025-12-24 05:29:28.821742,1,1,1,14,66
2025-12-24 05:29:31.726837,1,1,1,12,66
2025-12-24 05:29:34.537135,1,1,1,12,66
2025-12-24 05:29:38.401353,1,1,1,11,66
2025-12-24 05:29:41.306382,1,1,1,11,66
2025-12-24 05:29:44.112849,1,1,1,15,66
2025-12-24 05:29:47.923676,1,1,1,17,66
2025-12-24 05:29:50.838704,1,1,1,19,66
2025-12-24 05:29:54.743156,1,1,1,20,72
2025-12-24 05:29:57.552492,1,1,1,21,75
2025-12-24 05:30:00.418873,1,1,1,22,78
2025-12-24 05:30:04.270396,1,1,1,22,77
2025-12-24 05:30:07.581769,1,1,1,23,74
2025-12-24 05:30:10.940636,1,1,1,23,73
2025-12-24 05:30:13.851149,1,1,1,23,73
2025-12-24 05:30:16.760208,1,1,1,23,73
2025-12-24 05:30:20.937223,1,1,1,23,73
2025-12-24 05:30:23.378602,1,1,1,23,73
2025-12-24 05:30:27.238808,1,1,1,23,71
2025-12-24 05:30:30.599118,1,1,1,23,65
2025-12-24 05:30:33.414254,1,1,1,23,64
2025-12-24 05:30:37.323271,1,1,1,23,64
2025-12-24 05:30:40.174722,1,1,1,23,64
2025-12-24 05:30:42.985652,1,1,1,23,64
2025-12-24 05:30:46.844977,1,1,1,23,67
2025-12-24 05:30:49.809810,1,1,1,19,68
2025-12-24 05:30:53.115274,1,1,1,19,68
2025-12-24 05:30:56.973945,1,1,1,17,68
2025-12-24 05:30:59.885010,1,1,1,16,68
2025-12-24 05:31:03.242190,1,1,1,16,68
2025-12-24 05:31:07.002212,1,1,1,18,74
2025-12-24 05:31:10.861236,1,1,1,19,77
2025-12-24 05:31:13.773593,1,1,1,21,77
2025-12-24 05:31:16.580303,1,1,1,21,77
2025-12-24 05:31:20.442723,1,1,1,22,77
2025-12-24 05:31:23.352460,1,1,1,19,79
2025-12-24 05:31:26.159209,1,1,1,18,77
2025-12-24 05:31:29.969168,1,1,1,16,73
2025-12-24 05:31:32.882981,1,1,1,15,70
2025-12-24 05:31:36.788678,1,1,1,14,64
2025-12-24 05:31:39.598571,1,1,1,13,62
2025-12-24 05:31:42.457490,1,1,1,13,62
2025-12-24 05:31:46.318040,1,1,1,13,62
2025-12-24 05:31:49.643972,1,1,1,12,62
2025-12-24 05:31:52.435500,1,1,1,12,62
2025-12-24 05:31:55.347725,1,1,1,12,62
2025-12-24 05:31:58.205638,1,1,1,12,62
2025-12-24 05:32:01.013893,1,1,1,12,62
2025-12-24 05:32:04.873745,1,1,1,12,62
2025-12-24 05:32:08.188456,1,1,1,16,62
2025-12-24 05:32:11.593255,1,1,1,15,62
2025-12-24 05:32:14.454102,1,1,1,14,62
2025-12-24 05:32:17.365743,1,1,1,13,62
2025-12-24 05:32:20.170066,1,1,1,13,62
2025-12-24 05:32:23.980621,1,1,1,12,62
2025-12-24 05:32:28.340211,1,1,1,12,62
2025-12-24 05:32:31.249423,1,1,1,14,62
2025-12-24 05:32:34.010504,1,1,1,16,62
2025-12-24 05:32:37.919401,1,1,1,19,62
2025-12-24 05:32:40.828675,1,1,1,20,62
2025-12-24 05:32:45.441588,1,1,1,20,62
2025-12-24 05:32:47.446085,1,1,1,21,62
2025-12-24 05:32:50.408259,1,1,1,22,62
2025-12-24 05:32:54.824338,1,1,1,22,62
2025-12-24 05:32:57.626526,1,1,1,22,62
2025-12-24 05:33:00.488467,1,1,1,22,62
2025-12-24 05:33:04.344607,1,1,1,22,62
2025-12-24 05:33:07.655033,1,1,1,22,62
2025-12-24 05:33:11.463269,1,1,1,22,62
2025-12-24 05:33:14.380728,1,1,1,23,62
2025-12-24 05:33:17.181802,1,1,1,23,62
2025-12-24 05:33:21.042237,1,1,1,23,62
2025-12-24 05:33:23.951779,1,1,1,23,63
2025-12-24 05:33:27.314577,1,1,1,23,64
2025-12-24 05:33:31.070278,1,1,1,23,64
2025-12-24 05:33:34.881096,1,1,1,23,64
2025-12-24 05:33:38.187901,1,1,1,23,64
2025-12-24 05:33:42.006367,1,1,1,23,64
2025-12-24 05:33:46.361188,1,1,1,23,64
2025-12-24 05:33:49.668540,1,1,1,23,64
2025-12-24 05:33:53.478011,1,1,1,23,64
2025-12-24 05:33:56.441238,1,1,1,22,64
2025-12-24 05:34:00.845259,1,1,1,23,64
2025-12-24 05:34:03.664809,1,1,1,23,64
2025-12-24 05:34:06.513590,1,1,1,23,64
2025-12-24 05:34:10.379196,1,1,1,23,64
2025-12-24 05:34:13.683805,1,1,1,23,64
2025-12-24 05:34:17.524033,1,1,1,23,64
2025-12-24 05:34:20.405427,1,1,1,23,64
2025-12-24 05:34:23.212010,1,1,1,23,63
2025-12-24 05:34:27.068224,1,1,1,23,62
2025-12-24 05:34:29.980211,1,1,1,23,62
2025-12-24 05:34:33.339171,1,1,1,23,62
2025-12-24 05:34:37.105293,1,1,1,23,62
2025-12-24 05:34:40.008189,1,1,1,23,62
2025-12-24 05:34:43.415965,1,1,1,24,62
2025-12-24 05:34:46.275603,1,1,1,24,62
2025-12-24 05:34:49.083847,1,1,1,21,62
2025-12-24 05:34:52.944013,1,1,1,19,62
2025-12-24 05:34:56.255112,1,1,1,15,62
2025-12-24 05:34:59.712633,1,1,1,14,62
2025-12-24 05:35:02.523292,1,1,1,17,62
2025-12-24 05:35:05.433258,1,1,1,19,62
2025-12-24 05:35:08.241267,1,1,1,20,62
2025-12-24 05:35:12.051438,1,2,1,21,62
2025-12-24 05:35:16.421135,1,1,1,22,62
2025-12-24 05:35:19.719430,1,1,1,22,62
2025-12-24 05:35:22.529068,1,1,1,22,62
2025-12-24 05:35:25.439076,1,1,1,23,62
2025-12-24 05:35:28.316416,1,1,1,23,62
2025-12-24 05:35:31.107767,1,1,1,23,62
2025-12-24 05:35:34.968505,1,1,1,23,62
2025-12-24 05:35:38.275569,1,1,1,20,62
2025-12-24 05:35:41.086200,1,1,1,18,62
2025-12-24 05:35:43.994348,1,1,1,17,62
2025-12-24 05:35:46.904901,1,1,1,16,62
2025-12-24 05:35:49.714588,1,1,1,16,62
2025-12-24 05:35:53.520866,1,1,1,15,62
2025-12-24 05:35:57.381163,1,1,3,15,62
2025-12-24 05:36:01.139989,1,1,2,15,62
2025-12-24 05:36:04.952271,1,1,1,14,62
2025-12-24 05:36:08.259492,1,1,7,13,62
2025-12-24 05:36:12.075559,1,2,10,13,62
2025-12-24 05:36:16.433050,1,2,12,14,66
2025-12-24 05:36:19.741162,1,2,15,15,69
2025-12-24 05:36:23.100651,1,2,2,15,72
2025-12-24 05:36:26.009998,1,2,3,14,73
2025-12-24 05:36:28.919473,1,1,1,15,73
2025-12-24 05:36:31.732413,1,2,4,15,73
2025-12-24 05:36:35.546694,1,1,1,16,73
2025-12-24 05:36:39.397688,1,2,2,17,73
2025-12-24 05:36:42.758031,1,2,2,17,73
2025-12-24 05:36:45.582247,1,2,2,17,73
2025-12-24 05:36:49.476525,1,2,4,16,73
2025-12-24 05:36:52.337157,1,2,7,15,73
2025-12-24 05:36:55.196345,1,1,1,15,73
2025-12-24 05:36:59.008581,1,2,1,15,73
2025-12-24 05:37:02.366018,1,2,4,14,73
2025-12-24 05:37:05.210005,1,2,1,14,73
2025-12-24 05:37:08.034800,1,2,4,14,73
2025-12-24 05:37:10.946082,1,2,1,14,73
2025-12-24 05:37:13.756800,1,1,5,14,75
2025-12-24 05:37:18.069153,1,1,1,12,75
2025-12-24 05:37:21.526239,1,2,3,12,75
2025-12-24 05:37:24.937721,1,2,3,12,75
2025-12-24 05:37:27.765876,1,1,3,12,75
2025-12-24 05:37:30.656513,1,2,3,12,75
2025-12-24 05:37:34.465611,1,2,2,12,75
2025-12-24 05:37:37.774331,1,1,1,12,75
2025-12-24 05:37:41.190713,1,2,2,12,75
2025-12-24 05:37:44.500379,1,2,2,11,75
2025-12-24 05:37:47.307171,1,2,3,11,75
2025-12-24 05:37:52.666367,1,2,1,11,75
2025-12-24 05:37:55.527246,1,2,2,11,75
2025-12-24 05:37:58.386859,1,2,2,11,72
2025-12-24 05:38:01.195623,1,1,1,11,71
2025-12-24 05:38:05.004172,1,1,1,12,71
2025-12-24 05:38:08.313687,1,1,1,13,71
2025-12-24 05:38:12.624917,1,1,1,14,71
2025-12-24 05:38:16.486111,1,1,1,14,71
2025-12-24 05:38:19.795245,1,1,6,14,71
2025-12-24 05:38:23.156155,1,2,1,15,71
2025-12-24 05:38:26.064756,1,1,3,14,71
2025-12-24 05:38:28.975137,1,2,2,14,71
2025-12-24 05:38:31.785274,1,2,1,14,71
2025-12-24 05:38:35.596876,1,2,4,14,71
2025-12-24 05:38:39.455854,1,1,2,15,71
2025-12-24 05:38:42.980825,1,1,1,15,71
2025-12-24 05:38:45.784770,1,1,2,15,71
2025-12-24 05:38:48.636970,1,1,1,15,74
2025-12-24 05:38:52.493373,1,1,1,15,77
2025-12-24 05:38:55.803424,1,1,1,16,76
2025-12-24 05:38:59.611975,1,1,2,16,72
2025-12-24 05:39:02.526486,1,1,1,16,69
2025-12-24 05:39:05.334777,1,2,1,16,66
2025-12-24 05:39:10.643796,1,1,1,16,69
2025-12-24 05:39:13.562106,1,1,4,16,71
2025-12-24 05:39:16.414390,1,2,2,16,74
2025-12-24 05:39:20.329225,1,2,2,16,75
2025-12-24 05:39:23.836504,1,2,5,16,75
2025-12-24 05:39:26.694981,1,2,1,17,75
2025-12-24 05:39:29.554308,1,2,1,17,75
2025-12-24 05:39:32.363189,1,1,1,17,78
2025-12-24 05:39:36.674935,1,2,3,16,83
2025-12-24 05:39:40.538820,1,1,2,16,83
2025-12-24 05:39:43.391705,1,1,1,16,83
2025-12-24 05:39:46.202974,1,2,2,16,83
2025-12-24 05:39:50.112780,1,1,1,16,83
2025-12-24 05:39:53.029736,1,1,5,15,83
2025-12-24 05:39:55.834114,1,2,1,15,83
2025-12-24 05:40:00.141858,1,2,3,13,83
2025-12-24 05:40:04.511586,1,2,2,13,75
2025-12-24 05:40:07.811328,1,2,2,13,70
2025-12-24 05:40:11.621736,1,2,1,13,67
2025-12-24 05:40:15.484005,1,1,1,14,64
2025-12-24 05:40:19.240365,1,1,1,14,62
2025-12-24 05:40:23.100794,1,1,1,14,62
2025-12-24 05:40:26.010448,1,2,4,15,65
2025-12-24 05:40:28.826242,1,2,2,15,68
2025-12-24 05:40:32.683002,1,1,1,15,69
2025-12-24 05:40:35.591960,1,1,1,15,69
2025-12-24 05:40:38.439986,1,2,1,15,70
2025-12-24 05:40:42.266199,1,2,5,15,73
2025-12-24 05:40:45.120088,1,2,2,15,75
2025-12-24 05:40:49.032878,1,1,3,16,75
2025-12-24 05:40:51.842474,1,2,3,16,77
2025-12-24 05:40:54.701047,1,2,1,16,79
2025-12-24 05:40:58.559874,1,1,1,16,79
2025-12-24 05:41:02.574527,1,2,2,16,79
2025-12-24 05:41:05.381857,1,1,3,16,79
2025-12-24 05:41:10.192998,1,2,1,17,79
2025-12-24 05:41:14.055107,1,1,1,17,79
2025-12-24 05:41:16.866664,1,2,5,17,79
2025-12-24 05:41:20.725198,1,2,5,17,79
2025-12-24 05:41:23.586751,1,1,1,17,79
2025-12-24 05:41:26.399886,1,1,1,17,79
2025-12-24 05:41:30.204482,1,2,1,17,79
2025-12-24 05:41:34.616729,1,2,4,17,79
2025-12-24 05:41:37.475130,1,2,1,16,77
2025-12-24 05:41:40.335305,1,2,1,15,77
2025-12-24 05:41:43.144982,1,1,6,15,77
2025-12-24 05:41:46.056271,1,1,5,14,75
2025-12-24 05:41:48.865739,1,2,1,14,72
2025-12-24 05:41:51.775258,1,2,3,13,72
2025-12-24 05:41:55.638060,1,1,1,13,72
2025-12-24 05:42:00.598776,1,1,1,12,72
2025-12-24 05:42:03.460190,1,2,4,12,72
2025-12-24 05:42:06.315627,1,2,1,12,72
2025-12-24 05:42:09.175580,1,2,1,12,72
2025-12-24 05:42:13.089036,1,2,1,12,72
2025-12-24 05:42:15.895621,1,1,1,12,72
2025-12-24 05:42:19.307434,1,2,5,12,72
2025-12-24 05:42:22.648688,1,1,1,12,74
2025-12-24 05:42:25.479139,1,1,1,11,77
2025-12-24 05:42:28.287488,1,2,3,11,80
2025-12-24 05:42:32.196994,1,2,1,13,83
2025-12-24 05:42:35.108061,1,1,4,14,85
2025-12-24 05:42:38.468081,1,1,1,14,85
2025-12-24 05:42:41.279442,1,1,4,14,85
2025-12-24 05:42:44.188060,1,1,1,14,85
2025-12-24 05:42:47.098075,1,2,2,14,85
2025-12-24 05:42:49.905930,1,2,2,14,85
2025-12-24 05:42:54.216561,1,1,3,14,85
2025-12-24 05:42:57.625222,1,1,1,14,85
2025-12-24 05:43:00.485649,1,2,2,14,85
2025-12-24 05:43:03.345196,1,1,3,14,85
2025-12-24 05:43:06.207255,1,1,4,14,85
2025-12-24 05:43:09.565813,1,1,1,14,85
2025-12-24 05:43:13.374484,1,2,1,14,85
2025-12-24 05:43:16.187359,1,1,3,14,85
2025-12-24 05:43:19.096247,1,2,2,14,85
2025-12-24 05:43:21.905147,1,2,2,14,85
2025-12-24 05:43:24.814492,1,2,4,15,85
2025-12-24 05:43:28.631212,1,1,1,15,85
2025-12-24 05:43:31.936994,1,1,1,15,85
2025-12-24 05:43:34.794141,1,1,1,16,84
2025-12-24 05:43:37.655325,1,2,5,16,81
2025-12-24 05:43:40.526678,1,1,1,16,79
2025-12-24 05:43:43.326971,1,2,2,16,74
2025-12-24 05:43:47.185105,1,2,1,16,71
2025-12-24 05:43:51.196725,1,2,3,16,68
2025-12-24 05:43:55.103890,1,1,1,16,66
2025-12-24 05:43:57.917659,1,1,4,16,66
2025-12-24 05:44:00.828563,1,2,2,15,66
2025-12-24 05:44:04.634532,1,1,1,16,66
2025-12-24 05:44:09.939797,1,2,1,16,66
2025-12-24 05:44:11.355924,1,1,1,16,66
2025-12-24 05:44:14.663200,1,1,1,15,65
2025-12-24 05:44:17.473166,1,1,1,15,67
2025-12-24 05:44:22.285745,1,2,4,16,73
2025-12-24 05:44:26.147329,1,1,1,17,76
2025-12-24 05:44:28.957846,1,2,2,17,77
2025-12-24 05:44:31.817072,1,1,1,17,74
2025-12-24 05:44:34.675719,1,2,4,17,73
2025-12-24 05:44:37.536993,1,1,1,17,73
2025-12-24 05:44:40.396227,1,2,1,17,73
2025-12-24 05:44:44.255771,1,2,1,17,73
2025-12-24 05:44:47.176284,1,1,4,17,73
2025-12-24 05:44:50.478437,1,2,4,16,73
2025-12-24 05:44:54.785739,1,2,2,16,73
2025-12-24 05:44:58.644815,1,2,5,15,73
2025-12-24 05:45:01.965392,1,2,2,15,73
2025-12-24 05:45:06.265449,1,2,2,15,75
2025-12-24 05:45:09.627783,1,2,1,15,75
2025-12-24 05:45:13.135300,1,1,1,15,74
2025-12-24 05:45:15.945255,1,2,5,15,75
2025-12-24 05:45:18.806143,1,1,1,15,73
2025-12-24 05:45:22.665401,1,2,2,15,70
2025-12-24 05:45:25.980714,1,2,1,15,67
2025-12-24 05:45:29.988422,1,1,1,16,66
2025-12-24 05:45:32.847103,1,1,1,16,66
2025-12-24 05:45:35.707729,1,2,5,16,66
2025-12-24 05:45:38.516628,1,2,4,16,66
2025-12-24 05:45:42.333413,1,1,2,16,66
2025-12-24 05:45:46.197564,1,2,1,16,66
2025-12-24 05:45:49.598974,1,2,3,16,66
2025-12-24 05:45:52.414316,1,2,2,15,66
2025-12-24 05:45:56.272258,1,1,1,15,66
2025-12-24 05:45:59.179663,1,1,3,15,66
2025-12-24 05:46:01.996680,1,2,1,15,66
2025-12-24 05:46:06.298491,1,1,2,15,66
2025-12-24 05:46:11.367726,1,2,1,15,66
2025-12-24 05:46:14.270953,1,2,1,14,66
2025-12-24 05:46:17.191677,1,2,1,14,66
2025-12-24 05:46:19.990841,1,1,6,14,66
2025-12-24 05:46:23.800827,1,2,6,14,66
2025-12-24 05:46:27.660717,1,2,1,14,66
2025-12-24 05:46:31.170544,1,2,1,14,63
2025-12-24 05:46:33.979296,1,1,2,14,62
2025-12-24 05:46:36.841307,1,1,1,14,62
2025-12-24 05:46:40.709115,1,1,2,14,62
2025-12-24 05:46:44.013055,1,2,3,14,62
2025-12-24 05:46:48.317546,1,1,4,14,62
2025-12-24 05:46:52.677002,1,1,1,14,62
2025-12-24 05:46:55.988299,1,1,1,14,62
2025-12-24 05:46:59.797352,1,1,9,13,65
2025-12-24 05:47:03.661349,1,1,7,12,68
2025-12-24 05:47:07.484396,1,2,1,12,74
2025-12-24 05:47:11.280243,1,1,1,12,74
2025-12-24 05:47:14.735985,1,2,1,12,72
2025-12-24 05:47:17.548030,1,1,1,12,72
2025-12-24 05:47:21.458316,1,1,4,12,72
2025-12-24 05:47:24.316889,1,2,1,12,72
2025-12-24 05:47:27.677492,1,2,2,12,72
2025-12-24 05:47:31.435190,1,2,1,12,72
2025-12-24 05:47:34.295166,1,2,1,12,72
2025-12-24 05:47:37.206892,1,2,1,12,72
2025-12-24 05:47:40.016345,1,2,5,12,72
2025-12-24 05:47:42.927722,1,1,2,12,72
2025-12-24 05:47:46.739283,1,1,1,12,72
2025-12-24 05:47:50.046320,1,1,1,13,72
2025-12-24 05:47:52.855436,1,1,2,14,72
2025-12-24 05:47:55.773287,1,2,1,15,71
2025-12-24 05:47:58.623342,1,1,1,15,70
2025-12-24 05:48:01.431359,1,1,1,15,70
2025-12-24 05:48:05.293234,1,2,1,16,70
2025-12-24 05:48:08.600546,1,1,5,16,70
2025-12-24 05:48:11.410971,1,2,1,16,70
2025-12-24 05:48:14.321561,1,2,1,16,70
2025-12-24 05:48:17.230259,1,1,3,16,70
2025-12-24 05:48:20.038724,1,2,1,16,70
2025-12-24 05:48:24.350021,1,2,2,17,70
2025-12-24 05:48:27.709664,1,1,2,17,70
2025-12-24 05:48:31.227961,1,1,3,17,70
2025-12-24 05:48:34.031534,1,1,1,15,68
2025-12-24 05:48:36.939740,1,2,6,14,67
2025-12-24 05:48:40.748763,1,2,3,14,67
2025-12-24 05:48:44.080361,1,1,5,14,67
2025-12-24 05:48:48.368702,1,2,1,14,67
2025-12-24 05:48:53.429306,1,1,1,14,64
2025-12-24 05:48:56.340202,1,2,3,14,64
2025-12-24 05:48:59.249930,1,1,1,14,64
2025-12-24 05:49:02.056285,1,2,2,14,64
2025-12-24 05:49:06.365751,1,1,1,15,65
2025-12-24 05:49:09.725203,1,1,2,15,65
2025-12-24 05:49:13.686828,1,1,2,15,68
2025-12-24 05:49:16.445319,1,1,2,15,71
2025-12-24 05:49:20.355579,1,1,1,15,74
2025-12-24 05:49:23.270273,1,1,3,15,77
2025-12-24 05:49:26.769810,1,2,2,15,80
2025-12-24 05:49:30.384171,1,2,1,15,81
2025-12-24 05:49:34.345236,1,1,3,15,81
2025-12-24 05:49:37.271957,1,1,1,15,75
2025-12-24 05:49:40.068743,1,2,1,15,72
2025-12-24 05:49:42.924763,1,2,5,15,69
2025-12-24 05:49:46.801653,1,2,3,15,68
2025-12-24 05:49:50.133113,1,2,3,15,71
2025-12-24 05:49:52.906386,1,2,5,16,74
2025-12-24 05:49:55.813667,1,1,1,16,77
2025-12-24 05:49:58.675414,1,2,8,16,77
2025-12-24 05:50:01.485723,1,2,2,16,77
2025-12-24 05:50:05.342711,1,2,4,16,77
2025-12-24 05:50:08.653517,1,2,1,16,77
2025-12-24 05:50:12.121465,1,1,2,16,77
2025-12-24 05:50:14.922333,1,1,1,16,77
2025-12-24 05:50:17.831335,1,2,2,16,77
2025-12-24 05:50:20.639982,1,1,1,17,77
2025-12-24 05:50:25.010501,1,1,1,17,77
2025-12-24 05:50:28.812706,1,2,1,17,77
2025-12-24 05:50:31.671235,1,2,5,17,77
2025-12-24 05:50:34.482011,1,1,2,17,77
2025-12-24 05:50:38.393374,1,2,1,17,77
2025-12-24 05:50:41.305610,1,1,3,17,77
2025-12-24 05:50:44.112550,1,2,1,17,77
2025-12-24 05:50:47.922362,1,1,1,17,77
2025-12-24 05:50:50.838630,1,1,1,16,77
2025-12-24 05:50:53.640498,1,2,8,14,77
2025-12-24 05:50:57.499920,1,2,30,12,77
2025-12-24 05:51:00.421809,1,2,9,11,77
2025-12-24 05:51:03.770303,1,1,1,11,77
2025-12-24 05:51:07.533525,1,1,1,11,77
2025-12-24 05:51:11.489097,1,1,1,11,77
2025-12-24 05:51:14.400300,1,1,1,11,77
2025-12-24 05:51:17.310846,1,1,1,11,78
2025-12-24 05:51:20.117913,1,1,1,11,78
2025-12-24 05:51:23.926763,1,1,1,11,78
2025-12-24 05:51:28.839218,1,1,1,11,73
2025-12-24 05:51:32.347128,1,1,1,11,72
2025-12-24 05:51:35.656001,1,1,1,11,72
2025-12-24 05:51:40.468180,1,1,1,11,72
2025-12-24 05:51:43.878145,1,1,1,11,72
2025-12-24 05:51:46.738735,1,1,1,11,72
2025-12-24 05:51:49.562179,1,1,1,11,72
2025-12-24 05:51:53.362873,1,1,1,11,72
2025-12-24 05:51:56.667916,1,1,1,15,69
2025-12-24 05:52:00.479751,1,1,1,17,67
2025-12-24 05:52:04.839157,1,1,1,17,67
2025-12-24 05:52:08.152859,1,1,1,19,67
2025-12-24 05:52:13.450264,1,1,1,20,67
2025-12-24 05:52:14.868669,1,1,1,21,67
2025-12-24 05:52:17.677692,1,1,1,21,67
2025-12-24 05:52:22.491881,1,1,1,20,68
2025-12-24 05:52:25.900697,1,1,1,21,70
2025-12-24 05:52:28.760875,1,1,1,22,70
2025-12-24 05:52:31.567921,1,1,1,19,70
2025-12-24 05:52:36.529064,1,1,1,19,70
2025-12-24 05:52:39.439888,1,1,1,20,70
2025-12-24 05:52:43.349753,1,1,1,21,70
2025-12-24 05:52:46.158361,1,1,1,22,70
2025-12-24 05:52:49.025538,1,1,1,22,70
2025-12-24 05:52:51.977014,1,1,1,23,70
2025-12-24 05:52:56.839242,1,1,1,23,70
2025-12-24 05:53:00.150394,1,1,1,18,70
2025-12-24 05:53:03.010811,1,1,1,16,70
2025-12-24 05:53:05.919298,1,1,1,15,70
2025-12-24 05:53:08.731809,1,1,1,14,68
2025-12-24 05:53:12.536526,1,1,1,13,65
2025-12-24 05:53:15.453822,1,1,1,13,65
2025-12-24 05:53:19.355353,1,1,1,12,64
2025-12-24 05:53:22.173737,1,1,1,13,64
2025-12-24 05:53:25.086514,1,1,1,13,63
2025-12-24 05:53:28.885398,1,1,1,13,63
2025-12-24 05:53:32.198126,1,1,1,13,63
2025-12-24 05:53:35.013802,1,1,1,13,63
2025-12-24 05:53:37.912798,1,1,1,13,63
2025-12-24 05:53:40.776616,1,2,2,13,63
2025-12-24 05:53:43.602350,1,2,3,13,63
2025-12-24 05:53:47.448056,1,1,4,14,63
2025-12-24 05:53:52.911179,1,2,1,14,68
2025-12-24 05:53:55.764898,1,1,1,14,71
2025-12-24 05:53:58.578650,1,1,1,14,74
2025-12-24 05:54:02.486385,1,1,1,14,77
2025-12-24 05:54:05.394052,1,1,1,15,80
2025-12-24 05:54:08.204311,1,1,1,15,83
2025-12-24 05:54:11.563702,1,1,1,15,83
2025-12-24 05:54:14.472277,1,1,1,18,83
2025-12-24 05:54:17.385593,1,1,1,19,83
2025-12-24 05:54:20.191400,1,1,1,19,83
2025-12-24 05:54:24.000633,1,1,1,21,83
2025-12-24 05:54:27.861631,1,1,1,21,83
2025-12-24 05:54:31.620471,1,1,1,22,83
2025-12-24 05:54:35.430664,1,1,1,22,83
2025-12-24 05:54:38.738501,1,1,1,22,83
2025-12-24 05:54:42.549953,1,1,1,22,81
2025-12-24 05:54:46.907336,1,1,1,19,71
2025-12-24 05:54:50.228306,1,1,1,16,70
2025-12-24 05:54:54.527038,1,1,1,14,68
2025-12-24 05:54:57.936426,1,1,1,16,65
2025-12-24 05:55:00.797259,1,1,1,16,65
2025-12-24 05:55:03.610765,1,1,1,15,65
2025-12-24 05:55:06.517957,1,1,1,14,68
2025-12-24 05:55:09.876388,1,1,1,13,71
2025-12-24 05:55:13.686583,1,1,1,13,75
2025-12-24 05:55:16.496655,1,1,1,12,76
2025-12-24 05:55:19.408139,1,1,1,12,76
2025-12-24 05:55:22.214228,1,1,1,12,76
2025-12-24 05:55:25.075060,1,1,1,12,76
2025-12-24 05:55:28.933852,1,1,1,12,76
2025-12-24 05:55:32.244169,1,1,1,12,76
2025-12-24 05:55:35.052481,1,1,1,11,76
2025-12-24 05:55:37.963956,1,1,1,11,76
2025-12-24 05:55:40.821365,1,1,1,11,76
2025-12-24 05:55:43.631155,1,1,1,11,76
2025-12-24 05:55:47.491675,1,1,1,11,76
2025-12-24 05:55:50.800379,1,1,1,11,74
2025-12-24 05:55:54.259285,1,1,1,11,71
2025-12-24 05:55:57.077787,1,1,1,11,71
2025-12-24 05:55:59.981012,1,1,1,11,71
2025-12-24 05:56:02.789169,1,1,1,11,71
2025-12-24 05:56:06.599505,1,1,1,11,69
2025-12-24 05:56:10.958639,1,1,1,11,65
2025-12-24 05:56:13.868774,1,1,1,11,65
2025-12-24 05:56:16.627563,1,1,1,11,65
2025-12-24 05:56:20.537124,1,1,1,11,65
2025-12-24 05:56:23.454354,1,1,1,11,65
2025-12-24 05:56:26.256597,1,1,1,11,65
2025-12-24 05:56:30.065079,1,1,1,12,65
2025-12-24 05:56:35.511874,1,1,1,13,65
2025-12-24 05:56:38.787751,1,1,1,14,65
2025-12-24 05:56:42.597200,1,1,1,14,65
2025-12-24 05:56:46.956204,1,1,1,14,65
2025-12-24 05:56:50.266247,1,1,1,14,65
2025-12-24 05:56:54.076957,1,1,1,14,65
2025-12-24 05:56:57.036329,1,1,1,14,65
2025-12-24 05:57:01.446999,1,1,1,15,65
2025-12-24 05:57:04.254754,1,1,1,15,65
2025-12-24 05:57:07.131786,1,1,1,15,65
2025-12-24 05:57:10.991115,1,2,1,15,65
2025-12-24 05:57:14.284662,1,1,1,15,65
2025-12-24 05:57:17.644446,1,1,1,15,65
2025-12-24 05:57:20.554259,1,1,1,15,66
2025-12-24 05:57:23.470470,1,1,1,14,68
2025-12-24 05:57:26.286312,1,1,1,14,68
2025-12-24 05:57:30.083030,1,1,1,13,68
2025-12-24 05:57:33.952193,1,1,1,13,68
2025-12-24 05:57:37.302864,1,1,1,13,68
2025-12-24 05:57:40.664808,1,1,1,14,68
2025-12-24 05:57:44.573709,1,1,1,15,68
2025-12-24 05:57:47.482373,1,1,1,16,68
2025-12-24 05:57:50.295600,1,1,1,16,68
2025-12-24 05:57:54.101194,1,1,1,17,68
2025-12-24 05:57:57.061128,1,1,1,17,68
2025-12-24 05:58:01.470594,1,1,1,16,68
2025-12-24 05:58:04.281144,1,1,1,15,67
2025-12-24 05:58:07.142701,1,1,1,15,66
2025-12-24 05:58:10.999183,1,1,1,15,66
2025-12-24 05:58:14.312803,1,1,1,14,66
2025-12-24 05:58:18.169343,1,1,1,14,66
2025-12-24 05:58:21.478485,1,1,1,14,66
2025-12-24 05:58:24.287225,1,1,1,14,66
2025-12-24 05:58:27.151127,1,1,1,14,66
2025-12-24 05:58:30.056456,1,1,1,14,66
2025-12-24 05:58:32.883688,1,1,1,15,66
2025-12-24 05:58:36.675416,1,1,1,15,66
2025-12-24 05:58:40.636658,1,1,1,15,66
2025-12-24 05:58:44.047026,1,1,1,15,66
2025-12-24 05:58:46.906611,1,1,1,15,66
2025-12-24 05:58:49.718099,1,1,1,15,66
2025-12-24 05:58:53.579812,1,1,1,15,66
2025-12-24 05:58:56.535344,1,1,1,16,66
2025-12-24 05:58:59.845843,1,1,1,16,66
2025-12-24 05:59:03.709435,1,1,1,16,68
2025-12-24 05:59:06.618564,1,1,1,16,71
2025-12-24 05:59:09.977448,1,1,1,16,74
2025-12-24 05:59:13.736754,1,1,1,16,80
2025-12-24 05:59:16.649975,1,1,1,16,81
2025-12-24 05:59:20.105980,1,1,1,16,79
2025-12-24 05:59:23.516107,1,1,1,16,76
2025-12-24 05:59:26.326247,1,1,1,16,73
2025-12-24 05:59:30.136955,1,1,1,16,70
2025-12-24 05:59:33.996459,1,1,1,17,69
2025-12-24 05:59:37.356898,1,1,1,18,69
2025-12-24 05:59:40.724401,1,1,1,19,69
2025-12-24 05:59:44.626763,1,1,1,20,69
2025-12-24 05:59:47.536791,1,1,1,20,69
2025-12-24 05:59:50.345956,1,1,1,20,69
2025-12-24 05:59:54.153806,1,1,1,21,69
2025-12-24 05:59:57.116915,1,1,1,21,69
2025-12-24 06:00:01.523762,1,1,1,22,70
2025-12-24 06:00:04.341891,1,1,1,22,73
2025-12-24 06:00:07.193280,1,1,1,23,76
2025-12-24 06:00:11.053930,1,1,1,22,79
2025-12-24 06:00:14.363104,1,1,1,23,82
2025-12-24 06:00:18.175193,1,1,1,24,85
2025-12-24 06:00:21.085151,1,1,1,24,88
2025-12-24 06:00:23.892336,1,1,1,22,91
2025-12-24 06:00:27.755570,1,1,1,21,92
2025-12-24 06:00:30.666973,1,1,1,21,93
2025-12-24 06:00:34.030930,1,1,1,22,93
2025-12-24 06:00:38.887891,1,1,1,22,99
2025-12-24 06:00:42.694419,1,1,1,21,100
2025-12-24 06:00:47.057831,1,1,1,19,92
2025-12-24 06:00:50.363232,1,1,1,19,86
2025-12-24 06:00:54.175482,1,1,1,18,80
2025-12-24 06:00:58.033582,1,1,1,17,74
2025-12-24 06:01:01.393821,1,1,1,17,67
2025-12-24 06:01:04.757778,1,1,1,17,64
2025-12-24 06:01:08.663493,1,1,1,17,62
2025-12-24 06:01:11.571241,1,1,1,16,62
2025-12-24 06:01:14.381789,1,1,1,16,62
2025-12-24 06:01:18.189476,1,1,1,15,62
2025-12-24 06:01:21.150197,1,1,1,15,62
2025-12-24 06:01:25.611708,1,1,1,15,67
2025-12-24 06:01:28.970130,1,1,1,15,70
2025-12-24 06:01:31.779293,1,1,1,15,73
2025-12-24 06:01:35.640172,1,1,1,14,76
2025-12-24 06:01:38.955588,1,1,1,14,79
2025-12-24 06:01:42.758186,1,1,1,12,82
2025-12-24 06:01:45.669216,1,1,1,12,83
2025-12-24 06:01:49.577853,1,1,1,11,83
2025-12-24 06:01:52.395329,1,1,1,11,78
2025-12-24 06:01:55.246444,1,1,1,11,74
2025-12-24 06:01:59.105087,1,1,1,11,74
2025-12-24 06:02:02.415516,1,1,1,12,74
2025-12-24 06:02:05.225368,1,1,1,14,77
2025-12-24 06:02:08.135342,1,1,1,15,80
2025-12-24 06:02:12.460765,1,1,1,16,80
2025-12-24 06:02:13.817674,1,1,1,17,80
2025-12-24 06:02:17.665510,1,1,1,18,80
2025-12-24 06:02:21.023505,1,1,1,18,80
2025-12-24 06:02:23.781945,1,1,1,18,80
2025-12-24 06:02:26.691748,1,1,1,18,80
2025-12-24 06:02:29.602620,1,1,1,18,80
2025-12-24 06:02:32.412860,1,1,1,18,80
2025-12-24 06:02:36.219177,1,1,1,18,80
2025-12-24 06:02:40.080593,1,1,1,18,78
2025-12-24 06:02:43.588917,1,1,1,18,69
2025-12-24 06:02:46.398386,1,1,1,18,66
2025-12-24 06:02:49.258481,1,1,1,18,63
2025-12-24 06:02:53.118294,1,1,1,18,63
2025-12-24 06:02:56.428500,1,1,1,18,63
2025-12-24 06:03:00.238735,1,1,1,18,63
2025-12-24 06:03:03.146994,1,1,1,18,63
2025-12-24 06:03:05.956564,1,1,1,18,63
2025-12-24 06:03:09.823482,1,1,1,18,63
2025-12-24 06:03:12.726779,1,1,1,18,63
2025-12-24 06:03:16.085438,1,1,1,18,63
2025-12-24 06:03:19.844658,1,1,1,18,63
2025-12-24 06:03:22.758552,1,1,1,18,63
2025-12-24 06:03:26.167623,1,1,1,18,63
2025-12-24 06:03:29.024521,1,1,1,18,63
2025-12-24 06:03:31.835735,1,1,1,18,63
2025-12-24 06:03:35.704961,1,1,1,18,63
2025-12-24 06:03:39.011567,1,1,1,16,63
2025-12-24 06:03:41.812081,1,1,1,17,63
2025-12-24 06:03:44.724251,1,1,1,17,63
2025-12-24 06:03:47.633078,1,1,1,17,63
2025-12-24 06:03:50.443150,1,1,1,17,63
2025-12-24 06:03:54.251717,1,1,1,17,63
2025-12-24 06:03:58.112757,1,1,3,17,63
2025-12-24 06:04:02.072450,1,1,1,17,63
2025-12-24 06:04:04.833312,1,1,1,17,66
2025-12-24 06:04:08.743949,1,2,1,17,69
2025-12-24 06:04:11.654298,1,1,1,18,72
2025-12-24 06:04:14.462125,1,1,1,18,74
2025-12-24 06:04:18.271168,1,1,1,20,74
2025-12-24 06:04:21.179963,1,1,1,21,74
2025-12-24 06:04:23.989778,1,1,1,21,74
2025-12-24 06:04:27.857507,1,1,1,22,74
2025-12-24 06:04:30.761252,1,1,1,22,74
2025-12-24 06:04:34.119054,1,1,1,22,74
2025-12-24 06:04:37.879247,1,1,1,22,74
2025-12-24 06:04:42.439266,1,1,1,22,74
2025-12-24 06:04:45.300196,1,1,1,22,74
2025-12-24 06:04:48.209717,1,1,1,23,74
2025-12-24 06:04:51.023336,1,1,1,23,74
2025-12-24 06:04:54.828507,1,1,1,21,72
2025-12-24 06:04:59.188842,1,1,1,20,67
2025-12-24 06:05:02.096749,1,1,1,19,67
2025-12-24 06:05:04.855519,1,1,1,18,67
2025-12-24 06:05:08.766552,1,2,1,17,67
2025-12-24 06:05:11.674961,1,1,1,17,69
2025-12-24 06:05:14.483653,1,1,1,17,71
2025-12-24 06:05:18.293908,1,1,1,17,71
2025-12-24 06:05:22.157892,1,1,1,17,71
2025-12-24 06:05:25.662827,1,1,1,17,71
2025-12-24 06:05:28.470832,1,1,1,17,74
2025-12-24 06:05:31.335095,1,1,1,17,74
2025-12-24 06:05:35.200763,1,1,1,17,74
2025-12-24 06:05:38.506264,1,1,1,17,74
2025-12-24 06:05:42.311110,1,1,1,17,74
2025-12-24 06:05:45.220470,1,1,1,17,74
2025-12-24 06:05:48.032326,1,1,1,17,74
2025-12-24 06:05:51.890530,1,1,1,17,74
2025-12-24 06:05:54.799851,1,1,1,17,74
2025-12-24 06:05:58.159526,1,1,1,17,74
2025-12-24 06:06:01.918764,1,1,1,17,74
2025-12-24 06:06:05.727525,1,1,1,18,74
2025-12-24 06:06:09.038410,1,1,2,20,75
2025-12-24 06:06:12.851020,1,1,1,20,75
2025-12-24 06:06:17.207426,1,1,1,21,75
2025-12-24 06:06:20.523462,1,1,1,21,75
2025-12-24 06:06:24.325673,1,1,1,22,75
2025-12-24 06:06:27.238370,1,1,1,22,75
2025-12-24 06:06:30.045640,1,1,1,20,75
2025-12-24 06:06:33.905209,1,1,1,19,75
2025-12-24 06:06:36.814970,1,1,1,17,75
2025-12-24 06:06:40.175580,1,1,1,17,75
2025-12-24 06:06:43.934952,1,1,1,16,75
2025-12-24 06:06:47.745465,1,1,1,16,75
2025-12-24 06:06:52.966062,1,1,1,15,75
2025-12-24 06:06:54.868233,1,1,1,16,75
2025-12-24 06:06:59.227018,1,1,1,15,73
2025-12-24 06:07:02.536017,1,1,1,15,71
2025-12-24 06:07:06.346486,1,1,1,16,71
2025-12-24 06:07:09.255260,1,1,1,18,73
2025-12-24 06:07:12.071499,1,1,1,19,76
2025-12-24 06:07:15.942103,1,1,1,20,79
2025-12-24 06:07:18.885292,1,1,1,21,82
2025-12-24 06:07:22.241532,1,1,1,21,85
2025-12-24 06:07:27.467436,1,1,1,22,80
2025-12-24 06:07:29.812859,1,1,1,22,77
2025-12-24 06:07:32.724089,1,1,1,22,74
2025-12-24 06:07:35.541041,1,1,1,22,71
2025-12-24 06:07:39.394879,1,1,1,22,68
2025-12-24 06:07:42.302025,1,1,1,22,65
2025-12-24 06:07:45.111203,1,1,1,22,64
2025-12-24 06:07:49.124198,1,1,1,22,64
2025-12-24 06:07:51.932949,1,1,1,20,64
2025-12-24 06:07:54.843746,1,1,1,19,64
2025-12-24 06:07:58.203321,1,1,1,18,64
2025-12-24 06:08:01.961810,1,1,1,17,64
2025-12-24 06:08:05.822606,1,1,1,17,64
2025-12-24 06:08:08.733305,1,1,1,16,63
2025-12-24 06:08:11.540307,1,1,1,16,63
2025-12-24 06:08:15.399088,1,1,1,16,63
2025-12-24 06:08:18.308409,1,1,1,16,63
2025-12-24 06:08:21.118516,1,1,1,16,62
2025-12-24 06:08:24.931094,1,1,1,16,62
2025-12-24 06:08:27.841712,1,1,1,16,62
2025-12-24 06:08:31.757560,1,1,1,18,62
2025-12-24 06:08:34.557048,1,1,1,20,62
2025-12-24 06:08:37.417081,1,1,1,21,62
2025-12-24 06:08:41.276299,1,1,1,21,62
2025-12-24 06:08:44.585410,1,1,1,22,62
2025-12-24 06:08:48.395805,1,1,1,22,62
2025-12-24 06:08:51.304801,1,1,1,22,62
2025-12-24 06:08:54.123541,1,1,1,23,62
2025-12-24 06:08:58.925556,1,1,1,23,62
2025-12-24 06:09:02.335268,1,1,1,23,62
2025-12-24 06:09:05.207736,1,1,1,23,62
2025-12-24 06:09:08.555946,1,1,1,23,62
2025-12-24 06:09:12.365089,1,1,1,23,62
2025-12-24 06:09:16.225041,1,1,1,23,62
2025-12-24 06:09:19.583789,1,1,1,23,62
2025-12-24 06:09:22.442725,1,1,1,23,62
2025-12-24 06:09:26.354144,1,1,1,24,62
2025-12-24 06:09:31.320972,1,1,1,17,62
2025-12-24 06:09:34.172780,1,1,1,18,62
2025-12-24 06:09:36.981131,1,1,1,19,62
2025-12-24 06:09:39.892029,1,1,1,17,62
2025-12-24 06:09:43.801260,1,1,1,17,62
2025-12-24 06:09:46.610733,1,2,11,17,62
2025-12-24 06:09:49.969734,1,2,7,16,65
2025-12-24 06:09:53.848784,1,2,8,15,68
2025-12-24 06:09:57.140340,1,1,1,18,71
2025-12-24 06:10:00.949300,1,2,1,19,74
2025-12-24 06:10:05.310021,1,1,1,20,70
2025-12-24 06:10:08.618547,1,1,1,21,69
2025-12-24 06:10:12.929393,1,1,1,21,69
2025-12-24 06:10:17.289153,1,1,1,21,69
2025-12-24 06:10:20.602610,1,1,3,21,69
2025-12-24 06:10:24.907876,1,1,3,22,69
2025-12-24 06:10:28.268008,1,1,1,22,69
2025-12-24 06:10:32.026728,1,2,1,23,69
2025-12-24 06:10:35.886769,1,2,4,23,69
2025-12-24 06:10:41.307331,1,1,1,23,69
2025-12-24 06:10:44.608672,1,1,1,20,69
2025-12-24 06:10:48.918100,1,1,1,15,69
2025-12-24 06:10:52.283781,1,1,3,14,69
2025-12-24 06:10:56.040615,1,2,7,13,69
2025-12-24 06:10:59.898288,1,1,1,14,69
2025-12-24 06:11:03.364421,1,1,1,13,69
2025-12-24 06:11:06.166180,1,2,1,12,69
2025-12-24 06:11:10.978439,1,1,2,12,69
2025-12-24 06:11:14.389731,1,1,1,12,69
2025-12-24 06:11:17.245408,1,2,1,12,69
2025-12-24 06:11:20.105702,1,1,1,12,70
2025-12-24 06:11:22.916834,1,1,1,12,73
2025-12-24 06:11:25.825615,1,1,2,12,76
2025-12-24 06:11:28.637340,1,1,1,12,76
2025-12-24 06:11:31.495551,1,1,1,13,76
2025-12-24 06:11:35.355641,1,1,1,13,76
2025-12-24 06:11:38.666898,1,1,1,13,76
2025-12-24 06:11:41.527130,1,2,1,13,76
2025-12-24 06:11:44.387006,1,1,1,13,76
2025-12-24 06:11:47.254068,1,1,1,13,77
2025-12-24 06:11:50.104875,1,1,1,13,79
2025-12-24 06:11:53.915956,1,2,1,13,79
2025-12-24 06:11:57.274898,1,1,3,15,79
2025-12-24 06:12:00.034002,1,1,1,16,79
2025-12-24 06:12:02.958765,1,2,3,18,79
2025-12-24 06:12:05.853873,1,1,4,19,79
2025-12-24 06:12:08.663474,1,1,1,19,79
2025-12-24 06:12:12.473240,1,1,1,17,80
2025-12-24 06:12:16.333125,1,2,4,17,81
2025-12-24 06:12:19.847483,1,2,6,17,81
2025-12-24 06:12:22.651346,1,2,5,17,81
2025-12-24 06:12:25.515782,1,2,31,17,81
2025-12-24 06:12:29.370793,1,2,30,15,81
2025-12-24 06:12:32.679614,1,2,7,14,78
2025-12-24 06:12:36.489487,1,2,5,13,76
2025-12-24 06:12:39.399989,1,2,1,12,76
2025-12-24 06:12:42.218316,1,2,5,14,76
2025-12-24 06:12:46.068422,1,1,8,14,76
2025-12-24 06:12:48.979021,1,2,1,15,76
2025-12-24 06:12:52.339303,1,2,4,14,76
2025-12-24 06:12:56.101601,1,2,5,13,76
2025-12-24 06:12:59.911556,1,2,1,12,76
2025-12-24 06:13:03.216135,1,2,4,11,76
2025-12-24 06:13:07.526980,1,2,9,11,76
2025-12-24 06:13:11.390483,1,2,3,11,76
2025-12-24 06:13:14.695996,1,1,1,11,76
2025-12-24 06:13:19.004836,1,2,3,11,76
2025-12-24 06:13:22.964202,1,2,2,11,76
2025-12-24 06:13:25.874045,1,2,1,11,76
2025-12-24 06:13:28.689151,1,1,5,11,74
2025-12-24 06:13:31.543013,1,2,7,14,71
2025-12-24 06:13:35.403332,1,2,4,16,71
2025-12-24 06:13:38.713336,1,1,1,15,74
2025-12-24 06:13:42.179688,1,1,4,13,77
2025-12-24 06:13:44.989127,1,2,1,13,79
2025-12-24 06:13:47.894531,1,2,10,13,79
2025-12-24 06:13:50.713654,1,1,5,13,79
2025-12-24 06:13:54.512430,1,2,1,13,77
2025-12-24 06:13:58.379845,1,2,3,13,74
2025-12-24 06:14:02.332578,1,2,2,13,75
2025-12-24 06:14:05.091654,1,2,4,13,75
2025-12-24 06:14:09.008624,1,1,5,13,73
2025-12-24 06:14:11.911584,1,1,2,13,71
2025-12-24 06:14:14.721947,1,2,7,13,71
2025-12-24 06:14:19.030613,1,2,6,13,71
2025-12-24 06:14:24.141549,1,2,6,13,74
2025-12-24 06:14:27.456592,1,2,2,13,75
2025-12-24 06:14:30.260788,1,2,1,13,75
2025-12-24 06:14:35.621903,1,1,4,13,74
2025-12-24 06:14:38.482257,1,2,3,13,71
2025-12-24 06:14:41.343367,1,1,2,13,71
2025-12-24 06:14:44.101967,1,2,4,13,71
2025-12-24 06:14:47.964473,1,1,5,13,71
2025-12-24 06:14:51.270238,1,2,1,13,71
2025-12-24 06:14:55.580557,1,1,1,13,74
2025-12-24 06:14:59.441389,1,2,5,13,77
2025-12-24 06:15:02.749929,1,2,7,13,80
2025-12-24 06:15:06.221946,1,2,1,13,78
2025-12-24 06:15:09.023053,1,2,3,12,74
2025-12-24 06:15:11.929614,1,2,1,12,71
2025-12-24 06:15:14.738035,1,1,1,12,68
2025-12-24 06:15:19.047808,1,2,1,12,68
2025-12-24 06:15:22.407922,1,2,2,12,70
2025-12-24 06:15:25.767963,1,2,3,12,70
2025-12-24 06:15:28.577116,1,2,7,12,70
2025-12-24 06:15:32.486704,1,1,1,12,70
2025-12-24 06:15:35.350935,1,1,1,12,70
2025-12-24 06:15:38.207114,1,2,3,11,73
2025-12-24 06:15:42.025564,1,2,8,11,76
2025-12-24 06:15:45.477009,1,1,6,12,79
2025-12-24 06:15:48.286930,1,2,6,13,81
2025-12-24 06:15:52.145942,1,2,4,13,82
2025-12-24 06:15:55.056681,1,2,1,14,83
2025-12-24 06:15:58.415368,1,2,7,14,83
2025-12-24 06:16:02.174185,1,2,4,14,81
2025-12-24 06:16:05.584093,1,1,2,14,79
2025-12-24 06:16:08.493265,1,2,5,14,78
2025-12-24 06:16:11.353386,1,2,6,14,78
2025-12-24 06:16:14.212325,1,2,4,14,78
2025-12-24 06:16:18.023553,1,1,1,14,78
2025-12-24 06:16:21.331608,1,2,2,14,79
2025-12-24 06:16:26.192561,1,1,4,14,84
2025-12-24 06:16:30.150373,1,2,10,14,84
2025-12-24 06:16:33.063632,1,1,6,13,84
2025-12-24 06:16:35.970614,1,2,8,13,79
2025-12-24 06:16:38.789371,1,2,3,13,76
2025-12-24 06:16:42.588401,1,2,3,13,73
2025-12-24 06:16:46.448482,1,2,4,13,76
2025-12-24 06:16:49.960161,1,2,11,14,82
2025-12-24 06:16:52.776906,1,2,2,14,85
2025-12-24 06:16:55.626737,1,2,3,14,88
2025-12-24 06:16:59.486780,1,1,1,14,86
2025-12-24 06:17:02.798568,1,1,1,14,85
2025-12-24 06:17:07.113079,1,2,4,14,85
2025-12-24 06:17:10.517369,1,1,6,14,85
2025-12-24 06:17:13.390252,1,1,3,14,87
2025-12-24 06:17:16.184937,1,1,3,15,87
2025-12-24 06:17:19.098923,1,1,2,15,90
2025-12-24 06:17:22.455380,1,2,2,15,90
2025-12-24 06:17:26.213031,1,2,6,16,90
2025-12-24 06:17:29.074735,1,2,5,15,90
2025-12-24 06:17:31.982358,1,2,4,15,86
2025-12-24 06:17:34.792743,1,2,29,15,82
2025-12-24 06:17:37.651227,1,2,6,14,79
2025-12-24 06:17:41.510437,1,2,5,13,76
2025-12-24 06:17:44.820870,1,1,6,13,74
2025-12-24 06:17:48.180101,1,2,2,13,74
2025-12-24 06:17:51.091044,1,2,22,13,74
2025-12-24 06:17:53.997108,1,2,27,13,74
2025-12-24 06:17:56.834848,1,2,6,13,74
2025-12-24 06:18:01.117613,1,2,2,13,74
2025-12-24 06:18:04.484807,1,2,1,13,74
2025-12-24 06:18:07.839350,1,1,1,13,74
2025-12-24 06:18:10.656771,1,1,1,13,74
2025-12-24 06:18:14.557119,1,2,2,13,74
2025-12-24 06:18:17.415938,1,2,3,13,74
2025-12-24 06:18:20.276386,1,2,1,13,74
2025-12-24 06:18:24.089336,1,1,3,13,74
2025-12-24 06:18:27.397673,1,1,2,13,74
2025-12-24 06:18:30.250039,1,2,1,14,74
2025-12-24 06:18:33.119568,1,1,7,16,74
2025-12-24 06:18:36.020050,1,2,3,17,74
2025-12-24 06:18:38.828429,1,2,7,17,71
2025-12-24 06:18:42.638090,1,2,16,16,68
2025-12-24 06:18:46.498092,1,2,2,16,67
2025-12-24 06:18:49.857349,1,2,6,16,73
2025-12-24 06:18:52.737146,1,2,4,15,76
2025-12-24 06:18:56.603225,1,1,1,16,73
2025-12-24 06:18:59.438752,1,2,3,15,69
2025-12-24 06:19:02.245640,1,1,5,15,66
2025-12-24 06:19:06.105537,1,2,1,14,63
2025-12-24 06:19:09.064267,1,2,31,14,62
2025-12-24 06:19:12.374818,1,2,17,14,62
2025-12-24 06:19:16.232701,1,2,12,14,62
2025-12-24 06:19:19.143771,1,1,1,13,63
2025-12-24 06:19:22.503168,1,2,12,13,66
2025-12-24 06:19:26.260943,1,1,1,12,70
2025-12-24 06:19:30.171742,1,1,1,12,68
2025-12-24 06:19:33.581195,1,1,1,12,69
2025-12-24 06:19:36.390928,1,1,4,12,69
2025-12-24 06:19:40.253147,1,1,1,12,69
2025-12-24 06:19:43.164526,1,1,1,14,69
2025-12-24 06:19:46.522909,1,2,1,15,69
2025-12-24 06:19:49.887695,1,2,1,17,69
2025-12-24 06:19:52.694769,1,2,4,18,69
2025-12-24 06:19:56.600162,1,2,9,19,69
2025-12-24 06:19:59.461518,1,1,3,19,69
2025-12-24 06:20:02.270344,1,2,1,19,69
2025-12-24 06:20:06.130422,1,2,10,20,69
2025-12-24 06:20:10.141568,1,2,17,20,69
2025-12-24 06:20:14.051916,1,1,8,18,69
2025-12-24 06:20:16.862967,1,1,1,17,69
2025-12-24 06:20:19.720534,1,2,5,16,69
2025-12-24 06:20:23.584421,1,1,1,17,69
2025-12-24 06:20:26.890567,1,1,1,17,69
2025-12-24 06:20:30.251537,1,2,10,15,69
2025-12-24 06:20:33.159326,1,2,2,14,69
2025-12-24 06:20:36.080541,1,2,1,13,69
2025-12-24 06:20:39.980425,1,1,8,13,69
2025-12-24 06:20:42.810637,1,1,1,12,69
2025-12-24 06:20:45.647889,1,2,10,15,69
2025-12-24 06:20:49.517580,1,1,1,17,69
2025-12-24 06:20:52.273897,1,2,2,15,69
2025-12-24 06:20:55.181034,1,2,12,14,69
2025-12-24 06:20:58.549713,1,1,1,13,69
2025-12-24 06:21:02.300645,1,2,13,12,70
2025-12-24 06:21:06.162392,1,1,3,12,72
2025-12-24 06:21:09.629639,1,1,2,11,72
2025-12-24 06:21:12.427055,1,1,1,11,75
2025-12-24 06:21:17.740591,1,2,2,11,73
2025-12-24 06:21:20.649401,1,1,1,11,76
2025-12-24 06:21:23.510815,1,2,7,11,79
2025-12-24 06:21:26.369536,1,1,1,14,82
2025-12-24 06:21:29.178524,1,2,1,16,80
2025-12-24 06:21:32.094516,1,1,5,17,80
2025-12-24 06:21:34.897469,1,2,1,15,80
2025-12-24 06:21:37.808419,1,2,3,14,80
2025-12-24 06:21:41.615694,1,1,1,13,80
2025-12-24 06:21:44.928624,1,2,1,13,80
2025-12-24 06:21:47.735717,1,2,9,13,80
2025-12-24 06:21:50.648738,1,1,1,13,80
2025-12-24 06:21:53.504795,1,2,4,16,80
2025-12-24 06:21:56.315003,1,1,1,18,80
2025-12-24 06:22:00.175168,1,2,9,20,80
2025-12-24 06:22:03.484004,1,1,1,21,80
2025-12-24 06:22:06.350981,1,2,8,19,80
2025-12-24 06:22:09.207221,1,1,1,17,80
2025-12-24 06:22:12.116225,1,2,1,16,80
2025-12-24 06:22:14.929256,1,1,2,16,80
2025-12-24 06:22:18.731720,1,2,2,15,80
2025-12-24 06:22:22.603898,1,1,1,16,80
2025-12-24 06:22:25.950967,1,2,1,14,80
2025-12-24 06:22:28.812502,1,2,4,14,80
2025-12-24 06:22:32.671603,1,1,1,13,80
2025-12-24 06:22:35.529469,1,2,8,13,80
2025-12-24 06:22:38.388535,1,1,1,12,80
2025-12-24 06:22:42.197997,1,2,8,12,80
2025-12-24 06:22:46.209508,1,2,10,14,80
2025-12-24 06:22:50.120397,1,1,4,14,80
2025-12-24 06:22:52.929644,1,2,1,14,80
2025-12-24 06:22:55.841737,1,1,2,14,80
2025-12-24 06:22:59.647546,1,2,6,14,80
2025-12-24 06:23:02.970730,1,2,9,14,80
2025-12-24 06:23:06.316466,1,2,7,14,80
2025-12-24 06:23:09.227067,1,1,1,14,80
2025-12-24 06:23:12.137180,1,2,2,14,80
2025-12-24 06:23:14.946950,1,1,3,14,81
2025-12-24 06:23:18.756059,1,1,4,14,81
2025-12-24 06:23:22.616459,1,1,1,14,77
2025-12-24 06:23:26.373768,1,1,1,14,71
2025-12-24 06:23:30.183859,1,2,9,14,70
2025-12-24 06:23:33.494769,1,2,2,14,70
2025-12-24 06:23:37.305122,1,2,1,14,70
2025-12-24 06:23:41.166572,1,2,1,14,70
2025-12-24 06:23:43.975073,1,2,10,14,70
2025-12-24 06:23:47.333777,1,1,1,14,73
2025-12-24 06:23:51.244399,1,2,4,14,74
2025-12-24 06:23:54.158579,1,2,1,14,71
2025-12-24 06:23:56.965632,1,2,1,14,69
2025-12-24 06:24:01.278745,1,2,5,14,69
2025-12-24 06:24:04.635299,1,1,9,14,69
2025-12-24 06:24:08.595402,1,1,10,14,69
2025-12-24 06:24:12.459942,1,2,1,14,69
2025-12-24 06:24:15.265678,1,1,1,14,69
2025-12-24 06:24:18.175002,1,2,1,14,69
2025-12-24 06:24:20.985028,1,2,5,14,69
2025-12-24 06:24:24.805509,1,1,1,15,71
2025-12-24 06:24:27.755889,1,2,5,14,74
2025-12-24 06:24:32.162833,1,2,10,14,75
2025-12-24 06:24:34.971303,1,1,6,14,75
2025-12-24 06:24:37.891808,1,2,1,14,75
2025-12-24 06:24:41.691898,1,2,5,13,75
2025-12-24 06:24:45.002283,1,2,4,13,75
2025-12-24 06:24:48.371835,1,1,6,14,75
2025-12-24 06:24:51.271537,1,2,1,15,74
2025-12-24 06:24:54.181852,1,2,1,16,71
2025-12-24 06:24:56.990051,1,2,6,16,68
2025-12-24 06:25:00.812793,1,1,3,16,65
2025-12-24 06:25:04.661412,1,1,1,15,62
2025-12-24 06:25:09.121289,1,2,1,14,62
2025-12-24 06:25:12.379266,1,2,1,14,62
2025-12-24 06:25:15.297845,1,2,12,14,62
2025-12-24 06:25:18.202902,1,1,1,14,62
2025-12-24 06:25:21.021017,1,2,5,14,62
2025-12-24 06:25:24.821126,1,2,4,14,62
2025-12-24 06:25:27.729327,1,2,9,14,62
2025-12-24 06:25:30.550034,1,1,2,14,62
2025-12-24 06:25:34.402033,1,2,5,14,62
2025-12-24 06:25:37.312632,1,2,10,14,62
2025-12-24 06:25:40.670108,1,2,11,15,65
2025-12-24 06:25:44.432362,1,2,28,14,71
2025-12-24 06:25:47.348697,1,2,2,15,74
2025-12-24 06:25:51.202728,1,2,4,18,77
2025-12-24 06:25:54.010186,1,1,1,18,80
2025-12-24 06:25:57.868024,1,2,3,20,83
2025-12-24 06:26:00.782744,1,2,2,19,85
2025-12-24 06:26:03.587896,1,1,1,21,85
2025-12-24 06:26:07.048334,1,2,2,21,79
2025-12-24 06:26:09.907487,1,1,3,21,74
2025-12-24 06:26:12.768059,1,1,1,20,73
2025-12-24 06:26:15.577343,1,2,13,21,73
2025-12-24 06:26:19.387103,1,1,5,21,73
2025-12-24 06:26:23.746203,1,1,2,22,73
2025-12-24 06:26:26.658473,1,1,1,22,73
2025-12-24 06:26:29.416506,1,2,4,23,73
2025-12-24 06:26:33.337852,1,1,2,23,73
2025-12-24 06:26:36.237613,1,2,2,22,75
2025-12-24 06:26:39.047863,1,1,2,22,77
2025-12-24 06:26:42.855629,1,1,1,23,77
2025-12-24 06:26:45.765144,1,2,3,21,77
2025-12-24 06:26:48.573568,1,2,3,18,77
2025-12-24 06:26:52.442417,1,1,1,16,77
2025-12-24 06:26:55.344306,1,2,10,15,77
2025-12-24 06:26:58.703940,1,1,1,14,75
2025-12-24 06:27:02.461930,1,2,3,15,73
2025-12-24 06:27:05.376858,1,2,3,16,76
2025-12-24 06:27:09.235388,1,1,1,19,79
2025-12-24 06:27:12.040063,1,2,16,19,82
2025-12-24 06:27:15.948747,1,2,3,20,81
2025-12-24 06:27:18.808808,1,1,1,20,78
2025-12-24 06:27:21.630502,1,2,3,21,75
2025-12-24 06:27:25.478570,1,2,3,21,73
2025-12-24 06:27:28.788120,1,2,7,21,73
2025-12-24 06:27:31.645636,1,2,1,21,71
2025-12-24 06:27:34.456165,1,2,5,22,71
2025-12-24 06:27:37.367713,1,2,3,22,69
2025-12-24 06:27:40.728235,1,2,7,23,72
2025-12-24 06:27:44.485487,1,1,1,20,78
2025-12-24 06:27:47.345422,1,2,1,18,79
2025-12-24 06:27:50.253330,1,1,7,17,76
2025-12-24 06:27:53.062264,1,1,2,16,72
2025-12-24 06:27:55.931991,1,2,3,15,69
2025-12-24 06:27:59.782632,1,1,1,15,66
2025-12-24 06:28:03.095043,1,2,11,15,64
2025-12-24 06:28:05.952459,1,2,4,14,64
2025-12-24 06:28:08.811815,1,1,1,14,64
2025-12-24 06:28:11.671859,1,1,3,14,64
2025-12-24 06:28:14.536570,1,1,1,14,64
2025-12-24 06:28:18.340537,1,2,6,14,67
2025-12-24 06:28:21.649901,1,1,3,15,70
2025-12-24 06:28:24.458608,1,2,1,15,73
2025-12-24 06:28:27.379506,1,2,2,15,75
2025-12-24 06:28:30.279919,1,2,11,15,75
2025-12-24 06:28:33.093545,1,2,5,15,75
2025-12-24 06:28:36.899410,1,2,8,16,75
2025-12-24 06:28:40.760581,1,2,4,17,75
2025-12-24 06:28:44.270664,1,1,1,17,75
2025-12-24 06:28:47.079123,1,2,6,17,75
2025-12-24 06:28:49.940368,1,1,1,17,75
2025-12-24 06:28:53.805110,1,2,2,19,75
2025-12-24 06:28:57.108480,1,2,4,19,74
2025-12-24 06:29:00.918103,1,1,3,17,73
2025-12-24 06:29:03.828357,1,1,3,17,73
2025-12-24 06:29:06.638590,1,2,10,19,73
2025-12-24 06:29:12.003018,1,2,2,19,73
2025-12-24 06:29:14.869653,1,2,3,19,73
2025-12-24 06:29:17.728231,1,1,1,19,73
2025-12-24 06:29:21.630389,1,2,2,18,73
2025-12-24 06:29:25.092791,1,2,2,19,73
2025-12-24 06:29:27.950941,1,2,6,20,73
2025-12-24 06:29:30.861547,1,1,1,19,73
2025-12-24 06:29:33.672355,1,2,5,17,73
2025-12-24 06:29:37.980365,1,1,6,17,73
2025-12-24 06:29:40.890838,1,2,2,18,73
2025-12-24 06:29:44.300129,1,2,3,19,73
2025-12-24 06:29:47.111009,1,2,7,20,73
2025-12-24 06:29:49.970582,1,2,5,19,73
2025-12-24 06:29:53.834746,1,1,1,17,73
2025-12-24 06:29:57.143594,1,2,3,17,73
2025-12-24 06:29:59.948845,1,2,2,18,76
2025-12-24 06:30:02.860359,1,1,1,19,79
2025-12-24 06:30:05.721327,1,2,4,20,82
2025-12-24 06:30:08.578411,1,1,2,21,85
2025-12-24 06:30:12.410464,1,2,2,22,88
2025-12-24 06:30:15.699393,1,2,1,23,90
2025-12-24 06:30:18.518335,1,2,3,23,90
2025-12-24 06:30:21.416335,1,1,1,23,90
2025-12-24 06:30:24.327933,1,1,2,24,90
2025-12-24 06:30:27.138383,1,1,1,24,90
2025-12-24 06:30:31.448020,1,1,5,21,90
2025-12-24 06:30:34.806305,1,1,1,20,90
2025-12-24 06:30:38.718941,1,1,1,21,80
2025-12-24 06:30:41.526967,1,2,1,21,75
2025-12-24 06:30:45.437116,1,2,11,22,71
2025-12-24 06:30:48.346563,1,1,1,22,68
2025-12-24 06:30:51.156607,1,2,1,22,66
2025-12-24 06:30:54.967719,1,2,3,23,66
2025-12-24 06:30:58.774899,1,1,1,23,66
2025-12-24 06:31:02.539992,1,2,2,23,66
2025-12-24 06:31:06.397185,1,2,3,23,66
2025-12-24 06:31:09.355230,1,2,1,22,63
2025-12-24 06:31:12.162963,1,2,2,22,62
2025-12-24 06:31:16.023337,1,1,1,20,62
2025-12-24 06:31:18.881587,1,2,2,20,62
2025-12-24 06:31:21.701857,1,2,3,21,62
2025-12-24 06:31:26.002273,1,1,1,22,62
2025-12-24 06:31:29.860400,1,2,4,22,62
2025-12-24 06:31:33.173701,1,2,13,23,62
2025-12-24 06:31:37.479727,1,1,3,23,62
2025-12-24 06:31:42.446645,1,2,2,23,62
2025-12-24 06:31:45.355214,1,1,1,23,62
2025-12-24 06:31:48.163333,1,1,8,23,62
2025-12-24 06:31:52.023345,1,2,4,23,62
2025-12-24 06:31:54.929550,1,1,1,23,62
2025-12-24 06:31:57.750069,1,2,4,23,62
2025-12-24 06:32:01.549927,1,2,1,23,62
2025-12-24 06:32:04.460750,1,2,3,23,62
2025-12-24 06:32:08.368791,1,2,9,23,62
2025-12-24 06:32:11.179530,1,1,4,23,62
2025-12-24 06:32:14.098198,1,2,5,23,62
2025-12-24 06:32:17.898663,1,2,3,23,62
2025-12-24 06:32:20.814154,1,1,2,23,62
2025-12-24 06:32:23.570554,1,1,1,23,62
2025-12-24 06:32:27.480168,1,2,10,23,62
2025-12-24 06:32:30.390589,1,1,1,23,62
2025-12-24 06:32:33.212662,1,2,12,23,62
2025-12-24 06:32:37.010517,1,2,4,23,62
2025-12-24 06:32:39.966094,1,2,11,23,62
2025-12-24 06:32:44.377196,1,2,3,23,62
2025-12-24 06:32:47.185321,1,2,1,21,62
2025-12-24 06:32:50.099295,1,1,1,18,62
2025-12-24 06:32:53.906357,1,2,10,17,62
2025-12-24 06:32:57.219412,1,2,2,15,62
2025-12-24 06:33:01.525121,1,1,1,13,62
2025-12-24 06:33:05.885878,1,2,5,13,62
2025-12-24 06:33:09.192744,1,2,4,12,62
2025-12-24 06:33:13.500934,1,2,1,12,62
2025-12-24 06:33:16.862380,1,2,3,12,62
2025-12-24 06:33:20.626235,1,2,4,11,63
2025-12-24 06:33:24.482740,1,1,1,11,64
2025-12-24 06:33:27.392784,1,2,1,11,67
2025-12-24 06:33:30.201541,1,1,5,11,68
2025-12-24 06:33:34.110181,1,1,1,11,68
2025-12-24 06:33:36.968488,1,2,5,11,68
2025-12-24 06:33:39.776672,1,2,4,11,68
2025-12-24 06:33:44.107649,1,1,1,11,68
2025-12-24 06:33:46.951217,1,2,5,11,68
2025-12-24 06:33:49.806197,1,2,2,11,68
2025-12-24 06:33:52.616498,1,2,3,11,68
2025-12-24 06:33:55.526758,1,1,3,11,68
2025-12-24 06:33:58.889388,1,2,1,11,68
2025-12-24 06:34:02.644903,1,2,6,11,68
2025-12-24 06:34:06.555468,1,2,3,11,68
2025-12-24 06:34:09.969293,1,2,4,11,68
2025-12-24 06:34:12.774474,1,2,1,11,68
2025-12-24 06:34:18.092531,1,1,1,11,68
2025-12-24 06:34:20.996184,1,2,1,11,71
2025-12-24 06:34:23.856698,1,2,3,11,72
2025-12-24 06:34:26.665440,1,1,1,11,72
2025-12-24 06:34:30.476828,1,2,7,12,72
2025-12-24 06:34:33.786129,1,1,3,12,72
2025-12-24 06:34:37.593966,1,1,4,12,72
2025-12-24 06:34:41.953956,1,1,1,12,72
2025-12-24 06:34:45.766584,1,2,2,12,72
2025-12-24 06:34:49.674682,1,2,2,12,72
2025-12-24 06:34:52.545062,1,2,3,12,70
2025-12-24 06:34:56.444817,1,2,1,12,69
2025-12-24 06:34:59.259572,1,2,5,12,69
2025-12-24 06:35:02.114785,1,1,1,12,69
2025-12-24 06:35:05.973306,1,2,7,12,69
2025-12-24 06:35:08.835368,1,2,4,11,69
2025-12-24 06:35:11.695219,1,2,3,11,69
2025-12-24 06:35:15.555425,1,2,1,11,69
2025-12-24 06:35:18.464149,1,1,4,11,69
2025-12-24 06:35:21.276381,1,1,2,11,69
2025-12-24 06:35:25.082378,1,2,4,11,69
2025-12-24 06:35:27.991802,1,1,1,11,69
2025-12-24 06:35:30.801984,1,2,5,11,69
2025-12-24 06:35:34.661840,1,1,1,11,69
2025-12-24 06:35:37.571352,1,2,6,11,69
2025-12-24 06:35:40.929481,1,2,72,11,69
2025-12-24 06:35:44.692634,1,2,20,11,107
2025-12-24 06:35:47.598176,1,2,1,24,110
2025-12-24 06:35:51.008753,1,1,1,23,113
2025-12-24 06:35:53.869554,1,1,1,24,116
2025-12-24 06:35:56.678395,1,1,1,24,119
2025-12-24 06:36:00.538501,1,1,1,24,122
2025-12-24 06:36:03.847943,1,1,1,21,119
2025-12-24 06:36:06.659058,1,1,1,20,113
2025-12-24 06:36:09.569130,1,2,17,19,107
2025-12-24 06:36:12.478638,1,1,1,18,101
2025-12-24 06:36:15.301066,1,1,1,18,95
2025-12-24 06:36:19.099495,1,1,1,17,89
2025-12-24 06:36:22.957351,1,1,1,17,83
2025-12-24 06:36:26.267917,1,1,1,17,79
2025-12-24 06:36:29.126131,1,1,1,17,80
2025-12-24 06:36:33.035549,1,1,1,17,82
2025-12-24 06:36:35.896751,1,1,1,16,82
2025-12-24 06:36:38.706051,1,1,1,15,82
2025-12-24 06:36:42.567976,1,1,1,13,78
2025-12-24 06:36:45.527585,1,1,1,12,75
2025-12-24 06:36:48.835201,1,1,1,12,71
2025-12-24 06:36:52.695229,1,1,1,11,68
2025-12-24 06:36:55.613458,1,1,1,11,65
2025-12-24 06:36:58.968185,1,1,1,11,64
2025-12-24 06:37:02.727145,1,1,1,11,64
2025-12-24 06:37:06.087220,1,1,1,12,64
2025-12-24 06:37:09.503781,1,1,1,11,64
2025-12-24 06:37:12.315891,1,1,1,11,64
2025-12-24 06:37:16.170321,1,1,1,11,64
2025-12-24 06:37:19.079681,1,1,1,11,64
2025-12-24 06:37:21.885860,1,1,1,11,64
2025-12-24 06:37:24.693578,1,1,1,12,64
2025-12-24 06:37:27.614312,1,1,1,14,67
2025-12-24 06:37:30.511920,1,1,1,16,70
2025-12-24 06:37:33.329814,1,1,1,16,73
2025-12-24 06:37:37.131079,1,1,1,19,76
2025-12-24 06:37:40.990900,1,1,1,17,79
2025-12-24 06:37:44.309132,1,1,1,15,84
2025-12-24 06:37:47.166636,1,1,1,14,84
2025-12-24 06:37:51.072430,1,1,1,13,84
2025-12-24 06:37:53.929498,1,1,1,12,84
2025-12-24 06:37:56.738421,1,1,1,11,84
2025-12-24 06:38:00.598222,1,1,1,12,84
2025-12-24 06:38:03.557861,1,1,1,11,84
2025-12-24 06:38:06.867708,1,1,1,11,84
2025-12-24 06:38:10.732528,1,1,1,11,84
2025-12-24 06:38:13.637313,1,1,1,12,84
2025-12-24 06:38:16.998499,1,1,1,15,81
2025-12-24 06:38:20.756697,1,1,1,17,80
2025-12-24 06:38:23.664498,1,1,1,19,79
2025-12-24 06:38:27.075000,1,1,1,20,76
2025-12-24 06:38:29.935098,1,1,1,21,73
2025-12-24 06:38:32.748022,1,1,1,21,71
2025-12-24 06:38:36.605057,1,1,1,22,71
2025-12-24 06:38:39.916881,1,1,1,22,71
2025-12-24 06:38:43.325011,1,1,1,22,71
2025-12-24 06:38:46.184685,1,1,1,21,71
2025-12-24 06:38:49.099378,1,1,1,21,71
2025-12-24 06:38:51.904645,1,1,1,21,69
2025-12-24 06:38:55.715395,1,1,1,21,66
2025-12-24 06:39:00.075370,1,1,1,21,64
2025-12-24 06:39:02.984454,1,1,1,20,64
2025-12-24 06:39:05.745012,1,1,1,18,64
2025-12-24 06:39:09.656726,1,1,1,15,64
2025-12-24 06:39:12.583729,1,1,1,14,64
2025-12-24 06:39:15.374385,1,1,1,14,64
