Timestamp,Presence,Movement,MovingRange,BreathingRate,HeartRate
2025-12-19 23:56:54.821467,0,2,3,0,0
2025-12-19 23:56:58.137048,1,2,30,0,0
2025-12-19 23:57:01.940051,1,2,19,0,0
2025-12-19 23:57:06.293221,1,2,35,0,0
2025-12-19 23:57:09.157677,1,2,35,0,0
2025-12-19 23:57:11.962929,1,2,46,0,0
2025-12-19 23:57:15.907295,1,2,43,0,100
2025-12-19 23:57:18.782421,1,2,7,24,100
2025-12-19 23:57:21.589579,1,2,8,23,100
2025-12-19 23:57:24.453924,1,2,10,23,100
2025-12-19 23:57:27.362176,1,2,15,23,100
2025-12-19 23:57:30.769160,1,2,3,23,100
2025-12-19 23:57:33.590597,1,2,6,23,100
2025-12-19 23:57:36.441047,1,2,4,22,100
2025-12-19 23:57:40.301207,1,2,9,22,100
2025-12-19 23:57:43.607459,1,2,14,22,100
2025-12-19 23:57:47.444860,1,2,4,22,97
2025-12-19 23:57:50.325548,1,2,7,22,91
2025-12-19 23:57:53.134535,1,2,4,22,85
2025-12-19 23:57:57.952577,1,2,6,22,74
2025-12-19 23:58:01.361945,1,2,4,22,71
2025-12-19 23:58:04.215630,1,2,2,21,68
2025-12-19 23:58:07.024769,1,2,2,21,66
2025-12-19 23:58:10.835070,1,2,3,21,68
2025-12-19 23:58:14.145713,1,2,1,22,71
2025-12-19 23:58:17.956719,1,1,3,22,74
2025-12-19 23:58:22.321503,1,2,7,22,71
2025-12-19 23:58:25.727699,1,2,11,22,68
2025-12-19 23:58:29.445029,1,2,3,22,66
2025-12-19 23:58:32.342626,1,2,9,22,66
2025-12-19 23:58:35.238345,1,2,28,22,66
2025-12-19 23:58:39.010773,1,2,8,22,66
2025-12-19 23:58:41.922646,1,2,5,22,66
2025-12-19 23:58:45.281448,1,2,6,22,66
2025-12-19 23:58:48.656489,1,2,5,22,66
2025-12-19 23:58:51.517301,1,2,2,22,66
2025-12-19 23:58:55.360118,1,1,5,22,66
2025-12-19 23:58:58.221399,1,1,4,21,66
2025-12-19 23:59:01.031833,1,2,4,20,66
2025-12-19 23:59:04.889928,1,1,3,20,66
2025-12-19 23:59:08.209007,1,2,3,19,66
2025-12-19 23:59:11.013682,1,2,3,19,66
2025-12-19 23:59:13.919499,1,2,2,19,66
2025-12-19 23:59:16.830305,1,2,4,19,66
2025-12-19 23:59:19.639812,1,2,1,19,64
2025-12-19 23:59:23.463390,1,2,3,19,64
2025-12-19 23:59:27.310893,1,2,6,19,63
2025-12-19 23:59:30.821634,1,2,3,19,62
2025-12-19 23:59:33.634917,1,2,5,20,62
2025-12-19 23:59:36.543327,1,2,2,20,62
2025-12-19 23:59:40.365419,1,2,24,20,62
2025-12-19 23:59:43.658185,1,2,23,20,62
2025-12-19 23:59:47.505535,1,2,6,20,62
2025-12-19 23:59:50.379416,1,2,9,20,62
2025-12-19 23:59:53.183598,1,2,17,20,62
2025-12-19 23:59:57.052382,1,2,2,19,62
2025-12-19 23:59:59.953930,1,2,2,19,62
2025-12-20 00:00:03.318947,1,2,1,19,62
2025-12-20 00:00:07.071155,1,2,2,20,62
2025-12-20 00:00:10.486892,1,2,3,20,62
2025-12-20 00:00:13.391625,1,1,2,21,62
2025-12-20 00:00:16.249581,1,2,5,21,65
2025-12-20 00:00:19.078265,1,2,4,21,64
2025-12-20 00:00:22.923136,1,2,6,21,63
2025-12-20 00:00:26.236734,1,2,6,21,63
2025-12-20 00:00:30.638683,1,2,7,21,63
2025-12-20 00:00:33.504666,1,2,5,21,63
2025-12-20 00:00:37.407713,1,2,6,20,63
2025-12-20 00:00:40.267966,1,2,3,20,63
2025-12-20 00:00:43.125857,1,2,2,20,63
2025-12-20 00:00:46.944393,1,2,6,20,63
2025-12-20 00:00:50.251016,1,2,3,20,63
2025-12-20 00:00:53.053368,1,2,2,20,63
2025-12-20 00:00:55.964457,1,2,4,19,63
2025-12-20 00:00:58.876985,1,1,5,19,63
2025-12-20 00:01:01.687327,1,2,1,19,62
2025-12-20 00:01:05.992020,1,1,3,18,62
2025-12-20 00:01:09.358803,1,1,5,18,62
2025-12-20 00:01:13.164717,1,2,1,18,62
2025-12-20 00:01:15.974311,1,2,2,18,62
2025-12-20 00:01:18.880649,1,2,1,18,62
2025-12-20 00:01:22.190726,1,2,2,18,62
2025-12-20 00:01:25.010708,1,1,1,18,62
2025-12-20 00:01:27.921503,1,2,2,18,62
2025-12-20 00:01:31.269337,1,2,4,18,62
2025-12-20 00:01:34.138215,1,1,1,18,62
2025-12-20 00:01:37.991030,1,1,4,18,62
2025-12-20 00:01:40.904960,1,1,1,18,63
2025-12-20 00:01:43.708005,1,1,1,18,66
2025-12-20 00:01:47.520542,1,2,2,18,69
2025-12-20 00:01:50.430844,1,1,2,18,72
2025-12-20 00:01:53.246870,1,2,1,18,73
2025-12-20 00:01:57.097670,1,1,4,18,73
2025-12-20 00:02:00.006900,1,1,3,18,73
2025-12-20 00:02:03.366951,1,1,5,18,73
2025-12-20 00:02:07.125863,1,1,1,18,73
2025-12-20 00:02:10.937677,1,1,2,18,73
2025-12-20 00:02:14.302555,1,2,2,18,73
2025-12-20 00:02:18.106004,1,2,1,18,73
2025-12-20 00:02:21.418861,1,2,3,18,73
2025-12-20 00:02:25.226459,1,2,2,18,73
2025-12-20 00:02:29.101089,1,1,2,18,73
2025-12-20 00:02:33.001083,1,2,1,18,73
2025-12-20 00:02:35.810074,1,1,3,18,73
2025-12-20 00:02:39.715291,1,1,3,18,73
2025-12-20 00:02:42.626627,1,2,3,18,73
2025-12-20 00:02:45.441156,1,1,2,18,73
2025-12-20 00:02:49.745215,1,1,3,18,74
2025-12-20 00:02:54.156201,1,2,4,18,80
2025-12-20 00:02:57.469257,1,1,1,18,83
2025-12-20 00:03:00.325309,1,1,1,18,83
2025-12-20 00:03:03.186494,1,2,24,18,83
2025-12-20 00:03:06.049836,1,2,5,18,81
2025-12-20 00:03:08.901071,1,2,3,17,80
2025-12-20 00:03:11.716229,1,1,1,17,83
2025-12-20 00:03:14.632674,1,2,1,17,83
2025-12-20 00:03:17.433832,1,1,2,17,83
2025-12-20 00:03:20.344013,1,1,1,17,81
2025-12-20 00:03:24.153772,1,1,1,17,78
2025-12-20 00:03:27.468879,1,2,2,17,75
2025-12-20 00:03:30.329862,1,2,1,17,72
2025-12-20 00:03:33.632495,1,1,1,17,71
2025-12-20 00:03:36.442851,1,2,1,17,71
2025-12-20 00:03:40.353104,1,1,1,17,71
2025-12-20 00:03:43.221113,1,2,2,17,71
2025-12-20 00:03:47.172484,1,1,1,17,71
2025-12-20 00:03:50.030953,1,1,1,17,71
2025-12-20 00:03:52.896842,1,2,1,17,71
2025-12-20 00:03:55.752220,1,2,1,17,71
2025-12-20 00:03:59.111082,1,1,1,17,71
2025-12-20 00:04:02.876355,1,1,2,17,71
2025-12-20 00:04:06.780441,1,1,1,17,71
2025-12-20 00:04:09.641804,1,2,1,17,68
2025-12-20 00:04:12.451642,1,2,1,17,65
2025-12-20 00:04:16.310385,1,1,1,19,62
2025-12-20 00:04:19.221243,1,1,1,19,62
2025-12-20 00:04:22.033205,1,1,1,20,63
2025-12-20 00:04:26.351211,1,2,1,20,68
2025-12-20 00:04:29.204557,1,1,1,21,68
2025-12-20 00:04:32.057990,1,1,1,21,68
2025-12-20 00:04:34.917912,1,1,1,20,68
2025-12-20 00:04:39.334220,1,1,1,19,68
2025-12-20 00:04:42.238118,1,1,1,19,68
2025-12-20 00:04:45.098334,1,2,2,19,68
2025-12-20 00:04:48.460087,1,1,1,19,68
2025-12-20 00:04:52.320238,1,2,1,18,68
2025-12-20 00:04:55.240759,1,2,1,18,68
2025-12-20 00:04:58.037098,1,2,2,18,71
2025-12-20 00:05:01.853773,1,1,1,18,71
2025-12-20 00:05:06.760028,1,1,2,18,71
2025-12-20 00:05:09.671886,1,1,1,17,71
2025-12-20 00:05:12.484635,1,1,1,17,71
2025-12-20 00:05:16.396589,1,1,1,17,71
2025-12-20 00:05:19.699939,1,1,1,17,71
2025-12-20 00:05:22.510162,1,1,1,17,71
2025-12-20 00:05:25.870250,1,1,1,17,71
2025-12-20 00:05:29.796135,1,2,1,18,73
2025-12-20 00:05:32.708966,1,2,8,17,76
2025-12-20 00:05:35.499627,1,2,4,17,79
2025-12-20 00:05:38.361248,1,2,5,16,76
2025-12-20 00:05:42.218561,1,2,5,16,73
2025-12-20 00:05:47.233736,1,2,9,15,67
2025-12-20 00:05:50.089000,1,2,6,15,67
2025-12-20 00:05:52.898470,1,2,6,15,67
2025-12-20 00:05:55.807364,1,2,6,15,67
2025-12-20 00:05:59.166316,1,2,3,16,67
2025-12-20 00:06:02.926051,1,2,3,16,67
2025-12-20 00:06:06.376629,1,1,2,16,67
2025-12-20 00:06:09.244641,1,2,2,16,67
2025-12-20 00:06:12.223069,1,2,3,16,67
2025-12-20 00:06:14.915851,1,2,3,16,67
2025-12-20 00:06:18.774385,1,2,2,16,67
2025-12-20 00:06:22.081963,1,2,7,16,67
2025-12-20 00:06:25.893393,1,2,4,16,67
2025-12-20 00:06:28.804696,1,2,5,17,70
2025-12-20 00:06:32.712443,1,2,5,17,75
2025-12-20 00:06:35.522687,1,2,2,17,78
2025-12-20 00:06:38.391790,1,2,7,17,79
2025-12-20 00:06:42.251493,1,2,30,17,100
2025-12-20 00:06:45.759177,1,1,1,23,100
2025-12-20 00:06:49.062059,1,1,13,23,100
2025-12-20 00:06:52.925280,1,2,53,24,100
2025-12-20 00:06:55.833734,1,2,14,24,100
2025-12-20 00:06:59.191926,1,2,1,24,100
2025-12-20 00:07:02.950809,1,1,7,23,100
2025-12-20 00:07:05.909719,1,1,22,23,100
2025-12-20 00:07:09.821889,1,2,5,24,100
2025-12-20 00:07:12.739892,1,2,7,22,100
2025-12-20 00:07:15.538793,1,1,3,22,100
2025-12-20 00:07:19.861179,1,1,1,20,100
2025-12-20 00:07:23.208585,1,1,1,19,100
2025-12-20 00:07:26.969394,1,1,2,18,95
2025-12-20 00:07:30.779603,1,2,12,18,89
2025-12-20 00:07:34.094529,1,2,2,17,84
2025-12-20 00:07:37.898112,1,2,13,17,81
2025-12-20 00:07:41.760865,1,2,1,17,75
2025-12-20 00:07:44.568905,1,2,3,17,74
2025-12-20 00:07:47.935763,1,2,2,17,74
2025-12-20 00:07:51.885456,1,1,3,17,74
2025-12-20 00:07:54.747451,1,1,2,17,74
2025-12-20 00:07:57.561132,1,1,1,17,74
2025-12-20 00:08:01.365822,1,1,1,17,74
2025-12-20 00:08:05.225621,1,2,1,17,76
2025-12-20 00:08:08.986017,1,2,3,17,82
2025-12-20 00:08:11.844822,1,2,2,17,83
2025-12-20 00:08:14.763263,1,1,3,17,80
2025-12-20 00:08:17.566913,1,2,4,17,78
2025-12-20 00:08:20.422656,1,2,3,17,79
2025-12-20 00:08:24.291891,1,2,6,17,82
2025-12-20 00:08:27.594775,1,2,3,17,85
2025-12-20 00:08:30.401276,1,2,7,17,88
2025-12-20 00:08:33.311288,1,2,2,17,88
2025-12-20 00:08:36.171698,1,2,6,17,88
2025-12-20 00:08:38.981111,1,2,4,17,88
2025-12-20 00:08:42.840130,1,2,7,17,88
2025-12-20 00:08:46.166660,1,2,1,17,88
2025-12-20 00:08:49.565577,1,2,4,17,88
2025-12-20 00:08:52.417707,1,1,2,17,86
2025-12-20 00:08:55.327768,1,2,3,17,80
2025-12-20 00:08:58.155077,1,2,4,18,76
2025-12-20 00:09:01.947118,1,2,1,19,76
2025-12-20 00:09:06.307817,1,1,1,19,70
2025-12-20 00:09:09.253086,1,2,2,20,67
2025-12-20 00:09:11.982851,1,1,1,20,64
2025-12-20 00:09:15.896309,1,1,2,19,62
2025-12-20 00:09:18.803738,1,2,3,19,62
2025-12-20 00:09:21.613887,1,2,2,19,62
2025-12-20 00:09:25.919595,1,1,2,19,62
2025-12-20 00:09:29.372694,1,2,3,19,62
2025-12-20 00:09:32.787702,1,2,2,19,62
2025-12-20 00:09:35.592956,1,2,3,19,62
2025-12-20 00:09:38.455749,1,2,2,19,62
2025-12-20 00:09:42.336175,1,2,3,19,62
2025-12-20 00:09:45.622453,1,2,7,19,62
2025-12-20 00:09:49.026026,1,2,13,19,62
2025-12-20 00:09:51.891636,1,2,54,18,62
2025-12-20 00:09:54.802809,1,2,13,18,64
2025-12-20 00:09:57.616147,1,2,7,18,67
2025-12-20 00:10:01.917411,1,2,5,18,69
2025-12-20 00:10:05.285019,1,2,1,18,69
2025-12-20 00:10:09.040992,1,2,2,18,69
2025-12-20 00:10:12.849408,1,2,5,18,69
2025-12-20 00:10:16.169851,1,2,2,18,69
2025-12-20 00:10:19.965889,1,2,5,18,69
2025-12-20 00:10:24.325579,1,2,3,18,69
2025-12-20 00:10:27.635475,1,2,2,18,69
2025-12-20 00:10:31.444392,1,2,5,18,69
2025-12-20 00:10:34.355823,1,2,5,18,69
2025-12-20 00:10:37.183251,1,1,1,17,69
2025-12-20 00:10:41.986180,1,1,3,17,69
2025-12-20 00:10:45.411881,1,2,2,17,69
2025-12-20 00:10:48.309194,1,2,2,18,69
2025-12-20 00:10:51.101405,1,2,2,18,69
2025-12-20 00:10:54.468318,1,2,2,18,69
2025-12-20 00:10:57.374793,1,2,7,18,69
2025-12-20 00:11:00.233736,1,2,17,18,69
2025-12-20 00:11:03.041360,1,2,3,18,69
2025-12-20 00:11:06.899886,1,2,14,18,69
2025-12-20 00:11:10.234613,1,2,3,18,69
2025-12-20 00:11:14.069924,1,2,3,18,69
2025-12-20 00:11:17.378151,1,2,1,18,69
2025-12-20 00:11:20.244177,1,2,63,18,69
2025-12-20 00:11:23.046986,1,2,7,23,69
2025-12-20 00:11:25.960276,1,2,38,24,100
2025-12-20 00:11:29.321528,1,2,7,23,100
2025-12-20 00:11:32.676759,1,2,91,23,100
2025-12-20 00:11:35.488250,1,2,4,23,100
2025-12-20 00:11:39.394925,1,2,4,23,100
2025-12-20 00:11:42.259371,1,2,11,24,100
2025-12-20 00:11:45.062193,1,2,5,23,100
2025-12-20 00:11:48.921788,1,2,3,24,100
2025-12-20 00:11:52.237277,1,2,2,22,100
2025-12-20 00:11:55.043444,1,2,2,20,100
2025-12-20 00:11:57.950345,1,2,2,18,100
2025-12-20 00:12:00.864535,1,2,7,17,100
2025-12-20 00:12:03.671430,1,2,2,17,95
2025-12-20 00:12:07.480344,1,1,4,15,92
2025-12-20 00:12:11.339426,1,2,7,14,89
2025-12-20 00:12:15.851729,1,2,3,11,86
2025-12-20 00:12:18.669837,1,2,2,11,83
2025-12-20 00:12:22.533445,1,2,1,11,80
2025-12-20 00:12:25.433862,1,2,2,12,77
2025-12-20 00:12:28.246662,1,2,5,13,75
2025-12-20 00:12:32.048428,1,2,8,13,72
2025-12-20 00:12:34.978064,1,2,3,13,70
2025-12-20 00:12:38.870429,1,2,1,14,70
2025-12-20 00:12:42.279202,1,2,6,15,70
2025-12-20 00:12:45.091121,1,2,5,15,70
2025-12-20 00:12:48.951218,1,2,5,16,70
2025-12-20 00:12:52.258072,1,2,2,17,70
2025-12-20 00:12:55.070862,1,1,5,17,70
2025-12-20 00:12:57.981763,1,2,5,17,70
2025-12-20 00:13:00.886822,1,2,8,17,70
2025-12-20 00:13:03.694481,1,1,1,17,70
2025-12-20 00:13:07.504504,1,1,4,17,70
2025-12-20 00:13:11.366988,1,2,6,17,70
2025-12-20 00:13:14.725849,1,2,2,18,70
2025-12-20 00:13:17.532710,1,1,1,18,70
2025-12-20 00:13:21.441484,1,2,15,18,70
2025-12-20 00:13:24.313353,1,2,2,18,70
2025-12-20 00:13:27.111790,1,2,3,17,70
2025-12-20 00:13:30.973750,1,2,1,18,70
2025-12-20 00:13:34.432597,1,1,1,17,70
2025-12-20 00:13:37.249312,1,1,1,17,70
2025-12-20 00:13:41.305025,1,2,7,17,70
2025-12-20 00:13:44.160009,1,2,4,17,70
2025-12-20 00:13:47.028927,1,2,1,17,70
2025-12-20 00:13:50.930288,1,2,9,17,70
2025-12-20 00:13:54.290867,1,2,3,17,70
2025-12-20 00:13:57.101111,1,2,1,17,70
2025-12-20 00:14:00.960998,1,2,1,17,70
2025-12-20 00:14:04.269889,1,2,2,18,70
2025-12-20 00:14:08.630608,1,2,7,18,70
2025-12-20 00:14:12.440230,1,2,1,18,70
2025-12-20 00:14:16.250528,1,2,5,18,70
2025-12-20 00:14:20.711029,1,1,6,17,69
2025-12-20 00:14:23.568701,1,2,4,17,69
2025-12-20 00:14:27.477637,1,2,2,17,69
2025-12-20 00:14:30.787629,1,2,1,17,69
2025-12-20 00:14:33.646887,1,2,1,17,69
2025-12-20 00:14:37.008933,1,1,1,17,69
2025-12-20 00:14:39.918471,1,1,2,17,69
2025-12-20 00:14:42.727470,1,2,1,17,69
2025-12-20 00:14:46.597760,1,1,1,17,69
2025-12-20 00:14:49.506483,1,2,4,17,69
2025-12-20 00:14:52.306100,1,2,2,17,69
2025-12-20 00:14:56.141709,1,2,1,17,69
2025-12-20 00:14:59.027538,1,1,3,17,68
2025-12-20 00:15:02.947536,1,1,2,17,66
2025-12-20 00:15:05.747564,1,2,14,17,66
2025-12-20 00:15:08.606866,1,2,43,17,66
2025-12-20 00:15:12.466237,1,2,1,17,66
2025-12-20 00:15:15.977614,1,1,1,17,66
2025-12-20 00:15:19.285729,1,2,10,17,66
2025-12-20 00:15:23.151644,1,2,4,17,66
2025-12-20 00:15:26.057007,1,2,2,17,66
2025-12-20 00:15:29.367185,1,2,2,17,66
2025-12-20 00:15:32.176382,1,1,2,17,66
2025-12-20 00:15:35.036862,1,1,1,17,66
2025-12-20 00:15:38.946746,1,1,1,17,66
2025-12-20 00:15:41.754850,1,1,1,17,66
2025-12-20 00:15:44.665316,1,1,1,17,66
2025-12-20 00:15:47.977811,1,1,1,17,66
2025-12-20 00:15:50.784799,1,1,2,17,66
2025-12-20 00:15:54.596298,1,1,2,17,68
2025-12-20 00:15:57.509288,1,1,1,17,71
2025-12-20 00:16:00.869136,1,1,1,17,74
2025-12-20 00:16:03.627800,1,2,2,17,77
2025-12-20 00:16:06.534511,1,2,2,17,80
2025-12-20 00:16:09.394760,1,1,1,16,83
2025-12-20 00:16:12.164336,1,2,1,15,86
2025-12-20 00:16:16.065763,1,2,1,15,89
2025-12-20 00:16:19.376872,1,2,2,14,89
2025-12-20 00:16:22.189815,1,2,2,14,89
2025-12-20 00:16:25.097277,1,1,3,14,89
2025-12-20 00:16:31.109961,1,2,1,14,85
2025-12-20 00:16:35.073318,1,1,2,14,79
2025-12-20 00:16:38.994266,1,1,3,14,69
2025-12-20 00:16:42.287758,1,2,1,14,66
2025-12-20 00:16:46.255323,1,1,1,14,67
2025-12-20 00:16:49.109408,1,2,1,14,70
2025-12-20 00:16:54.528909,1,2,2,14,76
2025-12-20 00:16:57.380464,1,2,2,14,76
2025-12-20 00:17:00.240322,1,1,1,14,76
2025-12-20 00:17:04.099659,1,2,4,14,76
2025-12-20 00:17:07.010579,1,1,1,15,76
2025-12-20 00:17:10.329420,1,2,1,15,76
2025-12-20 00:17:14.131348,1,1,1,16,76
2025-12-20 00:17:18.492240,1,1,1,16,76
2025-12-20 00:17:21.802806,1,1,2,16,74
2025-12-20 00:17:25.610294,1,1,1,16,71
2025-12-20 00:17:29.470129,1,2,2,16,70
2025-12-20 00:17:33.230514,1,1,1,16,71
2025-12-20 00:17:37.193297,1,2,2,16,74
2025-12-20 00:17:41.051569,1,2,3,16,77
2025-12-20 00:17:44.414501,1,1,1,16,81
2025-12-20 00:17:47.223224,1,2,24,16,81
2025-12-20 00:17:50.142606,1,2,4,16,81
2025-12-20 00:17:53.040899,1,1,1,16,81
2025-12-20 00:17:56.403738,1,2,1,15,81
2025-12-20 00:17:59.261610,1,1,1,16,81
2025-12-20 00:18:02.123158,1,1,3,16,81
2025-12-20 00:18:05.480798,1,2,33,16,81
2025-12-20 00:18:09.239856,1,2,46,16,100
2025-12-20 00:18:13.099340,1,2,3,23,100
2025-12-20 00:18:16.009176,1,2,1,24,100
2025-12-20 00:18:18.829691,1,1,1,24,100
2025-12-20 00:18:22.733747,1,1,1,23,100
2025-12-20 00:18:25.588530,1,2,1,23,100
2025-12-20 00:18:28.398242,1,2,8,21,100
2025-12-20 00:18:32.218001,1,2,5,19,100
2025-12-20 00:18:35.123813,1,1,2,19,100
2025-12-20 00:18:39.029128,1,1,1,18,91
2025-12-20 00:18:41.838359,1,1,2,18,85
2025-12-20 00:18:44.698032,1,1,1,17,79
2025-12-20 00:18:48.556004,1,1,1,17,74
2025-12-20 00:18:51.863806,1,2,2,17,71
2025-12-20 00:18:54.723204,1,2,1,17,69
2025-12-20 00:18:57.585327,1,2,1,17,67
2025-12-20 00:19:00.443761,1,1,1,16,67
2025-12-20 00:19:03.256316,1,1,1,16,66
2025-12-20 00:19:07.114521,1,1,2,16,65
2025-12-20 00:19:10.434407,1,1,1,14,65
2025-12-20 00:19:13.231780,1,1,1,14,65
2025-12-20 00:19:16.140557,1,1,3,13,65
2025-12-20 00:19:19.050800,1,2,1,13,65
2025-12-20 00:19:21.860384,1,1,1,13,65
2025-12-20 00:19:26.167772,1,1,18,12,65
2025-12-20 00:19:29.529348,1,2,1,12,64
2025-12-20 00:19:32.888666,1,2,2,12,64
2025-12-20 00:19:35.698888,1,1,3,12,64
2025-12-20 00:19:39.608279,1,2,1,12,64
2025-12-20 00:19:42.468784,1,1,2,12,64
2025-12-20 00:19:45.328667,1,1,1,12,64
2025-12-20 00:19:49.141294,1,2,1,12,64
2025-12-20 00:19:52.050018,1,2,1,13,64
2025-12-20 00:19:54.861843,1,2,1,13,64
2025-12-20 00:19:58.717770,1,1,3,15,67
2025-12-20 00:20:01.630733,1,1,1,15,70
2025-12-20 00:20:04.433862,1,1,1,15,73
2025-12-20 00:20:08.745703,1,1,1,15,71
2025-12-20 00:20:12.162185,1,1,2,15,71
2025-12-20 00:20:15.065242,1,1,1,15,71
2025-12-20 00:20:17.871470,1,1,1,15,70
2025-12-20 00:20:20.784336,1,1,1,15,67
2025-12-20 00:20:24.594044,1,1,1,15,66
2025-12-20 00:20:27.907507,1,1,1,15,66
2025-12-20 00:20:31.263932,1,1,3,15,66
2025-12-20 00:20:34.172808,1,1,1,15,66
2025-12-20 00:20:37.087209,1,1,1,15,66
2025-12-20 00:20:39.897270,1,2,4,15,67
2025-12-20 00:20:44.215681,1,1,2,15,70
2025-12-20 00:20:47.567043,1,2,1,15,73
2025-12-20 00:20:51.523856,1,1,1,15,76
2025-12-20 00:20:54.331313,1,1,1,15,76
2025-12-20 00:20:58.192640,1,1,1,15,76
2025-12-20 00:21:01.101768,1,2,3,15,74
2025-12-20 00:21:03.925638,1,2,2,15,72
2025-12-20 00:21:07.720144,1,2,2,15,69
2025-12-20 00:21:10.631696,1,2,17,15,66
2025-12-20 00:21:13.441066,1,2,26,15,66
2025-12-20 00:21:17.300069,1,2,2,23,100
2025-12-20 00:21:20.210093,1,2,2,23,100
2025-12-20 00:21:23.570930,1,2,3,23,100
2025-12-20 00:21:27.335386,1,2,5,24,100
2025-12-20 00:21:30.237676,1,2,4,23,100
2025-12-20 00:21:34.148173,1,1,1,22,100
2025-12-20 00:21:37.968718,1,1,1,22,100
2025-12-20 00:21:40.822053,1,2,3,21,100
2025-12-20 00:21:43.679664,1,2,3,21,95
2025-12-20 00:21:46.491520,1,2,3,21,89
2025-12-20 00:21:49.350710,1,2,2,21,83
2025-12-20 00:21:52.210164,1,2,2,21,80
2025-12-20 00:21:55.120840,1,1,1,21,77
2025-12-20 00:21:57.928661,1,2,3,21,74
2025-12-20 00:22:01.749975,1,2,1,21,73
2025-12-20 00:22:05.603263,1,2,2,21,73
2025-12-20 00:22:09.108548,1,2,2,20,73
2025-12-20 00:22:11.917793,1,1,2,19,73
2025-12-20 00:22:14.828719,1,1,1,18,73
2025-12-20 00:22:18.642719,1,1,1,17,73
2025-12-20 00:22:21.947231,1,2,2,17,73
2025-12-20 00:22:26.259330,1,2,1,15,71
2025-12-20 00:22:31.317374,1,1,3,15,67
2025-12-20 00:22:34.226513,1,2,1,14,67
2025-12-20 00:22:37.137287,1,2,9,14,66
2025-12-20 00:22:39.951496,1,2,9,14,63
2025-12-20 00:22:43.758198,1,2,20,14,63
2025-12-20 00:22:47.621287,1,2,3,14,63
2025-12-20 00:22:50.974544,1,2,10,14,63
2025-12-20 00:22:53.781675,1,1,1,14,64
2025-12-20 00:22:57.697654,1,2,1,14,67
2025-12-20 00:23:00.550955,1,2,1,14,70
2025-12-20 00:23:03.359826,1,2,4,15,73
2025-12-20 00:23:07.219163,1,2,9,15,76
2025-12-20 00:23:10.579008,1,2,6,15,79
2025-12-20 00:23:13.388714,1,1,6,15,82
2025-12-20 00:23:16.246315,1,2,1,15,84
2025-12-20 00:23:19.161477,1,2,3,15,84
2025-12-20 00:23:21.987217,1,2,4,15,84
2025-12-20 00:23:25.775108,1,2,21,15,84
2025-12-20 00:23:29.634176,1,2,6,15,84
2025-12-20 00:23:33.144199,1,2,24,16,84
2025-12-20 00:23:35.958872,1,2,15,17,82
2025-12-20 00:23:38.815887,1,2,3,17,79
2025-12-20 00:23:42.675203,1,2,4,17,77
2025-12-20 00:23:45.982189,1,2,1,18,74
2025-12-20 00:23:49.792943,1,2,5,18,71
2025-12-20 00:23:52.704024,1,2,14,18,71
2025-12-20 00:23:55.516780,1,1,1,18,74
2025-12-20 00:23:59.371470,1,2,3,18,77
2025-12-20 00:24:02.282452,1,2,5,18,78
2025-12-20 00:24:05.641277,1,2,5,18,78
2025-12-20 00:24:09.399409,1,1,1,18,78
2025-12-20 00:24:12.809298,1,2,2,18,78
2025-12-20 00:24:15.719591,1,2,22,18,78
2025-12-20 00:24:18.579611,1,1,4,18,78
2025-12-20 00:24:21.386681,1,2,1,18,78
2025-12-20 00:24:25.247431,1,2,6,18,78
2025-12-20 00:24:28.557565,1,2,1,18,78
2025-12-20 00:24:32.018879,1,2,5,17,78
2025-12-20 00:24:34.876053,1,2,3,16,78
2025-12-20 00:24:37.741169,1,2,11,15,78
2025-12-20 00:24:40.546562,1,1,5,14,78
2025-12-20 00:24:44.364140,1,2,8,15,78
2025-12-20 00:24:48.715477,1,2,1,15,78
2025-12-20 00:24:52.176743,1,1,1,15,78
2025-12-20 00:24:54.990588,1,2,4,15,78
2025-12-20 00:24:58.852032,1,2,13,15,78
2025-12-20 00:25:01.754894,1,2,10,15,78
2025-12-20 00:25:04.564748,1,2,2,15,79
2025-12-20 00:25:08.402510,1,2,1,15,82
2025-12-20 00:25:11.291517,1,1,2,15,84
2025-12-20 00:25:15.205288,1,2,1,15,84
2025-12-20 00:25:18.004576,1,2,1,15,84
2025-12-20 00:25:20.917402,1,1,1,15,84
2025-12-20 00:25:24.725611,1,1,1,15,84
2025-12-20 00:25:28.038330,1,1,1,15,84
2025-12-20 00:25:31.393463,1,1,5,15,84
2025-12-20 00:25:34.304786,1,2,5,15,84
2025-12-20 00:25:37.213446,1,1,1,15,84
2025-12-20 00:25:40.023667,1,2,8,15,84
2025-12-20 00:25:44.331061,1,2,1,17,84
2025-12-20 00:25:47.692241,1,2,3,17,84
2025-12-20 00:25:51.051946,1,2,13,17,84
2025-12-20 00:25:53.860958,1,2,14,16,84
2025-12-20 00:25:57.771354,1,1,2,16,84
2025-12-20 00:26:00.631526,1,1,4,16,84
2025-12-20 00:26:03.441097,1,2,6,16,84
2025-12-20 00:26:07.305071,1,1,1,16,84
2025-12-20 00:26:10.763467,1,1,7,16,84
2025-12-20 00:26:13.578262,1,2,2,16,84
2025-12-20 00:26:17.430510,1,2,34,16,84
2025-12-20 00:26:20.351111,1,2,4,16,84
2025-12-20 00:26:23.698535,1,2,8,16,84
2025-12-20 00:26:27.459116,1,2,7,15,84
2025-12-20 00:26:30.368306,1,2,1,15,84
2025-12-20 00:26:34.236771,1,2,1,16,84
2025-12-20 00:26:37.041947,1,2,2,16,82
2025-12-20 00:26:40.900529,1,1,1,16,79
2025-12-20 00:26:43.838335,1,2,2,16,76
2025-12-20 00:26:46.620808,1,2,1,16,77
2025-12-20 00:26:49.478529,1,1,1,17,80
2025-12-20 00:26:52.340036,1,2,3,17,83
2025-12-20 00:26:55.247519,1,1,1,17,86
2025-12-20 00:26:58.060177,1,2,4,17,88
2025-12-20 00:27:02.364491,1,1,1,17,88
2025-12-20 00:27:05.732965,1,1,1,17,88
2025-12-20 00:27:09.685543,1,2,1,17,84
2025-12-20 00:27:12.504081,1,2,1,17,78
2025-12-20 00:27:16.355700,1,2,1,17,73
2025-12-20 00:27:19.286585,1,2,2,17,70
2025-12-20 00:27:22.077286,1,2,1,17,67
2025-12-20 00:27:26.383214,1,2,1,17,64
2025-12-20 00:27:29.292310,1,2,3,17,64
2025-12-20 00:27:32.655253,1,2,7,17,64
2025-12-20 00:27:35.524923,1,2,10,17,64
2025-12-20 00:27:38.372396,1,1,3,17,64
2025-12-20 00:27:41.735409,1,1,1,17,64
2025-12-20 00:27:45.490392,1,1,1,17,64
2025-12-20 00:27:48.450469,1,1,1,17,64
2025-12-20 00:27:52.361664,1,2,1,18,66
2025-12-20 00:27:55.269914,1,2,3,17,69
2025-12-20 00:27:58.078812,1,1,2,17,72
2025-12-20 00:28:01.894862,1,1,1,16,72
2025-12-20 00:28:05.757481,1,1,1,16,72
2025-12-20 00:28:09.110251,1,1,1,15,74
2025-12-20 00:28:12.921316,1,2,3,15,77
2025-12-20 00:28:15.830964,1,1,2,15,80
2025-12-20 00:28:18.691447,1,1,1,15,77
2025-12-20 00:28:21.505127,1,1,2,15,74
2025-12-20 00:28:25.360350,1,2,2,15,74
2025-12-20 00:28:28.878402,1,2,3,14,74
2025-12-20 00:28:33.336833,1,2,4,14,80
2025-12-20 00:28:36.692784,1,2,2,14,82
2025-12-20 00:28:39.551325,1,1,1,14,82
2025-12-20 00:28:43.361803,1,2,1,14,82
2025-12-20 00:28:46.670140,1,2,1,14,82
2025-12-20 00:28:50.532419,1,2,2,14,82
2025-12-20 00:28:54.391487,1,2,4,14,82
2025-12-20 00:28:57.301849,1,1,2,14,82
2025-12-20 00:29:00.113128,1,2,1,14,82
2025-12-20 00:29:02.975439,1,2,12,14,82
2025-12-20 00:29:06.831495,1,2,2,14,82
2025-12-20 00:29:10.791828,1,2,2,14,82
2025-12-20 00:29:14.102951,1,2,3,14,82
2025-12-20 00:29:17.009771,1,2,2,14,82
2025-12-20 00:29:19.871994,1,1,1,14,82
2025-12-20 00:29:22.678292,1,1,1,14,82
2025-12-20 00:29:26.989019,1,2,2,15,82
2025-12-20 00:29:29.849002,1,2,2,15,82
2025-12-20 00:29:33.257076,1,1,1,15,82
2025-12-20 00:29:36.518895,1,1,1,15,82
2025-12-20 00:29:40.428640,1,2,1,15,82
2025-12-20 00:29:43.336781,1,1,1,15,82
2025-12-20 00:29:46.159910,1,2,3,15,82
2025-12-20 00:29:49.507497,1,1,3,15,82
2025-12-20 00:29:52.417372,1,1,1,15,82
2025-12-20 00:29:55.328214,1,2,1,14,82
2025-12-20 00:29:58.140142,1,2,3,14,82
2025-12-20 00:30:01.944722,1,1,3,14,82
2025-12-20 00:30:05.808683,1,1,1,14,82
2025-12-20 00:30:09.168878,1,1,1,14,82
2025-12-20 00:30:11.975221,1,2,2,14,82
2025-12-20 00:30:15.890377,1,2,2,14,82
2025-12-20 00:30:18.757689,1,2,3,14,82
2025-12-20 00:30:21.606903,1,1,1,14,82
2025-12-20 00:30:25.418566,1,2,1,14,82
2025-12-20 00:30:28.327609,1,1,2,14,82
2025-12-20 00:30:31.143976,1,2,1,14,82
2025-12-20 00:30:34.993177,1,2,4,14,82
2025-12-20 00:30:37.905584,1,1,1,14,82
2025-12-20 00:30:40.719730,1,1,1,14,82
2025-12-20 00:30:44.523239,1,2,1,14,82
2025-12-20 00:30:47.434746,1,1,2,14,85
2025-12-20 00:30:51.353521,1,1,1,14,90
2025-12-20 00:30:54.154388,1,2,1,14,90
2025-12-20 00:30:57.016942,1,2,5,14,90
2025-12-20 00:31:00.879870,1,2,3,14,90
2025-12-20 00:31:04.183808,1,2,1,14,90
2025-12-20 00:31:07.042379,1,1,1,14,90
2025-12-20 00:31:09.905070,1,1,2,16,90
2025-12-20 00:31:12.760964,1,2,3,16,90
2025-12-20 00:31:15.620227,1,1,2,15,90
2025-12-20 00:31:19.435691,1,1,1,15,89
2025-12-20 00:31:22.740255,1,2,1,14,86
2025-12-20 00:31:25.599765,1,2,4,14,86
2025-12-20 00:31:28.471352,1,1,2,14,86
2025-12-20 00:31:31.377201,1,1,1,14,86
2025-12-20 00:31:34.182120,1,2,1,14,86
2025-12-20 00:31:38.490076,1,2,1,14,86
2025-12-20 00:31:41.851184,1,2,1,14,86
2025-12-20 00:31:45.358841,1,2,2,14,82
2025-12-20 00:31:48.169176,1,1,4,14,76
2025-12-20 00:31:51.082795,1,1,1,14,71
2025-12-20 00:31:54.892707,1,2,1,14,68
2025-12-20 00:31:58.197422,1,2,1,14,65
2025-12-20 00:32:02.007762,1,2,4,14,62
2025-12-20 00:32:04.918238,1,2,2,14,62
2025-12-20 00:32:07.727397,1,1,1,14,62
2025-12-20 00:32:13.041083,1,1,1,14,68
2025-12-20 00:32:16.950806,1,2,1,14,68
2025-12-20 00:32:19.765074,1,2,1,14,68
2025-12-20 00:32:24.623159,1,1,1,14,68
2025-12-20 00:32:28.482550,1,1,1,14,69
2025-12-20 00:32:31.391825,1,1,1,14,72
2025-12-20 00:32:34.202616,1,2,4,14,75
2025-12-20 00:32:38.014913,1,2,1,15,76
2025-12-20 00:32:41.871338,1,2,1,17,76
2025-12-20 00:32:45.629652,1,2,4,18,82
2025-12-20 00:32:49.441129,1,1,4,19,85
2025-12-20 00:32:52.748552,1,1,2,20,88
2025-12-20 00:32:56.559432,1,1,4,19,91
2025-12-20 00:33:00.421075,1,1,4,17,85
2025-12-20 00:33:03.230781,1,1,1,17,81
2025-12-20 00:33:07.742807,1,2,1,16,78
2025-12-20 00:33:11.607269,1,1,1,15,75
2025-12-20 00:33:14.513769,1,2,1,15,74
2025-12-20 00:33:17.873467,1,1,2,15,74
2025-12-20 00:33:21.683446,1,1,3,15,73
2025-12-20 00:33:25.492404,1,1,1,15,73
2025-12-20 00:33:28.953564,1,1,1,14,73
2025-12-20 00:33:31.762938,1,2,3,14,73
2025-12-20 00:33:35.672974,1,1,3,14,73
2025-12-20 00:33:38.544355,1,1,2,16,73
2025-12-20 00:33:41.893043,1,1,1,17,75
2025-12-20 00:33:45.652543,1,2,1,19,76
2025-12-20 00:33:48.560655,1,2,5,20,76
2025-12-20 00:33:52.421223,1,1,2,22,76
2025-12-20 00:33:55.231169,1,2,1,22,76
2025-12-20 00:33:59.140912,1,1,1,24,76
2025-12-20 00:34:02.001078,1,2,3,24,76
2025-12-20 00:34:04.814996,1,1,1,25,76
2025-12-20 00:34:07.618320,1,2,1,25,77
2025-12-20 00:34:10.530005,1,1,4,25,80
2025-12-20 00:34:13.445596,1,1,1,25,83
2025-12-20 00:34:16.249368,1,2,1,25,84
2025-12-20 00:34:20.084456,1,2,2,25,84
2025-12-20 00:34:23.929481,1,2,1,25,84
2025-12-20 00:34:27.879358,1,2,1,25,86
2025-12-20 00:34:30.638634,1,1,3,25,89
2025-12-20 00:34:34.550847,1,2,2,24,92
2025-12-20 00:34:37.460051,1,2,1,21,93
2025-12-20 00:34:40.267319,1,2,2,21,92
2025-12-20 00:34:44.577393,1,1,3,17,87
2025-12-20 00:34:48.438404,1,2,2,16,79
2025-12-20 00:34:51.249350,1,2,4,16,76
2025-12-20 00:34:54.109997,1,1,1,15,76
2025-12-20 00:34:58.019111,1,1,1,15,76
2025-12-20 00:35:00.881222,1,2,1,14,76
2025-12-20 00:35:04.794397,1,2,5,14,76
2025-12-20 00:35:08.600675,1,2,4,14,76
2025-12-20 00:35:12.962103,1,2,3,14,76
2025-12-20 00:35:16.268879,1,2,4,14,76
2025-12-20 00:35:20.578982,1,1,2,14,76
2025-12-20 00:35:23.938745,1,1,1,14,75
2025-12-20 00:35:27.700323,1,1,1,16,76
2025-12-20 00:35:31.662730,1,1,1,17,79
2025-12-20 00:35:34.568550,1,2,1,20,79
2025-12-20 00:35:37.480467,1,1,5,21,79
2025-12-20 00:35:40.291229,1,1,1,21,79
2025-12-20 00:35:44.598672,1,2,1,22,79
2025-12-20 00:35:47.959867,1,2,1,23,80
2025-12-20 00:35:51.470081,1,2,1,23,81
2025-12-20 00:35:54.279554,1,1,1,24,81
2025-12-20 00:35:57.187845,1,1,1,24,81
2025-12-20 00:36:00.996130,1,2,4,25,81
2025-12-20 00:36:04.307382,1,2,3,25,81
2025-12-20 00:36:08.116646,1,2,21,25,81
2025-12-20 00:36:11.025222,1,2,29,23,81
2025-12-20 00:36:13.837639,1,2,43,23,81
2025-12-20 00:36:17.695572,1,2,6,24,100
2025-12-20 00:36:20.605327,1,2,3,24,100
2025-12-20 00:36:23.965902,1,2,10,24,100
2025-12-20 00:36:27.724557,1,2,5,24,100
2025-12-20 00:36:30.585841,1,1,1,23,100
2025-12-20 00:36:33.500181,1,2,6,23,100
2025-12-20 00:36:36.306456,1,1,3,21,100
2025-12-20 00:36:39.215473,1,1,1,20,99
2025-12-20 00:36:43.025267,1,2,5,20,96
2025-12-20 00:36:46.335410,1,2,6,19,93
2025-12-20 00:36:49.193132,1,2,3,18,91
2025-12-20 00:36:52.051184,1,2,4,16,91
2025-12-20 00:36:54.911549,1,1,1,16,91
2025-12-20 00:36:57.808053,1,2,7,15,91
2025-12-20 00:37:01.590175,1,2,8,15,91
2025-12-20 00:37:04.889319,1,2,9,14,91
2025-12-20 00:37:08.301755,1,2,1,14,91
2025-12-20 00:37:11.208197,1,2,5,14,91
2025-12-20 00:37:14.079954,1,2,4,14,91
2025-12-20 00:37:16.878536,1,2,3,14,91
2025-12-20 00:37:20.690575,1,2,1,14,91
2025-12-20 00:37:24.603082,1,2,5,14,91
2025-12-20 00:37:27.513351,1,1,3,14,87
2025-12-20 00:37:30.324384,1,2,1,14,81
2025-12-20 00:37:33.233113,1,2,3,14,75
2025-12-20 00:37:37.042668,1,2,3,14,71
2025-12-20 00:37:40.853874,1,2,6,14,68
2025-12-20 00:37:45.313378,1,1,4,14,64
2025-12-20 00:37:48.172701,1,1,1,14,64
2025-12-20 00:37:52.084187,1,2,1,15,64
2025-12-20 00:37:54.946536,1,1,1,15,64
2025-12-20 00:37:57.802525,1,2,1,15,64
2025-12-20 00:38:01.611388,1,2,4,15,64
2025-12-20 00:38:04.574063,1,2,5,16,64
2025-12-20 00:38:07.880576,1,2,3,16,64
2025-12-20 00:38:12.706926,1,2,4,16,64
2025-12-20 00:38:16.104981,1,2,6,16,64
2025-12-20 00:38:18.963156,1,2,2,16,65
2025-12-20 00:38:21.842830,1,2,7,16,68
2025-12-20 00:38:24.682022,1,2,3,16,71
2025-12-20 00:38:28.090902,1,2,6,16,70
2025-12-20 00:38:30.962995,1,1,2,16,70
2025-12-20 00:38:33.761280,1,2,3,16,70
2025-12-20 00:38:37.623416,1,2,3,16,70
2025-12-20 00:38:40.930421,1,2,5,16,71
2025-12-20 00:38:44.388955,1,1,1,16,73
2025-12-20 00:38:47.199712,1,1,1,16,76
2025-12-20 00:38:50.107704,1,2,3,16,79
2025-12-20 00:38:52.915780,1,2,4,16,81
2025-12-20 00:38:57.227362,1,2,2,16,80
2025-12-20 00:39:01.086872,1,2,1,16,77
2025-12-20 00:39:06.648038,1,1,2,16,73
2025-12-20 00:39:09.558696,1,2,6,16,73
2025-12-20 00:39:12.367373,1,2,2,16,73
2025-12-20 00:39:15.227629,1,2,1,16,73
2025-12-20 00:39:19.085415,1,2,8,16,73
2025-12-20 00:39:22.397638,1,2,1,16,70
2025-12-20 00:39:26.805633,1,2,2,16,67
2025-12-20 00:39:30.663917,1,2,3,16,64
2025-12-20 00:39:33.573867,1,2,5,16,64
2025-12-20 00:39:36.388201,1,2,1,16,64
2025-12-20 00:39:39.295992,1,2,5,16,64
2025-12-20 00:39:43.103827,1,2,5,16,64
2025-12-20 00:39:46.616581,1,1,1,16,67
2025-12-20 00:39:49.926255,1,2,4,16,70
2025-12-20 00:39:55.237849,1,2,6,16,76
2025-12-20 00:39:58.163696,1,2,1,16,79
2025-12-20 00:40:01.010163,1,2,3,16,82
2025-12-20 00:40:03.868973,1,2,8,16,85
2025-12-20 00:40:06.676217,1,2,2,16,85
2025-12-20 00:40:09.588160,1,1,2,16,84
2025-12-20 00:40:12.398252,1,2,8,16,84
2025-12-20 00:40:15.256825,1,2,17,16,84
2025-12-20 00:40:19.123014,1,2,1,16,84
2025-12-20 00:40:22.425647,1,2,14,16,83
2025-12-20 00:40:25.788271,1,1,6,16,83
2025-12-20 00:40:29.147323,1,1,1,16,83
2025-12-20 00:40:31.955632,1,1,1,16,81
2025-12-20 00:40:35.866689,1,1,1,16,77
2025-12-20 00:40:38.724922,1,2,3,16,74
2025-12-20 00:40:42.091025,1,1,9,16,71
2025-12-20 00:40:45.598183,1,1,14,16,69
2025-12-20 00:40:48.405222,1,2,8,16,69
2025-12-20 00:40:51.264741,1,2,7,16,69
2025-12-20 00:40:55.126583,1,2,1,16,69
2025-12-20 00:40:58.434174,1,1,7,16,69
2025-12-20 00:41:02.744363,1,2,6,16,69
2025-12-20 00:41:07.126681,1,2,5,16,66
2025-12-20 00:41:10.411641,1,2,6,16,66
2025-12-20 00:41:14.721317,1,2,1,16,66
2025-12-20 00:41:18.082329,1,2,2,16,66
2025-12-20 00:41:21.840886,1,2,6,16,66
2025-12-20 00:41:25.701798,1,1,3,16,66
2025-12-20 00:41:29.710750,1,2,20,16,66
2025-12-20 00:41:33.623092,1,2,9,16,66
2025-12-20 00:41:36.431065,1,2,10,16,66
2025-12-20 00:41:39.290868,1,2,8,16,66
2025-12-20 00:41:43.149552,1,2,6,16,66
2025-12-20 00:41:46.457397,1,2,6,16,66
2025-12-20 00:41:49.468165,1,2,4,16,66
2025-12-20 00:41:52.277620,1,1,1,16,66
2025-12-20 00:41:55.186294,1,2,1,16,66
2025-12-20 00:41:58.046359,1,2,7,16,66
2025-12-20 00:42:00.855414,1,2,14,16,66
2025-12-20 00:42:04.767918,1,2,6,16,66
2025-12-20 00:42:07.680384,1,2,6,16,66
2025-12-20 00:42:10.985669,1,2,9,16,66
2025-12-20 00:42:14.803917,1,2,6,16,66
2025-12-20 00:42:18.656413,1,2,3,16,66
2025-12-20 00:42:21.465829,1,2,1,16,66
2025-12-20 00:42:24.324758,1,2,2,16,66
2025-12-20 00:42:27.238320,1,2,10,16,66
2025-12-20 00:42:30.653837,1,2,4,16,66
2025-12-20 00:42:33.452739,1,2,11,16,66
2025-12-20 00:42:36.314679,1,1,2,16,66
2025-12-20 00:42:40.238709,1,2,7,16,66
2025-12-20 00:42:43.083983,1,1,1,16,66
2025-12-20 00:42:46.492409,1,2,8,16,66
2025-12-20 00:42:49.305417,1,2,6,16,66
2025-12-20 00:42:52.214622,1,1,2,16,66
2025-12-20 00:42:55.071456,1,2,10,16,65
2025-12-20 00:42:57.936629,1,2,1,16,65
2025-12-20 00:43:01.740648,1,2,2,16,65
2025-12-20 00:43:05.050400,1,2,1,16,65
2025-12-20 00:43:07.909844,1,2,3,16,65
2025-12-20 00:43:10.770985,1,2,12,16,65
2025-12-20 00:43:13.690426,1,1,5,16,65
2025-12-20 00:43:16.496251,1,1,10,16,65
2025-12-20 00:43:20.299366,1,2,1,16,65
2025-12-20 00:43:23.760944,1,2,5,16,65
2025-12-20 00:43:27.672400,1,2,1,16,65
2025-12-20 00:43:30.486689,1,2,1,16,65
2025-12-20 00:43:33.348013,1,2,24,16,65
2025-12-20 00:43:37.235099,1,2,4,16,65
2025-12-20 00:43:40.519899,1,2,3,16,65
2025-12-20 00:43:43.876781,1,2,41,16,65
2025-12-20 00:43:46.787617,1,2,17,16,65
2025-12-20 00:43:49.703235,1,2,25,16,65
2025-12-20 00:43:52.498404,1,2,11,16,65
2025-12-20 00:43:56.310875,1,2,7,15,65
2025-12-20 00:44:00.169073,1,2,2,15,65
2025-12-20 00:44:03.926711,1,1,1,15,65
2025-12-20 00:44:07.386297,1,2,1,15,67
2025-12-20 00:44:10.252076,1,2,2,16,70
2025-12-20 00:44:13.112968,1,2,1,16,73
2025-12-20 00:44:15.917066,1,2,1,17,76
2025-12-20 00:44:19.778693,1,2,4,17,78
2025-12-20 00:44:23.085537,1,1,4,17,78
2025-12-20 00:44:25.945871,1,1,1,17,78
2025-12-20 00:44:28.804919,1,2,2,18,80
2025-12-20 00:44:31.717296,1,1,3,18,83
2025-12-20 00:44:34.527302,1,1,1,18,86
2025-12-20 00:44:38.336281,1,2,1,19,89
2025-12-20 00:44:41.296357,1,1,2,19,89
2025-12-20 00:44:45.705577,1,1,2,19,84
2025-12-20 00:44:48.520145,1,1,2,17,81
2025-12-20 00:44:51.372814,1,1,1,17,80
2025-12-20 00:44:55.233168,1,2,3,18,83
2025-12-20 00:44:58.543287,1,2,4,19,86
2025-12-20 00:45:01.958270,1,1,1,20,89
2025-12-20 00:45:05.263085,1,1,1,22,91
2025-12-20 00:45:08.070220,1,1,2,22,94
2025-12-20 00:45:11.980340,1,2,2,23,97
2025-12-20 00:45:14.841325,1,1,1,23,97
2025-12-20 00:45:18.203777,1,2,1,23,96
2025-12-20 00:45:22.113055,1,1,2,24,90
2025-12-20 00:45:24.929774,1,1,1,23,89
2025-12-20 00:45:28.832909,1,2,2,24,89
2025-12-20 00:45:31.741585,1,1,1,24,89
2025-12-20 00:45:34.554576,1,1,1,24,89
2025-12-20 00:45:38.359982,1,2,1,21,89
2025-12-20 00:45:41.819027,1,1,1,22,89
2025-12-20 00:45:46.180888,1,1,1,21,87
2025-12-20 00:45:50.008568,1,2,2,21,87
2025-12-20 00:45:52.850506,1,2,1,21,87
2025-12-20 00:45:55.763704,1,1,2,22,85
2025-12-20 00:45:58.568849,1,1,1,22,79
2025-12-20 00:46:03.179213,1,1,2,17,69
2025-12-20 00:46:05.988707,1,1,2,16,69
2025-12-20 00:46:08.850177,1,1,1,14,66
2025-12-20 00:46:12.209502,1,2,2,17,63
2025-12-20 00:46:15.967963,1,1,1,15,62
2025-12-20 00:46:19.827091,1,1,1,16,62
2025-12-20 00:46:22.788193,1,1,1,17,63
2025-12-20 00:46:26.096464,1,1,1,16,64
2025-12-20 00:46:30.909299,1,1,1,15,64
2025-12-20 00:46:34.322308,1,1,2,14,64
2025-12-20 00:46:37.181016,1,1,2,13,64
2025-12-20 00:46:39.985741,1,1,1,13,64
2025-12-20 00:46:42.896841,1,1,1,14,64
2025-12-20 00:46:46.759287,1,1,2,15,65
2025-12-20 00:46:49.569796,1,2,3,15,65
2025-12-20 00:46:53.429935,1,1,1,15,65
2025-12-20 00:46:56.338920,1,1,1,17,65
2025-12-20 00:46:59.147788,1,2,2,18,67
2025-12-20 00:47:03.107295,1,1,1,17,70
2025-12-20 00:47:06.918841,1,2,2,16,70
2025-12-20 00:47:10.777069,1,2,1,15,67
2025-12-20 00:47:13.588479,1,1,1,15,64
2025-12-20 00:47:17.448009,1,1,1,14,63
2025-12-20 00:47:20.358263,1,2,1,13,63
2025-12-20 00:47:24.268463,1,2,1,13,63
2025-12-20 00:47:27.578840,1,1,1,12,63
2025-12-20 00:47:30.438660,1,1,1,12,63
2025-12-20 00:47:34.348003,1,1,1,12,63
2025-12-20 00:47:37.207337,1,1,1,12,63
2025-12-20 00:47:40.016452,1,1,1,13,63
2025-12-20 00:47:43.985799,1,1,1,13,63
2025-12-20 00:47:46.893654,1,1,1,15,63
2025-12-20 00:47:49.796891,1,2,2,17,63
2025-12-20 00:47:53.108639,1,1,2,17,64
2025-12-20 00:47:55.923064,1,2,2,19,67
2025-12-20 00:48:01.332125,1,1,2,20,73
2025-12-20 00:48:04.697287,1,2,2,21,76
2025-12-20 00:48:07.499953,1,2,5,22,79
2025-12-20 00:48:10.363447,1,1,1,22,82
2025-12-20 00:48:13.667549,1,1,1,23,85
2025-12-20 00:48:16.479887,1,1,1,23,88
2025-12-20 00:48:19.886292,1,1,2,23,91
2025-12-20 00:48:22.807954,1,1,1,24,94
2025-12-20 00:48:25.612813,1,1,1,24,97
2025-12-20 00:48:29.516102,1,1,1,23,100
2025-12-20 00:48:32.375782,1,2,2,23,94
2025-12-20 00:48:35.187530,1,2,1,23,88
2025-12-20 00:48:39.158023,1,1,1,23,82
2025-12-20 00:48:42.961418,1,1,2,24,76
2025-12-20 00:48:46.370392,1,1,1,24,75
2025-12-20 00:48:49.228882,1,2,2,22,73
2025-12-20 00:48:52.098894,1,1,2,19,72
2025-12-20 00:48:55.898366,1,1,1,17,72
2025-12-20 00:48:58.813453,1,1,2,15,72
2025-12-20 00:49:01.618887,1,2,2,15,72
2025-12-20 00:49:05.529353,1,2,3,14,72
2025-12-20 00:49:08.407506,1,1,2,14,72
2025-12-20 00:49:11.198767,1,1,1,14,71
2025-12-20 00:49:15.005382,1,2,1,13,68
2025-12-20 00:49:17.920644,1,1,1,13,67
2025-12-20 00:49:21.876542,1,2,3,13,67
2025-12-20 00:49:25.236719,1,2,2,13,67
2025-12-20 00:49:28.095746,1,1,2,13,67
2025-12-20 00:49:31.904646,1,1,1,13,67
2025-12-20 00:49:35.215095,1,1,1,13,67
2025-12-20 00:49:38.675313,1,1,2,13,67
2025-12-20 00:49:41.533699,1,1,2,12,65
2025-12-20 00:49:44.846417,1,1,1,12,65
2025-12-20 00:49:47.660486,1,2,1,12,65
2025-12-20 00:49:50.565535,1,2,2,12,65
2025-12-20 00:49:53.873996,1,1,1,12,65
2025-12-20 00:49:57.234174,1,2,1,12,65
2025-12-20 00:50:00.095543,1,2,1,12,65
2025-12-20 00:50:03.405713,1,1,1,13,65
2025-12-20 00:50:06.263878,1,1,1,15,65
2025-12-20 00:50:09.127543,1,1,1,16,65
2025-12-20 00:50:11.987125,1,2,1,18,65
2025-12-20 00:50:15.900940,1,2,2,19,63
2025-12-20 00:50:19.259068,1,2,2,19,63
2025-12-20 00:50:22.067415,1,1,3,20,63
2025-12-20 00:50:25.934046,1,1,2,20,63
2025-12-20 00:50:29.248154,1,1,1,21,64
2025-12-20 00:50:32.699373,1,2,1,22,67
2025-12-20 00:50:36.064458,1,2,2,22,70
2025-12-20 00:50:38.982081,1,2,3,23,73
2025-12-20 00:50:42.328765,1,1,1,23,79
2025-12-20 00:50:45.087960,1,2,1,24,79
2025-12-20 00:50:47.997952,1,1,1,24,82
2025-12-20 00:50:52.910736,1,1,3,24,88
2025-12-20 00:50:56.220718,1,1,1,25,89
2025-12-20 00:51:01.532367,1,2,2,24,85
2025-12-20 00:51:04.442676,1,1,2,21,83
2025-12-20 00:51:07.320558,1,2,3,18,79
2025-12-20 00:51:11.214753,1,1,1,16,76
2025-12-20 00:51:15.131489,1,2,4,14,73
2025-12-20 00:51:17.987296,1,2,2,15,71
2025-12-20 00:51:22.396209,1,2,2,16,74
2025-12-20 00:51:25.304884,1,1,1,18,77
2025-12-20 00:51:28.114982,1,1,1,19,80
2025-12-20 00:51:32.025800,1,1,1,20,83
2025-12-20 00:51:35.434193,1,1,1,21,86
2025-12-20 00:51:38.246299,1,1,1,22,89
2025-12-20 00:51:42.106261,1,1,1,20,92
2025-12-20 00:51:45.016749,1,2,1,19,94
2025-12-20 00:51:48.374423,1,1,2,17,90
2025-12-20 00:51:51.885785,1,1,3,16,80
2025-12-20 00:51:54.696975,1,1,1,15,77
2025-12-20 00:51:57.554571,1,1,1,15,74
2025-12-20 00:52:01.429173,1,1,1,15,72
2025-12-20 00:52:04.723259,1,1,1,14,72
2025-12-20 00:52:09.037729,1,1,1,14,72
2025-12-20 00:52:12.458167,1,1,2,14,72
2025-12-20 00:52:16.308001,1,2,2,14,72
2025-12-20 00:52:19.162462,1,1,3,14,72
2025-12-20 00:52:23.022699,1,1,1,14,72
2025-12-20 00:52:25.932229,1,1,1,14,72
2025-12-20 00:52:28.742519,1,1,1,14,72
2025-12-20 00:52:32.750733,1,2,1,13,71
2025-12-20 00:52:35.564575,1,1,1,13,69
2025-12-20 00:52:38.478881,1,2,2,12,69
2025-12-20 00:52:41.278688,1,2,1,12,69
2025-12-20 00:52:45.593976,1,1,1,12,69
2025-12-20 00:52:49.449103,1,1,1,12,66
2025-12-20 00:52:52.912174,1,1,1,12,65
2025-12-20 00:52:55.721406,1,1,3,12,65
2025-12-20 00:52:59.630738,1,2,2,12,65
2025-12-20 00:53:02.494968,1,1,3,12,65
2025-12-20 00:53:05.302469,1,2,2,12,65
2025-12-20 00:53:09.111032,1,1,1,12,65
2025-12-20 00:53:12.021429,1,1,1,12,65
2025-12-20 00:53:15.935156,1,1,1,12,65
2025-12-20 00:53:18.739231,1,2,3,12,65
2025-12-20 00:53:21.601439,1,2,1,12,65
2025-12-20 00:53:25.460400,1,1,1,12,65
2025-12-20 00:53:28.771415,1,1,1,12,65
2025-12-20 00:53:31.580119,1,1,1,12,65
2025-12-20 00:53:34.490544,1,2,1,12,65
2025-12-20 00:53:37.350511,1,2,2,12,65
2025-12-20 00:53:40.206814,1,1,1,12,65
2025-12-20 00:53:44.025251,1,2,2,12,65
2025-12-20 00:53:47.327711,1,1,1,12,65
2025-12-20 00:53:50.137575,1,2,1,12,65
2025-12-20 00:53:53.045018,1,2,5,12,65
2025-12-20 00:53:55.954322,1,1,1,12,65
2025-12-20 00:53:58.764092,1,1,2,12,65
2025-12-20 00:54:02.574151,1,1,1,13,65
2025-12-20 00:54:06.436735,1,1,1,13,65
2025-12-20 00:54:09.744001,1,2,1,13,65
2025-12-20 00:54:12.612548,1,2,3,13,65
2025-12-20 00:54:16.513009,1,2,2,13,65
2025-12-20 00:54:19.374659,1,1,2,13,65
2025-12-20 00:54:22.183055,1,1,3,13,65
2025-12-20 00:54:26.046335,1,1,1,13,65
2025-12-20 00:54:29.001298,1,1,1,12,65
2025-12-20 00:54:32.312808,1,2,2,12,65
2025-12-20 00:54:37.624908,1,2,2,12,65
2025-12-20 00:54:40.545411,1,1,5,12,65
2025-12-20 00:54:43.392295,1,1,1,12,65
2025-12-20 00:54:46.260779,1,1,1,12,65
2025-12-20 00:54:49.062569,1,1,1,12,65
2025-12-20 00:54:51.972901,1,1,1,12,65
2025-12-20 00:54:54.781864,1,2,1,12,65
2025-12-20 00:54:57.644113,1,2,1,12,65
2025-12-20 00:55:01.501057,1,2,1,12,65
2025-12-20 00:55:04.810478,1,2,1,12,65
2025-12-20 00:55:07.623753,1,2,1,12,65
2025-12-20 00:55:10.533784,1,1,1,12,65
2025-12-20 00:55:13.395740,1,1,1,12,65
2025-12-20 00:55:16.206088,1,2,11,12,65
2025-12-20 00:55:20.107079,1,2,23,12,65
2025-12-20 00:55:23.018343,1,2,15,13,65
2025-12-20 00:55:26.328889,1,2,12,13,65
2025-12-20 00:55:30.193591,1,2,7,23,100
2025-12-20 00:55:33.103112,1,2,9,23,100
2025-12-20 00:55:36.455099,1,2,14,24,100
2025-12-20 00:55:40.219729,1,2,5,24,100
2025-12-20 00:55:44.083727,1,2,9,24,100
2025-12-20 00:55:47.053064,1,2,9,23,100
2025-12-20 00:55:50.361040,1,2,6,21,100
2025-12-20 00:55:54.203716,1,2,1,19,100
2025-12-20 00:55:57.115583,1,2,1,18,100
2025-12-20 00:56:00.471230,1,2,8,18,100
2025-12-20 00:56:04.230014,1,2,5,17,92
2025-12-20 00:56:08.090451,1,1,9,16,86
2025-12-20 00:56:11.002564,1,1,11,15,81
2025-12-20 00:56:13.813350,1,2,4,15,78
2025-12-20 00:56:17.675008,1,2,1,14,75
2025-12-20 00:56:20.585653,1,2,7,15,72
2025-12-20 00:56:23.390431,1,2,12,15,71
2025-12-20 00:56:27.200449,1,2,4,15,71
2025-12-20 00:56:30.111113,1,2,12,15,71
2025-12-20 00:56:34.019449,1,2,4,15,71
2025-12-20 00:56:36.829328,1,2,14,15,71
2025-12-20 00:56:39.688264,1,2,14,15,71
2025-12-20 00:56:43.548382,1,1,1,15,71
2025-12-20 00:56:48.511441,1,1,6,16,71
2025-12-20 00:56:51.418632,1,2,1,16,71
2025-12-20 00:56:54.278038,1,2,7,16,71
2025-12-20 00:56:57.139243,1,1,9,16,71
2025-12-20 00:57:00.501319,1,2,1,16,73
2025-12-20 00:57:04.260170,1,2,3,16,79
2025-12-20 00:57:07.177091,1,2,1,15,76
2025-12-20 00:57:10.583337,1,2,6,15,73
2025-12-20 00:57:13.435850,1,2,4,16,72
2025-12-20 00:57:16.294027,1,1,1,16,72
2025-12-20 00:57:20.105652,1,2,5,16,72
2025-12-20 00:57:23.414796,1,2,18,16,72
2025-12-20 00:57:27.777924,1,2,4,14,77
2025-12-20 00:57:32.085872,1,2,4,13,77
2025-12-20 00:57:35.394605,1,2,4,12,74
2025-12-20 00:57:39.705018,1,1,1,12,72
2025-12-20 00:57:43.563411,1,2,2,11,72
2025-12-20 00:57:46.874171,1,1,1,11,69
2025-12-20 00:57:50.689178,1,2,1,12,66
2025-12-20 00:57:53.590901,1,2,42,12,65
2025-12-20 00:57:56.401631,1,2,23,13,65
2025-12-20 00:58:00.261635,1,2,9,13,65
2025-12-20 00:58:03.170438,1,1,1,13,65
2025-12-20 00:58:06.537000,1,1,1,14,63
2025-12-20 00:58:10.339916,1,2,2,14,64
2025-12-20 00:58:13.148597,1,2,4,14,67
2025-12-20 00:58:16.060799,1,2,3,14,70
2025-12-20 00:58:18.870851,1,1,1,14,73
2025-12-20 00:58:21.783077,1,2,2,14,76
2025-12-20 00:58:25.589418,1,1,1,14,79
2025-12-20 00:58:28.903223,1,2,2,15,80
2025-12-20 00:58:31.762413,1,2,2,15,80
2025-12-20 00:58:34.623113,1,1,1,16,80
2025-12-20 00:58:37.478082,1,1,1,16,80
2025-12-20 00:58:40.341205,1,1,2,18,81
2025-12-20 00:58:44.150873,1,1,1,18,84
2025-12-20 00:58:47.465106,1,1,1,19,87
2025-12-20 00:58:50.266012,1,2,1,18,88
2025-12-20 00:58:53.175943,1,1,3,19,89
2025-12-20 00:58:56.085905,1,1,1,20,92
2025-12-20 00:58:58.898058,1,1,1,20,95
2025-12-20 00:59:02.706146,1,2,11,22,96
2025-12-20 00:59:06.563759,1,2,1,22,96
2025-12-20 00:59:10.476388,1,1,4,23,93
2025-12-20 00:59:13.336607,1,1,2,23,93
2025-12-20 00:59:17.193788,1,2,16,20,93
2025-12-20 00:59:20.106779,1,2,7,24,100
2025-12-20 00:59:22.923709,1,1,1,24,100
2025-12-20 00:59:26.729034,1,2,1,24,100
2025-12-20 00:59:29.693076,1,1,1,24,100
2025-12-20 00:59:34.091680,1,1,1,24,100
2025-12-20 00:59:36.901354,1,1,1,23,100
2025-12-20 00:59:39.761279,1,1,1,21,100
2025-12-20 00:59:43.627244,1,1,1,20,100
2025-12-20 00:59:46.929483,1,1,1,19,97
2025-12-20 00:59:50.289178,1,1,1,18,91
2025-12-20 00:59:53.199205,1,1,1,18,86
2025-12-20 00:59:56.108375,1,1,4,18,83
2025-12-20 00:59:58.927170,1,1,1,18,80
2025-12-20 01:00:02.728583,1,1,1,20,80
2025-12-20 01:00:06.586543,1,1,1,20,80
2025-12-20 01:00:09.947111,1,1,1,21,80
2025-12-20 01:00:12.756222,1,2,1,22,80
2025-12-20 01:00:16.664793,1,1,1,21,80
2025-12-20 01:00:19.524299,1,1,1,20,80
2025-12-20 01:00:22.335589,1,1,1,19,80
2025-12-20 01:00:26.195167,1,1,1,19,80
2025-12-20 01:00:29.503257,1,1,1,21,80
2025-12-20 01:00:32.320568,1,1,1,22,80
2025-12-20 01:00:35.222299,1,1,1,22,80
2025-12-20 01:00:38.131564,1,1,1,23,80
2025-12-20 01:00:40.941534,1,1,1,23,80
2025-12-20 01:00:44.748733,1,1,1,24,80
2025-12-20 01:00:48.607954,1,1,1,25,80
2025-12-20 01:00:51.967237,1,1,1,25,81
2025-12-20 01:00:54.780192,1,1,1,22,83
2025-12-20 01:00:58.697284,1,1,1,20,83
2025-12-20 01:01:01.547482,1,2,1,18,82
2025-12-20 01:01:04.355874,1,1,1,17,79
2025-12-20 01:01:08.215494,1,1,1,16,77
2025-12-20 01:01:11.675477,1,1,1,15,77
2025-12-20 01:01:14.494443,1,1,1,15,77
2025-12-20 01:01:18.947176,1,2,6,15,77
2025-12-20 01:01:21.805827,1,2,6,15,77
2025-12-20 01:01:25.665143,1,2,4,15,77
2025-12-20 01:01:28.980762,1,2,5,15,77
2025-12-20 01:01:32.335864,1,2,3,15,77
2025-12-20 01:01:35.245987,1,2,1,18,77
2025-12-20 01:01:38.155416,1,1,6,17,77
2025-12-20 01:01:40.975431,1,1,1,17,77
2025-12-20 01:01:44.775482,1,2,1,16,77
2025-12-20 01:01:48.636541,1,2,2,16,77
2025-12-20 01:01:51.946074,1,2,2,16,75
2025-12-20 01:01:54.857135,1,1,1,16,70
2025-12-20 01:01:58.714696,1,2,3,16,67
2025-12-20 01:02:01.577713,1,2,6,16,64
2025-12-20 01:02:04.385474,1,1,2,16,67
2025-12-20 01:02:08.245824,1,1,1,17,70
2025-12-20 01:02:12.210526,1,2,2,19,73
2025-12-20 01:02:16.565901,1,2,1,18,77
2025-12-20 01:02:20.388483,1,2,1,17,78
2025-12-20 01:02:23.294751,1,1,4,16,78
2025-12-20 01:02:26.204515,1,2,5,17,78
2025-12-20 01:02:29.004681,1,2,2,17,78
2025-12-20 01:02:31.882771,1,2,3,16,78
2025-12-20 01:02:34.725541,1,2,13,17,78
2025-12-20 01:02:37.585330,1,2,6,18,78
2025-12-20 01:02:40.395562,1,2,13,17,76
2025-12-20 01:02:44.253081,1,2,15,17,76
2025-12-20 01:02:47.565616,1,1,1,16,76
2025-12-20 01:02:50.375822,1,2,2,18,76
2025-12-20 01:02:53.291567,1,1,1,17,76
2025-12-20 01:02:56.195630,1,1,1,16,76
2025-12-20 01:02:59.008352,1,1,1,16,76
2025-12-20 01:03:02.812122,1,1,1,15,76
2025-12-20 01:03:06.670926,1,2,1,14,76
2025-12-20 01:03:10.184771,1,1,2,14,76
2025-12-20 01:03:12.989357,1,1,1,14,76
2025-12-20 01:03:15.854215,1,2,2,14,76
2025-12-20 01:03:19.709594,1,1,1,14,76
2025-12-20 01:03:23.022434,1,1,1,13,76
2025-12-20 01:03:26.831072,1,1,1,14,76
2025-12-20 01:03:29.738220,1,1,2,13,76
2025-12-20 01:03:32.546903,1,1,1,12,76
2025-12-20 01:03:36.406818,1,1,1,12,76
2025-12-20 01:03:39.318163,1,1,1,11,74
2025-12-20 01:03:42.676574,1,1,1,14,72
2025-12-20 01:03:46.436519,1,1,1,16,69
2025-12-20 01:03:49.951701,1,1,2,18,69
2025-12-20 01:03:52.755549,1,1,1,19,69
2025-12-20 01:03:55.619571,1,1,1,19,69
2025-12-20 01:03:58.423518,1,1,1,19,69
2025-12-20 01:04:02.283477,1,1,1,20,69
2025-12-20 01:04:05.592650,1,1,1,22,69
2025-12-20 01:04:09.051235,1,1,1,22,69
2025-12-20 01:04:11.872620,1,1,1,23,66
2025-12-20 01:04:14.771196,1,1,1,23,64
2025-12-20 01:04:17.581411,1,1,1,23,63
2025-12-20 01:04:21.390639,1,1,1,23,63
2025-12-20 01:04:25.749247,1,1,1,23,63
2025-12-20 01:04:29.059939,1,1,1,20,63
2025-12-20 01:04:31.869196,1,1,1,18,63
2025-12-20 01:04:34.789905,1,2,1,16,63
2025-12-20 01:04:37.641125,1,1,1,15,63
2025-12-20 01:04:40.450840,1,2,1,15,63
2025-12-20 01:04:44.315046,1,1,2,16,63
2025-12-20 01:04:47.614569,1,1,1,18,63
2025-12-20 01:04:50.423660,1,1,1,17,63
2025-12-20 01:04:53.334639,1,1,1,16,63
2025-12-20 01:04:56.244921,1,1,1,15,63
2025-12-20 01:04:59.052421,1,1,1,15,63
2025-12-20 01:05:02.864657,1,1,3,14,63
2025-12-20 01:05:06.726147,1,1,1,14,63
2025-12-20 01:05:10.081824,1,1,1,14,62
2025-12-20 01:05:12.893832,1,2,2,14,62
2025-12-20 01:05:16.799015,1,1,1,13,62
2025-12-20 01:05:19.658745,1,1,1,13,62
2025-12-20 01:05:22.470398,1,1,1,12,62
2025-12-20 01:05:26.349960,1,1,1,12,62
2025-12-20 01:05:29.288278,1,1,1,12,62
2025-12-20 01:05:32.599632,1,1,1,12,62
2025-12-20 01:05:36.458815,1,2,1,12,62
2025-12-20 01:05:39.370091,1,1,2,12,62
2025-12-20 01:05:42.729992,1,1,1,12,62
2025-12-20 01:05:46.490381,1,1,1,12,62
2025-12-20 01:05:49.397024,1,2,1,12,62
2025-12-20 01:05:52.812848,1,2,2,12,62
2025-12-20 01:05:55.671893,1,1,1,12,62
2025-12-20 01:05:58.474629,1,1,1,12,62
2025-12-20 01:06:02.334457,1,1,1,12,62
2025-12-20 01:06:05.656349,1,1,1,13,62
2025-12-20 01:06:09.452548,1,1,1,13,62
2025-12-20 01:06:12.365541,1,1,1,14,62
2025-12-20 01:06:16.274491,1,1,2,14,62
2025-12-20 01:06:19.082086,1,1,1,14,62
2025-12-20 01:06:21.945481,1,1,1,14,62
2025-12-20 01:06:25.802294,1,1,1,14,62
2025-12-20 01:06:28.712384,1,1,1,16,64
2025-12-20 01:06:31.471745,1,2,1,17,67
2025-12-20 01:06:35.384346,1,1,1,14,70
2025-12-20 01:06:38.292330,1,1,1,15,70
2025-12-20 01:06:41.114454,1,1,1,15,69
2025-12-20 01:06:44.921925,1,1,1,13,69
2025-12-20 01:06:48.769009,1,1,1,13,69
2025-12-20 01:06:52.283900,1,1,1,12,71
2025-12-20 01:06:55.088142,1,1,1,12,74
2025-12-20 01:06:57.948642,1,1,1,12,75
2025-12-20 01:07:01.807318,1,1,1,12,75
2025-12-20 01:07:05.122289,1,1,1,12,75
2025-12-20 01:07:08.929372,1,1,1,12,75
2025-12-20 01:07:11.834446,1,1,1,12,75
2025-12-20 01:07:14.644732,1,1,1,12,75
2025-12-20 01:07:18.503816,1,1,1,13,75
2025-12-20 01:07:21.415821,1,1,1,14,75
2025-12-20 01:07:24.774018,1,1,1,15,75
2025-12-20 01:07:28.532431,1,1,1,14,75
2025-12-20 01:07:31.441701,1,1,1,13,75
2025-12-20 01:07:34.855233,1,2,1,13,75
2025-12-20 01:07:37.709883,1,1,1,12,75
2025-12-20 01:07:40.522429,1,1,1,13,75
2025-12-20 01:07:44.382814,1,2,1,15,77
2025-12-20 01:07:47.689226,1,1,1,18,80
2025-12-20 01:07:51.152009,1,1,1,16,83
2025-12-20 01:07:54.010532,1,1,1,16,86
2025-12-20 01:07:56.869281,1,1,1,15,86
2025-12-20 01:07:59.678132,1,1,1,15,86
2025-12-20 01:08:03.490763,1,1,1,14,86
2025-12-20 01:08:07.849457,1,1,1,14,82
2025-12-20 01:08:10.757613,1,1,1,14,76
2025-12-20 01:08:13.575135,1,1,1,14,73
2025-12-20 01:08:16.889586,1,1,1,14,70
2025-12-20 01:08:19.736161,1,1,1,14,67
2025-12-20 01:08:22.550361,1,1,1,15,70
2025-12-20 01:08:26.408512,1,1,1,14,67
2025-12-20 01:08:29.379467,1,1,1,13,66
2025-12-20 01:08:32.675293,1,1,1,13,66
2025-12-20 01:08:36.585271,1,1,1,12,66
2025-12-20 01:08:39.444649,1,1,1,12,66
2025-12-20 01:08:42.804399,1,1,1,12,66
2025-12-20 01:08:46.564957,1,1,2,12,66
2025-12-20 01:08:50.421914,1,1,1,12,66
2025-12-20 01:08:53.333024,1,1,1,12,66
2025-12-20 01:08:56.151248,1,2,1,12,66
2025-12-20 01:09:00.001656,1,1,1,12,66
2025-12-20 01:09:02.909660,1,1,1,12,66
2025-12-20 01:09:05.717799,1,1,1,12,66
2025-12-20 01:09:09.526754,1,1,1,12,66
2025-12-20 01:09:12.443757,1,1,1,12,66
2025-12-20 01:09:16.363305,1,1,1,12,66
2025-12-20 01:09:19.155347,1,1,1,12,66
2025-12-20 01:09:22.015147,1,1,1,12,66
2025-12-20 01:09:25.874291,1,1,1,12,66
2025-12-20 01:09:29.189898,1,1,1,12,66
2025-12-20 01:09:32.544132,1,1,1,12,66
2025-12-20 01:09:35.454525,1,1,1,12,66
2025-12-20 01:09:38.367069,1,1,1,12,66
2025-12-20 01:09:41.172208,1,1,1,12,66
2025-12-20 01:09:44.981561,1,1,2,12,64
2025-12-20 01:09:48.847622,1,1,1,12,64
2025-12-20 01:09:52.202223,1,1,1,12,64
2025-12-20 01:09:55.013005,1,1,1,12,64
2025-12-20 01:09:58.919424,1,1,2,12,67
2025-12-20 01:10:01.779043,1,1,1,12,70
2025-12-20 01:10:04.587706,1,1,1,13,70
2025-12-20 01:10:08.453749,1,1,1,14,71
2025-12-20 01:10:11.779990,1,1,1,14,71
2025-12-20 01:10:14.567222,1,1,1,14,71
2025-12-20 01:10:17.475062,1,1,1,14,71
2025-12-20 01:10:20.385225,1,1,1,14,71
2025-12-20 01:10:23.205351,1,1,1,14,73
2025-12-20 01:10:27.006223,1,1,1,14,76
2025-12-20 01:10:30.863332,1,1,3,14,79
2025-12-20 01:10:34.373712,1,1,2,14,83
2025-12-20 01:10:37.183689,1,1,1,14,77
2025-12-20 01:10:40.044139,1,1,3,14,72
2025-12-20 01:10:43.904470,1,1,1,14,69
2025-12-20 01:10:47.211771,1,1,1,14,67
2025-12-20 01:10:51.020411,1,1,1,14,67
2025-12-20 01:10:54.490050,1,1,1,14,67
2025-12-20 01:10:58.389755,1,1,1,14,67
2025-12-20 01:11:01.198526,1,1,1,14,64
2025-12-20 01:11:04.059150,1,1,1,14,64
2025-12-20 01:11:07.918094,1,1,1,14,64
2025-12-20 01:11:11.230493,1,1,1,14,64
2025-12-20 01:11:14.587234,1,1,1,14,64
2025-12-20 01:11:17.496566,1,1,1,14,64
2025-12-20 01:11:20.406712,1,1,1,14,64
2025-12-20 01:11:23.216302,1,1,1,14,64
2025-12-20 01:11:27.024891,1,1,1,14,64
2025-12-20 01:11:30.891421,1,1,3,14,62
2025-12-20 01:11:35.756785,1,1,1,14,62
2025-12-20 01:11:39.557541,1,2,1,14,63
2025-12-20 01:11:43.942980,1,1,1,14,64
2025-12-20 01:11:47.228402,1,1,1,14,64
2025-12-20 01:11:51.043406,1,1,1,14,64
2025-12-20 01:11:54.896010,1,1,1,14,64
2025-12-20 01:11:58.656547,1,1,1,14,64
2025-12-20 01:12:02.612077,1,1,1,14,64
2025-12-20 01:12:05.523037,1,1,1,14,62
2025-12-20 01:12:08.433071,1,1,1,14,62
2025-12-20 01:12:11.241508,1,1,1,14,62
2025-12-20 01:12:15.051897,1,1,1,17,62
2025-12-20 01:12:19.961820,1,1,3,16,68
2025-12-20 01:12:22.822298,1,2,1,14,68
2025-12-20 01:12:25.632459,1,1,1,14,68
2025-12-20 01:12:29.541354,1,1,1,16,68
2025-12-20 01:12:32.451764,1,1,1,16,68
2025-12-20 01:12:35.261263,1,2,1,16,68
2025-12-20 01:12:39.572380,1,1,2,19,68
2025-12-20 01:12:43.934780,1,1,1,21,72
2025-12-20 01:12:47.239111,1,1,1,22,75
2025-12-20 01:12:51.054079,1,1,1,23,78
2025-12-20 01:12:54.909407,1,1,1,24,78
2025-12-20 01:12:58.668062,1,1,1,23,78
2025-12-20 01:13:02.533883,1,1,1,21,77
2025-12-20 01:13:05.988601,1,2,1,17,74
2025-12-20 01:13:08.799425,1,2,1,16,73
2025-12-20 01:13:12.656032,1,2,4,16,73
2025-12-20 01:13:15.567779,1,1,4,15,73
2025-12-20 01:13:18.928123,1,1,1,15,73
2025-12-20 01:13:22.692530,1,1,1,14,73
2025-12-20 01:13:25.603061,1,2,1,14,72
2025-12-20 01:13:29.008075,1,2,5,15,69
2025-12-20 01:13:31.868088,1,1,1,17,66
2025-12-20 01:13:34.675552,1,2,1,16,65
2025-12-20 01:13:38.537450,1,1,1,16,65
2025-12-20 01:13:41.846160,1,2,1,15,64
2025-12-20 01:13:44.655498,1,2,4,15,62
2025-12-20 01:13:47.567224,1,2,7,15,62
2025-12-20 01:13:50.477255,1,2,3,16,62
2025-12-20 01:13:53.282668,1,2,19,16,62
2025-12-20 01:13:57.098162,1,2,13,17,62
2025-12-20 01:14:00.954232,1,2,10,16,63
2025-12-20 01:14:04.913984,1,2,1,16,68
2025-12-20 01:14:07.672694,1,1,3,15,68
2025-12-20 01:14:11.581887,1,1,1,15,68
2025-12-20 01:14:14.491613,1,1,1,15,68
2025-12-20 01:14:17.300814,1,1,2,15,68
2025-12-20 01:14:21.617981,1,1,3,14,68
2025-12-20 01:14:26.571341,1,1,2,14,68
2025-12-20 01:14:29.483143,1,1,3,14,68
2025-12-20 01:14:32.292655,1,1,1,14,68
2025-12-20 01:14:36.153692,1,2,5,14,68
2025-12-20 01:14:39.062929,1,2,1,14,68
2025-12-20 01:14:41.872141,1,1,1,13,68
2025-12-20 01:14:45.730140,1,1,1,13,68
2025-12-20 01:14:48.588889,1,2,1,15,68
2025-12-20 01:14:52.499142,1,2,2,15,68
2025-12-20 01:14:55.318662,1,2,1,15,66
2025-12-20 01:14:58.171880,1,2,5,14,66
2025-12-20 01:15:02.030433,1,2,1,14,66
2025-12-20 01:15:05.340769,1,2,5,14,66
2025-12-20 01:15:08.204437,1,2,3,14,66
2025-12-20 01:15:11.058202,1,2,1,14,66
2025-12-20 01:15:13.924212,1,2,2,14,67
2025-12-20 01:15:16.729232,1,1,2,14,68
2025-12-20 01:15:20.590286,1,2,1,14,69
2025-12-20 01:15:24.600806,1,1,2,15,70
2025-12-20 01:15:28.510531,1,2,3,16,67
2025-12-20 01:15:31.317377,1,2,2,16,67
2025-12-20 01:15:34.231885,1,1,1,16,66
2025-12-20 01:15:38.039140,1,1,1,16,63
2025-12-20 01:15:41.345814,1,1,1,16,62
2025-12-20 01:15:44.704982,1,2,1,16,63
2025-12-20 01:15:47.618438,1,1,9,16,64
2025-12-20 01:15:50.530823,1,1,4,16,64
2025-12-20 01:15:53.340132,1,2,1,16,64
2025-12-20 01:15:57.146480,1,2,1,15,63
2025-12-20 01:16:01.004162,1,2,1,15,63
2025-12-20 01:16:05.313501,1,2,2,15,63
2025-12-20 01:16:09.623648,1,2,2,16,63
2025-12-20 01:16:12.984367,1,2,2,14,63
2025-12-20 01:16:16.743862,1,2,3,14,62
2025-12-20 01:16:20.601217,1,2,5,13,62
2025-12-20 01:16:23.918463,1,2,5,13,62
2025-12-20 01:16:27.722154,1,2,1,13,62
2025-12-20 01:16:30.631629,1,2,3,13,62
2025-12-20 01:16:34.543097,1,1,3,14,66
2025-12-20 01:16:37.350796,1,1,3,14,69
2025-12-20 01:16:40.269242,1,1,1,14,69
2025-12-20 01:16:44.072065,1,2,9,14,69
2025-12-20 01:16:47.882884,1,2,8,14,69
2025-12-20 01:16:51.341158,1,2,1,14,69
2025-12-20 01:16:54.250878,1,2,3,14,67
2025-12-20 01:16:57.117267,1,2,9,14,64
2025-12-20 01:16:59.927252,1,2,3,14,65
2025-12-20 01:17:04.280229,1,2,1,14,67
2025-12-20 01:17:07.189411,1,2,5,14,68
2025-12-20 01:17:11.100726,1,2,3,14,71
2025-12-20 01:17:13.963165,1,2,2,14,74
2025-12-20 01:17:16.819426,1,1,1,14,77
2025-12-20 01:17:20.627562,1,2,1,14,80
2025-12-20 01:17:23.945817,1,2,7,14,77
2025-12-20 01:17:27.755213,1,1,2,14,71
2025-12-20 01:17:30.662846,1,1,1,14,68
2025-12-20 01:17:34.568971,1,2,3,14,64
2025-12-20 01:17:37.377225,1,2,5,14,65
2025-12-20 01:17:40.236734,1,2,7,14,65
2025-12-20 01:17:44.096577,1,2,5,14,68
2025-12-20 01:17:47.406170,1,2,17,14,66
2025-12-20 01:17:50.215952,1,2,10,14,63
2025-12-20 01:17:53.126203,1,2,64,13,63
2025-12-20 01:17:55.987371,1,2,1,13,64
2025-12-20 01:17:58.800047,1,2,1,12,67
2025-12-20 01:18:02.655051,1,1,1,12,70
2025-12-20 01:18:05.969122,1,1,1,12,73
2025-12-20 01:18:08.772460,1,2,1,12,71
2025-12-20 01:18:12.143587,1,1,1,13,68
2025-12-20 01:18:14.950647,1,1,1,14,65
2025-12-20 01:18:18.850716,1,1,1,15,63
2025-12-20 01:18:21.711553,1,1,1,16,63
2025-12-20 01:18:25.072206,1,2,1,15,63
2025-12-20 01:18:28.586205,1,1,1,14,66
2025-12-20 01:18:31.390401,1,1,1,13,66
2025-12-20 01:18:34.252148,1,2,3,12,65
2025-12-20 01:18:38.110911,1,1,1,12,65
2025-12-20 01:18:41.421393,1,1,1,13,65
2025-12-20 01:18:45.730667,1,1,1,15,65
2025-12-20 01:18:50.090463,1,1,1,15,65
2025-12-20 01:18:53.407261,1,1,1,16,65
2025-12-20 01:18:57.709016,1,1,1,13,65
2025-12-20 01:19:01.068746,1,1,1,12,65
2025-12-20 01:19:04.828322,1,1,1,12,65
2025-12-20 01:19:08.690101,1,1,2,12,68
2025-12-20 01:19:11.615724,1,1,5,12,71
2025-12-20 01:19:14.410612,1,1,1,12,74
2025-12-20 01:19:18.269221,1,2,1,12,76
2025-12-20 01:19:21.179893,1,1,1,12,76
2025-12-20 01:19:23.998036,1,1,1,13,76
2025-12-20 01:19:27.799669,1,2,1,14,76
2025-12-20 01:19:30.711435,1,1,1,14,76
2025-12-20 01:19:34.670148,1,1,1,15,77
2025-12-20 01:19:38.030074,1,1,1,17,77
2025-12-20 01:19:40.845640,1,1,2,19,77
2025-12-20 01:19:44.698649,1,1,1,19,77
2025-12-20 01:19:48.008344,1,1,1,15,77
2025-12-20 01:19:52.018889,1,1,1,16,77
2025-12-20 01:19:54.829923,1,1,2,14,77
2025-12-20 01:19:57.739577,1,1,1,14,77
2025-12-20 01:20:01.102777,1,1,2,13,77
2025-12-20 01:20:04.908702,1,1,2,13,72
2025-12-20 01:20:08.718046,1,1,1,12,69
2025-12-20 01:20:12.027618,1,1,1,12,67
2025-12-20 01:20:14.836451,1,2,1,12,69
2025-12-20 01:20:17.747137,1,1,2,12,69
2025-12-20 01:20:20.656714,1,1,1,12,69
2025-12-20 01:20:23.463948,1,1,1,12,69
2025-12-20 01:20:27.281530,1,1,2,12,69
2025-12-20 01:20:30.187379,1,1,1,12,69
2025-12-20 01:20:32.997484,1,1,1,12,69
2025-12-20 01:20:36.853240,1,2,1,12,67
2025-12-20 01:20:39.763770,1,1,3,12,64
2025-12-20 01:20:43.124208,1,1,1,12,64
2025-12-20 01:20:46.891510,1,1,1,12,64
2025-12-20 01:20:50.692328,1,1,1,12,64
2025-12-20 01:20:54.005058,1,1,2,13,64
2025-12-20 01:20:57.813268,1,1,1,12,64
2025-12-20 01:21:01.678065,1,1,1,12,64
2025-12-20 01:21:04.491202,1,2,1,12,64
2025-12-20 01:21:07.393270,1,1,1,12,64
2025-12-20 01:21:11.755960,1,1,1,12,64
2025-12-20 01:21:14.665352,1,1,1,12,62
2025-12-20 01:21:17.473290,1,1,1,12,62
2025-12-20 01:21:21.290637,1,1,4,12,62
2025-12-20 01:21:25.150487,1,1,2,12,62
2025-12-20 01:21:28.953248,1,1,2,12,62
2025-12-20 01:21:31.761761,1,1,1,12,62
2025-12-20 01:21:34.671832,1,2,1,13,62
2025-12-20 01:21:37.481234,1,1,1,13,62
2025-12-20 01:21:40.340865,1,2,1,13,62
2025-12-20 01:21:44.199006,1,1,1,13,62
2025-12-20 01:21:47.509404,1,1,1,13,62
2025-12-20 01:21:50.366880,1,1,1,13,62
2025-12-20 01:21:53.227617,1,1,1,13,62
2025-12-20 01:21:56.085677,1,1,1,13,62
2025-12-20 01:21:58.905456,1,1,1,13,65
2025-12-20 01:22:02.758715,1,1,1,13,68
2025-12-20 01:22:06.068439,1,1,1,13,71
2025-12-20 01:22:09.522649,1,1,1,13,74
2025-12-20 01:22:12.335951,1,2,2,13,77
2025-12-20 01:22:15.248317,1,1,1,15,71
2025-12-20 01:22:19.155403,1,1,1,14,66
2025-12-20 01:22:21.925200,1,1,3,16,66
2025-12-20 01:22:24.829351,1,1,1,17,69
2025-12-20 01:22:28.236197,1,1,1,18,75
2025-12-20 01:22:31.094884,1,1,1,19,78
2025-12-20 01:22:33.904449,1,1,1,20,78
2025-12-20 01:22:36.815161,1,1,1,21,81
2025-12-20 01:22:40.724748,1,2,1,22,87
2025-12-20 01:22:43.533040,1,1,1,22,90
2025-12-20 01:22:46.341010,1,1,1,22,93
2025-12-20 01:22:50.200071,1,1,1,19,93
2025-12-20 01:22:53.510149,1,1,1,18,87
2025-12-20 01:22:57.820767,1,1,2,19,83
2025-12-20 01:23:01.180598,1,1,2,20,82
2025-12-20 01:23:04.940027,1,2,1,20,82
2025-12-20 01:23:07.857077,1,2,1,21,82
2025-12-20 01:23:11.258412,1,1,1,20,80
2025-12-20 01:23:14.117387,1,1,1,20,76
2025-12-20 01:23:16.928006,1,1,1,20,71
2025-12-20 01:23:20.791527,1,1,1,21,69
2025-12-20 01:23:24.103018,1,1,1,22,69
2025-12-20 01:23:27.564021,1,1,1,22,69
2025-12-20 01:23:30.368743,1,1,1,22,69
2025-12-20 01:23:33.282612,1,1,1,23,69
2025-12-20 01:23:36.085955,1,1,1,24,69
2025-12-20 01:23:39.898048,1,1,1,24,72
2025-12-20 01:23:44.257469,1,2,4,25,77
2025-12-20 01:23:47.766486,1,2,1,25,77
2025-12-20 01:23:51.076488,1,1,1,25,77
2025-12-20 01:23:55.889252,1,1,1,25,78
2025-12-20 01:23:59.754190,1,1,1,25,81
2025-12-20 01:24:02.558418,1,1,1,25,81
2025-12-20 01:24:06.467490,1,2,5,25,81
2025-12-20 01:24:09.845266,1,1,1,25,81
2025-12-20 01:24:13.189419,1,1,1,25,81
2025-12-20 01:24:16.947926,1,1,1,25,81
2025-12-20 01:24:20.808702,1,1,1,25,81
2025-12-20 01:24:24.116234,1,1,1,25,81
2025-12-20 01:24:27.925448,1,2,1,25,81
2025-12-20 01:24:31.386609,1,1,1,25,81
2025-12-20 01:24:35.295974,1,1,1,25,82
2025-12-20 01:24:38.159224,1,1,1,25,82
2025-12-20 01:24:40.978091,1,1,1,25,82
2025-12-20 01:24:44.825146,1,1,2,25,82
2025-12-20 01:24:48.139011,1,1,2,25,82
2025-12-20 01:24:51.943425,1,1,1,25,82
2025-12-20 01:24:54.855044,1,1,1,25,82
2025-12-20 01:24:58.764824,1,1,1,25,82
2025-12-20 01:25:01.572642,1,1,1,25,82
2025-12-20 01:25:04.433406,1,2,3,25,82
2025-12-20 01:25:08.294250,1,1,1,25,82
2025-12-20 01:25:11.200904,1,1,1,25,84
2025-12-20 01:25:13.965994,1,1,1,25,86
2025-12-20 01:25:17.871095,1,1,1,25,86
2025-12-20 01:25:20.782308,1,1,2,25,86
2025-12-20 01:25:23.590452,1,1,1,25,86
2025-12-20 01:25:27.401986,1,2,1,25,86
2025-12-20 01:25:30.358659,1,1,1,24,86
2025-12-20 01:25:34.778330,1,1,1,22,82
2025-12-20 01:25:37.582027,1,1,1,19,77
2025-12-20 01:25:40.489897,1,1,1,18,74
2025-12-20 01:25:44.303037,1,1,1,17,71
2025-12-20 01:25:47.611309,1,1,1,16,69
2025-12-20 01:25:50.969529,1,2,1,15,69
2025-12-20 01:25:53.880709,1,2,3,15,69
2025-12-20 01:25:56.789547,1,2,22,15,69
2025-12-20 01:25:59.601641,1,2,1,15,69
2025-12-20 01:26:03.406192,1,1,1,13,69
2025-12-20 01:26:07.266883,1,1,1,13,72
2025-12-20 01:26:11.025288,1,1,1,13,75
2025-12-20 01:26:14.346634,1,1,1,13,75
2025-12-20 01:26:17.213957,1,1,1,13,75
2025-12-20 01:26:20.008854,1,2,1,13,75
2025-12-20 01:26:23.915514,1,2,4,13,75
2025-12-20 01:26:26.824765,1,2,44,13,75
2025-12-20 01:26:29.635692,1,2,4,13,75
2025-12-20 01:26:32.500047,1,2,4,12,75
2025-12-20 01:26:35.353698,1,1,1,12,75
2025-12-20 01:26:38.218452,1,2,1,12,75
2025-12-20 01:26:41.027849,1,1,2,12,75
2025-12-20 01:26:44.884767,1,1,1,12,75
2025-12-20 01:26:48.195263,1,1,2,12,75
2025-12-20 01:26:51.052504,1,1,1,12,75
2025-12-20 01:26:53.912928,1,1,1,12,75
2025-12-20 01:26:56.826899,1,1,3,12,75
2025-12-20 01:26:59.632158,1,1,1,12,75
2025-12-20 01:27:03.949421,1,1,1,12,75
2025-12-20 01:27:08.422417,1,1,1,12,75
2025-12-20 01:27:11.211907,1,1,1,12,75
2025-12-20 01:27:14.116580,1,1,4,12,75
2025-12-20 01:27:17.931963,1,1,4,12,77
2025-12-20 01:27:20.846328,1,1,1,12,80
2025-12-20 01:27:23.650295,1,1,2,12,83
2025-12-20 01:27:27.961540,1,2,1,12,80
2025-12-20 01:27:32.321801,1,2,1,12,70
2025-12-20 01:27:35.629876,1,1,2,12,67
2025-12-20 01:27:39.955523,1,1,3,13,65
2025-12-20 01:27:43.299566,1,1,1,13,65
2025-12-20 01:27:47.058123,1,1,1,13,65
2025-12-20 01:27:50.917888,1,1,10,13,65
2025-12-20 01:27:53.828324,1,2,1,13,65
2025-12-20 01:27:56.637911,1,1,1,13,65
2025-12-20 01:28:00.498104,1,2,2,13,65
2025-12-20 01:28:03.408184,1,2,1,13,65
2025-12-20 01:28:07.322339,1,1,2,13,65
2025-12-20 01:28:12.883171,1,1,1,14,65
2025-12-20 01:28:16.253510,1,1,1,16,65
2025-12-20 01:28:19.056307,1,2,1,15,65
2025-12-20 01:28:21.965374,1,2,1,14,65
2025-12-20 01:28:25.330604,1,1,1,14,65
2025-12-20 01:28:29.081824,1,2,1,13,67
2025-12-20 01:28:31.991383,1,2,3,13,70
2025-12-20 01:28:37.403385,1,1,2,16,70
2025-12-20 01:28:40.264070,1,1,1,17,70
2025-12-20 01:28:43.079354,1,2,1,18,70
2025-12-20 01:28:45.982031,1,1,6,19,70
2025-12-20 01:28:49.343984,1,1,1,17,70
2025-12-20 01:28:53.301961,1,2,1,15,70
2025-12-20 01:28:56.111194,1,2,2,14,70
2025-12-20 01:28:59.971457,1,1,6,13,70
2025-12-20 01:29:02.889094,1,1,1,13,70
2025-12-20 01:29:05.693493,1,1,2,13,70
2025-12-20 01:29:10.001766,1,1,6,12,70
2025-12-20 01:29:13.412415,1,2,2,12,70
2025-12-20 01:29:16.279274,1,1,1,12,70
2025-12-20 01:29:19.127960,1,2,3,12,70
2025-12-20 01:29:21.991189,1,1,5,12,70
2025-12-20 01:29:25.352937,1,1,1,12,70
2025-12-20 01:29:29.116132,1,1,1,12,70
2025-12-20 01:29:32.520192,1,2,3,12,70
2025-12-20 01:29:35.429974,1,2,4,12,70
2025-12-20 01:29:38.317114,1,1,1,12,70
2025-12-20 01:29:41.147662,1,2,2,12,70
2025-12-20 01:29:44.958269,1,2,2,13,70
2025-12-20 01:29:48.265611,1,1,2,14,73
2025-12-20 01:29:51.725578,1,1,1,14,75
2025-12-20 01:29:54.586465,1,2,5,14,75
2025-12-20 01:29:57.455961,1,1,1,14,72
2025-12-20 01:30:00.256449,1,1,1,14,69
2025-12-20 01:30:04.565400,1,2,3,14,67
2025-12-20 01:30:08.426262,1,2,2,14,67
2025-12-20 01:30:11.937237,1,2,3,13,66
2025-12-20 01:30:15.247187,1,1,2,13,64
2025-12-20 01:30:19.158214,1,1,1,12,62
2025-12-20 01:30:22.020877,1,2,1,12,62
2025-12-20 01:30:25.375205,1,2,2,12,62
2025-12-20 01:30:29.189281,1,1,2,12,62
2025-12-20 01:30:32.545451,1,2,1,12,62
2025-12-20 01:30:35.474377,1,2,2,12,62
2025-12-20 01:30:38.314826,1,1,2,12,62
2025-12-20 01:30:41.122228,1,2,1,12,62
2025-12-20 01:30:44.982280,1,2,2,12,62
2025-12-20 01:30:48.293117,1,1,1,15,62
2025-12-20 01:30:52.253394,1,1,1,16,63
2025-12-20 01:30:55.720555,1,1,1,16,69
2025-12-20 01:30:58.584414,1,2,3,14,70
2025-12-20 01:31:02.436819,1,2,3,14,70
2025-12-20 01:31:05.752793,1,1,1,13,70
2025-12-20 01:31:10.051068,1,1,1,12,70
2025-12-20 01:31:15.012457,1,1,1,12,70
2025-12-20 01:31:17.933101,1,1,1,12,70
2025-12-20 01:31:20.734412,1,2,1,12,70
2025-12-20 01:31:24.593235,1,2,5,12,70
2025-12-20 01:31:27.505848,1,1,1,12,70
2025-12-20 01:31:30.325926,1,1,1,12,70
2025-12-20 01:31:34.173134,1,2,7,12,70
2025-12-20 01:31:37.490639,1,1,2,12,70
2025-12-20 01:31:40.340921,1,1,1,12,70
2025-12-20 01:31:43.207109,1,2,1,12,70
2025-12-20 01:31:46.063839,1,1,2,12,70
2025-12-20 01:31:49.424800,1,2,1,12,70
2025-12-20 01:31:53.381597,1,1,2,12,75
2025-12-20 01:31:56.140101,1,1,6,12,78
2025-12-20 01:32:00.050208,1,1,2,12,78
2025-12-20 01:32:02.960999,1,2,1,12,75
2025-12-20 01:32:05.771723,1,2,2,12,72
2025-12-20 01:32:09.584129,1,1,1,12,69
2025-12-20 01:32:12.495924,1,2,2,12,66
2025-12-20 01:32:15.307320,1,2,1,12,66
2025-12-20 01:32:20.111202,1,2,1,12,66
2025-12-20 01:32:23.521208,1,1,2,12,65
2025-12-20 01:32:26.379763,1,1,1,12,65
2025-12-20 01:32:29.202315,1,2,1,12,65
2025-12-20 01:32:32.049686,1,1,1,12,65
2025-12-20 01:32:34.957989,1,2,1,12,65
2025-12-20 01:32:37.766146,1,2,3,12,65
2025-12-20 01:32:40.677084,1,1,1,12,65
2025-12-20 01:32:44.485307,1,2,3,12,65
2025-12-20 01:32:47.793758,1,2,3,12,65
2025-12-20 01:32:51.160420,1,1,3,12,65
2025-12-20 01:32:54.065045,1,1,1,12,65
2025-12-20 01:32:56.982876,1,1,2,12,65
2025-12-20 01:32:59.783987,1,1,2,12,65
2025-12-20 01:33:03.592599,1,1,1,12,66
2025-12-20 01:33:07.454191,1,2,1,12,69
2025-12-20 01:33:11.413838,1,2,1,12,70
2025-12-20 01:33:14.187811,1,2,1,12,70
2025-12-20 01:33:18.081877,1,1,2,12,70
2025-12-20 01:33:20.991390,1,1,1,12,70
2025-12-20 01:33:23.801620,1,2,5,12,70
2025-12-20 01:33:28.111170,1,1,3,12,70
2025-12-20 01:33:33.074713,1,1,1,12,70
2025-12-20 01:33:35.983154,1,2,3,12,70
2025-12-20 01:33:38.796801,1,1,3,12,70
2025-12-20 01:33:42.702339,1,1,1,12,70
2025-12-20 01:33:45.562210,1,2,3,13,71
2025-12-20 01:33:48.372062,1,2,3,13,74
2025-12-20 01:33:52.231334,1,1,1,13,77
2025-12-20 01:33:55.092817,1,2,1,13,80
2025-12-20 01:33:59.002546,1,2,4,13,84
2025-12-20 01:34:01.810178,1,1,5,13,84
2025-12-20 01:34:04.726263,1,1,1,13,84
2025-12-20 01:34:08.538203,1,2,1,13,84
2025-12-20 01:34:11.991708,1,2,4,13,84
2025-12-20 01:34:14.799792,1,1,2,13,84
2025-12-20 01:34:18.663015,1,1,1,13,84
2025-12-20 01:34:21.569037,1,2,2,15,84
2025-12-20 01:34:24.378480,1,2,4,17,84
2025-12-20 01:34:28.194126,1,1,2,18,84
2025-12-20 01:34:32.501427,1,1,1,19,84
2025-12-20 01:34:35.809619,1,1,1,20,84
2025-12-20 01:34:40.121605,1,2,1,19,84
2025-12-20 01:34:43.478814,1,1,1,17,84
2025-12-20 01:34:47.264216,1,2,5,16,81
2025-12-20 01:34:51.097368,1,1,5,16,79
2025-12-20 01:34:54.413885,1,1,3,15,79
2025-12-20 01:34:57.267438,1,1,1,14,79
2025-12-20 01:35:00.125532,1,1,2,14,79
2025-12-20 01:35:03.035606,1,2,1,14,80
2025-12-20 01:35:05.844472,1,1,1,14,83
2025-12-20 01:35:10.157069,1,1,2,14,86
2025-12-20 01:35:13.067306,1,2,3,14,86
2025-12-20 01:35:16.428844,1,1,3,14,86
2025-12-20 01:35:19.234080,1,2,1,14,86
2025-12-20 01:35:22.151705,1,2,2,14,86
2025-12-20 01:35:25.502852,1,1,2,14,86
2025-12-20 01:35:29.261715,1,1,1,14,86
2025-12-20 01:35:32.224310,1,2,1,14,86
2025-12-20 01:35:36.134324,1,2,2,16,86
2025-12-20 01:35:39.046944,1,2,3,17,86
2025-12-20 01:35:41.852504,1,1,1,17,88
2025-12-20 01:35:46.161867,1,2,1,19,90
2025-12-20 01:35:49.523482,1,2,1,20,90
2025-12-20 01:35:53.281103,1,2,2,21,90
2025-12-20 01:35:57.092355,1,1,3,22,91
2025-12-20 01:36:00.408044,1,1,2,23,94
2025-12-20 01:36:04.710627,1,1,1,22,96
2025-12-20 01:36:08.571715,1,1,1,20,96
2025-12-20 01:36:11.886935,1,2,3,18,95
2025-12-20 01:36:15.692956,1,2,2,16,92
2025-12-20 01:36:18.600621,1,2,2,17,90
2025-12-20 01:36:21.418355,1,1,1,18,90
2025-12-20 01:36:25.320629,1,1,1,19,93
2025-12-20 01:36:28.184498,1,2,2,20,96
2025-12-20 01:36:31.544108,1,1,2,21,99
2025-12-20 01:36:35.301517,1,1,1,20,100
2025-12-20 01:36:39.112344,1,2,1,18,100
2025-12-20 01:36:42.419048,1,2,1,16,97
2025-12-20 01:36:46.781865,1,1,1,15,97
2025-12-20 01:36:50.591361,1,2,5,15,97
2025-12-20 01:36:53.901132,1,2,3,14,97
2025-12-20 01:36:57.708605,1,1,1,14,97
2025-12-20 01:37:00.618809,1,1,1,14,97
2025-12-20 01:37:03.435089,1,2,5,14,97
2025-12-20 01:37:07.288931,1,2,1,15,97
2025-12-20 01:37:10.198516,1,1,1,16,97
2025-12-20 01:37:13.561666,1,2,1,18,97
2025-12-20 01:37:17.329273,1,2,3,19,97
2025-12-20 01:37:21.148051,1,2,1,20,100
2025-12-20 01:37:24.436583,1,1,3,21,100
2025-12-20 01:37:28.247758,1,1,2,22,100
2025-12-20 01:37:32.609577,1,1,1,22,100
2025-12-20 01:37:35.927665,1,1,1,23,100
2025-12-20 01:37:39.727042,1,2,3,24,100
2025-12-20 01:37:42.695685,1,2,2,24,100
2025-12-20 01:37:45.444916,1,1,1,24,100
2025-12-20 01:37:50.257015,1,2,1,24,100
2025-12-20 01:37:54.126055,1,2,1,25,100
2025-12-20 01:37:56.934619,1,2,2,25,100
2025-12-20 01:38:00.388552,1,1,2,22,100
2025-12-20 01:38:03.198435,1,2,1,19,100
2025-12-20 01:38:06.111630,1,2,3,17,100
2025-12-20 01:38:08.923122,1,1,2,17,98
2025-12-20 01:38:12.830462,1,1,1,15,95
2025-12-20 01:38:15.688049,1,2,3,14,94
2025-12-20 01:38:20.247785,1,2,2,13,94
2025-12-20 01:38:23.663624,1,2,1,13,91
2025-12-20 01:38:26.518371,1,1,2,13,85
2025-12-20 01:38:29.329210,1,2,1,14,84
2025-12-20 01:38:33.191096,1,2,6,16,87
2025-12-20 01:38:36.508734,1,1,3,18,90
2025-12-20 01:38:40.358428,1,1,1,19,93
2025-12-20 01:38:43.218388,1,2,1,20,96
2025-12-20 01:38:47.129982,1,2,1,21,98
2025-12-20 01:38:49.941550,1,1,3,22,99
2025-12-20 01:38:52.849912,1,1,1,22,100
2025-12-20 01:38:56.660918,1,2,1,23,100
2025-12-20 01:38:59.518611,1,2,4,20,100
2025-12-20 01:39:02.348181,1,1,3,17,99
2025-12-20 01:39:06.241028,1,2,1,15,93
2025-12-20 01:39:09.148066,1,1,2,14,87
2025-12-20 01:39:11.957775,1,1,2,14,81
2025-12-20 01:39:15.767002,1,1,1,13,75
2025-12-20 01:39:18.686632,1,2,2,12,72
2025-12-20 01:39:21.485698,1,2,6,13,69
2025-12-20 01:39:26.805063,1,2,4,15,68
2025-12-20 01:39:29.710332,1,1,1,16,71
2025-12-20 01:39:32.571619,1,1,1,18,74
2025-12-20 01:39:36.479844,1,2,5,19,77
2025-12-20 01:39:39.988789,1,2,1,20,80
2025-12-20 01:39:42.796929,1,1,1,21,83
2025-12-20 01:39:45.712136,1,1,1,22,86
2025-12-20 01:39:48.516832,1,2,2,22,89
2025-12-20 01:39:52.878293,1,2,1,23,93
2025-12-20 01:39:56.687922,1,1,1,23,91
2025-12-20 01:40:00.046394,1,1,1,24,88
2025-12-20 01:40:02.864414,1,1,1,24,87
2025-12-20 01:40:05.716168,1,2,1,23,87
2025-12-20 01:40:08.581459,1,1,1,20,85
2025-12-20 01:40:11.449322,1,2,1,19,79
2025-12-20 01:40:14.301802,1,1,5,17,76
2025-12-20 01:40:18.207998,1,1,2,15,73
2025-12-20 01:40:21.524676,1,1,1,15,70
2025-12-20 01:40:26.829210,1,1,1,15,70
2025-12-20 01:40:29.737989,1,1,1,16,73
2025-12-20 01:40:32.601787,1,2,3,17,76
2025-12-20 01:40:36.407142,1,1,1,18,79
2025-12-20 01:40:39.268211,1,2,1,18,79
2025-12-20 01:40:42.190268,1,2,3,16,79
2025-12-20 01:40:44.989634,1,1,1,16,76
2025-12-20 01:40:50.300274,1,2,4,14,70
2025-12-20 01:40:53.212792,1,1,3,13,67
2025-12-20 01:40:56.576042,1,1,1,15,67
2025-12-20 01:40:59.434123,1,2,1,16,67
2025-12-20 01:41:03.243363,1,2,1,17,67
2025-12-20 01:41:06.551607,1,1,2,19,67
2025-12-20 01:41:10.861983,1,1,1,19,67
2025-12-20 01:41:14.275020,1,1,1,18,67
2025-12-20 01:41:17.185219,1,1,1,17,67
2025-12-20 01:41:19.992559,1,2,4,16,67
2025-12-20 01:41:22.910438,1,1,1,15,67
2025-12-20 01:41:26.711979,1,2,3,15,67
2025-12-20 01:41:30.022500,1,2,3,14,67
2025-12-20 01:41:33.388867,1,1,3,14,67
2025-12-20 01:41:36.305068,1,1,1,14,67
2025-12-20 01:41:39.221507,1,2,2,14,67
2025-12-20 01:41:42.011156,1,1,1,14,67
2025-12-20 01:41:46.326512,1,2,1,16,67
2025-12-20 01:41:49.680074,1,2,1,18,70
2025-12-20 01:41:53.439192,1,2,4,17,76
2025-12-20 01:41:57.252754,1,1,3,15,75
2025-12-20 01:42:00.561026,1,1,1,14,72
2025-12-20 01:42:04.920385,1,1,1,13,68
2025-12-20 01:42:08.728325,1,1,1,13,68
2025-12-20 01:42:12.036689,1,1,1,12,68
2025-12-20 01:42:15.850488,1,2,4,12,65
2025-12-20 01:42:20.707579,1,2,6,12,62
2025-12-20 01:42:24.017645,1,1,4,12,62
2025-12-20 01:42:28.326405,1,1,1,12,62
2025-12-20 01:42:31.689489,1,1,1,12,62
2025-12-20 01:42:35.446552,1,2,1,12,62
2025-12-20 01:42:39.307424,1,2,3,12,62
2025-12-20 01:42:42.215665,1,1,3,12,62
2025-12-20 01:42:45.025226,1,2,1,12,62
2025-12-20 01:42:48.909428,1,2,3,12,62
2025-12-20 01:42:51.796757,1,2,3,12,62
2025-12-20 01:42:54.605395,1,1,1,12,62
2025-12-20 01:42:58.425426,1,2,1,12,62
2025-12-20 01:43:01.333492,1,2,3,12,62
2025-12-20 01:43:05.234695,1,1,1,12,62
2025-12-20 01:43:08.041851,1,1,1,12,62
2025-12-20 01:43:10.960630,1,1,1,12,62
2025-12-20 01:43:14.762822,1,1,1,12,62
2025-12-20 01:43:18.076312,1,1,1,12,62
2025-12-20 01:43:20.907986,1,1,1,12,62
2025-12-20 01:43:23.792070,1,2,6,12,62
2025-12-20 01:43:26.651046,1,1,1,12,62
2025-12-20 01:43:29.512081,1,1,2,12,62
2025-12-20 01:43:33.339203,1,1,3,12,63
2025-12-20 01:43:36.629217,1,1,2,15,66
2025-12-20 01:43:39.449897,1,2,1,17,69
2025-12-20 01:43:42.352292,1,2,3,16,72
2025-12-20 01:43:45.265109,1,1,1,15,75
2025-12-20 01:43:48.071984,1,2,1,15,76
2025-12-20 01:43:52.385125,1,1,6,13,76
2025-12-20 01:43:55.743523,1,1,4,13,76
2025-12-20 01:43:59.252547,1,1,1,12,76
2025-12-20 01:44:02.059876,1,2,1,12,76
2025-12-20 01:44:04.921531,1,1,1,14,76
2025-12-20 01:44:08.782200,1,2,1,15,76
2025-12-20 01:44:12.111111,1,2,1,17,76
2025-12-20 01:44:15.900944,1,2,3,19,76
2025-12-20 01:44:18.808819,1,2,3,19,76
2025-12-20 01:44:21.625834,1,1,1,17,76
2025-12-20 01:44:26.932043,1,1,1,16,76
2025-12-20 01:44:29.841126,1,1,1,15,76
2025-12-20 01:44:32.700612,1,1,4,14,76
2025-12-20 01:44:36.617940,1,1,1,13,76
2025-12-20 01:44:40.070345,1,1,3,12,76
2025-12-20 01:44:42.979912,1,1,1,14,76
2025-12-20 01:44:45.839131,1,2,3,16,76
2025-12-20 01:44:48.650662,1,2,3,16,79
2025-12-20 01:44:52.960894,1,1,1,15,78
2025-12-20 01:44:56.375487,1,1,1,15,73
2025-12-20 01:44:59.286480,1,2,1,14,70
2025-12-20 01:45:02.095168,1,2,3,14,67
2025-12-20 01:45:05.003196,1,1,1,14,64
2025-12-20 01:45:08.811073,1,2,3,14,64
2025-12-20 01:45:12.121866,1,2,3,14,64
2025-12-20 01:45:15.540796,1,2,3,14,64
2025-12-20 01:45:18.855044,1,1,1,14,64
2025-12-20 01:45:21.650641,1,1,1,14,64
2025-12-20 01:45:26.461708,1,1,1,14,64
2025-12-20 01:45:30.325299,1,2,1,14,64
2025-12-20 01:45:33.135002,1,2,5,14,64
2025-12-20 01:45:35.945455,1,1,1,14,64
2025-12-20 01:45:38.850778,1,1,1,14,64
2025-12-20 01:45:41.713631,1,2,6,14,64
2025-12-20 01:45:44.522300,1,1,3,14,64
2025-12-20 01:45:48.430130,1,1,3,14,64
2025-12-20 01:45:51.340576,1,1,1,14,64
2025-12-20 01:45:54.698231,1,1,1,14,64
2025-12-20 01:45:57.520562,1,1,6,14,64
2025-12-20 01:46:00.426352,1,1,1,14,64
2025-12-20 01:46:03.339961,1,2,2,14,64
2025-12-20 01:46:06.139086,1,1,1,14,64
2025-12-20 01:46:09.946795,1,1,1,14,64
2025-12-20 01:46:12.857627,1,1,1,14,64
2025-12-20 01:46:15.666993,1,2,8,14,64
2025-12-20 01:46:20.479343,1,1,3,14,64
2025-12-20 01:46:23.889737,1,1,1,14,64
2025-12-20 01:46:26.756440,1,1,1,14,64
2025-12-20 01:46:29.558186,1,1,2,14,64
2025-12-20 01:46:33.368952,1,1,1,14,64
2025-12-20 01:46:36.684222,1,1,1,15,64
2025-12-20 01:46:40.488566,1,1,1,16,64
2025-12-20 01:46:44.350055,1,1,1,18,70
2025-12-20 01:46:47.157887,1,2,1,19,73
2025-12-20 01:46:50.519791,1,1,4,20,76
2025-12-20 01:46:54.439516,1,1,4,21,79
2025-12-20 01:46:57.338489,1,1,1,22,82
2025-12-20 01:47:00.149330,1,2,8,22,85
2025-12-20 01:47:03.961604,1,1,4,21,88
2025-12-20 01:47:07.819309,1,1,1,19,91
2025-12-20 01:47:11.578002,1,1,1,17,82
2025-12-20 01:47:15.387805,1,2,1,16,78
2025-12-20 01:47:18.732604,1,2,1,15,75
2025-12-20 01:47:23.026220,1,2,3,16,69
2025-12-20 01:47:26.866945,1,1,1,17,72
2025-12-20 01:47:30.178622,1,1,1,18,75
2025-12-20 01:47:33.984988,1,1,1,20,78
2025-12-20 01:47:36.912390,1,2,1,21,81
2025-12-20 01:47:39.707350,1,1,1,22,84
2025-12-20 01:47:43.615587,1,1,1,22,87
2025-12-20 01:47:46.483150,1,2,1,19,90
2025-12-20 01:47:49.838206,1,1,2,17,90
2025-12-20 01:47:53.595807,1,1,5,16,78
2025-12-20 01:47:56.454291,1,1,1,15,74
2025-12-20 01:47:59.369204,1,2,3,14,71
2025-12-20 01:48:02.183555,1,1,1,13,68
2025-12-20 01:48:05.041309,1,2,1,13,67
2025-12-20 01:48:08.916713,1,2,4,12,67
2025-12-20 01:48:12.208198,1,1,2,12,67
2025-12-20 01:48:15.084653,1,1,1,12,67
2025-12-20 01:48:17.924671,1,1,4,12,67
2025-12-20 01:48:20.785942,1,1,1,12,67
2025-12-20 01:48:23.594826,1,2,1,12,67
2025-12-20 01:48:27.455176,1,2,3,12,67
2025-12-20 01:48:30.762842,1,1,2,12,67
2025-12-20 01:48:33.624342,1,1,1,12,66
2025-12-20 01:48:36.481709,1,2,1,12,66
2025-12-20 01:48:39.399940,1,1,2,12,66
2025-12-20 01:48:42.200689,1,1,1,12,66
2025-12-20 01:48:46.517050,1,2,1,13,66
2025-12-20 01:48:50.423614,1,1,1,15,72
2025-12-20 01:48:53.785207,1,2,1,16,75
2025-12-20 01:48:56.594208,1,1,6,18,78
2025-12-20 01:49:00.505814,1,1,7,20,79
2025-12-20 01:49:03.419577,1,1,1,20,79
2025-12-20 01:49:06.244277,1,2,1,20,79
2025-12-20 01:49:09.632570,1,2,2,17,78
2025-12-20 01:49:12.493987,1,1,1,16,75
2025-12-20 01:49:15.412037,1,2,1,15,72
2025-12-20 01:49:18.222428,1,2,2,15,70
2025-12-20 01:49:22.023427,1,1,1,14,70
2025-12-20 01:49:25.883368,1,1,1,14,70
2025-12-20 01:49:29.192481,1,2,1,14,70
2025-12-20 01:49:32.115044,1,2,3,14,70
2025-12-20 01:49:35.966984,1,1,1,14,70
2025-12-20 01:49:38.822092,1,1,1,14,67
2025-12-20 01:49:41.680615,1,2,3,14,67
2025-12-20 01:49:45.489223,1,1,3,14,67
2025-12-20 01:49:48.401099,1,1,1,17,69
2025-12-20 01:49:51.209001,1,2,1,17,72
2025-12-20 01:49:55.122673,1,2,5,19,75
2025-12-20 01:49:57.978462,1,1,1,20,78
2025-12-20 01:50:00.791490,1,1,1,21,81
2025-12-20 01:50:04.598517,1,2,1,22,84
2025-12-20 01:50:07.511803,1,1,2,22,87
2025-12-20 01:50:11.418391,1,1,1,23,88
2025-12-20 01:50:14.228732,1,1,1,23,88
2025-12-20 01:50:17.094896,1,2,4,23,88
2025-12-20 01:50:20.945831,1,1,1,24,89
2025-12-20 01:50:24.257004,1,1,1,24,90
2025-12-20 01:50:27.616263,1,2,1,24,90
2025-12-20 01:50:30.527045,1,2,6,25,90
2025-12-20 01:50:33.435701,1,1,1,25,90
2025-12-20 01:50:36.257880,1,2,1,25,89
2025-12-20 01:50:40.053881,1,2,4,25,86
2025-12-20 01:50:43.916669,1,1,7,25,85
2025-12-20 01:50:47.684632,1,1,1,25,85
2025-12-20 01:50:51.482484,1,2,1,25,85
2025-12-20 01:50:54.791805,1,2,1,20,85
2025-12-20 01:50:58.602747,1,2,1,18,84
2025-12-20 01:51:02.961537,1,2,4,16,79
2025-12-20 01:51:06.276425,1,2,4,15,79
2025-12-20 01:51:10.080435,1,1,3,13,79
2025-12-20 01:51:12.989074,1,1,1,13,79
2025-12-20 01:51:15.799751,1,2,4,15,79
2025-12-20 01:51:19.661015,1,2,1,16,79
2025-12-20 01:51:22.573924,1,1,1,18,80
2025-12-20 01:51:25.929002,1,2,1,19,83
2025-12-20 01:51:29.690559,1,2,1,20,85
2025-12-20 01:51:33.502728,1,1,8,20,85
2025-12-20 01:51:36.809311,1,1,4,22,85
2025-12-20 01:51:41.122165,1,1,1,22,85
2025-12-20 01:51:44.978354,1,1,1,23,85
2025-12-20 01:51:48.290901,1,2,3,23,85
2025-12-20 01:51:52.102121,1,2,3,24,85
2025-12-20 01:51:55.008591,1,1,1,24,85
2025-12-20 01:51:57.824084,1,1,1,21,85
2025-12-20 01:52:01.729096,1,2,3,18,85
2025-12-20 01:52:04.591645,1,1,2,16,82
2025-12-20 01:52:07.956241,1,1,3,15,79
2025-12-20 01:52:11.707880,1,1,1,14,78
2025-12-20 01:52:15.517481,1,2,1,15,78
2025-12-20 01:52:19.930507,1,2,1,17,78
2025-12-20 01:52:23.689360,1,1,1,18,78
2025-12-20 01:52:27.548717,1,2,1,19,81
2025-12-20 01:52:30.857298,1,2,4,18,82
2025-12-20 01:52:34.668986,1,1,4,17,82
2025-12-20 01:52:37.580494,1,1,1,16,79
2025-12-20 01:52:41.492480,1,2,3,15,77
2025-12-20 01:52:44.299791,1,2,3,16,76
2025-12-20 01:52:47.242328,1,1,1,18,71
2025-12-20 01:52:51.020667,1,2,2,19,68
2025-12-20 01:52:53.928308,1,2,4,20,65
2025-12-20 01:52:56.738517,1,1,1,21,65
2025-12-20 01:53:00.603372,1,2,1,17,65
2025-12-20 01:53:03.506790,1,2,1,16,65
2025-12-20 01:53:06.319804,1,1,1,16,65
2025-12-20 01:53:10.123764,1,1,1,14,65
2025-12-20 01:53:13.985770,1,1,1,13,64
2025-12-20 01:53:17.502707,1,2,1,13,64
2025-12-20 01:53:20.305020,1,2,4,12,64
2025-12-20 01:53:23.226549,1,1,1,14,67
2025-12-20 01:53:27.026994,1,2,2,16,70
2025-12-20 01:53:30.335287,1,2,4,17,73
2025-12-20 01:53:34.642719,1,1,7,19,76
2025-12-20 01:53:38.055235,1,2,6,20,81
2025-12-20 01:53:40.916397,1,1,1,21,81
2025-12-20 01:53:43.722095,1,2,1,22,81
2025-12-20 01:53:46.632691,1,1,4,22,81
2025-12-20 01:53:49.997107,1,1,1,23,81
2025-12-20 01:53:54.756516,1,2,1,23,85
2025-12-20 01:53:57.612521,1,2,1,24,85
2025-12-20 01:54:00.530334,1,2,4,24,85
2025-12-20 01:54:03.334082,1,1,1,24,85
2025-12-20 01:54:07.193461,1,1,1,24,85
2025-12-20 01:54:10.102865,1,2,5,25,85
2025-12-20 01:54:13.566157,1,1,1,25,85
2025-12-20 01:54:16.926014,1,1,1,25,85
2025-12-20 01:54:19.782526,1,2,4,24,85
2025-12-20 01:54:22.640939,1,1,1,20,85
2025-12-20 01:54:26.002820,1,2,1,18,83
2025-12-20 01:54:29.760293,1,2,6,16,72
2025-12-20 01:54:32.671600,1,1,7,15,69
2025-12-20 01:54:36.530377,1,1,1,13,66
2025-12-20 01:54:39.339623,1,2,1,13,68
2025-12-20 01:54:43.198489,1,1,2,16,71
2025-12-20 01:54:46.112589,1,1,1,17,70
2025-12-20 01:54:48.918229,1,1,1,18,67
2025-12-20 01:54:53.329540,1,2,2,19,65
2025-12-20 01:54:56.241978,1,2,3,20,65
2025-12-20 01:55:00.097822,1,1,1,21,65
2025-12-20 01:55:02.959327,1,1,1,21,65
2025-12-20 01:55:05.772501,1,2,1,22,65
2025-12-20 01:55:09.627593,1,2,4,20,65
2025-12-20 01:55:12.986797,1,1,7,16,64
2025-12-20 01:55:15.802005,1,1,1,15,62
2025-12-20 01:55:18.655605,1,2,1,16,62
2025-12-20 01:55:21.565739,1,1,8,17,62
2025-12-20 01:55:24.382419,1,1,1,17,62
2025-12-20 01:55:28.186539,1,1,2,16,62
2025-12-20 01:55:31.596717,1,2,3,15,62
2025-12-20 01:55:34.956865,1,1,3,15,62
2025-12-20 01:55:37.768179,1,2,1,14,62
2025-12-20 01:55:40.679102,1,2,3,14,62
2025-12-20 01:55:44.034557,1,1,2,14,62
2025-12-20 01:55:47.793346,1,1,1,16,63
2025-12-20 01:55:50.754672,1,2,1,17,66
2025-12-20 01:55:54.165742,1,1,3,18,69
2025-12-20 01:55:57.575842,1,1,7,20,72
2025-12-20 01:56:00.387008,1,1,1,20,75
2025-12-20 01:56:04.194287,1,1,2,19,78
2025-12-20 01:56:08.054179,1,2,5,20,81
2025-12-20 01:56:12.021116,1,1,3,21,83
2025-12-20 01:56:14.774711,1,1,1,21,83
2025-12-20 01:56:18.685051,1,2,1,18,83
2025-12-20 01:56:21.595977,1,2,4,16,83
2025-12-20 01:56:24.404064,1,1,1,16,83
2025-12-20 01:56:28.727364,1,2,1,14,85
2025-12-20 01:56:32.626506,1,1,1,13,75
2025-12-20 01:56:35.987407,1,2,3,13,72
2025-12-20 01:56:38.846885,1,1,1,13,69
2025-12-20 01:56:42.705899,1,2,1,12,67
2025-12-20 01:56:45.616858,1,2,1,14,65
2025-12-20 01:56:48.437335,1,2,4,14,62
2025-12-20 01:56:51.245171,1,1,1,13,62
2025-12-20 01:56:54.150247,1,1,1,13,62
2025-12-20 01:56:57.006071,1,2,2,12,62
2025-12-20 01:56:59.815482,1,1,8,12,62
2025-12-20 01:57:03.685659,1,1,1,13,62
2025-12-20 01:57:06.994077,1,1,1,13,62
2025-12-20 01:57:09.844253,1,2,3,13,62
2025-12-20 01:57:12.703597,1,1,4,13,62
2025-12-20 01:57:15.616884,1,1,1,13,62
2025-12-20 01:57:18.423486,1,2,4,13,62
2025-12-20 01:57:24.663231,1,1,5,13,62
2025-12-20 01:57:26.107523,1,1,1,13,62
2025-12-20 01:57:29.603456,1,1,1,13,62
2025-12-20 01:57:32.411006,1,2,8,13,62
2025-12-20 01:57:35.279715,1,1,1,13,62
2025-12-20 01:57:39.131490,1,1,1,13,62
2025-12-20 01:57:42.448303,1,2,1,15,62
2025-12-20 01:57:46.260987,1,2,4,15,62
2025-12-20 01:57:49.162134,1,1,1,14,62
2025-12-20 01:57:54.129120,1,1,1,13,62
2025-12-20 01:57:57.032667,1,1,1,13,62
2025-12-20 01:57:59.890973,1,2,2,13,62
2025-12-20 01:58:03.702166,1,1,7,12,62
2025-12-20 01:58:07.013423,1,1,5,14,62
2025-12-20 01:58:09.822215,1,1,1,16,63
2025-12-20 01:58:12.730852,1,2,2,17,66
2025-12-20 01:58:15.640402,1,1,2,18,69
2025-12-20 01:58:18.450630,1,2,8,18,72
2025-12-20 01:58:22.266304,1,2,38,20,75
2025-12-20 01:58:26.122428,1,2,6,21,78
2025-12-20 01:58:29.629695,1,2,1,22,84
2025-12-20 01:58:32.439123,1,2,3,22,87
2025-12-20 01:58:35.303405,1,1,3,23,87
2025-12-20 01:58:39.158204,1,2,2,23,87
2025-12-20 01:58:42.471560,1,2,2,22,87
2025-12-20 01:58:46.276804,1,2,1,18,85
2025-12-20 01:58:49.191465,1,2,20,17,79
2025-12-20 01:58:51.993906,1,2,12,16,73
2025-12-20 01:58:55.912189,1,2,6,18,70
2025-12-20 01:58:58.770507,1,1,4,18,67
2025-12-20 01:59:02.127699,1,1,4,19,64
2025-12-20 01:59:05.895142,1,1,2,18,62
2025-12-20 01:59:10.498466,1,2,2,17,62
2025-12-20 01:59:13.358222,1,1,3,17,62
2025-12-20 01:59:16.219570,1,2,2,17,62
2025-12-20 01:59:19.027191,1,2,4,17,62
2025-12-20 01:59:23.344884,1,2,1,18,62
2025-12-20 01:59:27.197550,1,2,2,17,62
2025-12-20 01:59:30.056415,1,2,2,18,63
2025-12-20 01:59:32.916733,1,2,1,19,63
2025-12-20 01:59:36.225970,1,1,5,20,63
2025-12-20 01:59:39.087656,1,2,4,20,63
2025-12-20 01:59:41.951343,1,2,3,21,63
2025-12-20 01:59:45.306717,1,1,3,21,64
2025-12-20 01:59:48.218490,1,1,3,22,67
2025-12-20 01:59:51.077042,1,1,2,22,68
2025-12-20 01:59:53.938038,1,2,2,23,68
2025-12-20 01:59:57.751225,1,2,2,23,68
2025-12-20 02:00:01.056920,1,1,1,23,67
2025-12-20 02:00:04.921452,1,1,1,23,64
2025-12-20 02:00:07.776209,1,2,2,23,63
2025-12-20 02:00:11.687346,1,1,1,24,63
2025-12-20 02:00:14.495089,1,1,1,23,63
2025-12-20 02:00:17.356706,1,2,1,23,63
2025-12-20 02:00:21.214908,1,2,5,23,63
2025-12-20 02:00:24.524983,1,1,1,23,63
2025-12-20 02:00:27.333513,1,1,1,24,63
2025-12-20 02:00:30.243572,1,2,6,24,63
2025-12-20 02:00:33.104730,1,1,1,24,63
2025-12-20 02:00:35.965854,1,2,2,23,63
2025-12-20 02:00:39.775316,1,1,4,23,63
2025-12-20 02:00:43.536143,1,1,1,23,63
2025-12-20 02:00:46.347011,1,1,4,24,63
2025-12-20 02:00:49.261654,1,2,2,24,63
2025-12-20 02:00:52.065784,1,1,1,24,63
2025-12-20 02:00:55.923600,1,2,3,24,63
2025-12-20 02:00:58.836006,1,1,1,24,66
2025-12-20 02:01:03.193833,1,1,3,24,66
2025-12-20 02:01:06.503539,1,1,5,24,66
2025-12-20 02:01:10.814500,1,1,1,24,66
2025-12-20 02:01:14.173728,1,2,2,24,66
2025-12-20 02:01:17.931618,1,1,4,24,66
2025-12-20 02:01:21.791380,1,1,1,24,68
2025-12-20 02:01:25.306223,1,2,3,25,71
2025-12-20 02:01:29.711749,1,1,1,25,77
2025-12-20 02:01:32.523553,1,1,1,25,80
2025-12-20 02:01:35.383754,1,1,1,25,83
2025-12-20 02:01:39.240709,1,2,1,25,84
2025-12-20 02:01:42.551422,1,1,1,25,84
2025-12-20 02:01:45.962844,1,1,1,25,84
2025-12-20 02:01:49.272683,1,2,2,25,84
2025-12-20 02:01:52.081440,1,1,1,25,87
2025-12-20 02:01:55.992245,1,1,2,25,90
2025-12-20 02:01:58.850106,1,2,2,25,93
2025-12-20 02:02:02.210311,1,1,1,25,91
2025-12-20 02:02:05.569716,1,2,3,25,79
2025-12-20 02:02:08.379850,1,2,1,25,74
2025-12-20 02:02:12.287889,1,2,2,25,71
2025-12-20 02:02:15.148852,1,1,1,25,68
2025-12-20 02:02:18.010963,1,1,2,25,66
2025-12-20 02:02:21.821029,1,2,1,25,67
2025-12-20 02:02:25.330005,1,1,1,25,70
2025-12-20 02:02:29.739649,1,1,3,25,76
2025-12-20 02:02:32.556992,1,2,1,25,79
2025-12-20 02:02:35.408805,1,2,1,25,81
2025-12-20 02:02:39.268253,1,2,1,25,81
2025-12-20 02:02:42.580617,1,1,1,25,82
2025-12-20 02:02:45.935627,1,2,2,25,85
2025-12-20 02:02:48.846753,1,1,1,25,88
2025-12-20 02:02:51.757147,1,1,1,25,89
2025-12-20 02:02:54.567719,1,1,1,25,92
2025-12-20 02:02:58.879476,1,2,4,25,95
2025-12-20 02:03:02.236361,1,1,1,25,98
2025-12-20 02:03:05.999570,1,1,1,25,99
2025-12-20 02:03:09.808621,1,2,3,25,99
2025-12-20 02:03:13.112460,1,2,3,25,99
2025-12-20 02:03:16.923214,1,1,1,25,99
2025-12-20 02:03:20.785239,1,1,2,25,99
2025-12-20 02:03:23.597196,1,1,1,25,99
2025-12-20 02:03:26.957372,1,2,1,25,99
2025-12-20 02:03:30.868177,1,1,1,25,99
2025-12-20 02:03:33.776969,1,2,1,25,99
2025-12-20 02:03:36.587531,1,1,1,25,99
2025-12-20 02:03:40.894361,1,1,3,25,99
2025-12-20 02:03:44.257929,1,2,6,25,99
2025-12-20 02:03:48.566659,1,1,1,25,99
2025-12-20 02:03:52.376844,1,1,1,25,99
2025-12-20 02:03:56.234091,1,1,1,25,98
2025-12-20 02:03:59.999915,1,1,1,25,94
2025-12-20 02:04:03.854247,1,2,4,25,88
2025-12-20 02:04:07.167413,1,1,1,25,82
2025-12-20 02:04:10.623949,1,2,2,25,77
2025-12-20 02:04:13.432751,1,1,4,25,72
2025-12-20 02:04:16.341825,1,1,1,25,69
2025-12-20 02:04:19.158888,1,1,1,25,69
2025-12-20 02:04:22.960834,1,2,1,25,72
2025-12-20 02:04:26.842595,1,2,1,25,78
2025-12-20 02:04:30.185100,1,2,2,25,81
2025-12-20 02:04:33.044895,1,2,4,25,84
2025-12-20 02:04:36.905098,1,1,1,25,87
2025-12-20 02:04:39.814396,1,2,1,25,88
2025-12-20 02:04:42.625858,1,2,3,25,85
2025-12-20 02:04:46.936914,1,2,1,25,82
2025-12-20 02:04:50.894123,1,2,2,25,81
2025-12-20 02:04:53.802008,1,2,1,25,81
2025-12-20 02:04:56.615050,1,1,2,25,81
2025-12-20 02:04:59.469812,1,2,1,21,80
2025-12-20 02:05:03.330790,1,1,1,19,80
2025-12-20 02:05:06.638382,1,2,1,17,80
2025-12-20 02:05:10.551802,1,1,6,14,80
2025-12-20 02:05:13.908547,1,1,1,14,80
2025-12-20 02:05:17.831387,1,1,1,13,80
2025-12-20 02:05:20.628713,1,2,3,13,80
2025-12-20 02:05:23.538184,1,1,1,12,80
2025-12-20 02:05:27.349595,1,1,1,12,80
2025-12-20 02:05:32.308219,1,2,3,12,80
2025-12-20 02:05:35.217160,1,1,1,12,80
2025-12-20 02:05:38.026618,1,1,1,12,80
2025-12-20 02:05:40.938678,1,1,1,12,80
2025-12-20 02:05:44.300760,1,2,2,12,80
2025-12-20 02:05:48.060285,1,2,1,12,80
2025-12-20 02:05:51.568566,1,1,1,12,80
2025-12-20 02:05:54.928064,1,1,1,12,80
2025-12-20 02:05:57.842431,1,2,3,12,80
2025-12-20 02:06:00.654590,1,1,1,12,80
2025-12-20 02:06:04.456549,1,2,3,12,80
2025-12-20 02:06:08.316079,1,2,12,12,80
2025-12-20 02:06:11.684308,1,2,5,12,80
2025-12-20 02:06:15.032794,1,2,11,12,80
2025-12-20 02:06:18.944254,1,2,35,13,80
2025-12-20 02:06:21.865175,1,2,70,14,80
2025-12-20 02:06:24.663886,1,2,21,14,80
2025-12-20 02:06:28.971574,1,2,5,16,80
2025-12-20 02:06:32.332679,1,2,1,17,80
2025-12-20 02:06:35.841416,1,1,3,17,77
2025-12-20 02:06:38.663564,1,2,5,18,74
2025-12-20 02:06:41.561537,1,2,1,18,74
2025-12-20 02:06:45.371116,1,1,1,18,74
2025-12-20 02:06:48.683456,1,2,1,18,74
2025-12-20 02:06:52.489765,1,2,3,18,74
2025-12-20 02:06:55.405175,1,2,4,18,74
2025-12-20 02:06:58.208520,1,2,1,18,74
2025-12-20 02:07:02.066008,1,2,1,17,74
2025-12-20 02:07:04.977436,1,2,3,16,74
2025-12-20 02:07:08.337102,1,1,6,17,74
2025-12-20 02:07:12.097564,1,1,1,17,72
2025-12-20 02:07:14.975167,1,2,1,17,70
2025-12-20 02:07:17.867296,1,2,3,17,70
2025-12-20 02:07:20.672346,1,2,7,17,71
2025-12-20 02:07:23.583322,1,2,10,17,74
2025-12-20 02:07:27.391215,1,1,1,17,74
2025-12-20 02:07:30.700456,1,1,2,17,74
2025-12-20 02:07:34.513535,1,1,1,17,74
2025-12-20 02:07:37.419034,1,2,5,18,74
2025-12-20 02:07:40.229745,1,1,1,18,74
2025-12-20 02:07:45.543434,1,1,1,19,76
2025-12-20 02:07:48.452377,1,1,1,20,79
2025-12-20 02:07:51.323289,1,2,12,21,82
2025-12-20 02:07:55.121337,1,1,1,22,85
2025-12-20 02:07:57.984634,1,2,2,24,88
2025-12-20 02:08:00.891245,1,2,4,24,89
2025-12-20 02:08:03.699487,1,1,1,24,89
2025-12-20 02:08:07.612117,1,1,1,24,89
2025-12-20 02:08:10.469393,1,2,7,24,88
2025-12-20 02:08:15.430117,1,1,9,24,80
2025-12-20 02:08:18.290692,1,2,4,24,74
2025-12-20 02:08:21.100669,1,2,1,24,70
2025-12-20 02:08:25.009527,1,2,2,24,67
2025-12-20 02:08:27.931183,1,1,10,24,67
2025-12-20 02:08:30.730775,1,1,1,24,67
2025-12-20 02:08:34.141134,1,2,10,24,67
2025-12-20 02:08:37.450708,1,2,9,24,66
2025-12-20 02:08:40.281452,1,1,1,24,66
2025-12-20 02:08:45.571396,1,1,1,24,66
2025-12-20 02:08:48.488488,1,2,2,24,66
2025-12-20 02:08:51.343577,1,2,9,24,66
2025-12-20 02:08:54.152885,1,1,1,24,65
2025-12-20 02:08:57.959071,1,2,1,24,65
2025-12-20 02:09:01.272465,1,2,8,24,65
2025-12-20 02:09:05.079829,1,1,11,24,65
2025-12-20 02:09:08.940984,1,1,1,24,65
2025-12-20 02:09:11.751002,1,2,1,24,65
2025-12-20 02:09:14.611228,1,2,4,24,65
2025-12-20 02:09:18.467657,1,1,1,24,65
2025-12-20 02:09:21.327911,1,1,1,24,65
2025-12-20 02:09:24.189949,1,2,5,23,65
2025-12-20 02:09:27.999329,1,1,9,21,65
2025-12-20 02:09:31.305574,1,2,2,17,65
2025-12-20 02:09:35.268014,1,1,1,15,65
2025-12-20 02:09:38.724560,1,2,2,17,65
2025-12-20 02:09:41.586190,1,2,2,16,65
2025-12-20 02:09:45.448855,1,2,9,15,65
2025-12-20 02:09:48.757089,1,2,4,15,65
2025-12-20 02:09:52.564108,1,1,1,14,65
2025-12-20 02:09:55.974944,1,1,1,14,65
2025-12-20 02:09:59.335910,1,2,5,14,65
2025-12-20 02:10:02.150817,1,1,5,14,65
2025-12-20 02:10:05.057496,1,1,1,14,65
2025-12-20 02:10:08.416026,1,2,3,14,65
2025-12-20 02:10:12.174270,1,2,7,14,65
2025-12-20 02:10:15.085537,1,1,3,16,65
2025-12-20 02:10:18.492208,1,1,1,15,65
2025-12-20 02:10:21.352896,1,2,3,14,65
2025-12-20 02:10:24.215084,1,1,1,13,65
2025-12-20 02:10:28.029450,1,2,1,13,65
2025-12-20 02:10:31.331465,1,2,1,12,65
2025-12-20 02:10:35.293928,1,2,5,12,65
2025-12-20 02:10:39.603537,1,2,4,12,65
2025-12-20 02:10:42.512930,1,2,3,14,66
2025-12-20 02:10:45.377492,1,1,1,15,69
2025-12-20 02:10:48.230610,1,2,5,17,72
2025-12-20 02:10:52.040540,1,1,4,18,75
2025-12-20 02:10:55.550122,1,1,4,20,78
2025-12-20 02:10:59.964059,1,1,1,21,84
2025-12-20 02:11:02.770816,1,1,1,22,87
2025-12-20 02:11:05.680839,1,2,10,22,89
2025-12-20 02:11:09.488602,1,1,1,23,89
2025-12-20 02:11:12.798553,1,1,4,23,89
2025-12-20 02:11:17.208705,1,1,1,24,89
2025-12-20 02:11:20.523086,1,1,1,24,89
2025-12-20 02:11:23.377618,1,2,2,24,89
2025-12-20 02:11:26.188534,1,1,6,23,89
2025-12-20 02:11:29.097913,1,1,1,21,89
2025-12-20 02:11:32.455971,1,2,2,19,88
2025-12-20 02:11:36.213272,1,1,7,17,82
2025-12-20 02:11:39.073771,1,2,6,16,81
2025-12-20 02:11:41.982302,1,1,13,15,81
2025-12-20 02:11:44.791191,1,1,1,15,81
2025-12-20 02:11:47.702732,1,2,3,15,81
2025-12-20 02:11:51.512459,1,2,4,14,81
2025-12-20 02:11:54.844179,1,2,4,14,81
2025-12-20 02:11:57.635350,1,2,14,14,78
2025-12-20 02:12:00.543117,1,2,4,14,75
2025-12-20 02:12:03.399517,1,2,8,14,72
2025-12-20 02:12:06.217163,1,2,89,14,70
2025-12-20 02:12:10.068423,1,2,59,14,100
2025-12-20 02:12:13.378948,1,2,1,23,100
2025-12-20 02:12:16.241863,1,1,1,24,100
2025-12-20 02:12:20.104351,1,1,1,24,100
2025-12-20 02:12:24.038672,1,1,1,24,100
2025-12-20 02:12:26.840521,1,1,1,23,100
2025-12-20 02:12:29.679557,1,1,1,23,100
2025-12-20 02:12:33.541692,1,1,1,22,100
2025-12-20 02:12:36.407051,1,1,2,21,100
2025-12-20 02:12:39.209897,1,1,1,21,98
2025-12-20 02:12:43.126948,1,2,1,20,92
2025-12-20 02:12:46.043152,1,2,1,20,86
2025-12-20 02:12:48.836340,1,2,1,20,80
2025-12-20 02:12:52.646189,1,1,1,17,79
2025-12-20 02:12:55.556808,1,1,1,17,76
2025-12-20 02:12:58.365439,1,2,1,16,73
2025-12-20 02:13:02.225417,1,1,1,18,70
2025-12-20 02:13:05.138663,1,1,1,18,73
2025-12-20 02:13:08.497145,1,1,1,19,76
2025-12-20 02:13:12.256421,1,1,1,20,79
2025-12-20 02:13:16.066229,1,1,1,21,78
2025-12-20 02:13:19.387521,1,1,1,22,75
2025-12-20 02:13:23.185011,1,1,1,22,72
2025-12-20 02:13:27.545728,1,1,1,23,69
2025-12-20 02:13:30.854612,1,1,1,23,69
2025-12-20 02:13:34.683729,1,1,1,23,69
2025-12-20 02:13:37.578835,1,1,1,23,69
2025-12-20 02:13:40.383051,1,1,1,23,69
2025-12-20 02:13:44.242766,1,1,1,23,69
2025-12-20 02:13:47.151825,1,1,1,23,69
2025-12-20 02:13:50.513701,1,1,1,23,69
2025-12-20 02:13:54.322302,1,1,1,23,69
2025-12-20 02:13:57.138360,1,1,1,23,69
2025-12-20 02:14:00.044797,1,1,1,23,69
2025-12-20 02:14:02.851977,1,1,1,24,69
2025-12-20 02:14:05.711354,1,1,1,24,71
2025-12-20 02:14:09.571488,1,1,1,24,74
2025-12-20 02:14:12.880570,1,1,1,24,73
2025-12-20 02:14:15.689162,1,1,1,24,70
2025-12-20 02:14:18.598429,1,1,1,22,67
2025-12-20 02:14:21.457626,1,1,1,19,65
2025-12-20 02:14:24.267592,1,1,1,18,65
2025-12-20 02:14:28.127253,1,1,2,17,68
2025-12-20 02:14:31.436324,1,1,1,16,68
2025-12-20 02:14:34.900349,1,1,1,17,65
2025-12-20 02:14:37.707277,1,1,1,18,64
2025-12-20 02:14:40.616967,1,1,1,19,64
2025-12-20 02:14:43.426449,1,1,1,20,64
2025-12-20 02:14:47.237568,1,1,1,21,64
2025-12-20 02:14:51.597235,1,1,1,21,64
2025-12-20 02:14:54.456235,1,1,1,22,64
2025-12-20 02:14:57.268966,1,1,1,22,64
2025-12-20 02:15:01.175676,1,1,1,23,64
2025-12-20 02:15:04.085173,1,1,1,23,64
2025-12-20 02:15:06.895251,1,1,1,23,64
2025-12-20 02:15:10.703726,1,1,1,23,63
2025-12-20 02:15:13.662552,1,1,1,24,63
2025-12-20 02:15:18.073912,1,1,1,24,63
2025-12-20 02:15:20.884109,1,1,1,24,63
2025-12-20 02:15:23.741984,1,1,1,24,63
2025-12-20 02:15:27.603853,1,1,1,24,63
2025-12-20 02:15:30.911569,1,2,1,24,63
2025-12-20 02:15:34.271419,1,1,1,24,63
2025-12-20 02:15:38.679101,1,1,1,24,63
2025-12-20 02:15:40.092326,1,1,1,24,63
2025-12-20 02:15:42.901689,1,1,1,24,63
2025-12-20 02:15:46.720095,1,1,1,24,63
2025-12-20 02:15:50.571353,1,1,1,24,63
2025-12-20 02:15:53.932074,1,1,1,24,63
2025-12-20 02:15:56.763815,1,1,1,24,63
2025-12-20 02:16:00.650846,1,1,1,24,63
2025-12-20 02:16:03.509721,1,1,1,24,63
2025-12-20 02:16:06.320068,1,1,1,24,63
2025-12-20 02:16:10.180184,1,1,1,24,63
2025-12-20 02:16:13.089483,1,1,1,24,63
2025-12-20 02:16:15.901562,1,1,1,24,63
2025-12-20 02:16:19.760875,1,1,1,24,63
2025-12-20 02:16:22.667982,1,1,1,24,63
2025-12-20 02:16:25.477899,1,1,1,24,63
2025-12-20 02:16:29.287190,1,1,1,24,63
2025-12-20 02:16:32.747538,1,1,2,24,63
2025-12-20 02:16:36.656514,1,1,1,24,63
2025-12-20 02:16:39.519281,1,1,1,24,63
2025-12-20 02:16:42.325253,1,1,1,24,63
2025-12-20 02:16:46.187236,1,1,1,24,63
2025-12-20 02:16:49.495082,1,1,1,24,63
2025-12-20 02:16:53.804550,1,1,2,24,63
2025-12-20 02:16:58.681846,1,1,1,24,63
2025-12-20 02:17:00.524694,1,1,1,24,63
2025-12-20 02:17:03.330722,1,2,6,24,63
2025-12-20 02:17:07.245570,1,2,10,24,63
2025-12-20 02:17:10.151997,1,2,24,24,63
2025-12-20 02:17:12.957805,1,2,9,24,63
2025-12-20 02:17:16.326198,1,2,11,24,63
2025-12-20 02:17:19.228224,1,2,3,22,63
2025-12-20 02:17:22.139367,1,1,1,21,63
2025-12-20 02:17:24.947283,1,2,1,21,65
2025-12-20 02:17:29.255889,1,1,4,22,68
2025-12-20 02:17:32.616440,1,1,1,21,71
2025-12-20 02:17:36.576612,1,2,1,20,71
2025-12-20 02:17:39.385305,1,2,2,20,68
2025-12-20 02:17:43.245476,1,1,3,22,65
2025-12-20 02:17:46.157099,1,1,1,22,66
2025-12-20 02:17:48.966215,1,1,1,22,69
2025-12-20 02:17:53.275795,1,1,1,23,69
2025-12-20 02:17:57.636991,1,2,6,23,69
2025-12-20 02:18:00.947456,1,2,4,23,69
2025-12-20 02:18:05.254907,1,1,1,22,69
2025-12-20 02:18:08.617329,1,1,4,21,69
2025-12-20 02:18:12.376195,1,1,1,18,69
2025-12-20 02:18:16.240525,1,2,1,16,69
2025-12-20 02:18:19.197972,1,2,1,15,69
2025-12-20 02:18:22.504416,1,1,4,14,69
2025-12-20 02:18:26.413519,1,1,1,14,69
2025-12-20 02:18:29.279642,1,1,6,14,69
2025-12-20 02:18:32.634171,1,2,24,14,69
2025-12-20 02:18:36.444064,1,2,1,14,67
2025-12-20 02:18:39.323883,1,2,2,14,64
2025-12-20 02:18:43.215616,1,2,1,14,62
2025-12-20 02:18:46.523499,1,1,2,14,62
2025-12-20 02:18:50.382552,1,2,11,15,62
2025-12-20 02:18:53.293550,1,2,11,15,62
2025-12-20 02:18:56.670725,1,2,24,15,62
2025-12-20 02:19:00.613773,1,1,12,16,67
2025-12-20 02:19:03.423309,1,1,1,17,70
2025-12-20 02:19:07.285249,1,2,1,16,72
2025-12-20 02:19:10.194074,1,2,1,16,74
2025-12-20 02:19:13.004373,1,1,5,16,77
2025-12-20 02:19:17.311770,1,1,1,15,80
2025-12-20 02:19:21.174062,1,1,1,16,84
2025-12-20 02:19:23.983077,1,2,1,18,84
2025-12-20 02:19:26.895681,1,2,5,19,84
2025-12-20 02:19:30.751354,1,1,1,19,84
2025-12-20 02:19:33.613643,1,1,1,20,84
2025-12-20 02:19:36.471483,1,2,3,21,84
2025-12-20 02:19:39.829396,1,1,2,21,84
2025-12-20 02:19:42.740600,1,1,2,22,84
2025-12-20 02:19:45.598909,1,2,10,22,81
2025-12-20 02:19:48.460319,1,1,1,22,78
2025-12-20 02:19:52.289390,1,2,1,22,76
2025-12-20 02:19:55.577894,1,2,1,23,76
2025-12-20 02:19:59.436845,1,2,5,23,78
2025-12-20 02:20:02.295373,1,1,4,21,81
2025-12-20 02:20:06.207261,1,1,1,20,87
2025-12-20 02:20:09.014968,1,2,5,20,90
2025-12-20 02:20:11.925231,1,2,4,21,93
2025-12-20 02:20:15.736213,1,1,2,22,96
2025-12-20 02:20:19.046963,1,1,2,23,99
2025-12-20 02:20:21.905317,1,1,1,23,99
2025-12-20 02:20:24.767455,1,2,12,23,99
2025-12-20 02:20:27.623214,1,2,4,21,99
2025-12-20 02:20:30.436246,1,2,2,19,96
2025-12-20 02:20:34.293282,1,1,7,18,95
2025-12-20 02:20:37.651454,1,2,1,16,93
2025-12-20 02:20:40.462858,1,2,2,15,93
2025-12-20 02:20:43.323051,1,2,7,15,93
2025-12-20 02:20:46.234484,1,1,1,14,93
2025-12-20 02:20:49.042782,1,2,2,14,93
2025-12-20 02:20:53.351307,1,1,9,13,93
2025-12-20 02:20:56.260155,1,1,5,13,89
2025-12-20 02:20:59.622940,1,2,1,12,78
2025-12-20 02:21:02.429249,1,1,10,12,78
2025-12-20 02:21:05.340401,1,2,2,12,75
2025-12-20 02:21:08.701379,1,2,10,12,72
2025-12-20 02:21:12.459172,1,1,6,12,70
2025-12-20 02:21:15.870588,1,1,1,12,70
2025-12-20 02:21:18.780117,1,2,3,12,70
2025-12-20 02:21:21.640250,1,2,1,12,70
2025-12-20 02:21:24.452053,1,2,1,12,70
2025-12-20 02:21:28.311125,1,2,10,12,70
2025-12-20 02:21:31.620107,1,2,5,15,70
2025-12-20 02:21:35.579288,1,1,3,17,70
2025-12-20 02:21:39.893256,1,2,1,19,70
2025-12-20 02:21:42.801861,1,2,1,17,69
2025-12-20 02:21:45.659119,1,2,6,15,66
2025-12-20 02:21:48.519382,1,1,1,14,63
2025-12-20 02:21:52.329571,1,2,1,14,63
2025-12-20 02:21:55.888714,1,2,9,13,63
2025-12-20 02:21:58.798903,1,2,2,12,63
2025-12-20 02:22:01.609321,1,2,1,12,63
2025-12-20 02:22:05.432559,1,1,5,12,63
2025-12-20 02:22:09.779779,1,2,2,12,63
2025-12-20 02:22:13.092172,1,1,1,12,63
2025-12-20 02:22:15.953774,1,2,6,12,63
2025-12-20 02:22:19.810272,1,1,9,12,63
2025-12-20 02:22:22.629490,1,2,2,13,63
2025-12-20 02:22:27.432467,1,1,4,13,63
2025-12-20 02:22:30.844580,1,1,1,13,63
2025-12-20 02:22:33.712954,1,2,4,13,65
2025-12-20 02:22:36.463562,1,2,8,13,65
2025-12-20 02:22:40.321524,1,1,1,13,65
2025-12-20 02:22:43.638369,1,2,1,13,65
2025-12-20 02:22:47.442732,1,2,1,13,65
2025-12-20 02:22:51.800194,1,2,8,13,65
2025-12-20 02:22:55.110656,1,2,3,13,65
2025-12-20 02:22:57.922196,1,1,1,13,65
2025-12-20 02:23:00.830419,1,2,1,13,65
2025-12-20 02:23:03.690109,1,2,10,13,65
2025-12-20 02:23:06.499712,1,1,5,13,65
2025-12-20 02:23:10.363310,1,2,1,13,66
2025-12-20 02:23:13.667558,1,2,1,13,69
2025-12-20 02:23:16.479608,1,2,9,13,69
2025-12-20 02:23:19.388053,1,2,1,13,69
2025-12-20 02:23:22.298070,1,2,1,13,69
2025-12-20 02:23:25.106434,1,2,3,13,69
2025-12-20 02:23:28.917882,1,1,4,13,69
2025-12-20 02:23:32.777451,1,1,1,13,68
2025-12-20 02:23:36.289367,1,1,1,13,66
2025-12-20 02:23:39.098172,1,2,2,13,66
2025-12-20 02:23:41.957585,1,2,6,13,66
2025-12-20 02:23:45.820877,1,1,1,13,66
2025-12-20 02:23:49.128323,1,2,1,13,66
2025-12-20 02:23:52.138156,1,2,6,13,66
2025-12-20 02:23:54.948945,1,2,6,13,66
2025-12-20 02:23:57.857115,1,1,3,13,66
2025-12-20 02:24:00.717980,1,2,11,13,66
2025-12-20 02:24:03.575990,1,1,1,13,66
2025-12-20 02:24:07.436513,1,2,1,13,66
2025-12-20 02:24:10.346154,1,2,3,13,66
2025-12-20 02:24:13.654993,1,2,6,13,66
2025-12-20 02:24:17.469682,1,1,2,13,66
2025-12-20 02:24:21.828770,1,1,3,13,66
2025-12-20 02:24:25.132655,1,1,1,13,66
2025-12-20 02:24:29.451311,1,2,9,12,66
2025-12-20 02:24:32.802666,1,2,9,12,66
2025-12-20 02:24:36.161810,1,2,6,12,66
2025-12-20 02:24:38.972514,1,1,1,12,66
2025-12-20 02:24:42.882422,1,1,1,12,66
2025-12-20 02:24:45.749587,1,2,7,12,66
2025-12-20 02:24:48.551792,1,2,2,12,66
2025-12-20 02:24:52.413221,1,2,2,12,66
2025-12-20 02:24:55.322791,1,2,1,14,67
2025-12-20 02:24:58.131421,1,1,5,14,70
2025-12-20 02:25:02.048100,1,1,1,17,73
2025-12-20 02:25:04.901718,1,2,5,19,76
2025-12-20 02:25:07.707711,1,2,11,17,79
2025-12-20 02:25:11.521116,1,2,7,16,82
2025-12-20 02:25:14.430207,1,1,1,17,83
2025-12-20 02:25:18.339718,1,2,1,18,84
2025-12-20 02:25:21.150965,1,2,5,19,87
2025-12-20 02:25:24.018190,1,1,2,20,90
2025-12-20 02:25:27.876846,1,1,1,21,91
2025-12-20 02:25:31.180832,1,1,1,22,91
2025-12-20 02:25:33.988348,1,2,3,21,91
2025-12-20 02:25:36.909405,1,1,3,19,89
2025-12-20 02:25:39.757361,1,2,4,18,83
2025-12-20 02:25:42.566049,1,2,1,16,78
2025-12-20 02:25:46.432091,1,2,6,16,75
2025-12-20 02:25:49.736106,1,1,5,15,72
2025-12-20 02:25:52.546931,1,1,1,14,70
2025-12-20 02:25:55.457940,1,2,1,14,70
2025-12-20 02:25:58.366570,1,2,8,14,70
2025-12-20 02:26:01.175381,1,1,1,14,70
2025-12-20 02:26:05.485877,1,2,1,14,70
2025-12-20 02:26:08.846201,1,2,3,15,70
2025-12-20 02:26:12.357910,1,2,5,17,74
2025-12-20 02:26:15.163723,1,1,5,18,77
2025-12-20 02:26:18.072206,1,2,2,19,80
2025-12-20 02:26:21.884300,1,2,5,19,82
2025-12-20 02:26:25.197991,1,2,8,20,84
2025-12-20 02:26:29.506189,1,1,4,21,87
2025-12-20 02:26:33.364013,1,2,10,22,93
2025-12-20 02:26:36.174894,1,1,1,23,96
2025-12-20 02:26:39.085962,1,2,10,20,96
2025-12-20 02:26:42.945594,1,2,5,18,90
2025-12-20 02:26:45.800901,1,1,1,17,84
2025-12-20 02:26:48.622213,1,2,1,16,79
2025-12-20 02:26:51.471871,1,2,7,15,76
2025-12-20 02:26:54.381134,1,1,4,15,73
2025-12-20 02:26:57.189825,1,2,1,14,72
2025-12-20 02:27:00.051625,1,2,4,14,72
2025-12-20 02:27:03.916111,1,1,1,14,72
2025-12-20 02:27:07.221018,1,2,2,14,72
2025-12-20 02:27:10.047601,1,2,4,14,72
2025-12-20 02:27:12.942449,1,2,3,14,72
2025-12-20 02:27:15.798173,1,1,1,14,72
2025-12-20 02:27:18.661192,1,2,1,15,72
2025-12-20 02:27:22.475180,1,2,6,14,72
2025-12-20 02:27:25.783143,1,1,5,14,72
2025-12-20 02:27:29.187996,1,1,1,14,72
2025-12-20 02:27:32.097228,1,1,1,14,72
2025-12-20 02:27:34.959336,1,2,1,14,71
2025-12-20 02:27:37.768694,1,1,2,14,71
2025-12-20 02:27:42.077468,1,1,1,14,71
2025-12-20 02:27:45.939004,1,2,2,14,71
2025-12-20 02:27:48.797263,1,2,1,14,71
2025-12-20 02:27:51.656681,1,2,6,14,71
2025-12-20 02:27:55.518568,1,1,7,14,71
2025-12-20 02:27:58.426583,1,1,1,14,70
2025-12-20 02:28:01.247142,1,2,1,14,70
2025-12-20 02:28:05.047801,1,2,7,14,70
2025-12-20 02:28:07.958037,1,2,2,14,70
2025-12-20 02:28:10.765917,1,1,2,14,70
2025-12-20 02:28:14.633511,1,2,1,14,70
2025-12-20 02:28:17.535393,1,2,13,14,70
2025-12-20 02:28:20.895468,1,1,4,14,70
2025-12-20 02:28:24.655892,1,1,6,14,70
2025-12-20 02:28:28.466190,1,2,1,14,70
2025-12-20 02:28:31.775696,1,2,1,14,70
2025-12-20 02:28:35.584778,1,2,2,14,70
2025-12-20 02:28:39.944386,1,2,6,14,70
2025-12-20 02:28:43.255017,1,2,6,14,70
2025-12-20 02:28:47.062323,1,2,10,14,70
2025-12-20 02:28:49.979018,1,2,3,14,70
2025-12-20 02:28:52.784140,1,1,1,14,70
2025-12-20 02:28:58.094390,1,1,1,14,70
2025-12-20 02:29:01.004023,1,2,5,14,70
2025-12-20 02:29:03.864114,1,2,2,14,70
2025-12-20 02:29:06.724764,1,1,1,14,70
2025-12-20 02:29:09.534321,1,2,5,14,70
2025-12-20 02:29:12.441132,1,1,10,14,70
2025-12-20 02:29:15.259282,1,2,1,14,70
2025-12-20 02:29:18.174844,1,2,3,14,70
2025-12-20 02:29:21.970122,1,1,2,16,69
2025-12-20 02:29:25.284232,1,2,2,17,66
2025-12-20 02:29:28.145936,1,2,6,18,66
2025-12-20 02:29:30.998053,1,2,2,19,66
2025-12-20 02:29:33.859450,1,1,3,20,66
2025-12-20 02:29:36.721061,1,2,2,18,66
2025-12-20 02:29:40.530843,1,1,8,16,66
2025-12-20 02:29:43.838647,1,1,8,14,66
2025-12-20 02:29:46.708582,1,1,1,13,66
2025-12-20 02:29:49.557857,1,2,6,13,66
2025-12-20 02:29:52.469056,1,1,7,14,66
2025-12-20 02:29:55.278672,1,2,2,14,66
2025-12-20 02:29:59.588272,1,2,3,14,66
2025-12-20 02:30:02.949367,1,2,1,14,66
2025-12-20 02:30:06.459131,1,2,3,14,66
2025-12-20 02:30:09.268111,1,2,1,14,66
2025-12-20 02:30:12.184955,1,2,1,14,66
2025-12-20 02:30:15.986379,1,2,6,16,66
2025-12-20 02:30:19.298489,1,2,11,16,68
2025-12-20 02:30:23.605725,1,2,11,16,70
2025-12-20 02:30:27.968932,1,2,4,18,74
2025-12-20 02:30:31.277370,1,2,4,19,76
2025-12-20 02:30:35.594988,1,1,6,18,76
2025-12-20 02:30:38.949916,1,2,7,17,76
2025-12-20 02:30:42.704607,1,1,8,16,73
2025-12-20 02:30:46.565426,1,2,1,15,73
2025-12-20 02:30:49.882737,1,2,1,15,72
2025-12-20 02:30:52.735957,1,2,7,14,69
2025-12-20 02:30:55.592183,1,1,1,14,69
2025-12-20 02:30:58.505203,1,2,2,14,69
2025-12-20 02:31:01.312628,1,1,8,14,69
2025-12-20 02:31:05.125665,1,2,2,14,69
2025-12-20 02:31:08.032066,1,2,2,14,69
2025-12-20 02:31:10.839558,1,2,10,14,69
2025-12-20 02:31:14.700217,1,2,4,14,69
2025-12-20 02:31:17.609358,1,1,1,14,69
2025-12-20 02:31:20.970213,1,2,1,16,69
2025-12-20 02:31:24.731468,1,2,4,17,74
2025-12-20 02:31:27.639433,1,1,5,18,77
2025-12-20 02:31:31.550409,1,1,7,20,80
2025-12-20 02:31:34.859410,1,2,1,21,83
2025-12-20 02:31:38.720046,1,2,3,22,86
2025-12-20 02:31:41.629271,1,2,4,19,89
2025-12-20 02:31:44.997588,1,2,3,18,92
2025-12-20 02:31:48.954616,1,1,7,17,82
2025-12-20 02:31:51.707448,1,2,1,16,79
2025-12-20 02:31:55.619033,1,2,1,15,76
2025-12-20 02:31:58.527134,1,2,3,14,73
2025-12-20 02:32:01.345469,1,1,1,14,72
2025-12-20 02:32:05.145863,1,2,3,14,72
2025-12-20 02:32:08.557978,1,2,9,14,72
2025-12-20 02:32:11.917023,1,2,3,14,72
2025-12-20 02:32:14.777400,1,2,1,14,72
2025-12-20 02:32:17.637458,1,2,2,16,72
2025-12-20 02:32:20.998405,1,1,8,17,74
2025-12-20 02:32:24.755463,1,2,1,18,80
2025-12-20 02:32:28.166312,1,1,2,19,83
2025-12-20 02:32:31.074945,1,2,1,20,86
2025-12-20 02:32:33.934894,1,2,6,21,89
2025-12-20 02:32:36.795742,1,2,3,22,90
2025-12-20 02:32:40.605291,1,2,1,19,90
2025-12-20 02:32:43.914925,1,2,1,17,84
2025-12-20 02:32:47.823523,1,2,5,16,80
2025-12-20 02:32:50.635691,1,2,2,15,77
2025-12-20 02:32:54.545456,1,2,2,15,72
2025-12-20 02:32:57.358403,1,2,1,14,72
2025-12-20 02:33:00.215869,1,1,4,14,72
2025-12-20 02:33:04.075065,1,1,4,14,72
2025-12-20 02:33:06.933632,1,1,1,14,72
2025-12-20 02:33:09.794408,1,2,2,14,72
2025-12-20 02:33:13.652524,1,1,8,14,69
2025-12-20 02:33:16.562750,1,1,6,14,67
2025-12-20 02:33:19.376342,1,1,1,14,67
2025-12-20 02:33:23.681474,1,2,6,15,67
2025-12-20 02:33:27.142492,1,2,8,16,70
2025-12-20 02:33:30.559235,1,2,6,17,73
2025-12-20 02:33:33.360866,1,1,7,19,76
2025-12-20 02:33:36.272030,1,1,1,18,77
2025-12-20 02:33:40.078795,1,2,6,17,77
2025-12-20 02:33:43.892532,1,2,9,16,76
2025-12-20 02:33:48.356348,1,2,6,15,73
2025-12-20 02:33:51.261553,1,2,10,14,73
2025-12-20 02:33:55.122129,1,1,1,14,73
2025-12-20 02:33:57.982342,1,2,7,14,73
2025-12-20 02:34:00.844962,1,2,1,14,73
2025-12-20 02:34:04.649990,1,2,4,14,73
2025-12-20 02:34:07.607402,1,2,9,14,73
2025-12-20 02:34:10.916600,1,1,8,14,73
2025-12-20 02:34:15.731099,1,2,7,14,73
2025-12-20 02:34:19.590472,1,1,9,14,73
2025-12-20 02:34:22.400362,1,2,1,14,73
2025-12-20 02:34:26.261477,1,2,10,14,73
2025-12-20 02:34:29.168204,1,2,9,14,73
2025-12-20 02:34:33.027893,1,2,5,14,73
2025-12-20 02:34:36.791101,1,1,1,14,73
2025-12-20 02:34:40.648002,1,2,3,14,73
2025-12-20 02:34:43.960259,1,2,1,14,73
2025-12-20 02:34:48.266996,1,2,6,14,73
2025-12-20 02:34:51.176933,1,2,9,14,73
2025-12-20 02:34:54.587473,1,1,6,16,75
2025-12-20 02:34:57.399381,1,2,5,17,78
2025-12-20 02:35:00.308333,1,2,6,18,81
2025-12-20 02:35:04.117224,1,1,1,19,83
2025-12-20 02:35:07.425737,1,1,10,18,83
2025-12-20 02:35:10.788037,1,1,1,17,81
2025-12-20 02:35:13.695802,1,2,5,15,80
2025-12-20 02:35:16.604832,1,2,3,15,80
2025-12-20 02:35:19.413873,1,2,1,15,80
2025-12-20 02:35:23.721393,1,2,2,14,80
2025-12-20 02:35:27.081400,1,2,11,14,80
2025-12-20 02:35:30.894583,1,2,8,14,80
2025-12-20 02:35:33.702168,1,1,1,14,80
2025-12-20 02:35:36.611460,1,2,1,14,80
2025-12-20 02:35:39.428362,1,2,8,14,80
2025-12-20 02:35:42.280392,1,2,1,14,80
2025-12-20 02:35:46.137346,1,2,9,14,80
2025-12-20 02:35:49.448755,1,2,11,14,80
2025-12-20 02:35:52.308857,1,2,4,14,80
2025-12-20 02:35:55.167535,1,1,1,15,80
2025-12-20 02:35:58.027821,1,2,8,15,80
2025-12-20 02:36:00.836847,1,2,5,15,80
2025-12-20 02:36:04.709102,1,1,1,17,80
2025-12-20 02:36:08.006094,1,1,1,16,80
2025-12-20 02:36:10.816248,1,2,1,15,81
2025-12-20 02:36:13.727983,1,2,8,15,81
2025-12-20 02:36:16.637501,1,1,5,14,81
2025-12-20 02:36:19.448579,1,1,1,14,81
2025-12-20 02:36:23.256257,1,2,5,14,81
2025-12-20 02:36:26.677351,1,2,8,14,81
2025-12-20 02:36:30.028422,1,2,4,14,81
2025-12-20 02:36:32.836865,1,2,1,14,81
2025-12-20 02:36:35.748241,1,2,14,14,81
2025-12-20 02:36:39.108144,1,1,7,14,81
2025-12-20 02:36:42.867006,1,1,3,14,81
2025-12-20 02:36:46.876196,1,1,1,14,81
2025-12-20 02:36:50.185786,1,1,1,14,81
2025-12-20 02:36:52.995774,1,2,11,14,81
2025-12-20 02:36:56.903880,1,2,8,14,81
2025-12-20 02:36:59.766582,1,1,1,14,81
2025-12-20 02:37:03.128129,1,2,1,14,81
2025-12-20 02:37:06.883898,1,2,2,14,81
2025-12-20 02:37:09.742284,1,2,5,14,81
2025-12-20 02:37:12.653663,1,1,8,14,81
2025-12-20 02:37:15.473112,1,2,1,14,81
2025-12-20 02:37:18.376464,1,2,6,14,81
2025-12-20 02:37:22.192842,1,1,1,14,81
2025-12-20 02:37:25.498181,1,2,1,14,81
2025-12-20 02:37:28.350834,1,2,2,14,81
2025-12-20 02:37:31.210822,1,2,7,14,81
2025-12-20 02:37:34.070433,1,2,8,14,81
2025-12-20 02:37:36.929436,1,2,1,14,81
2025-12-20 02:37:40.737278,1,2,5,14,81
2025-12-20 02:37:44.049042,1,2,9,14,81
2025-12-20 02:37:46.936306,1,1,4,14,81
2025-12-20 02:37:49.769224,1,1,1,14,81
2025-12-20 02:37:52.681812,1,2,3,14,81
2025-12-20 02:37:55.489758,1,2,4,14,81
2025-12-20 02:37:59.796219,1,1,3,14,81
2025-12-20 02:38:03.157540,1,2,6,14,81
2025-12-20 02:38:06.667113,1,2,2,14,81
2025-12-20 02:38:09.475443,1,1,7,14,81
2025-12-20 02:38:12.336828,1,2,4,15,81
2025-12-20 02:38:16.196146,1,2,8,15,81
2025-12-20 02:38:19.508895,1,2,3,15,81
2025-12-20 02:38:23.333313,1,1,8,15,80
2025-12-20 02:38:26.223900,1,1,2,15,77
2025-12-20 02:38:29.042895,1,2,1,15,74
2025-12-20 02:38:32.892134,1,2,4,15,72
2025-12-20 02:38:35.803656,1,2,6,15,72
2025-12-20 02:38:39.174826,1,1,8,15,72
2025-12-20 02:38:42.924067,1,1,1,15,72
2025-12-20 02:38:46.734490,1,2,1,15,72
2025-12-20 02:38:50.042713,1,2,2,14,72
2025-12-20 02:38:53.853321,1,2,1,14,72
2025-12-20 02:38:58.215074,1,2,8,14,72
2025-12-20 02:39:01.528779,1,2,5,14,72
2025-12-20 02:39:05.329855,1,2,1,14,72
2025-12-20 02:39:08.293373,1,2,5,14,73
2025-12-20 02:39:12.700223,1,1,4,14,79
2025-12-20 02:39:15.510687,1,1,6,14,82
2025-12-20 02:39:18.373988,1,2,5,14,81
2025-12-20 02:39:22.231790,1,2,2,14,78
2025-12-20 02:39:25.541219,1,2,7,14,77
2025-12-20 02:39:28.899443,1,2,19,14,75
2025-12-20 02:39:31.808601,1,2,9,14,72
2025-12-20 02:39:34.718337,1,2,2,14,72
2025-12-20 02:39:37.528754,1,2,16,14,72
2025-12-20 02:39:41.840704,1,2,1,14,74
2025-12-20 02:39:45.198290,1,2,9,14,77
2025-12-20 02:39:48.555200,1,2,1,14,74
2025-12-20 02:39:51.365655,1,2,23,14,71
2025-12-20 02:39:55.278299,1,2,21,14,71
2025-12-20 02:39:58.138330,1,2,25,14,71
2025-12-20 02:40:00.944359,1,2,12,23,100
2025-12-20 02:40:04.803266,1,1,2,24,100
2025-12-20 02:40:08.163674,1,1,1,23,100
2025-12-20 02:40:10.927173,1,1,1,23,100
2025-12-20 02:40:13.833769,1,1,3,24,100
2025-12-20 02:40:17.190483,1,1,1,21,100
2025-12-20 02:40:19.950575,1,1,1,19,100
2025-12-20 02:40:22.860810,1,1,1,17,100
2025-12-20 02:40:25.772644,1,1,1,15,100
2025-12-20 02:40:29.081557,1,1,2,14,96
2025-12-20 02:40:33.892473,1,1,1,14,85
2025-12-20 02:40:37.302022,1,1,1,13,79
2025-12-20 02:40:40.161823,1,1,1,13,76
2025-12-20 02:40:42.971227,1,1,1,13,73
2025-12-20 02:40:46.830840,1,2,1,13,70
2025-12-20 02:40:49.740507,1,1,1,12,69
2025-12-20 02:40:52.555165,1,1,1,12,69
2025-12-20 02:40:56.458988,1,1,1,15,69
2025-12-20 02:40:59.316255,1,1,1,15,69
2025-12-20 02:41:02.125379,1,1,1,17,69
2025-12-20 02:41:05.936088,1,1,1,17,69
2025-12-20 02:41:08.847656,1,1,1,18,69
2025-12-20 02:41:12.754377,1,1,1,19,69
2025-12-20 02:41:15.564079,1,1,1,20,69
2025-12-20 02:41:18.427794,1,1,1,21,69
2025-12-20 02:41:22.283392,1,1,1,21,69
2025-12-20 02:41:25.596489,1,1,1,19,69
2025-12-20 02:41:28.407173,1,1,1,17,69
2025-12-20 02:41:31.312525,1,1,1,15,69
2025-12-20 02:41:34.172803,1,2,1,14,69
2025-12-20 02:41:36.983234,1,1,1,13,69
2025-12-20 02:41:40.843897,1,1,1,12,69
2025-12-20 02:41:44.159497,1,1,1,14,68
2025-12-20 02:41:46.962530,1,2,7,16,68
2025-12-20 02:41:49.872446,1,2,8,17,71
2025-12-20 02:41:52.783292,1,2,1,16,74
2025-12-20 02:41:55.592463,1,1,2,16,77
2025-12-20 02:41:59.403553,1,1,1,15,77
2025-12-20 02:42:03.263140,1,1,1,15,77
2025-12-20 02:42:07.274974,1,1,1,14,77
2025-12-20 02:42:10.785714,1,2,6,14,77
2025-12-20 02:42:13.603883,1,2,3,14,77
2025-12-20 02:42:17.401978,1,1,1,14,77
2025-12-20 02:42:22.314347,1,1,1,14,77
2025-12-20 02:42:25.225591,1,1,1,14,77
2025-12-20 02:42:27.982898,1,1,1,14,77
2025-12-20 02:42:31.891822,1,2,14,14,77
2025-12-20 02:42:34.802867,1,2,9,14,77
2025-12-20 02:42:37.612521,1,2,4,14,77
2025-12-20 02:42:41.920374,1,2,1,13,77
2025-12-20 02:42:45.282360,1,1,2,14,77
2025-12-20 02:42:48.790548,1,1,1,16,76
2025-12-20 02:42:51.601696,1,1,2,18,76
2025-12-20 02:42:54.465687,1,1,1,20,76
2025-12-20 02:42:58.319685,1,1,1,21,76
2025-12-20 02:43:01.630630,1,1,6,21,76
2025-12-20 02:43:05.438549,1,1,3,21,76
2025-12-20 02:43:08.347293,1,1,1,21,76
2025-12-20 02:43:11.163798,1,1,1,21,76
2025-12-20 02:43:15.970394,1,1,1,22,81
2025-12-20 02:43:19.380310,1,1,1,22,82
2025-12-20 02:43:22.239602,1,1,1,20,82
2025-12-20 02:43:26.158530,1,1,1,19,82
2025-12-20 02:43:30.061217,1,1,1,19,82
2025-12-20 02:43:32.921124,1,1,1,20,82
2025-12-20 02:43:36.833650,1,1,2,21,82
2025-12-20 02:43:39.642669,1,1,1,22,82
2025-12-20 02:43:42.509668,1,2,2,23,82
2025-12-20 02:43:45.362524,1,1,1,24,82
2025-12-20 02:43:48.222439,1,1,1,24,82
2025-12-20 02:43:51.080532,1,2,5,25,82
2025-12-20 02:43:53.942829,1,1,1,25,82
2025-12-20 02:43:57.302038,1,2,1,24,82
2025-12-20 02:44:01.116818,1,1,2,23,82
2025-12-20 02:44:03.974301,1,1,11,22,79
2025-12-20 02:44:07.385146,1,2,3,22,77
2025-12-20 02:44:10.250462,1,2,6,22,77
2025-12-20 02:44:13.100722,1,2,1,20,77
2025-12-20 02:44:16.913191,1,2,2,19,74
2025-12-20 02:44:20.221498,1,1,1,17,73
2025-12-20 02:44:23.041082,1,1,1,17,73
2025-12-20 02:44:25.937887,1,1,1,16,73
2025-12-20 02:44:28.847948,1,1,1,16,73
2025-12-20 02:44:31.659208,1,1,3,16,73
2025-12-20 02:44:35.467174,1,1,1,16,73
2025-12-20 02:44:39.328581,1,2,1,16,73
2025-12-20 02:44:43.236475,1,2,1,16,73
2025-12-20 02:44:46.098633,1,1,1,16,73
2025-12-20 02:44:49.956238,1,1,1,16,73
2025-12-20 02:44:52.865317,1,1,1,16,73
2025-12-20 02:44:55.677320,1,1,4,16,73
2025-12-20 02:44:59.988693,1,1,3,14,73
2025-12-20 02:45:03.945804,1,1,1,14,75
2025-12-20 02:45:06.857557,1,1,1,14,78
2025-12-20 02:45:09.664802,1,1,1,13,81
2025-12-20 02:45:12.576175,1,1,1,13,81
2025-12-20 02:45:16.384085,1,1,1,13,78
2025-12-20 02:45:19.694034,1,1,1,13,77
2025-12-20 02:45:23.053038,1,1,1,13,77
2025-12-20 02:45:25.965182,1,2,1,13,77
2025-12-20 02:45:28.874083,1,1,1,13,74
2025-12-20 02:45:31.682767,1,1,1,13,72
2025-12-20 02:45:35.492953,1,2,1,13,69
2025-12-20 02:45:39.352747,1,2,2,13,66
2025-12-20 02:45:43.112650,1,2,3,13,64
2025-12-20 02:45:46.924612,1,1,1,13,65
2025-12-20 02:45:50.231355,1,1,1,13,67
2025-12-20 02:45:54.590546,1,1,1,13,72
2025-12-20 02:45:58.404804,1,2,2,13,72
2025-12-20 02:46:01.715471,1,2,5,13,72
2025-12-20 02:46:05.070275,1,1,1,13,72
2025-12-20 02:46:07.981507,1,1,1,13,72
2025-12-20 02:46:10.891158,1,2,1,13,72
2025-12-20 02:46:13.700724,1,1,1,13,72
2025-12-20 02:46:17.509797,1,2,1,13,72
2025-12-20 02:46:21.369058,1,1,1,12,72
2025-12-20 02:46:25.129116,1,2,9,12,72
2025-12-20 02:46:28.939205,1,1,1,12,72
2025-12-20 02:46:32.249294,1,2,1,12,70
2025-12-20 02:46:36.058931,1,2,2,12,67
2025-12-20 02:46:40.419508,1,2,1,13,66
2025-12-20 02:46:43.730298,1,2,2,14,67
2025-12-20 02:46:47.090904,1,1,1,14,67
2025-12-20 02:46:50.002352,1,2,1,14,67
2025-12-20 02:46:52.910555,1,1,2,14,67
2025-12-20 02:46:55.719536,1,1,1,14,67
2025-12-20 02:47:00.033296,1,2,1,14,67
2025-12-20 02:47:03.393945,1,2,6,14,67
2025-12-20 02:47:07.154073,1,2,10,14,67
2025-12-20 02:47:10.004023,1,2,1,14,67
2025-12-20 02:47:12.914658,1,2,3,14,67
2025-12-20 02:47:15.721023,1,2,36,14,67
2025-12-20 02:47:18.583037,1,2,19,14,67
2025-12-20 02:47:22.441011,1,2,55,14,100
2025-12-20 02:47:25.751969,1,2,18,23,100
2025-12-20 02:47:28.562686,1,2,6,23,100
2025-12-20 02:47:31.469541,1,2,5,23,100
2025-12-20 02:47:34.329274,1,2,14,23,100
2025-12-20 02:47:37.142937,1,2,9,23,100
2025-12-20 02:47:40.998420,1,2,2,23,100
2025-12-20 02:47:44.309059,1,2,3,22,100
2025-12-20 02:47:47.168854,1,2,1,22,100
2025-12-20 02:47:50.026916,1,2,4,21,98
2025-12-20 02:47:52.938020,1,2,3,21,92
2025-12-20 02:47:55.751004,1,2,5,21,86
2025-12-20 02:47:59.557560,1,1,1,20,82
2025-12-20 02:48:03.419074,1,2,2,20,79
2025-12-20 02:48:06.726680,1,2,2,21,73
2025-12-20 02:48:09.588334,1,2,6,20,73
2025-12-20 02:48:13.496948,1,1,1,21,73
2025-12-20 02:48:16.355316,1,2,3,21,73
2025-12-20 02:48:19.169175,1,1,5,21,73
2025-12-20 02:48:23.026337,1,1,1,20,72
2025-12-20 02:48:25.944506,1,2,1,19,69
2025-12-20 02:48:28.746356,1,2,3,19,67
2025-12-20 02:48:32.617673,1,2,3,17,67
2025-12-20 02:48:35.514302,1,2,2,15,67
2025-12-20 02:48:38.324313,1,1,1,15,67
2025-12-20 02:48:42.142999,1,2,8,15,67
2025-12-20 02:48:45.045599,1,2,4,14,67
2025-12-20 02:48:48.953814,1,1,2,14,67
2025-12-20 02:48:51.762174,1,2,1,14,68
2025-12-20 02:48:54.626630,1,1,1,14,68
2025-12-20 02:48:58.482275,1,2,4,14,68
2025-12-20 02:49:01.794762,1,2,3,14,68
2025-12-20 02:49:05.150745,1,1,5,14,68
2025-12-20 02:49:08.060371,1,2,4,14,67
2025-12-20 02:49:10.975012,1,2,13,14,64
2025-12-20 02:49:13.778861,1,1,8,14,64
2025-12-20 02:49:18.087308,1,2,1,13,64
2025-12-20 02:49:21.448266,1,2,1,12,64
2025-12-20 02:49:25.208896,1,2,4,12,64
2025-12-20 02:49:29.018786,1,2,6,12,64
2025-12-20 02:49:32.331470,1,2,13,12,64
2025-12-20 02:49:36.642498,1,1,1,12,64
2025-12-20 02:49:40.500547,1,2,1,12,64
2025-12-20 02:49:43.811679,1,2,6,12,64
2025-12-20 02:49:47.168281,1,2,2,12,64
2025-12-20 02:49:50.084746,1,2,5,12,64
2025-12-20 02:49:52.989558,1,2,10,12,64
2025-12-20 02:49:55.824208,1,1,11,12,64
2025-12-20 02:50:00.107477,1,2,2,12,64
2025-12-20 02:50:03.465833,1,2,2,12,64
2025-12-20 02:50:06.826174,1,2,3,12,64
2025-12-20 02:50:09.637385,1,2,6,12,64
2025-12-20 02:50:13.548290,1,2,1,12,64
2025-12-20 02:50:16.405935,1,2,5,12,64
2025-12-20 02:50:19.214602,1,2,3,12,64
2025-12-20 02:50:23.075803,1,1,1,12,64
2025-12-20 02:50:26.382850,1,2,1,12,67
2025-12-20 02:50:29.193220,1,2,2,12,70
2025-12-20 02:50:32.104090,1,2,3,12,73
2025-12-20 02:50:35.013420,1,2,7,12,76
2025-12-20 02:50:37.823009,1,2,12,12,79
2025-12-20 02:50:41.634599,1,1,7,12,76
2025-12-20 02:50:45.042064,1,2,3,12,72
2025-12-20 02:50:48.401470,1,2,2,12,76
2025-12-20 02:50:51.261360,1,2,5,12,76
2025-12-20 02:50:54.126510,1,1,3,12,79
2025-12-20 02:50:57.482709,1,1,9,12,82
2025-12-20 02:51:01.290555,1,1,6,12,83
2025-12-20 02:51:04.650981,1,2,3,13,83
2025-12-20 02:51:07.562604,1,2,6,13,83
2025-12-20 02:51:10.420067,1,2,12,13,83
2025-12-20 02:51:13.230899,1,2,2,13,83
2025-12-20 02:51:17.100483,1,2,7,13,83
2025-12-20 02:51:20.398028,1,2,4,13,83
2025-12-20 02:51:24.209560,1,2,3,13,83
2025-12-20 02:51:27.119205,1,2,3,13,83
2025-12-20 02:51:31.039805,1,2,12,13,83
2025-12-20 02:51:33.837644,1,1,4,13,82
2025-12-20 02:51:36.697682,1,2,9,14,79
2025-12-20 02:51:40.557171,1,1,1,14,79
2025-12-20 02:51:43.468523,1,2,2,14,79
2025-12-20 02:51:46.228611,1,2,15,15,80
2025-12-20 02:51:50.135633,1,2,12,16,83
2025-12-20 02:51:53.044758,1,2,4,16,86
2025-12-20 02:51:55.855567,1,2,1,16,86
2025-12-20 02:52:00.163796,1,2,7,16,86
2025-12-20 02:52:03.525896,1,1,4,16,84
2025-12-20 02:52:07.037076,1,1,10,16,83
2025-12-20 02:52:09.845329,1,2,5,16,83
2025-12-20 02:52:12.708452,1,1,1,17,83
2025-12-20 02:52:16.564282,1,2,11,17,83
2025-12-20 02:52:20.977199,1,1,5,17,83
2025-12-20 02:52:23.888031,1,2,1,17,83
2025-12-20 02:52:26.746052,1,2,1,18,83
2025-12-20 02:52:30.719525,1,2,3,18,83
2025-12-20 02:52:32.417030,1,2,1,18,83
2025-12-20 02:52:36.730304,1,2,3,17,83
2025-12-20 02:52:40.585291,1,2,7,17,83
2025-12-20 02:52:43.498722,1,2,12,17,83
2025-12-20 02:52:46.257049,1,1,7,17,83
2025-12-20 02:52:50.164181,1,2,4,16,81
2025-12-20 02:52:53.073034,1,2,10,16,75
2025-12-20 02:52:55.882256,1,2,5,16,73
2025-12-20 02:52:59.690430,1,2,1,15,74
2025-12-20 02:53:03.551335,1,2,11,14,74
2025-12-20 02:53:07.062475,1,2,18,14,74
2025-12-20 02:53:09.870752,1,2,4,14,74
2025-12-20 02:53:12.781139,1,2,6,14,74
2025-12-20 02:53:16.597330,1,2,1,14,74
2025-12-20 02:53:19.901065,1,2,8,14,74
2025-12-20 02:53:23.709007,1,2,4,17,74
2025-12-20 02:53:26.619107,1,2,2,16,74
2025-12-20 02:53:29.428107,1,2,4,16,74
2025-12-20 02:53:33.289426,1,2,7,16,74
2025-12-20 02:53:36.200206,1,1,3,15,74
2025-12-20 02:53:39.559602,1,2,6,17,74
2025-12-20 02:53:43.317718,1,2,7,17,74
2025-12-20 02:53:47.127032,1,2,4,16,74
2025-12-20 02:53:50.437914,1,2,8,17,77
2025-12-20 02:53:54.797387,1,2,1,17,82
2025-12-20 02:53:58.613752,1,2,10,17,82
2025-12-20 02:54:01.916794,1,2,13,19,82
2025-12-20 02:54:05.727199,1,2,2,20,82
2025-12-20 02:54:08.637552,1,2,3,20,82
2025-12-20 02:54:11.446331,1,2,6,21,82
2025-12-20 02:54:15.314587,1,2,6,21,82
2025-12-20 02:54:18.219088,1,2,11,21,82
2025-12-20 02:54:21.573284,1,2,6,20,82
2025-12-20 02:54:25.382188,1,2,1,18,82
2025-12-20 02:54:28.247968,1,2,2,18,85
2025-12-20 02:54:31.651196,1,2,11,17,87
2025-12-20 02:54:34.511445,1,2,13,17,88
2025-12-20 02:54:37.370480,1,2,2,16,88
2025-12-20 02:54:41.180348,1,2,1,16,87
2025-12-20 02:54:44.487435,1,2,13,16,87
2025-12-20 02:54:47.947453,1,2,7,16,87
2025-12-20 02:54:50.807229,1,2,2,16,85
2025-12-20 02:54:53.667733,1,2,2,16,85
2025-12-20 02:54:56.478047,1,2,7,16,86
2025-12-20 02:55:00.285067,1,2,2,16,89
2025-12-20 02:55:04.149224,1,2,6,16,89
2025-12-20 02:55:09.160223,1,2,2,15,86
2025-12-20 02:55:12.522519,1,2,1,16,84
2025-12-20 02:55:15.378694,1,2,9,15,84
2025-12-20 02:55:18.237740,1,2,10,14,84
2025-12-20 02:55:21.599563,1,2,2,13,84
2025-12-20 02:55:24.959378,1,2,1,13,84
2025-12-20 02:55:28.317773,1,2,5,12,84
2025-12-20 02:55:32.229164,1,1,6,12,84
2025-12-20 02:55:35.138031,1,1,9,12,83
2025-12-20 02:55:37.946990,1,2,3,12,80
2025-12-20 02:55:41.765030,1,2,2,12,78
2025-12-20 02:55:45.615063,1,1,5,13,78
2025-12-20 02:55:48.975752,1,2,1,14,78
2025-12-20 02:55:51.834904,1,2,4,15,78
2025-12-20 02:55:55.707116,1,2,9,16,78
2025-12-20 02:55:58.554212,1,2,8,16,76
2025-12-20 02:56:01.363331,1,2,8,16,72
2025-12-20 02:56:05.224063,1,2,2,16,69
2025-12-20 02:56:08.585346,1,2,2,16,66
2025-12-20 02:56:11.340346,1,1,9,16,63
2025-12-20 02:56:14.250809,1,2,1,16,63
2025-12-20 02:56:17.160323,1,2,7,16,63
2025-12-20 02:56:19.970234,1,1,1,16,63
2025-12-20 02:56:23.779299,1,2,4,16,63
2025-12-20 02:56:27.641995,1,1,7,16,63
2025-12-20 02:56:32.296532,1,1,6,16,63
2025-12-20 02:56:35.708124,1,2,5,15,63
2025-12-20 02:56:38.515746,1,2,4,15,63
2025-12-20 02:56:42.328698,1,2,3,15,63
2025-12-20 02:56:46.700554,1,2,8,15,63
2025-12-20 02:56:49.995962,1,2,3,15,63
2025-12-20 02:56:53.354007,1,2,3,15,63
2025-12-20 02:56:56.263855,1,2,2,15,63
2025-12-20 02:56:59.174861,1,1,2,15,63
2025-12-20 02:57:01.982474,1,2,4,15,63
2025-12-20 02:57:05.797553,1,2,2,16,63
2025-12-20 02:57:09.651335,1,2,2,16,63
2025-12-20 02:57:13.013921,1,2,7,16,63
2025-12-20 02:57:15.870185,1,2,6,16,63
2025-12-20 02:57:19.732211,1,2,4,16,63
2025-12-20 02:57:22.591133,1,2,4,16,63
2025-12-20 02:57:25.402721,1,1,13,16,63
2025-12-20 02:57:29.262936,1,2,1,16,63
2025-12-20 02:57:34.723418,1,2,9,15,63
2025-12-20 02:57:37.581287,1,1,3,15,63
2025-12-20 02:57:40.462919,1,2,1,15,63
2025-12-20 02:57:44.303329,1,2,7,15,63
2025-12-20 02:57:47.216444,1,1,6,15,63
2025-12-20 02:57:50.021995,1,2,6,15,63
2025-12-20 02:57:52.833860,1,2,2,15,63
2025-12-20 02:57:55.741290,1,2,9,15,63
2025-12-20 02:57:58.601296,1,2,2,15,63
2025-12-20 02:58:01.409640,1,1,3,16,63
2025-12-20 02:58:05.274431,1,2,2,16,63
2025-12-20 02:58:08.582882,1,2,11,17,63
2025-12-20 02:58:11.990511,1,2,13,17,63
2025-12-20 02:58:14.871775,1,2,1,17,62
2025-12-20 02:58:17.768892,1,2,1,17,62
2025-12-20 02:58:20.572239,1,2,1,17,62
2025-12-20 02:58:24.880545,1,2,1,17,62
2025-12-20 02:58:28.740882,1,2,8,17,62
2025-12-20 02:58:31.600887,1,2,3,17,62
2025-12-20 02:58:34.410959,1,2,4,17,62
2025-12-20 02:58:38.322075,1,1,1,17,62
2025-12-20 02:58:41.230560,1,2,3,17,62
2025-12-20 02:58:44.040505,1,2,1,17,62
2025-12-20 02:58:48.349926,1,2,4,16,62
2025-12-20 02:58:52.709198,1,2,11,16,68
2025-12-20 02:58:56.019682,1,2,4,16,71
2025-12-20 02:58:59.828526,1,2,9,15,74
2025-12-20 02:59:03.687399,1,2,6,15,77
2025-12-20 02:59:07.447018,1,2,7,15,83
2025-12-20 02:59:11.307900,1,2,13,15,85
2025-12-20 02:59:14.266721,1,2,2,15,85
2025-12-20 02:59:17.584627,1,1,1,15,85
2025-12-20 02:59:22.487667,1,2,1,15,86
2025-12-20 02:59:26.347514,1,2,1,15,86
2025-12-20 02:59:29.263807,1,1,7,15,86
2025-12-20 02:59:32.065283,1,2,4,15,86
2025-12-20 02:59:35.426801,1,1,2,15,86
2025-12-20 02:59:38.335812,1,2,1,15,86
2025-12-20 02:59:41.247422,1,2,1,15,83
2025-12-20 02:59:44.057484,1,2,7,15,86
2025-12-20 02:59:48.374769,1,2,7,15,88
2025-12-20 02:59:51.726629,1,2,4,15,88
2025-12-20 02:59:55.634441,1,1,5,15,88
2025-12-20 02:59:58.497752,1,2,2,15,88
2025-12-20 03:00:02.356476,1,2,4,15,88
2025-12-20 03:00:05.267731,1,1,2,16,88
2025-12-20 03:00:08.076704,1,2,7,16,88
2025-12-20 03:00:12.386388,1,1,4,16,89
2025-12-20 03:00:15.844750,1,2,2,16,89
2025-12-20 03:00:19.254846,1,1,8,16,89
2025-12-20 03:00:22.067274,1,2,1,16,89
2025-12-20 03:00:24.923529,1,2,1,16,89
2025-12-20 03:00:28.783999,1,1,2,16,89
2025-12-20 03:00:32.092963,1,2,3,15,89
2025-12-20 03:00:35.451203,1,1,1,18,89
2025-12-20 03:00:38.381355,1,2,6,17,89
2025-12-20 03:00:41.273193,1,2,2,17,89
2025-12-20 03:00:44.081657,1,2,3,17,89
2025-12-20 03:00:48.389857,1,2,5,16,89
2025-12-20 03:00:51.750012,1,1,3,15,89
2025-12-20 03:00:55.110099,1,2,2,15,89
2025-12-20 03:00:57.969281,1,2,4,15,89
2025-12-20 03:01:01.829459,1,2,10,15,89
2025-12-20 03:01:04.686469,1,2,2,15,89
2025-12-20 03:01:07.550097,1,2,12,15,89
2025-12-20 03:01:11.358206,1,2,2,16,89
2025-12-20 03:01:14.866908,1,2,4,16,89
2025-12-20 03:01:19.277495,1,2,2,16,89
2025-12-20 03:01:22.091407,1,2,3,16,89
2025-12-20 03:01:24.946356,1,2,6,16,89
2025-12-20 03:01:28.806897,1,2,13,16,89
2025-12-20 03:01:32.116828,1,2,4,15,89
2025-12-20 03:01:35.126393,1,2,6,15,86
2025-12-20 03:01:37.935201,1,2,5,15,83
2025-12-20 03:01:40.843125,1,1,1,15,80
2025-12-20 03:01:43.708286,1,2,3,16,79
2025-12-20 03:01:46.565606,1,2,5,16,79
2025-12-20 03:01:50.423092,1,2,5,16,79
2025-12-20 03:01:53.333620,1,2,6,16,79
2025-12-20 03:01:56.641655,1,2,11,16,79
2025-12-20 03:02:00.454874,1,1,2,16,79
2025-12-20 03:02:04.812593,1,2,4,16,79
2025-12-20 03:02:08.121988,1,2,2,16,80
2025-12-20 03:02:11.930151,1,2,7,16,83
2025-12-20 03:02:15.791575,1,2,8,16,85
2025-12-20 03:02:20.303237,1,2,5,17,83
2025-12-20 03:02:23.110685,1,2,2,17,77
2025-12-20 03:02:26.969092,1,1,1,18,73
2025-12-20 03:02:29.882806,1,2,6,18,70
2025-12-20 03:02:32.703568,1,2,4,18,71
2025-12-20 03:02:36.498919,1,2,10,18,74
2025-12-20 03:02:39.408410,1,2,3,17,77
2025-12-20 03:02:43.317986,1,2,1,17,78
2025-12-20 03:02:46.129268,1,2,7,17,78
2025-12-20 03:02:48.987056,1,2,2,18,78
2025-12-20 03:02:52.848214,1,2,13,18,78
2025-12-20 03:02:56.156494,1,2,4,18,78
2025-12-20 03:02:58.964359,1,2,1,18,78
2025-12-20 03:03:01.874321,1,1,4,18,78
2025-12-20 03:03:04.735715,1,1,4,16,78
2025-12-20 03:03:07.596543,1,2,1,16,78
2025-12-20 03:03:11.405641,1,2,2,15,78
2025-12-20 03:03:14.714908,1,2,3,15,78
2025-12-20 03:03:17.525802,1,2,2,14,78
2025-12-20 03:03:21.033245,1,2,6,14,78
2025-12-20 03:03:23.892941,1,1,2,14,77
2025-12-20 03:03:26.710516,1,2,2,14,77
2025-12-20 03:03:31.015463,1,2,7,14,77
2025-12-20 03:03:34.880931,1,2,6,14,80
2025-12-20 03:03:37.735887,1,1,2,14,77
2025-12-20 03:03:40.543489,1,2,3,15,73
2025-12-20 03:03:44.457947,1,2,2,14,70
2025-12-20 03:03:47.363751,1,2,4,13,67
2025-12-20 03:03:50.171803,1,1,11,13,64
2025-12-20 03:03:53.981626,1,2,2,12,63
2025-12-20 03:03:56.890659,1,2,5,12,63
2025-12-20 03:03:59.698522,1,2,5,12,63
2025-12-20 03:04:03.558165,1,1,7,13,63
2025-12-20 03:04:06.471403,1,2,1,13,63
2025-12-20 03:04:09.830152,1,2,5,13,63
2025-12-20 03:04:13.588084,1,2,7,13,63
2025-12-20 03:04:17.097663,1,2,5,13,63
2025-12-20 03:04:20.459182,1,2,7,13,63
2025-12-20 03:04:23.368846,1,2,6,14,63
2025-12-20 03:04:26.177127,1,1,4,14,63
2025-12-20 03:04:30.495191,1,1,3,14,63
2025-12-20 03:04:33.853861,1,2,2,14,69
2025-12-20 03:04:37.608214,1,2,4,14,71
2025-12-20 03:04:41.421035,1,2,3,14,71
2025-12-20 03:04:44.725657,1,2,3,15,71
2025-12-20 03:04:49.035988,1,2,2,15,71
2025-12-20 03:04:52.899118,1,2,6,15,74
2025-12-20 03:04:56.206235,1,2,3,15,74
2025-12-20 03:04:59.667408,1,2,2,15,74
2025-12-20 03:05:02.475071,1,2,5,15,74
2025-12-20 03:05:05.389449,1,2,3,15,74
2025-12-20 03:05:08.197408,1,2,4,15,74
2025-12-20 03:05:12.003914,1,1,6,16,74
2025-12-20 03:05:15.864763,1,2,7,16,74
2025-12-20 03:05:19.828777,1,1,2,16,75
2025-12-20 03:05:22.588897,1,2,1,16,76
2025-12-20 03:05:26.493630,1,2,5,15,79
2025-12-20 03:05:29.404097,1,2,1,15,82
2025-12-20 03:05:32.214801,1,2,3,15,82
2025-12-20 03:05:36.021705,1,1,4,15,82
2025-12-20 03:05:39.432089,1,1,4,15,83
2025-12-20 03:05:42.792298,1,2,9,15,86
2025-12-20 03:05:45.650978,1,2,1,15,86
2025-12-20 03:05:48.512863,1,2,3,15,88
2025-12-20 03:05:51.870400,1,2,5,15,88
2025-12-20 03:05:55.631439,1,2,8,15,88
2025-12-20 03:05:59.491233,1,2,3,15,88
2025-12-20 03:06:02.399404,1,2,2,15,88
2025-12-20 03:06:05.207375,1,2,6,15,88
2025-12-20 03:06:09.066730,1,2,4,15,88
2025-12-20 03:06:11.978375,1,1,1,15,88
2025-12-20 03:06:14.786702,1,2,2,15,86
2025-12-20 03:06:18.598431,1,2,11,15,83
2025-12-20 03:06:21.507963,1,2,1,15,83
2025-12-20 03:06:25.416719,1,2,6,15,86
2025-12-20 03:06:28.226854,1,2,2,15,81
2025-12-20 03:06:31.087764,1,2,6,15,77
2025-12-20 03:06:34.945290,1,2,5,15,74
2025-12-20 03:06:38.258930,1,2,5,15,71
2025-12-20 03:06:41.064684,1,2,17,15,69
2025-12-20 03:06:43.973562,1,2,13,16,69
2025-12-20 03:06:46.835046,1,2,15,16,69
2025-12-20 03:06:49.648681,1,2,15,17,68
2025-12-20 03:06:53.504337,1,2,11,17,65
2025-12-20 03:06:56.833247,1,2,20,19,65
2025-12-20 03:06:59.621323,1,2,5,20,65
2025-12-20 03:07:02.532831,1,2,1,21,65
2025-12-20 03:07:05.444979,1,1,2,21,65
2025-12-20 03:07:08.254930,1,2,3,21,67
2025-12-20 03:07:12.563992,1,2,3,22,68
2025-12-20 03:07:15.920603,1,2,2,22,68
2025-12-20 03:07:19.433375,1,2,1,23,68
2025-12-20 03:07:22.245503,1,2,9,23,68
2025-12-20 03:07:25.099420,1,1,2,23,68
2025-12-20 03:07:28.960485,1,2,3,20,68
2025-12-20 03:07:32.267164,1,1,5,18,68
2025-12-20 03:07:36.078546,1,1,6,17,68
2025-12-20 03:07:39.537861,1,2,1,18,68
2025-12-20 03:07:43.448197,1,1,2,20,74
2025-12-20 03:07:46.256757,1,1,5,17,77
2025-12-20 03:07:49.119613,1,1,1,15,76
2025-12-20 03:07:52.977902,1,1,1,14,76
2025-12-20 03:07:56.289292,1,2,6,13,76
2025-12-20 03:07:59.118290,1,1,1,12,76
2025-12-20 03:08:02.012646,1,2,4,12,72
2025-12-20 03:08:04.865719,1,2,7,11,69
2025-12-20 03:08:07.676825,1,2,11,11,66
2025-12-20 03:08:11.535441,1,2,3,12,65
2025-12-20 03:08:14.845211,1,2,1,13,68
2025-12-20 03:08:18.304288,1,2,2,14,71
2025-12-20 03:08:21.124028,1,2,3,14,74
2025-12-20 03:08:24.024631,1,2,6,14,76
2025-12-20 03:08:26.832380,1,2,12,14,76
2025-12-20 03:08:30.645096,1,2,2,14,77
2025-12-20 03:08:35.008226,1,2,5,14,77
2025-12-20 03:08:37.913620,1,2,2,14,77
2025-12-20 03:08:40.720834,1,1,3,14,77
2025-12-20 03:08:44.587971,1,2,5,14,77
2025-12-20 03:08:47.496261,1,2,6,14,74
2025-12-20 03:08:50.299926,1,2,4,14,71
2025-12-20 03:08:54.607906,1,2,2,14,68
2025-12-20 03:08:59.573381,1,2,1,14,66
2025-12-20 03:09:02.480169,1,2,19,14,66
2025-12-20 03:09:05.288499,1,2,5,14,66
2025-12-20 03:09:09.148495,1,2,9,14,68
2025-12-20 03:09:12.057349,1,2,38,14,71
2025-12-20 03:09:14.869221,1,2,8,14,74
2025-12-20 03:09:18.677747,1,1,1,14,75
2025-12-20 03:09:21.590392,1,1,1,13,77
2025-12-20 03:09:25.497218,1,1,1,12,82
2025-12-20 03:09:28.345663,1,1,1,12,82
2025-12-20 03:09:31.165211,1,1,1,12,83
2025-12-20 03:09:35.025857,1,1,1,12,83
2025-12-20 03:09:38.336259,1,1,1,12,83
2025-12-20 03:09:41.147255,1,1,3,12,83
2025-12-20 03:09:44.053157,1,1,1,12,83
2025-12-20 03:09:46.914895,1,1,1,12,83
2025-12-20 03:09:49.725627,1,1,1,12,83
2025-12-20 03:09:53.583737,1,2,1,12,83
2025-12-20 03:09:58.546523,1,2,6,12,83
2025-12-20 03:10:01.907604,1,1,1,12,83
2025-12-20 03:10:04.773144,1,2,2,12,83
2025-12-20 03:10:08.628757,1,1,1,12,83
2025-12-20 03:10:11.535038,1,1,2,15,84
2025-12-20 03:10:14.343237,1,2,15,15,85
2025-12-20 03:10:18.153583,1,2,1,14,85
2025-12-20 03:10:21.064213,1,2,2,13,80
2025-12-20 03:10:23.872116,1,1,1,12,76
2025-12-20 03:10:27.732342,1,1,1,11,73
2025-12-20 03:10:30.643390,1,1,1,11,70
2025-12-20 03:10:34.003648,1,1,1,11,69
2025-12-20 03:10:37.362953,1,1,1,11,70
2025-12-20 03:10:40.721893,1,1,1,11,70
2025-12-20 03:10:44.630766,1,1,1,11,70
2025-12-20 03:10:47.539777,1,1,1,11,70
2025-12-20 03:10:50.347665,1,1,1,11,70
2025-12-20 03:10:54.159383,1,1,1,11,70
2025-12-20 03:10:58.015708,1,1,1,11,70
2025-12-20 03:11:01.328361,1,2,1,11,70
2025-12-20 03:11:04.198610,1,1,1,11,70
2025-12-20 03:11:08.097687,1,1,1,11,70
2025-12-20 03:11:10.954643,1,1,1,11,72
2025-12-20 03:11:13.765869,1,1,1,11,75
2025-12-20 03:11:17.626960,1,1,1,11,78
2025-12-20 03:11:20.544175,1,1,1,13,81
2025-12-20 03:11:23.346518,1,1,1,13,84
2025-12-20 03:11:27.206402,1,1,1,15,84
2025-12-20 03:11:30.115250,1,1,1,14,84
2025-12-20 03:11:32.924079,1,1,1,13,84
2025-12-20 03:11:36.739761,1,1,1,12,84
2025-12-20 03:11:39.649538,1,1,1,12,84
2025-12-20 03:11:43.553879,1,1,1,11,84
2025-12-20 03:11:46.362720,1,1,1,11,84
2025-12-20 03:11:49.222995,1,1,1,11,83
2025-12-20 03:11:53.094311,1,1,1,11,81
2025-12-20 03:11:56.392719,1,1,1,11,79
2025-12-20 03:12:00.202139,1,1,1,11,73
2025-12-20 03:12:03.111078,1,1,1,11,70
2025-12-20 03:12:05.918946,1,1,1,11,67
2025-12-20 03:12:09.779583,1,1,1,11,64
2025-12-20 03:12:12.692467,1,1,1,11,63
2025-12-20 03:12:15.999864,1,2,1,11,63
2025-12-20 03:12:19.829016,1,1,1,11,64
2025-12-20 03:12:23.123750,1,1,1,11,67
2025-12-20 03:12:25.984729,1,1,1,11,70
2025-12-20 03:12:28.800026,1,1,1,11,73
2025-12-20 03:12:32.704059,1,1,1,11,76
2025-12-20 03:12:35.613748,1,1,1,11,79
2025-12-20 03:12:38.927708,1,1,1,11,82
2025-12-20 03:12:42.734705,1,1,1,13,84
2025-12-20 03:12:47.093805,1,1,1,16,84
2025-12-20 03:12:50.404232,1,1,1,16,84
2025-12-20 03:12:54.213143,1,1,1,14,84
2025-12-20 03:12:57.173479,1,1,1,13,84
2025-12-20 03:13:01.592610,1,1,1,13,83
2025-12-20 03:13:04.394219,1,1,1,13,83
2025-12-20 03:13:07.254720,1,1,1,15,84
2025-12-20 03:13:11.116994,1,1,1,16,87
2025-12-20 03:13:14.423033,1,1,1,16,88
2025-12-20 03:13:17.783444,1,1,1,15,88
2025-12-20 03:13:20.699952,1,1,1,13,88
2025-12-20 03:13:23.600194,1,1,1,13,88
2025-12-20 03:13:26.411726,1,1,1,13,88
2025-12-20 03:13:30.231118,1,1,1,12,85
2025-12-20 03:13:34.079344,1,1,1,12,84
2025-12-20 03:13:37.838620,1,1,1,12,83
2025-12-20 03:13:41.648911,1,1,1,14,79
2025-12-20 03:13:44.957946,1,1,1,17,76
2025-12-20 03:13:48.768633,1,1,1,16,73
2025-12-20 03:13:53.126351,1,1,1,15,67
2025-12-20 03:13:56.436483,1,1,1,16,66
2025-12-20 03:14:00.246552,1,1,1,19,69
2025-12-20 03:14:04.211639,1,1,1,20,75
2025-12-20 03:14:07.616204,1,1,1,19,78
2025-12-20 03:14:10.424989,1,1,1,18,81
2025-12-20 03:14:13.287435,1,1,1,17,84
2025-12-20 03:14:17.146799,1,1,1,16,86
2025-12-20 03:14:20.457384,1,1,1,16,86
2025-12-20 03:14:23.266673,1,1,1,15,86
2025-12-20 03:14:26.180349,1,1,1,14,86
2025-12-20 03:14:29.033892,1,1,1,13,86
2025-12-20 03:14:31.842895,1,1,1,13,86
2025-12-20 03:14:35.704426,1,1,1,12,86
2025-12-20 03:14:39.013613,1,1,1,12,86
2025-12-20 03:14:41.822250,1,1,1,12,86
2025-12-20 03:14:44.733955,1,1,1,12,82
2025-12-20 03:14:47.645544,1,1,1,12,79
2025-12-20 03:14:50.452429,1,1,1,12,75
2025-12-20 03:14:54.260227,1,1,1,12,72
2025-12-20 03:14:58.119725,1,1,1,12,70
2025-12-20 03:15:01.480967,1,1,1,12,70
2025-12-20 03:15:04.290112,1,1,1,12,69
2025-12-20 03:15:08.198254,1,1,1,12,66
2025-12-20 03:15:11.063782,1,2,1,12,65
2025-12-20 03:15:13.869421,1,1,1,13,64
2025-12-20 03:15:17.748514,1,1,1,13,64
2025-12-20 03:15:20.642040,1,1,1,13,64
2025-12-20 03:15:23.452461,1,1,1,13,64
2025-12-20 03:15:27.306583,1,1,1,13,64
2025-12-20 03:15:30.215466,1,1,1,13,64
2025-12-20 03:15:33.024207,1,1,1,13,64
2025-12-20 03:15:36.833490,1,1,1,13,64
2025-12-20 03:15:41.193978,1,1,1,12,64
2025-12-20 03:15:44.051256,1,1,1,12,64
2025-12-20 03:15:46.862123,1,1,1,12,64
2025-12-20 03:15:50.772846,1,1,1,12,64
2025-12-20 03:15:53.682451,1,1,1,12,64
2025-12-20 03:15:56.492268,1,1,1,12,63
2025-12-20 03:16:00.298696,1,1,1,12,63
2025-12-20 03:16:03.210779,1,1,1,12,63
2025-12-20 03:16:06.017998,1,1,1,15,63
2025-12-20 03:16:09.879103,1,1,1,15,63
2025-12-20 03:16:12.790741,1,1,1,14,63
2025-12-20 03:16:16.147494,1,1,1,13,63
2025-12-20 03:16:19.908203,1,1,1,12,63
2025-12-20 03:16:23.716855,1,1,1,12,63
2025-12-20 03:16:27.027229,1,1,1,11,63
2025-12-20 03:16:30.836048,1,1,1,11,63
2025-12-20 03:16:35.197626,1,1,1,11,63
2025-12-20 03:16:38.506180,1,1,1,11,63
2025-12-20 03:16:42.314985,1,1,1,11,63
2025-12-20 03:16:45.273614,1,1,1,11,63
2025-12-20 03:16:49.684459,1,1,1,11,63
2025-12-20 03:16:52.492001,1,1,1,11,63
2025-12-20 03:16:55.351986,1,1,1,11,63
2025-12-20 03:16:59.213784,1,2,17,11,63
2025-12-20 03:17:02.524091,1,1,2,11,63
2025-12-20 03:17:05.881526,1,2,3,11,66
2025-12-20 03:17:08.801550,1,2,13,12,69
2025-12-20 03:17:11.701238,1,2,28,14,72
2025-12-20 03:17:14.509659,1,2,16,14,75
2025-12-20 03:17:18.322986,1,2,8,15,77
2025-12-20 03:17:22.179801,1,2,6,15,77
2025-12-20 03:17:25.987547,1,2,3,15,69
2025-12-20 03:17:28.797709,1,1,1,15,66
2025-12-20 03:17:31.708250,1,2,5,15,63
2025-12-20 03:17:34.517949,1,2,3,15,62
2025-12-20 03:17:37.428220,1,1,2,15,62
2025-12-20 03:17:41.235635,1,2,4,15,62
2025-12-20 03:17:44.547243,1,2,15,15,62
2025-12-20 03:17:47.356144,1,2,17,15,62
2025-12-20 03:17:50.264529,1,1,2,15,62
2025-12-20 03:17:53.130727,1,2,4,15,62
2025-12-20 03:17:55.935861,1,2,8,15,62
2025-12-20 03:17:59.801824,1,1,1,15,62
2025-12-20 03:18:03.116918,1,2,19,14,62
2025-12-20 03:18:05.914016,1,2,19,14,62
2025-12-20 03:18:08.821138,1,2,100,14,62
2025-12-20 03:18:11.731361,1,2,5,13,62
2025-12-20 03:18:14.546378,1,1,8,13,64
2025-12-20 03:18:18.849215,1,1,1,13,67
2025-12-20 03:18:22.210027,1,2,6,13,69
2025-12-20 03:18:26.120886,1,1,5,14,69
2025-12-20 03:18:28.980522,1,2,2,14,69
2025-12-20 03:18:32.839239,1,2,3,14,69
2025-12-20 03:18:35.753196,1,1,3,14,69
2025-12-20 03:18:38.560113,1,2,2,14,69
2025-12-20 03:18:42.371302,1,2,7,13,68
2025-12-20 03:18:45.279929,1,2,5,12,66
2025-12-20 03:18:48.091273,1,1,1,13,63
2025-12-20 03:18:51.999533,1,2,8,15,63
2025-12-20 03:18:54.860430,1,1,6,17,63
2025-12-20 03:18:58.222315,1,2,3,19,63
2025-12-20 03:19:01.979052,1,2,5,20,63
2025-12-20 03:19:05.792578,1,2,9,20,63
2025-12-20 03:19:09.097362,1,2,5,20,63
2025-12-20 03:19:12.910719,1,2,4,18,63
2025-12-20 03:19:16.773111,1,1,4,19,63
2025-12-20 03:19:19.580263,1,2,1,21,63
2025-12-20 03:19:23.020529,1,2,5,21,63
2025-12-20 03:19:27.400693,1,2,8,22,63
2025-12-20 03:19:30.310318,1,2,3,22,63
2025-12-20 03:19:33.118511,1,1,4,19,63
2025-12-20 03:19:36.930020,1,2,1,18,63
2025-12-20 03:19:40.792005,1,2,1,17,63
2025-12-20 03:19:44.202155,1,2,9,16,63
2025-12-20 03:19:47.012716,1,1,1,15,63
2025-12-20 03:19:50.871706,1,2,1,14,63
2025-12-20 03:19:53.781666,1,2,6,14,63
2025-12-20 03:19:56.590963,1,2,2,14,63
2025-12-20 03:20:00.407946,1,2,1,14,63
2025-12-20 03:20:03.360507,1,2,9,15,63
2025-12-20 03:20:07.770632,1,2,5,15,68
2025-12-20 03:20:10.577928,1,1,4,15,71
2025-12-20 03:20:14.499365,1,1,2,16,74
2025-12-20 03:20:17.349220,1,1,1,15,77
2025-12-20 03:20:20.208173,1,2,3,15,80
2025-12-20 03:20:23.618349,1,2,8,15,83
2025-12-20 03:20:26.427271,1,1,1,14,83
2025-12-20 03:20:29.335987,1,2,6,14,80
2025-12-20 03:20:32.196573,1,2,7,14,80
2025-12-20 03:20:35.006981,1,2,4,14,80
2025-12-20 03:20:38.917199,1,1,2,14,80
2025-12-20 03:20:41.833317,1,2,7,14,78
2025-12-20 03:20:45.144195,1,1,2,14,78
2025-12-20 03:20:49.443903,1,2,1,13,78
2025-12-20 03:20:53.304218,1,2,6,13,78
2025-12-20 03:20:56.614457,1,2,14,12,78
2025-12-20 03:21:00.923251,1,1,8,12,78
2025-12-20 03:21:04.285965,1,1,3,12,78
2025-12-20 03:21:07.793249,1,1,4,12,78
2025-12-20 03:21:11.104260,1,2,1,12,78
2025-12-20 03:21:13.912865,1,2,3,12,78
2025-12-20 03:21:16.824113,1,1,9,12,78
2025-12-20 03:21:19.633032,1,1,1,12,78
2025-12-20 03:21:22.991606,1,2,5,12,78
2025-12-20 03:21:25.901947,1,2,4,13,78
2025-12-20 03:21:28.816699,1,1,2,13,78
2025-12-20 03:21:31.623692,1,2,6,13,78
2025-12-20 03:21:34.482839,1,2,13,13,78
2025-12-20 03:21:38.393333,1,2,2,13,78
2025-12-20 03:21:41.250678,1,2,3,13,78
2025-12-20 03:21:44.009362,1,1,4,13,78
2025-12-20 03:21:47.869619,1,1,1,13,78
2025-12-20 03:21:51.178586,1,2,1,13,78
2025-12-20 03:21:54.991416,1,2,2,13,78
2025-12-20 03:21:59.347260,1,2,8,13,78
2025-12-20 03:22:02.659230,1,2,4,13,75
2025-12-20 03:22:05.467674,1,2,2,13,70
2025-12-20 03:22:08.376903,1,2,2,12,67
2025-12-20 03:22:11.237098,1,2,2,12,66
2025-12-20 03:22:14.098175,1,1,2,12,66
2025-12-20 03:22:17.905053,1,2,1,12,66
2025-12-20 03:22:21.215512,1,2,4,12,66
2025-12-20 03:22:24.024550,1,1,7,12,66
2025-12-20 03:22:26.933514,1,2,1,12,66
2025-12-20 03:22:29.843475,1,2,5,12,66
2025-12-20 03:22:32.653166,1,1,5,12,66
2025-12-20 03:22:36.461758,1,1,1,13,66
2025-12-20 03:22:40.324091,1,2,1,12,66
2025-12-20 03:22:44.281750,1,2,1,12,66
2025-12-20 03:22:47.044414,1,2,3,12,66
2025-12-20 03:22:50.950981,1,1,5,12,66
2025-12-20 03:22:53.862614,1,1,6,12,66
2025-12-20 03:22:56.670971,1,2,1,12,66
2025-12-20 03:23:00.987730,1,2,1,12,66
2025-12-20 03:23:04.844432,1,1,2,12,66
2025-12-20 03:23:07.653065,1,2,3,13,66
2025-12-20 03:23:10.512519,1,1,1,13,66
2025-12-20 03:23:14.424108,1,2,1,13,66
2025-12-20 03:23:17.280495,1,2,4,13,66
2025-12-20 03:23:20.141007,1,1,1,13,66
2025-12-20 03:23:22.948774,1,2,4,13,66
2025-12-20 03:23:25.859355,1,2,9,13,66
2025-12-20 03:23:28.677355,1,2,2,13,66
2025-12-20 03:23:31.531902,1,2,10,13,66
2025-12-20 03:23:35.389495,1,1,3,13,63
2025-12-20 03:23:38.698927,1,1,1,13,62
2025-12-20 03:23:41.561187,1,2,5,13,62
2025-12-20 03:23:44.418787,1,1,1,12,62
2025-12-20 03:23:47.279357,1,2,3,12,62
2025-12-20 03:23:50.088430,1,1,6,12,62
2025-12-20 03:23:53.950754,1,2,2,12,62
2025-12-20 03:23:57.258773,1,2,2,12,63
2025-12-20 03:24:00.118184,1,2,7,12,63
2025-12-20 03:24:02.979448,1,1,4,12,63
2025-12-20 03:24:05.890624,1,2,3,12,64
2025-12-20 03:24:08.696906,1,2,3,12,64
2025-12-20 03:24:13.014770,1,2,6,12,64
2025-12-20 03:24:16.366958,1,1,8,12,64
2025-12-20 03:24:19.876076,1,1,3,12,64
2025-12-20 03:24:22.686114,1,2,8,12,64
2025-12-20 03:24:25.546246,1,2,7,12,64
2025-12-20 03:24:29.404278,1,2,2,12,64
2025-12-20 03:24:32.713798,1,2,3,12,64
2025-12-20 03:24:36.523501,1,2,4,13,64
2025-12-20 03:24:39.433532,1,1,6,13,64
2025-12-20 03:24:42.245091,1,2,8,13,64
2025-12-20 03:24:47.055127,1,2,7,13,65
2025-12-20 03:24:50.917007,1,2,4,13,65
2025-12-20 03:24:53.729336,1,1,1,13,65
2025-12-20 03:24:57.597290,1,1,1,13,65
2025-12-20 03:25:00.444402,1,2,3,13,65
2025-12-20 03:25:03.258779,1,2,6,13,65
2025-12-20 03:25:07.064514,1,2,4,13,65
2025-12-20 03:25:10.923453,1,2,1,13,65
2025-12-20 03:25:13.731173,1,2,1,13,65
2025-12-20 03:25:16.644650,1,2,12,13,65
2025-12-20 03:25:21.002828,1,2,4,13,65
2025-12-20 03:25:23.911805,1,2,14,13,65
2025-12-20 03:25:26.721375,1,2,16,13,65
2025-12-20 03:25:30.536685,1,2,16,13,65
2025-12-20 03:25:34.389370,1,2,8,13,65
2025-12-20 03:25:38.149041,1,2,1,13,65
2025-12-20 03:25:41.012419,1,1,2,13,65
2025-12-20 03:25:43.918773,1,1,2,13,65
2025-12-20 03:25:46.730096,1,2,1,11,65
2025-12-20 03:25:49.644307,1,2,3,11,65
2025-12-20 03:25:53.448029,1,1,1,11,65
2025-12-20 03:25:56.755913,1,1,1,11,65
2025-12-20 03:26:00.116114,1,1,3,11,65
2025-12-20 03:26:03.025091,1,2,8,11,65
2025-12-20 03:26:05.935335,1,2,8,11,65
2025-12-20 03:26:08.798220,1,2,3,11,65
2025-12-20 03:26:11.604179,1,2,8,11,65
2025-12-20 03:26:14.513084,1,2,27,11,66
2025-12-20 03:26:17.974811,1,2,22,11,69
2025-12-20 03:26:21.284039,1,2,4,11,72
2025-12-20 03:26:25.644320,1,1,5,11,78
2025-12-20 03:26:29.454710,1,1,1,11,81
2025-12-20 03:26:32.763254,1,1,1,11,83
2025-12-20 03:26:36.581297,1,1,6,11,83
2025-12-20 03:26:40.017846,1,2,8,11,81
2025-12-20 03:26:43.341854,1,2,1,11,75
2025-12-20 03:26:46.201782,1,2,6,11,75
2025-12-20 03:26:49.062775,1,1,1,11,72
2025-12-20 03:26:52.425916,1,2,1,11,71
2025-12-20 03:26:56.184801,1,2,3,11,73
2025-12-20 03:26:59.094479,1,1,2,11,71
2025-12-20 03:27:04.503144,1,1,2,11,71
2025-12-20 03:27:07.361221,1,2,3,11,71
2025-12-20 03:27:10.171101,1,2,1,11,71
2025-12-20 03:27:13.082002,1,2,2,11,71
2025-12-20 03:27:16.443882,1,1,5,11,71
2025-12-20 03:27:19.802417,1,1,1,11,74
2025-12-20 03:27:22.630020,1,2,5,11,74
2025-12-20 03:27:26.524421,1,2,3,11,71
2025-12-20 03:27:29.382448,1,2,3,11,68
2025-12-20 03:27:32.242417,1,1,1,11,65
2025-12-20 03:27:36.052273,1,2,1,12,63
2025-12-20 03:27:38.961265,1,2,4,13,65
2025-12-20 03:27:41.770772,1,1,2,13,68
2025-12-20 03:27:45.628886,1,1,1,13,71
2025-12-20 03:27:48.539006,1,2,3,13,68
2025-12-20 03:27:51.348456,1,2,3,13,65
2025-12-20 03:27:55.167216,1,1,3,13,63
2025-12-20 03:28:00.170279,1,1,1,13,63
2025-12-20 03:28:03.081617,1,1,1,13,63
2025-12-20 03:28:05.992059,1,2,5,13,63
2025-12-20 03:28:08.799238,1,2,4,13,63
2025-12-20 03:28:12.609516,1,2,2,13,63
2025-12-20 03:28:16.470138,1,1,1,13,63
2025-12-20 03:28:20.228884,1,1,1,13,63
2025-12-20 03:28:24.037514,1,2,1,13,63
2025-12-20 03:28:27.346169,1,2,1,13,63
2025-12-20 03:28:31.165863,1,2,1,13,63
2025-12-20 03:28:35.018717,1,2,1,13,63
2025-12-20 03:28:37.837903,1,2,1,13,63
2025-12-20 03:28:40.640198,1,1,1,13,63
2025-12-20 03:28:44.547250,1,2,2,13,63
2025-12-20 03:28:47.407821,1,2,6,13,63
2025-12-20 03:28:50.216429,1,2,6,13,63
2025-12-20 03:28:54.077182,1,2,1,13,63
2025-12-20 03:28:57.385943,1,2,1,13,63
2025-12-20 03:29:01.345534,1,2,4,13,63
2025-12-20 03:29:04.805018,1,2,2,13,63
2025-12-20 03:29:07.715656,1,2,3,13,65
2025-12-20 03:29:11.525433,1,1,1,13,68
2025-12-20 03:29:14.841116,1,1,1,13,70
2025-12-20 03:29:19.143933,1,2,2,13,70
2025-12-20 03:29:23.009143,1,1,1,13,70
2025-12-20 03:29:25.816890,1,1,4,13,70
2025-12-20 03:29:28.675734,1,2,7,13,70
2025-12-20 03:29:32.585838,1,1,1,13,70
2025-12-20 03:29:35.445159,1,1,1,13,70
2025-12-20 03:29:38.304014,1,2,3,13,70
2025-12-20 03:29:41.165503,1,1,3,13,70
2025-12-20 03:29:45.024537,1,1,6,13,70
2025-12-20 03:29:47.834508,1,2,1,13,70
2025-12-20 03:29:51.695652,1,2,2,13,70
2025-12-20 03:29:54.604918,1,2,2,13,70
2025-12-20 03:29:57.416380,1,1,2,13,70
2025-12-20 03:30:00.235298,1,2,1,13,70
2025-12-20 03:30:03.138672,1,2,6,13,70
2025-12-20 03:30:06.045097,1,2,3,13,70
2025-12-20 03:30:08.852675,1,1,2,13,70
2025-12-20 03:30:13.170973,1,2,1,13,70
2025-12-20 03:30:16.528686,1,2,1,13,70
2025-12-20 03:30:20.036050,1,2,2,13,70
2025-12-20 03:30:22.843612,1,2,3,13,70
2025-12-20 03:30:25.752328,1,1,2,13,70
2025-12-20 03:30:29.564169,1,2,4,13,70
2025-12-20 03:30:32.878343,1,2,1,13,70
2025-12-20 03:30:36.681807,1,2,4,13,70
2025-12-20 03:30:39.593597,1,1,1,14,70
2025-12-20 03:30:42.403912,1,2,6,16,70
2025-12-20 03:30:46.262579,1,2,2,17,72
2025-12-20 03:30:49.175174,1,1,7,18,75
2025-12-20 03:30:52.533683,1,1,1,19,78
2025-12-20 03:30:56.494977,1,2,1,20,84
2025-12-20 03:30:59.302759,1,2,3,21,87
2025-12-20 03:31:03.162661,1,1,3,20,90
2025-12-20 03:31:06.074066,1,1,1,19,92
2025-12-20 03:31:08.885744,1,2,1,19,88
2025-12-20 03:31:13.192035,1,2,2,16,82
2025-12-20 03:31:16.102007,1,1,4,17,78
2025-12-20 03:31:19.461665,1,2,3,17,72
2025-12-20 03:31:22.322633,1,2,2,16,72
2025-12-20 03:31:25.193467,1,1,3,16,70
2025-12-20 03:31:28.541996,1,1,2,15,70
2025-12-20 03:31:32.358136,1,2,1,15,70
2025-12-20 03:31:35.211723,1,2,3,14,70
2025-12-20 03:31:39.124522,1,1,2,14,70
2025-12-20 03:31:42.434260,1,2,2,14,70
2025-12-20 03:31:47.244845,1,2,6,14,70
2025-12-20 03:31:50.654334,1,2,3,14,70
2025-12-20 03:31:53.513159,1,1,1,14,70
2025-12-20 03:31:56.274077,1,2,1,14,70
2025-12-20 03:32:00.134477,1,2,7,14,70
2025-12-20 03:32:03.444999,1,2,1,14,70
2025-12-20 03:32:07.754743,1,2,6,14,70
2025-12-20 03:32:11.612179,1,2,5,14,70
2025-12-20 03:32:14.924479,1,1,2,14,70
2025-12-20 03:32:17.733500,1,2,4,14,70
2025-12-20 03:32:21.644932,1,2,4,14,70
2025-12-20 03:32:24.454669,1,1,1,14,70
2025-12-20 03:32:28.318694,1,1,1,14,70
2025-12-20 03:32:31.224476,1,2,3,14,70
2025-12-20 03:32:34.585186,1,1,1,14,70
2025-12-20 03:32:38.099457,1,1,1,14,74
2025-12-20 03:32:40.903544,1,2,2,14,77
2025-12-20 03:32:43.763231,1,1,1,16,80
2025-12-20 03:32:47.623207,1,1,1,15,82
2025-12-20 03:32:50.933514,1,2,4,14,82
2025-12-20 03:32:54.744455,1,2,2,13,82
2025-12-20 03:32:57.660101,1,2,4,13,82
2025-12-20 03:33:00.462031,1,2,6,12,82
2025-12-20 03:33:04.324159,1,2,1,12,82
2025-12-20 03:33:07.233707,1,2,2,12,82
2025-12-20 03:33:10.592164,1,2,3,12,82
2025-12-20 03:33:14.351703,1,1,4,12,82
2025-12-20 03:33:18.160385,1,2,1,12,82
2025-12-20 03:33:21.470575,1,2,2,13,82
2025-12-20 03:33:25.781550,1,1,4,13,82
2025-12-20 03:33:29.648762,1,2,4,13,82
2025-12-20 03:33:32.950249,1,2,4,13,82
2025-12-20 03:33:36.759697,1,1,1,13,82
2025-12-20 03:33:39.669564,1,2,2,13,82
2025-12-20 03:33:42.482222,1,2,6,13,82
2025-12-20 03:33:46.387449,1,2,6,13,82
2025-12-20 03:33:49.250266,1,1,4,12,82
2025-12-20 03:33:52.611075,1,1,5,12,82
2025-12-20 03:33:56.370713,1,1,4,13,82
2025-12-20 03:34:00.179455,1,2,1,14,82
2025-12-20 03:34:03.490953,1,2,1,13,82
2025-12-20 03:34:07.304439,1,1,5,13,82
2025-12-20 03:34:11.160525,1,2,2,13,82
2025-12-20 03:34:13.972723,1,1,1,13,82
2025-12-20 03:34:17.381167,1,2,4,14,82
2025-12-20 03:34:20.691216,1,2,3,14,82
2025-12-20 03:34:23.549704,1,1,1,14,82
2025-12-20 03:34:26.413646,1,2,2,14,82
2025-12-20 03:34:30.222640,1,1,4,14,82
2025-12-20 03:34:33.536935,1,1,1,14,80
2025-12-20 03:34:37.940993,1,2,3,14,79
2025-12-20 03:34:40.851193,1,2,3,15,79
2025-12-20 03:34:44.708914,1,2,7,14,81
2025-12-20 03:34:47.572277,1,2,2,13,81
2025-12-20 03:34:50.429077,1,1,2,13,82
2025-12-20 03:34:54.240666,1,2,1,12,81
2025-12-20 03:34:57.616843,1,2,6,12,81
2025-12-20 03:35:00.358281,1,1,5,12,79
2025-12-20 03:35:03.268129,1,1,1,12,76
2025-12-20 03:35:06.186000,1,2,1,13,73
2025-12-20 03:35:08.986984,1,1,6,13,72
2025-12-20 03:35:12.809386,1,2,4,13,72
2025-12-20 03:35:16.667886,1,1,1,13,72
2025-12-20 03:35:20.165918,1,1,1,13,75
2025-12-20 03:35:22.976692,1,2,1,13,76
2025-12-20 03:35:25.844631,1,2,2,13,76
2025-12-20 03:35:29.696345,1,2,2,13,76
2025-12-20 03:35:33.005044,1,2,2,13,76
2025-12-20 03:35:36.815185,1,1,5,13,76
2025-12-20 03:35:39.726801,1,2,2,13,76
2025-12-20 03:35:42.535358,1,1,1,13,77
2025-12-20 03:35:46.445417,1,2,2,13,77
2025-12-20 03:35:49.307450,1,2,1,13,77
2025-12-20 03:35:52.665511,1,1,2,13,77
2025-12-20 03:35:56.628220,1,2,3,13,77
2025-12-20 03:35:59.386102,1,2,4,13,77
2025-12-20 03:36:03.294946,1,2,19,13,77
2025-12-20 03:36:06.206570,1,2,9,13,77
2025-12-20 03:36:09.015066,1,2,13,13,80
2025-12-20 03:36:12.824481,1,2,24,13,83
2025-12-20 03:36:15.785281,1,2,13,13,86
2025-12-20 03:36:20.194238,1,2,4,13,86
2025-12-20 03:36:23.005697,1,1,1,13,86
2025-12-20 03:36:25.873774,1,2,3,13,86
2025-12-20 03:36:29.733866,1,2,2,13,86
2025-12-20 03:36:33.035728,1,1,1,13,86
2025-12-20 03:36:36.393231,1,1,2,14,86
2025-12-20 03:36:39.305428,1,2,1,14,86
2025-12-20 03:36:42.212089,1,2,3,14,86
2025-12-20 03:36:45.021494,1,1,6,14,86
2025-12-20 03:36:49.330174,1,2,1,17,86
2025-12-20 03:36:52.692550,1,2,1,18,86
2025-12-20 03:36:56.450265,1,2,9,20,86
2025-12-20 03:37:00.260440,1,2,3,21,86
2025-12-20 03:37:03.573989,1,1,5,23,87
2025-12-20 03:37:07.381540,1,1,5,22,90
2025-12-20 03:37:11.243665,1,2,7,20,93
2025-12-20 03:37:14.053085,1,1,1,18,87
2025-12-20 03:37:16.864086,1,2,9,19,81
2025-12-20 03:37:20.771981,1,1,3,20,84
2025-12-20 03:37:23.633655,1,1,2,21,87
2025-12-20 03:37:26.493613,1,2,3,22,90
2025-12-20 03:37:30.303178,1,2,3,23,93
2025-12-20 03:37:33.611116,1,1,8,24,96
2025-12-20 03:37:37.574474,1,1,1,24,99
2025-12-20 03:37:41.884446,1,1,1,25,100
2025-12-20 03:37:44.793148,1,1,2,25,100
2025-12-20 03:37:47.659630,1,2,13,25,100
2025-12-20 03:37:50.514041,1,1,1,25,100
2025-12-20 03:37:54.323062,1,2,1,24,100
2025-12-20 03:37:57.234488,1,2,10,22,100
2025-12-20 03:38:00.046740,1,2,3,22,100
2025-12-20 03:38:03.915161,1,1,2,21,100
2025-12-20 03:38:06.812760,1,1,1,21,100
2025-12-20 03:38:09.649557,1,2,7,22,98
2025-12-20 03:38:13.431818,1,1,6,23,94
2025-12-20 03:38:16.341631,1,2,1,23,91
2025-12-20 03:38:20.252018,1,2,9,23,86
2025-12-20 03:38:23.070346,1,2,7,24,88
2025-12-20 03:38:25.922326,1,1,1,24,88
2025-12-20 03:38:29.779820,1,2,3,24,91
2025-12-20 03:38:33.091567,1,2,12,24,94
2025-12-20 03:38:35.898792,1,1,2,24,96
2025-12-20 03:38:38.810676,1,1,1,25,96
2025-12-20 03:38:41.675576,1,2,10,25,96
2025-12-20 03:38:44.527767,1,2,7,25,96
2025-12-20 03:38:48.339426,1,2,1,25,97
2025-12-20 03:38:51.647691,1,2,1,25,97
2025-12-20 03:38:54.456073,1,2,8,25,97
2025-12-20 03:38:57.368857,1,2,3,25,97
2025-12-20 03:39:00.277017,1,2,6,25,97
2025-12-20 03:39:03.086340,1,2,7,25,97
2025-12-20 03:39:06.896583,1,1,2,25,97
2025-12-20 03:39:10.757775,1,1,1,25,97
2025-12-20 03:39:14.267319,1,2,1,25,94
2025-12-20 03:39:17.076967,1,2,5,25,91
2025-12-20 03:39:19.935591,1,1,1,25,88
2025-12-20 03:39:23.794646,1,2,1,25,86
2025-12-20 03:39:27.604999,1,2,5,25,86
2025-12-20 03:39:30.427294,1,2,8,25,86
2025-12-20 03:39:33.825261,1,1,1,25,86
2025-12-20 03:39:36.633945,1,2,1,25,86
2025-12-20 03:39:40.494379,1,2,5,24,86
2025-12-20 03:39:43.406835,1,2,1,21,85
2025-12-20 03:39:46.765158,1,2,2,18,85
2025-12-20 03:39:50.524485,1,2,6,16,85
2025-12-20 03:39:54.334319,1,1,7,15,82
2025-12-20 03:39:57.641665,1,1,7,13,79
2025-12-20 03:40:01.453538,1,1,8,13,79
2025-12-20 03:40:05.313510,1,1,5,13,79
2025-12-20 03:40:08.126858,1,2,1,12,80
2025-12-20 03:40:10.982687,1,2,5,12,82
2025-12-20 03:40:13.843376,1,1,2,14,82
2025-12-20 03:40:16.703384,1,2,6,16,82
2025-12-20 03:40:19.518697,1,2,12,18,82
2025-12-20 03:40:22.424622,1,1,2,17,82
2025-12-20 03:40:26.332015,1,2,1,16,82
2025-12-20 03:40:29.146719,1,2,10,16,82
2025-12-20 03:40:31.952701,1,1,1,15,82
2025-12-20 03:40:35.813400,1,1,1,15,82
2025-12-20 03:40:39.122300,1,2,2,14,82
2025-12-20 03:40:42.930796,1,2,12,14,82
2025-12-20 03:40:46.790311,1,1,5,14,82
2025-12-20 03:40:50.550880,1,1,4,14,82
2025-12-20 03:40:53.413873,1,1,1,13,82
2025-12-20 03:40:56.325094,1,2,1,13,82
2025-12-20 03:40:59.127932,1,2,6,12,82
2025-12-20 03:41:01.993681,1,1,2,12,80
2025-12-20 03:41:05.862636,1,2,11,12,77
2025-12-20 03:41:09.164850,1,2,4,12,76
2025-12-20 03:41:11.967167,1,1,1,14,78
2025-12-20 03:41:14.876287,1,2,1,15,81
2025-12-20 03:41:17.735284,1,2,10,17,81
2025-12-20 03:41:20.593964,1,1,1,18,81
2025-12-20 03:41:24.403595,1,2,1,19,81
2025-12-20 03:41:27.715432,1,2,1,21,81
2025-12-20 03:41:31.174940,1,2,6,22,84
2025-12-20 03:41:33.982091,1,2,4,22,87
2025-12-20 03:41:36.894929,1,1,2,23,89
2025-12-20 03:41:39.704584,1,2,4,23,89
2025-12-20 03:41:43.512336,1,2,8,23,89
2025-12-20 03:41:47.872473,1,2,1,24,89
2025-12-20 03:41:51.334042,1,1,3,24,89
2025-12-20 03:41:54.142281,1,1,1,24,88
2025-12-20 03:41:58.006302,1,2,6,21,85
2025-12-20 03:42:00.915656,1,2,3,19,85
2025-12-20 03:42:03.720388,1,2,2,18,84
2025-12-20 03:42:07.529123,1,2,1,17,84
2025-12-20 03:42:12.442454,1,2,2,16,84
2025-12-20 03:42:15.355182,1,2,5,15,84
2025-12-20 03:42:18.161118,1,1,4,15,85
2025-12-20 03:42:22.020526,1,1,6,14,85
2025-12-20 03:42:24.930381,1,2,2,14,85
2025-12-20 03:42:27.740594,1,2,3,14,85
2025-12-20 03:42:30.549241,1,2,10,14,85
2025-12-20 03:42:33.460924,1,2,2,14,85
2025-12-20 03:42:36.377106,1,2,10,14,83
2025-12-20 03:42:39.179882,1,2,4,14,83
2025-12-20 03:42:43.490373,1,2,1,14,79
2025-12-20 03:42:46.852225,1,2,1,14,82
2025-12-20 03:42:50.159194,1,2,4,14,86
2025-12-20 03:42:53.021314,1,2,2,14,86
2025-12-20 03:42:56.927629,1,2,2,14,86
2025-12-20 03:42:59.789546,1,2,3,14,86
2025-12-20 03:43:02.597051,1,2,6,14,86
2025-12-20 03:43:06.456978,1,1,1,14,80
2025-12-20 03:43:09.918603,1,1,1,14,74
2025-12-20 03:43:12.733109,1,1,1,14,71
2025-12-20 03:43:16.588660,1,2,1,14,68
2025-12-20 03:43:19.497066,1,2,11,14,65
2025-12-20 03:43:22.857951,1,2,5,14,65
2025-12-20 03:43:26.617247,1,2,1,14,65
2025-12-20 03:43:29.526437,1,2,13,14,65
2025-12-20 03:43:33.435823,1,1,4,14,65
2025-12-20 03:43:36.746102,1,2,6,14,65
2025-12-20 03:43:40.605436,1,2,2,14,65
2025-12-20 03:43:43.522626,1,2,7,14,65
2025-12-20 03:43:46.876736,1,2,14,14,65
2025-12-20 03:43:50.232725,1,2,6,14,65
2025-12-20 03:43:53.042660,1,1,1,14,65
2025-12-20 03:43:56.953137,1,2,14,14,65
2025-12-20 03:44:00.314626,1,2,5,14,65
2025-12-20 03:44:03.625464,1,1,6,16,65
2025-12-20 03:44:06.537012,1,1,2,16,67
2025-12-20 03:44:11.493517,1,2,5,17,73
2025-12-20 03:44:14.403792,1,2,3,16,72
2025-12-20 03:44:17.222858,1,1,7,15,69
2025-12-20 03:44:20.072931,1,1,1,15,69
2025-12-20 03:44:23.933450,1,2,9,14,69
2025-12-20 03:44:27.242035,1,2,5,15,69
2025-12-20 03:44:30.601975,1,2,3,17,72
2025-12-20 03:44:33.512681,1,2,1,17,75
2025-12-20 03:44:36.422912,1,2,1,17,77
2025-12-20 03:44:39.232681,1,1,7,17,77
2025-12-20 03:44:43.049364,1,1,1,15,75
2025-12-20 03:44:46.901270,1,1,1,16,72
2025-12-20 03:44:50.811818,1,2,1,17,74
2025-12-20 03:44:53.620820,1,2,11,18,77
2025-12-20 03:44:57.537302,1,1,5,19,78
2025-12-20 03:45:00.441594,1,1,1,18,78
2025-12-20 03:45:03.250530,1,2,12,18,78
2025-12-20 03:45:07.559141,1,2,12,18,78
2025-12-20 03:45:12.621225,1,2,13,16,72
2025-12-20 03:45:15.532695,1,2,6,14,69
2025-12-20 03:45:18.441906,1,1,3,13,67
2025-12-20 03:45:21.251944,1,2,1,13,67
2025-12-20 03:45:25.561277,1,2,6,14,67
2025-12-20 03:45:28.921636,1,2,12,16,68
2025-12-20 03:45:32.228670,1,2,6,17,74
2025-12-20 03:45:35.139215,1,1,2,16,75
2025-12-20 03:45:38.999688,1,2,6,15,72
2025-12-20 03:45:41.857982,1,2,4,15,69
2025-12-20 03:45:44.669054,1,2,7,14,66
2025-12-20 03:45:48.527786,1,2,1,14,65
2025-12-20 03:45:51.445557,1,2,2,14,65
2025-12-20 03:45:54.249195,1,2,3,14,65
2025-12-20 03:45:58.110584,1,2,10,14,65
2025-12-20 03:46:01.020659,1,1,1,14,65
2025-12-20 03:46:03.826102,1,2,7,14,65
2025-12-20 03:46:07.638612,1,2,8,14,65
2025-12-20 03:46:10.549553,1,1,1,14,65
2025-12-20 03:46:14.459015,1,2,1,14,65
2025-12-20 03:46:17.267726,1,2,4,14,65
2025-12-20 03:46:20.128807,1,2,1,14,65
2025-12-20 03:46:24.013304,1,1,1,14,65
2025-12-20 03:46:27.299518,1,2,8,14,65
2025-12-20 03:46:30.108830,1,2,7,14,65
2025-12-20 03:46:33.017187,1,1,1,14,65
2025-12-20 03:46:35.884937,1,2,8,13,65
2025-12-20 03:46:38.688764,1,1,8,13,65
2025-12-20 03:46:42.546555,1,2,1,12,65
2025-12-20 03:46:45.857509,1,2,1,12,65
2025-12-20 03:46:48.664640,1,2,9,12,65
2025-12-20 03:46:51.575742,1,1,6,12,65
2025-12-20 03:46:54.485651,1,1,1,12,65
2025-12-20 03:46:57.300157,1,2,9,12,65
2025-12-20 03:47:01.606316,1,2,5,12,65
2025-12-20 03:47:04.518694,1,2,7,12,65
2025-12-20 03:47:07.875792,1,2,1,12,65
2025-12-20 03:47:10.735664,1,2,11,13,65
2025-12-20 03:47:13.598526,1,1,5,13,65
2025-12-20 03:47:16.962074,1,2,1,13,65
2025-12-20 03:47:20.768351,1,2,1,13,65
2025-12-20 03:47:23.625992,1,2,10,13,65
2025-12-20 03:47:27.037379,1,2,7,13,66
2025-12-20 03:47:29.893213,1,1,1,13,69
2025-12-20 03:47:32.758036,1,2,10,13,69
2025-12-20 03:47:36.563544,1,1,8,13,69
2025-12-20 03:47:39.872531,1,1,2,15,69
2025-12-20 03:47:43.690763,1,1,2,16,69
2025-12-20 03:47:46.594416,1,2,2,18,72
2025-12-20 03:47:50.506916,1,1,7,17,76
2025-12-20 03:47:53.313526,1,2,5,16,74
2025-12-20 03:47:56.222546,1,1,1,15,71
2025-12-20 03:47:59.084741,1,2,4,15,69
2025-12-20 03:48:01.942037,1,2,4,15,70
2025-12-20 03:48:04.697696,1,2,1,14,70
2025-12-20 03:48:07.608761,1,2,11,14,73
2025-12-20 03:48:10.967321,1,2,4,14,76
2025-12-20 03:48:14.727031,1,1,1,14,76
2025-12-20 03:48:18.586754,1,2,2,14,76
2025-12-20 03:48:21.898199,1,2,2,14,76
2025-12-20 03:48:24.708384,1,2,5,14,76
2025-12-20 03:48:27.617667,1,1,1,13,76
2025-12-20 03:48:30.526411,1,2,8,14,76
2025-12-20 03:48:33.338215,1,1,1,14,76
2025-12-20 03:48:37.146138,1,2,1,13,76
2025-12-20 03:48:41.007609,1,2,8,13,76
2025-12-20 03:48:44.517756,1,2,5,12,76
2025-12-20 03:48:47.328223,1,1,1,12,76
2025-12-20 03:48:50.188290,1,2,4,12,76
2025-12-20 03:48:54.046190,1,2,3,12,74
2025-12-20 03:48:57.357326,1,2,5,12,71
2025-12-20 03:49:01.166042,1,1,1,12,68
2025-12-20 03:49:04.077103,1,1,1,12,65
2025-12-20 03:49:06.888974,1,2,8,12,64
2025-12-20 03:49:10.746277,1,2,7,12,64
2025-12-20 03:49:13.658505,1,1,1,12,64
2025-12-20 03:49:17.018898,1,2,1,12,64
2025-12-20 03:49:20.776403,1,2,13,12,64
2025-12-20 03:49:24.586714,1,1,5,12,64
2025-12-20 03:49:27.897673,1,1,1,15,65
2025-12-20 03:49:32.207481,1,2,4,15,71
2025-12-20 03:49:36.064569,1,2,5,16,72
2025-12-20 03:49:39.375017,1,2,8,16,75
2025-12-20 03:49:43.190282,1,2,9,18,78
2025-12-20 03:49:46.093643,1,2,1,17,81
2025-12-20 03:49:48.902181,1,1,1,15,84
2025-12-20 03:49:53.715560,1,2,1,14,75
2025-12-20 03:49:57.125419,1,2,10,13,72
2025-12-20 03:49:59.986161,1,2,8,13,69
2025-12-20 03:50:03.894615,1,1,1,13,66
2025-12-20 03:50:07.408341,1,1,1,12,66
2025-12-20 03:50:10.212567,1,2,11,13,66
2025-12-20 03:50:13.157460,1,2,8,14,66
2025-12-20 03:50:15.931902,1,2,4,16,68
2025-12-20 03:50:20.240374,1,2,5,17,74
2025-12-20 03:50:24.102179,1,2,3,19,77
2025-12-20 03:50:26.959334,1,2,3,19,80
2025-12-20 03:50:29.773212,1,2,3,17,80
2025-12-20 03:50:33.678994,1,2,13,15,76
2025-12-20 03:50:36.587563,1,1,1,15,73
2025-12-20 03:50:39.398895,1,2,2,15,70
2025-12-20 03:50:43.207025,1,1,6,14,70
2025-12-20 03:50:46.118225,1,1,1,14,72
2025-12-20 03:50:48.930648,1,2,1,14,72
2025-12-20 03:50:53.749291,1,2,3,14,70
2025-12-20 03:50:57.602080,1,2,1,14,70
2025-12-20 03:51:00.410744,1,1,4,14,70
2025-12-20 03:51:04.268821,1,1,1,14,70
2025-12-20 03:51:07.129796,1,2,4,14,70
2025-12-20 03:51:09.940456,1,2,6,14,70
2025-12-20 03:51:13.816657,1,2,6,14,70
2025-12-20 03:51:18.117746,1,2,4,14,70
2025-12-20 03:51:21.423612,1,1,2,15,70
2025-12-20 03:51:25.227771,1,2,3,17,73
2025-12-20 03:51:28.138396,1,2,2,15,76
2025-12-20 03:51:30.948322,1,2,1,14,76
2025-12-20 03:51:34.811165,1,2,2,13,72
2025-12-20 03:51:37.717244,1,2,2,13,71
2025-12-20 03:51:41.075742,1,1,2,13,74
2025-12-20 03:51:44.836257,1,2,2,13,79
2025-12-20 03:51:48.652364,1,2,2,15,79
2025-12-20 03:51:51.955106,1,1,1,14,80
2025-12-20 03:51:56.265206,1,1,1,14,84
2025-12-20 03:52:00.126306,1,1,1,14,84
2025-12-20 03:52:03.435691,1,2,7,14,84
2025-12-20 03:52:07.745556,1,2,8,14,84
2025-12-20 03:52:11.153376,1,2,3,14,83
2025-12-20 03:52:14.013190,1,1,1,14,80
2025-12-20 03:52:16.822232,1,2,3,14,80
2025-12-20 03:52:19.733179,1,1,1,14,77
2025-12-20 03:52:23.099540,1,2,2,14,74
2025-12-20 03:52:26.854423,1,2,4,13,74
2025-12-20 03:52:29.717856,1,1,6,13,74
2025-12-20 03:52:32.622250,1,2,1,12,74
2025-12-20 03:52:35.434282,1,2,11,12,74
2025-12-20 03:52:38.345470,1,2,6,12,74
2025-12-20 03:52:42.152743,1,1,1,12,74
2025-12-20 03:52:45.502766,1,1,1,12,74
2025-12-20 03:52:48.325301,1,2,12,12,74
2025-12-20 03:52:51.183302,1,2,2,12,74
2025-12-20 03:52:54.041892,1,2,1,12,74
2025-12-20 03:52:56.852054,1,2,6,12,74
2025-12-20 03:53:00.712018,1,1,2,12,74
2025-12-20 03:53:04.025658,1,2,1,13,74
2025-12-20 03:53:06.829646,1,2,12,13,74
2025-12-20 03:53:09.744507,1,1,1,13,75
2025-12-20 03:53:12.660228,1,2,1,13,78
2025-12-20 03:53:15.467242,1,2,5,13,79
2025-12-20 03:53:19.272393,1,2,4,13,79
2025-12-20 03:53:22.233126,1,2,6,13,79
2025-12-20 03:53:26.641631,1,2,1,12,79
2025-12-20 03:53:29.451828,1,2,1,12,78
2025-12-20 03:53:32.362175,1,2,6,12,77
2025-12-20 03:53:36.169823,1,1,2,12,77
2025-12-20 03:53:39.489997,1,2,2,12,77
2025-12-20 03:53:43.289894,1,2,4,12,77
2025-12-20 03:53:46.201158,1,2,6,13,77
2025-12-20 03:53:49.008740,1,2,1,13,77
2025-12-20 03:53:53.822043,1,1,1,13,77
2025-12-20 03:53:57.238015,1,2,6,13,77
2025-12-20 03:54:00.090011,1,2,4,13,77
2025-12-20 03:54:04.008390,1,1,1,12,77
2025-12-20 03:54:07.459842,1,1,1,12,77
2025-12-20 03:54:10.370698,1,2,4,12,77
2025-12-20 03:54:13.231747,1,2,6,12,77
2025-12-20 03:54:16.041035,1,2,1,12,76
2025-12-20 03:54:20.349118,1,2,6,12,76
2025-12-20 03:54:23.759779,1,2,3,12,76
2025-12-20 03:54:26.668920,1,2,3,12,76
2025-12-20 03:54:29.476483,1,2,1,12,76
2025-12-20 03:54:32.338767,1,1,2,12,76
2025-12-20 03:54:36.199656,1,2,11,13,76
2025-12-20 03:54:39.507908,1,2,6,13,76
2025-12-20 03:54:42.920909,1,1,1,13,76
2025-12-20 03:54:46.227608,1,1,1,13,76
2025-12-20 03:54:49.040278,1,2,6,13,76
2025-12-20 03:54:52.951680,1,2,5,13,76
2025-12-20 03:54:56.360495,1,2,5,13,76
2025-12-20 03:55:00.216340,1,2,5,13,76
2025-12-20 03:55:03.526433,1,2,2,13,76
2025-12-20 03:55:06.392605,1,2,11,13,76
2025-12-20 03:55:09.247216,1,1,1,13,76
2025-12-20 03:55:12.106326,1,1,1,13,76
2025-12-20 03:55:14.967234,1,2,13,13,76
2025-12-20 03:55:18.776039,1,1,3,13,75
2025-12-20 03:55:22.285078,1,1,1,13,74
2025-12-20 03:55:26.696244,1,2,1,13,74
2025-12-20 03:55:29.505260,1,2,1,13,74
2025-12-20 03:55:32.364539,1,1,2,13,74
2025-12-20 03:55:36.231280,1,1,2,14,74
2025-12-20 03:55:39.535190,1,1,2,16,76
2025-12-20 03:55:42.893405,1,2,1,14,79
2025-12-20 03:55:45.805741,1,2,3,14,78
2025-12-20 03:55:48.715816,1,2,6,16,77
2025-12-20 03:55:51.525432,1,2,10,16,79
2025-12-20 03:55:55.835688,1,1,4,18,82
2025-12-20 03:55:59.195169,1,1,5,18,85
2025-12-20 03:56:02.569376,1,1,4,19,91
2025-12-20 03:56:05.365945,1,2,5,20,93
2025-12-20 03:56:09.274328,1,2,7,20,93
2025-12-20 03:56:12.136458,1,2,6,21,95
2025-12-20 03:56:14.945065,1,1,1,22,98
2025-12-20 03:56:18.803932,1,2,6,21,100
2025-12-20 03:56:21.715593,1,2,1,18,100
2025-12-20 03:56:24.527822,1,1,2,18,95
2025-12-20 03:56:28.382703,1,1,2,16,91
2025-12-20 03:56:31.294848,1,2,7,15,88
2025-12-20 03:56:34.102048,1,2,5,15,85
2025-12-20 03:56:37.912802,1,1,7,14,83
2025-12-20 03:56:40.824394,1,1,1,14,83
2025-12-20 03:56:44.733743,1,2,9,14,83
2025-12-20 03:56:47.546494,1,1,3,14,83
2025-12-20 03:56:50.455655,1,1,1,14,83
2025-12-20 03:56:54.816488,1,2,10,14,83
2025-12-20 03:56:58.129238,1,2,13,14,83
2025-12-20 03:57:00.984586,1,1,2,13,83
2025-12-20 03:57:03.842173,1,2,1,13,83
2025-12-20 03:57:06.753546,1,1,5,12,81
2025-12-20 03:57:09.564255,1,1,2,12,78
2025-12-20 03:57:13.374281,1,2,1,12,75
2025-12-20 03:57:17.235966,1,2,5,12,72
2025-12-20 03:57:20.741522,1,2,9,12,72
2025-12-20 03:57:23.551624,1,2,2,12,72
2025-12-20 03:57:26.412469,1,2,10,12,72
2025-12-20 03:57:30.271987,1,2,5,12,69
2025-12-20 03:57:33.582681,1,1,1,12,66
2025-12-20 03:57:37.390312,1,2,1,12,67
2025-12-20 03:57:40.316231,1,2,5,13,67
2025-12-20 03:57:43.111036,1,1,6,13,67
2025-12-20 03:57:46.972480,1,2,1,13,68
2025-12-20 03:57:49.880621,1,2,13,13,71
2025-12-20 03:57:53.240602,1,1,7,12,74
2025-12-20 03:57:57.049573,1,2,5,12,80
2025-12-20 03:57:59.879371,1,2,1,12,83
2025-12-20 03:58:02.769289,1,1,4,12,86
2025-12-20 03:58:05.576489,1,2,2,12,86
2025-12-20 03:58:08.441008,1,2,9,12,81
2025-12-20 03:58:12.295596,1,2,6,12,82
2025-12-20 03:58:15.608020,1,1,1,12,85
2025-12-20 03:58:18.416106,1,2,2,12,88
2025-12-20 03:58:21.324304,1,2,1,12,88
2025-12-20 03:58:24.182584,1,2,2,12,88
2025-12-20 03:58:26.992592,1,2,1,12,88
2025-12-20 03:58:30.854177,1,2,10,12,88
2025-12-20 03:58:34.162049,1,2,8,12,88
2025-12-20 03:58:37.574166,1,2,1,14,88
2025-12-20 03:58:40.433001,1,2,2,16,88
2025-12-20 03:58:43.346613,1,2,4,17,88
2025-12-20 03:58:46.153369,1,2,1,18,88
2025-12-20 03:58:49.965746,1,1,1,19,88
2025-12-20 03:58:53.832915,1,2,2,20,90
2025-12-20 03:58:57.187117,1,2,11,21,93
2025-12-20 03:59:00.047533,1,1,2,22,96
2025-12-20 03:59:03.904770,1,2,1,23,99
2025-12-20 03:59:06.813650,1,2,1,23,96
2025-12-20 03:59:09.622337,1,2,1,23,95
2025-12-20 03:59:13.430610,1,1,1,24,93
2025-12-20 03:59:16.340653,1,2,3,24,91
2025-12-20 03:59:19.156038,1,2,8,24,91
2025-12-20 03:59:23.012604,1,2,1,24,91
2025-12-20 03:59:25.920169,1,2,2,22,91
2025-12-20 03:59:29.281492,1,2,2,19,91
2025-12-20 03:59:33.040767,1,2,2,17,85
2025-12-20 03:59:35.899386,1,1,1,16,82
2025-12-20 03:59:38.813125,1,2,3,14,80
2025-12-20 03:59:41.621285,1,2,5,14,80
2025-12-20 03:59:44.528548,1,2,1,13,80
2025-12-20 03:59:48.338880,1,2,9,13,80
2025-12-20 03:59:51.648896,1,2,12,12,80
2025-12-20 03:59:54.459681,1,1,1,12,80
2025-12-20 03:59:57.366537,1,1,1,12,80
2025-12-20 04:00:00.225837,1,2,11,12,80
2025-12-20 04:00:03.033570,1,1,1,12,80
2025-12-20 04:00:06.894562,1,2,2,14,82
2025-12-20 04:00:10.213154,1,2,3,17,85
2025-12-20 04:00:13.017254,1,1,8,18,88
2025-12-20 04:00:15.925329,1,2,3,19,91
2025-12-20 04:00:18.833532,1,2,8,20,94
2025-12-20 04:00:21.643487,1,1,2,20,97
2025-12-20 04:00:25.449746,1,2,1,18,100
2025-12-20 04:00:29.310427,1,2,1,17,100
2025-12-20 04:00:33.272563,1,2,1,15,92
2025-12-20 04:00:36.030742,1,2,4,14,89
2025-12-20 04:00:39.939450,1,2,6,13,86
2025-12-20 04:00:42.850518,1,2,1,13,83
2025-12-20 04:00:45.659888,1,2,5,13,81
2025-12-20 04:00:49.480393,1,2,2,12,81
2025-12-20 04:00:52.879716,1,1,1,12,81
2025-12-20 04:00:56.239843,1,2,1,12,81
2025-12-20 04:00:59.050459,1,2,2,12,81
2025-12-20 04:01:01.970098,1,1,2,12,81
2025-12-20 04:01:05.322730,1,2,9,12,81
2025-12-20 04:01:09.079463,1,2,2,12,81
2025-12-20 04:01:11.988797,1,1,7,12,81
2025-12-20 04:01:15.900626,1,1,6,12,78
2025-12-20 04:01:19.211671,1,2,2,12,75
2025-12-20 04:01:24.520444,1,1,1,12,70
2025-12-20 04:01:27.437675,1,2,1,13,70
2025-12-20 04:01:30.289609,1,2,3,15,73
2025-12-20 04:01:33.050119,1,2,4,16,76
2025-12-20 04:01:36.908364,1,2,2,17,79
2025-12-20 04:01:40.220080,1,2,6,20,82
2025-12-20 04:01:44.032527,1,2,11,20,85
2025-12-20 04:01:48.389359,1,2,3,21,91
2025-12-20 04:01:51.699750,1,1,9,22,94
2025-12-20 04:01:55.057586,1,2,1,23,97
2025-12-20 04:01:57.969418,1,2,2,23,100
2025-12-20 04:02:00.877028,1,2,6,23,100
2025-12-20 04:02:03.694145,1,1,1,23,100
2025-12-20 04:02:08.002940,1,2,2,24,100
2025-12-20 04:02:11.354953,1,2,2,24,100
2025-12-20 04:02:15.115411,1,2,12,24,100
2025-12-20 04:02:18.924312,1,1,4,21,99
2025-12-20 04:02:22.235597,1,2,5,18,97
2025-12-20 04:02:26.049459,1,2,3,17,96
2025-12-20 04:02:30.417507,1,1,6,16,86
2025-12-20 04:02:33.716344,1,2,2,15,80
2025-12-20 04:02:37.073047,1,2,18,15,75
2025-12-20 04:02:39.983445,1,1,2,14,72
2025-12-20 04:02:42.896065,1,2,6,14,69
2025-12-20 04:02:45.704849,1,2,7,14,66
2025-12-20 04:02:49.513024,1,2,3,14,66
2025-12-20 04:02:53.374970,1,1,2,14,66
2025-12-20 04:02:56.734481,1,2,1,14,66
2025-12-20 04:02:59.600814,1,2,6,14,66
2025-12-20 04:03:03.449971,1,1,2,15,67
2025-12-20 04:03:06.311736,1,1,1,17,70
2025-12-20 04:03:09.179948,1,2,2,18,73
2025-12-20 04:03:12.980048,1,2,3,19,76
2025-12-20 04:03:16.940084,1,1,2,16,79
2025-12-20 04:03:20.301259,1,2,1,15,72
2025-12-20 04:03:23.109745,1,2,2,14,72
2025-12-20 04:03:26.023454,1,1,5,13,69
2025-12-20 04:03:29.381828,1,1,1,13,66
2025-12-20 04:03:33.140194,1,1,1,12,63
2025-12-20 04:03:37.152734,1,2,6,14,63
2025-12-20 04:03:40.468136,1,2,10,17,63
2025-12-20 04:03:43.268588,1,2,3,18,63
2025-12-20 04:03:47.127650,1,2,4,18,63
2025-12-20 04:03:50.038721,1,2,5,16,66
2025-12-20 04:03:53.399313,1,2,9,15,69
2025-12-20 04:03:58.258661,1,1,4,14,75
2025-12-20 04:04:02.069410,1,2,18,16,77
2025-12-20 04:04:05.931758,1,1,6,18,82
2025-12-20 04:04:08.744335,1,1,1,19,85
2025-12-20 04:04:11.610266,1,2,8,20,88
2025-12-20 04:04:15.512893,1,2,7,21,91
2025-12-20 04:04:18.926076,1,2,6,22,94
2025-12-20 04:04:21.731388,1,1,8,22,93
2025-12-20 04:04:25.539740,1,1,1,23,90
2025-12-20 04:04:29.408511,1,2,1,20,87
2025-12-20 04:04:33.159334,1,2,7,18,85
2025-12-20 04:04:37.019150,1,2,22,17,85
2025-12-20 04:04:39.979958,1,2,4,15,85
2025-12-20 04:04:44.296528,1,2,9,15,82
2025-12-20 04:04:47.147495,1,2,2,15,79
2025-12-20 04:04:50.062577,1,2,12,14,76
2025-12-20 04:04:53.418435,1,2,44,14,73
2025-12-20 04:04:57.180456,1,2,18,14,100
2025-12-20 04:05:00.091498,1,2,1,24,100
2025-12-20 04:05:04.057413,1,2,6,23,100
2025-12-20 04:05:06.959099,1,1,1,24,100
2025-12-20 04:05:09.778335,1,2,1,24,100
2025-12-20 04:05:13.583180,1,1,1,20,100
2025-12-20 04:05:17.436517,1,1,1,16,100
2025-12-20 04:05:20.794989,1,1,1,14,100
2025-12-20 04:05:23.606070,1,1,1,13,95
2025-12-20 04:05:27.514494,1,1,1,13,89
2025-12-20 04:05:30.375834,1,1,1,14,83
2025-12-20 04:05:33.184423,1,1,1,16,77
2025-12-20 04:05:37.043831,1,1,1,17,73
2025-12-20 04:05:40.003410,1,1,1,19,70
2025-12-20 04:05:43.313813,1,1,1,20,67
2025-12-20 04:05:47.172553,1,1,1,21,64
2025-12-20 04:05:50.098028,1,1,1,21,63
2025-12-20 04:05:53.441280,1,1,1,21,63
2025-12-20 04:05:57.201403,1,1,1,19,63
2025-12-20 04:06:01.063084,1,1,1,20,63
2025-12-20 04:06:03.971673,1,1,1,19,63
2025-12-20 04:06:06.782902,1,1,1,19,63
2025-12-20 04:06:10.639439,1,1,1,21,63
2025-12-20 04:06:13.548543,1,1,1,18,63
2025-12-20 04:06:16.359355,1,1,1,16,63
2025-12-20 04:06:20.169589,1,1,1,17,63
2025-12-20 04:06:23.089546,1,1,1,19,63
2025-12-20 04:06:26.988978,1,1,1,20,63
2025-12-20 04:06:29.798466,1,1,1,21,63
2025-12-20 04:06:32.661249,1,1,1,22,63
2025-12-20 04:06:36.521933,1,1,1,22,63
2025-12-20 04:06:39.829782,1,1,1,23,63
2025-12-20 04:06:42.636274,1,1,1,23,63
2025-12-20 04:06:45.548330,1,1,1,23,63
2025-12-20 04:06:48.406256,1,1,1,23,63
2025-12-20 04:06:52.220241,1,1,1,23,63
2025-12-20 04:06:55.128666,1,1,1,23,63
2025-12-20 04:06:58.038268,1,1,1,23,63
2025-12-20 04:07:01.356301,1,1,1,24,63
2025-12-20 04:07:05.209587,1,1,1,24,62
2025-12-20 04:07:08.116048,1,1,1,24,62
2025-12-20 04:07:11.473315,1,1,1,24,62
2025-12-20 04:07:15.235681,1,1,1,24,62
2025-12-20 04:07:19.092975,1,1,1,21,62
2025-12-20 04:07:22.004624,1,1,1,18,62
2025-12-20 04:07:24.816588,1,1,1,18,62
2025-12-20 04:07:28.679952,1,1,1,20,65
2025-12-20 04:07:31.591322,1,1,1,21,68
2025-12-20 04:07:34.389321,1,1,1,22,71
2025-12-20 04:07:38.200598,1,1,1,22,74
2025-12-20 04:07:41.110525,1,1,1,21,77
2025-12-20 04:07:45.020491,1,1,1,21,77
2025-12-20 04:07:47.829380,1,1,1,19,74
2025-12-20 04:07:51.189257,1,1,1,17,74
2025-12-20 04:07:54.608565,1,1,1,18,74
2025-12-20 04:07:57.458823,1,1,1,18,74
2025-12-20 04:08:00.216405,1,1,1,17,74
2025-12-20 04:08:04.131527,1,1,1,17,74
2025-12-20 04:08:07.054490,1,1,1,17,74
2025-12-20 04:08:09.848766,1,1,1,17,74
2025-12-20 04:08:13.655644,1,1,1,15,74
2025-12-20 04:08:17.522756,1,1,1,15,74
2025-12-20 04:08:20.874784,1,1,1,14,74
2025-12-20 04:08:23.699093,1,1,1,17,74
2025-12-20 04:08:27.593224,1,1,1,19,74
2025-12-20 04:08:31.799313,1,1,1,20,74
2025-12-20 04:08:33.262550,1,1,1,21,74
2025-12-20 04:08:37.122367,1,1,1,22,74
2025-12-20 04:08:40.083726,1,1,1,22,74
2025-12-20 04:08:43.390746,1,1,1,22,72
2025-12-20 04:08:47.251153,1,1,1,23,72
2025-12-20 04:08:50.162734,1,1,1,23,72
2025-12-20 04:08:53.521077,1,1,1,23,69
2025-12-20 04:08:57.282912,1,1,1,23,66
2025-12-20 04:09:01.143074,1,1,1,23,66
2025-12-20 04:09:04.048350,1,1,1,23,67
2025-12-20 04:09:06.864974,1,1,1,23,70
2025-12-20 04:09:10.719095,1,1,1,22,73
2025-12-20 04:09:13.625840,1,1,1,21,76
2025-12-20 04:09:16.432817,1,1,1,22,73
2025-12-20 04:09:20.245462,1,1,1,22,72
2025-12-20 04:09:23.157253,1,1,1,23,72
2025-12-20 04:09:27.064701,1,1,1,23,72
2025-12-20 04:09:29.874103,1,1,1,23,72
2025-12-20 04:09:32.739090,1,1,1,23,72
2025-12-20 04:09:36.594114,1,1,1,23,72
2025-12-20 04:09:39.902203,1,1,1,23,72
2025-12-20 04:09:43.263826,1,1,1,22,72
2025-12-20 04:09:46.170828,1,1,1,22,72
2025-12-20 04:09:49.081216,1,1,1,23,72
2025-12-20 04:09:51.889044,1,1,1,23,72
2025-12-20 04:09:55.699230,1,1,1,23,72
2025-12-20 04:09:59.559345,1,1,1,23,73
2025-12-20 04:10:03.538431,1,2,1,22,78
2025-12-20 04:10:06.279277,1,1,1,20,75
2025-12-20 04:10:10.197714,1,1,1,19,72
2025-12-20 04:10:13.097799,1,1,1,18,69
2025-12-20 04:10:15.906533,1,1,1,18,66
2025-12-20 04:10:19.719678,1,1,1,17,65
2025-12-20 04:10:23.576608,1,1,1,16,65
2025-12-20 04:10:27.083705,1,1,1,16,63
2025-12-20 04:10:29.894724,1,1,1,16,63
2025-12-20 04:10:32.754099,1,1,1,16,63
2025-12-20 04:10:36.622205,1,1,1,16,63
2025-12-20 04:10:39.921949,1,1,1,16,63
2025-12-20 04:10:43.731354,1,1,1,16,63
2025-12-20 04:10:46.642679,1,1,1,17,63
2025-12-20 04:10:49.451888,1,1,1,18,63
2025-12-20 04:10:53.308590,1,1,1,18,63
2025-12-20 04:10:56.220464,1,1,1,18,63
2025-12-20 04:10:59.579852,1,1,1,18,62
2025-12-20 04:11:03.339196,1,1,1,18,62
2025-12-20 04:11:06.255448,1,1,1,18,65
2025-12-20 04:11:09.656278,1,1,1,18,68
2025-12-20 04:11:12.515375,1,1,1,16,70
2025-12-20 04:11:15.330021,1,2,9,16,70
2025-12-20 04:11:19.185810,1,2,21,17,70
2025-12-20 04:11:22.494767,1,2,8,15,67
2025-12-20 04:11:26.906117,1,1,1,14,65
2025-12-20 04:11:29.813292,1,2,3,13,65
2025-12-20 04:11:33.674235,1,1,1,13,65
2025-12-20 04:11:36.534200,1,1,1,12,65
2025-12-20 04:11:39.392323,1,2,3,12,65
2025-12-20 04:11:43.204091,1,1,2,11,64
2025-12-20 04:11:46.164370,1,2,7,12,64
2025-12-20 04:11:49.472570,1,2,1,12,64
2025-12-20 04:11:53.330806,1,2,2,12,64
2025-12-20 04:11:56.242581,1,2,9,12,64
2025-12-20 04:11:59.602194,1,1,3,12,64
2025-12-20 04:12:03.360164,1,1,1,12,64
2025-12-20 04:12:07.221405,1,2,1,12,64
2025-12-20 04:12:10.131858,1,1,1,12,64
2025-12-20 04:12:12.941009,1,2,1,12,64
2025-12-20 04:12:16.849726,1,2,4,12,64
2025-12-20 04:12:19.712062,1,1,1,13,64
2025-12-20 04:12:22.519758,1,2,4,13,64
2025-12-20 04:12:26.829797,1,1,1,13,64
2025-12-20 04:12:30.637944,1,2,1,13,64
2025-12-20 04:12:33.956833,1,2,2,13,64
2025-12-20 04:12:38.256895,1,2,3,16,64
2025-12-20 04:12:41.619608,1,1,5,14,64
2025-12-20 04:12:45.376981,1,1,1,14,64
2025-12-20 04:12:49.238007,1,2,3,15,64
2025-12-20 04:12:52.148126,1,2,8,14,64
2025-12-20 04:12:54.958049,1,1,1,14,64
2025-12-20 04:12:58.818249,1,2,2,18,64
2025-12-20 04:13:01.732631,1,2,5,19,64
2025-12-20 04:13:04.537714,1,1,1,20,65
2025-12-20 04:13:08.351145,1,2,1,21,65
2025-12-20 04:13:11.265315,1,2,4,22,65
2025-12-20 04:13:15.178748,1,1,1,22,65
2025-12-20 04:13:17.979261,1,1,2,23,65
2025-12-20 04:13:20.840948,1,2,5,23,65
2025-12-20 04:13:24.697905,1,1,2,23,65
2025-12-20 04:13:28.219502,1,1,1,23,65
2025-12-20 04:13:31.518338,1,2,3,23,67
2025-12-20 04:13:35.428388,1,2,3,23,68
2025-12-20 04:13:38.288460,1,1,1,23,71
2025-12-20 04:13:41.651053,1,2,1,23,74
2025-12-20 04:13:45.409560,1,2,5,23,75
2025-12-20 04:13:48.818929,1,1,1,23,72
2025-12-20 04:13:51.728205,1,2,2,24,72
2025-12-20 04:13:54.589122,1,2,4,24,72
2025-12-20 04:13:57.450535,1,1,1,24,72
2025-12-20 04:14:01.259762,1,2,2,24,73
2025-12-20 04:14:04.568936,1,2,4,22,76
2025-12-20 04:14:08.527178,1,1,1,22,75
2025-12-20 04:14:12.340689,1,1,1,23,76
2025-12-20 04:14:16.199410,1,2,1,23,76
2025-12-20 04:14:19.009733,1,1,5,23,76
2025-12-20 04:14:22.866342,1,1,1,23,76
2025-12-20 04:14:25.777276,1,2,2,22,74
2025-12-20 04:14:29.588825,1,1,1,19,72
2025-12-20 04:14:32.399558,1,2,1,17,72
2025-12-20 04:14:35.309518,1,1,3,15,72
2025-12-20 04:14:39.219938,1,1,1,17,72
2025-12-20 04:14:42.028798,1,1,1,19,72
2025-12-20 04:14:44.938601,1,2,2,17,74
2025-12-20 04:14:49.252156,1,1,1,15,76
2025-12-20 04:14:52.557910,1,2,1,13,76
2025-12-20 04:14:56.371924,1,2,3,12,76
2025-12-20 04:15:00.230319,1,2,5,12,76
2025-12-20 04:15:03.061644,1,1,4,12,76
2025-12-20 04:15:05.899337,1,2,20,11,79
2025-12-20 04:15:09.756888,1,2,17,11,82
2025-12-20 04:15:12.615886,1,2,21,11,85
2025-12-20 04:15:15.425479,1,2,27,11,85
2025-12-20 04:15:19.286561,1,2,7,11,83
2025-12-20 04:15:22.599145,1,2,9,11,80
2025-12-20 04:15:26.907001,1,1,1,11,74
2025-12-20 04:15:29.769367,1,1,1,11,72
2025-12-20 04:15:32.633188,1,2,2,13,72
2025-12-20 04:15:35.435348,1,2,2,15,72
2025-12-20 04:15:38.344196,1,1,3,17,72
2025-12-20 04:15:41.704406,1,2,3,19,72
2025-12-20 04:15:45.465314,1,2,2,20,72
2025-12-20 04:15:48.324342,1,2,1,20,72
2025-12-20 04:15:51.234844,1,2,2,21,75
2025-12-20 04:15:54.044155,1,1,3,21,78
2025-12-20 04:15:56.906098,1,2,1,21,79
2025-12-20 04:16:00.763500,1,2,3,21,76
2025-12-20 04:16:04.073548,1,2,8,22,75
2025-12-20 04:16:06.882218,1,1,1,21,78
2025-12-20 04:16:09.793514,1,2,5,18,81
2025-12-20 04:16:12.650968,1,2,3,18,81
2025-12-20 04:16:15.509190,1,2,1,19,77
2025-12-20 04:16:19.319873,1,2,2,20,74
2025-12-20 04:16:22.629636,1,2,4,21,71
2025-12-20 04:16:25.437263,1,1,1,21,69
2025-12-20 04:16:28.348287,1,2,3,20,69
2025-12-20 04:16:31.258486,1,2,2,18,69
2025-12-20 04:16:34.066682,1,2,2,18,69
2025-12-20 04:16:38.376821,1,2,4,16,67
2025-12-20 04:16:41.738804,1,1,1,14,64
2025-12-20 04:16:45.094012,1,1,2,16,64
2025-12-20 04:16:47.953372,1,2,7,17,64
2025-12-20 04:16:51.812450,1,1,1,18,64
2025-12-20 04:16:54.674415,1,1,1,20,64
2025-12-20 04:16:57.480563,1,1,1,21,64
2025-12-20 04:17:01.340571,1,1,1,22,64
2025-12-20 04:17:04.661120,1,2,2,21,64
2025-12-20 04:17:07.459420,1,1,2,20,64
2025-12-20 04:17:10.368832,1,2,1,21,64
2025-12-20 04:17:13.279150,1,2,2,21,64
2025-12-20 04:17:16.087539,1,1,4,21,64
2025-12-20 04:17:19.897964,1,2,1,22,64
2025-12-20 04:17:23.760281,1,1,1,22,64
2025-12-20 04:17:27.667453,1,1,1,21,64
2025-12-20 04:17:30.525752,1,2,3,22,67
2025-12-20 04:17:34.394733,1,2,5,23,70
2025-12-20 04:17:37.296415,1,2,2,23,72
2025-12-20 04:17:40.106347,1,2,6,23,75
2025-12-20 04:17:43.915042,1,2,4,24,78
2025-12-20 04:17:46.825837,1,1,1,24,81
2025-12-20 04:17:49.636957,1,1,1,24,84
2025-12-20 04:17:54.947055,1,2,1,24,90
2025-12-20 04:17:57.860080,1,2,4,24,93
2025-12-20 04:18:00.716632,1,1,1,25,96
2025-12-20 04:18:03.542181,1,2,3,25,98
2025-12-20 04:18:07.334593,1,2,5,25,98
2025-12-20 04:18:10.643957,1,2,1,23,98
2025-12-20 04:18:14.458532,1,1,1,23,96
2025-12-20 04:18:18.315979,1,1,1,23,93
2025-12-20 04:18:21.130405,1,2,6,23,93
2025-12-20 04:18:24.487600,1,1,3,23,93
2025-12-20 04:18:28.398120,1,1,3,24,93
2025-12-20 04:18:31.314281,1,2,1,24,93
2025-12-20 04:18:34.119252,1,1,5,24,93
2025-12-20 04:18:37.926589,1,1,3,24,93
2025-12-20 04:18:41.788929,1,1,1,24,93
2025-12-20 04:18:45.549264,1,1,4,24,90
2025-12-20 04:18:49.365433,1,2,1,22,87
2025-12-20 04:18:52.664410,1,2,2,19,85
2025-12-20 04:18:57.028517,1,2,1,17,85
2025-12-20 04:19:00.835702,1,2,4,16,85
2025-12-20 04:19:04.147096,1,2,1,15,82
2025-12-20 04:19:08.453833,1,2,2,15,81
2025-12-20 04:19:12.815685,1,2,1,15,81
2025-12-20 04:19:16.124852,1,2,2,14,81
2025-12-20 04:19:19.932716,1,2,2,15,78
2025-12-20 04:19:23.792819,1,2,3,17,76
2025-12-20 04:19:27.553005,1,2,4,19,82
2025-12-20 04:19:31.413585,1,1,2,19,85
2025-12-20 04:19:34.321624,1,1,3,20,87
2025-12-20 04:19:37.130636,1,1,2,20,87
2025-12-20 04:19:40.989446,1,2,4,22,87
2025-12-20 04:19:44.404011,1,2,3,23,88
2025-12-20 04:19:47.763527,1,2,7,23,92
2025-12-20 04:19:50.623467,1,2,1,24,92
2025-12-20 04:19:53.433674,1,2,6,24,92
2025-12-20 04:19:57.346185,1,1,4,21,92
2025-12-20 04:20:00.151637,1,2,7,19,86
2025-12-20 04:20:03.020295,1,2,2,18,80
2025-12-20 04:20:06.869996,1,2,1,17,77
2025-12-20 04:20:10.180318,1,2,2,16,74
2025-12-20 04:20:12.996081,1,1,1,15,71
2025-12-20 04:20:15.898785,1,1,1,15,71
2025-12-20 04:20:18.761893,1,2,2,14,71
2025-12-20 04:20:21.617730,1,1,1,14,71
2025-12-20 04:20:25.428995,1,2,1,14,71
2025-12-20 04:20:28.736983,1,2,1,14,71
2025-12-20 04:20:31.602077,1,2,7,14,71
2025-12-20 04:20:34.458267,1,2,11,14,71
2025-12-20 04:20:37.370185,1,2,2,14,71
2025-12-20 04:20:40.177252,1,2,1,14,71
2025-12-20 04:20:44.486582,1,1,1,14,71
2025-12-20 04:20:47.846570,1,2,1,14,71
2025-12-20 04:20:51.756114,1,1,3,14,71
2025-12-20 04:20:54.563725,1,2,1,14,71
2025-12-20 04:20:58.478198,1,2,1,14,71
2025-12-20 04:21:01.390460,1,2,4,14,71
2025-12-20 04:21:04.193402,1,2,7,14,71
2025-12-20 04:21:08.002612,1,1,6,14,71
2025-12-20 04:21:10.911542,1,2,1,14,71
2025-12-20 04:21:13.724713,1,2,2,14,71
2025-12-20 04:21:19.081764,1,2,5,14,71
2025-12-20 04:21:21.944490,1,2,2,14,71
2025-12-20 04:21:24.803542,1,2,2,14,71
2025-12-20 04:21:27.612392,1,2,1,14,71
2025-12-20 04:21:31.421119,1,2,2,15,73
2025-12-20 04:21:34.743301,1,2,2,15,76
2025-12-20 04:21:38.543112,1,2,1,15,79
2025-12-20 04:21:42.902752,1,2,3,15,81
2025-12-20 04:21:46.212603,1,2,8,15,81
2025-12-20 04:21:50.520073,1,1,4,15,81
2025-12-20 04:21:54.382278,1,1,3,15,81
2025-12-20 04:21:57.192572,1,2,1,15,81
2025-12-20 04:22:00.102615,1,2,8,15,81
2025-12-20 04:22:03.415071,1,2,4,15,81
2025-12-20 04:22:06.227063,1,1,2,15,81
2025-12-20 04:22:09.082372,1,1,1,15,81
2025-12-20 04:22:11.941453,1,1,1,15,81
2025-12-20 04:22:14.805665,1,2,3,15,81
2025-12-20 04:22:17.615057,1,1,2,15,81
2025-12-20 04:22:20.522587,1,2,1,15,83
2025-12-20 04:22:24.433676,1,2,3,15,83
2025-12-20 04:22:29.904521,1,1,3,15,83
2025-12-20 04:22:33.207532,1,2,1,15,83
2025-12-20 04:22:36.068297,1,2,2,15,83
2025-12-20 04:22:39.986531,1,1,1,15,83
2025-12-20 04:22:42.837213,1,1,1,15,83
2025-12-20 04:22:45.699682,1,2,1,15,83
2025-12-20 04:22:48.509547,1,1,2,15,83
2025-12-20 04:22:51.418954,1,2,6,15,83
2025-12-20 04:22:54.230091,1,1,4,15,83
2025-12-20 04:22:57.137912,1,2,11,14,81
2025-12-20 04:23:00.951954,1,1,2,14,81
2025-12-20 04:23:04.807690,1,2,6,15,81
2025-12-20 04:23:07.669640,1,1,1,15,76
2025-12-20 04:23:10.527942,1,2,1,15,72
2025-12-20 04:23:13.450158,1,1,3,15,69
2025-12-20 04:23:16.249724,1,1,5,15,66
2025-12-20 04:23:20.559363,1,2,2,15,65
2025-12-20 04:23:25.519717,1,2,2,15,65
2025-12-20 04:23:28.432417,1,1,2,15,65
2025-12-20 04:23:31.254552,1,1,4,15,65
2025-12-20 04:23:35.101317,1,1,4,15,65
2025-12-20 04:23:38.009069,1,2,5,15,65
2025-12-20 04:23:40.830667,1,1,1,16,65
2025-12-20 04:23:43.631453,1,2,4,15,65
2025-12-20 04:23:46.541570,1,2,5,15,65
2025-12-20 04:23:49.449311,1,1,2,15,65
2025-12-20 04:23:52.260515,1,1,2,15,65
2025-12-20 04:23:56.069241,1,2,8,15,66
2025-12-20 04:23:59.929712,1,1,5,15,67
2025-12-20 04:24:03.287751,1,2,1,15,67
2025-12-20 04:24:06.146950,1,2,6,15,65
2025-12-20 04:24:10.007389,1,2,3,15,63
2025-12-20 04:24:12.867735,1,2,5,15,63
2025-12-20 04:24:15.725683,1,2,2,15,63
2025-12-20 04:24:19.536992,1,2,2,15,63
2025-12-20 04:24:22.997265,1,2,8,15,63
2025-12-20 04:24:25.805398,1,1,1,15,64
2025-12-20 04:24:31.168837,1,2,1,15,70
2025-12-20 04:24:34.028819,1,2,5,15,73
2025-12-20 04:24:36.887394,1,1,2,15,75
2025-12-20 04:24:39.748305,1,2,3,14,75
2025-12-20 04:24:43.158480,1,2,8,14,75
2025-12-20 04:24:46.016963,1,2,3,14,75
2025-12-20 04:24:48.876122,1,2,3,14,75
2025-12-20 04:24:51.684999,1,2,5,14,75
2025-12-20 04:24:55.548281,1,2,10,14,75
2025-12-20 04:24:58.853985,1,2,2,14,75
2025-12-20 04:25:01.672638,1,2,4,15,75
2025-12-20 04:25:04.578006,1,2,4,15,75
2025-12-20 04:25:07.488183,1,1,1,16,75
2025-12-20 04:25:10.294540,1,1,3,16,75
2025-12-20 04:25:14.109912,1,1,8,16,75
2025-12-20 04:25:17.960345,1,2,11,17,75
2025-12-20 04:25:21.319410,1,2,3,17,71
2025-12-20 04:25:24.130141,1,2,3,17,70
2025-12-20 04:25:28.040032,1,1,3,17,67
2025-12-20 04:25:30.899996,1,2,8,17,64
2025-12-20 04:25:33.757562,1,2,1,17,62
2025-12-20 04:25:37.569997,1,2,2,17,62
2025-12-20 04:25:41.481509,1,1,1,17,62
2025-12-20 04:25:44.292979,1,1,2,17,62
2025-12-20 04:25:47.201457,1,1,1,17,62
2025-12-20 04:25:50.514513,1,1,4,17,62
2025-12-20 04:25:53.319910,1,1,2,17,62
2025-12-20 04:25:56.230898,1,2,4,17,62
2025-12-20 04:25:59.590973,1,2,5,17,62
2025-12-20 04:26:03.499811,1,2,6,17,62
2025-12-20 04:26:06.309447,1,2,4,17,62
2025-12-20 04:26:09.219757,1,2,1,17,62
2025-12-20 04:26:13.030308,1,1,2,17,62
2025-12-20 04:26:16.344553,1,2,3,17,62
2025-12-20 04:26:19.150857,1,2,4,17,62
2025-12-20 04:26:22.061023,1,1,2,17,62
2025-12-20 04:26:24.922296,1,2,1,17,62
2025-12-20 04:26:27.727306,1,2,3,17,62
2025-12-20 04:26:31.587800,1,2,3,17,65
2025-12-20 04:26:34.896687,1,1,9,16,68
2025-12-20 04:26:37.754072,1,1,3,16,69
2025-12-20 04:26:40.665847,1,1,2,16,69
2025-12-20 04:26:44.075572,1,2,3,16,69
2025-12-20 04:26:46.889009,1,2,6,16,69
2025-12-20 04:26:51.247814,1,1,3,15,69
2025-12-20 04:26:55.059537,1,1,2,15,69
2025-12-20 04:26:57.917508,1,1,1,15,69
2025-12-20 04:27:00.777807,1,2,6,15,69
2025-12-20 04:27:04.634579,1,2,6,15,69
2025-12-20 04:27:07.544561,1,2,4,15,69
2025-12-20 04:27:10.350623,1,2,1,15,69
2025-12-20 04:27:14.660948,1,1,3,15,69
2025-12-20 04:27:18.571704,1,2,2,15,69
2025-12-20 04:27:21.934419,1,2,1,15,69
2025-12-20 04:27:24.744867,1,1,1,15,69
2025-12-20 04:27:29.606673,1,1,8,15,69
2025-12-20 04:27:32.966411,1,2,2,15,70
2025-12-20 04:27:35.825887,1,2,3,15,70
2025-12-20 04:27:38.636010,1,1,1,15,72
2025-12-20 04:27:41.996203,1,1,3,15,75
2025-12-20 04:27:45.755345,1,1,2,15,76
2025-12-20 04:27:49.614892,1,2,3,16,76
2025-12-20 04:27:52.925878,1,2,3,16,76
2025-12-20 04:27:56.738390,1,2,3,16,76
2025-12-20 04:27:59.647859,1,1,8,16,76
2025-12-20 04:28:04.009424,1,2,1,16,76
2025-12-20 04:28:07.767606,1,2,1,16,76
2025-12-20 04:28:10.684107,1,1,3,16,76
2025-12-20 04:28:13.592226,1,1,3,16,76
2025-12-20 04:28:16.954383,1,1,2,16,76
2025-12-20 04:28:19.808829,1,2,5,16,76
2025-12-20 04:28:22.668639,1,2,1,16,74
2025-12-20 04:28:25.577559,1,2,1,16,75
2025-12-20 04:28:28.396994,1,1,2,16,78
2025-12-20 04:28:32.195841,1,2,2,16,81
2025-12-20 04:28:35.157892,1,2,1,16,84
2025-12-20 04:28:40.068242,1,1,1,16,84
2025-12-20 04:28:42.979845,1,2,11,16,84
2025-12-20 04:28:45.794923,1,2,6,17,84
2025-12-20 04:28:49.646187,1,2,3,17,84
2025-12-20 04:28:52.957088,1,2,2,17,81
2025-12-20 04:28:56.416518,1,1,2,17,78
2025-12-20 04:28:59.225651,1,2,4,17,77
2025-12-20 04:29:02.134751,1,2,1,17,76
2025-12-20 04:29:04.943112,1,2,4,17,76
2025-12-20 04:29:08.757661,1,2,4,17,76
2025-12-20 04:29:13.112771,1,2,1,17,76
2025-12-20 04:29:16.421867,1,2,1,17,76
2025-12-20 04:29:19.234618,1,2,4,17,77
2025-12-20 04:29:22.141867,1,1,1,15,79
2025-12-20 04:29:25.000760,1,2,5,15,77
2025-12-20 04:29:27.809841,1,2,1,16,74
2025-12-20 04:29:31.671677,1,2,3,18,74
2025-12-20 04:29:35.182757,1,2,5,14,74
2025-12-20 04:29:39.591998,1,2,10,13,74
2025-12-20 04:29:42.400695,1,2,21,13,74
2025-12-20 04:29:45.260526,1,2,5,12,74
2025-12-20 04:29:49.118638,1,2,13,12,74
2025-12-20 04:29:52.430433,1,2,3,12,77
2025-12-20 04:29:56.737678,1,1,1,12,80
2025-12-20 04:30:00.146677,1,1,1,11,86
2025-12-20 04:30:03.006390,1,2,1,11,86
2025-12-20 04:30:05.867803,1,2,1,13,86
2025-12-20 04:30:08.727974,1,1,4,14,86
2025-12-20 04:30:12.088325,1,1,1,14,86
2025-12-20 04:30:16.948009,1,1,3,12,86
2025-12-20 04:30:20.759089,1,2,3,13,86
2025-12-20 04:30:25.120376,1,2,8,15,86
2025-12-20 04:30:28.429194,1,2,4,17,86
2025-12-20 04:30:32.735547,1,1,4,15,86
2025-12-20 04:30:36.095263,1,1,1,16,86
2025-12-20 04:30:39.906127,1,1,1,15,84
2025-12-20 04:30:42.715315,1,2,9,14,81
2025-12-20 04:30:45.625597,1,2,13,13,78
2025-12-20 04:30:48.440772,1,2,14,13,75
2025-12-20 04:30:51.292216,1,2,31,12,74
2025-12-20 04:30:55.151004,1,2,23,23,100
2025-12-20 04:30:58.462438,1,1,1,24,100
2025-12-20 04:31:01.272005,1,1,1,23,100
2025-12-20 04:31:04.182141,1,1,1,24,100
2025-12-20 04:31:07.038956,1,1,1,24,100
2025-12-20 04:31:09.850742,1,1,1,24,100
2025-12-20 04:31:13.709978,1,1,1,22,100
2025-12-20 04:31:17.018802,1,1,1,17,100
2025-12-20 04:31:19.828677,1,1,1,19,100
2025-12-20 04:31:22.738571,1,1,1,18,99
2025-12-20 04:31:25.648127,1,1,1,15,93
2025-12-20 04:31:28.465821,1,1,1,15,87
2025-12-20 04:31:32.264538,1,1,1,12,81
2025-12-20 04:31:36.126143,1,1,1,11,75
2025-12-20 04:31:39.483447,1,1,1,11,67
2025-12-20 04:31:42.295657,1,1,1,11,64
2025-12-20 04:31:46.205986,1,1,1,11,62
2025-12-20 04:31:49.065238,1,1,1,11,62
2025-12-20 04:31:51.876709,1,1,1,11,62
2025-12-20 04:31:55.734142,1,1,1,12,62
2025-12-20 04:31:59.244146,1,2,1,17,62
2025-12-20 04:32:03.654080,1,1,1,19,62
2025-12-20 04:32:06.463230,1,1,1,19,62
2025-12-20 04:32:09.324666,1,1,1,19,62
2025-12-20 04:32:13.183612,1,1,1,20,62
2025-12-20 04:32:16.493834,1,1,1,21,64
2025-12-20 04:32:19.864392,1,1,1,22,67
2025-12-20 04:32:23.762495,1,1,1,23,70
2025-12-20 04:32:27.673051,1,1,1,23,76
2025-12-20 04:32:30.481812,1,1,1,23,79
2025-12-20 04:32:33.340932,1,1,2,23,82
2025-12-20 04:32:37.200314,1,1,1,23,84
2025-12-20 04:32:40.110116,1,1,1,22,84
2025-12-20 04:32:42.870273,1,1,1,20,82
2025-12-20 04:32:46.780008,1,1,1,18,78
2025-12-20 04:32:49.687913,1,1,1,16,75
2025-12-20 04:32:52.496961,1,1,1,16,72
2025-12-20 04:32:56.307454,1,1,1,14,69
2025-12-20 04:33:00.166716,1,1,1,16,68
2025-12-20 04:33:03.676382,1,1,1,15,66
2025-12-20 04:33:06.484442,1,1,1,14,66
2025-12-20 04:33:09.345310,1,1,1,14,66
2025-12-20 04:33:13.204289,1,1,1,13,66
2025-12-20 04:33:16.514850,1,1,1,13,66
2025-12-20 04:33:20.337632,1,1,1,17,66
2025-12-20 04:33:23.236784,1,1,1,18,66
2025-12-20 04:33:26.052692,1,1,1,18,66
2025-12-20 04:33:29.907995,1,1,1,17,66
2025-12-20 04:33:32.837436,1,1,1,16,66
2025-12-20 04:33:36.170243,1,1,1,15,68
2025-12-20 04:33:39.929684,1,1,1,14,74
2025-12-20 04:33:42.842185,1,1,1,13,77
2025-12-20 04:33:46.250177,1,1,1,15,80
2025-12-20 04:33:49.107881,1,1,2,16,83
2025-12-20 04:33:51.923203,1,1,1,15,86
2025-12-20 04:33:55.776832,1,1,1,15,82
2025-12-20 04:33:59.092080,1,1,1,13,78
2025-12-20 04:34:02.546142,1,1,1,13,75
2025-12-20 04:34:05.355761,1,1,1,13,72
2025-12-20 04:34:08.266634,1,1,1,14,70
2025-12-20 04:34:11.074462,1,1,1,15,70
2025-12-20 04:34:14.884438,1,1,1,14,70
2025-12-20 04:34:19.250852,1,1,1,13,66
2025-12-20 04:34:22.553805,1,1,1,12,63
2025-12-20 04:34:25.365901,1,1,1,12,62
2025-12-20 04:34:28.278196,1,1,1,11,62
2025-12-20 04:34:31.133318,1,1,1,11,62
2025-12-20 04:34:33.942330,1,1,1,12,62
2025-12-20 04:34:37.801059,1,1,1,12,62
2025-12-20 04:34:41.110806,1,1,1,12,62
2025-12-20 04:34:43.925008,1,1,1,12,62
2025-12-20 04:34:46.833286,1,1,1,12,62
2025-12-20 04:34:49.740433,1,1,1,12,62
2025-12-20 04:34:52.549330,1,2,1,12,62
2025-12-20 04:34:56.858294,1,1,1,12,62
2025-12-20 04:35:00.217585,1,1,1,12,62
2025-12-20 04:35:03.733180,1,1,1,12,62
2025-12-20 04:35:06.535578,1,1,1,12,62
2025-12-20 04:35:09.397068,1,1,1,12,62
2025-12-20 04:35:13.255364,1,1,1,15,62
2025-12-20 04:35:16.568675,1,1,1,17,62
2025-12-20 04:35:20.386725,1,1,1,20,62
2025-12-20 04:35:23.293635,1,1,1,18,62
2025-12-20 04:35:26.095266,1,1,1,16,62
2025-12-20 04:35:29.952616,1,1,1,14,62
2025-12-20 04:35:32.866807,1,1,1,13,62
2025-12-20 04:35:36.225782,1,1,1,14,62
2025-12-20 04:35:39.984434,1,1,1,16,62
2025-12-20 04:35:43.896626,1,1,1,18,62
2025-12-20 04:35:47.304064,1,1,1,17,62
2025-12-20 04:35:50.612126,1,1,1,15,62
2025-12-20 04:35:53.422741,1,1,1,14,62
2025-12-20 04:35:56.333796,1,1,1,13,62
2025-12-20 04:35:59.145355,1,1,1,13,62
2025-12-20 04:36:03.154640,1,1,1,13,62
2025-12-20 04:36:05.967504,1,1,1,12,62
2025-12-20 04:36:08.872915,1,1,1,12,62
2025-12-20 04:36:12.233320,1,1,1,12,62
2025-12-20 04:36:15.991883,1,1,1,12,62
2025-12-20 04:36:19.851860,1,1,1,12,62
2025-12-20 04:36:23.812905,1,1,1,12,62
2025-12-20 04:36:27.172471,1,1,1,11,63
2025-12-20 04:36:29.981024,1,1,1,11,63
2025-12-20 04:36:32.897932,1,1,1,11,66
2025-12-20 04:36:36.250932,1,1,1,11,68
2025-12-20 04:36:40.020614,1,1,1,11,68
2025-12-20 04:36:43.870185,1,1,1,11,68
2025-12-20 04:36:46.781473,1,1,1,11,68
2025-12-20 04:36:49.590354,1,1,1,11,68
2025-12-20 04:36:53.450761,1,1,1,11,68
2025-12-20 04:36:56.361515,1,1,1,11,68
2025-12-20 04:36:59.168627,1,1,1,11,68
2025-12-20 04:37:01.988949,1,1,1,11,68
2025-12-20 04:37:04.891520,1,1,1,13,71
2025-12-20 04:37:07.800174,1,1,1,12,74
2025-12-20 04:37:10.608512,1,1,1,12,74
2025-12-20 04:37:14.421784,1,1,1,13,74
2025-12-20 04:37:18.280587,1,1,1,12,74
2025-12-20 04:37:22.289040,1,1,1,12,74
2025-12-20 04:37:25.198722,1,1,1,12,74
2025-12-20 04:37:28.008506,1,1,1,12,74
2025-12-20 04:37:31.867797,1,1,1,12,74
2025-12-20 04:37:35.177310,1,1,1,12,74
2025-12-20 04:37:38.988816,1,1,1,12,74
2025-12-20 04:37:41.900517,1,1,1,12,72
2025-12-20 04:37:45.809520,1,1,1,12,70
2025-12-20 04:37:48.622277,1,1,1,12,70
2025-12-20 04:37:51.481321,1,1,1,12,67
2025-12-20 04:37:55.339311,1,1,1,12,66
2025-12-20 04:37:58.656440,1,1,1,12,66
2025-12-20 04:38:01.458589,1,1,1,12,66
2025-12-20 04:38:04.366652,1,1,1,12,66
2025-12-20 04:38:07.226938,1,1,1,12,66
2025-12-20 04:38:10.034376,1,2,1,12,66
2025-12-20 04:38:13.896318,1,1,1,12,66
2025-12-20 04:38:17.205289,1,1,1,12,66
2025-12-20 04:38:21.218724,1,1,1,12,66
2025-12-20 04:38:24.025894,1,1,1,12,66
2025-12-20 04:38:26.938027,1,1,1,12,65
2025-12-20 04:38:30.296634,1,1,1,12,65
2025-12-20 04:38:34.056105,1,1,1,12,65
2025-12-20 04:38:37.921474,1,1,1,12,65
2025-12-20 04:38:40.848183,1,1,1,12,65
2025-12-20 04:38:43.634032,1,1,1,12,65
2025-12-20 04:38:47.493233,1,1,1,12,65
2025-12-20 04:38:50.401934,1,1,1,12,65
2025-12-20 04:38:53.210528,1,1,1,12,65
2025-12-20 04:38:57.023339,1,1,1,12,65
2025-12-20 04:38:59.940286,1,1,1,12,65
2025-12-20 04:39:03.842094,1,1,1,12,63
2025-12-20 04:39:06.651139,1,1,1,12,63
2025-12-20 04:39:09.510095,1,1,1,12,63
2025-12-20 04:39:13.367718,1,1,1,12,63
2025-12-20 04:39:16.678306,1,1,1,12,63
2025-12-20 04:39:19.488776,1,1,1,12,63
2025-12-20 04:39:22.401777,1,1,1,11,63
2025-12-20 04:39:25.267175,1,1,1,11,63
2025-12-20 04:39:28.065763,1,1,1,11,63
2025-12-20 04:39:31.926307,1,1,1,11,63
2025-12-20 04:39:35.234244,1,1,2,11,63
2025-12-20 04:39:38.695703,1,1,1,11,63
2025-12-20 04:39:41.505208,1,1,1,11,63
2025-12-20 04:39:44.414684,1,1,1,11,63
2025-12-20 04:39:47.221651,1,1,1,11,63
2025-12-20 04:39:51.030881,1,1,1,11,65
2025-12-20 04:39:55.390325,1,1,1,11,71
2025-12-20 04:39:58.300238,1,1,1,11,74
2025-12-20 04:40:01.059872,1,1,1,11,75
2025-12-20 04:40:04.971088,1,1,1,11,75
2025-12-20 04:40:07.880045,1,1,1,11,75
2025-12-20 04:40:10.687165,1,1,1,11,75
2025-12-20 04:40:14.496506,1,1,1,12,76
2025-12-20 04:40:18.356865,1,1,1,13,79
2025-12-20 04:40:21.877566,1,1,1,13,85
2025-12-20 04:40:24.673927,1,1,1,13,85
2025-12-20 04:40:27.556404,1,1,1,13,85
2025-12-20 04:40:31.393409,1,1,1,14,85
2025-12-20 04:40:34.705884,1,1,1,13,85
2025-12-20 04:40:38.513289,1,1,1,13,85
2025-12-20 04:40:41.471419,1,1,1,13,85
2025-12-20 04:40:45.881615,1,1,1,14,85
2025-12-20 04:40:48.695999,1,1,1,15,85
2025-12-20 04:40:51.550106,1,1,1,17,85
2025-12-20 04:40:55.410415,1,1,1,18,85
2025-12-20 04:40:58.719911,1,1,1,20,85
2025-12-20 04:41:02.079764,1,1,1,19,85
2025-12-20 04:41:04.988215,1,1,1,17,85
2025-12-20 04:41:07.896987,1,1,1,16,85
2025-12-20 04:41:10.717557,1,1,1,16,85
2025-12-20 04:41:14.516728,1,1,1,15,85
2025-12-20 04:41:18.376271,1,1,1,14,87
2025-12-20 04:41:22.133885,1,1,1,13,87
2025-12-20 04:41:25.944796,1,1,1,13,81
2025-12-20 04:41:29.253610,1,1,1,12,75
2025-12-20 04:41:33.113512,1,1,1,12,71
2025-12-20 04:41:36.026669,1,1,1,12,68
2025-12-20 04:41:39.933978,1,1,1,12,68
2025-12-20 04:41:42.744457,1,1,1,12,68
2025-12-20 04:41:45.553453,1,1,1,12,68
2025-12-20 04:41:49.414954,1,1,1,12,68
2025-12-20 04:41:52.723429,1,1,1,12,68
2025-12-20 04:41:56.533045,1,1,1,12,68
2025-12-20 04:42:00.392961,1,1,1,12,68
2025-12-20 04:42:04.150206,1,1,1,13,68
2025-12-20 04:42:07.060418,1,1,1,15,66
2025-12-20 04:42:10.468121,1,1,1,16,66
2025-12-20 04:42:13.331056,1,1,1,17,66
2025-12-20 04:42:16.138255,1,1,1,18,65
2025-12-20 04:42:19.996075,1,1,1,19,65
2025-12-20 04:42:24.408703,1,1,1,21,65
2025-12-20 04:42:27.768433,1,1,1,20,65
2025-12-20 04:42:30.579734,1,1,1,19,65
2025-12-20 04:42:34.488449,1,1,1,19,65
2025-12-20 04:42:37.348241,1,1,1,19,65
2025-12-20 04:42:40.160526,1,1,1,20,65
2025-12-20 04:42:44.016560,1,1,1,18,65
2025-12-20 04:42:46.977784,1,1,1,15,65
2025-12-20 04:42:50.287826,1,1,1,15,65
2025-12-20 04:42:54.148083,1,1,1,14,65
2025-12-20 04:42:57.058496,1,1,1,14,65
2025-12-20 04:43:00.415468,1,1,1,14,65
2025-12-20 04:43:04.175655,1,1,1,14,65
2025-12-20 04:43:07.085733,1,1,1,14,65
2025-12-20 04:43:10.494268,1,1,1,14,65
2025-12-20 04:43:13.359966,1,1,1,14,65
2025-12-20 04:43:16.160189,1,1,1,14,65
2025-12-20 04:43:20.021214,1,1,1,14,65
2025-12-20 04:43:23.331308,1,1,1,14,65
2025-12-20 04:43:27.139818,1,1,1,14,65
2025-12-20 04:43:30.051092,1,1,1,14,65
2025-12-20 04:43:33.961554,1,1,1,14,65
2025-12-20 04:43:36.770180,1,1,1,14,65
2025-12-20 04:43:39.628646,1,1,1,13,65
2025-12-20 04:43:43.492396,1,1,1,13,65
2025-12-20 04:43:46.805684,1,1,1,12,65
2025-12-20 04:43:49.607469,1,1,1,12,65
2025-12-20 04:43:52.516353,1,1,1,12,65
2025-12-20 04:43:55.375345,1,1,1,12,65
2025-12-20 04:43:58.186905,1,1,1,12,65
2025-12-20 04:44:02.046594,1,1,1,12,65
2025-12-20 04:44:05.354303,1,1,1,12,65
2025-12-20 04:44:08.164474,1,1,1,12,65
2025-12-20 04:44:11.073140,1,1,1,12,65
2025-12-20 04:44:13.982387,1,1,1,12,65
2025-12-20 04:44:16.793217,1,1,1,12,65
2025-12-20 04:44:20.600154,1,1,1,12,65
2025-12-20 04:44:24.462119,1,1,1,12,65
2025-12-20 04:44:27.822797,1,1,1,12,65
2025-12-20 04:44:30.631090,1,1,1,12,65
2025-12-20 04:44:34.539799,1,1,1,12,65
2025-12-20 04:44:37.399151,1,1,1,12,65
2025-12-20 04:44:40.212424,1,1,1,12,68
2025-12-20 04:44:44.068941,1,1,1,12,68
2025-12-20 04:44:47.029729,1,1,1,12,68
2025-12-20 04:44:50.336933,1,1,1,12,68
2025-12-20 04:44:54.198124,1,1,1,12,68
2025-12-20 04:44:57.135784,1,1,1,12,68
2025-12-20 04:45:00.464925,1,1,1,12,68
2025-12-20 04:45:04.225583,1,1,1,12,68
2025-12-20 04:45:08.085507,1,1,1,12,68
2025-12-20 04:45:10.995063,1,1,1,12,68
2025-12-20 04:45:13.803814,1,1,1,12,71
2025-12-20 04:45:17.663730,1,1,1,13,72
2025-12-20 04:45:20.575148,1,1,1,13,72
2025-12-20 04:45:23.382331,1,1,1,13,72
2025-12-20 04:45:27.191993,1,1,1,13,72
2025-12-20 04:45:30.102947,1,1,1,13,72
2025-12-20 04:45:34.012229,1,1,1,13,72
2025-12-20 04:45:36.821378,1,1,1,13,72
2025-12-20 04:45:39.681805,1,1,1,13,72
2025-12-20 04:45:43.539378,1,1,1,13,72
2025-12-20 04:45:46.849733,1,1,1,13,71
2025-12-20 04:45:49.662723,1,1,1,13,71
2025-12-20 04:45:52.569717,1,1,1,13,72
2025-12-20 04:45:55.427180,1,1,1,13,74
2025-12-20 04:45:58.235959,1,1,1,13,74
2025-12-20 04:46:02.098052,1,1,1,13,74
2025-12-20 04:46:05.405019,1,1,1,13,74
2025-12-20 04:46:08.816564,1,1,1,13,74
2025-12-20 04:46:11.675960,1,1,1,13,74
2025-12-20 04:46:14.586892,1,1,1,13,71
2025-12-20 04:46:17.399437,1,1,1,13,70
2025-12-20 04:46:21.203711,1,1,1,13,70
2025-12-20 04:46:25.561995,1,1,1,13,70
2025-12-20 04:46:28.472783,1,1,1,13,70
2025-12-20 04:46:31.232805,1,1,1,13,70
2025-12-20 04:46:35.143295,1,1,1,13,70
2025-12-20 04:46:38.051477,1,1,1,13,70
2025-12-20 04:46:40.860859,1,1,1,13,70
2025-12-20 04:46:44.670224,1,1,1,13,70
2025-12-20 04:46:48.077472,1,1,1,13,70
2025-12-20 04:46:51.439393,1,1,1,13,70
2025-12-20 04:46:54.249652,1,1,1,13,70
2025-12-20 04:46:57.164828,1,1,1,12,70
2025-12-20 04:47:00.518879,1,1,1,12,70
2025-12-20 04:47:04.281190,1,1,1,12,70
2025-12-20 04:47:08.135586,1,1,1,12,70
2025-12-20 04:47:11.047253,1,1,1,12,70
2025-12-20 04:47:13.856247,1,1,1,12,70
2025-12-20 04:47:17.716083,1,1,1,12,70
2025-12-20 04:47:20.625734,1,1,1,12,70
2025-12-20 04:47:23.435122,1,1,1,12,70
2025-12-20 04:47:27.245271,1,1,1,12,70
2025-12-20 04:47:31.264252,1,1,1,12,70
2025-12-20 04:47:35.165642,1,1,1,12,70
2025-12-20 04:47:38.078278,1,1,1,12,70
2025-12-20 04:47:40.882208,1,1,1,12,70
2025-12-20 04:47:44.691866,1,1,1,12,70
2025-12-20 04:47:48.557479,1,1,1,12,69
2025-12-20 04:47:51.859601,1,1,1,12,69
2025-12-20 04:47:54.719383,1,1,1,12,67
2025-12-20 04:47:58.634760,1,1,1,13,67
2025-12-20 04:48:01.487046,1,1,1,13,67
2025-12-20 04:48:04.298669,1,1,1,13,67
2025-12-20 04:48:08.158316,1,1,1,13,67
2025-12-20 04:48:11.119946,1,1,1,13,67
2025-12-20 04:48:14.437135,1,1,1,13,67
2025-12-20 04:48:18.284940,1,1,1,13,67
2025-12-20 04:48:21.197539,1,1,1,13,67
2025-12-20 04:48:24.562765,1,1,1,13,67
2025-12-20 04:48:28.323013,1,1,1,13,67
2025-12-20 04:48:31.231880,1,1,1,13,67
2025-12-20 04:48:34.632900,1,1,1,13,68
2025-12-20 04:48:37.492635,1,1,1,13,71
2025-12-20 04:48:40.308006,1,1,1,13,74
2025-12-20 04:48:44.162948,1,1,1,13,77
2025-12-20 04:48:47.472316,1,1,1,13,78
2025-12-20 04:48:51.308217,1,1,1,13,78
2025-12-20 04:48:55.243468,1,1,1,13,78
2025-12-20 04:48:58.653265,1,1,1,13,78
2025-12-20 04:49:01.513612,1,1,1,13,78
2025-12-20 04:49:04.321660,1,1,1,12,80
2025-12-20 04:49:08.179192,1,1,1,12,83
2025-12-20 04:49:11.490265,1,1,1,12,84
2025-12-20 04:49:14.299104,1,1,1,11,84
2025-12-20 04:49:17.207270,1,1,1,11,80
2025-12-20 04:49:20.117303,1,1,1,11,74
2025-12-20 04:49:22.926205,1,1,1,11,71
2025-12-20 04:49:26.742938,1,1,1,11,68
2025-12-20 04:49:30.595602,1,1,1,11,65
2025-12-20 04:49:33.953128,1,1,1,11,65
2025-12-20 04:49:36.763066,1,1,1,12,65
2025-12-20 04:49:40.676254,1,1,1,14,65
2025-12-20 04:49:43.532526,1,1,1,16,65
2025-12-20 04:49:46.342781,1,1,1,18,65
2025-12-20 04:49:50.201039,1,1,1,19,64
2025-12-20 04:49:53.161344,1,1,1,16,64
2025-12-20 04:49:56.471839,1,1,1,14,64
2025-12-20 04:50:00.331713,1,1,1,14,64
2025-12-20 04:50:03.242519,1,1,1,13,64
2025-12-20 04:50:06.599595,1,1,1,13,64
2025-12-20 04:50:10.361333,1,1,1,12,64
2025-12-20 04:50:13.268955,1,1,1,12,64
2025-12-20 04:50:16.678596,1,1,1,12,64
2025-12-20 04:50:19.538329,1,1,1,12,64
2025-12-20 04:50:22.347054,1,1,1,12,64
2025-12-20 04:50:26.208154,1,1,1,12,64
2025-12-20 04:50:29.517932,1,1,1,12,64
2025-12-20 04:50:33.327560,1,1,1,12,64
2025-12-20 04:50:36.237006,1,1,1,12,64
2025-12-20 04:50:40.151470,1,1,1,12,64
2025-12-20 04:50:42.957160,1,1,1,12,64
2025-12-20 04:50:45.814974,1,1,1,12,64
2025-12-20 04:50:49.674840,1,1,1,12,64
2025-12-20 04:50:52.984520,1,1,1,12,63
2025-12-20 04:50:55.792213,1,1,1,12,63
2025-12-20 04:50:58.706167,1,1,1,12,63
2025-12-20 04:51:01.563925,1,1,1,12,63
2025-12-20 04:51:04.374199,1,1,1,12,63
2025-12-20 04:51:08.231199,1,1,1,12,63
2025-12-20 04:51:11.545640,1,1,1,12,63
2025-12-20 04:51:14.350556,1,1,1,12,63
2025-12-20 04:51:17.259159,1,1,1,12,63
2025-12-20 04:51:20.169247,1,1,1,12,63
2025-12-20 04:51:22.978136,1,1,1,12,63
2025-12-20 04:51:26.786629,1,1,1,12,63
2025-12-20 04:51:30.647274,1,1,1,12,63
2025-12-20 04:51:34.006504,1,1,1,13,63
2025-12-20 04:51:36.814396,1,1,1,13,63
2025-12-20 04:51:40.723715,1,1,1,13,63
2025-12-20 04:51:43.585049,1,1,1,13,63
2025-12-20 04:51:46.393809,1,1,1,13,63
2025-12-20 04:51:50.253010,1,1,1,13,63
2025-12-20 04:51:53.221372,1,1,1,12,63
2025-12-20 04:51:56.522421,1,1,1,12,63
2025-12-20 04:52:00.387211,1,1,1,12,63
2025-12-20 04:52:03.294888,1,1,1,12,63
2025-12-20 04:52:06.659164,1,1,1,12,63
2025-12-20 04:52:10.411058,1,1,1,12,63
2025-12-20 04:52:14.272232,1,1,1,12,63
2025-12-20 04:52:17.180961,1,1,1,12,63
2025-12-20 04:52:19.989977,1,1,1,12,63
2025-12-20 04:52:23.856109,1,1,1,12,63
2025-12-20 04:52:26.760124,1,1,1,12,63
2025-12-20 04:52:29.568112,1,1,1,12,63
2025-12-20 04:52:33.383908,1,1,1,12,63
2025-12-20 04:52:36.288910,1,1,1,12,63
2025-12-20 04:52:40.207705,1,1,1,12,63
2025-12-20 04:52:43.007497,1,1,1,12,63
2025-12-20 04:52:45.870431,1,1,1,12,63
2025-12-20 04:52:49.731369,1,1,1,12,63
2025-12-20 04:52:53.036692,1,1,1,12,63
2025-12-20 04:52:55.845147,1,1,1,12,63
2025-12-20 04:52:58.755685,1,1,1,12,63
2025-12-20 04:53:01.614954,1,1,1,12,63
2025-12-20 04:53:04.423771,1,1,1,12,63
2025-12-20 04:53:08.283286,1,1,1,13,63
2025-12-20 04:53:11.593131,1,1,1,13,63
2025-12-20 04:53:14.402960,1,1,1,12,63
2025-12-20 04:53:17.311943,1,1,1,12,63
2025-12-20 04:53:20.224268,1,1,1,12,63
2025-12-20 04:53:23.030459,1,1,1,12,63
2025-12-20 04:53:26.838357,1,1,1,12,63
2025-12-20 04:53:30.698969,1,1,1,12,63
2025-12-20 04:53:34.056156,1,1,1,12,63
2025-12-20 04:53:36.871130,1,1,1,12,63
2025-12-20 04:53:40.775545,1,1,1,12,63
2025-12-20 04:53:43.634519,1,1,1,12,63
2025-12-20 04:53:46.451918,1,1,1,12,63
2025-12-20 04:53:50.308203,1,1,1,12,63
2025-12-20 04:53:53.615030,1,1,1,12,63
2025-12-20 04:53:56.424526,1,1,1,12,63
2025-12-20 04:53:59.333398,1,1,1,12,62
2025-12-20 04:54:02.241260,1,1,1,12,62
2025-12-20 04:54:05.053056,1,1,1,12,62
2025-12-20 04:54:08.867831,1,1,1,12,62
2025-12-20 04:54:12.720991,1,1,1,12,62
2025-12-20 04:54:16.230888,1,1,1,12,62
2025-12-20 04:54:19.054785,1,1,1,12,62
2025-12-20 04:54:21.897519,1,1,1,12,62
2025-12-20 04:54:25.756501,1,1,1,12,62
2025-12-20 04:54:29.067682,1,1,1,12,62
2025-12-20 04:54:32.879639,1,1,1,12,62
2025-12-20 04:54:35.834659,1,1,1,12,62
2025-12-20 04:54:40.246170,1,1,1,12,62
2025-12-20 04:54:43.054665,1,1,1,12,62
2025-12-20 04:54:45.914104,1,1,1,12,62
2025-12-20 04:54:49.776358,1,1,1,12,62
2025-12-20 04:54:53.084529,1,1,1,12,62
2025-12-20 04:54:56.441972,1,1,1,12,62
2025-12-20 04:54:59.352628,1,1,1,12,62
2025-12-20 04:55:02.263360,1,1,1,12,62
2025-12-20 04:55:05.073923,1,1,1,12,62
2025-12-20 04:55:08.880867,1,1,1,12,62
2025-12-20 04:55:12.743081,1,1,1,12,62
2025-12-20 04:55:16.501990,1,1,1,12,62
2025-12-20 04:55:20.310854,1,1,1,12,62
2025-12-20 04:55:23.622054,1,1,1,12,62
2025-12-20 04:55:27.428353,1,1,1,12,62
2025-12-20 04:55:31.787486,1,1,1,12,62
2025-12-20 04:55:35.100231,1,1,1,12,62
2025-12-20 04:55:38.914946,1,1,1,12,62
2025-12-20 04:55:41.815741,1,1,1,12,62
2025-12-20 04:55:44.628569,1,1,1,12,62
2025-12-20 04:55:48.488001,1,1,1,12,62
2025-12-20 04:55:51.396690,1,1,1,12,62
2025-12-20 04:55:54.753646,1,1,1,12,62
2025-12-20 04:55:58.514308,1,1,1,12,62
2025-12-20 04:56:01.425772,1,1,1,12,62
2025-12-20 04:56:04.830692,1,1,1,12,62
2025-12-20 04:56:07.691495,1,1,1,12,62
2025-12-20 04:56:10.502698,1,1,1,12,62
2025-12-20 04:56:14.361143,1,1,1,12,62
2025-12-20 04:56:17.719554,1,1,1,12,62
2025-12-20 04:56:21.491724,1,1,1,12,62
2025-12-20 04:56:24.392793,1,1,1,12,62
2025-12-20 04:56:28.308292,1,1,1,12,62
2025-12-20 04:56:31.108225,1,1,1,12,62
2025-12-20 04:56:33.974087,1,1,1,12,62
2025-12-20 04:56:37.827694,1,1,1,12,62
2025-12-20 04:56:40.736510,1,1,1,12,62
2025-12-20 04:56:43.504075,1,1,1,12,62
2025-12-20 04:56:47.407071,1,1,1,12,62
2025-12-20 04:56:50.317758,1,1,1,12,62
2025-12-20 04:56:53.124721,1,1,1,12,62
2025-12-20 04:56:56.933240,1,1,1,12,62
2025-12-20 04:57:00.793417,1,1,1,12,62
2025-12-20 04:57:04.303897,1,1,1,12,62
2025-12-20 04:57:07.114051,1,1,1,12,62
2025-12-20 04:57:09.973268,1,1,1,12,62
2025-12-20 04:57:13.832141,1,1,1,12,62
2025-12-20 04:57:17.142006,1,1,1,12,62
2025-12-20 04:57:20.952771,1,1,1,12,62
2025-12-20 04:57:23.875711,1,1,1,12,62
2025-12-20 04:57:26.668440,1,1,1,12,62
2025-12-20 04:57:30.529292,1,1,1,12,62
2025-12-20 04:57:33.440327,1,1,1,12,62
2025-12-20 04:57:36.797643,1,1,1,12,62
2025-12-20 04:57:40.562683,1,1,1,13,62
2025-12-20 04:57:43.465208,1,1,1,13,62
2025-12-20 04:57:46.883469,1,1,1,13,62
2025-12-20 04:57:49.734923,1,1,1,13,62
2025-12-20 04:57:52.544049,1,1,1,13,62
2025-12-20 04:57:56.404531,1,2,1,13,62
2025-12-20 04:57:59.719730,1,1,1,13,62
2025-12-20 04:58:04.022662,1,1,1,13,65
2025-12-20 04:58:07.833873,1,1,1,13,68
2025-12-20 04:58:11.143244,1,2,5,12,70
2025-12-20 04:58:14.952164,1,2,22,13,70
2025-12-20 04:58:18.811673,1,2,36,15,70
2025-12-20 04:58:22.572025,1,2,18,23,100
2025-12-20 04:58:26.431964,1,2,16,24,100
2025-12-20 04:58:29.343066,1,2,1,23,100
2025-12-20 04:58:32.152807,1,2,3,23,100
2025-12-20 04:58:36.019828,1,1,3,23,100
2025-12-20 04:58:38.924867,1,1,1,24,100
2025-12-20 04:58:41.731319,1,2,2,20,100
2025-12-20 04:58:45.542903,1,2,6,18,100
2025-12-20 04:58:48.453720,1,2,2,16,100
2025-12-20 04:58:52.365208,1,2,3,15,96
2025-12-20 04:58:55.205679,1,2,3,14,90
2025-12-20 04:58:58.031652,1,2,4,13,84
2025-12-20 04:59:01.892879,1,1,1,13,79
2025-12-20 04:59:06.952408,1,1,1,13,77
2025-12-20 04:59:10.364510,1,2,1,13,77
2025-12-20 04:59:13.173669,1,2,3,13,77
2025-12-20 04:59:16.033005,1,1,1,13,77
2025-12-20 04:59:19.890950,1,2,13,13,77
2025-12-20 04:59:23.703261,1,2,31,13,76
2025-12-20 04:59:28.165750,1,2,13,13,76
2025-12-20 04:59:31.074153,1,2,3,13,76
2025-12-20 04:59:34.932498,1,2,6,13,76
2025-12-20 04:59:37.794112,1,1,1,13,76
2025-12-20 04:59:40.601370,1,2,5,13,73
2025-12-20 04:59:44.472986,1,2,5,14,70
2025-12-20 04:59:47.771573,1,2,2,15,69
2025-12-20 04:59:50.632173,1,2,5,15,69
2025-12-20 04:59:53.491313,1,2,4,15,69
2025-12-20 04:59:56.401167,1,2,1,15,69
2025-12-20 04:59:59.210820,1,2,11,15,69
2025-12-20 05:00:03.023246,1,2,11,15,69
2025-12-20 05:00:06.442211,1,2,8,15,69
2025-12-20 05:00:09.789457,1,2,9,15,69
2025-12-20 05:00:12.598167,1,2,1,15,69
2025-12-20 05:00:15.509083,1,2,13,15,69
2025-12-20 05:00:18.868243,1,2,2,15,69
2025-12-20 05:00:22.628790,1,1,2,15,70
2025-12-20 05:00:25.537345,1,2,1,15,73
2025-12-20 05:00:28.952245,1,2,3,15,75
2025-12-20 05:00:31.804356,1,2,1,14,78
2025-12-20 05:00:34.666313,1,2,5,14,81
2025-12-20 05:00:38.475382,1,1,1,14,82
2025-12-20 05:00:41.783796,1,2,1,14,82
2025-12-20 05:00:45.596868,1,2,1,14,82
2025-12-20 05:00:48.506780,1,2,10,13,82
2025-12-20 05:00:52.415567,1,1,4,13,84
2025-12-20 05:00:55.225020,1,1,1,13,84
2025-12-20 05:00:58.140673,1,2,9,12,84
2025-12-20 05:01:01.945540,1,2,3,12,84
2025-12-20 05:01:05.456897,1,1,2,12,84
2025-12-20 05:01:08.765768,1,2,1,12,84
2025-12-20 05:01:13.578927,1,2,2,12,84
2025-12-20 05:01:17.438466,1,2,5,15,84
2025-12-20 05:01:20.248467,1,1,3,15,84
2025-12-20 05:01:24.157145,1,1,1,18,84
2025-12-20 05:01:27.517138,1,2,1,19,80
2025-12-20 05:01:30.878250,1,2,11,19,77
2025-12-20 05:01:34.637405,1,2,4,20,71
2025-12-20 05:01:38.495972,1,1,3,21,70
2025-12-20 05:01:41.807605,1,1,1,22,70
2025-12-20 05:01:45.615598,1,2,1,22,70
2025-12-20 05:01:48.528600,1,2,8,19,70
2025-12-20 05:01:52.439023,1,1,1,17,70
2025-12-20 05:01:55.247761,1,1,1,16,70
2025-12-20 05:01:58.157856,1,1,5,16,70
2025-12-20 05:02:01.965518,1,1,1,17,70
2025-12-20 05:02:05.281160,1,1,1,18,70
2025-12-20 05:02:08.089209,1,2,4,17,70
2025-12-20 05:02:10.994434,1,1,2,15,70
2025-12-20 05:02:13.852949,1,2,7,14,70
2025-12-20 05:02:16.712023,1,1,1,14,69
2025-12-20 05:02:20.521830,1,2,1,16,69
2025-12-20 05:02:24.935450,1,2,3,17,69
2025-12-20 05:02:28.294573,1,1,3,15,69
2025-12-20 05:02:31.106423,1,1,2,14,67
2025-12-20 05:02:35.973656,1,1,1,13,64
2025-12-20 05:02:39.288067,1,2,3,16,63
2025-12-20 05:02:42.188680,1,2,4,18,63
2025-12-20 05:02:45.599431,1,1,4,19,63
2025-12-20 05:02:49.958099,1,2,1,20,63
2025-12-20 05:02:53.265975,1,1,3,21,63
2025-12-20 05:02:57.076646,1,2,2,16,63
2025-12-20 05:03:00.936383,1,2,2,15,63
2025-12-20 05:03:04.695578,1,1,8,14,63
2025-12-20 05:03:08.556097,1,2,1,13,63
2025-12-20 05:03:11.467807,1,2,1,13,63
2025-12-20 05:03:14.275300,1,2,2,13,63
2025-12-20 05:03:18.132559,1,2,3,12,63
2025-12-20 05:03:21.052884,1,1,1,12,63
2025-12-20 05:03:23.854353,1,2,3,12,63
2025-12-20 05:03:27.661487,1,2,3,12,63
2025-12-20 05:03:30.573941,1,2,2,12,63
2025-12-20 05:03:34.483441,1,2,1,12,63
2025-12-20 05:03:37.302595,1,1,9,12,63
2025-12-20 05:03:40.203648,1,2,4,13,63
2025-12-20 05:03:44.014521,1,2,4,15,63
2025-12-20 05:03:47.324605,1,1,1,15,63
2025-12-20 05:03:50.132503,1,2,5,15,63
2025-12-20 05:03:53.045510,1,2,9,14,63
2025-12-20 05:03:55.903106,1,1,1,13,63
2025-12-20 05:03:58.711996,1,2,9,13,63
2025-12-20 05:04:02.573235,1,1,2,12,63
2025-12-20 05:04:05.881430,1,2,2,18,63
2025-12-20 05:04:08.740007,1,2,7,19,63
2025-12-20 05:04:11.607400,1,1,1,20,63
2025-12-20 05:04:14.508935,1,2,1,21,63
2025-12-20 05:04:17.320445,1,1,5,21,63
2025-12-20 05:04:21.629046,1,1,1,22,63
2025-12-20 05:04:25.005174,1,2,1,23,63
2025-12-20 05:04:28.501177,1,2,3,23,63
2025-12-20 05:04:31.309595,1,2,5,20,63
2025-12-20 05:04:34.220603,1,1,1,18,66
2025-12-20 05:04:38.027582,1,1,1,16,69
2025-12-20 05:04:41.344694,1,2,5,18,72
2025-12-20 05:04:45.647378,1,1,3,21,75
2025-12-20 05:04:49.065019,1,2,3,21,81
2025-12-20 05:04:51.916599,1,1,1,22,84
2025-12-20 05:04:54.733138,1,1,3,22,84
2025-12-20 05:04:57.643571,1,2,2,23,86
2025-12-20 05:05:00.998960,1,2,6,23,86
2025-12-20 05:05:05.357105,1,2,1,23,86
2025-12-20 05:05:08.167278,1,1,1,23,86
2025-12-20 05:05:11.077450,1,2,5,23,86
2025-12-20 05:05:13.939162,1,2,8,23,86
2025-12-20 05:05:16.746785,1,1,1,23,86
2025-12-20 05:05:20.606523,1,2,6,23,82
2025-12-20 05:05:23.964570,1,2,3,23,76
2025-12-20 05:05:26.779584,1,1,1,23,71
2025-12-20 05:05:29.634638,1,2,3,23,68
2025-12-20 05:05:32.546756,1,1,3,23,67
2025-12-20 05:05:35.353385,1,2,1,23,70
2025-12-20 05:05:39.161730,1,1,9,23,73
2025-12-20 05:05:43.023791,1,2,7,23,76
2025-12-20 05:05:46.531788,1,1,3,22,82
2025-12-20 05:05:49.342606,1,1,1,19,85
2025-12-20 05:05:52.200133,1,2,2,17,82
2025-12-20 05:05:56.063754,1,2,1,16,78
2025-12-20 05:05:59.370111,1,1,7,15,81
2025-12-20 05:06:03.681065,1,1,1,13,84
2025-12-20 05:06:08.740779,1,1,1,13,84
2025-12-20 05:06:11.650520,1,2,2,12,84
2025-12-20 05:06:14.563252,1,2,1,12,84
2025-12-20 05:06:17.369919,1,1,1,12,84
2025-12-20 05:06:21.179006,1,2,4,12,84
2025-12-20 05:06:25.038788,1,2,2,12,84
2025-12-20 05:06:28.948242,1,1,8,12,88
2025-12-20 05:06:31.758741,1,2,1,12,88
2025-12-20 05:06:35.668617,1,2,4,12,88
2025-12-20 05:06:38.578345,1,2,4,12,88
2025-12-20 05:06:41.394465,1,2,1,12,88
2025-12-20 05:06:45.197074,1,2,1,12,88
2025-12-20 05:06:48.105301,1,2,7,12,88
2025-12-20 05:06:50.919457,1,1,1,12,85
2025-12-20 05:06:54.782190,1,2,5,12,85
2025-12-20 05:06:57.688894,1,2,5,12,85
2025-12-20 05:07:01.051954,1,2,5,12,85
2025-12-20 05:07:04.812188,1,2,23,12,85
2025-12-20 05:07:08.615703,1,2,6,23,100
2025-12-20 05:07:11.925370,1,2,1,23,100
2025-12-20 05:07:16.286678,1,2,2,24,100
2025-12-20 05:07:20.108713,1,1,1,24,100
2025-12-20 05:07:23.403723,1,1,1,24,100
2025-12-20 05:07:27.213454,1,2,1,18,100
2025-12-20 05:07:30.171511,1,1,1,16,100
2025-12-20 05:07:34.581981,1,1,1,15,93
2025-12-20 05:07:37.392061,1,2,9,14,90
2025-12-20 05:07:40.261203,1,2,1,13,87
2025-12-20 05:07:44.120745,1,2,6,12,84
2025-12-20 05:07:47.421465,1,2,2,11,81
2025-12-20 05:07:51.229884,1,2,1,11,76
2025-12-20 05:07:54.140130,1,2,2,11,73
2025-12-20 05:07:56.947685,1,2,2,11,70
2025-12-20 05:08:02.310158,1,2,3,11,66
2025-12-20 05:08:05.170261,1,1,2,11,66
2025-12-20 05:08:08.031175,1,2,1,11,66
2025-12-20 05:08:11.846365,1,2,4,11,67
2025-12-20 05:08:14.702096,1,1,2,11,67
2025-12-20 05:08:17.613480,1,2,1,11,67
2025-12-20 05:08:20.420885,1,2,1,11,67
2025-12-20 05:08:24.281214,1,2,2,14,68
2025-12-20 05:08:27.190663,1,2,3,15,71
2025-12-20 05:08:31.051767,1,2,26,14,74
2025-12-20 05:08:34.813671,1,2,23,15,80
2025-12-20 05:08:38.672173,1,1,2,17,83
2025-12-20 05:08:41.981150,1,1,1,17,86
2025-12-20 05:08:45.793466,1,2,2,16,88
2025-12-20 05:08:50.152986,1,1,1,15,84
2025-12-20 05:08:53.012405,1,1,1,15,84
2025-12-20 05:08:55.821523,1,1,1,14,85
2025-12-20 05:08:59.735831,1,1,1,18,88
2025-12-20 05:09:02.642001,1,1,1,20,89
2025-12-20 05:09:05.455026,1,1,2,20,89
2025-12-20 05:09:09.259414,1,1,1,21,89
2025-12-20 05:09:12.222286,1,1,1,22,89
2025-12-20 05:09:16.632049,1,1,1,22,89
2025-12-20 05:09:19.437143,1,1,1,23,89
2025-12-20 05:09:22.297938,1,1,1,23,83
2025-12-20 05:09:26.156336,1,1,1,23,77
2025-12-20 05:09:29.464991,1,1,1,23,72
2025-12-20 05:09:32.824163,1,1,1,20,69
2025-12-20 05:09:35.785675,1,1,1,16,66
2025-12-20 05:09:39.196476,1,1,1,15,66
2025-12-20 05:09:42.006379,1,1,1,14,67
2025-12-20 05:09:45.816066,1,1,1,13,70
2025-12-20 05:09:50.174744,1,1,1,13,70
2025-12-20 05:09:55.241217,1,1,1,12,70
2025-12-20 05:09:58.645830,1,1,1,12,70
2025-12-20 05:10:01.454789,1,1,1,12,70
2025-12-20 05:10:04.313641,1,1,1,12,71
2025-12-20 05:10:08.178315,1,1,1,12,71
2025-12-20 05:10:11.982403,1,2,1,12,71
2025-12-20 05:10:14.795944,1,1,1,11,71
2025-12-20 05:10:18.212856,1,1,1,11,71
2025-12-20 05:10:21.013022,1,2,7,11,68
2025-12-20 05:10:24.872689,1,2,11,12,67
2025-12-20 05:10:27.782004,1,2,27,14,67
2025-12-20 05:10:31.142756,1,2,7,16,67
2025-12-20 05:10:34.921882,1,2,4,18,71
2025-12-20 05:10:38.711622,1,2,3,18,74
2025-12-20 05:10:42.019570,1,1,1,18,77
2025-12-20 05:10:45.830099,1,1,2,18,79
2025-12-20 05:10:49.692390,1,2,2,18,79
2025-12-20 05:10:52.520764,1,1,1,18,79
2025-12-20 05:10:55.862940,1,2,1,18,79
2025-12-20 05:10:59.685281,1,2,1,19,79
2025-12-20 05:11:02.484375,1,1,4,19,79
2025-12-20 05:11:06.349828,1,2,5,20,79
2025-12-20 05:11:09.254582,1,2,62,19,79
2025-12-20 05:11:12.060892,1,2,16,23,100
2025-12-20 05:11:15.521599,1,2,9,23,100
2025-12-20 05:11:18.330615,1,2,2,23,100
2025-12-20 05:11:21.242526,1,2,1,24,100
2025-12-20 05:11:24.050030,1,2,6,24,100
2025-12-20 05:11:27.868777,1,2,16,23,100
2025-12-20 05:11:32.219517,1,1,5,20,100
2025-12-20 05:11:35.531124,1,1,1,18,100
2025-12-20 05:11:38.388238,1,1,1,17,100
2025-12-20 05:11:41.252149,1,2,9,16,94
2025-12-20 05:11:44.108579,1,2,13,15,88
2025-12-20 05:11:46.916300,1,2,18,15,82
2025-12-20 05:11:50.776993,1,2,2,14,79
2025-12-20 05:11:54.085526,1,2,2,14,76
2025-12-20 05:11:57.495085,1,1,1,14,73
2025-12-20 05:12:00.357073,1,1,1,14,72
2025-12-20 05:12:03.268520,1,1,1,14,72
2025-12-20 05:12:06.074729,1,1,1,14,74
2025-12-20 05:12:10.387895,1,1,1,14,80
2025-12-20 05:12:13.294834,1,1,2,14,83
2025-12-20 05:12:16.705794,1,1,2,14,86
2025-12-20 05:12:19.519779,1,1,1,14,89
2025-12-20 05:12:22.442661,1,2,3,14,85
2025-12-20 05:12:26.235687,1,1,1,14,83
2025-12-20 05:12:29.547492,1,2,7,14,86
2025-12-20 05:12:33.006707,1,1,2,15,89
2025-12-20 05:12:35.817239,1,2,1,15,85
2025-12-20 05:12:38.728401,1,1,1,15,79
2025-12-20 05:12:41.537454,1,1,1,15,74
2025-12-20 05:12:45.347048,1,2,1,15,71
2025-12-20 05:12:49.207714,1,1,3,15,68
2025-12-20 05:12:52.716190,1,1,1,14,65
2025-12-20 05:12:55.528225,1,1,1,14,65
2025-12-20 05:12:58.439080,1,1,1,14,65
2025-12-20 05:13:02.246755,1,2,2,14,65
2025-12-20 05:13:05.556909,1,2,3,14,65
2025-12-20 05:13:09.864427,1,1,1,14,65
2025-12-20 05:13:14.226393,1,2,1,14,65
2025-12-20 05:13:17.536174,1,1,1,14,65
2025-12-20 05:13:21.348635,1,2,2,13,65
2025-12-20 05:13:25.205143,1,2,2,12,65
2025-12-20 05:13:28.964112,1,1,3,12,68
2025-12-20 05:13:32.842604,1,1,1,11,71
2025-12-20 05:13:36.282576,1,1,1,11,74
2025-12-20 05:13:39.092743,1,1,3,11,77
2025-12-20 05:13:43.003295,1,1,1,11,78
2025-12-20 05:13:45.869033,1,1,1,11,78
2025-12-20 05:13:49.226548,1,2,1,11,78
2025-12-20 05:13:52.981477,1,2,1,11,73
2025-12-20 05:13:56.844221,1,1,1,11,70
2025-12-20 05:13:59.755038,1,1,4,11,71
2025-12-20 05:14:02.567454,1,2,1,11,74
2025-12-20 05:14:06.436563,1,1,2,11,76
2025-12-20 05:14:09.332228,1,1,1,11,76
2025-12-20 05:14:12.143634,1,1,1,11,76
2025-12-20 05:14:14.972659,1,2,1,11,76
2025-12-20 05:14:17.860285,1,1,1,11,76
2025-12-20 05:14:20.779037,1,1,2,12,76
2025-12-20 05:14:23.579211,1,1,1,12,77
2025-12-20 05:14:27.389210,1,2,2,13,76
2025-12-20 05:14:31.247465,1,2,1,13,73
2025-12-20 05:14:35.208884,1,1,1,13,67
2025-12-20 05:14:38.017199,1,1,1,13,64
2025-12-20 05:14:41.880351,1,1,1,13,63
2025-12-20 05:14:44.788360,1,1,2,13,63
2025-12-20 05:14:47.597130,1,1,1,13,63
2025-12-20 05:14:51.404206,1,1,1,12,63
2025-12-20 05:14:55.270235,1,1,1,12,63
2025-12-20 05:14:58.775255,1,2,1,13,63
2025-12-20 05:15:01.584211,1,1,2,13,63
2025-12-20 05:15:04.494052,1,2,3,14,63
2025-12-20 05:15:08.305577,1,1,1,14,63
2025-12-20 05:15:11.614281,1,1,1,16,65
2025-12-20 05:15:14.973525,1,2,1,18,68
2025-12-20 05:15:18.385169,1,1,2,19,71
2025-12-20 05:15:22.803355,1,2,2,20,77
2025-12-20 05:15:25.611183,1,1,3,21,76
2025-12-20 05:15:28.513241,1,1,1,20,73
2025-12-20 05:15:32.324427,1,2,3,21,76
2025-12-20 05:15:36.034669,1,2,1,22,79
2025-12-20 05:15:38.895520,1,1,1,23,81
2025-12-20 05:15:41.805061,1,2,1,24,81
2025-12-20 05:15:44.621630,1,1,3,24,81
2025-12-20 05:15:48.478490,1,1,1,25,81
2025-12-20 05:15:51.396754,1,2,3,25,81
2025-12-20 05:15:55.944061,1,1,1,25,87
2025-12-20 05:15:59.805063,1,1,1,25,90
2025-12-20 05:16:02.615239,1,2,1,25,93
2025-12-20 05:16:06.527153,1,2,4,24,90
2025-12-20 05:16:09.384152,1,1,1,23,90
2025-12-20 05:16:12.198923,1,2,1,22,90
2025-12-20 05:16:15.003485,1,1,5,22,90
2025-12-20 05:16:17.914380,1,1,1,22,90
2025-12-20 05:16:20.824333,1,2,2,23,84
2025-12-20 05:16:23.635443,1,1,4,23,78
2025-12-20 05:16:27.442315,1,1,1,22,74
2025-12-20 05:16:31.306778,1,1,3,21,71
2025-12-20 05:16:34.663384,1,1,1,19,67
2025-12-20 05:16:37.472493,1,2,2,17,65
2025-12-20 05:16:41.383667,1,1,1,16,65
2025-12-20 05:16:44.242529,1,1,1,16,65
2025-12-20 05:16:47.101002,1,2,3,15,65
2025-12-20 05:16:50.913337,1,1,1,15,65
2025-12-20 05:16:53.822682,1,2,1,14,64
2025-12-20 05:16:56.632151,1,2,2,14,64
2025-12-20 05:17:00.542552,1,1,1,18,65
2025-12-20 05:17:03.401525,1,1,2,19,68
2025-12-20 05:17:06.209701,1,2,5,20,71
2025-12-20 05:17:10.523718,1,1,2,21,77
2025-12-20 05:17:13.380100,1,1,1,22,78
2025-12-20 05:17:16.239396,1,2,3,23,81
2025-12-20 05:17:19.100179,1,1,1,24,81
2025-12-20 05:17:21.965604,1,2,1,24,82
2025-12-20 05:17:25.322803,1,1,5,25,82
2025-12-20 05:17:29.079744,1,1,2,25,82
2025-12-20 05:17:31.948252,1,1,1,24,82
2025-12-20 05:17:34.848332,1,2,2,24,82
2025-12-20 05:17:37.670655,1,1,4,23,82
2025-12-20 05:17:40.579479,1,1,1,23,82
2025-12-20 05:17:44.379384,1,2,3,23,82
2025-12-20 05:17:47.687769,1,2,2,23,82
2025-12-20 05:17:50.496911,1,1,1,22,82
2025-12-20 05:17:53.458229,1,2,3,21,82
2025-12-20 05:17:56.868825,1,2,2,17,82
2025-12-20 05:17:59.679916,1,1,1,17,79
2025-12-20 05:18:03.486980,1,2,1,17,73
2025-12-20 05:18:07.348674,1,2,3,19,70
2025-12-20 05:18:10.657295,1,1,2,20,64
2025-12-20 05:18:13.567637,1,2,1,21,62
2025-12-20 05:18:16.433866,1,2,1,22,62
2025-12-20 05:18:19.286702,1,1,1,22,62
2025-12-20 05:18:22.144366,1,2,2,23,62
2025-12-20 05:18:26.611421,1,1,1,23,62
2025-12-20 05:18:30.915132,1,2,2,23,62
2025-12-20 05:18:34.276072,1,1,2,23,65
2025-12-20 05:18:37.134743,1,1,1,23,65
2025-12-20 05:18:40.004252,1,2,1,23,64
2025-12-20 05:18:43.357799,1,2,3,23,63
2025-12-20 05:18:47.121656,1,2,1,23,65
2025-12-20 05:18:51.576370,1,2,1,23,68
2025-12-20 05:18:54.891752,1,1,1,23,71
2025-12-20 05:18:57.694081,1,1,3,23,74
2025-12-20 05:19:00.556919,1,2,3,24,77
2025-12-20 05:19:03.466460,1,2,2,22,77
2025-12-20 05:19:07.929866,1,1,4,19,79
2025-12-20 05:19:11.289368,1,2,3,18,76
2025-12-20 05:19:14.147979,1,1,1,17,79
2025-12-20 05:19:17.464716,1,1,1,16,82
2025-12-20 05:19:20.318249,1,1,1,15,85
2025-12-20 05:19:23.179422,1,2,1,15,83
2025-12-20 05:19:26.992285,1,2,1,14,77
2025-12-20 05:19:30.353499,1,2,1,17,73
2025-12-20 05:19:33.160133,1,2,1,18,76
2025-12-20 05:19:36.022506,1,1,2,17,79
2025-12-20 05:19:38.932971,1,2,1,17,82
2025-12-20 05:19:43.342896,1,1,1,17,86
2025-12-20 05:19:46.103050,1,1,1,16,86
2025-12-20 05:19:49.013370,1,2,1,16,80
2025-12-20 05:19:52.925351,1,1,3,16,74
2025-12-20 05:19:55.733746,1,1,1,16,73
2025-12-20 05:19:58.645045,1,1,1,16,73
2025-12-20 05:20:02.965716,1,2,3,16,73
2025-12-20 05:20:06.269559,1,2,4,16,73
2025-12-20 05:20:10.075053,1,2,4,16,73
2025-12-20 05:20:13.939706,1,2,1,16,73
2025-12-20 05:20:16.748458,1,1,1,16,73
2025-12-20 05:20:19.756593,1,2,3,16,73
2025-12-20 05:20:22.566499,1,1,1,15,73
2025-12-20 05:20:26.425990,1,2,3,15,73
2025-12-20 05:20:29.735493,1,2,3,17,74
2025-12-20 05:20:34.046430,1,1,1,16,77
2025-12-20 05:20:37.405201,1,1,2,16,80
2025-12-20 05:20:41.217224,1,2,1,15,82
2025-12-20 05:20:44.025332,1,2,2,15,85
2025-12-20 05:20:46.934847,1,1,1,15,85
2025-12-20 05:20:49.744310,1,2,1,15,85
2025-12-20 05:20:52.604214,1,2,2,17,85
2025-12-20 05:20:56.463546,1,1,1,19,85
2025-12-20 05:21:01.427035,1,2,1,17,85
2025-12-20 05:21:04.333785,1,2,3,18,85
2025-12-20 05:21:07.151628,1,1,2,18,85
2025-12-20 05:21:10.061176,1,2,1,17,85
2025-12-20 05:21:13.423357,1,2,6,16,85
2025-12-20 05:21:17.175824,1,2,5,14,85
2025-12-20 05:21:20.084823,1,2,2,14,85
2025-12-20 05:21:23.944914,1,1,1,13,85
2025-12-20 05:21:26.751875,1,1,4,13,82
2025-12-20 05:21:30.662336,1,2,5,12,81
2025-12-20 05:21:33.521448,1,1,1,12,81
2025-12-20 05:21:36.332427,1,2,2,12,81
2025-12-20 05:21:40.141990,1,2,16,12,81
2025-12-20 05:21:43.051610,1,2,54,12,81
2025-12-20 05:21:46.961790,1,2,22,12,100
2025-12-20 05:21:49.770004,1,2,7,24,100
2025-12-20 05:21:52.678230,1,1,1,23,100
2025-12-20 05:21:56.487904,1,2,2,23,100
2025-12-20 05:21:59.797274,1,1,3,23,100
2025-12-20 05:22:02.615738,1,1,1,24,100
2025-12-20 05:22:05.516809,1,1,1,23,100
2025-12-20 05:22:08.377630,1,1,1,23,100
2025-12-20 05:22:11.245622,1,1,2,23,100
2025-12-20 05:22:15.047231,1,2,1,20,98
2025-12-20 05:22:18.368701,1,1,3,18,94
2025-12-20 05:22:21.166152,1,1,2,18,91
2025-12-20 05:22:25.077359,1,1,1,16,88
2025-12-20 05:22:28.988276,1,1,6,14,82
2025-12-20 05:22:31.803055,1,2,1,13,76
2025-12-20 05:22:34.658841,1,2,8,12,73
2025-12-20 05:22:38.067911,1,1,1,11,70
2025-12-20 05:22:40.979400,1,2,1,11,67
2025-12-20 05:22:43.789471,1,2,1,11,69
2025-12-20 05:22:46.647060,1,1,1,11,69
2025-12-20 05:22:50.516297,1,2,5,11,69
2025-12-20 05:22:53.818461,1,1,1,11,69
2025-12-20 05:22:57.178385,1,2,1,12,69
2025-12-20 05:23:00.088884,1,1,1,13,69
2025-12-20 05:23:03.007866,1,1,7,13,69
2025-12-20 05:23:05.808530,1,1,1,13,69
2025-12-20 05:23:10.126798,1,1,1,13,69
2025-12-20 05:23:13.479061,1,2,1,13,73
2025-12-20 05:23:16.789381,1,1,7,13,76
2025-12-20 05:23:19.700440,1,1,1,14,79
2025-12-20 05:23:23.557328,1,2,2,14,82
2025-12-20 05:23:26.417584,1,2,2,14,81
2025-12-20 05:23:29.227564,1,1,8,14,80
2025-12-20 05:23:33.087564,1,2,1,14,80
2025-12-20 05:23:36.548377,1,1,1,15,80
2025-12-20 05:23:39.359257,1,1,1,15,80
2025-12-20 05:23:43.215492,1,1,5,15,80
2025-12-20 05:23:46.128043,1,1,3,15,80
2025-12-20 05:23:49.488885,1,1,3,15,80
2025-12-20 05:23:53.246089,1,1,1,15,80
2025-12-20 05:23:56.106850,1,1,2,15,80
2025-12-20 05:23:59.022954,1,2,1,16,80
2025-12-20 05:24:01.828547,1,2,7,16,80
2025-12-20 05:24:04.689084,1,1,1,16,80
2025-12-20 05:24:08.546254,1,1,1,16,80
2025-12-20 05:24:11.864020,1,2,6,15,80
2025-12-20 05:24:14.713807,1,1,3,15,80
2025-12-20 05:24:17.575059,1,1,1,15,80
2025-12-20 05:24:20.434287,1,2,3,15,80
2025-12-20 05:24:23.244599,1,2,1,16,80
2025-12-20 05:24:27.102761,1,2,2,16,80
2025-12-20 05:24:30.412337,1,2,7,17,80
2025-12-20 05:24:33.273075,1,1,1,17,80
2025-12-20 05:24:36.132893,1,2,1,17,80
2025-12-20 05:24:39.044525,1,2,1,17,80
2025-12-20 05:24:41.853287,1,2,1,17,80
2025-12-20 05:24:46.162382,1,2,1,17,80
2025-12-20 05:24:49.523800,1,2,1,17,80
2025-12-20 05:24:53.033732,1,2,3,17,80
2025-12-20 05:24:55.844713,1,2,3,17,79
2025-12-20 05:24:58.705934,1,2,2,17,79
2025-12-20 05:25:02.561725,1,2,10,17,79
2025-12-20 05:25:05.873208,1,2,1,17,79
2025-12-20 05:25:10.179298,1,2,2,17,79
2025-12-20 05:25:14.540672,1,2,1,17,75
2025-12-20 05:25:17.861664,1,2,5,17,75
2025-12-20 05:25:21.660267,1,2,1,17,75
2025-12-20 05:25:25.521754,1,2,5,17,75
2025-12-20 05:25:29.278854,1,1,3,17,75
2025-12-20 05:25:33.140544,1,2,1,17,75
2025-12-20 05:25:36.050743,1,2,1,17,75
2025-12-20 05:25:38.864876,1,2,3,17,75
2025-12-20 05:25:42.720580,1,1,1,17,75
2025-12-20 05:25:45.630773,1,1,2,17,75
2025-12-20 05:25:48.439962,1,1,2,17,75
2025-12-20 05:25:52.250300,1,1,2,17,75
2025-12-20 05:25:55.160777,1,1,5,17,75
2025-12-20 05:25:59.089950,1,1,1,17,75
2025-12-20 05:26:01.880173,1,1,1,17,75
2025-12-20 05:26:04.792170,1,2,1,17,78
2025-12-20 05:26:08.601649,1,2,2,17,81
2025-12-20 05:26:11.910167,1,2,1,16,84
2025-12-20 05:26:14.767204,1,1,1,15,85
2025-12-20 05:26:17.628033,1,2,6,15,85
2025-12-20 05:26:20.486406,1,1,5,14,85
2025-12-20 05:26:23.347991,1,2,1,15,85
2025-12-20 05:26:27.156817,1,2,1,15,85
2025-12-20 05:26:30.467018,1,2,2,15,85
2025-12-20 05:26:33.376180,1,1,1,15,85
2025-12-20 05:26:36.207276,1,1,1,16,85
2025-12-20 05:26:39.095073,1,2,2,16,85
2025-12-20 05:26:41.906827,1,2,2,16,85
2025-12-20 05:26:45.716385,1,2,1,17,85
2025-12-20 05:26:49.575305,1,1,1,17,85
2025-12-20 05:26:53.084338,1,2,2,17,85
2025-12-20 05:26:55.899354,1,1,1,17,85
2025-12-20 05:26:58.755826,1,1,3,18,85
2025-12-20 05:27:02.615505,1,2,1,18,85
2025-12-20 05:27:05.923183,1,2,4,18,85
2025-12-20 05:27:09.734055,1,2,2,18,85
2025-12-20 05:27:12.647271,1,1,1,18,85
2025-12-20 05:27:15.455761,1,1,5,18,85
2025-12-20 05:27:19.315727,1,2,10,19,85
2025-12-20 05:27:22.226841,1,2,5,19,85
2025-12-20 05:27:25.584686,1,1,2,20,83
2025-12-20 05:27:28.952012,1,2,2,21,74
2025-12-20 05:27:31.806130,1,2,4,21,71
2025-12-20 05:27:35.664902,1,2,6,21,68
2025-12-20 05:27:38.524639,1,2,7,21,67
2025-12-20 05:27:41.383494,1,2,2,22,67
2025-12-20 05:27:45.194806,1,2,2,22,67
2025-12-20 05:27:48.505428,1,1,1,23,67
2025-12-20 05:27:51.365083,1,2,1,23,67
2025-12-20 05:27:54.223252,1,1,1,23,67
2025-12-20 05:27:57.131606,1,2,2,23,67
2025-12-20 05:27:59.940819,1,2,6,23,67
2025-12-20 05:28:04.249334,1,2,5,23,67
2025-12-20 05:28:07.162868,1,2,1,23,67
2025-12-20 05:28:10.521868,1,2,1,23,67
2025-12-20 05:28:13.381127,1,2,1,23,67
2025-12-20 05:28:16.241104,1,1,7,21,67
2025-12-20 05:28:19.602353,1,1,3,20,67
2025-12-20 05:28:23.361101,1,2,5,20,68
2025-12-20 05:28:26.771363,1,2,6,19,68
2025-12-20 05:28:29.696710,1,1,1,19,68
2025-12-20 05:28:32.539166,1,1,1,18,68
2025-12-20 05:28:35.349394,1,2,6,18,68
2025-12-20 05:28:39.210443,1,2,6,18,68
2025-12-20 05:28:42.518428,1,2,5,18,68
2025-12-20 05:28:46.377830,1,2,6,18,68
2025-12-20 05:28:49.239885,1,1,3,18,68
2025-12-20 05:28:53.167880,1,1,1,18,71
2025-12-20 05:28:55.958121,1,1,7,17,74
2025-12-20 05:28:58.866762,1,2,5,17,73
2025-12-20 05:29:02.678920,1,1,2,16,70
2025-12-20 05:29:07.639558,1,1,4,16,71
2025-12-20 05:29:10.548892,1,2,6,15,77
2025-12-20 05:29:13.357158,1,2,1,15,77
2025-12-20 05:29:16.268931,1,1,3,15,80
2025-12-20 05:29:19.627556,1,2,1,15,83
2025-12-20 05:29:23.388399,1,1,1,15,89
2025-12-20 05:29:26.796621,1,2,1,15,90
2025-12-20 05:29:29.706450,1,2,5,15,90
2025-12-20 05:29:32.566858,1,1,1,15,90
2025-12-20 05:29:35.380339,1,2,1,15,90
2025-12-20 05:29:39.248454,1,2,7,15,90
2025-12-20 05:29:42.557411,1,2,11,15,90
2025-12-20 05:29:46.005607,1,1,4,15,90
2025-12-20 05:29:48.819161,1,1,1,15,90
2025-12-20 05:29:51.727226,1,2,1,15,90
2025-12-20 05:29:54.535531,1,2,6,15,90
2025-12-20 05:29:58.349932,1,1,4,14,90
2025-12-20 05:30:02.208559,1,1,5,14,90
2025-12-20 05:30:05.574794,1,1,1,14,90
2025-12-20 05:30:08.927623,1,1,1,14,90
2025-12-20 05:30:11.737187,1,2,1,14,90
2025-12-20 05:30:14.598831,1,2,4,14,90
2025-12-20 05:30:17.407317,1,1,5,14,90
2025-12-20 05:30:21.267407,1,1,2,15,90
2025-12-20 05:30:24.178904,1,2,1,15,90
2025-12-20 05:30:26.989582,1,2,2,15,90
2025-12-20 05:30:30.897883,1,2,6,15,90
2025-12-20 05:30:33.757465,1,2,8,15,90
2025-12-20 05:30:36.567171,1,2,2,15,90
2025-12-20 05:30:40.377036,1,1,5,15,90
2025-12-20 05:30:43.288313,1,1,1,15,90
2025-12-20 05:30:47.196654,1,2,1,15,90
2025-12-20 05:30:50.014821,1,2,1,15,90
2025-12-20 05:30:52.919701,1,2,7,15,90
2025-12-20 05:30:56.728767,1,1,1,15,90
2025-12-20 05:31:00.038066,1,1,1,15,90
2025-12-20 05:31:02.849120,1,1,1,15,90
2025-12-20 05:31:05.757684,1,1,5,15,90
2025-12-20 05:31:09.068534,1,2,5,15,90
2025-12-20 05:31:11.925060,1,2,8,15,90
2025-12-20 05:31:14.785880,1,1,1,15,90
2025-12-20 05:31:20.296808,1,1,2,15,90
2025-12-20 05:31:23.207917,1,2,1,15,90
2025-12-20 05:31:26.018052,1,2,1,15,90
2025-12-20 05:31:28.877163,1,2,2,15,90
2025-12-20 05:31:32.737130,1,1,1,15,90
2025-12-20 05:31:36.047826,1,1,5,16,90
2025-12-20 05:31:39.411056,1,1,5,17,90
2025-12-20 05:31:42.317873,1,1,1,17,90
2025-12-20 05:31:45.227383,1,2,1,18,90
2025-12-20 05:31:48.038203,1,2,6,18,87
2025-12-20 05:31:52.347075,1,1,7,18,84
2025-12-20 05:31:55.707669,1,1,4,18,81
2025-12-20 05:31:59.219026,1,2,4,18,81
2025-12-20 05:32:02.025856,1,1,2,18,81
2025-12-20 05:32:04.884791,1,2,11,18,81
2025-12-20 05:32:08.747411,1,1,3,17,81
2025-12-20 05:32:12.053879,1,1,1,18,81
2025-12-20 05:32:15.866894,1,1,1,17,81
2025-12-20 05:32:19.324931,1,2,2,16,81
2025-12-20 05:32:23.235347,1,2,5,16,79
2025-12-20 05:32:26.043471,1,2,4,16,76
2025-12-20 05:32:28.955186,1,1,1,16,76
2025-12-20 05:32:32.764551,1,2,7,15,76
2025-12-20 05:32:36.072571,1,2,4,15,76
2025-12-20 05:32:39.433222,1,2,1,14,76
2025-12-20 05:32:42.343788,1,2,9,14,76
2025-12-20 05:32:45.255652,1,1,7,14,76
2025-12-20 05:32:48.065437,1,1,1,14,76
2025-12-20 05:32:52.370396,1,2,1,14,76
2025-12-20 05:32:55.732282,1,2,7,14,76
2025-12-20 05:32:59.491041,1,2,5,14,76
2025-12-20 05:33:03.301467,1,1,6,14,77
2025-12-20 05:33:06.608538,1,2,6,13,79
2025-12-20 05:33:10.970195,1,2,9,12,79
2025-12-20 05:33:14.777897,1,1,2,13,79
2025-12-20 05:33:18.088569,1,1,7,13,79
2025-12-20 05:33:21.897609,1,2,1,14,81
2025-12-20 05:33:24.807722,1,2,7,14,81
2025-12-20 05:33:27.615114,1,1,1,14,81
2025-12-20 05:33:32.927950,1,1,2,14,80
2025-12-20 05:33:35.842524,1,1,1,14,80
2025-12-20 05:33:38.698737,1,2,9,14,80
2025-12-20 05:33:42.513258,1,2,5,14,80
2025-12-20 05:33:45.369275,1,2,2,14,80
2025-12-20 05:33:48.278600,1,1,1,14,80
2025-12-20 05:33:51.087226,1,2,1,14,80
2025-12-20 05:33:55.000303,1,2,7,14,80
2025-12-20 05:33:57.857138,1,1,1,14,80
2025-12-20 05:34:00.666696,1,2,9,14,80
2025-12-20 05:34:03.484442,1,1,4,16,80
2025-12-20 05:34:06.394277,1,1,2,16,80
2025-12-20 05:34:09.296302,1,2,1,15,80
2025-12-20 05:34:12.105086,1,2,4,15,80
2025-12-20 05:34:16.414138,1,1,4,14,80
2025-12-20 05:34:20.325965,1,2,3,14,79
2025-12-20 05:34:23.686514,1,1,1,14,79
2025-12-20 05:34:26.496972,1,2,1,14,79
2025-12-20 05:34:30.406834,1,2,1,14,79
2025-12-20 05:34:33.316316,1,1,4,14,79
2025-12-20 05:34:36.126823,1,1,1,14,75
2025-12-20 05:34:39.488128,1,2,1,14,72
2025-12-20 05:34:42.402360,1,2,6,14,69
2025-12-20 05:34:45.307430,1,1,3,14,66
2025-12-20 05:34:48.117581,1,1,3,14,66
2025-12-20 05:34:51.927992,1,2,21,14,66
2025-12-20 05:34:55.788274,1,2,22,14,66
2025-12-20 05:34:59.298786,1,2,1,14,66
2025-12-20 05:35:02.110180,1,2,1,14,68
2025-12-20 05:35:04.967873,1,2,2,14,71
2025-12-20 05:35:08.328156,1,2,1,14,70
2025-12-20 05:35:11.136519,1,2,2,14,67
2025-12-20 05:35:14.548739,1,1,1,14,65
2025-12-20 05:35:18.959153,1,1,1,14,65
2025-12-20 05:35:21.869785,1,2,3,14,65
2025-12-20 05:35:24.680041,1,1,1,14,65
2025-12-20 05:35:28.492011,1,2,1,14,65
2025-12-20 05:35:32.351498,1,2,2,16,65
2025-12-20 05:35:35.711081,1,2,2,16,66
2025-12-20 05:35:38.521711,1,1,3,14,69
2025-12-20 05:35:42.430047,1,1,2,14,72
2025-12-20 05:35:45.341808,1,1,1,15,75
2025-12-20 05:35:48.152018,1,2,2,15,76
2025-12-20 05:35:51.959408,1,2,2,14,76
2025-12-20 05:35:54.870073,1,1,1,14,76
2025-12-20 05:35:57.677115,1,1,1,14,76
2025-12-20 05:36:01.587635,1,1,1,14,76
2025-12-20 05:36:04.898826,1,2,4,14,76
2025-12-20 05:36:07.758136,1,2,4,14,76
2025-12-20 05:36:10.570236,1,2,2,14,76
2025-12-20 05:36:13.427651,1,1,1,14,76
2025-12-20 05:36:17.339083,1,1,1,14,76
2025-12-20 05:36:20.148718,1,1,1,14,74
2025-12-20 05:36:23.063022,1,2,5,14,74
2025-12-20 05:36:26.868854,1,2,4,14,74
2025-12-20 05:36:30.177069,1,2,1,14,74
2025-12-20 05:36:33.037515,1,2,3,14,75
2025-12-20 05:36:35.896420,1,2,3,15,78
2025-12-20 05:36:38.754980,1,1,1,15,81
2025-12-20 05:36:41.566395,1,2,1,15,84
2025-12-20 05:36:45.424981,1,2,2,15,86
2025-12-20 05:36:48.740666,1,2,1,15,86
2025-12-20 05:36:51.594778,1,2,4,15,83
2025-12-20 05:36:54.454962,1,2,6,15,80
2025-12-20 05:36:57.366997,1,2,1,15,79
2025-12-20 05:37:00.172720,1,2,1,15,79
2025-12-20 05:37:03.982843,1,1,1,15,78
2025-12-20 05:37:07.841910,1,1,1,15,78
2025-12-20 05:37:11.202734,1,1,1,15,78
2025-12-20 05:37:14.064144,1,2,2,15,78
2025-12-20 05:37:17.918596,1,1,1,15,78
2025-12-20 05:37:20.778750,1,1,1,15,78
2025-12-20 05:37:23.639881,1,1,1,15,78
2025-12-20 05:37:27.448584,1,2,1,14,78
2025-12-20 05:37:30.759201,1,2,1,15,78
2025-12-20 05:37:33.617281,1,1,2,15,78
2025-12-20 05:37:36.483448,1,2,3,14,78
2025-12-20 05:37:39.388459,1,2,3,14,78
2025-12-20 05:37:42.196950,1,2,1,14,78
2025-12-20 05:37:46.507861,1,1,3,15,78
2025-12-20 05:37:51.467947,1,1,3,15,78
2025-12-20 05:37:54.377036,1,1,1,15,78
2025-12-20 05:37:57.187451,1,1,1,15,78
2025-12-20 05:38:01.098483,1,2,5,15,78
2025-12-20 05:38:03.958847,1,2,2,15,78
2025-12-20 05:38:06.767337,1,1,1,15,78
2025-12-20 05:38:10.225584,1,2,1,15,78
2025-12-20 05:38:13.088538,1,2,2,15,76
2025-12-20 05:38:15.946456,1,1,1,15,73
2025-12-20 05:38:18.760611,1,2,5,15,72
2025-12-20 05:38:22.566514,1,1,2,15,72
2025-12-20 05:38:26.426690,1,1,1,17,74
2025-12-20 05:38:29.786766,1,2,1,17,77
2025-12-20 05:38:32.657658,1,1,2,16,80
2025-12-20 05:38:36.505951,1,2,1,15,79
2025-12-20 05:38:39.416263,1,2,1,14,76
2025-12-20 05:38:42.226698,1,1,1,14,73
2025-12-20 05:38:46.536940,1,2,1,13,71
2025-12-20 05:38:50.397781,1,2,1,12,71
2025-12-20 05:38:53.207346,1,1,1,13,71
2025-12-20 05:38:56.067038,1,1,1,13,71
2025-12-20 05:38:59.976977,1,2,4,15,71
2025-12-20 05:39:02.846806,1,1,1,14,71
2025-12-20 05:39:05.645038,1,1,2,16,71
2025-12-20 05:39:09.501251,1,1,1,16,71
2025-12-20 05:39:12.765322,1,1,1,16,71
2025-12-20 05:39:16.577391,1,2,1,15,71
2025-12-20 05:39:20.438208,1,1,1,14,66
2025-12-20 05:39:23.248440,1,1,3,14,66
2025-12-20 05:39:27.759632,1,1,3,14,66
2025-12-20 05:39:31.617661,1,1,1,14,66
2025-12-20 05:39:34.529942,1,2,1,14,66
2025-12-20 05:39:37.889287,1,2,4,14,66
2025-12-20 05:39:41.647831,1,2,2,14,70
2025-12-20 05:39:45.508270,1,1,2,14,70
2025-12-20 05:39:49.517872,1,1,1,14,69
2025-12-20 05:39:53.430888,1,2,1,14,69
2025-12-20 05:39:56.239327,1,1,1,13,69
2025-12-20 05:39:59.149113,1,1,1,13,69
2025-12-20 05:40:02.956862,1,2,4,12,69
2025-12-20 05:40:06.767185,1,1,1,12,69
2025-12-20 05:40:10.628461,1,1,1,12,72
2025-12-20 05:40:14.898562,1,2,2,12,75
2025-12-20 05:40:17.457403,1,1,2,12,81
2025-12-20 05:40:20.259186,1,1,3,12,84
2025-12-20 05:40:23.119936,1,1,1,12,87
2025-12-20 05:40:26.981076,1,1,1,12,87
2025-12-20 05:40:29.839106,1,1,1,12,87
2025-12-20 05:40:32.699612,1,2,1,12,87
2025-12-20 05:40:36.559174,1,2,2,14,87
2025-12-20 05:40:39.473049,1,1,1,15,87
2025-12-20 05:40:42.296051,1,1,4,15,85
2025-12-20 05:40:46.597599,1,2,6,16,81
2025-12-20 05:40:51.499228,1,2,6,16,72
2025-12-20 05:40:55.361652,1,2,2,17,69
2025-12-20 05:40:58.170274,1,2,1,16,66
2025-12-20 05:41:01.031632,1,1,1,15,66
2025-12-20 05:41:04.391924,1,2,3,15,66
2025-12-20 05:41:07.703582,1,1,1,14,66
2025-12-20 05:41:11.013958,1,1,2,14,66
2025-12-20 05:41:13.870732,1,1,1,14,66
2025-12-20 05:41:16.681809,1,1,1,14,66
2025-12-20 05:41:19.592373,1,2,14,14,66
2025-12-20 05:41:23.504034,1,2,1,14,66
2025-12-20 05:41:26.510675,1,2,1,14,66
2025-12-20 05:41:29.876045,1,2,2,14,67
2025-12-20 05:41:32.680838,1,1,6,14,69
2025-12-20 05:41:36.591227,1,2,1,14,69
2025-12-20 05:41:39.501281,1,2,17,14,69
2025-12-20 05:41:42.309124,1,2,13,14,69
2025-12-20 05:41:46.116801,1,2,23,15,69
2025-12-20 05:41:49.026643,1,2,7,15,69
2025-12-20 05:41:51.838429,1,1,2,16,69
2025-12-20 05:41:55.747290,1,1,1,18,69
2025-12-20 05:41:58.607455,1,2,4,19,71
2025-12-20 05:42:01.968634,1,1,1,20,74
2025-12-20 05:42:07.542215,1,2,1,21,79
2025-12-20 05:42:10.888283,1,2,1,22,82
2025-12-20 05:42:13.698289,1,2,7,22,82
2025-12-20 05:42:16.609181,1,1,1,23,85
2025-12-20 05:42:19.968451,1,2,2,24,88
2025-12-20 05:42:24.332394,1,2,10,24,94
2025-12-20 05:42:27.687476,1,2,2,24,97
2025-12-20 05:42:30.599796,1,2,2,24,95
2025-12-20 05:42:33.508985,1,2,3,24,89
2025-12-20 05:42:36.330119,1,1,1,24,83
2025-12-20 05:42:40.631603,1,2,1,24,77
2025-12-20 05:42:43.991161,1,2,2,24,71
2025-12-20 05:42:47.347814,1,2,5,23,65
2025-12-20 05:42:50.158338,1,1,1,23,62
2025-12-20 05:42:54.067910,1,2,6,22,62
2025-12-20 05:42:56.925440,1,2,5,22,62
2025-12-20 05:42:59.792904,1,2,1,22,62
2025-12-20 05:43:03.596917,1,2,1,22,64
2025-12-20 05:43:06.905414,1,2,1,23,67
2025-12-20 05:43:09.714529,1,2,2,23,70
2025-12-20 05:43:12.623181,1,2,2,23,73
2025-12-20 05:43:15.539515,1,2,1,23,76
2025-12-20 05:43:18.344831,1,2,1,23,77
2025-12-20 05:43:22.153818,1,2,2,22,74
2025-12-20 05:43:25.112649,1,2,5,21,71
2025-12-20 05:43:29.522333,1,1,3,20,70
2025-12-20 05:43:32.330603,1,2,5,20,70
2025-12-20 05:43:35.243982,1,2,6,19,69
2025-12-20 05:43:39.052192,1,2,4,19,67
2025-12-20 05:43:42.364077,1,2,4,19,67
2025-12-20 05:43:46.772115,1,2,1,19,67
2025-12-20 05:43:50.080801,1,2,4,19,67
2025-12-20 05:43:52.940407,1,2,2,19,67
2025-12-20 05:43:55.798853,1,2,2,19,67
2025-12-20 05:43:58.660170,1,2,6,19,67
2025-12-20 05:44:02.020355,1,2,6,19,67
2025-12-20 05:44:05.779462,1,2,8,19,67
2025-12-20 05:44:09.588792,1,1,2,20,67
2025-12-20 05:44:12.897001,1,2,6,20,67
2025-12-20 05:44:16.708181,1,2,4,20,67
2025-12-20 05:44:20.570702,1,2,2,20,72
2025-12-20 05:44:23.378366,1,2,7,20,75
2025-12-20 05:44:26.739804,1,2,10,21,78
2025-12-20 05:44:30.649527,1,2,2,21,81
2025-12-20 05:44:33.558865,1,2,5,21,84
2025-12-20 05:44:36.367513,1,2,2,21,86
2025-12-20 05:44:40.684270,1,1,2,21,86
2025-12-20 05:44:44.039632,1,2,1,21,86
2025-12-20 05:44:47.799757,1,2,3,21,86
2025-12-20 05:44:50.676536,1,2,7,21,86
2025-12-20 05:44:53.566580,1,2,3,21,88
2025-12-20 05:44:56.378965,1,2,2,21,88
2025-12-20 05:44:59.236849,1,1,3,21,84
2025-12-20 05:45:03.095205,1,2,5,21,78
2025-12-20 05:45:06.416200,1,2,2,21,72
2025-12-20 05:45:09.265186,1,2,4,21,69
2025-12-20 05:45:12.123761,1,1,1,21,66
2025-12-20 05:45:14.986990,1,1,1,21,63
2025-12-20 05:45:17.845042,1,2,1,21,63
2025-12-20 05:45:21.654583,1,2,1,21,63
2025-12-20 05:45:24.964781,1,2,4,19,63
2025-12-20 05:45:27.821950,1,2,2,20,63
2025-12-20 05:45:30.681811,1,2,2,20,63
2025-12-20 05:45:33.590063,1,2,12,20,63
2025-12-20 05:45:36.400478,1,2,3,20,65
2025-12-20 05:45:40.208878,1,2,1,20,68
2025-12-20 05:45:44.071512,1,1,1,20,71
2025-12-20 05:45:47.379374,1,2,4,20,72
2025-12-20 05:45:50.237574,1,1,1,20,72
2025-12-20 05:45:54.147289,1,2,1,20,72
2025-12-20 05:45:57.008110,1,2,2,19,72
2025-12-20 05:45:59.819620,1,2,2,19,72
2025-12-20 05:46:03.677185,1,2,1,19,74
2025-12-20 05:46:06.586836,1,2,4,18,77
2025-12-20 05:46:09.397409,1,2,5,18,78
2025-12-20 05:46:13.260616,1,2,6,18,78
2025-12-20 05:46:16.170046,1,2,8,18,78
2025-12-20 05:46:18.975075,1,2,3,18,78
2025-12-20 05:46:22.785284,1,2,3,18,78
2025-12-20 05:46:25.695327,1,2,2,18,76
2025-12-20 05:46:29.613358,1,2,4,17,74
2025-12-20 05:46:32.415746,1,1,3,17,74
2025-12-20 05:46:35.338697,1,1,1,17,74
2025-12-20 05:46:39.136282,1,2,1,17,74
2025-12-20 05:46:42.446206,1,2,4,17,74
2025-12-20 05:46:45.254953,1,2,5,17,74
2025-12-20 05:46:48.166453,1,2,19,17,74
2025-12-20 05:46:51.024960,1,2,1,18,74
2025-12-20 05:46:53.884123,1,2,5,19,74
2025-12-20 05:46:57.694775,1,2,2,19,74
2025-12-20 05:47:01.554567,1,1,1,20,74
2025-12-20 05:47:04.816086,1,2,5,20,74
2025-12-20 05:47:07.726485,1,2,4,20,74
2025-12-20 05:47:11.632487,1,2,2,20,72
2025-12-20 05:47:14.441380,1,2,2,20,71
2025-12-20 05:47:17.350801,1,2,7,20,71
2025-12-20 05:47:21.159008,1,2,5,20,71
2025-12-20 05:47:24.621261,1,1,1,20,70
2025-12-20 05:47:27.433866,1,1,5,20,67
2025-12-20 05:47:31.344053,1,2,3,20,64
2025-12-20 05:47:34.201900,1,2,4,20,62
2025-12-20 05:47:37.021054,1,1,2,20,64
2025-12-20 05:47:40.819684,1,2,2,20,65
2025-12-20 05:47:43.745725,1,2,3,20,65
2025-12-20 05:47:47.641778,1,1,4,19,65
2025-12-20 05:47:50.449667,1,1,6,19,65
2025-12-20 05:47:53.310045,1,2,3,18,65
2025-12-20 05:47:57.168292,1,2,7,18,65
2025-12-20 05:48:00.479861,1,1,2,18,65
2025-12-20 05:48:03.339984,1,2,4,18,65
2025-12-20 05:48:06.202116,1,2,4,18,65
2025-12-20 05:48:09.059676,1,2,1,17,65
2025-12-20 05:48:11.871134,1,2,4,17,65
2025-12-20 05:48:15.741657,1,1,5,16,65
2025-12-20 05:48:19.098818,1,2,2,15,65
2025-12-20 05:48:21.847860,1,2,4,15,68
2025-12-20 05:48:24.771000,1,1,1,15,71
2025-12-20 05:48:27.670016,1,2,2,15,74
2025-12-20 05:48:30.486583,1,2,1,15,77
2025-12-20 05:48:34.788862,1,2,1,15,80
2025-12-20 05:48:38.706245,1,1,4,15,81
2025-12-20 05:48:42.061355,1,2,2,15,81
2025-12-20 05:48:44.886896,1,1,4,15,81
2025-12-20 05:48:48.782431,1,1,1,15,81
2025-12-20 05:48:51.693922,1,2,12,14,81
2025-12-20 05:48:54.501817,1,2,2,14,81
2025-12-20 05:48:57.310309,1,2,6,14,83
2025-12-20 05:49:00.221263,1,2,2,15,84
2025-12-20 05:49:03.082679,1,2,1,16,81
2025-12-20 05:49:05.946173,1,2,3,16,78
2025-12-20 05:49:09.752481,1,2,2,17,78
2025-12-20 05:49:13.061426,1,2,7,17,78
2025-12-20 05:49:15.869871,1,2,4,17,78
2025-12-20 05:49:18.780168,1,1,4,18,78
2025-12-20 05:49:21.691199,1,2,1,18,78
2025-12-20 05:49:24.500898,1,2,6,18,78
2025-12-20 05:49:28.811361,1,2,4,18,78
2025-12-20 05:49:32.171589,1,2,3,17,77
2025-12-20 05:49:35.681106,1,2,5,17,77
2025-12-20 05:49:38.494061,1,2,1,16,77
2025-12-20 05:49:41.349606,1,2,4,16,77
2025-12-20 05:49:45.207927,1,2,3,16,77
2025-12-20 05:49:48.519187,1,2,2,16,77
2025-12-20 05:49:52.827767,1,2,2,16,77
2025-12-20 05:49:57.187914,1,2,2,16,77
2025-12-20 05:50:00.498234,1,2,4,15,77
2025-12-20 05:50:04.806020,1,1,6,15,77
2025-12-20 05:50:08.167086,1,2,4,15,77
2025-12-20 05:50:11.924490,1,2,5,15,75
2025-12-20 05:50:15.786079,1,2,4,15,72
2025-12-20 05:50:19.796451,1,2,2,15,71
2025-12-20 05:50:23.710353,1,2,3,15,71
2025-12-20 05:50:26.514077,1,2,5,15,71
2025-12-20 05:50:29.430544,1,1,1,15,71
2025-12-20 05:50:33.235677,1,2,13,15,71
2025-12-20 05:50:36.543140,1,2,3,15,68
2025-12-20 05:50:40.003650,1,2,1,15,67
2025-12-20 05:50:42.814293,1,2,1,15,67
2025-12-20 05:50:45.722939,1,2,5,15,67
2025-12-20 05:50:48.535177,1,1,1,15,67
2025-12-20 05:50:52.342233,1,2,4,16,67
2025-12-20 05:50:56.212829,1,2,4,16,67
2025-12-20 05:51:00.164215,1,1,3,16,72
2025-12-20 05:51:02.929307,1,2,1,15,75
2025-12-20 05:51:06.833753,1,2,5,16,72
2025-12-20 05:51:09.754283,1,1,1,16,69
2025-12-20 05:51:12.552239,1,2,2,16,69
2025-12-20 05:51:16.363121,1,1,4,18,71
2025-12-20 05:51:19.772007,1,1,1,18,74
2025-12-20 05:51:23.133405,1,2,1,18,77
2025-12-20 05:51:25.950622,1,2,9,18,77
2025-12-20 05:51:28.855316,1,1,1,19,71
2025-12-20 05:51:32.211921,1,2,3,19,68
2025-12-20 05:51:35.979299,1,2,5,17,62
2025-12-20 05:51:39.430364,1,2,1,15,62
2025-12-20 05:51:42.291130,1,2,2,14,62
2025-12-20 05:51:45.151684,1,2,5,15,62
2025-12-20 05:51:47.961752,1,2,1,17,62
2025-12-20 05:51:52.909282,1,2,1,18,62
2025-12-20 05:51:55.128255,1,1,2,20,62
2025-12-20 05:51:59.089929,1,2,4,21,63
2025-12-20 05:52:02.549123,1,2,2,21,69
2025-12-20 05:52:05.407318,1,2,4,22,72
2025-12-20 05:52:09.267899,1,2,1,22,75
2025-12-20 05:52:12.581462,1,2,18,23,75
2025-12-20 05:52:16.387840,1,2,4,23,72
2025-12-20 05:52:19.796965,1,2,6,23,69
2025-12-20 05:52:24.157269,1,2,1,22,66
2025-12-20 05:52:27.018465,1,2,11,21,66
2025-12-20 05:52:30.877345,1,1,6,19,66
2025-12-20 05:52:33.786589,1,2,1,19,66
2025-12-20 05:52:36.594448,1,2,6,19,66
2025-12-20 05:52:40.853735,1,1,1,19,66
2025-12-20 05:52:44.228150,1,1,2,19,66
2025-12-20 05:52:47.974891,1,2,5,20,66
2025-12-20 05:52:51.835681,1,2,17,20,66
2025-12-20 05:52:55.146864,1,2,20,20,66
2025-12-20 05:52:58.952427,1,2,19,20,66
2025-12-20 05:53:03.310616,1,1,1,20,66
2025-12-20 05:53:06.171691,1,1,1,20,66
2025-12-20 05:53:08.981659,1,2,3,20,66
2025-12-20 05:53:12.890616,1,1,1,20,68
2025-12-20 05:53:15.802656,1,2,4,20,71
2025-12-20 05:53:18.609853,1,1,1,20,71
2025-12-20 05:53:22.919063,1,2,1,20,69
2025-12-20 05:53:26.781016,1,1,2,20,65
2025-12-20 05:53:29.599031,1,1,1,20,64
2025-12-20 05:53:32.452335,1,2,3,20,64
2025-12-20 05:53:36.361672,1,2,9,20,64
2025-12-20 05:53:39.219178,1,2,3,20,64
2025-12-20 05:53:42.081753,1,2,1,20,64
2025-12-20 05:53:44.887741,1,2,3,20,64
2025-12-20 05:53:47.801073,1,1,1,20,64
2025-12-20 05:53:50.608701,1,2,5,18,64
2025-12-20 05:53:53.479867,1,1,1,16,64
2025-12-20 05:53:57.330524,1,1,1,15,64
2025-12-20 05:54:01.142689,1,2,9,14,64
2025-12-20 05:54:04.601287,1,2,17,12,64
2025-12-20 05:54:07.511419,1,2,6,12,64
2025-12-20 05:54:10.367824,1,1,1,12,66
2025-12-20 05:54:13.178500,1,2,1,12,69
2025-12-20 05:54:17.490389,1,2,7,12,75
2025-12-20 05:54:20.401049,1,2,9,12,78
2025-12-20 05:54:24.262204,1,1,12,12,81
2025-12-20 05:54:27.073380,1,1,1,12,82
2025-12-20 05:54:30.930835,1,2,1,12,82
2025-12-20 05:54:33.843091,1,2,1,13,82
2025-12-20 05:54:36.651226,1,2,6,13,82
2025-12-20 05:54:39.461892,1,2,3,13,82
2025-12-20 05:54:42.371285,1,2,7,13,82
2025-12-20 05:54:45.231507,1,2,1,13,82
2025-12-20 05:54:48.040358,1,2,5,13,81
2025-12-20 05:54:51.901373,1,2,2,14,78
2025-12-20 05:54:55.210438,1,2,15,14,76
2025-12-20 05:54:58.019361,1,1,2,14,76
2025-12-20 05:55:00.931327,1,1,12,14,76
2025-12-20 05:55:03.840126,1,1,3,14,76
2025-12-20 05:55:06.648906,1,2,1,14,76
2025-12-20 05:55:10.460243,1,2,1,15,76
2025-12-20 05:55:14.318343,1,2,1,15,74
2025-12-20 05:55:17.829072,1,1,11,15,68
2025-12-20 05:55:20.638500,1,1,1,15,66
2025-12-20 05:55:23.497995,1,2,5,15,66
2025-12-20 05:55:27.357036,1,2,3,15,66
2025-12-20 05:55:30.668095,1,2,3,15,66
2025-12-20 05:55:34.979409,1,2,1,16,66
2025-12-20 05:55:39.337318,1,2,3,16,66
2025-12-20 05:55:42.646654,1,2,3,16,66
2025-12-20 05:55:46.454961,1,2,5,16,66
2025-12-20 05:55:50.316208,1,1,5,16,66
2025-12-20 05:55:54.076661,1,1,2,16,66
2025-12-20 05:55:57.935221,1,2,1,16,66
2025-12-20 05:56:01.944197,1,1,3,16,66
2025-12-20 05:56:05.854511,1,2,4,16,66
2025-12-20 05:56:08.663830,1,2,3,16,66
2025-12-20 05:56:11.585755,1,2,11,16,66
2025-12-20 05:56:15.384527,1,1,2,16,67
2025-12-20 05:56:18.694621,1,2,5,16,68
2025-12-20 05:56:22.055025,1,1,4,15,68
2025-12-20 05:56:24.964926,1,2,5,15,68
2025-12-20 05:56:27.873074,1,2,21,16,68
2025-12-20 05:56:30.681979,1,2,2,16,70
2025-12-20 05:56:34.991415,1,2,1,17,72
2025-12-20 05:56:38.349465,1,2,14,17,72
2025-12-20 05:56:43.911868,1,2,13,17,68
2025-12-20 05:56:47.821093,1,2,1,17,64
2025-12-20 05:56:51.082445,1,2,11,17,66
2025-12-20 05:56:54.992700,1,1,11,17,69
2025-12-20 05:56:57.903304,1,1,9,17,68
2025-12-20 05:57:00.711837,1,2,2,17,65
2025-12-20 05:57:04.081503,1,2,2,17,65
2025-12-20 05:57:06.986651,1,1,13,17,65
2025-12-20 05:57:09.894422,1,2,1,17,65
2025-12-20 05:57:12.701140,1,2,5,17,65
2025-12-20 05:57:16.511375,1,2,8,16,65
2025-12-20 05:57:20.369936,1,1,6,15,65
2025-12-20 05:57:23.728975,1,2,2,15,65
2025-12-20 05:57:26.589443,1,1,1,14,65
2025-12-20 05:57:30.448071,1,2,15,14,65
2025-12-20 05:57:33.306758,1,2,2,14,65
2025-12-20 05:57:36.170927,1,1,4,14,65
2025-12-20 05:57:39.976231,1,2,1,14,65
2025-12-20 05:57:43.288375,1,2,1,14,65
2025-12-20 05:57:46.096850,1,2,1,14,65
2025-12-20 05:57:49.019132,1,2,17,14,65
2025-12-20 05:57:51.916230,1,2,3,14,65
2025-12-20 05:57:54.722998,1,1,4,14,65
2025-12-20 05:57:58.532757,1,2,1,14,65
2025-12-20 05:58:02.392677,1,2,2,14,65
2025-12-20 05:58:05.904307,1,1,1,14,68
2025-12-20 05:58:08.714480,1,2,13,14,71
2025-12-20 05:58:11.580865,1,2,4,14,74
2025-12-20 05:58:15.431980,1,2,1,14,72
2025-12-20 05:58:18.741384,1,2,5,14,69
2025-12-20 05:58:23.052129,1,2,5,14,66
2025-12-20 05:58:27.414051,1,2,8,15,66
2025-12-20 05:58:30.730658,1,2,1,15,66
2025-12-20 05:58:34.532151,1,2,1,15,66
2025-12-20 05:58:38.390338,1,1,5,15,66
2025-12-20 05:58:42.151274,1,2,4,15,69
2025-12-20 05:58:46.010833,1,2,19,15,72
2025-12-20 05:58:48.920019,1,2,3,16,75
2025-12-20 05:58:51.730460,1,2,2,16,78
2025-12-20 05:58:55.645331,1,2,3,17,76
2025-12-20 05:58:58.501966,1,2,4,17,73
2025-12-20 05:59:01.312359,1,2,2,17,72
2025-12-20 05:59:05.116930,1,2,3,17,72
2025-12-20 05:59:08.930529,1,1,4,17,72
2025-12-20 05:59:11.738992,1,2,1,17,72
2025-12-20 05:59:14.629014,1,1,3,17,72
2025-12-20 05:59:18.509459,1,1,1,17,72
2025-12-20 05:59:21.369759,1,2,6,17,73
2025-12-20 05:59:24.176670,1,2,2,17,76
2025-12-20 05:59:27.037960,1,1,3,17,78
2025-12-20 05:59:29.946367,1,1,2,17,78
2025-12-20 05:59:32.756401,1,2,1,17,77
2025-12-20 05:59:35.666056,1,2,3,17,76
2025-12-20 05:59:39.476922,1,1,1,16,76
2025-12-20 05:59:42.785910,1,2,11,16,76
2025-12-20 05:59:45.644518,1,2,1,16,76
2025-12-20 05:59:48.506255,1,2,1,16,76
2025-12-20 05:59:51.362214,1,2,5,15,77
2025-12-20 05:59:54.172842,1,2,1,15,80
2025-12-20 05:59:58.033776,1,2,4,15,83
2025-12-20 06:00:01.341866,1,2,11,15,85
2025-12-20 06:00:04.152329,1,2,7,15,85
2025-12-20 06:00:07.073118,1,2,11,15,85
2025-12-20 06:00:09.977550,1,1,2,15,85
2025-12-20 06:00:12.780369,1,1,3,15,85
2025-12-20 06:00:16.588593,1,1,7,15,85
2025-12-20 06:00:20.448025,1,2,5,15,79
2025-12-20 06:00:23.808593,1,2,4,15,71
2025-12-20 06:00:26.620557,1,2,6,15,68
2025-12-20 06:00:30.526356,1,2,4,15,66
2025-12-20 06:00:33.386770,1,2,3,16,66
2025-12-20 06:00:36.196187,1,2,5,17,67
2025-12-20 06:00:40.056367,1,2,5,18,67
2025-12-20 06:00:43.569339,1,2,1,18,67
2025-12-20 06:00:47.976360,1,2,1,18,71
2025-12-20 06:00:50.789722,1,1,7,18,74
2025-12-20 06:00:53.645385,1,2,3,18,76
2025-12-20 06:00:57.506379,1,2,2,18,76
2025-12-20 06:01:00.815776,1,2,2,18,76
2025-12-20 06:01:04.185669,1,2,4,18,76
2025-12-20 06:01:07.084209,1,2,14,18,76
2025-12-20 06:01:09.993931,1,1,1,18,76
2025-12-20 06:01:12.817209,1,2,10,18,76
2025-12-20 06:01:16.614785,1,2,3,18,76
2025-12-20 06:01:20.474360,1,2,1,19,76
2025-12-20 06:01:24.434135,1,1,8,18,76
2025-12-20 06:01:27.193078,1,1,2,16,76
2025-12-20 06:01:31.105121,1,2,2,15,76
2025-12-20 06:01:34.015455,1,1,1,14,76
2025-12-20 06:01:36.822294,1,2,1,14,76
2025-12-20 06:01:40.632529,1,1,2,13,76
2025-12-20 06:01:44.041197,1,1,1,13,76
2025-12-20 06:01:47.401147,1,1,4,12,76
2025-12-20 06:01:50.212809,1,2,10,12,76
2025-12-20 06:01:53.122899,1,2,1,13,76
2025-12-20 06:01:56.482526,1,2,5,13,76
2025-12-20 06:02:00.241131,1,2,3,15,71
2025-12-20 06:02:04.104070,1,2,1,14,68
2025-12-20 06:02:07.014292,1,2,4,12,65
2025-12-20 06:02:09.821144,1,1,2,12,64
2025-12-20 06:02:13.680769,1,2,2,11,64
2025-12-20 06:02:16.597495,1,1,1,12,64
2025-12-20 06:02:19.400374,1,2,5,12,64
2025-12-20 06:02:23.362591,1,2,3,12,64
2025-12-20 06:02:27.226347,1,2,3,11,64
2025-12-20 06:02:31.131455,1,1,3,11,64
2025-12-20 06:02:34.047659,1,1,1,11,66
2025-12-20 06:02:36.862633,1,2,5,11,69
2025-12-20 06:02:40.658475,1,1,1,11,72
2025-12-20 06:02:44.118935,1,2,5,11,71
2025-12-20 06:02:47.429848,1,2,5,11,70
2025-12-20 06:02:50.292759,1,2,4,11,70
2025-12-20 06:02:54.747911,1,2,4,11,70
2025-12-20 06:02:58.062510,1,1,2,15,70
2025-12-20 06:03:00.879437,1,2,13,15,70
2025-12-20 06:03:04.231203,1,2,11,15,72
2025-12-20 06:03:07.137746,1,2,16,12,75
2025-12-20 06:03:10.048838,1,2,12,12,77
2025-12-20 06:03:12.856385,1,2,2,12,77
2025-12-20 06:03:16.666671,1,1,1,14,77
2025-12-20 06:03:20.525509,1,2,1,14,77
2025-12-20 06:03:23.885909,1,2,2,16,80
2025-12-20 06:03:26.696203,1,2,19,17,83
2025-12-20 06:03:30.624868,1,2,3,18,86
2025-12-20 06:03:33.464365,1,2,8,19,88
2025-12-20 06:03:36.272596,1,2,4,20,88
2025-12-20 06:03:40.138299,1,2,87,19,86
2025-12-20 06:03:43.492142,1,2,74,17,82
2025-12-20 06:03:46.368691,1,2,3,23,100
2025-12-20 06:03:49.164394,1,2,1,24,100
2025-12-20 06:03:52.073942,1,1,1,24,100
2025-12-20 06:03:54.882355,1,1,1,24,100
